{"status": "ok", "totalResults": 46, "articles": [{"source": {"id": "the-times-of-india", "name": "The Times of India"}, "author": "Agencies", "title": "Coronavirus cases spike in Germany, Netherlands", "description": "Rest of World News: The World Health Organization called the spread \"deeply concerning\" as several countries reported their first cases of the disease -- which has killed.", "url": "https://timesofindia.indiatimes.com/world/rest-of-world/coronavirus-cases-spike-in-germany-netherlands-death-toll-mounts-in-italy-iran/articleshow/74530736.cms", "urlToImage": "https://static.toiimg.com/thumb/msid-74530762,width-1070,height-580,imgsize-602087,resizemode-75,overlay-toi_sw,pt-32,y_pad-40/photo.jpg", "publishedAt": "2020-03-07T16:26:39Z", "content": "Copyright \u00a9 2020 Bennett, Coleman &amp; Co. Ltd. All rights reserved. For reprint rights: Times Syndication Service"}, {"source": {"id": "the-times-of-india", "name": "The Times of India"}, "author": "PTI", "title": "J&K: 2 coronavirus suspects have 'high viral load'", "description": "Two suspected coronavirus patients undergoing treatment at a hospital here were \"high viral-load cases\", the Jammu and Kashmir administration said on Saturday, while announcing an immediate suspension of all biometric attendance in the Union territory.", "url": "https://timesofindia.indiatimes.com/india/two-suspected-coronavirus-patients-suffering-from-high-viral-load/articleshow/74523097.cms", "urlToImage": "https://static.toiimg.com/thumb/msid-74523087,width-1070,height-580,imgsize-383479,resizemode-75,overlay-toi_sw,pt-32,y_pad-40/photo.jpg", "publishedAt": "2020-03-07T05:59:59Z", "content": "Copyright \u00a9 2020 Bennett, Coleman &amp; Co. Ltd. All rights reserved. For reprint rights: Times Syndication Service"}, {"source": {"id": "the-times-of-india", "name": "The Times of India"}, "author": "Economic Times", "title": "Coronavirus Live: US reports 300 confirmed cases", "description": "Coronavirus Live: US reports 300 confirmed casesThe number of confirmed coronavirus infections globally has surpassed 101,000, with more than 3,400 deaths and 55,800 recoveries.", "url": "https://economictimes.indiatimes.com/news/politics-and-nation/coronavirus-cases-in-india-live-news-latest-updates-march7/liveblog/74521024.cms", "urlToImage": "https://img.etimg.com/thumb/msid-74521024,width-600,resizemode-4,imglength-136277/news/politics-and-nation/coronavirus-cases-in-india-live-news-latest-updates-march7.jpg", "publishedAt": "2020-03-07T01:04:32Z", "content": "The number of confirmed coronavirus infections globally has surpassed 101,000, with more than 3,400 deaths and 55,800 recoveries."}, {"source": {"id": "the-times-of-india", "name": "The Times of India"}, "author": "Bloomberg", "title": "How the rich are preparing for coronavirus", "description": "How the rich are preparing for coronavirusResources like money, transportation and information give people head starts on protective and preventive measures.", "url": "https://economictimes.indiatimes.com/magazines/panache/can-we-get-a-vaccine-early-how-the-rich-are-preparing-for-coronavirus/articleshow/74527603.cms", "urlToImage": "https://img.etimg.com/thumb/msid-74527697,width-1070,height-580,imgsize-609536,overlay-etpanache/photo.jpg", "publishedAt": "2020-03-07T12:27:18Z", "content": "By Max AbelsonOne investor may fly to Idaho with or without family. A doctor in a Colorado ski town is soothing wealthy clients who want a cure. And one New Yorker called up the hospital with his name on it.\r\nLike everyone across the U.S., the rich are bracin\u2026 [+7972 chars]"}, {"source": {"id": "the-times-of-india", "name": "The Times of India"}, "author": "New York Times", "title": "Coronavirus outbreak: How to quarantine yourself", "description": "If you are among the thousands of Americans now self-quarantined because of possible infection with the coronavirus, these are a few of the new house rules, courtesy of your local health officials and the Centers for Disease Control and Prevention.", "url": "https://economictimes.indiatimes.com/news/international/world-news/coronavirus-outbreak-how-to-quarantine-yourself/articleshow/74524605.cms", "urlToImage": "https://img.etimg.com/thumb/msid-74524694,width-1070,height-580,imgsize-528770,overlay-economictimes/photo.jpg", "publishedAt": "2020-03-07T08:23:52Z", "content": "By Roni Caryn RabinStay home unless you must see a doctor. No work, school or shopping. If you must come out of your room, wear a mask. And don\u2019t share towels.\r\nIf you are among the thousands of Americans now self-quarantined because of possible infection wit\u2026 [+6637 chars]"}, {"source": {"id": "the-times-of-india", "name": "The Times of India"}, "author": "PTI", "title": "Coronavirus: Death toll crosses 3,000 in China, cases surpass 100,000 globally", "description": "The virus that first emerged in China in December last year has spread to 97 countries and has infected 102,180 people, including 80,651 in China, according to the Johns Hopkins Coronavirus tracker.", "url": "https://economictimes.indiatimes.com/news/international/world-news/coronavirus-death-toll-crosses-3000-in-china-cases-surpass-100000-globally/articleshow/74522977.cms", "urlToImage": "https://img.etimg.com/thumb/msid-74523011,width-1070,height-580,imgsize-465432,overlay-economictimes/photo.jpg", "publishedAt": "2020-03-07T05:48:24Z", "content": "Beijing: China has reported 28 new fatalities from the deadly coronavirus outbreak, taking the death toll in the country to 3,070, Chinese health officials said on Saturday as the rapid spread of the epidemic hit a milestone, infecting more than 100,000 peopl\u2026 [+3292 chars]"}, {"source": {"id": "the-times-of-india", "name": "The Times of India"}, "author": "Reuters", "title": "Twenty-one people test positive for coronavirus aboard cruise ship off San Francisco", "description": "Twenty-one people tested positive for coronavirus on Friday aboard a ship that was denied entry to San Francisco Bay after a number of passengers and crew developed flu-like symptoms on the vessel, which had been linked to infections from an earlier voyage.", "url": "https://economictimes.indiatimes.com/news/international/world-news/twenty-one-people-test-positive-for-coronavirus-aboard-cruise-ship-off-san-francisco/articleshow/74522790.cms", "urlToImage": "https://img.etimg.com/thumb/msid-74522912,width-1070,height-580,imgsize-578558,overlay-economictimes/photo.jpg", "publishedAt": "2020-03-07T05:31:27Z", "content": "Twenty-one people tested positive for coronavirus on Friday aboard a ship that was denied entry to San Francisco Bay after a number of passengers and crew developed flu-like symptoms on the vessel, which had been linked to infections from an earlier voyage.\r\n\u2026 [+4934 chars]"}, {"source": {"id": "the-times-of-india", "name": "The Times of India"}, "author": "PTI", "title": "Appeal to people to stay away from rumours regarding coronavirus: PM Modi", "description": "Modi was interacting with owners of Jan Aushadhi Kendras and beneficiaries of the Pradhan Mantri Bhartiya Janaushadhi Pariyojna (PMBJP) through video conference. \"I appeal to my fellow countrymen to stay away from rumours regarding coronavirus,\" Modi said.", "url": "https://economictimes.indiatimes.com/news/politics-and-nation/appeal-to-people-to-stay-away-from-rumours-regarding-coronavirus-pm-modi/articleshow/74523745.cms", "urlToImage": "https://img.etimg.com/thumb/msid-74523962,width-1070,height-580,imgsize-487110,overlay-economictimes/photo.jpg", "publishedAt": "2020-03-07T07:06:48Z", "content": "New Delhi: Prime Minister Narendra Modi on Saturday asked people to stay away from rumours regarding coronavirus and emphasised on the need to follow the advice of doctors in this regard.\r\nHe also asked people to avoid handshakes and start greeting others wit\u2026 [+742 chars]"}, {"source": {"id": "the-times-of-india", "name": "The Times of India"}, "author": "PTI", "title": "Barring Italian couple, all suspected coronavirus cases show negative test results in Rajasthan", "description": "After the confirmation of coronavirus in the elderly Italian couple, who was part of a group of tourists that visited Jhunjhunu, Bikaner, Jaisalmer, Jodhpur, Udaipur and Jaipur from February 21 to 28, samples of those who came in contact with them were taken.\u2026", "url": "https://economictimes.indiatimes.com/news/politics-and-nation/barring-italian-couple-all-suspected-coronavirus-cases-show-negative-test-results-in-rajasthan/articleshow/74523852.cms", "urlToImage": "https://img.etimg.com/thumb/msid-74523948,width-1070,height-580,imgsize-570750,overlay-economictimes/photo.jpg", "publishedAt": "2020-03-07T07:01:44Z", "content": "JAIPUR: Barring those of an Italian couple, all the samples collected from suspected coronavirus cases in Rajasthan have tested negative, an official said. \"The total number of samples tested so far is 282. Of those, 280 have tested negative and two positive \u2026 [+632 chars]"}, {"source": {"id": "the-times-of-india", "name": "The Times of India"}, "author": "Reuters", "title": "South Korea's coronavirus cases rise to 6,767 with most cases traced to church", "description": "The number of people infected with the contagious disease has spiked in South Korea since mid-February when a 61-year-old woman known as \"Patient 31\" tested positive after attending religious services at a branch of the Shincheonji Church of Jesus in the sout\u2026", "url": "https://economictimes.indiatimes.com/news/international/world-news/south-koreas-coronavirus-cases-rise-to-6767-with-most-cases-traced-to-church/articleshow/74524331.cms", "urlToImage": "https://img.etimg.com/thumb/msid-74524328,width-1070,height-580,imgsize-1001698,overlay-economictimes/photo.jpg", "publishedAt": "2020-03-07T07:31:34Z", "content": "SEOUL: South Korea's coronavirus cases rose to 6,767 on Saturday, up by 174 from late Friday, with more than 60% of the total cases linked to a secretive church at the centre of the country's outbreak, health authorities said.\r\nThe death toll also rose to 46 \u2026 [+2156 chars]"}, {"source": {"id": "the-times-of-india", "name": "The Times of India"}, "author": null, "title": "Coronavirus: Will consuming alcohol protect you? - Drinking alcohol will not protect you from COVID-19: WHO - Economic Times", "description": "With 31 individuals diagnosed with the deadly novel coronavirus (COVID-19) in India, everyone seems to be going into a state of panic. And as a fallout, people are believing just about anything and everything they are coming across on the internet. Among seve\u2026", "url": "https://economictimes.indiatimes.com/news/politics-and-nation/coronavirus-will-consuming-alcohol-protect-you/drinking-alcohol-will-not-protect-you-from-covid-19-who/slideshow/74524996.cms", "urlToImage": "https://img.etimg.com/thumb/msid-74524996,width-1070,height-580,overlay-economictimes/photo.jpg", "publishedAt": "2020-03-07T08:37:00Z", "content": "07 Mar 2020, 02:07 PM IST\r\nWith 31 individuals diagnosed with the deadly novel coronavirus (COVID-19) in India, everyone seems to be going into a state of panic. And as a fallout, people are believing just about anything and everything they are coming across \u2026 [+1255 chars]"}, {"source": {"id": "the-times-of-india", "name": "The Times of India"}, "author": "PTI", "title": "Coronavirus outbreak made global scenario more complex: Rajnath Singh", "description": "India News: NEW DELHI: The novel coronavirus outbreak has made international scenario more complex, defence minister Rajnath Singh said on Saturday, emphasising o.", "url": "https://timesofindia.indiatimes.com/india/coronavirus-outbreak-made-global-scenario-more-complex-rajnath-singh/articleshow/74525265.cms", "urlToImage": "https://static.toiimg.com/thumb/msid-74525263,width-1070,height-580,imgsize-123804,resizemode-75,overlay-toi_sw,pt-32,y_pad-40/photo.jpg", "publishedAt": "2020-03-07T08:41:44Z", "content": null}, {"source": {"id": "the-times-of-india", "name": "The Times of India"}, "author": "ANI", "title": "Unique bid by government to raise awareness about coronavirus", "description": "India News: NEW DELHI: In a unique bid to raise awareness about how to prevent the spread of coronavirus, the central government is reaching out to the people wit.", "url": "https://timesofindia.indiatimes.com/india/unique-bid-by-government-to-raise-awareness-about-coronavirus/articleshow/74524962.cms", "urlToImage": "https://static.toiimg.com/thumb/msid-74524951,width-1070,height-580,imgsize-257581,resizemode-75,overlay-toi_sw,pt-32,y_pad-40/photo.jpg", "publishedAt": "2020-03-07T08:14:40Z", "content": "Copyright \u00a9 2020 Bennett, Coleman &amp; Co. Ltd. All rights reserved. For reprint rights: Times Syndication Service"}, {"source": {"id": "the-times-of-india", "name": "The Times of India"}, "author": "PTI", "title": "52 labs made functional across India for coronavirus testing", "description": "In the wake of 34 confirmed cases of coronavirus in India so far, the Union health ministry has made functional 52 laboratories for testing samples while 57 labs have been designated for helping in sample collection for COVID-19\u00c2 to enhance capacity for diagn\u2026", "url": "https://timesofindia.indiatimes.com/india/52-labs-made-functional-across-india-for-coronavirus-testing/articleshow/74528921.cms", "urlToImage": "https://static.toiimg.com/thumb/msid-74529060,width-1070,height-580,imgsize-225794,resizemode-75,overlay-toi_sw,pt-32,y_pad-40/photo.jpg", "publishedAt": "2020-03-07T13:50:37Z", "content": "Copyright \u00a9 2020 Bennett, Coleman &amp; Co. Ltd. All rights reserved. For reprint rights: Times Syndication Service"}, {"source": {"id": "the-times-of-india", "name": "The Times of India"}, "author": "TIMESOFINDIA.COM", "title": "Coronavirus in India: Government issues fresh travel advisory", "description": "India News: NEW DELHI: The government on Saturday issued a fresh travel advisory for citizens in order to prevent the spread of coronavirus (Covid-19) in the coun.", "url": "https://timesofindia.indiatimes.com/india/coronavirus-in-india-government-issues-fresh-travel-advisory/articleshow/74526906.cms", "urlToImage": "https://static.toiimg.com/thumb/msid-74526939,width-1070,height-580,imgsize-264429,resizemode-75,overlay-toi_sw,pt-32,y_pad-40/photo.jpg", "publishedAt": "2020-03-07T10:50:49Z", "content": "Copyright \u00a9 2020 Bennett, Coleman &amp; Co. Ltd. All rights reserved. For reprint rights: Times Syndication Service"}, {"source": {"id": "the-times-of-india", "name": "The Times of India"}, "author": "PTI", "title": "Coronavirus: UP governor cancels annual Holi Milan programme", "description": "India News: LUCKNOW: In view of coronavirus, Uttar Pradesh governor Anandiben Patel has cancelled the March 9 'Holi Milan' programme as a preventive measure, the .", "url": "https://timesofindia.indiatimes.com/india/coronavirus-up-governor-cancels-annual-holi-milan-programme/articleshow/74527467.cms", "urlToImage": "https://static.toiimg.com/thumb/msid-74527477,width-1070,height-580,imgsize-135788,resizemode-75,overlay-toi_sw,pt-32,y_pad-40/photo.jpg", "publishedAt": "2020-03-07T11:36:19Z", "content": null}, {"source": {"id": "the-times-of-india", "name": "The Times of India"}, "author": "PTI", "title": "Coronavirus: PM Modi holds review meeting, asks officials to ensure sufficient quarantine, critical care facilities", "description": "Prime Minister Narendra Modi reviewed the coronavirus situation in the country at a meeting with officials on Saturday and directed them to identify locations for sufficient quarantine facilities and make provisions for critical care in case the disease sprea\u2026", "url": "https://timesofindia.indiatimes.com/india/coronavirus-pm-modi-holds-review-meeting-asks-officials-to-ensure-sufficient-quarantine-critical-care-facilities/articleshow/74528105.cms", "urlToImage": "https://static.toiimg.com/thumb/msid-74528219,width-1070,height-580,imgsize-166738,resizemode-75,overlay-toi_sw,pt-32,y_pad-40/photo.jpg", "publishedAt": "2020-03-07T12:36:30Z", "content": "Copyright \u00a9 2020 Bennett, Coleman &amp; Co. Ltd. All rights reserved. For reprint rights: Times Syndication Service"}, {"source": {"id": "the-times-of-india", "name": "The Times of India"}, "author": "PTI", "title": "3 more positive coronavirus cases in India, total goes up to 34: Health ministry", "description": "India News: NEW DELHI: Three more positive cases of novel coronavirus have been reported in India taking the total number of confirmed cases to 34, Union health m.", "url": "https://timesofindia.indiatimes.com/india/3-more-positive-coronavirus-cases-in-india-total-goes-up-to-34-health-ministry/articleshow/74528893.cms", "urlToImage": "https://static.toiimg.com/thumb/msid-74528887,width-1070,height-580,imgsize-149641,resizemode-75,overlay-toi_sw,pt-32,y_pad-40/photo.jpg", "publishedAt": "2020-03-07T13:27:36Z", "content": null}, {"source": {"id": "the-times-of-india", "name": "The Times of India"}, "author": "TIMESOFINDIA.COM", "title": "PM Modi urges people to stay away from Coronavirus rumours: Top developments", "description": "India News: NEW DELHI: India as of Saturday reported 31 confirmed cases of novel coronavirus.", "url": "https://timesofindia.indiatimes.com/india/pm-modi-urges-people-to-stay-away-from-coronavirus-rumours-top-developments/articleshow/74524255.cms", "urlToImage": "https://static.toiimg.com/thumb/msid-74524577,width-1070,height-580,imgsize-1487870,resizemode-75,overlay-toi_sw,pt-32,y_pad-40/photo.jpg", "publishedAt": "2020-03-07T07:14:11Z", "content": "Copyright \u00a9 2020 Bennett, Coleman &amp; Co. Ltd. All rights reserved. For reprint rights: Times Syndication Service"}, {"source": {"id": "the-times-of-india", "name": "The Times of India"}, "author": "P K Krishnakumar", "title": "Likely drop in India\u2019s coffee exports as coronavirus fear spreads", "description": "Italy, the largest buyer of Indian coffee, is anticipating a 10-12% drop in consumption. \u201cThe Italian government has asked people to maintain a distance of 1.5 m in public which will hit the consumption in coffee bars and community tables, a part of the count\u2026", "url": "https://economictimes.indiatimes.com/news/economy/foreign-trade/likely-drop-in-indias-coffee-exports-as-coronavirus-fear-spreads/articleshow/74524185.cms", "urlToImage": "https://img.etimg.com/thumb/msid-74524271,width-1070,height-580,imgsize-317904,overlay-economictimes/photo.jpg", "publishedAt": "2020-03-07T07:30:42Z", "content": "KOCHI: India\u2019s coffee exports could take a knock as frequency of eating out drops in Italy and the Gulf countries\u2014India\u2019s main buyers\u2014over fears of spread of coronavirus (Covid-19). About 70% of the coffee produced in the country is exported.\r\nItaly, the larg\u2026 [+1519 chars]"}, {"source": {"id": "the-times-of-india", "name": "The Times of India"}, "author": "\u092e\u0939\u093e\u0930\u093e\u0937\u094d\u091f\u094d\u0930 \u091f\u093e\u0907\u092e\u094d\u0938.\u0915\u0949\u092e", "title": "coronavirus : \u0917\u0930\u094d\u0926\u0940\u092a\u093e\u0938\u0942\u0928 \u0926\u0942\u0930 \u0930\u093e\u0939\u093e; \u0938\u0930\u0915\u093e\u0930\u091a\u093e \u0938\u0932\u094d\u0932\u093e", "description": "\u0915\u0930\u094b\u0928\u093e \u0935\u094d\u0939\u093e\u092f\u0930\u0938\u092e\u0941\u0933\u0947 \u091c\u0917\u092d\u0930\u093e\u0924 \u0969\u096a\u0967\u0967 \u091c\u0923\u093e\u0902\u091a\u093e \u092e\u0943\u0924\u094d\u092f\u0942 \u091d\u093e\u0932\u093e\u092f. \u092d\u093e\u0930\u0924\u093e\u0924 \u0906\u0924\u094d\u0924\u093e\u092a\u0930\u094d\u092f\u0902\u0924 \u0969\u0967 \u0930\u0941\u0917\u094d\u0923 \u0915\u0930\u094b\u0928\u093e\u092c\u093e\u0927\u093f\u0924 \u0906\u0922\u0933\u0932\u0947 \u0906\u0939\u0947\u0924 \u092a\u0930\u0902\u0924\u0941, \u0938\u0941\u0926\u0948\u0935\u093e\u0928\u0902 \u092d\u093e\u0930\u0924\u093e\u0924 \u0905\u0926\u094d\u092f\u093e\u092a \u090f\u0915\u0939\u0940 \u092e\u0943\u0924\u094d\u092f\u0942 \u0915\u0930\u094b\u0928\u093e\u092e\u0941\u0933\u0947 \u091d\u093e\u0932\u0947\u0932\u093e \u0928\u093e\u0939\u0940. \u0906\u0924\u093e \u0938\u0930\u0915\u093e\u0930\u0928\u0902 \u0915\u0930\u094b\u0928\u093e\u091a\u093e \u092a\u094d\u0930\u093e\u0926\u0941\u0930\u094d\u092d\u093e\u0935 \u0930\u094b\u0916\u0923\u094d\u092f\u093e\u0938\u093e\u0920\u0940 \u0928\u093e\u0917\u0930\u093f\u0915\u093e\u0902\u0928\u093e \u0917\u0930\u094d\u0926\u0940\u092a\u093e\u0938\u0942\u0928 \u0926\u0942\u0930 \u0930\u093e\u0939\u0923\u094d\u092f\u093e\u091a\u093e \u0938\u0932\u094d\u0932\u093e \u0926\u093f\u0932\u093e\u092f", "url": "https://maharashtratimes.indiatimes.com/india-news/coronavirus-government-advisory-to-stay-away-from-mass-gatherings/articleshow/74521633.cms", "urlToImage": "https://maharashtratimes.indiatimes.com/thumb/msid-74521633,width-1200,height-630,resizemode-4/coronavirus.jpg", "publishedAt": "2020-03-07T03:27:26Z", "content": null}, {"source": {"id": "the-times-of-india", "name": "The Times of India"}, "author": "TNN", "title": "Coronavirus: IndiGo, Emirates waive change fees", "description": "India\u2019s largest domestic airline, IndiGo, will levy no change fees on existing bookings for travel from March 12 to March 31, 2020. It has also announced zero change fees on fresh bookings made during this period. The move comes in wake of massive cancellatio\u2026", "url": "https://timesofindia.indiatimes.com/business/india-business/coronavirus-indigo-emirates-waive-change-fees/articleshow/74529236.cms", "urlToImage": "https://static.toiimg.com/thumb/msid-74529618,width-1070,height-580,imgsize-63697,resizemode-75,overlay-toi_sw,pt-32,y_pad-40/photo.jpg", "publishedAt": "2020-03-07T14:01:29Z", "content": "Copyright \u00a9 2020 Bennett, Coleman &amp; Co. Ltd. All rights reserved. For reprint rights: Times Syndication Service"}, {"source": {"id": "the-times-of-india", "name": "The Times of India"}, "author": "AFP", "title": "Iranian lawmaker dies of novel coronavirus", "description": "Fatemeh Rahbar, 55, was a conservative MP and had recently been elected to the parliament from the capital Tehran. She is the second lawmaker killed by the virus in Iran and one of seven politicians and government officials who have died in the outbreak since\u2026", "url": "https://economictimes.indiatimes.com/news/international/world-news/iranian-lawmaker-dies-of-novel-coronavirus/articleshow/74526210.cms", "urlToImage": "https://img.etimg.com/thumb/msid-74525820,width-1070,height-580,imgsize-59860,overlay-economictimes/photo.jpg", "publishedAt": "2020-03-07T10:16:48Z", "content": "TEHRAN: An Iranian lawmaker died from the novel coronavirus on Saturday, state news agency IRNA reported, one of several officials to succumb to the illness in the epidemic-hit country.\r\nFatemeh Rahbar, 55, was a conservative MP and had recently been elected \u2026 [+776 chars]"}, {"source": {"id": "the-times-of-india", "name": "The Times of India"}, "author": "PTI", "title": "Indian among 15 new coronavirus cases in UAE", "description": "The Ministry of Health and Prevention said in a statement that 13 out of 15 new cases in the UAE recently arrived from abroad. They were diagnosed through early monitoring and reporting systems implemented in the country and are three Emiratis, two individual\u2026", "url": "https://economictimes.indiatimes.com/news/politics-and-nation/indian-among-15-new-coronavirus-cases-in-uae/articleshow/74523643.cms", "urlToImage": "https://img.etimg.com/thumb/msid-74523702,width-1070,height-580,imgsize-594412,overlay-economictimes/photo.jpg", "publishedAt": "2020-03-07T06:44:26Z", "content": "Dubai: An Indian national is among 15 new cases of the deadly coronavirus in the UAE, taking the total number of confirmed infections in the country to 45, health officials have said. The Ministry of Health and Prevention (MoHAP) on Friday said in a statement\u2026 [+1757 chars]"}, {"source": {"id": "the-times-of-india", "name": "The Times of India"}, "author": "Hakeem Irfan Rashid", "title": "Coronavirus impacts tourist bookings in Ladakh", "description": "Ladakh, known as the cold desert, is a famous international tourist destination attracting large number of visitors especially interested in mountain expeditions and longer solitary stays. In 2019 also, there was dip in tourist arrivals in Ladakh due to Lok S\u2026", "url": "https://economictimes.indiatimes.com/industry/services/travel/coronavirus-impacts-tourist-bookings-in-ladakh/articleshow/74527914.cms", "urlToImage": "https://img.etimg.com/thumb/msid-74528357,width-1070,height-580,imgsize-131917,overlay-economictimes/photo.jpg", "publishedAt": "2020-03-07T13:10:55Z", "content": "SRINAGAR: Tourism industry in newly formed Union Territory of Ladakh is staring at a rough phase this year as advance bookings and queries have decreased significantly due to corona virus scare, even as the new season is set to start in April. \r\nTourism opera\u2026 [+2141 chars]"}, {"source": {"id": "the-times-of-india", "name": "The Times of India"}, "author": "PTI", "title": "Overall risk to the American public from coronavirus remains low: Donald Trump", "description": "US News: WASHINGTON: US President Donald Trump has said the overall risk to the American public from deadly coronavirus remains low.", "url": "https://timesofindia.indiatimes.com/world/us/overall-risk-to-the-american-public-from-coronavirus-remains-low-donald-trump/articleshow/74521784.cms", "urlToImage": "https://static.toiimg.com/thumb/msid-74522000,width-1070,height-580,imgsize-45219,resizemode-75,overlay-toi_sw,pt-32,y_pad-40/photo.jpg", "publishedAt": "2020-03-07T03:41:06Z", "content": "Copyright \u00a9 2020 Bennett, Coleman &amp; Co. Ltd. All rights reserved. For reprint rights: Times Syndication Service"}, {"source": {"id": "the-times-of-india", "name": "The Times of India"}, "author": "Bikash Singh", "title": "Coronavirus: Northeastern states sound alert", "description": "Chief Minister during review directed the health department to take steps for sensitizing all government officials from State Headquarter to panchayat level on the coronavirus disease and precautionary measures needed to be taken.", "url": "https://economictimes.indiatimes.com/news/politics-and-nation/coronavirus-northeastern-states-sound-alert/articleshow/74530101.cms", "urlToImage": "https://img.etimg.com/thumb/msid-74530110,width-1070,height-580,imgsize-33661,overlay-economictimes/photo.jpg", "publishedAt": "2020-03-07T15:30:26Z", "content": "GUWAHATI: Assam is has sounded alert after neighbouring Bhutan informed that a tourist from United States was confirmed to have been infected with COVID-19 virus.\r\nThis person prior to going to Bhutan was in Assam for nearly 10 days. Assam Chief Minister Sarb\u2026 [+2902 chars]"}, {"source": {"id": "the-times-of-india", "name": "The Times of India"}, "author": "PTI", "title": "IndiGo waives rescheduling fee for bookings amid coronavirus scare", "description": "There would also be zero change fee for fresh bookings made between March 12 and 31, the airline said in a release.", "url": "https://economictimes.indiatimes.com/industry/transportation/airlines-/-aviation/indigo-waives-rescheduling-fee-for-bookings-amid-coronavirus-scare/articleshow/74528106.cms", "urlToImage": "https://img.etimg.com/thumb/msid-74528139,width-1070,height-580,imgsize-26258,overlay-economictimes/photo.jpg", "publishedAt": "2020-03-07T12:49:54Z", "content": "MUMBAI: Budget carrier IndiGo on Saturday said it will not charge any fee for rescheduling of domestic and international flights booked for March 12-31, amid coronavirus scare.\r\nThere would also be zero change fee for fresh bookings made between March 12 and \u2026 [+1058 chars]"}, {"source": {"id": "the-times-of-india", "name": "The Times of India"}, "author": "PTI", "title": "Coronavirus scare: Authorities to segregate passengers from 12 countries at airports", "description": "Passengers from arriving from China, South Korea, Japan, Italy, Iran, Singapore, Thailand, Malaysia, Hongkong, Vietnam, Nepal and Indonesia would be segregated from other arriving passengers.", "url": "https://economictimes.indiatimes.com/news/politics-and-nation/coronavirus-scare-authorities-to-segregate-passengers-from-12-countries-at-airports/articleshow/74530457.cms", "urlToImage": "https://img.etimg.com/thumb/msid-74530500,width-1070,height-580,imgsize-95495,overlay-economictimes/photo.jpg", "publishedAt": "2020-03-07T16:00:08Z", "content": "NEW DELHI: Passengers from 12 countries will be segregated from other passengers till the conveyer belt areas at airports, an official said on Saturday, amid rising concerns over coronavirus infections. This is part of a series of measures initiated by the In\u2026 [+1265 chars]"}, {"source": {"id": "the-times-of-india", "name": "The Times of India"}, "author": "Manuja Veerappa", "title": "Coronavirus: Hockey players exercise caution", "description": "From afar, it would appear as if bonding has disappeared. Thanks to the coronavirus scare, handshakes and highfives have made way for polite \u2018namaste\u2019 signs and deferential fist pumps at SAI, South Centre here.", "url": "https://timesofindia.indiatimes.com/sports/hockey/top-stories/coronavirus-hockey-players-exercise-caution/articleshow/74522352.cms", "urlToImage": "https://static.toiimg.com/thumb/msid-74522384,width-1070,height-580,imgsize-1281447,resizemode-75,overlay-toi_sw,pt-32,y_pad-40/photo.jpg", "publishedAt": "2020-03-07T04:35:32Z", "content": null}, {"source": {"id": "the-times-of-india", "name": "The Times of India"}, "author": "Mihir Mishra", "title": "Coronavirus situation not to impact Air India divestment, says Hardeep Singh Puri at ET GBS 2020", "description": "\u201cDomestic as well as international entities, including entities involved in running airlines, have shown interest in Air India and coronavirus news situation is not to impact divestment of the national carrier,\u201d Puri said. He added that Air India will generat\u2026", "url": "https://economictimes.indiatimes.com/industry/transportation/airlines-/-aviation/coronavirus-situation-not-to-impact-air-india-divestment-says-hardeep-singh-puri-at-et-gbs-2020/articleshow/74524794.cms", "urlToImage": "https://img.etimg.com/thumb/msid-74524822,width-1070,height-580,imgsize-615459,overlay-economictimes/photo.jpg", "publishedAt": "2020-03-07T08:21:27Z", "content": "New Delhi: The global slowdown situation that has arisen due to spread of coronavirus will not impact the divestment of Air India, aviation minister Hardeep Singh Puri said at the Economic Times Global Business Summit.\r\n\u201cDomestic as well as international enti\u2026 [+2136 chars]"}, {"source": {"id": "the-times-of-india", "name": "The Times of India"}, "author": "ET CONTRIBUTORS", "title": "Coronavirus: Has it thrown up an opportunity in crisis for India Inc?", "description": "In India, infections have been relatively less, with only a few confirmed cases till last week.", "url": "https://economictimes.indiatimes.com/markets/stocks/news/coronavirus-has-it-thrown-up-an-opportunity-in-crisis-for-india-inc/articleshow/74523906.cms", "urlToImage": "https://img.etimg.com/thumb/msid-74523941,width-1070,height-580,imgsize-434912,overlay-etmarkets/photo.jpg", "publishedAt": "2020-03-07T07:14:58Z", "content": "By DK AggrawalThe deadly coronavirus, which has killed more than 2,600 people in China, continues to spread to Iran, South Korea, Italy and some 90 other countries. Global markets have been hit by a major selloff, as Covid-19 spreads beyond China.\r\nIn India, \u2026 [+2915 chars]"}, {"source": {"id": "the-times-of-india", "name": "The Times of India"}, "author": "PTI", "title": "Coronavirus: PM holds review meet, asks officials to ensure sufficient quarantine, critical care facilities", "description": "At the meeting with all ministries and departments concerned, Prime Minister Narendra Modi said that in view of expert opinion, people should be advised to avoid mass gatherings as much as possible and made aware of the do's and don'ts.", "url": "https://economictimes.indiatimes.com/news/politics-and-nation/coronavirus-pm-holds-review-meet-asks-officials-to-ensure-sufficient-quarantine-critical-care-facilities/articleshow/74528206.cms", "urlToImage": "https://img.etimg.com/thumb/msid-74528243,width-1070,height-580,imgsize-470105,overlay-economictimes/photo.jpg", "publishedAt": "2020-03-07T12:58:40Z", "content": "NEW DELHI: Prime Minister Narendra Modi reviewed the coronavirus situation in the country at a meeting with officials on Saturday and directed them to identify locations for sufficient quarantine facilities and make provisions for critical care in case the di\u2026 [+2775 chars]"}, {"source": {"id": "the-times-of-india", "name": "The Times of India"}, "author": "ET Bureau", "title": "Tamil Nadu reports first case of Coronavirus; patient quarantined in Government Hospital in Chennai", "description": "A resident of Kancheepuram, he had returned to India from Oman and is currently in the Rajiv Gandhi Government General Hospital (RGGGH) in Chennai. His symptoms included a fever and cough. When he started developing difficulty breathing he consulted a doctor \u2026", "url": "https://economictimes.indiatimes.com/news/politics-and-nation/tamil-nadu-reports-first-case-of-coronavirus-patient-quarantined-in-government-hospital-in-chennai/articleshow/74529929.cms", "urlToImage": "https://img.etimg.com/thumb/msid-74529923,width-1070,height-580,imgsize-356952,overlay-economictimes/photo.jpg", "publishedAt": "2020-03-07T15:17:26Z", "content": "CHENNAI: A 45-year-old man tested positive for Coronavirus on Saturday, making him the first person in Tamil Nadu to be reported of having the disease.\r\nA resident of Kancheepuram, he had returned to India from Oman and is currently in the Rajiv Gandhi Govern\u2026 [+1141 chars]"}, {"source": {"id": "the-times-of-india", "name": "The Times of India"}, "author": "PTI", "title": "Put coronavirus awareness messages in place of ringing tones: DoT to telcos", "description": "The Department of Telecom (DoT) in an email to telecom operators on Friday asked to incorporate audio clip in the ring back tone till further orders. One of the telecom operators said the audio clip has not been made available on those numbers where subscribe\u2026", "url": "https://economictimes.indiatimes.com/news/politics-and-nation/put-coronavirus-awareness-messages-in-place-of-ringing-tones-dot-to-telcos/articleshow/74527763.cms", "urlToImage": "https://img.etimg.com/thumb/msid-74527813,width-1070,height-580,imgsize-356952,overlay-economictimes/photo.jpg", "publishedAt": "2020-03-07T12:25:04Z", "content": "NEW DELHI: Dial any number and chances are high that you might get to hear awareness messages on coronavirus, instead of ringing tones.\r\nThe move follows an order in this regard from the government which has shared the audio clip of the message with telecom o\u2026 [+2257 chars]"}, {"source": {"id": "the-times-of-india", "name": "The Times of India"}, "author": "KC Archana", "title": "Here's Why Dettol Products Have A Coronavirus Warning On The Labels", "description": "Click here to read about the false claim that Dettol products beat the novel Coronavirus. The Reckitt Benckiser Group (RB), the manufacturers of Dettol products put out an online statement clarifying about the same.", "url": "https://www.indiatimes.com/trending/social-relevance/heres-why-dettol-products-have-a-coronavirus-warning-on-the-labels-507926.html", "urlToImage": "https://im.indiatimes.in/content/2020/Mar/Dettol-_5e638156a8b7f.jpg", "publishedAt": "2020-03-07T10:48:47Z", "content": "Ever since the outbreak of the deadly coronavirus, misleading information seems to have become the order of the day. But at times like these, it' extremely important to stay informed about the rights things and correct those who are spreading misinformation.\u00a0\u2026 [+2665 chars]"}, {"source": {"id": "the-times-of-india", "name": "The Times of India"}, "author": "KC Archana", "title": "Sad Reality Of Coronavirus Outbreak: 88-YO Woman Talks To Quarantined Husband Through Window", "description": "Click here to read about the heartbreaking picture of an elderly couple talking through a window in US nursing home. In this nursing home more than 50 residents and staff are being tested for the novel coronavirus, while family and friends of the 108 patients\u2026", "url": "https://www.indiatimes.com/trending/human-interest/88yo-woman-talking-to-quarantined-husband-through-window-shows-reality-of-coronavirus-outbreak-507899.html", "urlToImage": "https://im.indiatimes.in/content/2020/Mar/Couple-Coronavirus_5e633a33b0af4.jpg", "publishedAt": "2020-03-07T05:45:40Z", "content": "A picture speaks a thousand words and this image of an 88-year-old woman talking to her coronavirus-infected husband is one of them.\u00a0\r\nThe coronavirus outbreak has wreaked havoc in countries across the world. Worldwide, a grim new milestone has been achieved \u2026 [+1338 chars]"}, {"source": {"id": "the-times-of-india", "name": "The Times of India"}, "author": "KC Archana", "title": "Smartphones May Act As Petri Dish For Coronavirus, Here's How You Can Keep Them Clean", "description": "Click here to read about safe ways to clean your phones to keep viruses at bay. Experts say that Coronavirus has the potential to live on phones for up to a week. Always be mindful about cleaning your phone screens twice a day.", "url": "https://www.indiatimes.com/trending/human-interest/smartphones-may-act-as-petri-dish-for-coronavirus-experts-recommend-cleaning-them-twice-a-day-507910.html", "urlToImage": "https://im.indiatimes.in/content/2020/Mar/Cleaning-Phone-1_5e6350710eaa1.jpg", "publishedAt": "2020-03-07T07:08:46Z", "content": "From keeping your hands clean to not touching your face, the Internet is awash with dos and don'ts on the coronavirus outbreak.\u00a0While it's always important to maintain basic hygiene it has become all the more necessary with the spread of COVID-19.\u00a0\r\nFacebook\r\u2026 [+1562 chars]"}, {"source": {"id": "the-times-of-india", "name": "The Times of India"}, "author": "Bhupinder Singh", "title": "Coronavirus Effect Visible From Space, Satellite Images Reveal World Is Now An Empty Place", "description": "Click here to see how the spread of Coronavirus COVID-19 has changed the way the world looks. Cities are not deserted with no one is sight.", "url": "https://www.indiatimes.com/trending/human-interest/coronavirus-covid-19-satellite-images-space-507874.html", "urlToImage": "https://im.indiatimes.in/content/2020/Mar/1NEWTEMPLATE_5e633fe382d3a.jpg", "publishedAt": "2020-03-07T08:55:00Z", "content": "While countries across the world are coming to grips with the health calamity caused by Coronavirus, normal life has taken a hit globally. There are now more than 80,000 confirmed cases of the virus across the world and the death toll has crossed 3000, mostly\u2026 [+2323 chars]"}, {"source": {"id": "the-times-of-india", "name": "The Times of India"}, "author": "Indiatimes", "title": "Coronavirus: Death Toll Crosses 3,000 In China, Cases Surpass 100,000 Globally", "description": "China has reported 28 new fatalities from the deadly coronavirus outbreak, taking the death toll in the country to 3,070, Chinese health officials said on Saturday as the rapid spread of the epidemic hit a milestone, infecting more than 100,000 people globall\u2026", "url": "https://www.indiatimes.com/news/world/coronavirus-death-toll-crosses-3000-in-china-cases-surpass-100000-globally-507895.html", "urlToImage": "https://im.indiatimes.in/content/2020/Mar/reuters1_5e633771d98ba.jpg", "publishedAt": "2020-03-07T05:33:48Z", "content": "China has reported 28 new fatalities from the deadly coronavirus outbreak, taking the death toll in the country to 3,070, Chinese health officials said on Saturday as the rapid spread of the epidemic hit a milestone, infecting more than 100,000 people globall\u2026 [+3297 chars]"}, {"source": {"id": "the-times-of-india", "name": "The Times of India"}, "author": "Bobins Abraham", "title": "Here We Go Again! Another BJP Leader Claims Yagna, Cow Urine Can Kill Coronavirus", "description": "\u201cPerforming yagna with ancient Vedic rituals of Hindu religion would help in killing the deadly coronavirus in the air. Earlier people in the country used to sweep the floors of their homes with cow dung as it is a proven disinfectant. But now people have for\u2026", "url": "https://www.indiatimes.com/news/india/here-we-go-again-another-bjp-leader-sanjay-gupta-claims-yagna-cow-urine-can-kill-coronavirus-507921.html", "urlToImage": "https://im.indiatimes.in/content/2020/Mar/fb_5e63762643771.jpg", "publishedAt": "2020-03-07T10:25:43Z", "content": "While the obsession of most BJP leaders with the cow is well documented, a section of them is taking it to another level. They are obsessed with even cow urine and dung. And for them, cow urine has gold, can cure cancer and the latest claim is that it can tre\u2026 [+2954 chars]"}, {"source": {"id": "the-times-of-india", "name": "The Times of India"}, "author": "Garima Satija", "title": "Despite Savage Trolling & Coronavirus Outbreak, Tiger Shroff's 'Baaghi 3' Becomes The Highest Opener Of 2020", "description": "A cheap or low-budget copy of Wonder Woman and Captain America, that's what people said after watching Tiger Shroff and Shraddha Kapoor starrer Baaghi 3. But surprisingly, even after savage trolling, the movie has become the highest opener of 2020.  Meanwhile\u2026", "url": "https://www.indiatimes.com/entertainment/celebs/despite-savage-trolling-coronavirus-outbreak-tiger-shroffs-baaghi-3-becomes-the-highest-opener-of-2020-507936.html", "urlToImage": "https://im.indiatimes.in/content/2020/Mar/Baaghi-3_5e63918b20713.jpg", "publishedAt": "2020-03-07T11:58:24Z", "content": "A cheap or low-budget copy of Wonder Woman and Captain America, that's what people said after watching Tiger Shroff and Shraddha Kapoor starrer Baaghi 3. It was raining memes and jokes on Twitter yesterday when the Ahmed Khan directorial released. It reported\u2026 [+1871 chars]"}, {"source": {"id": "the-times-of-india", "name": "The Times of India"}, "author": null, "title": "No action for Mirabai as Olympic qualifying event postponed due to coronavirus", "description": "The Asian Weightlifting Championship in April, an Olympic qualifying event, where former world champion Mirabai Chanu and eight other Indians were to compete, has been postponed due to the novel coronavirus outbreak.", "url": "https://timesofindia.indiatimes.com/sports/more-sports/others/no-action-for-mirabai-as-olympic-qualifying-event-postponed-due-to-coronavirus/articleshow/74530090.cms", "urlToImage": "https://static.toiimg.com/thumb/msid-74530080,width-1070,height-580,imgsize-1744633,resizemode-75,overlay-toi_sw,pt-32,y_pad-40/photo.jpg", "publishedAt": "2020-03-07T15:09:17Z", "content": "NEW DELHI: The Asian Weightlifting Championship in April, an Olympic qualifying event, where former world champion Mirabai Chanu and eight other Indians were to compete, has been postponed due to the novel coronavirus outbreak.\r\nIndia were to send five men, i\u2026 [+1607 chars]"}, {"source": {"id": "the-times-of-india", "name": "The Times of India"}, "author": null, "title": "Coronavirus: Srinagar mayor calls for cancellation of Khelo India winter games", "description": "Amid the coronavirus scare, Srinagar Mayor Junaid Mattu has called for cancellation of Khelo India's first winter games chapter, which starts in Jammu and Kashmir's Gulmarg town on Saturday.", "url": "https://timesofindia.indiatimes.com/sports/more-sports/others/coronavirus-srinagar-mayor-calls-for-cancellation-of-khelo-india-winter-games/articleshow/74524696.cms", "urlToImage": "https://static.toiimg.com/thumb/msid-74524735,width-1070,height-580,imgsize-1153105,resizemode-75,overlay-toi_sw,pt-32,y_pad-40/photo.jpg", "publishedAt": "2020-03-07T07:51:37Z", "content": "SRINAGAR: Amid the coronavirus scare, Srinagar Mayor Junaid Mattu has called for cancellation of Khelo India's first winter games chapter, which starts in Jammu and Kashmir's Gulmarg town on Saturday.\r\nUnion Sports Minister Kiren Rijiju has reached Kashmir to\u2026 [+1873 chars]"}, {"source": {"id": "the-times-of-india", "name": "The Times of India"}, "author": "Mihir Mishra", "title": "Coronavirus situation not to impact Air India divestment, says Hardeep Singh Puri at ET GBS 2020", "description": "\u201cDomestic as well as international entities, including entities involved in running airlines, have shown interest in Air India and coronavirus news situation is not to impact divestment of the national carrier,\u201d Puri said. He added that Air India will generat\u2026", "url": "https://economictimes.indiatimes.com/industry/transportation/airlines-/-aviation/coronavirus-situation-not-to-impact-air-india-divestment-says-hardeep-singh-puri-at-et-gbs-2020/articleshow/74524825.cms", "urlToImage": "https://img.etimg.com/thumb/msid-74524822,width-1070,height-580,imgsize-615459,overlay-economictimes/photo.jpg", "publishedAt": "2020-03-07T08:21:27Z", "content": "New Delhi: The global slowdown situation that has arisen due to spread of coronavirus will not impact the divestment of Air India, aviation minister Hardeep Singh Puri said at the Economic Times Global Business Summit.\r\n\u201cDomestic as well as international enti\u2026 [+2136 chars]"}, {"source": {"id": "the-times-of-india", "name": "The Times of India"}, "author": "Basit Aijaz", "title": "No Coronavirus Scare As India Safe - CSA Confirms Tour Is On, South Africa To Arrive On March 9", "description": "Amidst the fears of coronavirus, Cricket South Africa (CSA) has reiterated that the Indian tour will go on as planned and South Africa team will arrive in India on Monday. South Africa will visit India this month for a three-match ODI series. There were appre\u2026", "url": "https://www.indiatimes.com/sports/no-coronavirus-scare-as-india-safe-csa-confirms-tour-is-on-south-africa-to-arrive-on-march-9-507914.html", "urlToImage": "https://im.indiatimes.in/content/2020/Mar/ezgifcom-webp-to-jpg---2020-03-07T140001704_5e635c3e2bcf9.jpg", "publishedAt": "2020-03-07T07:48:01Z", "content": "Amidst the fears of coronavirus, Cricket South Africa (CSA) has reiterated that the Indian tour will go on as planned and South Africa team will arrive in India on Monday.\u00a0\r\nPTI\r\nSouth Africa will visit India this month for a three-match ODI series. There wer\u2026 [+1499 chars]"}]}