{"status": "ok", "totalResults": 57, "articles": [{"source": {"id": "the-times-of-india", "name": "The Times of India"}, "author": "TIMESOFINDIA.COM", "title": "Coronavirus: What tests should you get done?", "description": "Even though the symptoms are similar to that of a cold or the flu, coronavirus is a \"novel\" strain, and hence, the testing is also different. The testing usually involves drawing blood and mucus samples.", "url": "https://timesofindia.indiatimes.com/life-style/health-fitness/health-news/coronavirus-test-in-india-and-lab-centers-what-tests-should-you-get-done-and-in-which-lab-centers-they-are-available-in-india/articleshow/74552937.cms", "urlToImage": "https://static.toiimg.com/photo/msid-74552937/74552937.jpg?185417", "publishedAt": "2020-03-10T05:30:00Z", "content": "Coronavirus outbreak has spread to many countries across the globe. India, too is on the brink of a crisis, with over 41 confirmed cases of Coronavirus so far. There's also a lot of panic across, more so because the disease exhibits symptoms similar to that o\u2026 [+6093 chars]"}, {"source": {"id": "the-times-of-india", "name": "The Times of India"}, "author": "TNN", "title": "How coronavirus attacks? A stage by stage study", "description": "There is widespread panic across the world about Covid-19 caused by the novel coronavirus. But what does this insidious infection agent do to the human body? There are some answers after a review of nearly 56,000 Covid-19 cases from China, the country of orig\u2026", "url": "https://timesofindia.indiatimes.com/city/delhi/how-coronavirus-attacks-study-of-56000-patients-reveals-it-stage-by-stage/articleshow/74559381.cms", "urlToImage": "https://static.toiimg.com/thumb/msid-74562175,width-1070,height-580,imgsize-337167,resizemode-75,overlay-toi_sw,pt-32,y_pad-40/photo.jpg", "publishedAt": "2020-03-10T00:27:53Z", "content": "Copyright \u00a9 2020 Bennett, Coleman &amp; Co. Ltd. All rights reserved. For reprint rights: Times Syndication Service"}, {"source": {"id": "the-times-of-india", "name": "The Times of India"}, "author": "AFP", "title": "Coronavirus: Top US universities move classes online", "description": "The US government has refrained from imposing an official ban so the often privately run institutions are each grappling with how best to deal with the fast-moving outbreak.", "url": "https://economictimes.indiatimes.com/news/international/world-news/coronavirus-top-us-universities-move-classes-online/articleshow/74567029.cms", "urlToImage": "https://img.etimg.com/thumb/msid-74567078,width-1070,height-580,imgsize-400844,overlay-economictimes/photo.jpg", "publishedAt": "2020-03-10T17:21:39Z", "content": "NEW YORK: Major American universities -- including Harvard, Princeton and Columbia -- have been forced to cancel classes because of the coronavirus and move lessons online, affecting tens of thousands of students. The US government has refrained from imposing\u2026 [+1742 chars]"}, {"source": {"id": "the-times-of-india", "name": "The Times of India"}, "author": "AFP", "title": "Norwegian Air cancels 3,000 flights March-June over coronavirus", "description": "\"The past week, Norwegian has experienced reduced demand on future bookings. The company will cancel about 3,000 flights to meet the change in demand. The cancellations represent approximately 15 per cent of the total capacity for the period mid-March to mid-\u2026", "url": "https://economictimes.indiatimes.com/news/international/business/norwegian-air-cancels-3000-flights-march-june-over-coronavirus/articleshow/74565035.cms", "urlToImage": "https://img.etimg.com/thumb/msid-74565243,width-1070,height-580,imgsize-76669,overlay-economictimes/photo.jpg", "publishedAt": "2020-03-10T14:03:07Z", "content": "OSLO: Low-cost airline Norwegian Air Shuttle said Tuesday it would cancel \"approximately 3,000 flights\" mid-March to mid-June representing 15 percent of its capacity for the period as the COVID-19 outbreak hits travel.\r\n\"The past week, Norwegian has experienc\u2026 [+1754 chars]"}, {"source": {"id": "the-times-of-india", "name": "The Times of India"}, "author": "TNN", "title": "Coronavirus scare in Delhi: Fourth patient came in contact with Paytm employee - Times of India", "description": "As the fourth case of novel coronavirus was confirmed in the capital, chief minister Arvind Kejriwal on Monday said the Centre and the state governmen", "url": "https://timesofindia.indiatimes.com/city/delhi/4th-patient-came-in-contact-with-paytm-employee/articleshow/74558671.cms", "urlToImage": "https://static.toiimg.com/thumb/msid-74558670,width-1070,height-580,imgsize-109453,resizemode-75,overlay-toi_sw,pt-32,y_pad-40/photo.jpg", "publishedAt": "2020-03-10T00:21:00Z", "content": "Copyright \u00a9 2020 Bennett, Coleman &amp; Co. Ltd. All rights reserved. For reprint rights: Times Syndication Service"}, {"source": {"id": "the-times-of-india", "name": "The Times of India"}, "author": "TNN", "title": "Concern over Trump coming within two degrees of separation from coronavirus - Times of India", "description": "Concern over Trump coming within two degrees of separation from coronavirus Times of India Coronavirus: A problem unlike anything else Trump has faced BBC News Donald Trump floats payroll tax cut after market plunged on virus fears Livemint US virus cases pas\u2026", "url": "https://timesofindia.indiatimes.com/world/us/how-close-is-the-coronavirus-to-us-power-center/articleshow/74554674.cms", "urlToImage": "https://static.toiimg.com/thumb/msid-74554783,width-1070,height-580,imgsize-165009,resizemode-75,overlay-toi_sw,pt-32,y_pad-40/photo.jpg", "publishedAt": "2020-03-10T03:03:53Z", "content": "Copyright \u00a9 2020 Bennett, Coleman &amp; Co. Ltd. All rights reserved. For reprint rights: Times Syndication Service"}, {"source": {"id": "the-times-of-india", "name": "The Times of India"}, "author": null, "title": "Holi 2020: Coronavirus impacts Holi celebrations across India - Holi hai! - Economic Times", "description": "Holi 2020: Coronavirus impacts Holi celebrations across India - Holi hai! Economic Times India Holi festival: Celebrations overshadowed by virus outbreak Al Jazeera English Coronavirus Playing Spoilsport? Drop Everything and Google \u2018Holi\u2019 for a Colourful Tric\u2026", "url": "https://economictimes.indiatimes.com/news/politics-and-nation/coronavirus-impacts-holi-celebrations-across-india/holi-hai/slideshow/74561737.cms", "urlToImage": "https://img.etimg.com/thumb/msid-74561737,width-1070,height-580,overlay-economictimes/photo.jpg", "publishedAt": "2020-03-10T07:14:00Z", "content": "Updated: 10 Mar 2020, 12:44 PM IST\r\nThe nation is celebrating the festival of colours with great zeal and enthusiasm, marking the triumph of good over evil, the arrival of the spring season and the spirit of unity.\r\nDuring the festival, participants sing and \u2026 [+1352 chars]"}, {"source": {"id": "the-times-of-india", "name": "The Times of India"}, "author": "Reuters", "title": "Streets deserted as Italy imposes unprecedented coronavirus lockdown - Times of India", "description": "Streets deserted as Italy imposes unprecedented coronavirus lockdown Times of India Whole Of Italy Under Coronavirus Lockdown, Public Gatherings Banned NDTV News Coronavirus: Italy extends emergency measures nationwide BBC News Coronavirus: Italy completely u\u2026", "url": "https://timesofindia.indiatimes.com/world/europe/streets-deserted-as-italy-imposes-unprecedented-coronavirus-lockdown/articleshow/74563911.cms", "urlToImage": "https://static.toiimg.com/thumb/msid-74563965,width-1070,height-580,imgsize-443593,resizemode-75,overlay-toi_sw,pt-32,y_pad-40/photo.jpg", "publishedAt": "2020-03-10T13:06:00Z", "content": "Copyright \u00a9 2020 Bennett, Coleman &amp; Co. Ltd. All rights reserved. For reprint rights: Times Syndication Service"}, {"source": {"id": "the-times-of-india", "name": "The Times of India"}, "author": null, "title": "Holi 2020: Indians celebrate festival of colour amid coronavirus scare - Times of India", "description": "Holi 2020: Indians celebrate festival of colour amid coronavirus scare Times of India India Holi festival: Celebrations overshadowed by virus outbreak Al Jazeera English Holi 2020: India celebrates festival of colours amid coronavirus fears; govt warns agains\u2026", "url": "https://timesofindia.indiatimes.com/videos/news/holi-2020-indians-celebrate-festival-of-colour-amid-coronavirus-scare/videoshow/74561459.cms", "urlToImage": "https://timesofindia.indiatimes.com/photo/msid-74561459,imgsize-1329697.cms", "publishedAt": "2020-03-10T06:32:56Z", "content": "Mar 10, 2020, 11:57AM ISTSource: Mirror NowEven though coronavirus scare has impacted the sale of merchandise for Holi across the country, people celebrate the festival of colour with much enthusiasm. While people in Amritsar celebrate Holi with flowers inste\u2026 [+282 chars]"}, {"source": {"id": "the-times-of-india", "name": "The Times of India"}, "author": "Pune Mirror", "title": "Anti-HIV drugs given to coronavirus-affected elderly Italian couple in Jaipur - Pune Mirror", "description": "SMS Hospital Medical Superintendent Dr D S Meena said the Italian man and his wife had developed severe respiratory problems following which a decision was taken to put them on the combination of lop", "url": "https://punemirror.indiatimes.com/news/india/anti-hiv-drugs-given-to-coronavirus-affected-elderly-italian-couple-in-jaipur/articleshow/74562941.cms", "urlToImage": "https://static.toiimg.com/photo/imgsize-287110,msid-74562937/74562937.jpg", "publishedAt": "2020-03-10T09:42:00Z", "content": "New Delhi: Amid rising coronavirus\r\n cases in India, for the first time a combination of two drugs, which is widely used for controlling HIV infection, was administered on an elderly Italian couple undergoing treatment at a Jaipur\r\n hospital for Covid-19. The\u2026 [+1733 chars]"}, {"source": {"id": "the-times-of-india", "name": "The Times of India"}, "author": "PTI", "title": "IAF aircraft brings back 58 Indians from coronavirus-hit Iran", "description": "India News: NEW DELHI: A military transport aircraft of the Indian Air Force (IAF) brought back 58 Indians from coronavirus-hit Iran on Tuesday, officials said.", "url": "https://timesofindia.indiatimes.com/india/iaf-aircraft-brings-back-58-indians-from-coronavirus-hit-iran/articleshow/74560910.cms", "urlToImage": "https://static.toiimg.com/thumb/msid-74560908,width-1070,height-580,imgsize-236397,resizemode-75,overlay-toi_sw,pt-32,y_pad-40/photo.jpg", "publishedAt": "2020-03-10T04:59:27Z", "content": "First batch of 58 Indian pilgrims being brought back from #Iran. IAF C-17 taken off from Tehran and expected to lan https://t.co/Gqo0Fr5rCR\r\n\u2014 Dr. S. Jaishankar (@DrSJaishankar) 1583809893000"}, {"source": {"id": "the-times-of-india", "name": "The Times of India"}, "author": "PTI", "title": "Coronavirus: Ramdas Athawale's 'go corona' chant video goes viral", "description": "A video of Union minister Ramdas Athawale, Chinese Consul General in Mumbai Tang Guocai and Buddhist monks chanting 'Go corona, go corona' at a prayer meet has gone viral on social media. The video was reportedly shot at Gateway of India on February 20 during\u2026", "url": "https://timesofindia.indiatimes.com/india/coronavirus-ramdas-athawales-go-corona-chant-video-goes-viral/articleshow/74562760.cms", "urlToImage": "https://static.toiimg.com/thumb/msid-74562808,width-1070,height-580,imgsize-158652,resizemode-75,overlay-toi_sw,pt-32,y_pad-40/photo.jpg", "publishedAt": "2020-03-10T09:04:08Z", "content": null}, {"source": {"id": "the-times-of-india", "name": "The Times of India"}, "author": "TNN", "title": "3 new coronavirus cases in Bengaluru, state count now four", "description": "India News: Infected Techie's Wife & Daughter, Another Man Test Positive", "url": "https://timesofindia.indiatimes.com/india/3-new-coronavirus-cases-in-bengaluru-state-count-now-four/articleshow/74567992.cms", "urlToImage": "https://static.toiimg.com/thumb/msid-74567993,width-1070,height-580,imgsize-1584755,resizemode-75,overlay-toi_sw,pt-32,y_pad-40/photo.jpg", "publishedAt": "2020-03-10T21:38:52Z", "content": "Copyright \u00a9 2020 Bennett, Coleman &amp; Co. Ltd. All rights reserved. For reprint rights: Times Syndication Service"}, {"source": {"id": "the-times-of-india", "name": "The Times of India"}, "author": "PTI", "title": "Coronavirus patients are stable, showing signs of recovery: Harsh Vardhan", "description": "Union Health Minister Harsh Vardhan spoke to a few coronavirus patients and said all the people infected by the disease were stable and showing signs of recovery. A total of 50 confirmed cases of COVID-19 have been reported in the country till now, the minist\u2026", "url": "https://timesofindia.indiatimes.com/india/Coronavirus-patients-are-stable-showing-signs-of-recovery-Harsh-Vardhan/articleshow/74566275.cms", "urlToImage": "https://static.toiimg.com/thumb/msid-74566316,width-1070,height-580,imgsize-782284,resizemode-75,overlay-toi_sw,pt-32,y_pad-40/photo.jpg", "publishedAt": "2020-03-10T15:33:59Z", "content": "Copyright \u00a9 2020 Bennett, Coleman &amp; Co. Ltd. All rights reserved. For reprint rights: Times Syndication Service"}, {"source": {"id": "the-times-of-india", "name": "The Times of India"}, "author": "TNN", "title": "Coronavirus: India temporarily suspends visas to France, Germany & Spain nationals; issues advisory", "description": "India News: NEW DELHI: India on Tuesday suspended all regular visas (including e-visas) granted to nationals of France, Germany and Spain on or before March 11, 2.", "url": "https://timesofindia.indiatimes.com/india/coronavirus-india-temporarily-suspends-visas-to-france-germany-spain-nationals-issues-advisory/articleshow/74567288.cms", "urlToImage": "https://static.toiimg.com/thumb/msid-74567289,width-1070,height-580,imgsize-1846044,resizemode-75,overlay-toi_sw,pt-32,y_pad-40/photo.jpg", "publishedAt": "2020-03-10T17:40:28Z", "content": "Copyright \u00a9 2020 Bennett, Coleman &amp; Co. Ltd. All rights reserved. For reprint rights: Times Syndication Service"}, {"source": {"id": "the-times-of-india", "name": "The Times of India"}, "author": "ANI", "title": "'No need to panic': Nawab Malik after 2 confirmed cases of coronavirus reported in Pune", "description": "As Pune confirms two positive coronavirus cases, Maharashtra cabinet minister and NCP leader Nawab Malik on Tuesday appealed to the people of Maharashtra to not to panic and to take appropriate preventive measures. People have to take some kind of preventive \u2026", "url": "https://timesofindia.indiatimes.com/india/no-need-to-panic-nawab-malik-after-2-confirmed-cases-of-coronavirus-reported-in-pune/articleshow/74564869.cms", "urlToImage": "https://static.toiimg.com/thumb/msid-74564868,width-1070,height-580,imgsize-1511189,resizemode-75,overlay-toi_sw,pt-32,y_pad-40/photo.jpg", "publishedAt": "2020-03-10T13:01:04Z", "content": "Copyright \u00a9 2020 Bennett, Coleman &amp; Co. Ltd. All rights reserved. For reprint rights: Times Syndication Service"}, {"source": {"id": "the-times-of-india", "name": "The Times of India"}, "author": "TIMESOFINDIA.COM", "title": "Richa wears a mask amidst coronavirus outbreak", "description": "Amidst the buzz surrounding her upcoming wedding to Ali Fazal, actress Richa Chadha just grabbed everyone's attention by sharing a post on Instagram where she can be seen wearing a mask to protect herself from coronavirus outbreak.", "url": "https://timesofindia.indiatimes.com/entertainment/hindi/bollywood/news/richa-chadha-wears-a-mask-to-protect-herself-from-coronavirus-outbreak-view-post/articleshow/74561785.cms", "urlToImage": "https://static.toiimg.com/photo/msid-74561762/74561762.jpg?117382", "publishedAt": "2020-03-10T06:53:15Z", "content": null}, {"source": {"id": "the-times-of-india", "name": "The Times of India"}, "author": "AP", "title": "Trump plans payroll tax relief in response to coronavirus", "description": "President Donald Trump says his administration will ask Congress to pass payroll tax relief and other quick measures as a public health and economic maelstrom brought on by the coronavirus drew closer to him personally.", "url": "https://timesofindia.indiatimes.com/world/us/trump-plans-payroll-tax-relief-in-response-to-coronavirus/articleshow/74566607.cms", "urlToImage": "https://static.toiimg.com/thumb/msid-74566643,width-1070,height-580,imgsize-257366,resizemode-75,overlay-toi_sw,pt-32,y_pad-40/photo.jpg", "publishedAt": "2020-03-10T16:22:52Z", "content": "Copyright \u00a9 2020 Bennett, Coleman &amp; Co. Ltd. All rights reserved. For reprint rights: Times Syndication Service"}, {"source": {"id": "the-times-of-india", "name": "The Times of India"}, "author": "AFP", "title": "Spain suspends air traffic from Italy over coronavirus", "description": "Europe News: The Spanish government said Tuesday it was suspending all air traffic from Italy for two weeks over coronavirus fears, the official state bulletin sai", "url": "https://timesofindia.indiatimes.com/world/europe/spain-suspends-air-traffic-from-italy-over-coronavirus/articleshow/74564984.cms", "urlToImage": "https://static.toiimg.com/thumb/msid-74565010,width-1070,height-580,imgsize-354398,resizemode-75,overlay-toi_sw,pt-32,y_pad-40/photo.jpg", "publishedAt": "2020-03-10T13:13:13Z", "content": null}, {"source": {"id": "the-times-of-india", "name": "The Times of India"}, "author": "PTI", "title": "Qantas grounds planes, CEO forgoes pay as coronavirus spreads", "description": "Qantas announced Tuesday it was grounding most of its Airbus A380 fleet and its CEO would forgo his salary as the airline slashed international flights in response to the coronavirus epidemic.", "url": "https://timesofindia.indiatimes.com/business/international-business/qantas-grounds-planes-ceo-forgoes-pay-as-coronavirus-spreads/articleshow/74560531.cms", "urlToImage": "https://static.toiimg.com/thumb/msid-74560803,width-1070,height-580,imgsize-223689,resizemode-75,overlay-toi_sw,pt-32,y_pad-40/photo.jpg", "publishedAt": "2020-03-10T04:48:24Z", "content": "Copyright \u00a9 2020 Bennett, Coleman &amp; Co. Ltd. All rights reserved. For reprint rights: Times Syndication Service"}, {"source": {"id": "the-times-of-india", "name": "The Times of India"}, "author": "Reuters", "title": "Top Polish general has coronavirus after German conference: Defence Ministry", "description": "Poland's top armed forces generals Jaroslaw Mika took part in a conference on strategic communication involving the \"Defender-Europe 20\" U.S. army deployment exercises on March 6 in Wiesbaden. The commander of US Army Europe, Lieutenant General Christopher Ca\u2026", "url": "https://economictimes.indiatimes.com/news/defence/top-polish-general-has-coronavirus-after-german-conference-defence-ministry/articleshow/74566526.cms", "urlToImage": "https://img.etimg.com/thumb/msid-74566559,width-1070,height-580,imgsize-483282,overlay-etdefence/photo.jpg", "publishedAt": "2020-03-10T16:27:47Z", "content": "WARSAW: One of Poland's top armed forces generals Jaroslaw Mika has tested positive for coronavirus after returning from a military conference in Germany, Poland's Defence Ministry said on Tuesday.\r\nMika took part in a conference on strategic communication in\u2026 [+749 chars]"}, {"source": {"id": "the-times-of-india", "name": "The Times of India"}, "author": "PTI", "title": "Six more coronavirus cases in Kerala, total 12: CM", "description": "The affected include three who had come from Italy and eight who came in contact with them, Vijayan told reporters after a special cabinet meeting on Tuesday.", "url": "https://economictimes.indiatimes.com/news/politics-and-nation/six-more-coronavirus-cases-in-kerala-total-12-cm/articleshow/74563426.cms", "urlToImage": "https://img.etimg.com/thumb/msid-74563421,width-1070,height-580,imgsize-279273,overlay-economictimes/photo.jpg", "publishedAt": "2020-03-10T10:43:55Z", "content": "Six more cases of coronavirus have been confirmed in Kerala, and the total number of infected people now stood at 12, Chief Minister Pinarayi Vijayan said here on Tuesday.\r\nThe affected include three who had come from Italy and eight who came in contact with \u2026 [+1106 chars]"}, {"source": {"id": "the-times-of-india", "name": "The Times of India"}, "author": "PTI", "title": "Coronavirus: Dubai-returned Nashik woman, mother quarantined", "description": "\u200bThe woman had gone to Dubai on February 27 and returned to Nashik on March 3 and was quarantined after she complained of throat pain, cold and cough, while her mother was admitted as the two were together at home over the past one week. Their samples have be\u2026", "url": "https://economictimes.indiatimes.com/news/politics-and-nation/coronavirus-dubai-returned-nashik-woman-mother-quarantined/articleshow/74564644.cms", "urlToImage": "https://img.etimg.com/thumb/msid-74564662,width-1070,height-580,imgsize-559235,overlay-economictimes/photo.jpg", "publishedAt": "2020-03-10T12:58:08Z", "content": "Nashik: A 23-year-old woman and her 54- year-old mother were admitted in an isolation ward in the district civil hospital in Nashik in Maharashtra on Tuesday for suspected exposure to novel coronavirus, health officials said. \r\nThe woman had gone to Dubai on \u2026 [+843 chars]"}, {"source": {"id": "the-times-of-india", "name": "The Times of India"}, "author": "ET Bureau", "title": "Karnataka confirms four positive cases of Coronavirus", "description": "The state government on Monday announced that a software engineer from Bengaluru who recently returned from the USA has contracted the virus.", "url": "https://economictimes.indiatimes.com/news/politics-and-nation/karnataka-confirms-four-positive-cases-of-coronavirus/articleshow/74562224.cms", "urlToImage": "https://img.etimg.com/thumb/msid-74562216,width-1070,height-580,imgsize-859651,overlay-economictimes/photo.jpg", "publishedAt": "2020-03-10T08:06:38Z", "content": "BENGALURU: A day after Karnataka reported its first case of Novel Coronavirus (COVID-19), the state confirmed three more positive cases on Tuesday. \r\nHealth and Family Welfare Minister B Sriramulu confirmed the development. \u201cKarnataka has reported four cases \u2026 [+1189 chars]"}, {"source": {"id": "the-times-of-india", "name": "The Times of India"}, "author": "Durgesh Nandan Jha", "title": "How coronavirus attacks? Study of 56k patients reveals it stage by stage", "description": "There is widespread panic across the world about Covid-19 caused by the novel coronavirus. But what does this insidious infection agent do to the human body?", "url": "https://economictimes.indiatimes.com/news/politics-and-nation/how-coronavirus-attacks-study-of-56k-patients-reveals-it-stage-by-stage/articleshow/74560698.cms", "urlToImage": "https://img.etimg.com/thumb/msid-74560692,width-1070,height-580,imgsize-311711,overlay-economictimes/photo.jpg", "publishedAt": "2020-03-10T04:42:25Z", "content": "NEW DELHI: There is widespread panic across the world about Covid-19 caused by the novel coronavirus. But what does this insidious infection agent do to the human body? There are some answers after a review of nearly 56,000 Covid-19 cases from China, the coun\u2026 [+3677 chars]"}, {"source": {"id": "the-times-of-india", "name": "The Times of India"}, "author": "PTI", "title": "Sindhu, Saina chase glory as All England gets underway amid coronavirus outbreak", "description": "A number of tournaments, including the German Open, was postponed since the deadly disease first broke out in Wuhan, China, affecting the preparation of the shuttlers for the Tokyo Olympics.", "url": "https://economictimes.indiatimes.com/news/sports/sindhu-saina-chase-glory-as-all-england-gets-underway-amid-coronavirus-outbreak/articleshow/74561426.cms", "urlToImage": "https://img.etimg.com/thumb/msid-74561476,width-1070,height-580,imgsize-375081,overlay-economictimes/photo.jpg", "publishedAt": "2020-03-10T06:30:38Z", "content": "BIRMINGHAM: Undeterred by the coronavirus outbreak, Indian shuttlers will continue to chase glory at the All England Championships beginning here on Wednesday, with reigning world champion P V Sindhu spearheading the campaign.\r\nThe season's first Super 1000 e\u2026 [+2903 chars]"}, {"source": {"id": "the-times-of-india", "name": "The Times of India"}, "author": "Sushmi Dey", "title": "WHO: Coronavirus mortality rate more than flu's", "description": "The new virus, to which no one has immunity, causes more severe diseases than the seasonal flu, WHO said indicating that more people are susceptible to infection than was estimated and some will suffer severe disease. \u201cGlobally about 3.4% of reported Covid-19\u2026", "url": "https://economictimes.indiatimes.com/news/international/world-news/who-coronavirus-mortality-rate-more-than-flus/articleshow/74560812.cms", "urlToImage": "https://img.etimg.com/thumb/msid-74558996,width-1070,height-580,imgsize-982107,overlay-economictimes/photo.jpg", "publishedAt": "2020-03-10T05:04:26Z", "content": "NEW DELHI: The death rate due to novel coronavirus is far higher than that of seasonal influenza, which was so far considered to kill more people. Not just that, the new virus, to which no one has immunity, also causes more severe diseases than the seasonal f\u2026 [+2177 chars]"}, {"source": {"id": "the-times-of-india", "name": "The Times of India"}, "author": "TNN", "title": "Coronavirus threat overshadows Holi revelry", "description": "The two-day festival of Holi got off to a warm start with the Holika Dahan ceremony Monday night. Tuesday was Dhuleti, when the play of colour and water unfolded.", "url": "https://timesofindia.indiatimes.com/city/mumbai/coronavirus-threat-overshadows-holi-revelry-in-mumbai/articleshow/74566674.cms", "urlToImage": "https://static.toiimg.com/thumb/msid-74566739,width-1070,height-580,imgsize-285025,resizemode-75,overlay-toi_sw,pt-32,y_pad-40/photo.jpg", "publishedAt": "2020-03-10T16:33:42Z", "content": "Copyright \u00a9 2020 Bennett, Coleman &amp; Co. Ltd. All rights reserved. For reprint rights: Times Syndication Service"}, {"source": {"id": "the-times-of-india", "name": "The Times of India"}, "author": null, "title": "Miami Open 'moving forward' despite coronavirus fears", "description": "The Miami Open, which brings together the top men's and women's tennis players in the world, will carry on as scheduled in two weeks' time despite concerns about coronavirus, tournament organisers said on Monday.", "url": "https://timesofindia.indiatimes.com/sports/tennis/top-stories/miami-open-moving-forward-despite-coronavirus-fears/articleshow/74560605.cms", "urlToImage": "https://static.toiimg.com/thumb/msid-74560603,width-1070,height-580,imgsize-1307354,resizemode-75,overlay-toi_sw,pt-32,y_pad-40/photo.jpg", "publishedAt": "2020-03-10T04:08:59Z", "content": "MIAMI: The Miami Open, which brings together the top men's and women's tennis players in the world, will carry on as scheduled in two weeks' time despite concerns about coronavirus, tournament organisers said on Monday.\r\nThe status of the two-week tournament \u2026 [+979 chars]"}, {"source": {"id": "the-times-of-india", "name": "The Times of India"}, "author": "PTI", "title": "No correlation between temperature variations and coronavirus spread: Experts", "description": "The experts said COVID-19 spreads through human contact. Mass gathering has to be avoided and people need to take precautions like washing hands, they added.", "url": "https://economictimes.indiatimes.com/news/politics-and-nation/no-correlation-between-temperature-variations-and-coronavirus-spread-experts/articleshow/74560907.cms", "urlToImage": "https://img.etimg.com/thumb/msid-74561086,width-1070,height-580,imgsize-208858,overlay-economictimes/photo.jpg", "publishedAt": "2020-03-10T05:42:45Z", "content": "With the mercury decreasing over the last few days and fear of coronavirus looming, experts have said there is no established correlation between the variations in temperature and spread of COVID-19.\r\nThe experts said COVID-19 spreads through human contact. M\u2026 [+2231 chars]"}, {"source": {"id": "the-times-of-india", "name": "The Times of India"}, "author": "Anuj Tiwari", "title": "'Coronasur': Pictures Show People Burning Coronavirus Effigy For Holika Dahan", "description": "On the auspicious occasion of Holika Dahan, people across India have come up with new ideas of burning effigies of coronavirus on Monday. Holika Dahan is the most significant ritual which is conducted a day prior to Holi and this time people have put up an ef\u2026", "url": "https://www.indiatimes.com/trending/social-relevance/coronasur-people-burn-coronavirus-effigy-holika-dahan-holi-508078.html", "urlToImage": "https://im.indiatimes.in/photogallery/2020/Mar/fb_5e672ec2bdef6.jpg", "publishedAt": "2020-03-10T05:17:12Z", "content": "An effigy, based on coronavirus, was put up in Worli area here and burned to ashes in 'Holika' bonfire on the eve of Holi."}, {"source": {"id": "the-times-of-india", "name": "The Times of India"}, "author": "PTI", "title": "Coronavirus scare takes colour off Maha Holi", "description": "Maharashtra had a subdued Holi on Tuesday due to the coronavirus threat amid appeals to revellers from authorities to participate in the festival of colours after taking necessary precaution against the contagion.", "url": "https://timesofindia.indiatimes.com/city/mumbai/coronavirus-scare-takes-colour-off-maharashtra-holi-celebrations/articleshow/74563925.cms", "urlToImage": "https://static.toiimg.com/thumb/msid-74563935,width-1070,height-580,imgsize-204758,resizemode-75,overlay-toi_sw,pt-32,y_pad-40/photo.jpg", "publishedAt": "2020-03-10T11:28:58Z", "content": "Copyright \u00a9 2020 Bennett, Coleman &amp; Co. Ltd. All rights reserved. For reprint rights: Times Syndication Service"}, {"source": {"id": "the-times-of-india", "name": "The Times of India"}, "author": "Labonita Ghosh and Arnab Ganguly", "title": "Mumbai\u2019s first case of coronavirus: Trade", "description": "With no goods coming from China, businesses in the city \u2014 from auto and pharma to toys and stationery \u2014 are bracing for a crash.", "url": "https://mumbaimirror.indiatimes.com/others/sunday-read/mumbais-fi-rst-case-of-covid-19-trade/articleshow/74530711.cms", "urlToImage": "https://static.toiimg.com/photo/imgsize-521740,msid-74530714/74530714.jpg", "publishedAt": "2020-03-10T06:45:35Z", "content": "With no goods coming from China, businesses in the city from auto and pharma to toys and stationery are bracing for a crash.By May, theres a good chance that the crowded, bustling Crawford Market might wear a forlorn look. The shops may get emptied of goods, \u2026 [+9932 chars]"}, {"source": {"id": "the-times-of-india", "name": "The Times of India"}, "author": "AFP", "title": "Coronavirus: Israel PM announces two-week quarantine for all arrivals", "description": "Israel will impose a two-week quarantine on all travellers entering the country, Prime Minister Benjamin Netanyahu said Monday, toughening already significant travel restrictions.", "url": "https://economictimes.indiatimes.com/news/international/world-news/coronavirus-israel-pm-announces-two-week-quarantine-for-all-arrivals/articleshow/74560395.cms", "urlToImage": "https://img.etimg.com/thumb/msid-74560393,width-1070,height-580,imgsize-648022,overlay-economictimes/photo.jpg", "publishedAt": "2020-03-10T03:47:05Z", "content": "JERUSALEM: Israel will impose a two-week quarantine on all travellers entering the country, Prime Minister Benjamin Netanyahu said Monday, toughening already significant travel restrictions.\r\n\"After a day of difficult discussions, we have taken a decision: al\u2026 [+1706 chars]"}, {"source": {"id": "the-times-of-india", "name": "The Times of India"}, "author": "AP", "title": "Italian premier locks down entire country to stop coronavirus", "description": "Italian Premier Giuseppe Conte has put his entire country on lockdown to combat the coronavirus, banning all but the most important travel and putting the final kibosh on social gatherings after Italians failed to take previous warnings to heart amid skyrocke\u2026", "url": "https://economictimes.indiatimes.com/news/international/world-news/italian-premier-locks-down-entire-country-to-stop-coronavirus/articleshow/74560324.cms", "urlToImage": "https://img.etimg.com/thumb/msid-74560316,width-1070,height-580,imgsize-649238,overlay-economictimes/photo.jpg", "publishedAt": "2020-03-10T03:32:00Z", "content": "MILAN: Italian Premier Giuseppe Conte has put his entire country on lockdown to combat the coronavirus, banning all but the most important travel and putting the final kibosh on social gatherings after Italians failed to take previous warnings to heart amid s\u2026 [+4854 chars]"}, {"source": {"id": "the-times-of-india", "name": "The Times of India"}, "author": "Reuters", "title": "Canada reports first coronavirus death as number of infected climbs", "description": "The dead man had been living in a nursing home, the Lynn Valley Care Centre in North Vancouver, British Columbia's chief health officer Bonnie Henry told a news conference.", "url": "https://economictimes.indiatimes.com/news/international/world-news/canada-reports-first-coronavirus-death-as-number-of-infected-climbs/articleshow/74560715.cms", "urlToImage": "https://img.etimg.com/thumb/msid-74560725,width-1070,height-580,imgsize-441727,overlay-economictimes/photo.jpg", "publishedAt": "2020-03-10T04:46:10Z", "content": "OTTAWA- Canada on Monday reported its first death from the new coronavirus as the number of people in the nation who have contracted the disease rose to above 70, officials said.\r\nThe dead man had been living in a nursing home, the Lynn Valley Care Centre in \u2026 [+2216 chars]"}, {"source": {"id": "the-times-of-india", "name": "The Times of India"}, "author": "AFP", "title": "Coronavirus: US plane diverted after passengers upset by sneezing", "description": "Mounting concern over the spread of coronavirus was apparently behind a US flight being diverted at the weekend after passengers became upset over someone sneezing and coughing.", "url": "https://economictimes.indiatimes.com/news/international/world-news/coronavirus-us-plane-diverted-after-passengers-upset-by-sneezing/articleshow/74560351.cms", "urlToImage": "https://img.etimg.com/thumb/msid-74560349,width-1070,height-580,imgsize-775634,overlay-economictimes/photo.jpg", "publishedAt": "2020-03-10T03:40:04Z", "content": "LOS ANGELES: Mounting concern over the spread of coronavirus was apparently behind a US flight being diverted at the weekend after passengers became upset over someone sneezing and coughing.\r\nUnited Airlines told AFP in a statement that the flight -- headed f\u2026 [+636 chars]"}, {"source": {"id": "the-times-of-india", "name": "The Times of India"}, "author": "AFP", "title": "UN appeals for funds to shield refugees from coronavirus", "description": "The refugee agency pointed out that 34 of the more than 100 countries affected by the global COVID-19 outbreak host refugee populations of over 20,000 people. UNHCR said it was making preparations and laying contingency plans to respond in case the virus begi\u2026", "url": "https://economictimes.indiatimes.com/news/international/world-news/un-appeals-for-funds-to-shield-refugees-from-coronavirus/articleshow/74566385.cms", "urlToImage": "https://img.etimg.com/thumb/msid-74566466,width-1070,height-580,imgsize-590289,overlay-economictimes/photo.jpg", "publishedAt": "2020-03-10T16:09:45Z", "content": "Geneva: The United Nations made an urgent appeal Tuesday for tens of millions of dollars to help protect vulnerable refugees against the spread of the deadly new coronavirus. The UN refugee agency said it was seeking an initial USD 33 million \"to boost the pr\u2026 [+1944 chars]"}, {"source": {"id": "the-times-of-india", "name": "The Times of India"}, "author": null, "title": "Coronavirus: AIFF postpones final round of Santosh Trophy football", "description": "Football News: The final round of the Hero Santosh Trophy 2019-20, scheduled to be played in Aizawl, has been postponed in wake of the novel coronavirus outbreak.", "url": "https://timesofindia.indiatimes.com/sports/football/top-stories/coronavirus-aiff-postpones-final-round-of-santosh-trophy-football/articleshow/74560878.cms", "urlToImage": "https://static.toiimg.com/thumb/msid-74560868,width-1070,height-580,imgsize-1156836,resizemode-75,overlay-toi_sw,pt-32,y_pad-40/photo.jpg", "publishedAt": "2020-03-10T04:52:59Z", "content": null}, {"source": {"id": "the-times-of-india", "name": "The Times of India"}, "author": null, "title": "Coronavirus as deadly for Italian football as two World Wars", "description": "From Tuesday all sporting events in the Mediterranean country, including the top-flight Serie A league, will be suspended for a month because of the coronavirus crisis. Italian Prime Minister Giuseppe Conte made the dramatic announcement as the nation grapple\u2026", "url": "https://timesofindia.indiatimes.com/sports/football/top-stories/coronavirus-as-deadly-for-italian-football-as-two-world-wars/articleshow/74565608.cms", "urlToImage": "https://static.toiimg.com/thumb/msid-74565822,width-1070,height-580,imgsize-11041704,resizemode-75,overlay-toi_sw,pt-32,y_pad-40/photo.jpg", "publishedAt": "2020-03-10T14:45:14Z", "content": "ROME: Only the gunfire of two World Wars had previously stopped \"calcio\" in football-mad Italy.\r\nBut from Tuesday all sporting events in the Mediterranean country, including the top-flight Serie A league, will be suspended for a month because of the coronavir\u2026 [+3301 chars]"}, {"source": {"id": "the-times-of-india", "name": "The Times of India"}, "author": "Ananya Jain", "title": "Northeastern States Shut Border With Myanmar and Ban Foreigners Over Coronavirus", "description": "An order issued by the state home department on Monday said the government has banned movement of people across the international border and shut all the gates along the Indo-Myanmar border at Moreh indefinitely.", "url": "https://www.indiatimes.com/trending/northeastern-states-shuts-border-with-myanmar-and-ban-foreigner-over-the-spread-virus-508102.html", "urlToImage": "https://im.indiatimes.in/content/2020/Mar/000_1PR0VV_5e6775c658c24.jpg", "publishedAt": "2020-03-10T09:07:40Z", "content": "The government of Manipur\u00a0 has announced the closure of all border entry points with Myanmar to prevent the spread of the highly contagious novel Coronavirus or COVID-19. Entry of any foreigners from these border checkpoints is banned.\r\nReuters\r\nAn order issu\u2026 [+1526 chars]"}, {"source": {"id": "the-times-of-india", "name": "The Times of India"}, "author": "Ananya Jain", "title": "Coronavirus Update From Gurugram: RWAs Sell Masks And Hand Sanitizers At Subsidised Rates", "description": "Gurugram, RWAs have joined hands with NGOs to setup camps which are offering respiratory masks and hand sanitizers at subsidised rates, as the shortage can be seen through local chemist and pharmacies stores are not able to restore the protective gears.", "url": "https://www.indiatimes.com/news/rwa-sells-masks-and-hand-sanitizers-subsidised-rates-at-gurugram-508081.html", "urlToImage": "https://im.indiatimes.in/content/2020/Mar/RTS352K6_5e6730f32a5e6.jpg", "publishedAt": "2020-03-10T05:40:44Z", "content": "Across New Gurugram, RWAs have joined hands with NGOs to setup camps which are offering respiratory masks and hand sanitizers at subsidised rates, as both the protective gears are nowhere to be found in the local chemist shops after people over-stocked these \u2026 [+1065 chars]"}, {"source": {"id": "the-times-of-india", "name": "The Times of India"}, "author": "Shweta Sengar", "title": "56 Patients Test Positive As Coronavirus Cases Rise In India; Govt Takes Preventive Measures", "description": "With nine new fresh cases recorded on Tuesday in the states of Kerala and Karnataka, the total number of confirmed cases of coronavirus in India now stands at 56.", "url": "https://www.indiatimes.com/news/india/56-patients-test-positive-as-coronavirus-cases-rise-in-india-govt-takes-preventive-measures-508113.html", "urlToImage": "https://im.indiatimes.in/content/2020/Mar/F894BF10-C31C-4A91-A4ED-091D1D27D85B_5e677ba704578.jpg", "publishedAt": "2020-03-10T11:25:25Z", "content": "With nine new fresh cases recorded on Tuesday in the states of Kerala and Karnataka, the total number of confirmed cases of coronavirus in India now stands at 56.\r\nSix new cases of coronavirus have been reported in Kerala and three in Karnataka.\u00a0\r\nAFP\r\nOther \u2026 [+1152 chars]"}, {"source": {"id": "the-times-of-india", "name": "The Times of India"}, "author": "Indiatimes", "title": "Coronavirus Death Toll Update, Petrol & Diesel Prices Decrease + More Top News", "description": "From coronavirus death toll rise to petrol, diesel price reduction due to global maket crash, here are the other top news of the day.", "url": "https://www.indiatimes.com/news/india/coronavirus-death-toll-update-petrol-diesel-prices-decrease-more-top-news-508120.html", "urlToImage": "https://im.indiatimes.in/content/2020/Mar/FBImage16-2_5e6789e1c4ba4.jpg", "publishedAt": "2020-03-10T12:30:24Z", "content": "Coronavirus: Death Toll Reaches 3,136 In China But Over 59,000 People Have Recovered\r\nChina reported 17 deaths on Monday from coronavirus taking the death toll by the deadly infection to 3,136 in the country. The number of cases of infection exceeded 80,750. \u2026 [+2573 chars]"}, {"source": {"id": "the-times-of-india", "name": "The Times of India"}, "author": "KC Archana", "title": "In Wake Of Coronavirus, Priests In Varanasi Temple Put Masks On Deities, Including A Shivalinga", "description": "Click here to read about a priest at a Varanasi temple has put face masks on deities and appealed to devotees to not touch the idols. The priest also urged people to not touch the idols to prevent the spread of coronavirus.", "url": "https://www.indiatimes.com/trending/wtf/coronavirus-scare-priest-at-varanasi-temple-puts-face-masks-on-deity-508107.html", "urlToImage": "https://im.indiatimes.in/content/2020/Mar/Mask-12-_5e6767c190c8a.jpg", "publishedAt": "2020-03-10T09:38:49Z", "content": "From panic buying masks and sanitizers, to composing songs asking coronavirus to leave the country, and resorting to the Wuhan-leg-shake to avoid contact, the coronavirus scare in India is palpable.\r\nANI\r\nMore so, as the number of positive cases climbs day af\u2026 [+1831 chars]"}, {"source": {"id": "the-times-of-india", "name": "The Times of India"}, "author": "KC Archana", "title": "Bengaluru Cabbie Is Giving Passengers Free Masks In A Bid To Prevent The Spread Of Coronavirus", "description": "Click here to read about  a Bengaluru cabbie is doing his bit to contain the spread of the virus and misinformation with his kind gesture.  Azam Khan, 40, an Uber driver, has been distributing masks free of cost to his passengers and ha also been giving peopl\u2026", "url": "https://www.indiatimes.com/trending/human-interest/bengaluru-cabbie-coronavirus-free-masks-to-passengers-508072.html", "urlToImage": "https://im.indiatimes.in/content/2020/Mar/Mask-12_5e6725c8f04eb.jpg", "publishedAt": "2020-03-10T04:48:28Z", "content": "With the rapid spread of the deadly novel Coronavirus, people across the world have been in a panic-buying mode.\r\nHand sanitizers and protective face masks have been flying off the shelves ever since the outbreak, leaving many with no access to them. Apart fr\u2026 [+2485 chars]"}, {"source": {"id": "the-times-of-india", "name": "The Times of India"}, "author": "Indiatimes", "title": "Coronavirus: Death Toll Reaches 3,136 In China But Over 59,000 People Have Recovered", "description": "China reported 17 death on Monday from coronavirus taking the death toll by the deadly infection to 3,136 in the country.", "url": "https://www.indiatimes.com/news/world/coronavirus-death-toll-reaches-3136-in-china-but-over-59000-people-have-recovered-508070.html", "urlToImage": "https://im.indiatimes.in/content/2020/Mar/BEA73CE7-245B-48D1-AFE9-60469165EC47_5e672120654d6.jpg", "publishedAt": "2020-03-10T05:10:57Z", "content": "China reported 17 deaths on Monday from coronavirus taking the death toll by the deadly infection to 3,136 in the country.\r\nAFP\r\nThe number of cases of infection exceeded 80,750.\r\n\"The state health committee received from 31 provinces (areas, cities of centra\u2026 [+1767 chars]"}, {"source": {"id": "the-times-of-india", "name": "The Times of India"}, "author": "Shweta Sengar", "title": "Boy Returning From Italy, Couple From Dubai Test Positive; Coronavirus Cases In India At 46 Now", "description": "A three-year-old boy with travel history to Italy, a couple returning from Dubai and a Delhi man who had been in touch with the PayTm employee with coronavirus have been found positive for the novel virus.\n\nWith these new cases, the total count of positive co\u2026", "url": "https://www.indiatimes.com/news/india/boy-returning-from-italy-couple-from-dubai-test-positive-coronavirus-cases-in-india-at-46-now-508071.html", "urlToImage": "https://im.indiatimes.in/content/2020/Mar/afp_5e65d429bc1d1.jpg", "publishedAt": "2020-03-10T05:10:52Z", "content": "A three-year-old boy with travel history to Italy, a couple returning from Dubai and a Delhi man who had been in touch with the PayTm employee with coronavirus have been found positive for the novel virus.\r\nWith these new cases, the total count of positive co\u2026 [+1124 chars]"}, {"source": {"id": "the-times-of-india", "name": "The Times of India"}, "author": "Shweta Sengar", "title": "Bad News! Coronavirus Spreads Through Human Contact, Rise In Temperature Won't Slow It Down", "description": "It was largely speculated that the novel coronavirus could be contained once the mercury rises. However, if experts are to be believed there is no correlation found between temperature variations and spread of coronavirus, dampening the hopes of researchers w\u2026", "url": "https://www.indiatimes.com/news/india/bad-news-coronavirus-spreads-through-human-contact-rise-in-temperature-wont-slow-it-down-508077.html", "urlToImage": "https://im.indiatimes.in/content/2020/Mar/coronavirus-hugging_5e6731431ebd6.jpg", "publishedAt": "2020-03-10T06:15:03Z", "content": "It was largely speculated that the novel coronavirus could be contained once the mercury rises. However, if experts are to be believed, there is no corelation found between temperature variations and spread of coronavirus, dampening the hopes of researchers w\u2026 [+1911 chars]"}, {"source": {"id": "the-times-of-india", "name": "The Times of India"}, "author": "Vatsala Devki Vats", "title": "9 Major Events In The World Of Entertainment Bear The Brunt Of Coronavirus Outbreak", "description": "With the outbreak of Coronavirus and the world witnesses a global health emergency of this kind for the first time, the biggest question plagued in front of event planners, movie directors and celebrities is that indulging anything that results in a public ga\u2026", "url": "https://www.indiatimes.com/entertainment/9-major-events-in-the-world-of-entertainment-bear-the-brunt-of-coronavirus-outbreak-508114.html", "urlToImage": "https://im.indiatimes.in/content/2020/Mar/FBImage12-1_5e677c9e33f42.jpg", "publishedAt": "2020-03-10T09:48:54Z", "content": "With the outbreak of Coronavirus and the world witnessing a global health emergency of this severity, the biggest question plagued in front of event planners, movie directors and celebrities is that - does indulging in anything that results in a public gather\u2026 [+3542 chars]"}, {"source": {"id": "the-times-of-india", "name": "The Times of India"}, "author": "Monit Khanna", "title": "Bill Gates Is Donating Rs 37 Crore Of Coronavirus Test Kits For Free, Which Is Awesome", "description": "According to Scott Dowell, leader of coronavirus response at the Bill and Melinda Gates Foundation, their main motive is to eventually process thousands of tests every day, using these kits. These kits will allow people to take swabs of their noses and send t\u2026", "url": "https://www.indiatimes.com/technology/news/bill-gates-is-donating-rs-37-crore-of-coronavirus-test-kits-for-free-which-is-awesome-508058.html", "urlToImage": "https://im.indiatimes.in/content/2020/Mar/Facebook-Image-1_5e66340748832.jpg", "publishedAt": "2020-03-10T04:11:34Z", "content": "Coronavirus cases in the US are rising at an exponential rate, especially in the city of Seattle in Washington.\u00a0 \r\nOn Sunday, the death toll in Washington state reached 19 and the confirmed cases, reported by the Washington Department of Health, hit at least \u2026 [+1641 chars]"}, {"source": {"id": "the-times-of-india", "name": "The Times of India"}, "author": "Monit Khanna", "title": "Apple On Coronavirus: It's Safe To Clean Your iPhone With Disinfectant Wipes", "description": "As the ongoing Coronavirus outbreak has sent everyone scrambling to stay clean and safe, but all that is useless if you don't clean your phone -- which is a breeding ground for all kinds of germs and bacteria and virus. Taking note, Apple has released a state\u2026", "url": "https://www.indiatimes.com/technology/news/apple-on-coronavirus-its-safe-to-clean-your-iphone-with-disinfectant-wipes-508104.html", "urlToImage": "https://im.indiatimes.in/content/2020/Mar/iphone-coronavirus_FB_5e675ff28f9fe.jpg", "publishedAt": "2020-03-10T09:17:00Z", "content": "As the ongoing novel Coronavirus outbreak sends everyone scrambling to stay clean and safe, please know that all of it's useless if you don't take the effort to clean your phone -- which is a breeding ground for all kinds of germs, bacteria and virus. \r\nTakin\u2026 [+1909 chars]"}, {"source": {"id": "the-times-of-india", "name": "The Times of India"}, "author": "Anuj Tiwari", "title": "These Haunting Pictures Show How Coronavirus Impacts Millions Of Lives In Italy", "description": "Look out Scenes from Italy after the country locked down much of its northern region in a bid to fight the coronavirus outbreak.", "url": "https://www.indiatimes.com/trending/social-relevance/these-haunting-pictures-show-how-coronavirus-impacts-millions-of-lives-in-italy-508106.html", "urlToImage": "https://im.indiatimes.in/photogallery/2020/Mar/fb_5e6765227827e.jpg", "publishedAt": "2020-03-10T07:50:51Z", "content": "Gino Verani, 87, suffers from senile dementia and with his town being on lockdown due to a coronavirus outbreak, it has caused him additional confusion. To try and help distract him, his family give him a pen and paper to draw his thoughts. He draws a plane, \u2026 [+140 chars]"}, {"source": {"id": "the-times-of-india", "name": "The Times of India"}, "author": "PTI", "title": "Coronavirus outbreak could cost global economy up to USD 2 trillion: UNCTAD", "description": "\"We envisage a slowdown in the global economy to under two per cent for this year, and that will probably cost in the order of USD 1 trillion, compared with what people were forecasting back in September,\u201d Director, Division on Globalization and Development S\u2026", "url": "https://economictimes.indiatimes.com/news/international/business/coronavirus-outbreak-could-cost-global-economy-up-to-usd-2-trillion-unctad/articleshow/74560638.cms", "urlToImage": "https://img.etimg.com/thumb/msid-74560670,width-1070,height-580,imgsize-320791,overlay-economictimes/photo.jpg", "publishedAt": "2020-03-10T04:38:37Z", "content": "The coronavirus outbreak could cost the global economy up to USD 2 trillion this year, the UN's trade and development agency said, warning that shock from the epidemic will cause a recession in some countries and depress global annual growth to below 2.5 per \u2026 [+3795 chars]"}, {"source": {"id": "the-times-of-india", "name": "The Times of India"}, "author": "AP", "title": "Coronavirus: Xi Jinping makes 1st visit since outbreak to China's epicenter Wuhan", "description": "Xi will inspect the epidemic prevention and control work and visit medical workers, community volunteers, patients and others on the front lines, state media said.", "url": "https://economictimes.indiatimes.com/news/international/world-news/coronavirus-xi-jinping-makes-1st-visit-since-outbreak-to-chinas-epicenter-wuhan/articleshow/74560634.cms", "urlToImage": "https://img.etimg.com/thumb/msid-74560641,width-1070,height-580,imgsize-89644,overlay-economictimes/photo.jpg", "publishedAt": "2020-03-10T04:31:32Z", "content": "BEIJING - Chinese President Xi Jinping on Tuesday made his first visit to Wuhan, the central Chinese city that has been hit hardest by the new virus epidemic.\r\nState media reported Xi arrived in the morning in Wuhan, which is currently under lockdown along wi\u2026 [+1192 chars]"}, {"source": {"id": "the-times-of-india", "name": "The Times of India"}, "author": null, "title": "Serie A, all sport in Italy halted because of coronavirus crisis", "description": "Italian Prime Minister Giuseppe Conte on Monday announced the suspension until April 3 of all sporting events in the country, including the top-flight Serie A football league, as Italy grapples with the coronavirus crisis.", "url": "https://timesofindia.indiatimes.com/sports/football/top-stories/serie-a-all-sport-in-italy-halted-because-of-coronavirus-crisis/articleshow/74560002.cms", "urlToImage": "https://static.toiimg.com/thumb/msid-74559995,width-1070,height-580,imgsize-1290192,resizemode-75,overlay-toi_sw,pt-32,y_pad-40/photo.jpg", "publishedAt": "2020-03-10T02:36:32Z", "content": "ROME: Italian Prime Minister Giuseppe Conte on Monday announced the suspension until April 3 of all sporting events in the country, including the top-flight Serie A football league, as Italy grapples with the coronavirus crisis.\r\nThe final Serie A game before\u2026 [+3239 chars]"}, {"source": {"id": "the-times-of-india", "name": "The Times of India"}, "author": "Sylvester Tamang", "title": "Scientists In London Will Pay Volunteers Rs 3 Lakh To Be Infected With Coronavirus To Find Cure", "description": "Scientists in London are now paying volunteers around \u00a33,500 (Rs 3,38,144 approximately) to be infected in experiments to develop a vaccine for the deadly virus.", "url": "https://www.indiatimes.com/news/world/scientists-in-london-will-pay-volunteers-rs-3-lakh-to-be-infected-with-coronavirus-to-find-cure-508096.html", "urlToImage": "https://im.indiatimes.in/content/2020/Mar/FBImage8-11_5e675639b1803.jpg", "publishedAt": "2020-03-10T09:00:39Z", "content": "Coronavirus has been affecting people at a rapid rate on a daily basis. With almost 4,000 deaths around the world so far and close to a lakh people testing positive for the deadly Covid-19. Scientists have now expedited their process of finding a cure and vac\u2026 [+1832 chars]"}]}