{"status": "ok", "totalResults": 157, "articles": [{"source": {"id": "the-times-of-india", "name": "The Times of India"}, "author": "PTI", "title": "Man suspected of coronavirus commits suicide", "description": "NEW DELHI: A man suspected to be infected with coronavirus allegedly committed suicide by jumping off the seventh floor of a Safdarjung Hospital build.", "url": "https://timesofindia.indiatimes.com/city/delhi/man-suspected-of-coronavirus-commits-suicide-by-jumping-off-safdarjung-hospital-building-police/articleshow/74698922.cms", "urlToImage": "https://static.toiimg.com/thumb/msid-74698878,width-1070,height-580,imgsize-106133,resizemode-75,overlay-toi_sw,pt-32,y_pad-40/photo.jpg", "publishedAt": "2020-03-18T17:28:41Z", "content": null}, {"source": {"id": "the-times-of-india", "name": "The Times of India"}, "author": null, "title": "Coronavirus in India live: Mumbai on alert", "description": "Maharashtra on Tuesday recorded its first Covid-19 casualty\u2014India\u2019s third \u2014with the death of a 63-year-old man who was undergoing treatment at Kasturba Hospital, Chinchpokli. Another patient undergoing treatment at Kasturba is said to be critical. Stay with T\u2026", "url": "http://timesofindia.indiatimes.com/city/mumbai/coronavirus-in-india-live-updates-march-18-2020/articleshow/74683100.cms", "urlToImage": null, "publishedAt": "2020-03-18T02:22:42Z", "content": null}, {"source": {"id": "the-times-of-india", "name": "The Times of India"}, "author": "Ruchika Uniyal", "title": "How coronavirus will affect tourism in India", "description": "India has now shut all monuments under Archaeological Survey of India \u2014 including Taj Mahal and Red Fort \u2014 to public until the end of March. TOI looks at the impact of this decision", "url": "https://timesofindia.indiatimes.com/india/with-3700-protected-sites-closed-revenues-hit-1-7-lakh-stare-at-job-loss/articleshow/74685179.cms", "urlToImage": "https://static.toiimg.com/thumb/msid-74685179,width-1070,height-580,imgsize-1,resizemode-6,overlay-toi_sw,pt-32,y_pad-40/photo.jpg", "publishedAt": "2020-03-18T07:34:11Z", "content": "Rajasthan has entered a complete lockdown on March 8 and will close down all historical monuments, including Hawa Mahal, Jantar Mantar, Amber Fort and other popular spots, starting Wednesday in a bid prevent the spread of coronavirus. The ASI will shut all 22\u2026 [+992 chars]"}, {"source": {"id": "the-times-of-india", "name": "The Times of India"}, "author": null, "title": "Coronavirus: List of labs for collection of samples", "description": null, "url": "https://timesofindia.indiatimes.com/photo/74698453.cms", "urlToImage": null, "publishedAt": "2020-03-18T17:26:07Z", "content": null}, {"source": {"id": "the-times-of-india", "name": "The Times of India"}, "author": "Pranbihanga Borpuzari", "title": "Struggling businesses face coronavirus test", "description": "Struggling businesses face coronavirus testA string of economic, policy and structural changes over the last three years have dealt a hammer blow to millions of small businesses across the country. Coronavirus may be the death knell.", "url": "https://economictimes.indiatimes.com/small-biz/sme-sector/demonetisation-gst-liquidity-crisis-drove-small-businesses-to-the-brink-then-came-coronavirus/articleshow/74684570.cms", "urlToImage": "https://img.etimg.com/thumb/msid-74684961,width-1070,height-580,imgsize-59135,overlay-etrise/photo.jpg", "publishedAt": "2020-03-18T04:58:09Z", "content": "The shock demonitisation of 2016, the haphazard implementation of GST and the liquidity crisis that followed the collapse of IL&amp;FS meant MSMEs across the country were struggling. What more could have gone wrong? It seems the worst was yet to come. \r\nCoron\u2026 [+8227 chars]"}, {"source": {"id": "the-times-of-india", "name": "The Times of India"}, "author": "PTI", "title": "Lucknow doc tests positive for coronavirus", "description": "Lucknow doc tests positive for coronavirus\"A woman from Canada and one of her relatives, who came in contact with her, are undergoing treatment for COVID-19 at an isolation ward at KGMU. A 25-year-old junior resident doctor had taken the samples of these pati\u2026", "url": "https://economictimes.indiatimes.com/news/politics-and-nation/lucknow-doctor-tests-positive-after-coming-in-contact-with-2-coronavirus-patients/articleshow/74689971.cms", "urlToImage": "https://img.etimg.com/thumb/msid-74690002,width-1070,height-580,imgsize-86829,overlay-economictimes/photo.jpg", "publishedAt": "2020-03-18T09:13:23Z", "content": "LUCKNOW: A 25-year-old junior resident doctor at the King George Medical University here has tested positive for novel coronavirus after coming in contact with two patients undergoing treatment for the disease at its premises, a hospital spokesperson said on \u2026 [+870 chars]"}, {"source": {"id": "the-times-of-india", "name": "The Times of India"}, "author": "PTI", "title": "Man suspected of Coronavirus commits suicide", "description": "The man was brought by the airport authorities as a coronavirus suspect and was immediately put in the isolation ward, hospital sources said.", "url": "https://economictimes.indiatimes.com/news/politics-and-nation/man-suspected-of-covid-19-commits-suicide/articleshow/74700431.cms", "urlToImage": "https://img.etimg.com/thumb/msid-74702510,width-1070,height-580,imgsize-75693,overlay-economictimes/photo.jpg", "publishedAt": "2020-03-18T23:14:42Z", "content": "New Delhi: A man suspected to be infected with Covid-19 allegedly committed suicide by jumping off the seventh floor of a Safdarjung Hospital building on Wednesday, soon after he was admitted to the facility here by airport authorities, police said. The man w\u2026 [+624 chars]"}, {"source": {"id": "the-times-of-india", "name": "The Times of India"}, "author": "Venkat Ananth", "title": "Coronavirus infodemic in its second stage: Fact checkers", "description": "In India, fact-checkers tell ET, the coronavirus infodemic is now in its second wave of sorts (the first one was China-focused in January), and trends suggest, it could be at its deadliest, with reports of Indians testing positive for the virus only increasin\u2026", "url": "https://economictimes.indiatimes.com/tech/internet/fact-checking-the-infodemic/articleshow/74700442.cms", "urlToImage": "https://img.etimg.com/thumb/msid-74702592,width-1070,height-580,imgsize-61348,overlay-economictimes/photo.jpg", "publishedAt": "2020-03-18T23:15:30Z", "content": "Bengaluru: Last weekend, an audio message, purportedly from a lady whose father was an army doctor, went viral on WhatsApp. The message claimed that \u201carmy hospitals are in direct contact with the ministry of health, and they\u2019ve been ordered to create quaranti\u2026 [+4866 chars]"}, {"source": {"id": "the-times-of-india", "name": "The Times of India"}, "author": "Bloomberg", "title": "Uttar Pradesh plans cash handouts to soften coronavirus blow", "description": "UP's proposal is the latest in a string of cash handouts planned by countries ranging from the US to Japan as part of a stimulus package to deal with the economic impact of the pandemic. The central government led by Prime Minister Narendra Modi is yet to ann\u2026", "url": "https://economictimes.indiatimes.com/news/politics-and-nation/uttar-pradesh-plans-cash-handouts-to-soften-coronavirus-blow/articleshow/74689046.cms", "urlToImage": "https://img.etimg.com/thumb/msid-74689107,width-1070,height-580,imgsize-170357,overlay-economictimes/photo.jpg", "publishedAt": "2020-03-18T08:26:04Z", "content": "By Vrishti BeniwalUttar Pradesh, with a population about the size of Brazil, is planning to provide cash transfers to labourers earning wages daily to shield workers without formal jobs as the coronavirus outbreak slows economic activity.\r\nThe state, home to \u2026 [+973 chars]"}, {"source": {"id": "the-times-of-india", "name": "The Times of India"}, "author": "PTI", "title": "Niti Aayog, stakeholders discuss R&D requirement for coronavirus vaccine", "description": "The deadly virus, which originated in China in December last year, has spread to 155 countries, infected more than 180,000 people and claimed over 8,000 lives. The number of novel coronavirus cases in India rose to 151 on Wednesday after four more were report\u2026", "url": "https://economictimes.indiatimes.com/news/politics-and-nation/niti-aayog-stakeholders-discuss-rd-requirement-for-coronavirus-vaccine/articleshow/74695765.cms", "urlToImage": "https://img.etimg.com/thumb/msid-74696338,width-1070,height-580,imgsize-142614,overlay-economictimes/photo.jpg", "publishedAt": "2020-03-18T14:54:36Z", "content": "NEW DELHI: Niti Aayog Member V K Paul on Wednesday chaired a meeting with the government's Principal Scientific Adviser K Vijay Raghavan on the R&amp;D requirement for developing a vaccine for Covid-19.\r\nThe deadly virus, which originated in China in December\u2026 [+964 chars]"}, {"source": {"id": "the-times-of-india", "name": "The Times of India"}, "author": "PTI", "title": "Modi lauds those working to combat coronavirus, says teamwork important", "description": "He also appreciated Odisha Chief Minister Naveen Patnaik for setting an example by registering his sister's details in the government portal for people coming from abroad.", "url": "https://economictimes.indiatimes.com/news/politics-and-nation/modi-lauds-those-working-to-combat-coronavirus-says-teamwork-important/articleshow/74696277.cms", "urlToImage": "https://img.etimg.com/thumb/msid-74696272,width-1070,height-580,imgsize-459467,overlay-economictimes/photo.jpg", "publishedAt": "2020-03-18T14:47:30Z", "content": "NEW DELHI: Prime Minister Narendra Modi on Wednesday hailed those involved in combating the coronavirus outbreak as he responded to several tweets on the fight against the deadly virus.\r\nHe also appreciated Odisha Chief Minister Naveen Patnaik for setting an \u2026 [+1400 chars]"}, {"source": {"id": "the-times-of-india", "name": "The Times of India"}, "author": "Reuters", "title": "Australia declares emergency, warns coronavirus crisis could last six months", "description": "Australian Prime Minister Scott Morrison on Wednesday declared a \"human biosecurity emergency\" and said the country's citizens should abandon all overseas travel because of the coronavirus epidemic that he warned could last at least six months.", "url": "https://economictimes.indiatimes.com/news/international/world-news/australia-declares-emergency-warns-coronavirus-crisis-could-last-six-months/articleshow/74686006.cms", "urlToImage": "https://img.etimg.com/thumb/msid-74686012,width-1070,height-580,imgsize-311711,overlay-economictimes/photo.jpg", "publishedAt": "2020-03-18T05:59:10Z", "content": "SYDNEY: Australian Prime Minister Scott Morrison on Wednesday declared a \"human biosecurity emergency\" and said the country's citizens should abandon all overseas travel because of the coronavirus epidemic that he warned could last at least six months.\r\nThe f\u2026 [+4016 chars]"}, {"source": {"id": "the-times-of-india", "name": "The Times of India"}, "author": "PTI", "title": "Indian Army reports its first case of coronavirus", "description": "Indian Army reports its first case of coronavirusThe soldier, a resident of Chuhot village in Leh, came in contact with his father, who had returned from a pilgrimage in Iran by an Air India flight on February 20 and tested positive for COVID-19. He is curren\u2026", "url": "https://economictimes.indiatimes.com/news/defence/indian-army-reports-its-first-case-of-coronavirus-indias-total-at-147/articleshow/74685229.cms", "urlToImage": "https://img.etimg.com/thumb/msid-74685307,width-1070,height-580,imgsize-578865,overlay-etdefence/photo.jpg", "publishedAt": "2020-03-18T05:20:41Z", "content": "NEW DELHI: In the first case of the coronavirus in the Indian Army, a 34-year-old soldier has tested positive for the infection in Leh, army sources said on Wednesday as the the total number of cases in India rose to 147.\r\nThe soldier, a resident of Chuhot vi\u2026 [+1280 chars]"}, {"source": {"id": "the-times-of-india", "name": "The Times of India"}, "author": "ET CONTRIBUTORS", "title": "Coronavirus scare: Should you stop SIP, switch to debt, invest a lumpsum...", "description": "Coronavirus scare: Should you stop SIP, switch to debt, invest a lumpsum...Don't invest just because the markets are down. Invest because you were underweight on equity in your overall investments. Don't take any decision in panic - be it selling or buying eq\u2026", "url": "https://economictimes.indiatimes.com/mf/analysis/coronavirus-scare-should-you-stop-sip-switch-to-debt-invest-a-lumpsum-/articleshow/74684900.cms", "urlToImage": "https://img.etimg.com/thumb/msid-74685070,width-1070,height-580,imgsize-242125,overlay-etwealthmutualfunds/photo.jpg", "publishedAt": "2020-03-18T05:04:36Z", "content": "By Ashish ModaniKuch Karo na? Abhi Kya Karna Chahiye? Should I increase my SIP?Should I invest lumpsum now?Should I stop my SIP?Should I switch to debt mutual funds?The questions are pouring in. And to be frank, even I am a bit confused. Yes, that is true. If\u2026 [+2331 chars]"}, {"source": {"id": "the-times-of-india", "name": "The Times of India"}, "author": "ANI", "title": "Novel coronavirus a product of natural evolution, not lab made: Study", "description": "The analysis of public genome sequence data from SARS-CoV-2 and related viruses found no evidence that the virus was made in a laboratory or otherwise engineered.", "url": "https://economictimes.indiatimes.com/news/international/world-news/novel-coronavirus-a-product-of-natural-evolution-not-lab-made-study/articleshow/74688711.cms", "urlToImage": "https://img.etimg.com/thumb/msid-74688805,width-1070,height-580,imgsize-289275,overlay-economictimes/photo.jpg", "publishedAt": "2020-03-18T08:03:30Z", "content": "WASHINGTON DC: A new study suggests that the coronavirus disease (COVID-19) that emerged from China's Wuhan city is a product of natural evolution.\r\nThe study was published in the journal - Nature Medicine.\r\nThe analysis of public genome sequence data from SA\u2026 [+6725 chars]"}, {"source": {"id": "the-times-of-india", "name": "The Times of India"}, "author": "PTI", "title": "Centre issuing advisory to states after incidents of racial remarks against people from the North East on coronavirus", "description": "The total number of novel coronavirus cases in the country rose to 147 with 10 fresh cases reported from various parts of the country on Wednesday. The cases include 25 foreign nationals and the three persons who died in Delhi, Karnataka and Maharashtra.", "url": "https://economictimes.indiatimes.com/news/politics-and-nation/centre-issuing-advisory-to-states-after-incidents-of-racial-remarks-against-people-from-the-north-east-on-coronavirus/articleshow/74690847.cms", "urlToImage": "https://img.etimg.com/thumb/msid-74690908,width-1070,height-580,imgsize-97993,overlay-economictimes/photo.jpg", "publishedAt": "2020-03-18T09:55:45Z", "content": "NEW DELHI: Union Minister Kiren Rijiju on Wednesday said a strict advisory is being issued to all states to take action after some incidents of racial remarks against people belonging to the North East in some parts of the country were reported in the wake of\u2026 [+962 chars]"}, {"source": {"id": "the-times-of-india", "name": "The Times of India"}, "author": "PTI", "title": "PDS beneficiaries can lift 6-month quota of grains in one go: Ram Vilas Paswan amid coronavirus concerns", "description": "Currently, beneficiaries are lifting grains in advance for maximum two months, while the Punjab government is already distributing six-month quota in one go, he said.", "url": "https://economictimes.indiatimes.com/news/politics-and-nation/pds-beneficiaries-can-lift-6-month-quota-of-grains-in-one-go-ram-vilas-paswan-amid-coronavirus-concerns/articleshow/74695460.cms", "urlToImage": "https://img.etimg.com/thumb/msid-74695586,width-1070,height-580,imgsize-795899,overlay-economictimes/photo.jpg", "publishedAt": "2020-03-18T14:00:23Z", "content": "NEW DELHI: Union Minister Ram Vilas Paswan on Wednesday said 75 crore beneficiaries under the public distribution system will be allowed to lift their quota of subsidised foodgrains for six months in one go, amid the coronavirus outbreak.\r\nCurrently, benefici\u2026 [+1664 chars]"}, {"source": {"id": "the-times-of-india", "name": "The Times of India"}, "author": "PTI", "title": "Pune woman tests positive for coronavirus; Maharashtra count climbs to 42 - Times of India", "description": "Pune woman tests positive for coronavirus; Maharashtra count climbs to 42 Times of India Coronavirus live updates | Two more test positive in Leh and Pune The Hindu Coronavirus update: Pune Police asks shops, bars and eateries to close voluntarily Livemint 24\u2026", "url": "https://timesofindia.indiatimes.com/city/pune/pune-woman-tests-positive-for-coronavirus-maharashtra-count-climbs-to-42/articleshow/74684191.cms", "urlToImage": "https://static.toiimg.com/thumb/msid-74684174,width-1070,height-580,imgsize-121081,resizemode-75,overlay-toi_sw,pt-32,y_pad-40/photo.jpg", "publishedAt": "2020-03-18T05:26:07Z", "content": null}, {"source": {"id": "the-times-of-india", "name": "The Times of India"}, "author": "TNN", "title": "Govt imposes section 144 in Rajasthan to contain spread of coronavirus outbreak - Times of India", "description": "Govt imposes section 144 in Rajasthan to contain spread of coronavirus outbreak Times of India Rajasthan couple, 3-yr-old test Covid-19 positive, curfew ordered in 1-km radius Hindustan Times Section 144, prohibiting gathering of more than 4, imposed in Rajas\u2026", "url": "https://timesofindia.indiatimes.com/city/jaipur/govt-imposes-section-144-in-rajasthan-to-contain-spread-of-coronavirus-outbreak/articleshow/74699616.cms", "urlToImage": "https://static.toiimg.com/thumb/msid-74699606,width-1070,height-580,imgsize-299925,resizemode-75,overlay-toi_sw,pt-32,y_pad-40/photo.jpg", "publishedAt": "2020-03-18T19:54:00Z", "content": null}, {"source": {"id": "the-times-of-india", "name": "The Times of India"}, "author": "PTI", "title": "No fresh coronavirus case in Mumbai on Wednesday morning: BMC - Times of India", "description": "Number of novel coronavirus cases in Mumbai remained constant and no new case was recorded on Wednesday morning, a senior civic official said.", "url": "https://timesofindia.indiatimes.com/city/mumbai/no-fresh-coronavirus-case-in-mumbai-on-wednesday-morning-bmc/articleshow/74688387.cms", "urlToImage": "https://static.toiimg.com/thumb/msid-74688390,width-1070,height-580,imgsize-113114,resizemode-75,overlay-toi_sw,pt-32,y_pad-40/photo.jpg", "publishedAt": "2020-03-18T08:36:40Z", "content": null}, {"source": {"id": "the-times-of-india", "name": "The Times of India"}, "author": "TIMESOFINDIA.COM", "title": "Doctors Speak: Most commonly asked questions about Coronavirus - Times of India", "description": "Doctors Speak: Most commonly asked questions about Coronavirus Times of India Coronavirus and ibuprofen: Separating fact from fiction BBC News Is coronavirus curable; symptoms of the disease and how to prevent it: Top questions on COVID-19 answered Firstpost \u2026", "url": "https://timesofindia.indiatimes.com/life-style/health-fitness/health-news/doctor-speaks-most-commonly-asked-questions/articleshow/74695387.cms", "urlToImage": "https://static.toiimg.com/photo/msid-74695563/74695563.jpg?495179", "publishedAt": "2020-03-18T14:18:39Z", "content": "Can the virus spread through non-vegetarian food? When should I be tested for COVID-19? What should I do if someone in my surroundings has the flu? We have tried getting answers to some widely circulating questions among the public about coronavirus.\r\nQuestio\u2026 [+12039 chars]"}, {"source": {"id": "the-times-of-india", "name": "The Times of India"}, "author": "TNN", "title": "Coronavirus: First positive case reported in Kashmir", "description": "India News: SRINAGAR: A 67-year-old woman who recently returned from Saudi Arabia is the first person in Kashmir division to be tested positive with Covid-19, a g.", "url": "https://timesofindia.indiatimes.com/india/coronavirus-first-positive-case-reported-in-kashmir/articleshow/74699181.cms", "urlToImage": "https://static.toiimg.com/thumb/msid-47529300,width-1070,height-580,imgsize-110164,resizemode-75,overlay-toi_sw,pt-32,y_pad-40/photo.jpg", "publishedAt": "2020-03-18T17:23:35Z", "content": null}, {"source": {"id": "the-times-of-india", "name": "The Times of India"}, "author": "TNN", "title": "Coronavirus outbreak: TMC members suspend activities", "description": "India News: NEW DELHI: In the wake of the novel coronavirus outbreak, political parties across the board have suspended activities in West Bengal and have asked t.", "url": "https://timesofindia.indiatimes.com/india/coronavirus-outbreak-tmc-members-suspend-activities/articleshow/74700388.cms", "urlToImage": "https://static.toiimg.com/thumb/msid-47529300,width-1070,height-580,imgsize-110164,resizemode-75,overlay-toi_sw,pt-32,y_pad-40/photo.jpg", "publishedAt": "2020-03-18T18:36:24Z", "content": "Copyright \u00a9 2020 Bennett, Coleman &amp; Co. Ltd. All rights reserved. For reprint rights: Times Syndication Service"}, {"source": {"id": "the-times-of-india", "name": "The Times of India"}, "author": "TNN", "title": "Companies wait weeks for coronavirus test validation", "description": "India News: While the US Food and Drug Administration gave clearance for diagnostic tests for Covid-19 within 24 hours of application by two companies, in India a.", "url": "https://timesofindia.indiatimes.com/india/companies-wait-weeks-for-coronavirus-test-validation/articleshow/74701811.cms", "urlToImage": "https://static.toiimg.com/thumb/msid-47529300,width-1070,height-580,imgsize-110164,resizemode-75,overlay-toi_sw,pt-32,y_pad-40/photo.jpg", "publishedAt": "2020-03-18T23:20:32Z", "content": "Copyright \u00a9 2020 Bennett, Coleman &amp; Co. Ltd. All rights reserved. For reprint rights: Times Syndication Service"}, {"source": {"id": "the-times-of-india", "name": "The Times of India"}, "author": "TNN", "title": "Coronavirus scare: Avoid needless travel or will stop trains, says Maharashtra CM Uddhav Thackeray - Times of India", "description": "Coronavirus scare: Avoid needless travel or will stop trains, says Maharashtra CM Uddhav Thackeray Times of India \"Will Be Forced To Stop Mumbai Trains If...\": Uddhav Thackeray NDTV News Will Shut Trains if People Don't Stop Non-essential Travel, Says Uddhav \u2026", "url": "https://timesofindia.indiatimes.com/city/mumbai/coronavirus-scare-avoid-needless-travel-or-will-stop-trains-says-maharashtra-cm-uddhav-thackeray/articleshow/74682851.cms", "urlToImage": "https://static.toiimg.com/thumb/msid-74682866,width-1070,height-580,imgsize-315112,resizemode-75,overlay-toi_sw,pt-32,y_pad-40/photo.jpg", "publishedAt": "2020-03-18T01:49:26Z", "content": "Copyright \u00a9 2020 Bennett, Coleman &amp; Co. Ltd. All rights reserved. For reprint rights: Times Syndication Service"}, {"source": {"id": "the-times-of-india", "name": "The Times of India"}, "author": "TNN", "title": "SC judge says coronavirus is \u2018Mahamari of Kalyug\u2019", "description": "India News: NEW DELHI: Terming coronavirus outbreak as a kind of \u2018Mahamari\u2019 (pandemic) which human civilisation had to face in each century, Supreme Court Judge A.", "url": "https://timesofindia.indiatimes.com/india/sc-judge-says-coronavirus-is-mahamari-of-kalyug/articleshow/74701849.cms", "urlToImage": "https://static.toiimg.com/thumb/msid-47529300,width-1070,height-580,imgsize-110164,resizemode-75,overlay-toi_sw,pt-32,y_pad-40/photo.jpg", "publishedAt": "2020-03-18T23:56:29Z", "content": null}, {"source": {"id": "the-times-of-india", "name": "The Times of India"}, "author": "TIMESOFINDIA.COM", "title": "Stop calling us 'coronavirus': Video of northeast students goes viral", "description": "India News: NEW DELHI: As the novel coronavirus, known to have originated from the Chinese province of Wuhan, spreads across the world, it has also created a lot .", "url": "https://timesofindia.indiatimes.com/india/stop-calling-us-coronavirus-video-of-northeast-students-goes-viral/articleshow/74699148.cms", "urlToImage": "https://static.toiimg.com/thumb/msid-74699225,width-1070,height-580,imgsize-161055,resizemode-75,overlay-toi_sw,pt-32,y_pad-40/photo.jpg", "publishedAt": "2020-03-18T17:34:35Z", "content": "Copyright \u00a9 2020 Bennett, Coleman &amp; Co. Ltd. All rights reserved. For reprint rights: Times Syndication Service"}, {"source": {"id": "the-times-of-india", "name": "The Times of India"}, "author": "TNN", "title": "Coronavirus: Despite ban, 4 foreigners allowed to enter Valley", "description": "India News: SRINAGAR: Despite a ban on the entry of foreign tourists into J&K in view of Covid-19 outbreak, the Union Territory administration on Wednesday al.", "url": "https://timesofindia.indiatimes.com/india/coronavirus-despite-ban-4-foreigners-allowed-to-enter-valley/articleshow/74699213.cms", "urlToImage": "https://static.toiimg.com/thumb/msid-47529300,width-1070,height-580,imgsize-110164,resizemode-75,overlay-toi_sw,pt-32,y_pad-40/photo.jpg", "publishedAt": "2020-03-18T17:26:45Z", "content": "Copyright \u00a9 2020 Bennett, Coleman &amp; Co. Ltd. All rights reserved. For reprint rights: Times Syndication Service"}, {"source": {"id": "the-times-of-india", "name": "The Times of India"}, "author": "PTI", "title": "Don't behave irresponsibly if you have coronavirus-like symptoms: Mamata", "description": "West Bengal chief minister Mamata Banerjee said on Wednesday that people should not behave irresponsibly if they show coronavirus-like symptoms. Mamata Banerjee also instructed police to take stern action against those who spread fake news on the coronavirus \u2026", "url": "https://timesofindia.indiatimes.com/india/dont-behave-irresponsibly-if-you-have-coronavirus-like-symptoms-mamata/articleshow/74694297.cms", "urlToImage": "https://static.toiimg.com/thumb/msid-74694467,width-1070,height-580,imgsize-281467,resizemode-75,overlay-toi_sw,pt-32,y_pad-40/photo.jpg", "publishedAt": "2020-03-18T12:33:59Z", "content": "Copyright \u00a9 2020 Bennett, Coleman &amp; Co. Ltd. All rights reserved. For reprint rights: Times Syndication Service"}, {"source": {"id": "the-times-of-india", "name": "The Times of India"}, "author": "TNN", "title": "Coronavirus: Parliamentary panel of transport, tourism hold meet", "description": "India News: NEW DELHI: A special parliamentary standing committee meeting of \u201ctransport, tourism and culture\u201d was called on Wednesday, to assess the impact of Cor.", "url": "https://timesofindia.indiatimes.com/india/coronavirus-parliamentary-panel-of-transport-tourism-hold-meet/articleshow/74699983.cms", "urlToImage": "https://static.toiimg.com/thumb/msid-47529300,width-1070,height-580,imgsize-110164,resizemode-75,overlay-toi_sw,pt-32,y_pad-40/photo.jpg", "publishedAt": "2020-03-18T18:15:47Z", "content": "Copyright \u00a9 2020 Bennett, Coleman &amp; Co. Ltd. All rights reserved. For reprint rights: Times Syndication Service"}, {"source": {"id": "the-times-of-india", "name": "The Times of India"}, "author": "PTI", "title": "Coronavirus outbreak: Punjab mulling release of 5,800 jail inmates", "description": "The Punjab Jails Department has mooted a proposal to release around 3,000 drug peddlers and 2,800 petty criminals lodged in various jails in the state to curb prison overcrowding and contain coronavirus outbreak. At present, Punjab has a total of 23,800 priso\u2026", "url": "https://timesofindia.indiatimes.com/india/coronavirus-outbreak-punjab-mulling-release-of-5800-jail-inmates/articleshow/74694711.cms", "urlToImage": "https://static.toiimg.com/thumb/msid-74694995,width-1070,height-580,imgsize-324431,resizemode-75,overlay-toi_sw,pt-32,y_pad-40/photo.jpg", "publishedAt": "2020-03-18T13:04:13Z", "content": "Copyright \u00a9 2020 Bennett, Coleman &amp; Co. Ltd. All rights reserved. For reprint rights: Times Syndication Service"}, {"source": {"id": "the-times-of-india", "name": "The Times of India"}, "author": "TNN", "title": "Army jawan in Leh tests positive for coronavirus", "description": "India News: NEW DELHI: The Army has reported its first confirmed case of coronavirus at Leh, forcing a virtual lockdown of the Ladakh Scouts Regimental Centre the.", "url": "https://timesofindia.indiatimes.com/india/army-jawan-in-leh-tests-positive-for-coronavirus/articleshow/74695911.cms", "urlToImage": "https://static.toiimg.com/thumb/msid-74695902,width-1070,height-580,imgsize-124363,resizemode-75,overlay-toi_sw,pt-32,y_pad-40/photo.jpg", "publishedAt": "2020-03-18T14:01:46Z", "content": "Copyright \u00a9 2020 Bennett, Coleman &amp; Co. Ltd. All rights reserved. For reprint rights: Times Syndication Service"}, {"source": {"id": "the-times-of-india", "name": "The Times of India"}, "author": "PTI", "title": "Coronavirus: PM Modi to address nation on Thursday", "description": "Prime Minister Narendra Modi will address the nation on Thursday evening on the situation arising out of coronavirus outbreak and the efforts to combat it, the Prime Minister's Office said on Wednesday. \u200b\u200b \"PM Shri @narendramodi will address the nation on 19t\u2026", "url": "https://timesofindia.indiatimes.com/india/coronavirus-pm-modi-to-address-nation-on-thursday/articleshow/74698989.cms", "urlToImage": "https://static.toiimg.com/thumb/msid-74699122,width-1070,height-580,imgsize-101679,resizemode-75,overlay-toi_sw,pt-32,y_pad-40/photo.jpg", "publishedAt": "2020-03-18T17:11:33Z", "content": "PM Shri @narendramodi will address the nation on 19th March 2020 at 8 PM, during which he will talk about issues re https://t.co/3NdAzXgaiz\r\n\u2014 PMO India (@PMOIndia) 1584550310000"}, {"source": {"id": "the-times-of-india", "name": "The Times of India"}, "author": "TNN", "title": "Coronavirus impact: Rail ticket, toll revenue show sharp decline", "description": "\u200b\u200b\u200bWhile on Wednesday, different zones announced cancellation of nearly another three dozen trains, the ministry\u2019s Rail Drishti dashboard showed nearly 32.6% decline in number of tickets booked in the past one week as compared to the same period last year. Th\u2026", "url": "https://timesofindia.indiatimes.com/india/coronavirus-impact-rail-ticket-toll-revenue-show-sharp-decline/articleshow/74698925.cms", "urlToImage": "https://static.toiimg.com/thumb/msid-47529300,width-1070,height-580,imgsize-110164,resizemode-75,overlay-toi_sw,pt-32,y_pad-40/photo.jpg", "publishedAt": "2020-03-18T17:11:23Z", "content": "Copyright \u00a9 2020 Bennett, Coleman &amp; Co. Ltd. All rights reserved. For reprint rights: Times Syndication Service"}, {"source": {"id": "the-times-of-india", "name": "The Times of India"}, "author": "PTI", "title": "103-year-old Iran woman survives coronavirus: Report", "description": "A 103-year-old woman in Iran has recovered after being infected with the new coronavirus, state media reported, despite overwhelming evidence the elderly are most at risk from the disease. The unnamed woman had been hospitalised in the central city of Semnan \u2026", "url": "https://timesofindia.indiatimes.com/india/103-year-old-iran-woman-survives-coronavirus-report/articleshow/74701495.cms", "urlToImage": "https://static.toiimg.com/thumb/msid-74701518,width-1070,height-580,imgsize-447908,resizemode-75,overlay-toi_sw,pt-32,y_pad-40/photo.jpg", "publishedAt": "2020-03-18T20:06:28Z", "content": "Copyright \u00a9 2020 Bennett, Coleman &amp; Co. Ltd. All rights reserved. For reprint rights: Times Syndication Service"}, {"source": {"id": "the-times-of-india", "name": "The Times of India"}, "author": "PTI", "title": "Army jawan in Leh tests positive for coronavirus, say sources", "description": "The soldier, a resident of Chuhot village in Leh, came in contact with his father who had already contracted the infection. His father had returned from a pilgrimage in Iran by an Air India flight on February 20 and is in quarantine at the Ladakh Heart Founda\u2026", "url": "https://timesofindia.indiatimes.com/india/army-jawan-in-leh-tests-positive-for-coronavirus-say-sources/articleshow/74686654.cms", "urlToImage": "https://static.toiimg.com/thumb/msid-74686672,width-1070,height-580,imgsize-75183,resizemode-75,overlay-toi_sw,pt-32,y_pad-40/photo.jpg", "publishedAt": "2020-03-18T06:07:23Z", "content": null}, {"source": {"id": "the-times-of-india", "name": "The Times of India"}, "author": "PTI", "title": "Coronavirus cases in India climb to 151, includes 25 foreigners", "description": "The number of novel coronavirus cases in India rose to 151 on Wednesday after 14 fresh cases were reported from various parts of the country, according to the Health Ministry. The cases include 25 foreign nationals -- 17 from Italy, 3 from Philippines, one ea\u2026", "url": "https://timesofindia.indiatimes.com/india/coronavirus-cases-in-india-climb-to-151-includes-25-foreigners/articleshow/74696891.cms", "urlToImage": "https://static.toiimg.com/thumb/msid-74697155,width-1070,height-580,imgsize-274647,resizemode-75,overlay-toi_sw,pt-32,y_pad-40/photo.jpg", "publishedAt": "2020-03-18T15:21:27Z", "content": "Copyright \u00a9 2020 Bennett, Coleman &amp; Co. Ltd. All rights reserved. For reprint rights: Times Syndication Service"}, {"source": {"id": "the-times-of-india", "name": "The Times of India"}, "author": "PTI", "title": "276 Indians, including 255 in Iran, infected with coronavirus abroad: MEA", "description": "As many as 276 Indians have been infected with coronavirus abroad, including 255 in Iran, 12 in UAE and five in Italy, the government said. In a written reply to a question in the Lok Sabha, minister of state for external affairs V Muraleedharan said the tota\u2026", "url": "https://timesofindia.indiatimes.com/india/276-indians-including-255-in-iran-infected-with-coronavirus-abroad-mea/articleshow/74691350.cms", "urlToImage": "https://static.toiimg.com/thumb/msid-74691334,width-1070,height-580,imgsize-254517,resizemode-75,overlay-toi_sw,pt-32,y_pad-40/photo.jpg", "publishedAt": "2020-03-18T10:03:07Z", "content": null}, {"source": {"id": "the-times-of-india", "name": "The Times of India"}, "author": "TIMESOFINDIA.COM", "title": "Coronavirus: How India came to the rescue of it nationals stranded abroad", "description": "India News: NEW DELHI: As the coronavirus epidemic spreads globally and more cases come to the fore, the Indian government is leaving no stone unturned to help it.", "url": "https://timesofindia.indiatimes.com/india/coronavirus-how-india-came-to-the-rescue-of-it-nationals-stranded-abroad/articleshow/74693704.cms", "urlToImage": "https://static.toiimg.com/thumb/msid-74693711,width-1070,height-580,imgsize-220533,resizemode-75,overlay-toi_sw,pt-32,y_pad-40/photo.jpg", "publishedAt": "2020-03-18T11:54:14Z", "content": "Copyright \u00a9 2020 Bennett, Coleman &amp; Co. Ltd. All rights reserved. For reprint rights: Times Syndication Service"}, {"source": {"id": "the-times-of-india", "name": "The Times of India"}, "author": "PTI", "title": "Coronavirus: Vaishno Devi yatra closed, all interstate buses banned in J&K", "description": "India News: JAMMU: A day after banning the entry of foreign tourists to the Valley, Jammu and Kashmir administration on Wednesday suspended the Vaishno Devi pilgr.", "url": "https://timesofindia.indiatimes.com/india/coronavirus-vaishno-devi-yatra-closed-all-interstate-buses-banned-in-jk/articleshow/74693831.cms", "urlToImage": "https://static.toiimg.com/thumb/msid-74693857,width-1070,height-580,imgsize-167334,resizemode-75,overlay-toi_sw,pt-32,y_pad-40/photo.jpg", "publishedAt": "2020-03-18T12:00:34Z", "content": "Copyright \u00a9 2020 Bennett, Coleman &amp; Co. Ltd. All rights reserved. For reprint rights: Times Syndication Service"}, {"source": {"id": "the-times-of-india", "name": "The Times of India"}, "author": "ANI", "title": "Coronavirus: SC takes suo motu cognisance of mid-day meals' non-availability due to schools closure", "description": "India News: The Supreme Court on Tuesday took suo motu cognisance of non-availability of mid-day meals for children due to the closure of schools due to coronavir", "url": "https://timesofindia.indiatimes.com/india/coronavirus-sc-takes-suo-motu-cognisance-of-mid-day-meals-non-availability-due-to-schools-closure/articleshow/74689009.cms", "urlToImage": "https://static.toiimg.com/thumb/msid-74689455,width-1070,height-580,imgsize-109849,resizemode-75,overlay-toi_sw,pt-32,y_pad-40/photo.jpg", "publishedAt": "2020-03-18T08:03:18Z", "content": null}, {"source": {"id": "the-times-of-india", "name": "The Times of India"}, "author": "PTI", "title": "195 Indians brought back from coronavirus-hit Iran, kept at Army facility in Jaisalmer", "description": "India News: JAISALMER: A batch of 195 Indians stranded in the coronavirus-hit Iran was brought back by a special plane on Wednesday evening, an official said here.", "url": "https://timesofindia.indiatimes.com/india/195-indians-brought-back-from-coronavirus-hit-iran-kept-at-army-facility-in-jaisalmer/articleshow/74695961.cms", "urlToImage": "https://static.toiimg.com/thumb/msid-74695950,width-1070,height-580,imgsize-229909,resizemode-75,overlay-toi_sw,pt-32,y_pad-40/photo.jpg", "publishedAt": "2020-03-18T14:04:57Z", "content": null}, {"source": {"id": "the-times-of-india", "name": "The Times of India"}, "author": "PTI", "title": "Coronavirus: SC further restricts its functioning, only five benches to function from Thursday", "description": "India News: NEW DELHI: The Supreme Court on Wednesday decided to further restrict its functioning due to coronavirus pandemic and announced that only five benches.", "url": "https://timesofindia.indiatimes.com/india/coronavirus-sc-further-restricts-its-functioning-only-five-benches-to-function-from-thursday/articleshow/74697890.cms", "urlToImage": "https://static.toiimg.com/thumb/msid-74697878,width-1070,height-580,imgsize-201394,resizemode-75,overlay-toi_sw,pt-32,y_pad-40/photo.jpg", "publishedAt": "2020-03-18T16:05:21Z", "content": "Copyright \u00a9 2020 Bennett, Coleman &amp; Co. Ltd. All rights reserved. For reprint rights: Times Syndication Service"}, {"source": {"id": "the-times-of-india", "name": "The Times of India"}, "author": "PTI", "title": "Coronavirus: HRD ministry to launch e-classes on Swayam Prabha DTH channels for school students", "description": "The ministry of human resource development will launch e-classes on Swayam Prabha DTH channels for school students in view of coronavirus outbreak, Union HRD minister Ramesh Pokhriyal 'Nishank' said on Wednesday.", "url": "https://timesofindia.indiatimes.com/india/coronavirus-hrd-ministry-to-launch-e-classes-on-swayam-prabha-dth-channels-for-school-students/articleshow/74695970.cms", "urlToImage": "https://static.toiimg.com/thumb/msid-74696195,width-1070,height-580,imgsize-133490,resizemode-75,overlay-toi_sw,pt-32,y_pad-40/photo.jpg", "publishedAt": "2020-03-18T14:23:45Z", "content": "Copyright \u00a9 2020 Bennett, Coleman &amp; Co. Ltd. All rights reserved. For reprint rights: Times Syndication Service"}, {"source": {"id": "the-times-of-india", "name": "The Times of India"}, "author": "PTI", "title": "PM Modi lauds those working to combat coronavirus, says teamwork important", "description": "India News: NEW DELHI: Prime Minister Narendra Modi on Wednesday hailed those involved in combating the coronavirus outbreak as he responded to several tweets on .", "url": "https://timesofindia.indiatimes.com/india/pm-modi-lauds-those-working-to-combat-coronavirus-says-teamwork-important/articleshow/74696113.cms", "urlToImage": "https://static.toiimg.com/thumb/msid-74696146,width-1070,height-580,imgsize-104974,resizemode-75,overlay-toi_sw,pt-32,y_pad-40/photo.jpg", "publishedAt": "2020-03-18T14:18:41Z", "content": "Setting a great example, Chief Minister! I hope others also emulate Naveen Babu. We all can do our bit in preventi https://t.co/KdcU1a4UYT\r\n\u2014 Narendra Modi (@narendramodi) 1584538743000"}, {"source": {"id": "the-times-of-india", "name": "The Times of India"}, "author": "PTI", "title": "BJP not to hold protest for 1 month in view of coronavirus outbreak: JP Nadda", "description": "The BJP has decided not to hold any protest or demonstration for a month in view of the coronavirus outbreak, party president J P Nadda said. \u200b\u200b\u200bThe BJP president's statement came a day after PM Modi in a parliamentary meet asked MPs to spread awareness among\u2026", "url": "https://timesofindia.indiatimes.com/india/bjp-not-to-hold-protest-for-1-month-in-view-of-coronavirus-outbreak-jp-nadda/articleshow/74688208.cms", "urlToImage": "https://static.toiimg.com/thumb/msid-74688303,width-1070,height-580,imgsize-269358,resizemode-75,overlay-toi_sw,pt-32,y_pad-40/photo.jpg", "publishedAt": "2020-03-18T07:24:33Z", "content": "Copyright \u00a9 2020 Bennett, Coleman &amp; Co. Ltd. All rights reserved. For reprint rights: Times Syndication Service"}, {"source": {"id": "the-times-of-india", "name": "The Times of India"}, "author": "PTI", "title": "Coronavirus: South under lockdown; focus shifts to combat spread of virus", "description": "India News: CHENNAI: Southern states have gone in for a lockdown as part of the country's fight against the novel coronavirus, as the focus shifts to preventing t.", "url": "https://timesofindia.indiatimes.com/india/coronavirus-south-under-lockdown-focus-shifts-to-combat-spread-of-virus/articleshow/74693456.cms", "urlToImage": "https://static.toiimg.com/thumb/msid-74693440,width-1070,height-580,imgsize-219269,resizemode-75,overlay-toi_sw,pt-32,y_pad-40/photo.jpg", "publishedAt": "2020-03-18T11:38:25Z", "content": "Copyright \u00a9 2020 Bennett, Coleman &amp; Co. Ltd. All rights reserved. For reprint rights: Times Syndication Service"}, {"source": {"id": "the-times-of-india", "name": "The Times of India"}, "author": "TNN", "title": "Coronavirus: Karnataka minister's daughter lands in Bengaluru, quarantined along with 14 others", "description": "Karnataka's forest minister Anand Singh's daughter, who was studying interior in Florence, Italy and later managed her way to Rome to reach India, has finally landed in Bengaluru.", "url": "https://timesofindia.indiatimes.com/city/bengaluru/coronavirus-karnataka-ministers-daughter-lands-in-bengaluru-quarantined-along-with-14-others/articleshow/74698784.cms", "urlToImage": "https://static.toiimg.com/thumb/msid-74698951,width-1070,height-580,imgsize-53690,resizemode-75,overlay-toi_sw,pt-32,y_pad-40/photo.jpg", "publishedAt": "2020-03-18T17:03:12Z", "content": "Copyright \u00a9 2020 Bennett, Coleman &amp; Co. Ltd. All rights reserved. For reprint rights: Times Syndication Service"}, {"source": {"id": "the-times-of-india", "name": "The Times of India"}, "author": "PTI", "title": "India provided 15 tonnes of medical supplies worth Rs 2.11 crore to coronavirus-hit China: Government", "description": "In a written reply to a question in the Lok Sabha, minister of state for external affairs V Muraleedharan said the medical supplies included one lakh surgical masks, five lakh pairs of surgical gloves, 75 pieces of infusion pumps, 30 pieces of enteral feeding\u2026", "url": "https://timesofindia.indiatimes.com/india/india-provided-15-tonnes-of-medical-supplies-worth-rs-2-11-crore-to-coronavirus-hit-china-government/articleshow/74693582.cms", "urlToImage": "https://static.toiimg.com/thumb/msid-74694732,width-1070,height-580,imgsize-171317,resizemode-75,overlay-toi_sw,pt-32,y_pad-40/photo.jpg", "publishedAt": "2020-03-18T11:45:12Z", "content": "Copyright \u00a9 2020 Bennett, Coleman &amp; Co. Ltd. All rights reserved. For reprint rights: Times Syndication Service"}, {"source": {"id": "the-times-of-india", "name": "The Times of India"}, "author": "PTI", "title": "Coronavirus: ICSE has not postponed class 10, 12 board exams, says official", "description": "India News: NEW DELHI: The ICSE board exams for classes 10 and 12 have not been postponed in view of coronavirus outbreak, an official said on Wednesday.", "url": "https://timesofindia.indiatimes.com/india/coronavirus-icse-has-not-postponed-class-10-12-board-exams-says-official/articleshow/74699360.cms", "urlToImage": "https://static.toiimg.com/thumb/msid-74699355,width-1070,height-580,imgsize-236822,resizemode-75,overlay-toi_sw,pt-32,y_pad-40/photo.jpg", "publishedAt": "2020-03-18T17:36:01Z", "content": null}, {"source": {"id": "the-times-of-india", "name": "The Times of India"}, "author": "NYT News Service", "title": "India scrambles to escape a coronavirus crisis. So far, it\u2019s working", "description": "Over the weekend in Lucknow, one of India\u2019s bigger cities, young people packed into pubs. Despite the Indian government scrambling to lock things down, few on the bar scene were taking the coronavirus very seriously. \u201cI am not scared. I eat, party, sleep,\u201d sa\u2026", "url": "https://timesofindia.indiatimes.com/india/india-scrambles-to-escape-a-coronavirus-crisis-so-far-its-working/articleshow/74682839.cms", "urlToImage": "https://static.toiimg.com/thumb/msid-74682839,width-1070,height-580,imgsize-308320,resizemode-75,overlay-toi_sw,pt-32,y_pad-40/photo.jpg", "publishedAt": "2020-03-18T00:58:51Z", "content": "Copyright \u00a9 2020 Bennett, Coleman &amp; Co. Ltd. All rights reserved. For reprint rights: Times Syndication Service"}, {"source": {"id": "the-times-of-india", "name": "The Times of India"}, "author": "PTI", "title": "Centre issuing advisory to states after incidents of racial remarks against northeast people on coronavirus", "description": "India News: NEW DELHI: Union minister Kiren Rijiju on Wednesday said a strict advisory is being issued to all states to take action after some incidents of racial.", "url": "https://timesofindia.indiatimes.com/india/centre-issuing-advisory-to-states-after-incidents-of-racial-remarks-against-northeast-people-on-coronavirus/articleshow/74692717.cms", "urlToImage": "https://static.toiimg.com/thumb/msid-74692744,width-1070,height-580,imgsize-207428,resizemode-75,overlay-toi_sw,pt-32,y_pad-40/photo.jpg", "publishedAt": "2020-03-18T11:04:00Z", "content": "Some incidents of racial remarks against North-East people have emerged in some parts of India in the wake of https://t.co/BkapLl6qXW\r\n\u2014 Kiren Rijiju (@KirenRijiju) 1584519645000"}, {"source": {"id": "the-times-of-india", "name": "The Times of India"}, "author": "TIMESOFINDIA.COM", "title": "FAQs on Coronavirus: Everything you wanted to ask about Covid-19", "description": "India News: NEW DELHI: The flow of information is going wild amidst constant updates on death toll and positive cases of coronavirus across the world.", "url": "https://timesofindia.indiatimes.com/india/faqs-on-coronavirus-everything-you-wanted-to-ask-about-covid-19/articleshow/74685853.cms", "urlToImage": "https://static.toiimg.com/thumb/msid-74686406,width-1070,height-580,imgsize-1161977,resizemode-75,overlay-toi_sw,pt-32,y_pad-40/photo.jpg", "publishedAt": "2020-03-18T05:56:58Z", "content": "Copyright \u00a9 2020 Bennett, Coleman &amp; Co. Ltd. All rights reserved. For reprint rights: Times Syndication Service"}, {"source": {"id": "the-times-of-india", "name": "The Times of India"}, "author": "TNN", "title": "Coronavirus scare: 52 Indians stuck in Warsaw due to travel ban, urge Indian government to facilitate their return", "description": "India News: JAIPUR: 52 Indians, including a few students, stranded at Poland's capital city Warsaw for the past three days and their flights rescheduled thrice, h.", "url": "https://timesofindia.indiatimes.com/india/coronavirus-scare-52-indians-stuck-in-warsaw-due-to-travel-ban-urge-indian-government-to-facilitate-their-return/articleshow/74696093.cms", "urlToImage": "https://static.toiimg.com/thumb/msid-74696566,width-1070,height-580,imgsize-190301,resizemode-75,overlay-toi_sw,pt-32,y_pad-40/photo.jpg", "publishedAt": "2020-03-18T14:51:13Z", "content": "Copyright \u00a9 2020 Bennett, Coleman &amp; Co. Ltd. All rights reserved. For reprint rights: Times Syndication Service"}, {"source": {"id": "the-times-of-india", "name": "The Times of India"}, "author": "TNN", "title": "Child rights body calls for urgent measures to protect children at Shaheen Bagh protest site from Coronavirus", "description": "India News: NEW DELHI: Both the national and state child rights commissions have written to the district authorities asking them to take necessary steps to protec.", "url": "https://timesofindia.indiatimes.com/india/child-rights-body-calls-for-urgent-measures-to-protect-children-at-shaheen-bagh-protest-site-from-coronavirus/articleshow/74697617.cms", "urlToImage": "https://static.toiimg.com/thumb/msid-74697799,width-1070,height-580,imgsize-224682,resizemode-75,overlay-toi_sw,pt-32,y_pad-40/photo.jpg", "publishedAt": "2020-03-18T15:59:17Z", "content": "Copyright \u00a9 2020 Bennett, Coleman &amp; Co. Ltd. All rights reserved. For reprint rights: Times Syndication Service"}, {"source": {"id": "the-times-of-india", "name": "The Times of India"}, "author": "Reuters", "title": "Indian banks shelve fundraising plans as coronavirus derails markets", "description": "Bank of India was planning to raise around Rs 2,000 crore ($269 million) via a QIP.", "url": "https://economictimes.indiatimes.com/markets/stocks/news/indian-banks-shelve-fundraising-plans-as-coronavirus-derails-markets/articleshow/74698416.cms", "urlToImage": "https://img.etimg.com/thumb/msid-74698433,width-1070,height-580,imgsize-137495,overlay-etmarkets/photo.jpg", "publishedAt": "2020-03-18T17:08:41Z", "content": "MUMBAI: Two state-owned Indian banks that were aiming to raise funds to meet growth targets and build up capital for regulatory requirements have shelved their plans due to the disruption to markets caused by the coronavirus pandemic, sources said.\r\nBank of I\u2026 [+1971 chars]"}, {"source": {"id": "the-times-of-india", "name": "The Times of India"}, "author": "Reuters", "title": "Gold tumbles 2.5% as coronavirus fears outweighs US stimulus", "description": "US gold futures were down 2.3 per cent to $1,491.40 an ounce.", "url": "https://economictimes.indiatimes.com/markets/commodities/news/gold-tumbles-2-5-as-coronavirus-fears-outweighs-us-stimulus/articleshow/74691110.cms", "urlToImage": "https://img.etimg.com/thumb/msid-74691095,width-1070,height-580,imgsize-554227,overlay-etmarkets/photo.jpg", "publishedAt": "2020-03-18T10:09:26Z", "content": "Gold fell more than 2.5 per cent on Wednesday as concerns over the global economic impact from the coronavirus outweighed stimulus measures by the United States, forcing investors to dump most assets for the safety of cash.\r\nSpot gold fell 2.5 per cent to $1,\u2026 [+2130 chars]"}, {"source": {"id": "the-times-of-india", "name": "The Times of India"}, "author": "Reuters", "title": "US stock futures dip as coronavirus spread overshadows stimulus", "description": "US stock futures fell 2.0 per cent after the S&P 500 gained 6.00 per cent on Tuesday.", "url": "https://economictimes.indiatimes.com/markets/stocks/news/us-stock-futures-dip-as-coronavirus-spread-overshadows-stimulus/articleshow/74683480.cms", "urlToImage": "https://img.etimg.com/thumb/msid-74683461,width-1070,height-580,imgsize-618443,overlay-etmarkets/photo.jpg", "publishedAt": "2020-03-18T03:01:05Z", "content": "TOKYO: US stock futures stepped back in choppy early Asian trade on Wednesday as concerns about the widening coronavirus epidemic weighed against hopes policy support would combat its economic fallout.\r\nUS stock futures fell 2.0 per cent after the S&amp;P 500\u2026 [+2541 chars]"}, {"source": {"id": "the-times-of-india", "name": "The Times of India"}, "author": "Reuters", "title": "Gold rises on Fed measures to combat coronavirus impact", "description": "US gold futures gained 0.8 per cent to $1,538 an ounce.", "url": "https://economictimes.indiatimes.com/markets/commodities/news/gold-rises-on-fed-measures-to-combat-coronavirus-impact/articleshow/74683021.cms", "urlToImage": "https://img.etimg.com/thumb/msid-74683019,width-1070,height-580,imgsize-1264743,overlay-etmarkets/photo.jpg", "publishedAt": "2020-03-18T02:10:06Z", "content": "Gold prices rose on Wednesday as the US Federal Reserve's measures to boost liquidity in the market eased some concerns over disruptions to the global economy and a potential cash crunch due to the coronavirus outbreak.\r\nFUNDAMENTALS\r\nSpot gold rose 0.7 per c\u2026 [+2023 chars]"}, {"source": {"id": "the-times-of-india", "name": "The Times of India"}, "author": "Anumeha Chaturvedi", "title": "Coronavirus outbreak: February hotel bookings witness sharp fall", "description": "States like Delhi/NCR, Kerala, Gujarat, Karnataka, Maharashtra and Tamil Nadu were the worst affected, according to the startup which provides travel solutions to leading hotels and online travel agencies.", "url": "https://economictimes.indiatimes.com/industry/services/hotels-/-restaurants/coronavirus-outbreak-february-hotel-bookings-witness-sharp-fall/articleshow/74685644.cms", "urlToImage": "https://img.etimg.com/thumb/msid-74683601,width-1070,height-580,imgsize-425603,overlay-etwealth/photo.jpg", "publishedAt": "2020-03-18T03:10:27Z", "content": "NEW DELHI: Hotel bookings in February declined across categories in 90% of India\u2019s states and union territories following the Covid-19 outbreak, according to data shared exclusively with ET by B2B SaaS startup RateGain.\r\nStates like Delhi/NCR, Kerala, Gujarat\u2026 [+2157 chars]"}, {"source": {"id": "the-times-of-india", "name": "The Times of India"}, "author": "\u0928\u0935\u092d\u093e\u0930\u0924\u091f\u093e\u0907\u092e\u094d\u0938.\u0915\u0949\u092e", "title": "Coronavirus: 76 \u091f\u094d\u0930\u0947\u0928\u0947\u0902 \u0915\u0948\u0902\u0938\u093f\u0932, \u0926\u0947\u0916\u093f\u090f \u0932\u093f\u0938\u094d\u091f", "description": "India News: \u0915\u094b\u0930\u094b\u0928\u093e \u0935\u093e\u092f\u0930\u0938 \u0915\u0940 \u0935\u091c\u0939 \u0938\u0947 \u0932\u094b\u0917\u094b\u0902 \u0928\u0947 \u091f\u094d\u0930\u0947\u0928 \u0938\u0947 \u092f\u093e\u0924\u094d\u0930\u093e \u0915\u0930\u0928\u093e \u0915\u092e \u0915\u0930 \u0926\u093f\u092f\u093e \u0939\u0948\u0964 \u0938\u0930\u0915\u093e\u0930 \u092d\u0940 \u092f\u0939\u0940 \u0915\u0939 \u0930\u0939\u0940 \u0939\u0948 \u0915\u093f \u0905\u0917\u0930 \u091c\u0930\u0942\u0930\u0940 \u0928\u093e \u0939\u094b \u0924\u094b \u0915\u0941\u091b \u0926\u093f\u0928 \u0915\u0947 \u0932\u093f\u090f \u0905\u092a\u0928\u0940 \u092f\u093e\u0924\u094d\u0930\u093e\u090f\u0902 \u0930\u094b\u0915 \u0926\u0947\u0902\u0964 \u092f\u0939\u0940 \u0935\u091c\u0939 \u0939\u0948 \u0915\u093f \u0938\u0930\u0915\u093e\u0930 \u0928\u0947 \u092a\u094d\u0932\u0947\u091f\u092b\u0949\u0930\u094d\u092e \u091f\u093f\u0915\u091f \u0915\u0940 \u0915\u0940\u092e\u0924 10 \u0930\u0941\u092a\u090f \u0938\u0947 \u092c\u0922\u093c\u093e\u0915\u0930 50 \u0930\u0941\u092a\u090f \u0915\u0930 \u0926\u0940 \u0939\u0948\u0964 \u0907\u0924\u0928\u093e \u0939\u0940 \u0928\u0939\u0940\u0902,\u2026", "url": "https://navbharattimes.indiatimes.com/india/indian-railway-cancels-76-trains-as-coronavirus-precautionary-measure-and-non-occupancy/articleshow/74685745.cms", "urlToImage": "https://navbharattimes.indiatimes.com/thumb/msid-74685769,width-1200,height-630,resizemode-4/pic.jpg", "publishedAt": "2020-03-18T05:45:12Z", "content": "<ul><li> , 10 50 </li><li> 76 </li><li> 23 , 29 , 10 , 9 5 </li><li></li></ul>\r\n - , - , , 10 50 , 76 , 23 , 29 , 10 , 9 5 \r\n 23 22222 Nizamuddin-CSMT Rajdhani Express (21, 24, 26, 31 )\r\n22221 CSMT-Nizamuddin Rajdhani Express (20, 23, 27, 30 )\r\n12261 Mumbai-H\u2026 [+883 chars]"}, {"source": {"id": "the-times-of-india", "name": "The Times of India"}, "author": "AP", "title": "Best strategies against coronavirus: Track, isolate, communicate", "description": "As the coronavirus spreads ever further, it's clear some strategies are more likely to contain it: pro-active efforts to track down and isolate cases, access to basic, affordable public health care and clear, reassuring messaging from leaders", "url": "https://timesofindia.indiatimes.com/world/rest-of-world/best-strategies-against-coronavirus-track-isolate-communicate/articleshow/74685759.cms", "urlToImage": "https://static.toiimg.com/thumb/msid-74685893,width-1070,height-580,imgsize-217701,resizemode-75,overlay-toi_sw,pt-32,y_pad-40/photo.jpg", "publishedAt": "2020-03-18T05:31:16Z", "content": "Copyright \u00a9 2020 Bennett, Coleman &amp; Co. Ltd. All rights reserved. For reprint rights: Times Syndication Service"}, {"source": {"id": "the-times-of-india", "name": "The Times of India"}, "author": "Reuters", "title": "Crude oil mixed after slipping to lowest since early 2016 amid coronavirus chaos", "description": "West Texas Intermediate fell 6 per cent on Tuesday.", "url": "https://economictimes.indiatimes.com/markets/commodities/news/crude-oil-mixed-after-slipping-to-lowest-since-early-2016-amid-coronavirus-chaos/articleshow/74683044.cms", "urlToImage": "https://img.etimg.com/thumb/msid-74683030,width-1070,height-580,imgsize-410884,overlay-etmarkets/photo.jpg", "publishedAt": "2020-03-18T02:14:21Z", "content": "TOKYO: Oil prices steadied early on Wednesday after sliding to their lowest in four years, sapped by fears for fuel demand and the global economy amid travel and social lockdowns triggered by the coronavirus epidemic in a number of countries around the world.\u2026 [+1596 chars]"}, {"source": {"id": "the-times-of-india", "name": "The Times of India"}, "author": "Gaurav Noronha", "title": "Govt encouraging people to avoid using cash to stop coronavirus transmission", "description": "Banks have been asked to encourage users to use digital payment methods as a precautionary step against virus.", "url": "https://economictimes.indiatimes.com/news/economy/policy/govt-encouraging-people-to-avoid-using-cash-to-stop-coronavirus-transmission/articleshow/74704840.cms", "urlToImage": "https://img.etimg.com/thumb/msid-74698601,width-1070,height-580,imgsize-220187,overlay-etwealth/photo.jpg", "publishedAt": "2020-03-18T17:10:57Z", "content": "The government has asked banks to encourage customers to use digital payment methods like UPI, NEFT, mobile banking and debit and credit cards instead of cash as a precautionary measure against the coronavirus outbreak.\r\nThe notification, released on Wednesda\u2026 [+734 chars]"}, {"source": {"id": "the-times-of-india", "name": "The Times of India"}, "author": "ET CONTRIBUTORS", "title": "Coronavirus scare: Should you stop SIP, switch to debt, invest a lumpsum...", "description": "Don't invest just because the markets are down. Invest because you were underweight on equity in your overall investments. Don't take any decision in panic - be it selling or buying equities.", "url": "https://economictimes.indiatimes.com/mf/analysis/coronavirus-scare-should-you-stop-sip-switch-to-debt-invest-a-lumpsum-/articleshow/74685717.cms", "urlToImage": "https://img.etimg.com/thumb/msid-74685070,width-1070,height-580,imgsize-242125,overlay-etwealth/photo.jpg", "publishedAt": "2020-03-18T05:04:36Z", "content": "By Ashish ModaniKuch Karo na? Abhi Kya Karna Chahiye? Should I increase my SIP?Should I invest lumpsum now?Should I stop my SIP?Should I switch to debt mutual funds?The questions are pouring in. And to be frank, even I am a bit confused. Yes, that is true. If\u2026 [+2331 chars]"}, {"source": {"id": "the-times-of-india", "name": "The Times of India"}, "author": "PTI", "title": "Coronavirus: NDA suspends large gatherings, expeditions", "description": "All NDA cadets and personnel have been briefed and sensitised about the causes and symptoms of COVID-19 by the commanding officer of Military Hospital, a senior official said. All educational tours and outdoor hikes have been cancelled, he added.", "url": "https://economictimes.indiatimes.com/news/defence/coronavirus-nda-suspends-large-gatherings-expeditions/articleshow/74692299.cms", "urlToImage": "https://img.etimg.com/thumb/msid-74692359,width-1070,height-580,imgsize-209824,overlay-etdefence/photo.jpg", "publishedAt": "2020-03-18T11:08:25Z", "content": "PUNE: The National Defence Academy (NDA) here has suspended all large gatherings, guest lectures, expeditions and other group activities in view of the coronavirus outbreak, a senior official said on Wednesday.\r\nAll NDA cadets and personnel have been briefed \u2026 [+1250 chars]"}, {"source": {"id": "the-times-of-india", "name": "The Times of India"}, "author": "AFP", "title": "As world cowers, China glimpses coronavirus aftermath", "description": "Restaurants are reopening, traffic and factories are stirring, and in one of the clearest signs yet that China is awakening from its coronavirus coma, the country's \"dancing aunties\" are once again gathering in parks and squares.", "url": "https://economictimes.indiatimes.com/news/international/world-news/as-world-cowers-china-glimpses-coronavirus-aftermath/articleshow/74689278.cms", "urlToImage": "https://img.etimg.com/thumb/msid-74689297,width-1070,height-580,imgsize-537407,overlay-economictimes/photo.jpg", "publishedAt": "2020-03-18T08:38:32Z", "content": "SHANGHAI: Restaurants are reopening, traffic and factories are stirring, and in one of the clearest signs yet that China is awakening from its coronavirus coma, the country's \"dancing aunties\" are once again gathering in parks and squares.\r\nAs the rest of the\u2026 [+3745 chars]"}, {"source": {"id": "the-times-of-india", "name": "The Times of India"}, "author": "ET Bureau", "title": "CCI adjourns all matters listed for hearing till March 31 due to coronavirus", "description": "\u201cIn order to prevent spread of COVID-19, as a precautionary measure, it has been decided by the Competent Authority to adjourn matters listed for hearing (excluding urgent matters, if any) till March 31,2020,\u201d the notification said.", "url": "https://economictimes.indiatimes.com/news/economy/policy/cci-adjourns-all-matters-listed-for-hearing-till-march-31/articleshow/74689080.cms", "urlToImage": "https://img.etimg.com/thumb/msid-74689474,width-1070,height-580,imgsize-289275,overlay-economictimes/photo.jpg", "publishedAt": "2020-03-18T08:47:47Z", "content": "The Competition Commission of India (CCI) has adjourned all matters listed for hearing till March 31. The decision was taken to curb the spread of Covid-19.\r\nThe commission will only take up urgent matters in the interim period, as per the notification releas\u2026 [+1075 chars]"}, {"source": {"id": "the-times-of-india", "name": "The Times of India"}, "author": "AP", "title": "Iran's President Hasan Rouhani rejects criticism of coronavirus response", "description": "Iran's President Hassan Rouhani on Wednesday defended his government's response to the coronavirus outbreak in the face of of widespread criticism. Iran has been the hardest hit country in the region, with nearly 1,000 dead and roughly 90 per cent of the over\u2026", "url": "https://timesofindia.indiatimes.com/world/middle-east/irans-president-hasan-rouhani-rejects-criticism-of-coronavirus-response/articleshow/74692823.cms", "urlToImage": "https://static.toiimg.com/thumb/msid-74693420,width-1070,height-580,imgsize-101752,resizemode-75,overlay-toi_sw,pt-32,y_pad-40/photo.jpg", "publishedAt": "2020-03-18T11:06:42Z", "content": "Copyright \u00a9 2020 Bennett, Coleman &amp; Co. Ltd. All rights reserved. For reprint rights: Times Syndication Service"}, {"source": {"id": "the-times-of-india", "name": "The Times of India"}, "author": "PTI", "title": "Will invoke Defence Production Act to fight coronavirus: Donald Trump", "description": "US President Donald Trump on Wednesday said his administration will invoke the Defence Production Act, a move which will see rapid expansion of domestic manufacturing of key medical supplies and equipment, including masks and gloves, to combat the coronavirus\u2026", "url": "https://timesofindia.indiatimes.com/world/us/will-invoke-defence-production-act-to-fight-coronavirus-donald-trump/articleshow/74698255.cms", "urlToImage": "https://static.toiimg.com/thumb/msid-74698620,width-1070,height-580,imgsize-221279,resizemode-75,overlay-toi_sw,pt-32,y_pad-40/photo.jpg", "publishedAt": "2020-03-18T16:27:43Z", "content": null}, {"source": {"id": "the-times-of-india", "name": "The Times of India"}, "author": "PTI", "title": "One more tests positive for coronavirus in Noida", "description": "A resident of Noida, who recently returned from Indonesia, has tested positive for the novel coronavirus, Gautam Buddh Nagar health officials said on Wednesday.", "url": "https://economictimes.indiatimes.com/news/politics-and-nation/one-more-tests-positive-for-coronavirus-in-noida/articleshow/74690251.cms", "urlToImage": "https://img.etimg.com/thumb/msid-74690362,width-1070,height-580,imgsize-934039,overlay-economictimes/photo.jpg", "publishedAt": "2020-03-18T09:26:26Z", "content": "A resident of Noida, who recently returned from Indonesia, has tested positive for the novel coronavirus, Gautam Buddh Nagar health officials said on Wednesday. The total number of positive cases for the COVID-19 in the district now stands at four, Chief Medi\u2026 [+642 chars]"}, {"source": {"id": "the-times-of-india", "name": "The Times of India"}, "author": "ET Bureau", "title": "Infosys sends 8k trainees home to contain Coronavirus spread", "description": "Separately, the Karnataka State Road Transport Corporation said it would open five information centres and advance booking counters at the Infosys training centre to evacuate the employees and transport them to major destinations within South India and to the\u2026", "url": "https://economictimes.indiatimes.com/tech/ites/infy-sends-8k-trainees-home/articleshow/74700445.cms", "urlToImage": "https://img.etimg.com/thumb/msid-74702863,width-1070,height-580,imgsize-56968,overlay-economictimes/photo.jpg", "publishedAt": "2020-03-18T23:14:53Z", "content": "Bengaluru: Infosys has asked about 8,000 trainees living at its Mysuru campus to go home, in a bid to contain the spread of the Covid-19 pandemic. The trainees will be sent back over the next five days. \u201cInfosys has advised trainees residing at its Global Edu\u2026 [+747 chars]"}, {"source": {"id": "the-times-of-india", "name": "The Times of India"}, "author": "Anumeha Chaturvedi", "title": "Coronavirus outbreak: February hotel bookings witness sharp fall", "description": "States like Delhi/NCR, Kerala, Gujarat, Karnataka, Maharashtra and Tamil Nadu were the worst affected, according to the startup which provides travel solutions to leading hotels and online travel agencies.", "url": "https://economictimes.indiatimes.com/industry/services/hotels-/-restaurants/coronavirus-outbreak-february-hotel-bookings-witness-sharp-fall/articleshow/74683571.cms", "urlToImage": "https://img.etimg.com/thumb/msid-74683601,width-1070,height-580,imgsize-425603,overlay-economictimes/photo.jpg", "publishedAt": "2020-03-18T03:10:27Z", "content": "NEW DELHI: Hotel bookings in February declined across categories in 90% of India\u2019s states and union territories following the Covid-19 outbreak, according to data shared exclusively with ET by B2B SaaS startup RateGain.\r\nStates like Delhi/NCR, Kerala, Gujarat\u2026 [+2157 chars]"}, {"source": {"id": "the-times-of-india", "name": "The Times of India"}, "author": "PTI", "title": "Coronavirus: FHRAI asks members to follow govt guidelines rigorously", "description": "It advised the members to maintain stringent checks and hygiene standards, FHRAI said in a statement, adding it does not advocate shutting down of restaurants unless there is any specific directive from local authorities in this regard.", "url": "https://economictimes.indiatimes.com/industry/services/hotels-/-restaurants/coronavirus-fhrai-asks-members-to-follow-govt-guidelines-rigorously/articleshow/74697253.cms", "urlToImage": "https://img.etimg.com/thumb/msid-74697375,width-1070,height-580,imgsize-892421,overlay-economictimes/photo.jpg", "publishedAt": "2020-03-18T15:54:01Z", "content": "NEW DELHI: Apex hospitality industry body Federation of Hotel &amp; Restaurant Associations Of India (FHRAI) on Wednesday asked its members to adhere to the instructions issued by government authorities on containing the spread of novel coronavirus.\r\nIt advis\u2026 [+1322 chars]"}, {"source": {"id": "the-times-of-india", "name": "The Times of India"}, "author": "Sanjeev Choudhary", "title": "Domestic fuel demand drops 10% as coronavirus spreads", "description": "Sales are dropping at petrol pumps and compressed natural gas (CNG) filling stations across several states in a sign that March would turn out to be the worst month in several years for fuel consumption despite fall in pump prices.", "url": "https://economictimes.indiatimes.com/industry/energy/oil-gas/domestic-fuel-demand-drops-10-as-coronavirus-spreads/articleshow/74684081.cms", "urlToImage": "https://img.etimg.com/thumb/msid-74684083,width-1070,height-580,imgsize-270986,overlay-economictimes/photo.jpg", "publishedAt": "2020-03-18T03:50:49Z", "content": "NEW DELHI: Domestic demand for petrol, diesel, jet fuel and shipping fuel have all contracted 10% in the first fortnight of March, the first such decline in several years, as the Coronavirus outbreak severely restricts public movement and slows economic activ\u2026 [+2333 chars]"}, {"source": {"id": "the-times-of-india", "name": "The Times of India"}, "author": "PTI", "title": "Coronavirus impact: GoAir terminates expat pilots amid curtailed flights", "description": "\"... GoAir is forced to temporarily suspend all its international operations (Dammam, Kuwait, Muscat, Abu Dhabi, Dubai, Bangkok, Phuket and Male) starting March 17 until April 15. No sooner the situation improves, GoAir will reinstate these flights and operat\u2026", "url": "https://economictimes.indiatimes.com/industry/transportation/airlines-/-aviation/coronavirus-impact-goair-terminates-expat-pilots-amid-curtailed-flights/articleshow/74695099.cms", "urlToImage": "https://img.etimg.com/thumb/msid-74695125,width-1070,height-580,imgsize-95079,overlay-economictimes/photo.jpg", "publishedAt": "2020-03-18T13:32:34Z", "content": "New Delhi: GoAir on Wednesday said it has terminated contracts of expat pilots amid curtailed operations due to the coronavirus pandemic. Citing \"unprecedented\" decline in air travel, the budget carrier, on Tuesday, announced suspending international operatio\u2026 [+1482 chars]"}, {"source": {"id": "the-times-of-india", "name": "The Times of India"}, "author": "TNN", "title": "Coronavirus scare spared domestic air travel in February, shows DGCA data", "description": "Despite coronavirus\u2019 dark shadow on travel, India saw 1.2 crore people flying within the country last month \u2014 up almost 9% from 1.1 crore in February 2019. The first two months of this year have seen 2.5 crore domestic flyers, an increase of 5.4% from 2.4 cro\u2026", "url": "https://timesofindia.indiatimes.com/business/india-business/coronavirus-scare-spared-domestic-air-travel-in-february-shows-dgca-data/articleshow/74685283.cms", "urlToImage": "https://static.toiimg.com/thumb/msid-74685257,width-1070,height-580,imgsize-30918,resizemode-75,overlay-toi_sw,pt-32,y_pad-40/photo.jpg", "publishedAt": "2020-03-18T05:01:08Z", "content": "Copyright \u00a9 2020 Bennett, Coleman &amp; Co. Ltd. All rights reserved. For reprint rights: Times Syndication Service"}, {"source": {"id": "the-times-of-india", "name": "The Times of India"}, "author": "Gaurav Noronha", "title": "Govt encouraging people to avoid using cash to stop coronavirus transmission", "description": "The notification, released on Wednesday by the ministry of finance, said that cash could be a potential medium through which the virus propagates.", "url": "https://economictimes.indiatimes.com/news/economy/policy/govt-encouraging-people-to-avoid-using-cash-to-stop-coronavirus-transmission/articleshow/74698539.cms", "urlToImage": "https://img.etimg.com/thumb/msid-74698601,width-1070,height-580,imgsize-220187,overlay-economictimes/photo.jpg", "publishedAt": "2020-03-18T17:10:57Z", "content": "The government has asked banks to encourage customers to use digital payment methods like UPI, NEFT, mobile banking and debit and credit cards instead of cash as a precautionary measure against the Covid-19 outbreak.\r\nThe notification, released on Wednesday b\u2026 [+731 chars]"}, {"source": {"id": "the-times-of-india", "name": "The Times of India"}, "author": "Samanwaya Rautray", "title": "CJI SA Bobde threatens to shut down courts amid Coronavirus scare", "description": "The CJI asked senior advocate Sanjay Hegde to suggest measures to further control crowding in the court rooms. \u201cWe can\u2019t ask everyone to take care of themselves,\u201d he said.", "url": "https://economictimes.indiatimes.com/news/politics-and-nation/cji-threatens-to-shut-down-courts/articleshow/74700434.cms", "urlToImage": "https://img.etimg.com/thumb/msid-74702788,width-1070,height-580,imgsize-105678,overlay-economictimes/photo.jpg", "publishedAt": "2020-03-18T23:14:47Z", "content": "New Delhi: Chief Justice of India SA Bobde on Wednesday threatened to shut down the courts, worried by the crowds thronging the Supreme Court despite a truncated court and a shorter list of cases amid the spread of Covid-19 infections in the country, reports \u2026 [+559 chars]"}, {"source": {"id": "the-times-of-india", "name": "The Times of India"}, "author": "PTI", "title": "Coronavirus: Army checking soldiers for flu symptoms, suspends training and recruitment activities", "description": "The Army has also stopped the recruitment drives across the country, including the Service Selection Board (SSB) exams. Army officials said they issued an advisory that all wargames and conferences will be postponed. Training activities have also been postpon\u2026", "url": "https://economictimes.indiatimes.com/news/defence/coronavirus-army-checking-soldiers-for-flu-symptoms-suspends-training-and-recruitment-activities/articleshow/74693867.cms", "urlToImage": "https://img.etimg.com/thumb/msid-74693921,width-1070,height-580,imgsize-1266659,overlay-etdefence/photo.jpg", "publishedAt": "2020-03-18T12:22:45Z", "content": "NEW DELHI: The Indian Army, which reported its first case of coronavirus in Leh, on Wednesday announced suspension of wargames, conferences and training activities as part of precautionary measures and said it will be checking the soldiers for flu symptoms on\u2026 [+1146 chars]"}, {"source": {"id": "the-times-of-india", "name": "The Times of India"}, "author": "PTI", "title": "China engaged in disinformation campaign on coronavirus to shift responsibility: Pompeo", "description": "Asked about the Chinese allegation that the US army planted the coronavirus in Wuhan province of China, Pompeo said, \"The disinformation campaign (on coronavirus) that they are waging is designed to shift responsibility.\"", "url": "https://economictimes.indiatimes.com/news/international/world-news/china-engaged-in-disinformation-campaign-on-coronavirus-to-shift-responsibility-pompeo/articleshow/74683907.cms", "urlToImage": "https://img.etimg.com/thumb/msid-74683892,width-1070,height-580,imgsize-848182,overlay-economictimes/photo.jpg", "publishedAt": "2020-03-18T03:34:07Z", "content": "WASHINGTON: China is engaged in a disinformation campaign to shift its responsibility in the spread of the coronavirus, US Secretary of State Mike Pompeo has alleged.\r\n\"Now is not the time for recrimination. Now is the time to solve this global pandemic and w\u2026 [+1306 chars]"}, {"source": {"id": "the-times-of-india", "name": "The Times of India"}, "author": "PTI", "title": "Checking flu symptoms to banning non-essential travel, Indian Army takes precautions to combat coronavirus", "description": "It has also stopped the recruitment drives across the country, including the Service Selection Board (SSB) exams, officials said. At some locations, they said, the Army has also placed soldiers under quarantine after their return from leave. At other location\u2026", "url": "https://economictimes.indiatimes.com/news/defence/checking-flu-symptoms-to-banning-non-essential-travel-indian-army-takes-precautions-to-combat-coronavirus/articleshow/74691135.cms", "urlToImage": "https://img.etimg.com/thumb/msid-74691231,width-1070,height-580,imgsize-521802,overlay-etdefence/photo.jpg", "publishedAt": "2020-03-18T10:17:46Z", "content": "NEW DELHI: From checking flu symptoms among soldiers on their return from leave to cancelling non-essential travel and conference, the Army on Wednesday said it has taken a series of precautionary measures to prevent the coronavirus spread among the forces.\r\n\u2026 [+801 chars]"}, {"source": {"id": "the-times-of-india", "name": "The Times of India"}, "author": "PTI", "title": "Coronavirus death toll crosses 100 in USA as outbreak spreads to all 50 states", "description": "The number of deaths due to the new coronavirus in the US has reached 105, with the outbreak spreading to all 50 states, even as President Donald Trump mounted a warlike effort to contain the situation, including an economic stimulus package of USD1 trillion.", "url": "https://economictimes.indiatimes.com/news/international/world-news/coronavirus-death-toll-crosses-100-in-usa-as-outbreak-spreads-to-all-50-states/articleshow/74683952.cms", "urlToImage": "https://img.etimg.com/thumb/msid-74683956,width-1070,height-580,imgsize-610732,overlay-economictimes/photo.jpg", "publishedAt": "2020-03-18T03:39:48Z", "content": "WASHINGTON: The number of deaths due to the new coronavirus in the US has reached 105, with the outbreak spreading to all 50 states, even as President Donald Trump mounted a warlike effort to contain the situation, including an economic stimulus package of US\u2026 [+3212 chars]"}, {"source": {"id": "the-times-of-india", "name": "The Times of India"}, "author": "Sachin Dave", "title": "Can\u2019t comply with summons due to coronavirus: Companies, banks, NBFCs tell taxman", "description": "Companies claim that senior officials are already working from home and so can't travel to meet the taxman.", "url": "https://economictimes.indiatimes.com/news/economy/policy/cant-comply-with-summons-due-to-coronavirus-companies-banks-nbfcs-tell-taxman/articleshow/74687702.cms", "urlToImage": "https://img.etimg.com/thumb/msid-74687757,width-1070,height-580,imgsize-161270,overlay-economictimes/photo.jpg", "publishedAt": "2020-03-18T07:16:37Z", "content": "MUMBAI: Many companies, exporters, banks and NBFCs have refused to comply with the summons served by the revenue department due to Coronavirus scare.\r\nThese companies have served legal responses to the tax department stating that none of the executives would \u2026 [+3451 chars]"}, {"source": {"id": "the-times-of-india", "name": "The Times of India"}, "author": "ANI", "title": "PM Modi discusses global situation amid coronavirus pandemic with Saudi Crown Prince over phone", "description": "The MEA said PM Modi emphasised the need for coordinated efforts to adequately address the global challenge which has impacted not only the health and well-being of several hundred thousand people but also threatens to adversely affect the economy in many par\u2026", "url": "https://economictimes.indiatimes.com/news/politics-and-nation/pm-modi-discusses-global-situation-amid-coronavirus-pandemic-with-saudi-crown-prince-over-phone/articleshow/74683842.cms", "urlToImage": "https://img.etimg.com/thumb/msid-74683833,width-1070,height-580,imgsize-965433,overlay-economictimes/photo.jpg", "publishedAt": "2020-03-18T03:29:45Z", "content": "NEW DELHI: Prime Minister Narendra Modi on Tuesday held a telephonic conversation with the Crown Prince of Saudi Arabia, Mohammed bin Salman, and the two leaders discussed the global situation regarding the outbreak of coronavirus.\r\n\"Prime Minister Narendra M\u2026 [+1595 chars]"}, {"source": {"id": "the-times-of-india", "name": "The Times of India"}, "author": null, "title": "'Heartbreaking': Olympic torch events downscaled over coronavirus", "description": "Tokyo 2020 organisers said Tuesday they had taken the \"heartbreaking\" decision to scale back parts of the Olympic torch relay due to the coronavirus, but stressed that spectators would still be allowed to watch from the roadside.", "url": "https://timesofindia.indiatimes.com/sports/tokyo-olympics/heartbreaking-olympic-torch-events-downscaled-over-coronavirus/articleshow/74683557.cms", "urlToImage": "https://static.toiimg.com/thumb/msid-74683597,width-1070,height-580,imgsize-1137745,resizemode-75,overlay-toi_sw,pt-32,y_pad-40/photo.jpg", "publishedAt": "2020-03-18T02:50:04Z", "content": "TOKYO: Tokyo 2020 organisers said Tuesday they had taken the \"heartbreaking\" decision to scale back parts of the Olympic torch relay due to the coronavirus, but stressed that spectators would still be allowed to watch from the roadside.\r\nChief executive Toshi\u2026 [+4256 chars]"}, {"source": {"id": "the-times-of-india", "name": "The Times of India"}, "author": "TNN", "title": "Coronavirus: Mosques to limit Friday prayers", "description": "BENGALURU: The Karnataka Auqaf Board on Wednesday said that a collective decision has been taken after a high-level committee meeting involving variou.", "url": "https://timesofindia.indiatimes.com/city/bengaluru/coronavirus-in-karnataka-mosques-to-limit-friday-prayers-people-urged-to-pray-from-home/articleshow/74696959.cms", "urlToImage": "https://static.toiimg.com/thumb/msid-74696968,width-1070,height-580,imgsize-55380,resizemode-75,overlay-toi_sw,pt-32,y_pad-40/photo.jpg", "publishedAt": "2020-03-18T15:09:49Z", "content": "Copyright \u00a9 2020 Bennett, Coleman &amp; Co. Ltd. All rights reserved. For reprint rights: Times Syndication Service"}, {"source": {"id": "the-times-of-india", "name": "The Times of India"}, "author": "PTI", "title": "Coronavirus: Karnataka to earmark Rs 200 crore", "description": "BENGALURU: The Karnataka cabinet has decided to earmark Rs 200 crore to combat the spread of coronavirus in the state, Chief Minister Yediyurappa said.", "url": "https://timesofindia.indiatimes.com/city/bengaluru/karnataka-to-earmark-rs-200-crore-to-contain-coronavirus-spread/articleshow/74692632.cms", "urlToImage": "https://static.toiimg.com/thumb/msid-74692646,width-1070,height-580,imgsize-80639,resizemode-75,overlay-toi_sw,pt-32,y_pad-40/photo.jpg", "publishedAt": "2020-03-18T11:02:18Z", "content": "Copyright \u00a9 2020 Bennett, Coleman &amp; Co. Ltd. All rights reserved. For reprint rights: Times Syndication Service"}, {"source": {"id": "the-times-of-india", "name": "The Times of India"}, "author": "TNN", "title": "Coronavirus: Why working women are worst hit", "description": "MYSURU: The fear surrounding the spread of coronavirus hit the women hard compared to the male members of the families.", "url": "https://timesofindia.indiatimes.com/city/mysuru/coronavirus-working-women-worst-hit-as-they-scrabble-for-childcare-in-mysuru/articleshow/74691225.cms", "urlToImage": "https://static.toiimg.com/thumb/msid-74691213,width-1070,height-580,imgsize-128089,resizemode-75,overlay-toi_sw,pt-32,y_pad-40/photo.jpg", "publishedAt": "2020-03-18T09:59:08Z", "content": "Copyright \u00a9 2020 Bennett, Coleman &amp; Co. Ltd. All rights reserved. For reprint rights: Times Syndication Service"}, {"source": {"id": "the-times-of-india", "name": "The Times of India"}, "author": "PTI", "title": "Norway national tests positive for coronavirus in Goa", "description": "A Norwegian man on Wednesday tested positive for novel coronavirus infection in Goa, Health Minister Vishwajit Rane said. The man had travelled to Delhi, Agra, Assam and Meghalaya after leaving Norway on February 6.", "url": "https://economictimes.indiatimes.com/news/politics-and-nation/norway-national-tests-positive-for-coronavirus-in-goa/articleshow/74688152.cms", "urlToImage": "https://img.etimg.com/thumb/msid-74688180,width-1070,height-580,imgsize-75490,overlay-economictimes/photo.jpg", "publishedAt": "2020-03-18T07:36:33Z", "content": "PANAJI: Goa Health Minister Vishwajit Rane on Wednesday said a Norway national in the state has tested positive for novel coronavirus but shortly afterwards retracted the remarks.\r\nRane said the earlier information was based on a 'hoax call' to the concerned \u2026 [+285 chars]"}, {"source": {"id": "the-times-of-india", "name": "The Times of India"}, "author": "ET Online", "title": "India is going to pay an extremely heavy price due to Modi govt's inability: Rahul Gandhi on coronavirus", "description": "India is going to pay an extremely heavy price owing to the government's inability to act decisively, he tweeted. Earlier on March 13, Rahul Gandhi had said that the coronavirus pandemic may destroy Indian economy.", "url": "https://economictimes.indiatimes.com/news/politics-and-nation/india-is-going-to-pay-an-extremely-heavy-price-due-to-modi-govts-inability-rahul-gandhi-on-coronavirus/articleshow/74691917.cms", "urlToImage": "https://img.etimg.com/thumb/msid-74692036,width-1070,height-580,imgsize-260053,overlay-economictimes/photo.jpg", "publishedAt": "2020-03-18T10:53:50Z", "content": "Former Congress president Rahul Gandhi today called for quick and aggressive action to tackle the spread of coronavirus in the country.\r\nIndia is going to pay an extremely heavy price owing to the government's inability to act decisively, he tweeted.\r\nEarlier\u2026 [+854 chars]"}, {"source": {"id": "the-times-of-india", "name": "The Times of India"}, "author": "Bobins Abraham", "title": "Being Responsible And Irresponsible At The Time Of Coronavirus Outbreak", "description": "The Coronavirus outbreak is the first of its kind, at least in our lifetimes and we are only still learning about it as the infection continues to spread across the world. So far the best way to be safe from Covid-19 is to avoid situations that could possibly\u2026", "url": "https://www.indiatimes.com/news/india/being-responsible-and-irresponsible-at-the-time-of-coronavirus-outbreak-508689.html", "urlToImage": "https://im.indiatimes.in/content/2020/Mar/5-FBImage_5e71eaa7a91f9.jpg", "publishedAt": "2020-03-18T11:30:13Z", "content": "The coronavirus outbreak is the first-of-its-kind, at least in our lifetimes and we are only still learning about it as the infection continues to spread across the world. So far the best way to be safe from Covid-19 is to avoid situations that could possibly\u2026 [+2352 chars]"}, {"source": {"id": "the-times-of-india", "name": "The Times of India"}, "author": "Indiatimes", "title": "Don\u2019t Call Us Coronavirus: Indian Students' Appeal Against Racism", "description": "Coronavirus has also brought to the forefront a lot of racism and xenophobia. Students from northeast India are being subjected to racist comments. A video of some students appealing to people asking them not to call them 'coronavirus' is going viral.", "url": "https://www.indiatimes.com/videos/human-interest/dont-call-us-coronavirus-indian-students-appeal-against-racism-508651.html", "urlToImage": "https://im.indiatimes.in/content/2020/Mar/960x0_5e71bb3a55326.jpg", "publishedAt": "2020-03-18T05:41:37Z", "content": "Copyright \u00a9 2020 Times Internet Limited. Powered by Indiatimes Lifestyle Network. All rights reserved"}, {"source": {"id": "the-times-of-india", "name": "The Times of India"}, "author": "Somak Adhikari", "title": "Irfan Pathan's Message During Coronavirus - Take Care Of The Elderly", "description": "As the world combats coronavirus, sportspersons are also doing their bit. One such person is Irfan Pathan who has a special message for fans in these trying times.", "url": "https://www.indiatimes.com/sports/irfan-pathans-message-during-coronavirus-take-care-of-the-elderly-508686.html", "urlToImage": "https://im.indiatimes.in/content/2020/Mar/1_5e71e0fbb5fa1.jpg", "publishedAt": "2020-03-18T08:30:13Z", "content": "As the world combats coronavirus, sportspersons are also doing their bit. One such person is Irfan Pathan who has a special message for fans in these trying times.\u00a0\r\nHe urged the fans to think about others and take care of the elderly.\u00a0\r\nIn the times of #coro\u2026 [+932 chars]"}, {"source": {"id": "the-times-of-india", "name": "The Times of India"}, "author": "TNN", "title": "FIR over ad of 'coronavirus-curing' mattress", "description": "THANE: The Narpoli police in Bhiwandi have filed an FIR against owner of a private company for issuing misleading advertisement in newspaper which cla.", "url": "https://timesofindia.indiatimes.com/city/thane/maharashtra-fir-over-advertisement-of-coronavirus-curing-mattress/articleshow/74692850.cms", "urlToImage": "https://static.toiimg.com/thumb/msid-74692840,width-1070,height-580,imgsize-89006,resizemode-75,overlay-toi_sw,pt-32,y_pad-40/photo.jpg", "publishedAt": "2020-03-18T11:08:16Z", "content": null}, {"source": {"id": "the-times-of-india", "name": "The Times of India"}, "author": "Reuters", "title": "Coronavirus outbreak could destroy up to 25 million jobs: ILO", "description": "\"However, if we see an internationally coordinated policy response, as happened in the global financial crisis of 2008/9, then the impact on global unemployment could be significantly lower,\" ILO said.", "url": "https://economictimes.indiatimes.com/news/international/world-news/coronavirus-outbreak-could-destroy-up-to-25-million-jobs-ilo/articleshow/74696636.cms", "urlToImage": "https://img.etimg.com/thumb/msid-74696667,width-1070,height-580,imgsize-61889,overlay-economictimes/photo.jpg", "publishedAt": "2020-03-18T15:12:55Z", "content": "BERLIN: The coronavirus pandemic could trigger a global economic crisis and destroy up to 25 million jobs around the world if governments do not act fast to shield workers from the impact, the International Labour Organization (ILO) said on Wednesday.\r\n\"Howev\u2026 [+357 chars]"}, {"source": {"id": "the-times-of-india", "name": "The Times of India"}, "author": "PTI", "title": "Indian carriers may ground 150 planes; stare at quarterly loss on coronavirus impact: Report", "description": "All Indian airlines will report significant losses in the first quarter of this year and may initially ground around 150 planes as the shock from the coronavirus pandemic will be \"far deeper and much longer\", according to a report.", "url": "https://economictimes.indiatimes.com/industry/transportation/airlines-/-aviation/indian-carriers-may-ground-150-planes-stare-at-quarterly-loss-on-coronavirus-impact-report/articleshow/74693739.cms", "urlToImage": "https://img.etimg.com/thumb/msid-74693772,width-1070,height-580,imgsize-517967,overlay-economictimes/photo.jpg", "publishedAt": "2020-03-18T12:12:21Z", "content": "All Indian airlines will report significant losses in the first quarter of this year and may initially ground around 150 planes as the shock from the coronavirus pandemic will be \"far deeper and much longer\", according to a report. Aviation advisory firm CAPA\u2026 [+2174 chars]"}, {"source": {"id": "the-times-of-india", "name": "The Times of India"}, "author": "ET Online", "title": "IndiGo & Vistara may ground jets as coronavirus takes a grip over India", "description": "Low-cost carrier IndiGo has cancelled several flights to West Asia (Dubai, Sharjah, Abu Dhabi) from March 17 until the travel restrictions are lifted. The airline\u2019s flights from Chennai, Kolkata and two services from Mumbai to Dubai are cancelled. Flights fro\u2026", "url": "https://economictimes.indiatimes.com/industry/transportation/airlines-/-aviation/indigo-vistara-may-ground-jets-as-coronavirus-takes-a-grip-over-india/articleshow/74692426.cms", "urlToImage": "https://img.etimg.com/thumb/msid-74692409,width-1070,height-580,imgsize-624640,overlay-economictimes/photo.jpg", "publishedAt": "2020-03-18T11:12:16Z", "content": "Leading carriers IndiGo and Vistara are considering grounding planes, with the virus now hitting the domestic market hard, according to sources.Following the recent suspension on all tourist and e-visas to India, Indian airlines have announced the cancellatio\u2026 [+1939 chars]"}, {"source": {"id": "the-times-of-india", "name": "The Times of India"}, "author": "TIMESOFINDIA.COM", "title": "Coronavirus: People with blood group A more at risk?", "description": "A recent China study suggests that people with blood type A might be more vulnerable to the coronavirus infection. On the other hand, people with blood type O might be resistant to it.", "url": "https://timesofindia.indiatimes.com/life-style/health-fitness/health-news/coronavirus-study-people-with-blood-group-a-more-susceptible-to-disease/articleshow/74691824.cms", "urlToImage": "https://static.toiimg.com/photo/msid-74691868/74691868.jpg?198928", "publishedAt": "2020-03-18T10:26:29Z", "content": "A recent China study suggests that people with blood type A might be more vulnerable to the coronavirus infection. On the other hand, people with blood type O might be resistant to it. The study was conducted with 2000 coronavirus patients in Wuhan and Shenzh\u2026 [+2345 chars]"}, {"source": {"id": "the-times-of-india", "name": "The Times of India"}, "author": null, "title": "US PGA Championship called off amid coronavirus pandemic", "description": "The US PGA Championship, scheduled for May 14-17 at Harding Park in San Francisco, has been postponed, the second 2020 major golf championship to be derailed by the coronavirus pandemic.", "url": "https://timesofindia.indiatimes.com/sports/golf/top-stories/us-pga-championship-called-off-amid-coronavirus-pandemic/articleshow/74684586.cms", "urlToImage": "https://static.toiimg.com/thumb/msid-74684698,width-1070,height-580,imgsize-1104617,resizemode-75,overlay-toi_sw,pt-32,y_pad-40/photo.jpg", "publishedAt": "2020-03-18T04:29:36Z", "content": "LOS ANGELES: The US PGA Championship, scheduled for May 14-17 at Harding Park in San Francisco, has been postponed, the second 2020 major golf championship to be derailed by the coronavirus pandemic.\r\nThe PGA of America said Tuesday they hoped to reschedule t\u2026 [+3393 chars]"}]}