{"status": "ok", "totalResults": 45, "articles": [{"source": {"id": "the-times-of-india", "name": "The Times of India"}, "author": null, "title": "Coronavirus live: Total confirmed cases rise to 43 in India", "description": "Italy's death toll from the new coronavirus shot up by 133 to 366 on Sunday while the number of infections rose by a single-day record of 1,492 to hit 7,375. A 63-year-old woman tests positive, making her the first confirmed case in J&K. The number of infecte\u2026", "url": "http://timesofindia.indiatimes.com/india/coronavirus-outbreak-live-updates-total-number-of-confirmed-coronavirus-cases-in-india-rises-to-43/articleshow/74543332.cms", "urlToImage": null, "publishedAt": "2020-03-08T20:12:05Z", "content": null}, {"source": {"id": "the-times-of-india", "name": "The Times of India"}, "author": "NYT News Service", "title": "'Largest health experiment': China fights coronavirus at a painful cost", "description": "China News: BEIJING: As the new coronavirus races around the world, tanking markets, cutting off global travel and suspending school for hundreds of millions of c.", "url": "https://timesofindia.indiatimes.com/world/china/china-may-be-beating-the-coronavirus-at-a-painful-cost/articleshow/74537995.cms", "urlToImage": "https://static.toiimg.com/thumb/msid-74538080,width-1070,height-580,imgsize-339254,resizemode-75,overlay-toi_sw,pt-32,y_pad-40/photo.jpg", "publishedAt": "2020-03-08T11:45:51Z", "content": "Copyright \u00a9 2020 Bennett, Coleman &amp; Co. Ltd. All rights reserved. For reprint rights: Times Syndication Service"}, {"source": {"id": "the-times-of-india", "name": "The Times of India"}, "author": null, "title": "Coronavirus live: Italy toll rises by 133 in a day", "description": "Italy's death toll from the new coronavirus shot up by 133 to 366 Sunday while the number of infections rose by a single-day record of 1,492 to hit 7,375. Tamil Nadu and Ladakh became the latest Indian states to report confirmed cases of coronavirus. Stay wit\u2026", "url": "http://timesofindia.indiatimes.com/india/coronavirus-in-india-live-updates-9-march-2020/articleshow/74543332.cms", "urlToImage": null, "publishedAt": "2020-03-08T20:12:05Z", "content": null}, {"source": {"id": "the-times-of-india", "name": "The Times of India"}, "author": "ET Bureau", "title": "Investigate spread of coronavirus through currency notes, demands CAIT", "description": "The CAIT has suggested that Countries like UK, Australia and Canada have switched to polymer notes to reduce the risk of spreading infections through currency. Therefore, the possibilities of usage of polymer notes in India should also be examined", "url": "https://economictimes.indiatimes.com/news/politics-and-nation/investigate-spread-of-coronavirus-through-currency-notes-demands-cait/articleshow/74537382.cms", "urlToImage": "https://img.etimg.com/thumb/msid-74537395,width-1070,height-580,imgsize-41303,overlay-economictimes/photo.jpg", "publishedAt": "2020-03-08T10:32:04Z", "content": "PUNE: In the wake of serious threat of spreading Corona virus and other infectious diseases, the Confederation of All India Traders (CAIT) today urged Finance Minister Nirmala Sitharaman to order \u201ca larger investigation\u201d to assess the chances of diseases spre\u2026 [+4407 chars]"}, {"source": {"id": "the-times-of-india", "name": "The Times of India"}, "author": "Economic Times", "title": "Coronavirus LIVE: India's case count goes up to 34", "description": "Coronavirus LIVE: India's case count goes up to 34Three more persons tested positive for coronavirus on Saturday, taking the number of confirmed cases in the country to 34 in India. Italy will quarantine the entire Milan, Venice and other regions to limit the\u2026", "url": "https://economictimes.indiatimes.com/news/politics-and-nation/coronavirus-cases-in-india-live-news-latest-updates-march8/liveblog/74533917.cms", "urlToImage": "https://img.etimg.com/thumb/msid-74533917,width-600,resizemode-4,imglength-577902/news/politics-and-nation/coronavirus-cases-in-india-live-news-latest-updates-march8.jpg", "publishedAt": "2020-03-08T03:26:40Z", "content": null}, {"source": {"id": "the-times-of-india", "name": "The Times of India"}, "author": "PTI", "title": "Coronavirus threat: Arunachal Pradesh bans entry of foreigners", "description": "\"It is learnt that Covid-19 positive cases have been detected in India and the numbers have been increasing. It is also learnt that the spread of the coronavirus in India is primarily from visitors who had history of travelling abroad recently or through tour\u2026", "url": "https://economictimes.indiatimes.com/news/politics-and-nation/coronavirus-threat-arunachal-pradesh-bans-entry-of-foreigners/articleshow/74535673.cms", "urlToImage": "https://img.etimg.com/thumb/msid-74535681,width-1070,height-580,imgsize-558195,overlay-economictimes/photo.jpg", "publishedAt": "2020-03-08T07:17:34Z", "content": "ITANAGAR: The Arunachal Pradesh government has decided to temporarily suspend issuing Protected Area Permits (PAPs) to foreigners to check the spread of coronavirus, officials said on Sunday.\r\nForeigners require PAPs to enter the state that shares a border wi\u2026 [+1092 chars]"}, {"source": {"id": "the-times-of-india", "name": "The Times of India"}, "author": "ANI", "title": "Coronavirus : Over 4,000 passengers screened at Hyderabad's RGI Airport on Saturday, suspected 19 cases kept in isolation", "description": "\"Till now 31,763 passengers have been screened at RGI Airport, Hyderabad including 4,656 who were screened today (March 7), in which 19 were found suspected coronavirus symptomatic and they have been kept in isolation ward in a state-run hospital,\" said Dr G \u2026", "url": "https://economictimes.indiatimes.com/news/politics-and-nation/coronavirus-over-4000-passengers-screened-at-hyderabads-rgi-airport-on-saturday-suspected-19-cases-kept-in-isolation/articleshow/74533537.cms", "urlToImage": "https://img.etimg.com/thumb/msid-74533562,width-1070,height-580,imgsize-415658,overlay-economictimes/photo.jpg", "publishedAt": "2020-03-08T02:10:02Z", "content": "HYDERABAD: : In the backdrop of novel coronavirus outbreak, as many as 4,656 passengers were screened at the Rajiv Gandhi International (RGI) Airport here on Saturday out of which 19 were found suspected and have been kept in isolation, said Dr G Srinivasa Ra\u2026 [+575 chars]"}, {"source": {"id": "the-times-of-india", "name": "The Times of India"}, "author": null, "title": "How tech lifestyles are enabling 'safe escape' from coronavirus - An aid to the rescue - Economic Times", "description": "For people hunkering down due to the coronavirus epidemic, the tech sector has become their new best friend with an array of lifestyle solutions making \"social distancing\" easier. Those wanting to avoid crowds can have meals delivered from restaurants, stream\u2026", "url": "https://economictimes.indiatimes.com/tech/ites/how-tech-lifestyles-are-enabling-safe-escape-from-coronavirus/an-aid-to-the-rescue/slideshow/74537202.cms", "urlToImage": "https://img.etimg.com/thumb/msid-74537202,width-1070,height-580,overlay-economictimes/photo.jpg", "publishedAt": "2020-03-08T10:17:00Z", "content": "For people hunkering down due to the coronavirus epidemic, the tech sector has become their new best friend with an array of lifestyle solutions making \"social distancing\" easier. Those wanting to avoid crowds can have meals delivered from restaurants, stream\u2026 [+920 chars]"}, {"source": {"id": "the-times-of-india", "name": "The Times of India"}, "author": "TNN", "title": "Saudi-returned man dies at West Bengal hospital, samples sent for coronavirus test - Times of India", "description": "A 33-year-old labourer from Murshidabad who had returned from Saudi Arabia on Saturday with cough, fever and breathing distress, and had been admitted", "url": "https://timesofindia.indiatimes.com/city/kolkata/saudi-returned-man-dies-at-west-bengal-hospital-samples-sent-for-coronavirus-test/articleshow/74540531.cms", "urlToImage": "https://static.toiimg.com/thumb/msid-74540558,width-1070,height-580,imgsize-28495,resizemode-75,overlay-toi_sw,pt-32,y_pad-40/photo.jpg", "publishedAt": "2020-03-08T15:26:00Z", "content": "Copyright \u00a9 2020 Bennett, Coleman &amp; Co. Ltd. All rights reserved. For reprint rights: Times Syndication Service"}, {"source": {"id": "the-times-of-india", "name": "The Times of India"}, "author": "PTI", "title": "Coronavirus: GoAir to not charge cancellation fee on tickets booked till April 30 - Times of India", "description": "Coronavirus: GoAir to not charge cancellation fee on tickets booked till April 30 Times of India GoAir waives cancellation fees on tickets booked till April 30 Livemint No Cancellation Fee On GoAir Tickets Booked Till April 30 Amid Virus Scare NDTV News Coron\u2026", "url": "https://timesofindia.indiatimes.com/business/india-business/coronavirus-goair-to-not-charge-cancellation-fee-on-tickets-booked-till-april-30/articleshow/74539704.cms", "urlToImage": "https://static.toiimg.com/thumb/msid-74539692,width-1070,height-580,imgsize-106353,resizemode-75,overlay-toi_sw,pt-32,y_pad-40/photo.jpg", "publishedAt": "2020-03-08T17:34:54Z", "content": null}, {"source": {"id": "the-times-of-india", "name": "The Times of India"}, "author": "AFP", "title": "As coronavirus cases rise, New York state declares emergency - Times of India", "description": "As coronavirus cases rise, New York state declares emergency Times of India Coronavirus Outbreak LIVE Updates: 33 Cases Reported on Egypt Cruise Ship; Man Who Attended Event With Trump Tests Positive News18 Coronavirus in US: New York declares state of emerge\u2026", "url": "https://timesofindia.indiatimes.com/world/us/as-coronavirus-cases-rise-new-york-state-declares-emergency/articleshow/74534137.cms", "urlToImage": "https://static.toiimg.com/thumb/msid-74534130,width-1070,height-580,imgsize-179739,resizemode-75,overlay-toi_sw,pt-32,y_pad-40/photo.jpg", "publishedAt": "2020-03-08T04:15:00Z", "content": "Copyright \u00a9 2020 Bennett, Coleman &amp; Co. Ltd. All rights reserved. For reprint rights: Times Syndication Service"}, {"source": {"id": "the-times-of-india", "name": "The Times of India"}, "author": "PTI", "title": "Coronavirus: No handshakes, only 'namaste', says Ajit Pawar", "description": "India News: MUMBAI: Maharashtra deputy chief minister Ajit Pawar on Sunday said he has been greeting people with the traditional 'namaste' instead of shaking hand.", "url": "https://timesofindia.indiatimes.com/india/coronavirus-no-handshakes-only-namaste-says-ajit-pawar/articleshow/74538885.cms", "urlToImage": "https://static.toiimg.com/thumb/msid-74538883,width-1070,height-580,imgsize-187244,resizemode-75,overlay-toi_sw,pt-32,y_pad-40/photo.jpg", "publishedAt": "2020-03-08T12:30:51Z", "content": "Copyright \u00a9 2020 Bennett, Coleman &amp; Co. Ltd. All rights reserved. For reprint rights: Times Syndication Service"}, {"source": {"id": "the-times-of-india", "name": "The Times of India"}, "author": "PTI", "title": "Coronavirus: West Bengal man returning from Saudi Arabia admitted to hospital", "description": "The man from Murshidabad district was taken to the hospital after he underwent thermal screening at the NSC Bose International Airport. His blood samples and swabs were collected and sent to the National Institute of Cholera and Enteric Diseases (NICED) in Be\u2026", "url": "https://timesofindia.indiatimes.com/india/coronavirus-west-bengal-man-returning-from-saudi-arabia-admitted-to-hospital/articleshow/74541579.cms", "urlToImage": "https://static.toiimg.com/thumb/msid-74541808,width-1070,height-580,imgsize-199637,resizemode-75,overlay-toi_sw,pt-32,y_pad-40/photo.jpg", "publishedAt": "2020-03-08T16:41:31Z", "content": "Copyright \u00a9 2020 Bennett, Coleman &amp; Co. Ltd. All rights reserved. For reprint rights: Times Syndication Service"}, {"source": {"id": "the-times-of-india", "name": "The Times of India"}, "author": "PTI", "title": "NIV scientists working 'round-the-clock' to ensure smooth coronavirus testing across country", "description": "India News: PUNE: Armed with special protective gear- including safety gowns, spectacles, N-95 masks and gloves- scientists at the National Institute of Virology .", "url": "https://timesofindia.indiatimes.com/india/niv-scientists-working-round-the-clock-to-ensure-smooth-coronavirus-testing-across-country/articleshow/74536127.cms", "urlToImage": "https://static.toiimg.com/thumb/msid-74536140,width-1070,height-580,imgsize-2319373,resizemode-75,overlay-toi_sw,pt-32,y_pad-40/photo.jpg", "publishedAt": "2020-03-08T07:49:12Z", "content": "Copyright \u00a9 2020 Bennett, Coleman &amp; Co. Ltd. All rights reserved. For reprint rights: Times Syndication Service"}, {"source": {"id": "the-times-of-india", "name": "The Times of India"}, "author": "PTI", "title": "Coronavirus audio message as mobile caller tune on DoT orders; Jio, BSNL in full compliance, others yet to follow", "description": "India News: NEW DELHI: The government has ordered all telecom firms to make a 30-second audio clip on coronavirus as a caller tune of mobile phone users to create.", "url": "https://timesofindia.indiatimes.com/india/coronavirus-audio-message-as-mobile-caller-tune-on-dot-orders-jio-bsnl-in-full-compliance-others-yet-to-follow/articleshow/74536529.cms", "urlToImage": "https://static.toiimg.com/thumb/msid-74536527,width-1070,height-580,imgsize-315417,resizemode-75,overlay-toi_sw,pt-32,y_pad-40/photo.jpg", "publishedAt": "2020-03-08T08:29:37Z", "content": "Copyright \u00a9 2020 Bennett, Coleman &amp; Co. Ltd. All rights reserved. For reprint rights: Times Syndication Service"}, {"source": {"id": "the-times-of-india", "name": "The Times of India"}, "author": "AFP", "title": "Paraguay reports first coronavirus case", "description": "Rest of World News: ASUNCION: A 32-year-old Paraguayan who arrived from Ecuador is the first confirmed case of the novel coronavirus in Paraguay, the country's health min.", "url": "https://timesofindia.indiatimes.com/world/rest-of-world/paraguay-reports-first-coronavirus-case/articleshow/74534862.cms", "urlToImage": "https://static.toiimg.com/thumb/msid-74534884,width-1070,height-580,imgsize-854021,resizemode-75,overlay-toi_sw,pt-32,y_pad-40/photo.jpg", "publishedAt": "2020-03-08T05:32:52Z", "content": "Copyright \u00a9 2020 Bennett, Coleman &amp; Co. Ltd. All rights reserved. For reprint rights: Times Syndication Service"}, {"source": {"id": "the-times-of-india", "name": "The Times of India"}, "author": "TIMESOFINDIA.COM", "title": "Coronavirus affects KJo\u2019s Takht shoot?", "description": "Coronavirus outbreak seems to be doing some serious damage to Bollywood. After Salman Khan cancelled the international shoot of his film \u2018Radhe: Your Most Wanted Bhai\u2019 due to the spread of Coronavirus, now Karan Johar\u2019s \u2018Takht\u2019 has been affected by the same. \u2026", "url": "https://timesofindia.indiatimes.com/entertainment/hindi/bollywood/news/coronavirus-outbreak-affects-karan-johars-takht-shoot/articleshow/74537260.cms", "urlToImage": "https://static.toiimg.com/photo/msid-74537260/74537260.jpg?362629", "publishedAt": "2020-03-08T09:55:15Z", "content": null}, {"source": {"id": "the-times-of-india", "name": "The Times of India"}, "author": "AFP", "title": "Iran reports 49 new coronavirus deaths, highest single-day toll", "description": "Middle East News: TEHRAN: Iran's health ministry on Sunday reported 49 new deaths from the novel coronavirus, the highest toll within 24 hours since the start of the ou.", "url": "https://timesofindia.indiatimes.com/world/middle-east/iran-reports-49-new-coronavirus-deaths-highest-single-day-toll/articleshow/74537344.cms", "urlToImage": "https://static.toiimg.com/thumb/msid-74537784,width-1070,height-580,imgsize-69284,resizemode-75,overlay-toi_sw,pt-32,y_pad-40/photo.jpg", "publishedAt": "2020-03-08T10:54:50Z", "content": null}, {"source": {"id": "the-times-of-india", "name": "The Times of India"}, "author": "PTI", "title": "Iran reports 49 new coronavirus deaths, highest single-day toll", "description": "\u200b\u200bThe new count brings the number of those killed by the virus in the country since mid-February to 194, one of the highest tolls outside of China, where the disease originated.", "url": "https://economictimes.indiatimes.com/news/international/world-news/iran-reports-49-new-coronavirus-deaths-highest-single-day-toll/articleshow/74539283.cms", "urlToImage": "https://img.etimg.com/thumb/msid-74539283,width-1070,height-580,imgsize-660555,overlay-economictimes/photo.jpg", "publishedAt": "2020-03-08T13:30:18Z", "content": "Tehran: Iran's health ministry on Sunday reported 49 new deaths from the novel coronavirus, the highest toll within 24 hours since the start of the outbreak in the Islamic republic. \r\nThe new count brings the number of those killed by the virus in the country\u2026 [+180 chars]"}, {"source": {"id": "the-times-of-india", "name": "The Times of India"}, "author": "Bloomberg", "title": "There is a \u2018Tipping Point\u2019 before coronavirus kills", "description": "One in seven patients develops difficulty breathing and other severe complications, while 6% become critical. These patients typically suffer failure of the respiratory and other vital systems, and sometimes develop septic shock, according to a report by last\u2026", "url": "https://economictimes.indiatimes.com/news/international/world-news/there-is-a-tipping-point-before-coronavirus-kills/articleshow/74537224.cms", "urlToImage": "https://img.etimg.com/thumb/msid-74537322,width-1070,height-580,imgsize-181049,overlay-economictimes/photo.jpg", "publishedAt": "2020-03-08T10:23:12Z", "content": "By Jason GaleThe new coronavirus causes little more than a cough if it stays in the nose and throat, which it does for the majority of people unlucky enough to be infected. Danger starts when it reaches the lungs.\r\nOne in seven patients develops difficulty br\u2026 [+4741 chars]"}, {"source": {"id": "the-times-of-india", "name": "The Times of India"}, "author": "Indiatimes", "title": "Coronavirus In Numbers", "description": "The spread of the deadly coronavirus continues unabated across the world more countries are reporting their first cases. Here\u2019s a quick look at the numbers from across the globe:", "url": "https://www.indiatimes.com/videos/news-that-matters/coronavirus-in-numbers-507954.html", "urlToImage": "https://im.indiatimes.in/content/2020/Mar/youtube-my_5e6498242693e.jpg", "publishedAt": "2020-03-08T06:39:28Z", "content": "MORE FROM News That Matters\r\nCopyright \u00a9 2020 Times Internet Limited. Powered by Indiatimes Lifestyle Network. All rights reserved"}, {"source": {"id": "the-times-of-india", "name": "The Times of India"}, "author": "Indiatimes", "title": "Coronavirus Myths & Conspiracy Theories Busted", "description": "This video clip was viral on social media not just this, many more such clips were shared & reshared massively. But they all turned out to be fake the outrage on social media was palpable that China\u2019s state-sponsored broadcaster clarified it with a tweet.", "url": "https://www.indiatimes.com/videos/news-that-matters/coronavirus-myths-conspiracy-theories-busted-507952.html", "urlToImage": "https://im.indiatimes.in/content/2020/Mar/big_5e6496064c6bb.jpg", "publishedAt": "2020-03-08T06:29:54Z", "content": "MORE FROM News That Matters\r\nCopyright \u00a9 2020 Times Internet Limited. Powered by Indiatimes Lifestyle Network. All rights reserved"}, {"source": {"id": "the-times-of-india", "name": "The Times of India"}, "author": "PTI", "title": "NIV scientists working 'round-the-clock' to ensure smooth coronavirus testing across country", "description": "The day at NIV -- the country's premier virus testing centre -- starts with the scientists going into a huddle to chalk out the strategy, which includes testing fresh cases for COVID-19, reconfirming ones that have already tested positive, and providing suppo\u2026", "url": "https://economictimes.indiatimes.com/news/politics-and-nation/niv-scientists-working-round-the-clock-to-ensure-smooth-coronavirus-testing-across-country/articleshow/74536078.cms", "urlToImage": "https://img.etimg.com/thumb/msid-74536378,width-1070,height-580,imgsize-549008,overlay-economictimes/photo.jpg", "publishedAt": "2020-03-08T08:36:40Z", "content": "PUNE: Armed with special protective gear -- including safety gowns, spectacles, N-95 masks and gloves -- scientists at the National Institute of Virology (NIV) here are working \"round-the-clock\" to ensure smooth testing of samples for the deadly \r\ncoronavirus\u2026 [+4102 chars]"}, {"source": {"id": "the-times-of-india", "name": "The Times of India"}, "author": "New York Times", "title": "Why the Coronavirus could threaten the US economy even more than China\u2019s", "description": "That is because face-to-face service industries \u2014 the kind of businesses that go into a tailspin when fearful people withdraw from one another \u2014 tend to dominate economies in high-income countries more than they do in China.", "url": "https://economictimes.indiatimes.com/news/international/world-news/why-the-coronavirus-could-threaten-the-us-economy-even-more-than-chinas/articleshow/74535695.cms", "urlToImage": "https://img.etimg.com/thumb/msid-74535773,width-1070,height-580,imgsize-569876,overlay-economictimes/photo.jpg", "publishedAt": "2020-03-08T07:26:01Z", "content": "By Austan GoolsbeeAfter a string of deaths, some heart-stopping plunges in the stock market and an emergency rate cut by the Federal Reserve, there is reason to be concerned about the ultimate economic impact of the coronavirus in the United States.\r\nThe firs\u2026 [+4141 chars]"}, {"source": {"id": "the-times-of-india", "name": "The Times of India"}, "author": "AFP", "title": "Tech lifestyles enable 'safe escape' from coronavirus", "description": "The latest tech-inspired lifestyle solutions are gaining traction as more people are advised to work from home, and many conferences and gatherings are cancelled.", "url": "https://economictimes.indiatimes.com/news/international/world-news/tech-lifestyles-enable-safe-escape-from-coronavirus/articleshow/74535823.cms", "urlToImage": "https://img.etimg.com/thumb/msid-74535820,width-1070,height-580,imgsize-479125,overlay-economictimes/photo.jpg", "publishedAt": "2020-03-08T07:31:25Z", "content": "SAN FRANCISCO: For people hunkering down due to the coronavirus epidemic, the tech sector has become their new best friend with an array of lifestyle solutions making \"social distancing\" easier.\r\nThose wanting to avoid crowds can have meals delivered from res\u2026 [+4072 chars]"}, {"source": {"id": "the-times-of-india", "name": "The Times of India"}, "author": "PTI", "title": "Coronavirus: 258 discharged in Maharashtra", "description": "MUMBAI: The samples of 258 people admitted in hospitals for suspected exposure to novel coronavirus in Maharashtra have returned negative and they hav.", "url": "https://timesofindia.indiatimes.com/city/mumbai/coronavirus-258-discharged-in-maharashtra-15-under-observation/articleshow/74540273.cms", "urlToImage": "https://static.toiimg.com/thumb/msid-74540263,width-1070,height-580,imgsize-72631,resizemode-75,overlay-toi_sw,pt-32,y_pad-40/photo.jpg", "publishedAt": "2020-03-08T14:37:13Z", "content": null}, {"source": {"id": "the-times-of-india", "name": "The Times of India"}, "author": "Meenakshi Sinha and Ipsita Pati", "title": "Coronavirus scare in Gurugram: 420 residents told to self-quarantine", "description": "As many as 420 Gurugram residents with recent travel history to China, Malaysia and Thailand have been asked by health authorities to self-quarantine at home for 28 days.", "url": "https://economictimes.indiatimes.com/news/politics-and-nation/coronavirus-scare-in-gurugram-420-residents-told-to-self-quarantine/articleshow/74535605.cms", "urlToImage": "https://img.etimg.com/thumb/msid-74535617,width-1070,height-580,imgsize-118008,overlay-economictimes/photo.jpg", "publishedAt": "2020-03-08T07:06:56Z", "content": "GURUGRAM/NOIDA: As many as 420 Gurugram residents with recent travel history to China, Malaysia and Thailand have been asked by health authorities to self-quarantine at home for 28 days. \r\nThese people have showed symptoms of cold and flu, and their blood sam\u2026 [+1494 chars]"}, {"source": {"id": "the-times-of-india", "name": "The Times of India"}, "author": "PTI", "title": "Five more people from Kerala test positive for coronavirus", "description": "While three of them had returned from Italy on February 29, two others were their relatives, the minister said. All the five have been isolated in Pathnamathitta general hospital and are under observation.", "url": "https://economictimes.indiatimes.com/news/politics-and-nation/five-more-people-from-kerala-test-positive-for-coronavirus/articleshow/74534888.cms", "urlToImage": "https://img.etimg.com/thumb/msid-74534883,width-1070,height-580,imgsize-611516,overlay-economictimes/photo.jpg", "publishedAt": "2020-03-08T05:53:27Z", "content": "THIRUVANANTHAPURAM: Five more people from Kerala have tested positive for coronavirus, Health minister, K K Shailaja said on Sunday.\r\nAll the five hail from Pathnamthitta district.\r\nWhile three of them had returned from Italy on February 29, two others were t\u2026 [+356 chars]"}, {"source": {"id": "the-times-of-india", "name": "The Times of India"}, "author": "AFP", "title": "Attendee at political summit featuring Trump has coronavirus", "description": "The Conservative Political Action Conference (CPAC) is one of the country's largest annual gatherings of political conservatives, attracting thousands, and in addition to Trump and Pence the February 26-29 event near Washington also featured several cabinet m\u2026", "url": "https://economictimes.indiatimes.com/news/international/world-news/attendee-at-political-summit-featuring-trump-has-coronavirus/articleshow/74535274.cms", "urlToImage": "https://img.etimg.com/thumb/msid-74535269,width-1070,height-580,imgsize-101211,overlay-economictimes/photo.jpg", "publishedAt": "2020-03-08T06:27:11Z", "content": "A person who attended a gathering of top US political conservatives including President Donald Trump and Vice President Mike Pence has tested positive for the new coronavirus, officials said.\r\nThe Conservative Political Action Conference (CPAC) is one of the \u2026 [+1417 chars]"}, {"source": {"id": "the-times-of-india", "name": "The Times of India"}, "author": "New York Times", "title": "As death toll mounts, governments point fingers over coronavirus", "description": "At a time of global crisis, when the new coronavirus has infected more than 100,000 people, killed more than 3,400, and all but shut down whole industries, the world\u2019s scientists and public health officials are working together across ideological and national\u2026", "url": "https://economictimes.indiatimes.com/news/international/world-news/as-death-toll-mounts-governments-point-fingers-over-coronavirus/articleshow/74535301.cms", "urlToImage": "https://img.etimg.com/thumb/msid-74535352,width-1070,height-580,imgsize-681435,overlay-economictimes/photo.jpg", "publishedAt": "2020-03-08T06:58:24Z", "content": "By Vivian WangAn Iranian official claimed without evidence that the epidemic could be an American bioweapon, after some U.S. officials said the same about China. Saudi Arabia said its cases were Iran\u2019s fault. South Korea lashed out at Japan over travel restri\u2026 [+4898 chars]"}, {"source": {"id": "the-times-of-india", "name": "The Times of India"}, "author": "PTI", "title": "ArcelorMittal fears sales, profitability getting impacted in 2020 on coronavirus spread", "description": "The Luxembourg-headquartered company is the world's largest steel producer with steel-making operations in 18 countries on four continents, including 46 integrated and mini-mill steel-making facilities.", "url": "https://economictimes.indiatimes.com/industry/indl-goods/svs/steel/arcelormittal-fears-sales-profitability-getting-impacted-in-2020-on-coronavirus-spread/articleshow/74537520.cms", "urlToImage": "https://img.etimg.com/thumb/msid-74537516,width-1070,height-580,imgsize-197057,overlay-economictimes/photo.jpg", "publishedAt": "2020-03-08T10:41:55Z", "content": "Amid deepening coronavirus crisis across the world, global steel giant ArcelorMittal has expressed apprehensions of its sales and profitability getting impacted in 2020 in case the virus spreads widely through Europe, particularly in Italy.\r\nThe Luxembourg-he\u2026 [+3812 chars]"}, {"source": {"id": "the-times-of-india", "name": "The Times of India"}, "author": "PTI", "title": "Coronavirus audio message as mobile caller tune on DoT orders; Jio, BSNL in full compliance, others yet to follow", "description": "Top sources said on a request from the Ministry of Health and Family Welfare, the Department of Telecommunications (DoT) ordered superseding of the phone ringing tone that one hears on dialling a number, with the 30-second information clip. The only exception\u2026", "url": "https://economictimes.indiatimes.com/industry/telecom/telecom-news/coronavirus-audio-message-as-mobile-caller-tune-on-dot-orders-jio-bsnl-in-full-compliance-others-yet-to-follow/articleshow/74537657.cms", "urlToImage": "https://img.etimg.com/thumb/msid-74537770,width-1070,height-580,imgsize-926965,overlay-economictimes/photo.jpg", "publishedAt": "2020-03-08T11:00:27Z", "content": "NEW DELHI: The government has ordered all telecom firms to make a 30-second audio clip on coronavirus as a caller tune of mobile phone users to create awareness among masses about the epidemic -- an order that state-owned BSNL and Reliance Jio have fully comp\u2026 [+1827 chars]"}, {"source": {"id": "the-times-of-india", "name": "The Times of India"}, "author": "Indiatimes", "title": "Five More Coronavirus Cases In Kerala, Yes Bank Founder Arrested And Other Top News", "description": "Even as India is struggling to combat the rising number of Coronavirus (Covid-19) cases in the country, a shocking case has emerged where a three-member family from Kerala hid their recent travel history to Italy and passed on the deadly virus to two more peo\u2026", "url": "https://www.indiatimes.com/news/india/five-more-coronavirus-cases-in-kerala-yes-bank-founder-arrested-and-other-top-news-507985.html", "urlToImage": "https://im.indiatimes.in/content/2020/Mar/fb_5e64e64bf4146.jpg", "publishedAt": "2020-03-08T12:11:22Z", "content": "Even as India is struggling to combat the rising number of Coronavirus (Covid-19) cases in the country, a shocking case has emerged where a three-member family from Kerala hid their recent travel history to Italy and passed on the deadly virus to two more peo\u2026 [+2606 chars]"}, {"source": {"id": "the-times-of-india", "name": "The Times of India"}, "author": "Aishwarya Dharni", "title": "Heartwarming Picture Of 87-YO Coronavirus Patient Watching Sunset With His Doctor Melts Hearts", "description": "The spread of Coronavirus across the globe has put the world in a depressing state of mind and with isolation wards being set up to place people in quarantine, everything appears dull to us. However, in dark times like these, a picture of a 87-year-old CoVID-\u2026", "url": "https://www.indiatimes.com/trending/social-relevance/picture-87-year-old-coronavirus-patient-watching-sunset-with-doctor-507957.html", "urlToImage": "https://im.indiatimes.in/content/2020/Mar/coronavirussunset_5e649cde21e4a.jpg", "publishedAt": "2020-03-08T06:58:25Z", "content": "The spread of Coronavirus across the globe has caused a lot of despair - with people battling the disease in isolation wards, hoping to fend it off and get back to normal life.\r\nHowever, in dark times like these, the picture of a 87-year-old COVID-19 patient \u2026 [+3201 chars]"}, {"source": {"id": "the-times-of-india", "name": "The Times of India"}, "author": "Shreya Chauhan", "title": "Yoga, Gau Mutra And Gobar Will Cure Coronavirus: 5 False Claims Spread By 'Influential' People", "description": "Click here to to find out how personalities like Yogi Adityanath and Donald Trump are spreading misinformation about coronavirus.", "url": "https://www.indiatimes.com/trending/social-relevance/coronavirus-misinfornation-yoga-gau-mutra-april-heat-yogi-adityanath-donald-trump-507715.html", "urlToImage": "https://im.indiatimes.in/content/2020/Mar/7-FBImage_5e5f971c6ba88.jpg", "publishedAt": "2020-03-08T03:10:00Z", "content": "Coronavirus has led to a world-wide panic. But it has also spread an infodemic. A lot of misinformation about how it spreads and how it can be cured is doing rounds on social media, spreading further, unnecessary panic. Playing a massive role in spreading mis\u2026 [+5653 chars]"}, {"source": {"id": "the-times-of-india", "name": "The Times of India"}, "author": "Monit Khanna", "title": "Coronavirus Care: Japanese Company Gave Rs 21,000 To Each Employee For Extra Safety", "description": "Coronavirus has spread across 80 countries with over 100,000 people globally and claimed over 3,400 lives. The disease that started from Hubei province in China has now scattered across the globe, taking a strong grip in countries like South Korea, Italy and \u2026", "url": "https://www.indiatimes.com/technology/science-and-future/coronavirus-care-japanese-company-gave-rs-21000-to-each-employee-for-extra-safety-507959.html", "urlToImage": "https://im.indiatimes.in/content/2020/Mar/FB-Image-Quote-1_5e64a31e9f52b.jpg", "publishedAt": "2020-03-08T07:20:53Z", "content": "Coronavirus has spread across 80 countries with over 100,000 people globally and claimed over 3,400 lives. \r\nThe disease that started from Hubei province in China has now scattered across the globe, taking a strong grip in countries like South Korea, Italy an\u2026 [+1848 chars]"}, {"source": {"id": "the-times-of-india", "name": "The Times of India"}, "author": "Aishwarya Dharni", "title": "Varanasi School Gets Creative, Comes Up With 'Karo Na' List To Prevent Coronavirus", "description": "Several organisations around the world are opting for different measures to prevent the spreading of Coronavirus. From companies letting their employees work from home to schools coming up with creative curriculums, everyone is on their toes to keep themselve\u2026", "url": "https://www.indiatimes.com/trending/social-relevance/varanasi-school-karo-na-list-to-prevent-coronavirus-507966.html", "urlToImage": "https://im.indiatimes.in/content/2020/Mar/Untitled-design-2019-07-03T190036750_5e64b42349348.png", "publishedAt": "2020-03-08T08:32:51Z", "content": "Several organisations around the world are opting for different measures to prevent the spreading of Coronavirus. From companies letting their employees work from home to schools coming up with creative curriculums, everyone is on their toes to keep themselve\u2026 [+1773 chars]"}, {"source": {"id": "the-times-of-india", "name": "The Times of India"}, "author": "Monit Khanna", "title": "Elon Musk Thinks All The Coronavirus Panic Is Dumb, And Obviously It Made People Angry", "description": "He tweeted stating, \u201c The coronavirus panic is dumb.\u201d In these troubling times, sure a statement like this seems shocking to say the least. Especially when a disease has managed to infect over 100,000 people globally and claimed over 3000 lives.", "url": "https://www.indiatimes.com/technology/news/elon-musk-thinks-all-the-coronavirus-panic-is-dumb-and-obviously-it-made-people-angry-507949.html", "urlToImage": "https://im.indiatimes.in/content/2020/Mar/FB-Image-Quote_5e648cbd14890.jpg", "publishedAt": "2020-03-08T05:46:02Z", "content": "The COVID-19 coronavirus is the next hot topic for discussion everywhere, whether you talking about it at dinner parties or celebrities talking about it in press conferences or Twitter. \r\nAnd yesterday, Tesla CEO Elon Musk too shared his two cents on the micr\u2026 [+1481 chars]"}, {"source": {"id": "the-times-of-india", "name": "The Times of India"}, "author": "Indiatimes", "title": "No Foreigners Allowed! To Combat Coronavirus, Arunachal Pradesh Takes Extreme Measure. Is It Enough?", "description": "The Arunachal Pradesh government has temporarily suspended PAPs to foreigners in order to keep a check on coronavirus. Officials have confirmed this.", "url": "https://www.indiatimes.com/news/india/no-foreigners-allowed-to-combat-coronavirus-arunachal-pradesh-takes-extreme-measure-is-it-enough-507975.html", "urlToImage": "https://im.indiatimes.in/content/2020/Mar/fb_5e64ca7dae104.jpg", "publishedAt": "2020-03-08T10:11:46Z", "content": "The Arunachal Pradesh government has temporarily suspended PAPs to foreigners in order to keep a check on coronavirus. Officials have confirmed this.\r\nForeigners require Protected Area Permits to get into the state as it borders China.\u00a0\r\nChief Secretary Nares\u2026 [+1075 chars]"}, {"source": {"id": "the-times-of-india", "name": "The Times of India"}, "author": "Somak Adhikari", "title": "To Protect Against Coronavirus, Buses, Metro & Hospitals To Be Disinfected Regularly: Kejriwal", "description": "Delhi government has given the order to regularly disinfect DTC and cluster buses, metro and hospitals regularly to combat coronavirus, said Chief Minister Arvind Kejriwal", "url": "https://www.indiatimes.com/news/india/as-a-precautionary-measure-against-coronavirus-buses-metro-and-hospitals-shall-be-disinfected-regularly-arvind-kejriwal-507981.html", "urlToImage": "https://im.indiatimes.in/content/2020/Mar/fb_5e64de3ed1734.jpg", "publishedAt": "2020-03-08T11:37:15Z", "content": "Delhi government has given the order to regularly disinfect DTC and cluster buses, metros and hospitals regularly, to protect against\u00a0coronavirus, said Chief Minister Arvind Kejriwal.\u00a0\r\nSpeaking to the media, he said said 168 isolation beds were set up in 25 \u2026 [+1045 chars]"}, {"source": {"id": "the-times-of-india", "name": "The Times of India"}, "author": "Bobins Abraham", "title": "Here Are All The Labs Across India Where You Can Get Tested For Coronavirus Infection", "description": "As India battles to contain the outbreak of the Coronavirus (Covid-19) the government is stepping up efforts to screen more people with a history of travelling to affected countries or came in contact with someone who has done the same.\n\nThe Union Health Mini\u2026", "url": "https://www.indiatimes.com/news/india/here-are-all-the-labs-across-india-where-you-can-get-tested-for-coronavirus-infection-507961.html", "urlToImage": "https://im.indiatimes.in/content/2020/Mar/fb_5e64aa3b517fc.jpg", "publishedAt": "2020-03-08T07:16:34Z", "content": "As India battles to contain the outbreak of the Coronavirus (Covid-19) the government is stepping up efforts to screen more people with a history of travelling to affected countries or came in contact with someone who has done the same.\r\nThe Union Health Mini\u2026 [+3682 chars]"}, {"source": {"id": "the-times-of-india", "name": "The Times of India"}, "author": "Bobins Abraham", "title": "After Coronavirus, Bird Flu Scare Hits Kerala, 13000 Chickens To Be Culled To Prevent Infection", "description": "Even as the country is battling an outbreak of the Coronavirus (Covid-19) Kerala has been hit by another epidemic scare. Two poultry farms in the state have reported cases of Bird flu. \n\nThe infection was confirmed in two chicken farms West Kodiyathoor and Ve\u2026", "url": "https://www.indiatimes.com/news/india/coronavirus-kerala-bird-flu-13000-chickens-culled-prevent-infection-507955.html", "urlToImage": "https://im.indiatimes.in/content/2020/Mar/fb_5e64995a8a07d.jpg", "publishedAt": "2020-03-08T06:34:30Z", "content": "Even as the country is battling an outbreak of the Coronavirus (Covid-19), Kerala has been hit by another epidemic scare. Two poultry farms in the state have reported cases of Bird Flu.\u00a0\r\nThe infection was confirmed in two chicken farms, West Kodiyathoor and \u2026 [+2144 chars]"}, {"source": {"id": "the-times-of-india", "name": "The Times of India"}, "author": "Reuters", "title": "Maldives confirms first two coronavirus cases; two resort islands locked down", "description": "The Maldives has curbed movement on several resort islands, authorities said on Sunday, after the country reported its first two cases of coronavirus.", "url": "https://economictimes.indiatimes.com/news/international/world-news/maldives-confirms-first-two-coronavirus-cases-two-resort-islands-locked-down/articleshow/74535526.cms", "urlToImage": "https://img.etimg.com/thumb/msid-74535516,width-1070,height-580,imgsize-119237,overlay-economictimes/photo.jpg", "publishedAt": "2020-03-08T06:57:56Z", "content": "The Maldives has curbed movement on several resort islands, authorities said on Sunday, after the country reported its first two cases of coronavirus. The two infected people, who are both staff at the Kuredu Island Resort, tested positive late on Saturday. T\u2026 [+1566 chars]"}, {"source": {"id": "the-times-of-india", "name": "The Times of India"}, "author": "AFP", "title": "Coronavirus-hit cruise ship to dock as New York declares emergency", "description": "Authorities ordered the vessel to remain at sea off the coast of San Francisco, where it was due to dock on Saturday following a 14-day trip to Hawaii, after it emerged that a passenger on a previous voyage had contracted the virus and later died.", "url": "https://economictimes.indiatimes.com/news/international/world-news/coronavirus-hit-cruise-ship-to-dock-as-new-york-declares-emergency/articleshow/74542380.cms", "urlToImage": "https://img.etimg.com/thumb/msid-74542398,width-1070,height-580,imgsize-596263,overlay-economictimes/photo.jpg", "publishedAt": "2020-03-08T18:10:34Z", "content": "Los Angeles: A US cruise ship hit by coronavirus was given permission late on Saturday to dock while New York announced a state of emergency as confirmed cases across the country surged past 400. The Grand Princess cruise ship has recorded 21 Covid-19 infecti\u2026 [+1503 chars]"}, {"source": {"id": "the-times-of-india", "name": "The Times of India"}, "author": "Bobins Abraham", "title": "India Now Has 39 Coronavirus Cases, As Family Of 3 Hides Travel History & Infects 2 More People", "description": "Even as India is struggling to combat with the rising number of Coronavirus (Covid-19) cases in the country, a shocking case has emerged where a three-member family from Kerala hid their recent travel history to Italy and passed on the deadly virus to two mor\u2026", "url": "https://www.indiatimes.com/news/india/coronavirus-cases-india-39-five-people-test-positive-in-kerala-507978.html", "urlToImage": "https://im.indiatimes.in/content/2020/Mar/fb_5e64d594284f8.jpg", "publishedAt": "2020-03-08T10:49:54Z", "content": "Even as India is struggling to combat the rising number of Coronavirus (Covid-19) cases in the country, a shocking case has emerged where a three-member family from Kerala hid their recent travel history to Italy and passed on the deadly virus to two more peo\u2026 [+2342 chars]"}]}