{"status": "ok", "totalResults": 146, "articles": [{"source": {"id": "the-times-of-india", "name": "The Times of India"}, "author": null, "title": "These diseases kill many more than coronavirus", "description": "India News: Covid-19 is causing alarm across the globe, but it\u2019s worth looking at other big killers to put it in perspective", "url": "https://timesofindia.indiatimes.com/india/these-diseases-kill-many-more-than-coronavirus/articleshow/74670863.cms", "urlToImage": "https://static.toiimg.com/thumb/msid-74670863,width-1070,height-580,imgsize-1,resizemode-6,overlay-toi_sw,pt-32,y_pad-40/photo.jpg", "publishedAt": "2020-03-17T09:09:07Z", "content": null}, {"source": {"id": "the-times-of-india", "name": "The Times of India"}, "author": "TNN", "title": "Taj Mahal shuts down amid coronavirus fear", "description": "In an unprecedented move, all Archaeological Survey of India (ASI) protected monuments, including Taj Mahal, which was last shut down during the Indo-Pak war in 1971 and before that during the World War II in 1942, were closed for public across the country in\u2026", "url": "https://timesofindia.indiatimes.com/city/agra/amid-coronavirus-fear-taj-mahal-shuts-down-for-the-first-time-after-1971-indo-pak-war/articleshow/74679131.cms", "urlToImage": "https://static.toiimg.com/thumb/msid-74679207,width-1070,height-580,imgsize-166801,resizemode-75,overlay-toi_sw,pt-32,y_pad-40/photo.jpg", "publishedAt": "2020-03-17T16:24:13Z", "content": "Copyright \u00a9 2020 Bennett, Coleman &amp; Co. Ltd. All rights reserved. For reprint rights: Times Syndication Service"}, {"source": {"id": "the-times-of-india", "name": "The Times of India"}, "author": "PTI", "title": "WB reports first positive case of coronavirus", "description": "KOLKATA: A man, who recently returned from England, on Tuesday tested positive for the novel coronavirus, making it the first case in the state, a hea.", "url": "https://timesofindia.indiatimes.com/city/kolkata/west-bengal-reports-first-positive-case-of-coronavirus/articleshow/74679605.cms", "urlToImage": "https://static.toiimg.com/thumb/msid-74679595,width-1070,height-580,imgsize-89006,resizemode-75,overlay-toi_sw,pt-32,y_pad-40/photo.jpg", "publishedAt": "2020-03-17T16:56:47Z", "content": null}, {"source": {"id": "the-times-of-india", "name": "The Times of India"}, "author": "PTI", "title": "WB reports first positive case of coronavirus", "description": "WB reports first positive case of coronavirusHe started showing symptoms of COVID-19 since morning, following which he was admitted to the isolation ward of the Beliaghata ID hospital here, they said.", "url": "https://economictimes.indiatimes.com/news/politics-and-nation/west-bengal-reports-first-positive-case-of-coronavirus/articleshow/74680463.cms", "urlToImage": "https://img.etimg.com/thumb/msid-74680462,width-1070,height-580,imgsize-11880,overlay-economictimes/photo.jpg", "publishedAt": "2020-03-17T17:59:28Z", "content": "KOLKATA: An 18-year-old man, who recently returned from England, tested positive for novel coronavirus on Tuesday, making it the first confirmed case in West Bengal, a senior official of the state government said.\r\nHe started showing symptoms of COVID-19 sinc\u2026 [+610 chars]"}, {"source": {"id": "the-times-of-india", "name": "The Times of India"}, "author": "PTI", "title": "Coronavirus cases in Pakistan surge to 189", "description": "Provincial authorities confirmed five new cases of the novel coronavirus in Sindh, pushing the country's tally of confirmed COVID-19 cases to 189, Express Tribune said quotiing a source. The number of quarantined pilgrims in Taftan where over 9,000, who have \u2026", "url": "https://economictimes.indiatimes.com/news/international/world-news/coronavirus-cases-in-pakistan-surge-to-189/articleshow/74671598.cms", "urlToImage": "https://img.etimg.com/thumb/msid-74671624,width-1070,height-580,imgsize-192894,overlay-economictimes/photo.jpg", "publishedAt": "2020-03-17T09:22:42Z", "content": "ISLAMABAD: The total number of coronavirus cases in Pakistan's Sindh province, bordering Iran, on Tuesday rose to 155, bringing the country's tally of COVID-19 infections to 189, an official said.\r\nOfficial said that Sindh has 155 positive cases, followed by \u2026 [+2319 chars]"}, {"source": {"id": "the-times-of-india", "name": "The Times of India"}, "author": "Reuters", "title": "Idris Elba tests positive for coronavirus", "description": "Idris Elba tests positive for coronavirusElba said he had taken the test because he found out he had been exposed to someone with virus.", "url": "https://economictimes.indiatimes.com/magazines/panache/idris-elba-tests-positive-for-coronavirus-asks-fans-to-stay-at-home-and-be-pragmatic/articleshow/74665410.cms", "urlToImage": "https://img.etimg.com/thumb/msid-74665465,width-1070,height-580,imgsize-675062,overlay-etpanache/photo.jpg", "publishedAt": "2020-03-17T02:38:11Z", "content": "British actor Idris Elba said on Monday he had tested positive for the new coronavirus, joining Tom Hanks and his wife, Rita Wilson, among the first major celebrities to contract the respiratory disease.\r\nElba, who starred in TV police drama 'Luther' and play\u2026 [+5939 chars]"}, {"source": {"id": "the-times-of-india", "name": "The Times of India"}, "author": "Agencies", "title": "Maharashtra to stamp hand of coronavirus suspects", "description": "Maharashtra to stamp hand of coronavirus suspectsGreater Mumbai's Municipal Commissioner Pravin Pardeshi has issued an order to all officials at hospitals and the airport, asking them to 'stamp' behind the left palm of the home quarantined person concerned, t\u2026", "url": "https://economictimes.indiatimes.com/news/politics-and-nation/maharashtra-to-stamp-left-hand-of-suspect-people-who-are-under-home-quarantine/articleshow/74666609.cms", "urlToImage": "https://img.etimg.com/thumb/msid-74666871,width-1070,height-580,imgsize-694354,overlay-economictimes/photo.jpg", "publishedAt": "2020-03-17T04:22:18Z", "content": "Maharashtra government has decided that all people undergoing 'home quarantine' for suspected exposure to the coronavirus will be stamped on the left hand. The state government said that the left hand of all persons under home quarantine will be stamped to id\u2026 [+1171 chars]"}, {"source": {"id": "the-times-of-india", "name": "The Times of India"}, "author": "PTI", "title": "Tormund from 'GoT' tests positive for coronavirus", "description": "Tormund from 'GoT' tests positive for coronavirusHivju is known for his character Free Folk raider Tormund Giantsbane in 'GoT'.", "url": "https://economictimes.indiatimes.com/magazines/panache/after-tom-hanks-idris-elba-game-of-thrones-star-kristofer-hivju-tested-positive-for-coronavirus/articleshow/74667005.cms", "urlToImage": "https://img.etimg.com/thumb/msid-74667127,width-1070,height-580,imgsize-648249,overlay-etpanache/photo.jpg", "publishedAt": "2020-03-17T05:04:36Z", "content": "OSLO: \"Game of Thrones\" star Kristofer Hivju has revealed that he tested positive for the coronavirus. The Norwegian actor, who played Tormund Giantsbane in HBO's epic fantasy series, took to Instagram on Monday to share his diagnosis. \r\nThough in \"good healt\u2026 [+4939 chars]"}, {"source": {"id": "the-times-of-india", "name": "The Times of India"}, "author": "Reuters", "title": "Pakistan reports first death from coronavirus: Health ministry", "description": "The death was announced on a web portal the ministry launched on Tuesday to keep a track of the spread. It said 195 people had tested positive in Pakistan so far. The Punjab health minister said the patient was brought to a hospital in critical condition, and\u2026", "url": "https://economictimes.indiatimes.com/news/international/world-news/pakistan-reports-first-death-from-coronavirus-health-ministry/articleshow/74672267.cms", "urlToImage": "https://img.etimg.com/thumb/msid-74672291,width-1070,height-580,imgsize-153585,overlay-economictimes/photo.jpg", "publishedAt": "2020-03-17T09:59:14Z", "content": "ISLAMABAD: Pakistan's health ministry said on Wednesday that a coronavirus infected person had died.\r\nThe death was announced on a web portal the ministry launched on Tuesday to keep a track of the spread of the coronavirus in the South Asian nation.\r\nIt said\u2026 [+252 chars]"}, {"source": {"id": "the-times-of-india", "name": "The Times of India"}, "author": "Reuters", "title": "'Single biggest shock': Airlines, airports battle coronavirus cash crunch", "description": "As Boeing and other U.S. aviation companies angle for billions in assistance, airlines and airport operators globally are suspending dividends, selling airplanes and flying cargo on passenger jets amid plunging demand caused by the pandemic.", "url": "https://economictimes.indiatimes.com/news/international/business/single-biggest-shock-airlines-airports-battle-coronavirus-cash-crunch/articleshow/74669744.cms", "urlToImage": "https://img.etimg.com/thumb/msid-74669755,width-1070,height-580,imgsize-988399,overlay-economictimes/photo.jpg", "publishedAt": "2020-03-17T07:36:46Z", "content": "SYDNEY: As Boeing and other U.S. aviation companies angle for billions in assistance, airlines and airport operators globally are suspending dividends, selling airplanes and flying cargo on passenger jets amid plunging demand caused by the pandemic.\r\nBoeing C\u2026 [+4490 chars]"}, {"source": {"id": "the-times-of-india", "name": "The Times of India"}, "author": "AP", "title": "Mnuchin: Trump wants checks sent to public in coronavirus response", "description": "The White House on Tuesday was asking Congress to approve a massive emergency rescue package to help businesses as well as taxpayers cope with the economic crisis that is paired with the pandemic.", "url": "https://economictimes.indiatimes.com/news/international/business/mnuchin-trump-wants-checks-sent-to-public-in-virus-response/articleshow/74679235.cms", "urlToImage": "https://img.etimg.com/thumb/msid-74679312,width-1070,height-580,imgsize-101211,overlay-economictimes/photo.jpg", "publishedAt": "2020-03-17T16:35:39Z", "content": "President Donald Trump wants the government to send checks to Americans in the next two weeks in an effort to curb the economic cost of the coronavirus outbreak, Treasury Secretary Steven Mnuchin said Tuesday.\r\n``The president has instructed me we have to do \u2026 [+8451 chars]"}, {"source": {"id": "the-times-of-india", "name": "The Times of India"}, "author": "New York Times", "title": "How long will the coronavirus isolation in the US last?", "description": "How long will the coronavirus isolation in the US last?Although life on lockdown is disruptive, experts say that it might be the only way to prevent mass death and infection.", "url": "https://economictimes.indiatimes.com/magazines/panache/self-isolation-can-be-tough-but-does-anyone-really-have-the-answer-to-how-long-the-coronavirus-outbreak-will-last/articleshow/74672713.cms", "urlToImage": "https://img.etimg.com/thumb/msid-74672772,width-1070,height-580,imgsize-720588,overlay-etpanache/photo.jpg", "publishedAt": "2020-03-17T12:03:28Z", "content": "By Amelia NierenbergAt a news conference Thursday, President Donald Trump addressed the question of the hour: How long will it take for things to go back to normal?\r\n\u201cPeople are talking about July, August,\u201d he said.\r\nBut that inquiry, many doctors and scienti\u2026 [+6135 chars]"}, {"source": {"id": "the-times-of-india", "name": "The Times of India"}, "author": "IANS", "title": "Coronavirus effect: Cow dung, urine sell for Rs 500", "description": "Mabud Ali has placed packs of cow dung and jars of cow urine on a table by the National Highway 19 -- that links Delhi and Kolkata. Ali claims he got the idea from a gomutra (cow urine) party organised by the Hindu Mahasabha in Delhi.", "url": "https://economictimes.indiatimes.com/news/politics-and-nation/coronavirus-effect-cow-dung-urine-sell-for-rs-500/articleshow/74669478.cms", "urlToImage": "https://img.etimg.com/thumb/msid-74669817,width-1070,height-580,imgsize-145085,overlay-economictimes/photo.jpg", "publishedAt": "2020-03-17T07:21:34Z", "content": "KOLKATA: Drink urine of Indian cows at Rs 500 a litre and take the dung at Rs 500 a kilo to ensure immunity from the deadly novel Coronavirus, says a milk vendor who has set up his makeshift roadside shop to sell these bovine products in Dankuni, about 20 km \u2026 [+925 chars]"}, {"source": {"id": "the-times-of-india", "name": "The Times of India"}, "author": null, "title": "Coronavirus outbreak live updates: European Union imposes entry ban for 30 days, says German Chancellor Angela Merkel", "description": "Coronavirus cases have crossed 182,000 all over the world with over 7,100 deaths. Of these, China has over 80,800 positive cases while Italy's tally stands over 27, 900. Total cases in India have risen to 137, as per the Union health ministry. Three persons h\u2026", "url": "http://timesofindia.indiatimes.com/india/coronavirus-live-news-update-total-number-of-coronavirus-cases-in-india-maharashtra-kolkata-delhi-bangalore-mumbai/articleshow/74682344.cms", "urlToImage": null, "publishedAt": "2020-03-17T21:31:19Z", "content": null}, {"source": {"id": "the-times-of-india", "name": "The Times of India"}, "author": "Reuters", "title": "Amazon to hire 1 lakh workers as online orders surge on coronavirus worries", "description": "The coronavirus, which has led to more than 7,100 deaths globally and prompted mass lockdowns of people, has also led to items being out of stock on Amazon and some deliveries taking longer than usual. Amazon's headcount fluctuates seasonally, recently peakin\u2026", "url": "https://economictimes.indiatimes.com/news/international/business/amazon-to-hire-1-lakh-workers-as-online-orders-surge-on-coronavirus-worries/articleshow/74666520.cms", "urlToImage": "https://img.etimg.com/thumb/msid-74666560,width-1070,height-580,imgsize-346845,overlay-economictimes/photo.jpg", "publishedAt": "2020-03-17T04:14:20Z", "content": "Amazon.com Inc on Monday said it would hire 100,000 warehouse and delivery workers in the United States to deal with a surge in online orders, as many consumers have turned to the web to meet their needs during the coronavirus outbreak.\r\nWith shoppers clearin\u2026 [+2029 chars]"}, {"source": {"id": "the-times-of-india", "name": "The Times of India"}, "author": "Bloomberg", "title": "Could India be the next coronavirus hotspot with an 'avalanche' of cases?", "description": "While growth in total numbers has been slow until now, \u201cthe number will be 10 times higher\u201d by April 15, said Dr. T. Jacob John, the former head of the Indian Council for Medical Research\u2019s Centre for Advanced Research in Virology, a government-funded institu\u2026", "url": "https://economictimes.indiatimes.com/news/politics-and-nation/could-india-be-the-next-coronavirus-hotspot-with-an-avalanche-of-cases/articleshow/74670428.cms", "urlToImage": "https://img.etimg.com/thumb/msid-74670471,width-1070,height-580,imgsize-168245,overlay-economictimes/photo.jpg", "publishedAt": "2020-03-17T08:18:22Z", "content": "By Muneeza Naqvi, Archana Chaudhary and Bibhudatta PradhanIndia could become the next global hotspot for virus cases, with experts warning containment measures that proved successful elsewhere in Asia may not work in the world\u2019s second-most populous country.\r\u2026 [+4625 chars]"}, {"source": {"id": "the-times-of-india", "name": "The Times of India"}, "author": "Ayan Pramanik", "title": "IT staff working onsite caught between coronavirus and a hard place", "description": "Two employees working onsite, including at client locations, in two different European countries told ET that they were \u201cscared\u201d to travel to work locations due to the virus and they cannot opt to work from home because the nature of their jobs requires commu\u2026", "url": "https://economictimes.indiatimes.com/tech/ites/it-staff-working-onsite-caught-between-coronavirus-and-a-hard-place/articleshow/74665357.cms", "urlToImage": "https://img.etimg.com/thumb/msid-74665378,width-1070,height-580,imgsize-210084,overlay-economictimes/photo.jpg", "publishedAt": "2020-03-17T02:29:27Z", "content": "BENGALURU: Indian IT professionals working on client projects onsite are a worried lot. The reason: their employers are finding it tough to send replacements due to global travel restrictions following the Covid-19 outbreak.\r\nTwo employees working onsite, inc\u2026 [+2314 chars]"}, {"source": {"id": "the-times-of-india", "name": "The Times of India"}, "author": "PTI", "title": "Gurgaon woman tests positive for coronavirus, first confirmed case in Haryana", "description": "The woman is an employee of a Gurgaon-based company and had recently travelled to Malaysia and Indonesia.", "url": "https://economictimes.indiatimes.com/news/politics-and-nation/gurgaon-woman-tests-positive-for-coronavirus-first-confirmed-case-in-haryana/articleshow/74668812.cms", "urlToImage": "https://img.etimg.com/thumb/msid-74668852,width-1070,height-580,imgsize-118008,overlay-economictimes/photo.jpg", "publishedAt": "2020-03-17T06:39:22Z", "content": "A 29-year-old woman from Haryana's Gurgaon district has tested positive for the novel coronavirus, a health official said on Tuesday. The woman is an employee of a Gurgaon-based company and had recently travelled to Malaysia and Indonesia, the official said. \u2026 [+1029 chars]"}, {"source": {"id": "the-times-of-india", "name": "The Times of India"}, "author": "PTI", "title": "Coronavirus cases in Pakistan surges to 189 - Times of India", "description": "Coronavirus cases in Pakistan surges to 189 Times of India Pakistan's Coronavirus Tally Jumps to 183 in 24 Hours as Sindh Reports 150 Cases News18 Pakistans coronavirus tally rises to 94 The Hans India Pakistan's coronavirus tally rises to 94 Times of India P\u2026", "url": "https://timesofindia.indiatimes.com/world/pakistan/coronavirus-cases-in-pakistan-surges-to-189/articleshow/74670840.cms", "urlToImage": "https://static.toiimg.com/thumb/msid-74670827,width-1070,height-580,imgsize-122235,resizemode-75,overlay-toi_sw,pt-32,y_pad-40/photo.jpg", "publishedAt": "2020-03-17T09:25:16Z", "content": "Copyright \u00a9 2020 Bennett, Coleman &amp; Co. Ltd. All rights reserved. For reprint rights: Times Syndication Service"}, {"source": {"id": "the-times-of-india", "name": "The Times of India"}, "author": "TIMESOFINDIA.COM", "title": "Coronavirus: Why are there more male than female patients - Times of India", "description": "Coronavirus: Why are there more male than female patients Times of India Do Mosquitoes Spread COVID-19?: This Doctor Breaks 10 Myths about Coronavirus News18 Educating rural communities on COVID-19 remains crucial eNCA Medical impact of coronavirus becomes cl\u2026", "url": "https://timesofindia.indiatimes.com/life-style/health-fitness/health-news/coronavirus-why-are-there-more-male-than-female-patients/articleshow/74674351.cms", "urlToImage": "https://static.toiimg.com/photo/msid-74674351/74674351.jpg?510228", "publishedAt": "2020-03-17T13:31:59Z", "content": "China has reported a 2.8% death rate in men while only a 1.7% death rate in women due to COVID-19, according to the data provided by Chinese Centre for Disease Control and Prevention (CDC). While the number of people infected is almost equal in number, it is \u2026 [+3001 chars]"}, {"source": {"id": "the-times-of-india", "name": "The Times of India"}, "author": null, "title": "Android users, this Coronavirus tracking app is a scam - Times of India", "description": "Android users, this Coronavirus tracking app is a scam Times of India Malicious Coronavirus tracking app for Android locks users out of their device Neowin Do Not Fall For This Android Ransomware That Promises to Track Coronavirus Infected Nearby News18 This \u2026", "url": "https://timesofindia.indiatimes.com/gadgets-news/android-users-this-coronavirus-tracking-app-is-a-scam/articleshow/74660613.cms", "urlToImage": "https://static.toiimg.com/thumb/msid-74660582,width-1070,height-580,imgsize-171399,resizemode-75,overlay-toi_sw,pt-32,y_pad-40/photo.jpg", "publishedAt": "2020-03-17T02:44:38Z", "content": null}, {"source": {"id": "the-times-of-india", "name": "The Times of India"}, "author": "ANI", "title": "Hollywood actor Idris Elba tests positive for coronavirus - Times of India", "description": "Hollywood actor Idris Elba tests positive for coronavirus Times of India Idris Elba tests positive for coronavirus; filming halted for 'Matrix 4' Moneycontrol Idris Eba confirms hes tested positive for Coronavirus - Republic World Republic World After Tom Han\u2026", "url": "https://timesofindia.indiatimes.com/world/rest-of-world/hollywood-actor-idris-elba-tests-positive-for-coronavirus/articleshow/74666288.cms", "urlToImage": "https://static.toiimg.com/thumb/msid-74666284,width-1070,height-580,imgsize-1010157,resizemode-75,overlay-toi_sw,pt-32,y_pad-40/photo.jpg", "publishedAt": "2020-03-17T04:39:46Z", "content": "This morning I tested positive for Covid 19. I feel ok, I have no symptoms so far but have been isolated since I fo https://t.co/CpmfaebeyO\r\n\u2014 Idris Elba (@idriselba) 1584382706000"}, {"source": {"id": "the-times-of-india", "name": "The Times of India"}, "author": "TIMESOFINDIA.COM", "title": "Coronavirus in India: Confirmed cases rise to 125 - Times of India", "description": "India News:  The total number of confirmed cases of coronavirus has touched 125, according to the ministry of health & family welfare. Of this, 22 are foreign", "url": "https://timesofindia.indiatimes.com/india/coronavirus-in-india-confirmed-cases-rise-to-126/articleshow/74666693.cms", "urlToImage": "https://static.toiimg.com/thumb/msid-74666748,width-1070,height-580,imgsize-56368,resizemode-75,overlay-toi_sw,pt-32,y_pad-40/photo.jpg", "publishedAt": "2020-03-17T08:28:41Z", "content": "Copyright \u00a9 2020 Bennett, Coleman &amp; Co. Ltd. All rights reserved. For reprint rights: Times Syndication Service"}, {"source": {"id": "the-times-of-india", "name": "The Times of India"}, "author": "TIMESOFINDIA.COM", "title": "How to protect yourself from coronavirus health scams - Times of India", "description": "How to protect yourself from coronavirus health scams Times of India Coronavirus pandemic | US doctor busts common myths Moneycontrol.com Ignore these myths about the coronavirus Malay Mail Coronavirus Highlights: WHO chief says Covid-19 'enemy against humani\u2026", "url": "https://timesofindia.indiatimes.com/life-style/health-fitness/health-news/how-to-protect-yourself-from-coronavirus-health-scams/articleshow/74673647.cms", "urlToImage": "https://static.toiimg.com/photo/msid-74673647/74673647.jpg?185417", "publishedAt": "2020-03-17T16:42:53Z", "content": "With coronavirus spreading its claws in India, the concern of sick and the elderly has started to grow. People are impulsively buying masks, sanitizers, handwashes and medicines to protect themselves and their family. This situation of mass panic has instille\u2026 [+3101 chars]"}, {"source": {"id": "the-times-of-india", "name": "The Times of India"}, "author": "PTI", "title": "Coronavirus: Tourist activities at Corbett, Rajaji prohibited", "description": "Tourism activities in national parks and tiger reserves in Uttarakhand, including Corbett and Rajaji, were prohibited till March 31 on Tuesday as a precautionary measure against coronavirus, an official order said. Tourism activities in national parks, wildli\u2026", "url": "https://timesofindia.indiatimes.com/india/coronavirus-tourist-activities-at-corbett-rajaji-prohibited/articleshow/74673609.cms", "urlToImage": "https://static.toiimg.com/thumb/msid-74673661,width-1070,height-580,imgsize-157010,resizemode-75,overlay-toi_sw,pt-32,y_pad-40/photo.jpg", "publishedAt": "2020-03-17T10:52:55Z", "content": null}, {"source": {"id": "the-times-of-india", "name": "The Times of India"}, "author": "TNN", "title": "Anti-CAA \u2018rioters\u2019 are like coronavirus: Yogi", "description": "India News: LUCKNOW: Likening the anti-CAA protesters whose photographs and addresses have been put up on hoardings in Lucknow to coronavirus, UP CM Yogi Adityana.", "url": "https://timesofindia.indiatimes.com/india/anti-caa-rioters-are-like-coronavirus-yogi/articleshow/74665140.cms", "urlToImage": "https://static.toiimg.com/thumb/msid-74665133,width-1070,height-580,imgsize-1827107,resizemode-75,overlay-toi_sw,pt-32,y_pad-40/photo.jpg", "publishedAt": "2020-03-17T01:29:29Z", "content": "Copyright \u00a9 2020 Bennett, Coleman &amp; Co. Ltd. All rights reserved. For reprint rights: Times Syndication Service"}, {"source": {"id": "the-times-of-india", "name": "The Times of India"}, "author": "TIMESOFINDIA.COM", "title": "Coronavirus: CBSE releases preventive measures for examination centres", "description": "India News: NEW DELHI: Examination centres are to seat students at a minimum distance of one metre during the exam, as per Central Board of Secondary Education (C.", "url": "https://timesofindia.indiatimes.com/india/coronavirus-cbse-releases-preventive-measures-for-examination-centres/articleshow/74674796.cms", "urlToImage": "https://static.toiimg.com/thumb/msid-74675107,width-1070,height-580,imgsize-1503180,resizemode-75,overlay-toi_sw,pt-32,y_pad-40/photo.jpg", "publishedAt": "2020-03-17T12:01:30Z", "content": "Copyright \u00a9 2020 Bennett, Coleman &amp; Co. Ltd. All rights reserved. For reprint rights: Times Syndication Service"}, {"source": {"id": "the-times-of-india", "name": "The Times of India"}, "author": "TNN", "title": "Coronavirus: People advised to postpone Vaishno Devi pilgrimage", "description": "India News: JAMMU: In view of the rising number of coronavirus positive cases in the country, Shri Mata Vaishno Devi Shrine Board (SMVDSB) on Tuesday appealed to .", "url": "https://timesofindia.indiatimes.com/india/coronavirus-people-advised-to-postpone-vaishno-devi-pilgrimage/articleshow/74680130.cms", "urlToImage": "https://static.toiimg.com/thumb/msid-47529300,width-1070,height-580,imgsize-110164,resizemode-75,overlay-toi_sw,pt-32,y_pad-40/photo.jpg", "publishedAt": "2020-03-17T17:16:49Z", "content": "Copyright \u00a9 2020 Bennett, Coleman &amp; Co. Ltd. All rights reserved. For reprint rights: Times Syndication Service"}, {"source": {"id": "the-times-of-india", "name": "The Times of India"}, "author": "PTI", "title": "Coronavirus: 54,000 people across country under community surveillance", "description": "Around 54,000 people across the country are being kept under community surveillance through health workers, Health Minister Harsh Vardhan told Rajya Sabha on Tuesday while lauding efforts of doctors and paramedics in dealing with cases of coronavirus.", "url": "https://timesofindia.indiatimes.com/india/coronavirus-54000-people-across-country-under-community-surveillance/articleshow/74672372.cms", "urlToImage": "https://static.toiimg.com/thumb/msid-74672363,width-1070,height-580,imgsize-86069,resizemode-75,overlay-toi_sw,pt-32,y_pad-40/photo.jpg", "publishedAt": "2020-03-17T09:46:14Z", "content": "Copyright \u00a9 2020 Bennett, Coleman &amp; Co. Ltd. All rights reserved. For reprint rights: Times Syndication Service"}, {"source": {"id": "the-times-of-india", "name": "The Times of India"}, "author": "PTI", "title": "Railways cancels 76 trains as coronavirus precautionary measure, non-occupancy", "description": "India News: NEW DELHI: Railways has cancelled 76 trains as precaution against the spread of coronavirus and due to low occupancy, officials said on Tuesday.", "url": "https://timesofindia.indiatimes.com/india/railways-cancels-76-trains-as-coronavirus-precautionary-measure-non-occupancy/articleshow/74678661.cms", "urlToImage": "https://static.toiimg.com/thumb/msid-74678654,width-1070,height-580,imgsize-219370,resizemode-75,overlay-toi_sw,pt-32,y_pad-40/photo.jpg", "publishedAt": "2020-03-17T15:28:23Z", "content": "Copyright \u00a9 2020 Bennett, Coleman &amp; Co. Ltd. All rights reserved. For reprint rights: Times Syndication Service"}, {"source": {"id": "the-times-of-india", "name": "The Times of India"}, "author": "TIMESOFINDIA.COM", "title": "Coronavirus in India: Confirmed cases rise to 125", "description": "India News:  The total number of confirmed cases of coronavirus has touched 125, according to the ministry of health & family welfare. Of this, 22 are foreign", "url": "https://timesofindia.indiatimes.com/india/coronavirus-in-india-confirmed-cases-rise-to-125/articleshow/74666693.cms", "urlToImage": "https://static.toiimg.com/thumb/msid-74666748,width-1070,height-580,imgsize-56368,resizemode-75,overlay-toi_sw,pt-32,y_pad-40/photo.jpg", "publishedAt": "2020-03-17T04:18:08Z", "content": null}, {"source": {"id": "the-times-of-india", "name": "The Times of India"}, "author": "TIMESOFINDIA.COM", "title": "What are the symptoms of novel coronavirus (COVID-19)", "description": "India News: NEW DELHI: The novel coronavirus has so far killed over 7,000 people across the world and affected over 180,000 people.", "url": "https://timesofindia.indiatimes.com/india/what-are-the-symptoms-of-novel-coronavirus-covid-19/articleshow/74668635.cms", "urlToImage": "https://static.toiimg.com/thumb/msid-74668661,width-1070,height-580,imgsize-882174,resizemode-75,overlay-toi_sw,pt-32,y_pad-40/photo.jpg", "publishedAt": "2020-03-17T06:10:10Z", "content": null}, {"source": {"id": "the-times-of-india", "name": "The Times of India"}, "author": "TNN", "title": "Coronavirus: Entry of foreign tourists banned in Kashmir", "description": "India News: SRINAGAR: In the wake of the coronavirus outbreak, the Jammu and Kashmir administration on Tuesday banned the entry of all foreign tourists into Kashm.", "url": "https://timesofindia.indiatimes.com/india/coronavirus-entry-of-foreign-tourists-banned-in-kashmir/articleshow/74680062.cms", "urlToImage": "https://static.toiimg.com/thumb/msid-47529300,width-1070,height-580,imgsize-110164,resizemode-75,overlay-toi_sw,pt-32,y_pad-40/photo.jpg", "publishedAt": "2020-03-17T17:11:00Z", "content": null}, {"source": {"id": "the-times-of-india", "name": "The Times of India"}, "author": "TNN", "title": "Ads making false claims on Coronavirus to face penalty", "description": "India News: NEW DELHI: The consumer affairs ministry is finalizing a guideline for private companies to prohibit them from issuing or broadcast of any misleading .", "url": "https://timesofindia.indiatimes.com/india/ads-making-false-claims-on-coronavirus-to-face-penalty/articleshow/74680562.cms", "urlToImage": "https://static.toiimg.com/thumb/msid-47529300,width-1070,height-580,imgsize-110164,resizemode-75,overlay-toi_sw,pt-32,y_pad-40/photo.jpg", "publishedAt": "2020-03-17T17:47:56Z", "content": "Copyright \u00a9 2020 Bennett, Coleman &amp; Co. Ltd. All rights reserved. For reprint rights: Times Syndication Service"}, {"source": {"id": "the-times-of-india", "name": "The Times of India"}, "author": "PTI", "title": "Those refusing to follow coronavirus prevention, treatment orders will be penalised: J&K admin", "description": "India News: JAMMU: The Jammu and Kashmir administration has declared the coronavirus infection an epidemic and said any person who refuses to follow orders on pre.", "url": "https://timesofindia.indiatimes.com/india/those-refusing-to-follow-coronavirus-prevention-treatment-orders-will-be-penalised-jk-admin/articleshow/74671813.cms", "urlToImage": "https://static.toiimg.com/thumb/msid-74672487,width-1070,height-580,imgsize-460332,resizemode-75,overlay-toi_sw,pt-32,y_pad-40/photo.jpg", "publishedAt": "2020-03-17T09:50:35Z", "content": "Copyright \u00a9 2020 Bennett, Coleman &amp; Co. Ltd. All rights reserved. For reprint rights: Times Syndication Service"}, {"source": {"id": "the-times-of-india", "name": "The Times of India"}, "author": "Bloomberg", "title": "India could be next coronavirus hotspot with an \u2018avalanche\u2019 of cases", "description": "India News: NEW DELHI: India could become the next global hotspot for virus cases, with experts warning containment measures that proved successful elsewhere in A.", "url": "https://timesofindia.indiatimes.com/india/india-could-be-next-coronavirus-hotspot-with-an-avalanche-of-cases/articleshow/74676419.cms", "urlToImage": "https://static.toiimg.com/thumb/msid-74676497,width-1070,height-580,imgsize-218904,resizemode-75,overlay-toi_sw,pt-32,y_pad-40/photo.jpg", "publishedAt": "2020-03-17T13:04:24Z", "content": "Copyright \u00a9 2020 Bennett, Coleman &amp; Co. Ltd. All rights reserved. For reprint rights: Times Syndication Service"}, {"source": {"id": "the-times-of-india", "name": "The Times of India"}, "author": "TIMESOFINDIA.COM", "title": "What are the ways to prevent the spread of novel coronavirus (COVID-19)", "description": "India News: NEW DELHI: The novel coronavirus has so far killed over 7,000 people across the world and affected over 180,000 people.", "url": "https://timesofindia.indiatimes.com/india/what-are-the-ways-to-prevent-the-spread-of-novel-coronavirus-covid-19/articleshow/74668875.cms", "urlToImage": "https://static.toiimg.com/thumb/msid-74668872,width-1070,height-580,imgsize-626524,resizemode-75,overlay-toi_sw,pt-32,y_pad-40/photo.jpg", "publishedAt": "2020-03-17T06:23:37Z", "content": null}, {"source": {"id": "the-times-of-india", "name": "The Times of India"}, "author": "TIMESOFINDIA.COM", "title": "Govt issues advisory on social distancing to prevent spread of coronavirus", "description": "India News: NEW DELHI: A high-level Group of Ministers (GoM) on Tuesday held a meeting and had a detailed deliberation on prevention and management of coronavirus.", "url": "https://timesofindia.indiatimes.com/india/govt-issues-advisory-on-social-distancing-to-prevent-spread-of-coronavirus/articleshow/74673589.cms", "urlToImage": "https://static.toiimg.com/thumb/msid-74674667,width-1070,height-580,imgsize-9804,resizemode-75,overlay-toi_sw,pt-32,y_pad-40/photo.jpg", "publishedAt": "2020-03-17T10:48:51Z", "content": "Copyright \u00a9 2020 Bennett, Coleman &amp; Co. Ltd. All rights reserved. For reprint rights: Times Syndication Service"}, {"source": {"id": "the-times-of-india", "name": "The Times of India"}, "author": "TIMESOFINDIA.COM", "title": "PM Modi and Saudi Crown Prince talk over phone, discuss coronavirus", "description": "India News: NEW DELHI: Prime Minister Narendra Modi on Tuesday had a telephone conversation with Crown Prince of Saudi Arabia Mohammed bin Salman and the two lead.", "url": "https://timesofindia.indiatimes.com/india/pm-modi-and-saudi-crown-prince-talk-over-phone-discuss-coronavirus/articleshow/74679292.cms", "urlToImage": "https://static.toiimg.com/thumb/msid-74679271,width-1070,height-580,imgsize-9197,resizemode-75,overlay-toi_sw,pt-32,y_pad-40/photo.jpg", "publishedAt": "2020-03-17T16:15:26Z", "content": "Copyright \u00a9 2020 Bennett, Coleman &amp; Co. Ltd. All rights reserved. For reprint rights: Times Syndication Service"}, {"source": {"id": "the-times-of-india", "name": "The Times of India"}, "author": "TNN", "title": "Coronavirus: Central government advises all ministries, departments to install thermal scanners in buildings", "description": "India News: NEW DELHI: All Central government ministries and departments have been asked to install thermal scanners and mandatorily place hand sanitisers at the .", "url": "https://timesofindia.indiatimes.com/india/coronavirus-central-government-advises-all-ministries-departments-to-install-thermal-scanners-in-buildings/articleshow/74677894.cms", "urlToImage": "https://static.toiimg.com/thumb/msid-74678013,width-1070,height-580,imgsize-196833,resizemode-75,overlay-toi_sw,pt-32,y_pad-40/photo.jpg", "publishedAt": "2020-03-17T14:44:19Z", "content": "Copyright \u00a9 2020 Bennett, Coleman &amp; Co. Ltd. All rights reserved. For reprint rights: Times Syndication Service"}, {"source": {"id": "the-times-of-india", "name": "The Times of India"}, "author": "PTI", "title": "Coronavirus cases in country increases to 137, one more death on Tuesday", "description": "The number of novel coronavirus cases in the country rose to 137 on Tuesday, while one more person died taking the death toll to three, according to the health ministry. The cases include 24 foreign nationals and the three persons who died in Delhi, Karnataka\u2026", "url": "https://timesofindia.indiatimes.com/india/coronavirus-cases-in-country-increases-to-137-one-more-death-on-tuesday/articleshow/74676189.cms", "urlToImage": "https://static.toiimg.com/thumb/msid-74676176,width-1070,height-580,imgsize-198360,resizemode-75,overlay-toi_sw,pt-32,y_pad-40/photo.jpg", "publishedAt": "2020-03-17T12:47:51Z", "content": "Copyright \u00a9 2020 Bennett, Coleman &amp; Co. Ltd. All rights reserved. For reprint rights: Times Syndication Service"}, {"source": {"id": "the-times-of-india", "name": "The Times of India"}, "author": "PTI", "title": "Govt should be complimented for its efforts to deal with coronavirus: Karti Chidambaram", "description": "His comments in Lok Sabha during the Zero Hour came against the backdrop of former Congress president Rahul Gandhi repeatedly attacking the Modi government over its handling of the health scare and accusing it of not taking adequate measures.", "url": "https://timesofindia.indiatimes.com/india/govt-should-be-complimented-for-its-efforts-to-deal-with-coronavirus-karti-chidambaram/articleshow/74672983.cms", "urlToImage": "https://static.toiimg.com/thumb/msid-74672983,width-1070,height-580,imgsize-67796,resizemode-75,overlay-toi_sw,pt-32,y_pad-40/photo.jpg", "publishedAt": "2020-03-17T10:34:28Z", "content": "Copyright \u00a9 2020 Bennett, Coleman &amp; Co. Ltd. All rights reserved. For reprint rights: Times Syndication Service"}, {"source": {"id": "the-times-of-india", "name": "The Times of India"}, "author": "PTI", "title": "Health ministry to allow accredited private labs to conduct tests for coronavirus", "description": "India News: NEW DELHI: To enhance capacity for diagnosis and detection of novel coronavirus amid rising cases in the country, the Union health ministry has decide.", "url": "https://timesofindia.indiatimes.com/india/health-ministry-to-allow-accredited-private-labs-to-conduct-tests-for-coronavirus/articleshow/74673593.cms", "urlToImage": "https://static.toiimg.com/thumb/msid-74673579,width-1070,height-580,imgsize-170511,resizemode-75,overlay-toi_sw,pt-32,y_pad-40/photo.jpg", "publishedAt": "2020-03-17T10:46:04Z", "content": "Copyright \u00a9 2020 Bennett, Coleman &amp; Co. Ltd. All rights reserved. For reprint rights: Times Syndication Service"}, {"source": {"id": "the-times-of-india", "name": "The Times of India"}, "author": "TIMESOFINDIA.COM", "title": "Coronavirus: Govt bans entry of passengers from EU countries, UK, Turkey from Mar 18-31", "description": "India News: NEW DELHI: With coronavirus cases swelling in the country, the government banned the entry of passengers from EU countries, Turkey and the UK from Mar.", "url": "https://timesofindia.indiatimes.com/india/coronavirus-govt-bans-entry-of-passengers-from-eu-countries-uk-turkey-from-mar-18-31/articleshow/74673589.cms", "urlToImage": "https://static.toiimg.com/thumb/msid-74673596,width-1070,height-580,imgsize-207460,resizemode-75,overlay-toi_sw,pt-32,y_pad-40/photo.jpg", "publishedAt": "2020-03-17T10:48:51Z", "content": "Copyright \u00a9 2020 Bennett, Coleman &amp; Co. Ltd. All rights reserved. For reprint rights: Times Syndication Service"}, {"source": {"id": "the-times-of-india", "name": "The Times of India"}, "author": "TIMESOFINDIA.COM", "title": "Coronavirus latest updates: Number of confirmed cases rise to 125 in India", "description": "The number of positive coronavirus cases in India swelled to 125 on Tuesday. A total of 7,007 people have died, with a 175,536 infections recorded globally so far till Monday. China has the highest number of fatalities at 3,213, followed by Italy with 2,158 d\u2026", "url": "https://timesofindia.indiatimes.com/india/coronavirus-latest-updates-number-of-confirmed-cases-rise-to-125-in-india/articleshow/74666727.cms", "urlToImage": "https://static.toiimg.com/thumb/msid-74666750,width-1070,height-580,imgsize-1102897,resizemode-75,overlay-toi_sw,pt-32,y_pad-40/photo.jpg", "publishedAt": "2020-03-17T04:20:13Z", "content": "Copyright \u00a9 2020 Bennett, Coleman &amp; Co. Ltd. All rights reserved. For reprint rights: Times Syndication Service"}, {"source": {"id": "the-times-of-india", "name": "The Times of India"}, "author": "TNN", "title": "UP working out aid for daily wagers hit by coronavirus-induced slowdown", "description": "India News: LUCKNOW / NEW DELHI: Uttar Pradesh government on Tuesday set up a committee to work out how much financial assistance should be provided to daily wage.", "url": "https://timesofindia.indiatimes.com/india/up-working-out-aid-for-daily-wagers-hit-by-coronavirus-induced-slowdown/articleshow/74680431.cms", "urlToImage": "https://static.toiimg.com/thumb/msid-47529300,width-1070,height-580,imgsize-110164,resizemode-75,overlay-toi_sw,pt-32,y_pad-40/photo.jpg", "publishedAt": "2020-03-17T17:36:59Z", "content": "Copyright \u00a9 2020 Bennett, Coleman &amp; Co. Ltd. All rights reserved. For reprint rights: Times Syndication Service"}, {"source": {"id": "the-times-of-india", "name": "The Times of India"}, "author": "Reuters", "title": "Philippines first country to suspend all markets as coronavirus spreads", "description": "\"Governments do not need or want the added stress and distraction at this time.\"", "url": "https://economictimes.indiatimes.com/markets/stocks/news/philippines-first-country-to-suspend-all-markets-as-coronavirus-spreads/articleshow/74671354.cms", "urlToImage": "https://img.etimg.com/thumb/msid-74671493,width-1070,height-580,imgsize-1171742,overlay-etmarkets/photo.jpg", "publishedAt": "2020-03-17T09:15:58Z", "content": "MANILA/SINGAPORE: The Philippine Stock Exchange closed indefinitely on Tuesday while currency and bond trading were suspended, the first shutdown of markets worldwide in response to the coronavirus, with authorities citing risks to the safety of traders.\r\nThe\u2026 [+2848 chars]"}, {"source": {"id": "the-times-of-india", "name": "The Times of India"}, "author": "Ashutosh Shyam and Rajesh Naidu", "title": "HUL, Godrej, Dabur, DMart set to gain as coronavirus spreads", "description": "Investors bullish on India\u2019s consumption story are shifting away from discretionary spending companies.", "url": "https://economictimes.indiatimes.com/markets/stocks/news/hul-godrej-dabur-dmart-set-to-gain-as-coronavirus-spreads/articleshow/74665811.cms", "urlToImage": "https://img.etimg.com/thumb/msid-74665805,width-1070,height-580,imgsize-121779,overlay-etmarkets/photo.jpg", "publishedAt": "2020-03-17T03:06:29Z", "content": "ET Intelligence Group: Amid the clampdown on public gathering by shutting off malls, cinema halls, and pubs to curtail the spread of Covid-19, investors bullish on India\u2019s consumption story are shifting away from companies dependent on discretionary spending \u2026 [+1865 chars]"}, {"source": {"id": "the-times-of-india", "name": "The Times of India"}, "author": "TIMESOFINDIA.COM", "title": "Priyanka Chopra addresses Coronavirus rumours", "description": "While the world is dealing with Coronavirus, there is a lot of information being bombarded about the disease and how to take precaution. However there is some misinformation also that is being share and Priyanka Chopra took to Twitter to raise a concern about\u2026", "url": "https://timesofindia.indiatimes.com/entertainment/hindi/bollywood/news/priyanka-chopra-addresses-coronavirus-rumours-misinformation-during-a-health-crisis-can-leave-us-unprotected-spread-fear-panic/articleshow/74667560.cms", "urlToImage": "https://static.toiimg.com/photo/msid-74667560/74667560.jpg?417869", "publishedAt": "2020-03-17T05:10:13Z", "content": null}, {"source": {"id": "the-times-of-india", "name": "The Times of India"}, "author": "Reuters", "title": "Iran temporarily frees 85,000 prisoners amid coronavirus", "description": "Iran has temporarily freed about 85,000 prisoners, including political prisoners in response to the coronavirus epidemic, a judiciary spokesman said. The death toll in Iran from Covid-19 has reached 853 and a total of 14,991 people have been confirmed infecte\u2026", "url": "https://timesofindia.indiatimes.com/world/middle-east/iran-temporarily-frees-85000-prisoners-including-political-ones-amid-coronavirus/articleshow/74673269.cms", "urlToImage": "https://static.toiimg.com/thumb/msid-74673265,width-1070,height-580,imgsize-33095,resizemode-75,overlay-toi_sw,pt-32,y_pad-40/photo.jpg", "publishedAt": "2020-03-17T10:32:03Z", "content": "Copyright \u00a9 2020 Bennett, Coleman &amp; Co. Ltd. All rights reserved. For reprint rights: Times Syndication Service"}, {"source": {"id": "the-times-of-india", "name": "The Times of India"}, "author": "Reuters", "title": "Soybeans recover from 10-month low, gains capped by coronavirus worries", "description": "Wheat was little changed after Monday's slide to its lowest since October, while corn recovered from a six-month low to trade higher.", "url": "https://economictimes.indiatimes.com/markets/commodities/news/soybeans-recover-from-10-month-low-gains-capped-by-coronavirus-worries/articleshow/74670131.cms", "urlToImage": "https://img.etimg.com/thumb/msid-74670115,width-1070,height-580,imgsize-291819,overlay-etmarkets/photo.jpg", "publishedAt": "2020-03-17T07:57:08Z", "content": "SINGAPORE: Chicago soybean futures rose for the first time in five sessions on Tuesday with bargain buying supporting prices, although gains were limited by concerns over the economic damage from the fast-spreading coronavirus.\r\nWheat was little changed after\u2026 [+1989 chars]"}, {"source": {"id": "the-times-of-india", "name": "The Times of India"}, "author": "Reuters", "title": "'D' word rears head as coronavirus-hit markets brace for recession", "description": "Strategists said that the market's recent volatility was coming at \"a frequency previously seen only in the Great Financial Crisis and the Great Depression.\"", "url": "https://economictimes.indiatimes.com/markets/stocks/news/d-word-rears-head-as-coronavirus-hit-markets-brace-for-recession/articleshow/74668298.cms", "urlToImage": "https://img.etimg.com/thumb/msid-74668456,width-1070,height-580,imgsize-455188,overlay-etmarkets/photo.jpg", "publishedAt": "2020-03-17T06:13:57Z", "content": "NEW YORK: The coronavirus shockwaves rippling through U.S. stocks are forcing investors to contemplate outcomes more dire than a recession, including several quarters of declining economic activity, a credit crisis or even a depression.\r\nThe rising global tol\u2026 [+4574 chars]"}, {"source": {"id": "the-times-of-india", "name": "The Times of India"}, "author": "ET Now", "title": "Sharp economic slowdown on the cards in H1FY20 due to coronavirus: Sonal Varma", "description": "Current environment requires lockdowns and quarantines which implies that the short term economic activity will be significantly hit but that is important to do, says the MD & Chief India Economist, Nomura.", "url": "https://economictimes.indiatimes.com/markets/expert-view/sharp-economic-slowdown-on-the-cards-in-h1fy20-due-to-coronavirus-sonal-varma/articleshow/74674373.cms", "urlToImage": "https://img.etimg.com/thumb/msid-74674454,width-1070,height-580,imgsize-286633,overlay-etmarkets/photo.jpg", "publishedAt": "2020-03-17T11:48:41Z", "content": "Global estimates are floating around as to what will happen to global growth. What is your assessment of India\u2019s GDP? Are we in for any growth for the next two quarters?There is a lot of uncertainty with respect to how the infections pan out globally and in I\u2026 [+3867 chars]"}, {"source": {"id": "the-times-of-india", "name": "The Times of India"}, "author": "TIMESOFINDIA.COM", "title": "Cardi B's 'Coronavirus' remix is going viral", "description": "World Health Organization has declared Coronavirus as the pandemic. The world is heading towards shutdown and the outbreak has caused over 6,000 deaths. As there is no cure for the disease, precaution from getting infected is the only way to stay safe.", "url": "https://timesofindia.indiatimes.com/entertainment/english/music/news/remix-of-cardi-b-screaming-coronavirus-is-going-viral-over-the-internet-and-rising-on-song-charts/articleshow/74682548.cms", "urlToImage": "https://static.toiimg.com/photo/msid-74682557/74682557.jpg?81889", "publishedAt": "2020-03-17T22:46:24Z", "content": null}, {"source": {"id": "the-times-of-india", "name": "The Times of India"}, "author": "PTI", "title": "Coronavirus scare: Anup Jalota in isolation", "description": "Veteran devotional singer Anup Jalota on Tuesday said he is in isolation at a Mumbai hotel as a preventive measure in the wake of the coronavirus pandemic.", "url": "https://timesofindia.indiatimes.com/entertainment/hindi/music/news/singer-anup-jalota-in-isolation-amid-coronavirus-scare/articleshow/74673756.cms", "urlToImage": "https://static.toiimg.com/photo/msid-74673827/74673827.jpg?584999", "publishedAt": "2020-03-17T10:55:29Z", "content": null}, {"source": {"id": "the-times-of-india", "name": "The Times of India"}, "author": "TIMESOFINDIA.COM", "title": "Celebs who tested positive for Coronavirus", "description": "With the World Health Organisation declaring Coronavirus as a pandemic, the entire world has come to a standstill. From cancellation of shoots to films release dates being postponed, the world of entertainment has also been impacted greatly.But what's more sh\u2026", "url": "https://timesofindia.indiatimes.com/entertainment/english/hollywood/news/coronavirus-pandemic-from-tom-hanks-to-idris-elba-here-are-celebs-who-tested-positive-for-covid-19/photostory/74673161.cms", "urlToImage": "https://static.toiimg.com/photo/74673203.cms", "publishedAt": "2020-03-17T10:24:38Z", "content": "Another Hollywood actor Kristofer Hivju, who has worked in the films like 'Fast &amp; Furious 8', 'Downhill', 'The Last King' and others revealed that he has tested positive for the novel Coronavirus. The Norwegian actor announced the news on social media and\u2026 [+1020 chars]"}, {"source": {"id": "the-times-of-india", "name": "The Times of India"}, "author": "Shaurya Karanbir Gurung", "title": "Indian Army's courses postponed amid coronavirus scare", "description": "Some of the army courses that have been postponed include the senior command course, meant for officers taking on command appointments. Officials also said that courses that are in progress will continue with precautions. The army has also cancelled non-essen\u2026", "url": "https://economictimes.indiatimes.com/news/defence/indian-armys-courses-postponed-amid-coronavirus-scare/articleshow/74679060.cms", "urlToImage": "https://img.etimg.com/thumb/msid-74679099,width-1070,height-580,imgsize-446153,overlay-etdefence/photo.jpg", "publishedAt": "2020-03-17T16:18:58Z", "content": "NEW DELHI: The army has postponed all its courses that are starting from the coming Monday, while the National Defence College under the defence ministry where senior foreign military officers study with officers from the Indian defence services has been temp\u2026 [+2271 chars]"}, {"source": {"id": "the-times-of-india", "name": "The Times of India"}, "author": "AP", "title": "Joe Biden wins Florida as coronavirus disrupts primary voting", "description": "US News: WASHINGTON: Joe Biden easily won the Florida primary on Tuesday, building on a remarkable surge as he barrels toward the Democratic presidential nomin.", "url": "https://timesofindia.indiatimes.com/world/us/joe-biden-wins-florida-as-coronavirus-disrupts-primary-voting/articleshow/74682649.cms", "urlToImage": "https://static.toiimg.com/thumb/msid-74682646,width-1070,height-580,imgsize-707595,resizemode-75,overlay-toi_sw,pt-32,y_pad-40/photo.jpg", "publishedAt": "2020-03-17T23:51:22Z", "content": "Copyright \u00a9 2020 Bennett, Coleman &amp; Co. Ltd. All rights reserved. For reprint rights: Times Syndication Service"}, {"source": {"id": "the-times-of-india", "name": "The Times of India"}, "author": "Reuters", "title": "Coronavirus: Thailand closes schools, bars, puts off holiday", "description": "Thailand is to close schools and entertainment venues including its racy night spots, and even call off one of its most important holidays of the year to limit the spread of the coronavirus, the prime minister said on Tuesday.", "url": "https://timesofindia.indiatimes.com/world/rest-of-world/thailand-closes-schools-bars-puts-off-holiday-to-fight-coronavirus/articleshow/74672572.cms", "urlToImage": "https://static.toiimg.com/thumb/msid-74672652,width-1070,height-580,imgsize-174915,resizemode-75,overlay-toi_sw,pt-32,y_pad-40/photo.jpg", "publishedAt": "2020-03-17T09:59:09Z", "content": "Copyright \u00a9 2020 Bennett, Coleman &amp; Co. Ltd. All rights reserved. For reprint rights: Times Syndication Service"}, {"source": {"id": "the-times-of-india", "name": "The Times of India"}, "author": "PTI", "title": "First coronavirus death reported in Pakistan; cases surge to 193", "description": "Pakistan News: LAHORE: Pakistan reported its first casualty due to the novel coronavirus on Tuesday, health ministry officials said as the number of positive cases o.", "url": "https://timesofindia.indiatimes.com/world/pakistan/first-coronavirus-death-reported-in-pakistan-cases-surge-to-193/articleshow/74672724.cms", "urlToImage": "https://static.toiimg.com/thumb/msid-74672788,width-1070,height-580,imgsize-682426,resizemode-75,overlay-toi_sw,pt-32,y_pad-40/photo.jpg", "publishedAt": "2020-03-17T10:05:16Z", "content": "Copyright \u00a9 2020 Bennett, Coleman &amp; Co. Ltd. All rights reserved. For reprint rights: Times Syndication Service"}, {"source": {"id": "the-times-of-india", "name": "The Times of India"}, "author": "AFP", "title": "Coronavirus now in Tanzania, Somalia as East Africa starts closures", "description": "Rest of World News: DAR ES SALAAM: Tanzania and Somalia on Monday became the latest East Africa countries to confirm their first cases of coronavirus, as neighbouring cou.", "url": "https://timesofindia.indiatimes.com/world/rest-of-world/coronavirus-now-in-tanzania-somalia-as-east-africa-starts-closures/articleshow/74671390.cms", "urlToImage": "https://static.toiimg.com/thumb/msid-74671420,width-1070,height-580,imgsize-960841,resizemode-75,overlay-toi_sw,pt-32,y_pad-40/photo.jpg", "publishedAt": "2020-03-17T08:52:48Z", "content": "Copyright \u00a9 2020 Bennett, Coleman &amp; Co. Ltd. All rights reserved. For reprint rights: Times Syndication Service"}, {"source": {"id": "the-times-of-india", "name": "The Times of India"}, "author": "Reuters", "title": "Malaysians stream into Singapore ahead of coronavirus travel ban", "description": "Thousands of Malaysian commuters, many with suitcases stuffed with clothes, crossed into neighbouring Singapore on Tuesday evening, hours before their country starts to seal its borders. Many of the 300,000 Malaysians who commute daily to Singapore were caugh\u2026", "url": "https://timesofindia.indiatimes.com/world/rest-of-world/bags-packed-malaysians-stream-into-singapore-ahead-of-coronavirus-travel-ban/articleshow/74677730.cms", "urlToImage": "https://static.toiimg.com/thumb/msid-74677766,width-1070,height-580,imgsize-55377,resizemode-75,overlay-toi_sw,pt-32,y_pad-40/photo.jpg", "publishedAt": "2020-03-17T14:29:12Z", "content": "Copyright \u00a9 2020 Bennett, Coleman &amp; Co. Ltd. All rights reserved. For reprint rights: Times Syndication Service"}, {"source": {"id": "the-times-of-india", "name": "The Times of India"}, "author": "Reuters", "title": "'We are at war': France imposes lockdown to combat coronavirus", "description": "French President Emmanuel Macron on Monday ordered stringent restrictions on people's movement to slow the spread of the coronavirus, and said the army would be drafted in to help move the sick to hospitals. France had already shut down restaurants and bars, \u2026", "url": "https://timesofindia.indiatimes.com/world/europe/we-are-at-war-france-imposes-lockdown-to-combat-coronavirus/articleshow/74666769.cms", "urlToImage": "https://static.toiimg.com/thumb/msid-74666758,width-1070,height-580,imgsize-188116,resizemode-75,overlay-toi_sw,pt-32,y_pad-40/photo.jpg", "publishedAt": "2020-03-17T04:18:39Z", "content": "Copyright \u00a9 2020 Bennett, Coleman &amp; Co. Ltd. All rights reserved. For reprint rights: Times Syndication Service"}, {"source": {"id": "the-times-of-india", "name": "The Times of India"}, "author": "TNN", "title": "Coronavirus: As entry restrictions kick in, several airlines suspend flights", "description": "Afghanistan, Philippines and Malaysia have been added to the list of countries from where no one \u2014 including Indian citizens \u2014 can fly direct to India till the month-end to control the spread of coronavirus. This ban came in effect from 3 pm Tuesday.", "url": "https://timesofindia.indiatimes.com/business/india-business/coronavirus-as-entry-restrictions-kick-in-several-airlines-suspend-flights/articleshow/74678805.cms", "urlToImage": "https://static.toiimg.com/thumb/msid-74678893,width-1070,height-580,imgsize-153009,resizemode-75,overlay-toi_sw,pt-32,y_pad-40/photo.jpg", "publishedAt": "2020-03-17T15:46:45Z", "content": "Copyright \u00a9 2020 Bennett, Coleman &amp; Co. Ltd. All rights reserved. For reprint rights: Times Syndication Service"}, {"source": {"id": "the-times-of-india", "name": "The Times of India"}, "author": "AFP", "title": "US begins first human trial of coronavirus vaccine: Officials", "description": "\"The open-label trial will enroll 45 healthy adult volunteers ages 18 to 55 years over approximately 6 weeks,\" the US National Institutes of Health (NIH) said in a statement.", "url": "https://economictimes.indiatimes.com/news/international/world-news/us-begins-first-human-trial-of-coronavirus-vaccine-officials/articleshow/74665945.cms", "urlToImage": "https://img.etimg.com/thumb/msid-74665937,width-1070,height-580,imgsize-779574,overlay-economictimes/photo.jpg", "publishedAt": "2020-03-17T03:18:53Z", "content": "WASHINGTON: The first human trial to evaluate a candidate vaccine against coronavirus disease 2019 has begun in Seattle, US health officials said Monday.\r\n\"The open-label trial will enroll 45 healthy adult volunteers ages 18 to 55 years over approximately 6 w\u2026 [+138 chars]"}, {"source": {"id": "the-times-of-india", "name": "The Times of India"}, "author": "ET Bureau", "title": "Coronavirus outbreak to hit Wipro's new deals: ICICI Securities", "description": "The tech services, however, does not see any challenges in existing contracts as of now due to virus outbreak that has resulted lock-down across multiple key markets of Indian tech services companies.", "url": "https://economictimes.indiatimes.com/tech/ites/coronavirus-outbreak-to-hit-wipros-new-deals-icici-securities/articleshow/74677953.cms", "urlToImage": "https://img.etimg.com/thumb/msid-74677983,width-1070,height-580,imgsize-25120,overlay-economictimes/photo.jpg", "publishedAt": "2020-03-17T15:00:43Z", "content": "Wipro, India's fourth largest tech services firm, is likely to see its new deals hit by Coronavirus or COVID-19 outbreak, said ICICI Securities in a preview report.\r\nThe tech services, however, does not see any challenges in existing contracts as of now due t\u2026 [+1710 chars]"}, {"source": {"id": "the-times-of-india", "name": "The Times of India"}, "author": "Reuters", "title": "Pfizer, BioNTech to co-develop potential coronavirus vaccine", "description": "The drugmakers will start the collaboration immediately and have signed a letter of intent for the vaccine's distribution outside China, they said in a joint statement.", "url": "https://economictimes.indiatimes.com/industry/healthcare/biotech/pharmaceuticals/pfizer-biontech-to-co-develop-potential-coronavirus-vaccine/articleshow/74668162.cms", "urlToImage": "https://img.etimg.com/thumb/msid-74668243,width-1070,height-580,imgsize-474297,overlay-economictimes/photo.jpg", "publishedAt": "2020-03-17T06:06:42Z", "content": "U.S. drugmaker Pfizer Inc has signed a deal with Germany's BioNTech SE to co-develop a potential vaccine for the coronavirus using BioNTech's mRNA-based drug development platform, the companies said on Tuesday.\r\nThe drugmakers will start the collaboration imm\u2026 [+1546 chars]"}, {"source": {"id": "the-times-of-india", "name": "The Times of India"}, "author": "PTI", "title": "Railways cancels 76 trains as coronavirus precautionary measure, non-occupancy", "description": "According to officials, central railways cancelled 23 trains, south central railways cancelled 29 trains, 10 trains were cancelled in western railway zone, 9 in south eastern railway zone and 5 in northern railway zone.", "url": "https://economictimes.indiatimes.com/industry/transportation/railways/railways-cancels-76-trains-as-coronavirus-precautionary-measure-non-occupancy/articleshow/74678683.cms", "urlToImage": "https://img.etimg.com/thumb/msid-74678700,width-1070,height-580,imgsize-244094,overlay-economictimes/photo.jpg", "publishedAt": "2020-03-17T15:50:17Z", "content": "New Delhi: Railways has cancelled 76 trains as precaution against the spread of coronavirus and due to low occupancy, officials said on Tuesday. \r\nIt has also issued a set of guidelines to zonal railways for its catering staff stating no employee having fever\u2026 [+2310 chars]"}, {"source": {"id": "the-times-of-india", "name": "The Times of India"}, "author": "ET Online", "title": "Third coronavirus patient dies in India; total infection cases jumps to nearly 130", "description": "\u200b\u200bAccording to reports, the person had the travel history to Dubai.  The total number of coronavirus cases in the country has now risen to nearly 130 after fresh cases were reported from several states.", "url": "https://economictimes.indiatimes.com/news/politics-and-nation/third-coronavirus-patient-dies-in-india-total-infection-cases-jumps-to-nearly-130/articleshow/74667655.cms", "urlToImage": "https://img.etimg.com/thumb/msid-74667826,width-1070,height-580,imgsize-483282,overlay-economictimes/photo.jpg", "publishedAt": "2020-03-17T05:47:21Z", "content": "A 64-year old man today died in Maharashtra from coronavirus. This the third case of death due to the virus. While a 76-year-old man from Kalaburagi who returned from Saudi Arabia had died on Tuesday last, a 68-year-old woman in Delhi who had tested positive \u2026 [+1339 chars]"}, {"source": {"id": "the-times-of-india", "name": "The Times of India"}, "author": "IANS", "title": "Taj Mahal closed, annual Shah Jahan Urs not to be held in the wake of coronavirus", "description": "This will be the first time in the history of the Taj, that the annual Urs will not be held. During the three day Urs, entry remains free and a series of functions are organised. Work on the 365 metre long chadar, to be offered, had begun. A member of the org\u2026", "url": "https://economictimes.indiatimes.com/news/politics-and-nation/taj-mahal-closed-annual-shah-jahan-urs-not-to-be-held-in-the-wake-of-coronavirus/articleshow/74667039.cms", "urlToImage": "https://img.etimg.com/thumb/msid-74667050,width-1070,height-580,imgsize-238985,overlay-economictimes/photo.jpg", "publishedAt": "2020-03-17T04:58:26Z", "content": "AGRA: The annual three day Urs of Mughal emperor Shah Jahan, builder of the iconic Taj Mahal, will not be held, as scheduled from March 21, as the historic monuments including the Taj in the city have been shut down till March 31, in the wake of COVID-19.\r\nTh\u2026 [+1293 chars]"}, {"source": {"id": "the-times-of-india", "name": "The Times of India"}, "author": "ET Online", "title": "All public museums and monuments, including Taj Mahal, closed till March 31 as coronavirus spreads", "description": "This only the third time in the history that the historic monument Taj Mahal has been closed. Only during the 1971 war with Pakistan, the Taj Mahal was closed for more than a week. During the flood in 1978, it was again closed for a couple of days.", "url": "https://economictimes.indiatimes.com/news/politics-and-nation/all-public-museums-and-monuments-including-taj-mahal-closed-till-march-31-as-coronavirus-spreads/articleshow/74667047.cms", "urlToImage": "https://img.etimg.com/thumb/msid-74667216,width-1070,height-580,imgsize-109375,overlay-economictimes/photo.jpg", "publishedAt": "2020-03-17T05:11:58Z", "content": "As coronavirus cases jump to 130 in India, the government has decided to keep all the public monuments and museums, including the iconic Taj Mahal, Red fort -- shut till the end of this month. \"All ASI monuments and central museums will be shut till March 31 \u2026 [+569 chars]"}, {"source": {"id": "the-times-of-india", "name": "The Times of India"}, "author": "DIVYA RAJAGOPAL", "title": "Private labs may soon be allowed to test for coronavirus infection", "description": "Roche has also received a licence from the Indian drug regulator for a specific SARS-Covid-19 diagnostic that can test thousands of samples in 24 hours.", "url": "https://economictimes.indiatimes.com/news/politics-and-nation/pvt-labs-may-soon-be-allowed-to-test-for-infection/articleshow/74681474.cms", "urlToImage": "https://img.etimg.com/thumb/msid-74683686,width-1070,height-580,imgsize-132366,overlay-economictimes/photo.jpg", "publishedAt": "2020-03-17T23:06:21Z", "content": "Mumbai: The National Institute of Virology (NIV) in Pune is fast-tracking the approval process for reagents required for the expansion of Covid-19 testing, said people aware of the matter. Three multinationals and one domestic company are in the process of ge\u2026 [+1002 chars]"}, {"source": {"id": "the-times-of-india", "name": "The Times of India"}, "author": "ANI", "title": "Kanpur: Express train halted for 20 mins after 2 foreign nationals showed coronavirus symptoms", "description": "Two foreign nationals who showed symptoms of coronavirus while travelling in an Express train on Monday were quarantined and tested upon after arriving at Kanpur Central Station, informed Dr Devendra Shukla Medical Officer Kanpur.", "url": "https://economictimes.indiatimes.com/news/politics-and-nation/kanpur-express-train-halted-for-20-mins-after-2-foreign-nationals-showed-coronavirus-symptoms/articleshow/74666390.cms", "urlToImage": "https://img.etimg.com/thumb/msid-74666381,width-1070,height-580,imgsize-537078,overlay-economictimes/photo.jpg", "publishedAt": "2020-03-17T04:01:46Z", "content": "KANPUR: Two foreign nationals who showed symptoms of coronavirus while travelling in an Express train on Monday were quarantined and tested upon after arriving at Kanpur Central Station, informed Dr Devendra Shukla Medical Officer Kanpur.\r\nThe train, which wa\u2026 [+649 chars]"}, {"source": {"id": "the-times-of-india", "name": "The Times of India"}, "author": "DIVYA RAJAGOPAL", "title": "Coronavirus outbreak: How much testing should we do, and where are we on developing a vaccine?", "description": "Over 170,000 individuals across the world have been infected by the novel coronavirus and 6,509 have died, with cases and deaths outside China overtaking those in that country", "url": "https://economictimes.indiatimes.com/news/politics-and-nation/coronavirus-outbreak-how-much-testing-should-we-do-and-where-are-we-on-developing-a-vaccine/articleshow/74666658.cms", "urlToImage": "https://img.etimg.com/thumb/msid-74666937,width-1070,height-580,imgsize-933386,overlay-economictimes/photo.jpg", "publishedAt": "2020-03-17T04:51:09Z", "content": "As government response and public concern over Covid-19 ratchet up, the medical community is looking at two aspects. First, how much testing is optimal \u2014 should we expand it beyond at-risk populations to fl atten the disease curve as South Korea has done, or \u2026 [+2974 chars]"}, {"source": {"id": "the-times-of-india", "name": "The Times of India"}, "author": "Indiatimes", "title": "How Coronavirus Is Changing Our Daily Lives", "description": "Handshakes, goodbye kisses, and hugs seem to be a thing of the past as the world is switching to alternative ways to greet each other due to the rapid spread of the novel coronavirus (COVID-19), globally. The COVID-19 pandemic has so far affected over 150 cou\u2026", "url": "https://www.indiatimes.com/videos/human-interest/how-coronavirus-is-changing-our-daily-lives-508550.html", "urlToImage": "https://im.indiatimes.in/content/2020/Mar/Capture_5e706647a33b0.JPG", "publishedAt": "2020-03-17T05:31:22Z", "content": "Copyright \u00a9 2020 Times Internet Limited. Powered by Indiatimes Lifestyle Network. All rights reserved"}, {"source": {"id": "the-times-of-india", "name": "The Times of India"}, "author": "ET Online", "title": "This IT company is giving two-weeks pay bonus to help employees fight coronavirus", "description": "The US-based Workday has announced a cash bonus of two-weeks pay for its employees to help them deal with \u201cunforeseen costs and needs\" due to coronavirus outbreak. Apart from that, the company has also announced a relief fund for employees who may need additi\u2026", "url": "https://economictimes.indiatimes.com/tech/ites/this-it-company-is-giving-two-weeks-pay-bonus-to-help-employees-fight-coronavirus/articleshow/74670433.cms", "urlToImage": "https://img.etimg.com/thumb/msid-74670941,width-1070,height-580,imgsize-780691,overlay-economictimes/photo.jpg", "publishedAt": "2020-03-17T08:44:51Z", "content": "As companies across the globe are trying to find a way to stay afloat with steps will encouraging their employees to work from home, this software company has announced a monetary assistance for its employees to overcome the coronavirus crises. The US-based W\u2026 [+1790 chars]"}, {"source": {"id": "the-times-of-india", "name": "The Times of India"}, "author": null, "title": "'Euro 2020 postponed to 2021 over coronavirus'", "description": "Soccer's 2020 European Championship has been postponed for a year as the world fights to contain the outbreak of the coronavirus, the Norwegian and Swedish FAs said on Tuesday. UEFA, who is yet to confirm the decision, was under pressure to push back the tour\u2026", "url": "https://timesofindia.indiatimes.com/sports/football/top-stories/euro-2020-championship-postponed-to-2021-over-coronavirus-norwegian-and-swedish-fas/articleshow/74676047.cms", "urlToImage": "https://static.toiimg.com/thumb/msid-74676009,width-1070,height-580,imgsize-142651,resizemode-75,overlay-toi_sw,pt-32,y_pad-40/photo.jpg", "publishedAt": "2020-03-17T12:44:11Z", "content": "Soccer's 2020 European Championship has been postponed for a year as the world fights to contain the outbreak of the coronavirus, the Norwegian and Swedish FAs said on Tuesday.\r\n\"Postponed until 11/6 - 11/7 2021. Will get back to you after the meeting,\" Swedi\u2026 [+1867 chars]"}, {"source": {"id": "the-times-of-india", "name": "The Times of India"}, "author": null, "title": "Coronavirus: Sindhu, Kiren Rijiju take #SafeHandsChallenge", "description": "The world continues to be at a standstill as the coronavirus pandemic continues to spread. Along with many other things, sporting activities across the globe are on hold.", "url": "https://timesofindia.indiatimes.com/sports/off-the-field/coronavirus-pv-sindhu-kiren-rijiju-take-safehandschallenge/articleshow/74671257.cms", "urlToImage": "https://static.toiimg.com/thumb/msid-74671236,width-1070,height-580,imgsize-1137982,resizemode-75,overlay-toi_sw,pt-32,y_pad-40/photo.jpg", "publishedAt": "2020-03-17T08:52:49Z", "content": "NEW DELHI: The world continues to be at a standstill as the coronavirus pandemic continues to spread. Along with many other things, sporting activities across the globe are on hold.\r\nIn the meantime, sports stars continue to spread awareness and educate the p\u2026 [+1982 chars]"}, {"source": {"id": "the-times-of-india", "name": "The Times of India"}, "author": null, "title": "French Open delayed amid coronavirus outbreak: Organisers", "description": "Tennis News: The French Open Grand Slam tennis tournament has been postponed until September 20-October 4 amid the coronavirus outbreak, organisers said on Tuesday", "url": "https://timesofindia.indiatimes.com/sports/tennis/top-stories/french-open-delayed-amid-coronavirus-outbreak-organisers/articleshow/74678821.cms", "urlToImage": "https://static.toiimg.com/thumb/msid-74678849,width-1070,height-580,imgsize-1532301,resizemode-75,overlay-toi_sw,pt-32,y_pad-40/photo.jpg", "publishedAt": "2020-03-17T15:41:26Z", "content": null}, {"source": {"id": "the-times-of-india", "name": "The Times of India"}, "author": "TNN", "title": "Coronavirus testing lab in Mangaluru soon: Min", "description": "MANGALURU: Department of health and family welfare has agreed to positively consider request from Dakshina Kannada district administration to set up a.", "url": "https://timesofindia.indiatimes.com/city/mangaluru/department-to-set-up-coronavirus-testing-lab-in-mangaluru-b-r-sriramulu/articleshow/74677918.cms", "urlToImage": "https://static.toiimg.com/thumb/msid-74677892,width-1070,height-580,imgsize-89006,resizemode-75,overlay-toi_sw,pt-32,y_pad-40/photo.jpg", "publishedAt": "2020-03-17T14:35:59Z", "content": "Copyright \u00a9 2020 Bennett, Coleman &amp; Co. Ltd. All rights reserved. For reprint rights: Times Syndication Service"}, {"source": {"id": "the-times-of-india", "name": "The Times of India"}, "author": "PTI", "title": "Coronavirus outbreak: UP extends 'shutdown' till April 2", "description": "Briefing reporters here after a meeting of the UP Cabinet, minister Shrikant Sharma said, \"Chief Minister Yogi Adityanath has directed that all schools, colleges and educational institutes will remain closed till April 2.\"", "url": "https://economictimes.indiatimes.com/news/politics-and-nation/coronavirus-outbreak-up-extends-shutdown-till-april-2/articleshow/74673092.cms", "urlToImage": "https://img.etimg.com/thumb/msid-74673197,width-1070,height-580,imgsize-762485,overlay-economictimes/photo.jpg", "publishedAt": "2020-03-17T10:46:51Z", "content": "LUCKNOW: To contain the coronavirus spread, the Uttar Pradesh government on Tuesday extended the closure of all educational institutions, cinemas, mulitplexes and tourists places in the state till April 2.\r\nBriefing reporters here after a meeting of the UP Ca\u2026 [+2038 chars]"}, {"source": {"id": "the-times-of-india", "name": "The Times of India"}, "author": "ET Online", "title": "India still in phase 2 of coronavirus outbreak, confirms ICMR", "description": "Addressing the media, Dr Balram Bhargava, director-general of Indian Council of Medical Research (ICMR), said: \"We already know that we are in stage 2. We are in not in stage 3, clearly.\"", "url": "https://economictimes.indiatimes.com/news/politics-and-nation/india-still-in-phase-2-of-coronavirus-outbreak-confirms-icmr/articleshow/74673951.cms", "urlToImage": "https://img.etimg.com/thumb/msid-74673967,width-1070,height-580,imgsize-122276,overlay-economictimes/photo.jpg", "publishedAt": "2020-03-17T11:25:56Z", "content": "The ICMR has said that India is still in phase 2 of the coronavirus outbreak. \r\nAddressing the media, Dr Balram Bhargava, director-general of Indian Council of Medical Research (ICMR), said: \"We already know that we are in stage 2. We are in not in stage 3, c\u2026 [+512 chars]"}, {"source": {"id": "the-times-of-india", "name": "The Times of India"}, "author": "Hakeem Irfan Rashid", "title": "Coronavirus outbreak: All public places shut in Jammu, Srinagar", "description": "Jammu region has reported three cases till now, while six cases have been reported from Ladakh, which includes two cases in Leh and one in Kargil district.", "url": "https://economictimes.indiatimes.com/news/politics-and-nation/-all-public-places-shut-in-jammu-srinagar/articleshow/74680708.cms", "urlToImage": "https://img.etimg.com/thumb/msid-74684337,width-1070,height-580,imgsize-302403,overlay-economictimes/photo.jpg", "publishedAt": "2020-03-17T23:29:00Z", "content": "Srinagar: The newly-formed Union territories of Jammu and Kashmir and Ladakh have reported nine Covid-19 cases till now and the administration has decided to shut down all public places in Jammu and Srinagar, even as Section 144 has been imposed in several di\u2026 [+926 chars]"}, {"source": {"id": "the-times-of-india", "name": "The Times of India"}, "author": "Faizan Haidar", "title": "UP-RERA adjourns hearing till March 31 amid coronavirus outbreak", "description": "The authority issued a public notice on Tuesday saying both Lucknow and Noida bench will not function between March 18 and March 31 and cases listed will be rescheduled.", "url": "https://economictimes.indiatimes.com/news/politics-and-nation/up-rera-adjourns-hearing-till-march-31-amid-coronavirus-outbreak/articleshow/74671434.cms", "urlToImage": "https://img.etimg.com/thumb/msid-74671466,width-1070,height-580,imgsize-427404,overlay-economictimes/photo.jpg", "publishedAt": "2020-03-17T09:15:10Z", "content": "The Uttar Pradesh Real Estate Regulatory Authority (UP-RERA) has decided to adjourn cases till March 31 in view of coronavirus outbreak. The authority issued a public notice on Tuesday saying both Lucknow and Noida bench will not function between March 18 and\u2026 [+928 chars]"}, {"source": {"id": "the-times-of-india", "name": "The Times of India"}, "author": "Indiatimes", "title": "Coronavirus Live Updates: Cases In The Country Climb To 125", "description": "The number of novel coronavirus cases in the country rose to 125 on Tuesday after fresh cases were reported from several states.", "url": "https://www.indiatimes.com/news/india/coronavirus-cases-in-the-country-climb-to-125-508553.html", "urlToImage": "https://im.indiatimes.in/content/2020/Mar/9D0DA17F-689C-4940-A181-471553D6F511_5e70699a68072.jpg", "publishedAt": "2020-03-17T05:55:06Z", "content": "The number of novel coronavirus cases in the country rose to 125 on Tuesday after fresh cases were reported from several states.\r\nThe cases include 22 foreign nationals and two persons who died in Delhi and Karnataka.\r\nBCCL\r\nDelhi has so far reported seven po\u2026 [+2595 chars]"}, {"source": {"id": "the-times-of-india", "name": "The Times of India"}, "author": "TNN", "title": "Coronavirus scare shuts 3 largest Maha temples", "description": "MUMBAI: For the first time in history, the largest temples in the state of Maharashtra closed for public darshan for an indefinite duration owing to t.", "url": "https://timesofindia.indiatimes.com/city/mumbai/coronavirus-outbreak-shirdi-saibaba-tulja-bhavani-shani-temples-close-for-darshan-for-the-first-time-ever/articleshow/74673970.cms", "urlToImage": "https://static.toiimg.com/thumb/msid-74673969,width-1070,height-580,imgsize-200827,resizemode-75,overlay-toi_sw,pt-32,y_pad-40/photo.jpg", "publishedAt": "2020-03-17T11:06:33Z", "content": "Copyright \u00a9 2020 Bennett, Coleman &amp; Co. Ltd. All rights reserved. For reprint rights: Times Syndication Service"}, {"source": {"id": "the-times-of-india", "name": "The Times of India"}, "author": "PTI", "title": "Maharashtra coronavirus positive case count 41", "description": "Two persons, one in Mumbai and another in Pune, tested positive for the coronavirus in Maharashtra on Tuesday, taking the number of confirmed cases in the state to 41, officials said.", "url": "https://timesofindia.indiatimes.com/city/mumbai/coronavirus-in-maharashtra-two-people-test-positive-total-count-41/articleshow/74676092.cms", "urlToImage": "https://static.toiimg.com/thumb/msid-74676405,width-1070,height-580,imgsize-44595,resizemode-75,overlay-toi_sw,pt-32,y_pad-40/photo.jpg", "publishedAt": "2020-03-17T12:58:31Z", "content": null}, {"source": {"id": "the-times-of-india", "name": "The Times of India"}, "author": "Reuters", "title": "Indian banks to appeal for relief on bad loans amid coronavirus concerns", "description": "The appeal to the Reserve Bank of India (RBI) will be made via the Indian Banks' Association, the two senior bankers said, asking not to be named as the talks were still private.", "url": "https://economictimes.indiatimes.com/industry/banking/finance/banking/indian-banks-to-appeal-for-relief-on-bad-loans-amid-coronavirus-concerns/articleshow/74676593.cms", "urlToImage": "https://img.etimg.com/thumb/msid-74676629,width-1070,height-580,imgsize-58495,overlay-economictimes/photo.jpg", "publishedAt": "2020-03-17T13:31:06Z", "content": "MUMBAI: The coronavirus pandemic has sparked concerns about a fresh surge in bad loans at India's lenders, and the industry body representing the banks plans to appeal to regulators to provide some reprieve in bad-debt classification, two sources told Reuters\u2026 [+1582 chars]"}, {"source": {"id": "the-times-of-india", "name": "The Times of India"}, "author": "Sutanuka Ghosal", "title": "SIMA wants moratorium on bank repayment to tide over coronavirus crisis", "description": "Under the current scenario, especially the constant preventing measures being taken and awareness created by the government to fight against the coronavirus pandemic, majority of the workers are not reporting for work and the migrant workers are also returnin\u2026", "url": "https://economictimes.indiatimes.com/industry/cons-products/garments-/-textiles/sima-wants-moratorium-on-bank-repayment-to-tide-over-coronavirus-crisis/articleshow/74677782.cms", "urlToImage": "https://img.etimg.com/thumb/msid-74677791,width-1070,height-580,imgsize-904567,overlay-economictimes/photo.jpg", "publishedAt": "2020-03-17T14:49:33Z", "content": "The Southern India Mills\u2019 Association (SIMA) has appealed to the Prime minister Narendra Modi to mandate the banks to provide a moratorium for entire FY21 for repayment of principal and interest amount to enable the Indian textiles and clothing industry to ti\u2026 [+1486 chars]"}, {"source": {"id": "the-times-of-india", "name": "The Times of India"}, "author": "Sharmistha Mukherjee", "title": "Fiat Chrysler India asks employees to work from home amid coronavirus outbreak", "description": "FCA, which operates from three locations in India \u2013 Corporate Office in Mumbai, an Engineering office in Pune and the main Engineering Centre in Chennai, has prioritized the option of \u2018work from home\u2019 (WFH) for its staff in Maharashtra based on precautionary \u2026", "url": "https://economictimes.indiatimes.com/industry/auto/auto-news/fiat-chrysler-india-asks-employees-to-work-from-home-amid-coronavirus-outbreak/articleshow/74672231.cms", "urlToImage": "https://img.etimg.com/thumb/msid-74672225,width-1070,height-580,imgsize-226356,overlay-economictimes/photo.jpg", "publishedAt": "2020-03-17T09:56:09Z", "content": "NEW DELHI: With an intent to safeguard its workforce from the adverse effects of the Coronavirus pandemic, FCA India said it has permitted over 50% of its staff, from its Mumbai and Pune offices, to work from home, at least until March 31, 2020, and is taking\u2026 [+3229 chars]"}, {"source": {"id": "the-times-of-india", "name": "The Times of India"}, "author": "TIMESOFINDIA.COM", "title": "LVMH will venture into hand sanitiser production to fight Coronavirus", "description": "LVMH, the parent company of Louis Vuitton, Christian Dior, Sephora etc is now all set to make sanitizers. The luxury conglomerate announced on Sunday that its cosmetic and perfume factories will start manufacturing large quantities of hand disinfectant gel to\u2026", "url": "https://timesofindia.indiatimes.com/life-style/beauty/louis-vuitton-owner-just-moved-the-internet-by-announcing-that-its-perfume-factory-will-produce-hand-sanitizer-to-fight-coronavirus/articleshow/74659247.cms", "urlToImage": "https://static.toiimg.com/photo/msid-74659247/74659247.jpg?1116131", "publishedAt": "2020-03-17T00:10:00Z", "content": null}, {"source": {"id": "the-times-of-india", "name": "The Times of India"}, "author": "TIMESOFINDIA.COM", "title": "Coronavirus: What are mild, moderate and severe symptoms?", "description": "The symptoms are being described as mild, moderate and severe forms of symptoms. These are not medically accepted terms, so it is advisable to describe the symptoms as they are when you visit the doctor.", "url": "https://timesofindia.indiatimes.com/life-style/health-fitness/health-news/coronavirus-outbreak-what-are-mild-moderate-and-severe-symptoms/articleshow/74674751.cms", "urlToImage": "https://static.toiimg.com/photo/msid-74674781/74674781.jpg?1615696", "publishedAt": "2020-03-17T15:10:00Z", "content": "The coronavirus outbreak has now affected almost every country in the world. The World Health Organisation (WHO) declared it a pandemic last week. The virus manifests differently in different people according to their age or whether they have any underlying m\u2026 [+2115 chars]"}, {"source": {"id": "the-times-of-india", "name": "The Times of India"}, "author": "TIMESOFINDIA.COM", "title": "Do you have the obsessive-compulsive coronavirus disorder?", "description": "As COVID-19 is rapidly spreading and infecting people all over the world, there is a list of guidelines to follow to protect yourself from the infection.", "url": "https://timesofindia.indiatimes.com/life-style/health-fitness/health-news/do-you-have-the-obsessive-compulsive-coronavirus-disorder/articleshow/74655648.cms", "urlToImage": "https://static.toiimg.com/photo/msid-74655648/74655648.jpg?956754", "publishedAt": "2020-03-17T03:10:00Z", "content": "As COVID-19 is rapidly spreading and infecting people all over the world, there is a list of guidelines to follow to protect yourself from the infection. These guidelines are laid down worldwide and lists down all the preventive measure. Hand washing, wearing\u2026 [+2297 chars]"}, {"source": {"id": "the-times-of-india", "name": "The Times of India"}, "author": null, "title": "Diamond League postpones opening three track meets over coronavirus", "description": "More sports News: The opening three track and field meetings on the elite Diamond League circuit have been postponed in response to the growing global crisis around the", "url": "https://timesofindia.indiatimes.com/sports/more-sports/athletics/diamond-league-postpones-opening-three-track-meets-over-coronavirus/articleshow/74672495.cms", "urlToImage": "https://static.toiimg.com/thumb/msid-74672473,width-1070,height-580,imgsize-166654,resizemode-75,overlay-toi_sw,pt-32,y_pad-40/photo.jpg", "publishedAt": "2020-03-17T09:49:59Z", "content": null}, {"source": {"id": "the-times-of-india", "name": "The Times of India"}, "author": null, "title": "Coronavirus: Spanish football coach Francisco Garcia passes away aged 21", "description": "Spanish football coach Francisco Garcia has passed away aged 21 after contracting coronavirus. Garcia was serving as the manager of Atletico Portada Alta's youth team since 2016. He has become the youngest victim of the illness in the region, goal.com reporte\u2026", "url": "https://timesofindia.indiatimes.com/sports/football/top-stories/coronavirus-spanish-football-coach-francisco-garcia-passes-away-aged-21/articleshow/74666692.cms", "urlToImage": "https://static.toiimg.com/thumb/msid-74666683,width-1070,height-580,imgsize-1100827,resizemode-75,overlay-toi_sw,pt-32,y_pad-40/photo.jpg", "publishedAt": "2020-03-17T04:10:38Z", "content": "NEW DELHI: Spanish football coach Francisco Garcia has passed away aged 21 after contracting coronavirus.\r\nGarcia was serving as the manager of Atletico Portada Alta's youth team since 2016. He has become the youngest victim of the illness in the region, goal\u2026 [+1421 chars]"}, {"source": {"id": "the-times-of-india", "name": "The Times of India"}, "author": null, "title": "Coronavirus: Romanian FA to ask UEFA for Euro 2020 postponement", "description": "Romania's football federation (FRF) said on Monday it will ask UEFA to postpone the Euro 2020 tournament over the coronavirus outbreak during an emergency video-conference call organised by European soccer's governing body on Tuesday.", "url": "https://timesofindia.indiatimes.com/sports/football/top-stories/coronavirus-romanian-fa-to-ask-uefa-for-euro-2020-postponement/articleshow/74667190.cms", "urlToImage": "https://static.toiimg.com/thumb/msid-74667185,width-1070,height-580,imgsize-1268062,resizemode-75,overlay-toi_sw,pt-32,y_pad-40/photo.jpg", "publishedAt": "2020-03-17T04:49:08Z", "content": null}, {"source": {"id": "the-times-of-india", "name": "The Times of India"}, "author": null, "title": "Euro 2020 postponed until 2021 by UEFA over coronavirus", "description": "The Euro 2020 soccer tournament has been postponed until 2021 because of the coronavirus outbreak, European soccer's governing body UEFA said in a statement on Tuesday.", "url": "https://timesofindia.indiatimes.com/sports/football/top-stories/euro-2020-postponed-until-2021-by-uefa-over-coronavirus/articleshow/74677427.cms", "urlToImage": "https://static.toiimg.com/thumb/msid-74677417,width-1070,height-580,imgsize-194963,resizemode-75,overlay-toi_sw,pt-32,y_pad-40/photo.jpg", "publishedAt": "2020-03-17T14:03:39Z", "content": null}, {"source": {"id": "the-times-of-india", "name": "The Times of India"}, "author": null, "title": "Kiren Rijiju urges people to not take coronavirus issue lightly", "description": "Off the field News: Union Minister for Sports and Youth Affairs Kiren Rijiju on Tuesday said that we must not take the coronavirus issue lightly and urged people to wash", "url": "https://timesofindia.indiatimes.com/sports/off-the-field/kiren-rijiju-urges-people-to-not-take-coronavirus-issue-lightly/articleshow/74674204.cms", "urlToImage": "https://static.toiimg.com/thumb/msid-74674168,width-1070,height-580,imgsize-158276,resizemode-75,overlay-toi_sw,pt-32,y_pad-40/photo.jpg", "publishedAt": "2020-03-17T11:15:52Z", "content": null}, {"source": {"id": "the-times-of-india", "name": "The Times of India"}, "author": null, "title": "FIFA to use 'power of football' to combat coronavirus", "description": "FIFA president Gianni Infantino on Monday urged authorities to use \"the power of football\" to reinforce important messages in the fight against coronavirus, promising initiatives with the World Health Organization.", "url": "https://timesofindia.indiatimes.com/sports/football/top-stories/fifa-to-use-power-of-football-to-combat-coronavirus/articleshow/74666365.cms", "urlToImage": "https://static.toiimg.com/thumb/msid-74666358,width-1070,height-580,imgsize-1109747,resizemode-75,overlay-toi_sw,pt-32,y_pad-40/photo.jpg", "publishedAt": "2020-03-17T03:42:41Z", "content": "PARIS: FIFA president Gianni Infantino on Monday urged authorities to use \"the power of football\" to reinforce important messages in the fight against coronavirus, promising initiatives with the World Health Organization.\r\n\"I highly recommend you to also at y\u2026 [+1293 chars]"}, {"source": {"id": "the-times-of-india", "name": "The Times of India"}, "author": null, "title": "Watch: Sindhu spreads awareness on coronavirus through #SafeHandsChallenge", "description": "The world continues to be at a standstill as the coronavirus pandemic continues to spread. Along with many other things, sporting activities across the globe are on hold.", "url": "https://timesofindia.indiatimes.com/sports/off-the-field/help-slow-the-spread-pv-sindhu-spreads-awareness-on-coronavirus-through-safehandschallenge/articleshow/74671257.cms", "urlToImage": "https://static.toiimg.com/thumb/msid-74671236,width-1070,height-580,imgsize-1137982,resizemode-75,overlay-toi_sw,pt-32,y_pad-40/photo.jpg", "publishedAt": "2020-03-17T08:52:49Z", "content": "NEW DELHI: The world continues to be at a standstill as the coronavirus pandemic continues to spread. Along with many other things, sporting activities across the globe are on hold.\r\nIn the meantime, sports stars continue to spread awareness and educate the p\u2026 [+964 chars]"}]}