{"status": "ok", "totalResults": 147, "articles": [{"source": {"id": "the-times-of-india", "name": "The Times of India"}, "author": "Bloomberg", "title": "Coronavirus in young people: Is it dangerous?", "description": "New evidence from Europe and the US suggests that younger adults aren\u2019t as impervious to the novel coronavirus that\u2019s circulating worldwide as originally thought. Young people \u2014 from twenty-somethings to those in their early forties \u2014 are falling seriously il\u2026", "url": "https://timesofindia.indiatimes.com/world/rest-of-world/coronavirus-in-young-people-is-it-dangerous-data-show-it-can-be/articleshow/74702745.cms", "urlToImage": "https://static.toiimg.com/thumb/msid-74702736,width-1070,height-580,imgsize-150504,resizemode-75,overlay-toi_sw,pt-32,y_pad-40/photo.jpg", "publishedAt": "2020-03-19T02:51:51Z", "content": "Copyright \u00a9 2020 Bennett, Coleman &amp; Co. Ltd. All rights reserved. For reprint rights: Times Syndication Service"}, {"source": {"id": "the-times-of-india", "name": "The Times of India"}, "author": "TNN", "title": "Punjab village blocked over coronavirus scare", "description": "After death of a 70-year-old man, who had returned from Germany via Italy, and died at Civil Hospital Banga on Wednesday morning, Nawanshahr district administration and health department have quarantined 17 persons, including a doctor and two nurses and have \u2026", "url": "https://timesofindia.indiatimes.com/city/chandigarh/punjab-village-blocked-17-quarantined-after-death-of-man-returned-from-germany-via-italy/articleshow/74709754.cms", "urlToImage": "https://static.toiimg.com/thumb/msid-74709943,width-1070,height-580,imgsize-357103,resizemode-75,overlay-toi_sw,pt-32,y_pad-40/photo.jpg", "publishedAt": "2020-03-19T09:50:40Z", "content": "Copyright \u00a9 2020 Bennett, Coleman &amp; Co. Ltd. All rights reserved. For reprint rights: Times Syndication Service"}, {"source": {"id": "the-times-of-india", "name": "The Times of India"}, "author": "PTI", "title": "Chinese media on coronavirus and Indian economy", "description": "\"The world's second-most populous country with 1.3 billion people had reported just over 130 coronavirus cases and three deaths by Tuesday, in stark contrast to exploding numbers of cases around the world and despite its close proximity to massive virus clust\u2026", "url": "https://timesofindia.indiatimes.com/india/indian-economy-remarkably-unscathed-amid-global-coronavirus-surge-chinese-media/articleshow/74717238.cms", "urlToImage": "https://static.toiimg.com/thumb/msid-74717244,width-1070,height-580,imgsize-89432,resizemode-75,overlay-toi_sw,pt-32,y_pad-40/photo.jpg", "publishedAt": "2020-03-19T16:05:34Z", "content": "Copyright \u00a9 2020 Bennett, Coleman &amp; Co. Ltd. All rights reserved. For reprint rights: Times Syndication Service"}, {"source": {"id": "the-times-of-india", "name": "The Times of India"}, "author": "TIMESOFINDIA.COM", "title": "Coronavirus: PM's 9 key messages for Indians", "description": "India News: NEW DELHI: Prime Minister Narendra Modi sent out a strong message of solidarity to the citizens of the country on Thursday as the nation fights the de.", "url": "https://timesofindia.indiatimes.com/india/coronavirus-outbreak-pm-modis-9-key-messages-for-indians/articleshow/74716261.cms", "urlToImage": "https://static.toiimg.com/thumb/msid-74716240,width-1070,height-580,imgsize-158793,resizemode-75,overlay-toi_sw,pt-32,y_pad-40/photo.jpg", "publishedAt": "2020-03-19T15:13:59Z", "content": "Copyright \u00a9 2020 Bennett, Coleman &amp; Co. Ltd. All rights reserved. For reprint rights: Times Syndication Service"}, {"source": {"id": "the-times-of-india", "name": "The Times of India"}, "author": "PTI", "title": "Coronavirus hits 'Friends' reunion production", "description": "Coronavirus hits 'Friends' reunion productionThe production will not go ahead at least until May.", "url": "https://economictimes.indiatimes.com/magazines/panache/friends-fans-have-to-wait-longer-reunion-special-delayed-due-to-coronavirus-outbreak/articleshow/74703899.cms", "urlToImage": "https://img.etimg.com/thumb/msid-74703942,width-1070,height-580,imgsize-495224,overlay-etpanache/photo.jpg", "publishedAt": "2020-03-19T04:32:54Z", "content": "LOS ANGELES: The much-awaited \"Friends\" reunion special has been postponed in the wake of the coronavirus scare. Sources told The Hollywood Reporter that the unscripted episode, set at HBO Max, was set to be shot next week at the iconic Stage 24 of the Warner\u2026 [+5545 chars]"}, {"source": {"id": "the-times-of-india", "name": "The Times of India"}, "author": "ANI", "title": "Trump signs emergency coronavirus relief bill", "description": "Trump signs emergency coronavirus relief billUnited States President Donald Trump has signed a multi-billion dollar emergency coronavirus economic relief bill, hours after it was passed by the US Senate.", "url": "https://economictimes.indiatimes.com/news/international/world-news/trump-signs-emergency-coronavirus-relief-bill-into-law/articleshow/74703543.cms", "urlToImage": "https://img.etimg.com/thumb/msid-74703535,width-1070,height-580,imgsize-798269,overlay-economictimes/photo.jpg", "publishedAt": "2020-03-19T03:59:51Z", "content": "WASHINGTON DC: United States President Donald Trump has signed a multi-billion dollar emergency coronavirus economic relief bill, hours after it was passed by the US Senate.\r\nThe Families First Coronavirus Response Act, which was passed by a vote of 90-8 in t\u2026 [+864 chars]"}, {"source": {"id": "the-times-of-india", "name": "The Times of India"}, "author": "Pranbihanga Borpuzari and Shariq Khan", "title": "Need urgent coronavirus bailout, businesses tell Govt", "description": "Need urgent coronavirus bailout, businesses tell GovtOne of the biggest help the Government can provide businesses say, is around taxation. We are in completely uncharted waters and the Goods and Services Tax is still a relatively new regime.", "url": "https://economictimes.indiatimes.com/small-biz/sme-sector/when-is-the-government-going-to-respond-businesses-look-for-assistance-as-coronavirus-starts-hurting/articleshow/74707616.cms", "urlToImage": "https://img.etimg.com/thumb/msid-74707622,width-1070,height-580,imgsize-111872,overlay-etrise/photo.jpg", "publishedAt": "2020-03-19T08:14:32Z", "content": "For millions of small businesses struggling with a slowing domestic demand over the last few quarters, the collapse of economic activities due to Covid 19 pandemic has raised existential questions. Small businesses now want the Government to be proactive in i\u2026 [+6555 chars]"}, {"source": {"id": "the-times-of-india", "name": "The Times of India"}, "author": "PTI", "title": "Coronavirus: Tirupati Balaji temple to be shut for devotees;", "description": "\u200b\u200bThe restrictions would come into force from Friday, Deputy Chief Minister for Medical and Health A K K Srinivas (Nani) said briefing reporters here after a high-level meeting on COVID-19, chaired by Chief Minister Y S Jagan Mohan Reddy. The daily rituals in\u2026", "url": "https://economictimes.indiatimes.com/news/politics-and-nation/coronavirus-tirupati-balaji-temple-to-be-shut-for-devotees/articleshow/74717538.cms", "urlToImage": "https://img.etimg.com/thumb/msid-74717603,width-1070,height-580,imgsize-1292323,overlay-economictimes/photo.jpg", "publishedAt": "2020-03-19T16:22:44Z", "content": "Amaravati (AP): The famous hill shrine of Lord Venkateswara in Tirumala and all other major temples will be out of bounds for devotees while malls and cinema halls to be shut in Andhra Pradesh till March 31 to check the spread of coronavirus, the state govern\u2026 [+2471 chars]"}, {"source": {"id": "the-times-of-india", "name": "The Times of India"}, "author": "PTI", "title": "Indian economy 'remarkably unscathed' amid global coronavirus surge: Chinese media", "description": "\"The world's second-most populous country with 1.3 billion people had reported just over 130 coronavirus cases and three deaths by Tuesday, in stark contrast to exploding numbers of cases around the world and despite its close proximity to massive virus clust\u2026", "url": "https://economictimes.indiatimes.com/news/politics-and-nation/indian-economy-remarkably-unscathed-amid-global-coronavirus-surge-chinese-media/articleshow/74718144.cms", "urlToImage": "https://img.etimg.com/thumb/msid-74718156,width-1070,height-580,imgsize-190583,overlay-economictimes/photo.jpg", "publishedAt": "2020-03-19T17:11:35Z", "content": "BEIJING: Indian economy is \"remarkably unscathed\", while major economies across the globe is grappling with \"severe fallout\" due to the surge of coronavirus cases, a Chinese state-run media said on Thursday.\r\n\"The world's second-most populous country with 1.3\u2026 [+1403 chars]"}, {"source": {"id": "the-times-of-india", "name": "The Times of India"}, "author": "ET Online", "title": "Contract tracing: The next phase of India's coronavirus battle unfolds", "description": "Many experts believe that the reason behind India's comparatively low numbers is the limited scope of testing in the country. The Indian Council of Medical Research(ICMR) last week announced it had begun testing random samples of influenza-like illness and se\u2026", "url": "https://economictimes.indiatimes.com/news/politics-and-nation/contract-tracing-the-next-phase-of-indias-coronavirus-battle-unfolds/articleshow/74706730.cms", "urlToImage": "https://img.etimg.com/thumb/msid-74706714,width-1070,height-580,imgsize-541168,overlay-economictimes/photo.jpg", "publishedAt": "2020-03-19T07:05:42Z", "content": "Could India really become the next hotspot for coronavirus, like experts have said? It may be early days still, but warnings are there that the measures successful in other parts of Asia may not work for the world\u2019s second-most populous country.\r\nThe country'\u2026 [+2756 chars]"}, {"source": {"id": "the-times-of-india", "name": "The Times of India"}, "author": "PTI", "title": "Tamil Nadu's 2nd Coronavirus patient raises community transmission fears", "description": "The youth, hailing from Delhi was currently in the isolation ward at the Rajiv Gandhi Government General Hospital and being monitored closely. He is a 20-year-old hailing from New Delhi. While coming to Chennai he was not showing any symptoms. But, yesterday \u2026", "url": "https://economictimes.indiatimes.com/news/politics-and-nation/tamil-nadus-2nd-coronavirus-patient-raises-community-transmission-fears/articleshow/74702335.cms", "urlToImage": "https://img.etimg.com/thumb/msid-74702357,width-1070,height-580,imgsize-30203,overlay-economictimes/photo.jpg", "publishedAt": "2020-03-19T02:16:09Z", "content": "CHENNAI: A 20-year old man who travelled by train from Delhi to the city tested positive for coronavirus on Wednesday, becoming Tamil Nadus second COVID-19 patient, over ten days after the first case surfaced in the state, Health Minister C Vijaya Baskar said\u2026 [+2762 chars]"}, {"source": {"id": "the-times-of-india", "name": "The Times of India"}, "author": "AP", "title": "How long will Americans be fighting the coronavirus?", "description": "On Monday, President Donald Trump said the U.S. may be managing the outbreak through July or August. And New York Governor Andrew Cuomo said the state's number of coronavirus cases may peak - not end - in 45 days.", "url": "https://economictimes.indiatimes.com/news/international/world-news/how-long-will-americans-be-fighting-the-coronavirus/articleshow/74703955.cms", "urlToImage": "https://img.etimg.com/thumb/msid-74703979,width-1070,height-580,imgsize-1256866,overlay-economictimes/photo.jpg", "publishedAt": "2020-03-19T04:34:22Z", "content": "WASHINGTON: In a matter of days, millions of Americans have seen their lives upended by measures to curb the spread of the new coronavirus.\r\nNormally bustling streets are deserted as families hunker down in their homes. Many of those who do venture out try to\u2026 [+5360 chars]"}, {"source": {"id": "the-times-of-india", "name": "The Times of India"}, "author": "PTI", "title": "Government working on financial package for coronavirus-hit sectors", "description": "According to government sources, Sitharaman will hold a meeting with MSME Minister Nitin Gadkari, Animal Husbandry Minister Giriraj Singh, Civil Aviation Minister Hardeep Singh Puri and Tourism Minister Prahlad Singh Patel on Friday to assess the situation in\u2026", "url": "https://economictimes.indiatimes.com/news/economy/policy/government-working-on-financial-package-for-coronavirus-hit-sectors/articleshow/74717223.cms", "urlToImage": "https://img.etimg.com/thumb/msid-74717218,width-1070,height-580,imgsize-101162,overlay-economictimes/photo.jpg", "publishedAt": "2020-03-19T16:05:55Z", "content": "NEW DELHI: The government is working on a financial package for various sectors, including civil aviation and tourism, to deal with the fall-out of the coronavirus pandemic that has impacted the economy.\r\nPrime Minister Narendra Modi on Thursday announced set\u2026 [+1460 chars]"}, {"source": {"id": "the-times-of-india", "name": "The Times of India"}, "author": "Ayan Pramanik and Jochelle Mendonca", "title": "Coronavirus impact: Hikes, bonuses on the block as IT firms get ready for slump", "description": "India\u2019s technology services firms have asked those employees who can deliver remotely to work from home. They have sent trainees back home from campuses in a bid to keep to social distancing norms and reduce the spread of the virus.", "url": "https://economictimes.indiatimes.com/tech/ites/hikes-bonuses-on-the-block-as-it-firms-get-ready-for-slump/articleshow/74719158.cms", "urlToImage": "https://img.etimg.com/thumb/msid-74721899,width-1070,height-580,imgsize-158898,overlay-economictimes/photo.jpg", "publishedAt": "2020-03-19T23:12:08Z", "content": "Bengaluru: India\u2019s IT services companies may freeze pay hikes and cut bonuses to deal with the business slowdown sparked by shutdowns due to the Covid-19 outbreak globally, replicating moves made during the US financial crisis over a decade ago, senior execut\u2026 [+2390 chars]"}, {"source": {"id": "the-times-of-india", "name": "The Times of India"}, "author": "PTI", "title": "Pakistan closes Wagah border with India for two weeks amid coronavirus scare", "description": "The interior ministry through a notification said that it closed the key border point with India \"for an initial period of two weeks (14 days) with immediate effect\". It said the measure was taken to \"prevent the spread of COVID-19, in the best interest of bo\u2026", "url": "https://economictimes.indiatimes.com/news/defence/pakistan-closes-wagah-border-with-india-for-two-weeks-amid-coronavirus-scare/articleshow/74711653.cms", "urlToImage": "https://img.etimg.com/thumb/msid-74711687,width-1070,height-580,imgsize-771302,overlay-etdefence/photo.jpg", "publishedAt": "2020-03-19T11:11:27Z", "content": "ISLAMABAD: Pakistan announced on Thursday to close down Wagah border with India for two weeks as the number of coronavirus cases in the country rose to 341.\r\nThe interior ministry through a notification said that it closed the key border point with India \"for\u2026 [+1290 chars]"}, {"source": {"id": "the-times-of-india", "name": "The Times of India"}, "author": "Bloomberg", "title": "India considers easier loan, tax rules to help economy endure coronavirus pain", "description": "Modi\u2019s administration is under pressure to shield the $2.7 trillion economy from the impact of the virus outbreak at a time when expansion is already poised for its weakest pace in more than a decade. Countries, including the U.S., China and Indonesia, have a\u2026", "url": "https://economictimes.indiatimes.com/news/economy/policy/india-considers-easier-loan-tax-rules-to-help-economy-endure-coronavirus-pain/articleshow/74706879.cms", "urlToImage": "https://img.etimg.com/thumb/msid-74706972,width-1070,height-580,imgsize-329023,overlay-economictimes/photo.jpg", "publishedAt": "2020-03-19T07:17:06Z", "content": "By Siddhartha SinghIndia is considering offering easier loan repayment terms and tax breaks for small-and medium-sized companies to help Asia\u2019s third-largest economy weather the onslaught of the coronavirus, a person with knowledge of the matter said.\r\nThe Fi\u2026 [+2247 chars]"}, {"source": {"id": "the-times-of-india", "name": "The Times of India"}, "author": "Ahmedabad Mirror", "title": "Two persons test positive for coronavirus in Gujarat - Ahmedabad Mirror", "description": "Two persons test positive for coronavirus in Gujarat Ahmedabad Mirror Gujarat Reports Its First Two Cases For Coronavirus NDTV News Two people test positive for coronavirus in Gujarat BusinessLine Gujarat reports first coronavirus cases; one each from Rajkot \u2026", "url": "https://ahmedabadmirror.indiatimes.com/ahmedabad/others/first-coronavirus-cases-detected-in-gujarat-two-infected/articleshow/74716560.cms", "urlToImage": "https://static.toiimg.com/photo/imgsize-1886602,msid-74716642/74716642.jpg", "publishedAt": "2020-03-19T15:36:58Z", "content": "At least 74 people in India have been infected with the COVID-19, commonly known as the coronavirus. Numbers continue to rise each day as fresh cases are being reported from across the sub-continent. With travel advisories issued, there are concerned individu\u2026 [+586 chars]"}, {"source": {"id": "the-times-of-india", "name": "The Times of India"}, "author": "PTI", "title": "Coronavirus: Restrictions imposed in Srinagar", "description": "Authorities in Srinagar on Thursday announced restrictions in parts of the city including Khanyar area where the first positive case of coronavirus in Kashmir has been detected.", "url": "https://timesofindia.indiatimes.com/india/coronavirus-restrictions-imposed-in-srinagar/articleshow/74706226.cms", "urlToImage": "https://static.toiimg.com/thumb/msid-74706231,width-1070,height-580,imgsize-500076,resizemode-75,overlay-toi_sw,pt-32,y_pad-40/photo.jpg", "publishedAt": "2020-03-19T06:19:54Z", "content": "Copyright \u00a9 2020 Bennett, Coleman &amp; Co. Ltd. All rights reserved. For reprint rights: Times Syndication Service"}, {"source": {"id": "the-times-of-india", "name": "The Times of India"}, "author": "PTI", "title": "Coronavirus could kill millions if allowed to spread like wildfire: UN chief - Times of India", "description": "Rest of World News: UNITED NATIONS: The world is \"at war\" with a virus, which if allowed to \"spread like wildfire\" would kill millions of people, UN chief Antonio Guterre.", "url": "https://timesofindia.indiatimes.com/world/rest-of-world/coronavirus-could-kill-millions-if-allowed-to-spread-like-wildfire-un-chief/articleshow/74718708.cms", "urlToImage": "https://static.toiimg.com/thumb/msid-74718800,width-1070,height-580,imgsize-52446,resizemode-75,overlay-toi_sw,pt-32,y_pad-40/photo.jpg", "publishedAt": "2020-03-19T18:11:51Z", "content": "Copyright \u00a9 2020 Bennett, Coleman &amp; Co. Ltd. All rights reserved. For reprint rights: Times Syndication Service"}, {"source": {"id": "the-times-of-india", "name": "The Times of India"}, "author": "PTI", "title": "Coronavirus: Delhi govt shuts restaurants; gathering over 20 people not allowed - Times of India", "description": "Coronavirus: Delhi govt shuts restaurants; gathering over 20 people not allowed Times of India Delhi bars 20 or more people from gathering, restaurants closed till 31 March Livemint Covid-19: Arvind Kejriwal to meet L-G with plan to shut some govt offices Hin\u2026", "url": "https://timesofindia.indiatimes.com/city/delhi/coronavirus-delhi-govt-shuts-restaurants-gathering-over-20-people-not-allowed/articleshow/74713722.cms", "urlToImage": "https://static.toiimg.com/thumb/msid-74713737,width-1070,height-580,imgsize-36410,resizemode-75,overlay-toi_sw,pt-32,y_pad-40/photo.jpg", "publishedAt": "2020-03-19T17:27:36Z", "content": "Copyright \u00a9 2020 Bennett, Coleman &amp; Co. Ltd. All rights reserved. For reprint rights: Times Syndication Service"}, {"source": {"id": "the-times-of-india", "name": "The Times of India"}, "author": "TIMESOFINDIA.COM", "title": "Not everyone needs to get tested for coronavirus: Bangalore doctor - Times of India", "description": "The coronavirus has now affected 180 people in India with the number rising constantly. Amid the chaos and the fear", "url": "https://timesofindia.indiatimes.com/life-style/health-fitness/health-news/not-everyone-needs-to-get-tested-for-coronavirus-bangalore-doctor/articleshow/74713631.cms", "urlToImage": "https://static.toiimg.com/photo/msid-74713678/74713678.jpg?120218", "publishedAt": "2020-03-19T14:25:07Z", "content": "The coronavirus has now affected 180 people in India with the number rising constantly. Amid the chaos and the fear, Dr Devi Shetty, Head of the Narayana Hrudalaya brings us to the harsh reality of the shortage of testing kits in the country. India has a popu\u2026 [+1937 chars]"}, {"source": {"id": "the-times-of-india", "name": "The Times of India"}, "author": "TNN", "title": "Coronavirus cases spike in Telangana, 8 positive in one day - Times of India", "description": "Coronavirus cases spike in Telangana, 8 positive in one day Times of India 7 Indonesians test positive for coronavirus in Telangana, were on same train The News Minute Coronavirus update: Sixth positive COVID-19 case from Telangana confirmed Livemint Coronavi\u2026", "url": "https://timesofindia.indiatimes.com/city/hyderabad/coronavirus-cases-spike-in-telangana-8-positive-in-one-day/articleshow/74701855.cms", "urlToImage": "https://static.toiimg.com/thumb/msid-74701864,width-1070,height-580,imgsize-26572,resizemode-75,overlay-toi_sw,pt-32,y_pad-40/photo.jpg", "publishedAt": "2020-03-19T01:18:57Z", "content": "Copyright \u00a9 2020 Bennett, Coleman &amp; Co. Ltd. All rights reserved. For reprint rights: Times Syndication Service"}, {"source": {"id": "the-times-of-india", "name": "The Times of India"}, "author": "Reuters", "title": "US-Canada border closed as Florida congressman diagnosed with coronavirus - Times of India", "description": "US-Canada border closed as Florida congressman diagnosed with coronavirus Times of India US-Canada border to close amid virus crisis BBC News Canada\u2019s Justin Trudeau warns virus restrictions could last months The Tribune US To Close Canada Border To 'Non-Esse\u2026", "url": "https://timesofindia.indiatimes.com/world/us/us-canada-border-closed-as-florida-congressman-diagnosed-with-coronavirus/articleshow/74703323.cms", "urlToImage": "https://static.toiimg.com/thumb/msid-74703478,width-1070,height-580,imgsize-331306,resizemode-75,overlay-toi_sw,pt-32,y_pad-40/photo.jpg", "publishedAt": "2020-03-19T04:44:13Z", "content": "Copyright \u00a9 2020 Bennett, Coleman &amp; Co. Ltd. All rights reserved. For reprint rights: Times Syndication Service"}, {"source": {"id": "the-times-of-india", "name": "The Times of India"}, "author": "PTI", "title": "Coronavirus outbreak: Odisha churches suspend Sunday mass", "description": "The Odia Baptist Church in Cuttack, one of the largest in the state, and the Church of Christ in Bhubaneswar on Wednesday decided to put all activities on hold in view of the coronavirus outbreak. The Odia Baptist Church (CNI) in Berhampur and Baptist churche\u2026", "url": "https://timesofindia.indiatimes.com/india/coronavirus-outbreak-odisha-churches-suspend-sunday-mass/articleshow/74711544.cms", "urlToImage": "https://static.toiimg.com/thumb/msid-74711735,width-1070,height-580,imgsize-1564768,resizemode-75,overlay-toi_sw,pt-32,y_pad-40/photo.jpg", "publishedAt": "2020-03-19T10:54:23Z", "content": "Copyright \u00a9 2020 Bennett, Coleman &amp; Co. Ltd. All rights reserved. For reprint rights: Times Syndication Service"}, {"source": {"id": "the-times-of-india", "name": "The Times of India"}, "author": null, "title": "What's in the US coronavirus aid bill that just passed Congress? - Major elements of the bill - Economic Times", "description": "The US Senate passed a more than $100 billion coronavirus aid package, sending it on to President Donald Trump who is expected to sign it into law. Lawmakers are already working on another stimulus effort in response to the widening outbreak in the country. H\u2026", "url": "https://economictimes.indiatimes.com/news/international/world-news/whats-in-the-us-coronavirus-aid-bill-that-just-passed-congress/major-elements-of-the-bill/slideshow/74706679.cms", "urlToImage": "https://img.etimg.com/thumb/msid-74706679,width-1070,height-580,overlay-economictimes/photo.jpg", "publishedAt": "2020-03-19T07:03:00Z", "content": "Updated: 19 Mar 2020, 12:33 PM IST\r\nThe US Senate passed a more than $100 billion coronavirus aid package, sending it on to President Donald Trump who is expected to sign it into law. Lawmakers are already working on another stimulus effort in response to the\u2026 [+3407 chars]"}, {"source": {"id": "the-times-of-india", "name": "The Times of India"}, "author": "TIMESOFINDIA.COM", "title": "PM Modi addresses nation on coronavirus outbreak: Highlights", "description": "India News: NEW DELHI: In wake of the coronavirus epidemic, Prime Minister Narendra Modi will address the nation to assure the citizens on the steps being taken b.", "url": "https://timesofindia.indiatimes.com/india/pm-modi-addresses-nation-on-coronavirus-outbreak-highlights/articleshow/74715296.cms", "urlToImage": "https://static.toiimg.com/thumb/msid-74715323,width-1070,height-580,imgsize-6226,resizemode-75,overlay-toi_sw,pt-32,y_pad-40/photo.jpg", "publishedAt": "2020-03-19T14:10:44Z", "content": "Copyright \u00a9 2020 Bennett, Coleman &amp; Co. Ltd. All rights reserved. For reprint rights: Times Syndication Service"}, {"source": {"id": "the-times-of-india", "name": "The Times of India"}, "author": "TNN", "title": "Coronavirus outbreak: Mantras, rumours get three arrested across country", "description": "Aid growing coronavirus scare, authorities have started cracking the whip on rumour mongers across the country, from Kishtwar to Kanpur and Kashi to Narsinghpur. At Kishtwar in J&K, police on Thursday arrested one person for spreading rumours on social media \u2026", "url": "https://timesofindia.indiatimes.com/india/coronavirus-outbreak-mantras-rumours-get-three-arrested-across-country/articleshow/74721113.cms", "urlToImage": "https://static.toiimg.com/thumb/msid-74721120,width-1070,height-580,imgsize-306120,resizemode-75,overlay-toi_sw,pt-32,y_pad-40/photo.jpg", "publishedAt": "2020-03-19T21:32:50Z", "content": "Copyright \u00a9 2020 Bennett, Coleman &amp; Co. Ltd. All rights reserved. For reprint rights: Times Syndication Service"}, {"source": {"id": "the-times-of-india", "name": "The Times of India"}, "author": "TNN", "title": "Coronavirus outbreak: Tirumala, Jagannath temples to be closed from Friday", "description": "Daily rituals will be conducted inside the sanctum sanctorum of two of India\u2019s holiest and most-visited shrines behind closed doors, officials said. In Gujarat, the Sommath, Dwarka and Ambaji shrines will be indefinitely shut from Friday.", "url": "https://timesofindia.indiatimes.com/india/coronavirus-outbreak-tirumala-jagannath-temples-to-be-closed-from-friday/articleshow/74721090.cms", "urlToImage": "https://static.toiimg.com/thumb/msid-74721087,width-1070,height-580,imgsize-1013276,resizemode-75,overlay-toi_sw,pt-32,y_pad-40/photo.jpg", "publishedAt": "2020-03-19T21:16:13Z", "content": "Copyright \u00a9 2020 Bennett, Coleman &amp; Co. Ltd. All rights reserved. For reprint rights: Times Syndication Service"}, {"source": {"id": "the-times-of-india", "name": "The Times of India"}, "author": "TNN", "title": "Coronavirus: Govt bans export of face masks, ventilators", "description": "Following a meeting of the group of ministers on Thursday, the ban was notified by the directorate general of foreign trade, sources told TOI. While India had banned the export of masks soon after the outbreak due to a surge in exports to China, it later on w\u2026", "url": "https://timesofindia.indiatimes.com/india/coronavirus-govt-bans-export-of-face-masks-ventilators/articleshow/74721306.cms", "urlToImage": "https://static.toiimg.com/thumb/msid-74721307,width-1070,height-580,imgsize-747648,resizemode-75,overlay-toi_sw,pt-32,y_pad-40/photo.jpg", "publishedAt": "2020-03-19T23:09:38Z", "content": "Copyright \u00a9 2020 Bennett, Coleman &amp; Co. Ltd. All rights reserved. For reprint rights: Times Syndication Service"}, {"source": {"id": "the-times-of-india", "name": "The Times of India"}, "author": "TIMESOFINDIA.COM", "title": "Coronavirus latest updates: 166 cofirmed cases in India", "description": "\u200bAs per the latest information released by the Union health ministry, the total number of confirmed cases in India touched 166, including 25 foreigners. Fifteen out of the 166 patients have either been cured, discharged or have migrated out of India. There ha\u2026", "url": "https://timesofindia.indiatimes.com/india/coronavirus-latest-updates-total-number-of-confirmed-cases-india-coronavirus-count/articleshow/74703253.cms", "urlToImage": "https://static.toiimg.com/thumb/msid-74703399,width-1070,height-580,imgsize-1364249,resizemode-75,overlay-toi_sw,pt-32,y_pad-40/photo.jpg", "publishedAt": "2020-03-19T03:27:15Z", "content": "Copyright \u00a9 2020 Bennett, Coleman &amp; Co. Ltd. All rights reserved. For reprint rights: Times Syndication Service"}, {"source": {"id": "the-times-of-india", "name": "The Times of India"}, "author": "TNN", "title": "One Indian suffering from coronavirus dies in Iran", "description": "India News: NEW DELHI: Even as the government confirmed one Indian death in Iran due to Covid-19, Dammu Ravi, additional secretary, MEA said the diplomats and sta.", "url": "https://timesofindia.indiatimes.com/india/one-indian-suffering-from-coronavirus-dies-in-iran/articleshow/74716273.cms", "urlToImage": "https://static.toiimg.com/thumb/msid-47529300,width-1070,height-580,imgsize-110164,resizemode-75,overlay-toi_sw,pt-32,y_pad-40/photo.jpg", "publishedAt": "2020-03-19T14:51:28Z", "content": "Copyright \u00a9 2020 Bennett, Coleman &amp; Co. Ltd. All rights reserved. For reprint rights: Times Syndication Service"}, {"source": {"id": "the-times-of-india", "name": "The Times of India"}, "author": "PTI", "title": "PM-proposed Saarc emergency fund to combat coronavirus operationalised: MEA", "description": "India News: NEW DELHI: The ministry of external affairs (MEA) on Thursday said \"very fast\" movement was being made on Prime Minister Narendra Modi's proposals put.", "url": "https://timesofindia.indiatimes.com/india/pm-proposed-saarc-emergency-fund-to-combat-coronavirus-operationalised-mea/articleshow/74715220.cms", "urlToImage": "https://static.toiimg.com/thumb/msid-74715209,width-1070,height-580,imgsize-144917,resizemode-75,overlay-toi_sw,pt-32,y_pad-40/photo.jpg", "publishedAt": "2020-03-19T13:50:48Z", "content": "Copyright \u00a9 2020 Bennett, Coleman &amp; Co. Ltd. All rights reserved. For reprint rights: Times Syndication Service"}, {"source": {"id": "the-times-of-india", "name": "The Times of India"}, "author": "PTI", "title": "One Indian suffering from coronavirus dies in Iran", "description": "India News: NEW DELHI: The government on Thursday said one Indian who tested positive for coronavirus has died in Iran while the other citizens infected with the .", "url": "https://timesofindia.indiatimes.com/india/one-indian-suffering-from-coronavirus-dies-in-iran/articleshow/74715199.cms", "urlToImage": "https://static.toiimg.com/thumb/msid-74715193,width-1070,height-580,imgsize-44452,resizemode-75,overlay-toi_sw,pt-32,y_pad-40/photo.jpg", "publishedAt": "2020-03-19T13:49:37Z", "content": null}, {"source": {"id": "the-times-of-india", "name": "The Times of India"}, "author": "TNN", "title": "Coronavirus: Russia puts off trilateral with India & China", "description": "Russia has decided to postpone the annual Russia-India-China (RIC) trilateral foreign ministers' meeting because of developments related to novel coronavirus.The meeting was scheduled for next week in Sochi.", "url": "https://timesofindia.indiatimes.com/india/russia-puts-off-trilateral-with-india-china/articleshow/74721330.cms", "urlToImage": "https://static.toiimg.com/thumb/msid-47529300,width-1070,height-580,imgsize-110164,resizemode-75,overlay-toi_sw,pt-32,y_pad-40/photo.jpg", "publishedAt": "2020-03-19T23:21:23Z", "content": null}, {"source": {"id": "the-times-of-india", "name": "The Times of India"}, "author": "PTI", "title": "Coronavirus: Entry of tourist buses banned in Himachal Pradesh", "description": "The Himachal Pradesh government has banned entry of tourist buses in the state to check the spread of COVID-19, chief minister Jai Ram Thakur said on Thursday. He said the decision was taken in view of rising coronavirus cases in neighbouring states.", "url": "https://timesofindia.indiatimes.com/india/coronavirus-entry-of-tourist-buses-banned-in-himachal-pradesh/articleshow/74718018.cms", "urlToImage": "https://static.toiimg.com/thumb/msid-74718095,width-1070,height-580,imgsize-205245,resizemode-75,overlay-toi_sw,pt-32,y_pad-40/photo.jpg", "publishedAt": "2020-03-19T16:44:35Z", "content": null}, {"source": {"id": "the-times-of-india", "name": "The Times of India"}, "author": "TIMESOFINDIA.COM", "title": "PM Modi addresses nation on coronavirus: Full text", "description": "India News: NEW DELHI: Calling for \"resolve and restraint\" to fight coronavirus, Prime Minister Narendra Modi on Thursday asked the entire country to observe 'Jan.", "url": "https://timesofindia.indiatimes.com/india/pm-modi-addresses-nation-on-coronavirus-full-text/articleshow/74718221.cms", "urlToImage": "https://static.toiimg.com/thumb/msid-74718245,width-1070,height-580,imgsize-153632,resizemode-75,overlay-toi_sw,pt-32,y_pad-40/photo.jpg", "publishedAt": "2020-03-19T16:54:33Z", "content": "Copyright \u00a9 2020 Bennett, Coleman &amp; Co. Ltd. All rights reserved. For reprint rights: Times Syndication Service"}, {"source": {"id": "the-times-of-india", "name": "The Times of India"}, "author": "PTI", "title": "Congress demands session be curtailed in view of coronavirus", "description": "Through a Zero Hour mention, BP Bhattacharya said official business papers supplied to members every morning pose a risk to MPs as it is not known who has handled them and if they have been sanitised. The House, he said, should be adjourned without any furthe\u2026", "url": "https://timesofindia.indiatimes.com/india/congress-demands-session-be-curtailed-in-view-of-coronavirus/articleshow/74707778.cms", "urlToImage": "https://static.toiimg.com/thumb/msid-74707879,width-1070,height-580,imgsize-458266,resizemode-75,overlay-toi_sw,pt-32,y_pad-40/photo.jpg", "publishedAt": "2020-03-19T07:49:22Z", "content": "Copyright \u00a9 2020 Bennett, Coleman &amp; Co. Ltd. All rights reserved. For reprint rights: Times Syndication Service"}, {"source": {"id": "the-times-of-india", "name": "The Times of India"}, "author": "PTI", "title": "COVID-19: India reports its fourth coronavirus death; total number of cases climbs to 173", "description": "India reported the death of a COVID-19 patient from Punjab on Thursday taking the toll in the country to four, the Union health ministry said. According to the ministry, the number of novel coronavirus cases in the country has risen to 173.", "url": "https://timesofindia.indiatimes.com/india/covid-19-india-reports-its-fourth-coronavirus-death-total-number-of-cases-climbs-to-169/articleshow/74712734.cms", "urlToImage": "https://static.toiimg.com/thumb/msid-74712752,width-1070,height-580,imgsize-73905,resizemode-75,overlay-toi_sw,pt-32,y_pad-40/photo.jpg", "publishedAt": "2020-03-19T11:42:50Z", "content": "Copyright \u00a9 2020 Bennett, Coleman &amp; Co. Ltd. All rights reserved. For reprint rights: Times Syndication Service"}, {"source": {"id": "the-times-of-india", "name": "The Times of India"}, "author": "PTI", "title": "Coronavirus: Kashmir under virtual lockdown as markets shut, public transport banned in Srinagar", "description": "India News: SRINAGAR: Kashmir was put under virtual lockdown on Thursday as authorities scrambled through the previous night to come up with a strategy to contain.", "url": "https://timesofindia.indiatimes.com/india/coronavirus-kashmir-under-virtual-lockdown-as-markets-shut-public-transport-banned-in-srinagar/articleshow/74714925.cms", "urlToImage": "https://static.toiimg.com/thumb/msid-74714906,width-1070,height-580,imgsize-260307,resizemode-75,overlay-toi_sw,pt-32,y_pad-40/photo.jpg", "publishedAt": "2020-03-19T13:33:43Z", "content": "Copyright \u00a9 2020 Bennett, Coleman &amp; Co. Ltd. All rights reserved. For reprint rights: Times Syndication Service"}, {"source": {"id": "the-times-of-india", "name": "The Times of India"}, "author": "PTI", "title": "Coronavirus: Govt issues SOP for international passenger movement at Delhi airport", "description": "The Union health ministry has issued a standard operating procedure (SOP) for movement of international passengers, returning from coronavirus-affected countries, at the Delhi airport.", "url": "https://timesofindia.indiatimes.com/india/coronavirus-govt-issues-sop-for-international-passenger-movement-at-delhi-airport/articleshow/74714787.cms", "urlToImage": "https://static.toiimg.com/thumb/msid-74714803,width-1070,height-580,imgsize-409884,resizemode-75,overlay-toi_sw,pt-32,y_pad-40/photo.jpg", "publishedAt": "2020-03-19T13:26:12Z", "content": "Copyright \u00a9 2020 Bennett, Coleman &amp; Co. Ltd. All rights reserved. For reprint rights: Times Syndication Service"}, {"source": {"id": "the-times-of-india", "name": "The Times of India"}, "author": "PTI", "title": "Advise senior citizens, children below 10 years to stay indoors in view coronavirus: Health ministry", "description": "India News: NEW DELHI: The health ministry on Thursday advised senior citizens and children below the age of 10 years to stay indoors in view of the spread of cor.", "url": "https://timesofindia.indiatimes.com/india/advise-senior-citizens-children-below-10-years-to-stay-indoors-in-view-coronavirus-health-ministry/articleshow/74713474.cms", "urlToImage": "https://static.toiimg.com/thumb/msid-74713887,width-1070,height-580,imgsize-314745,resizemode-75,overlay-toi_sw,pt-32,y_pad-40/photo.jpg", "publishedAt": "2020-03-19T12:37:01Z", "content": "Copyright \u00a9 2020 Bennett, Coleman &amp; Co. Ltd. All rights reserved. For reprint rights: Times Syndication Service"}, {"source": {"id": "the-times-of-india", "name": "The Times of India"}, "author": "PTI", "title": "Will support every effort of govt in battle against coronavirus: Congress", "description": "The Congress on Thursday said it will support every effort of the government in the battle against the coronavirus. Referring to Prime Minister Narendra Modi's address to the nation on the coronavirus threat, senior Congress leader P Chidambaram said he was d\u2026", "url": "https://timesofindia.indiatimes.com/india/will-support-every-effort-of-govt-in-battle-against-coronavirus-congress/articleshow/74718283.cms", "urlToImage": "https://static.toiimg.com/thumb/msid-47529300,width-1070,height-580,imgsize-110164,resizemode-75,overlay-toi_sw,pt-32,y_pad-40/photo.jpg", "publishedAt": "2020-03-19T16:57:51Z", "content": "Copyright \u00a9 2020 Bennett, Coleman &amp; Co. Ltd. All rights reserved. For reprint rights: Times Syndication Service"}, {"source": {"id": "the-times-of-india", "name": "The Times of India"}, "author": "PTI", "title": "PM Modi calls for resolve, restraint to fight coronavirus; Janata curfew on Sunday", "description": "India News: Calling for \"resolve and restraint\" to fight coronavirus, PM Modi on Thursday asked the entire country to observe 'Janata curfew' on Sunday. In a near", "url": "https://timesofindia.indiatimes.com/india/pm-modi-calls-for-resolve-restraint-to-fight-coronavirus-janata-curfew-on-sunday/articleshow/74717731.cms", "urlToImage": "https://static.toiimg.com/thumb/msid-74717719,width-1070,height-580,imgsize-210900,resizemode-75,overlay-toi_sw,pt-32,y_pad-40/photo.jpg", "publishedAt": "2020-03-19T16:18:22Z", "content": "Copyright \u00a9 2020 Bennett, Coleman &amp; Co. Ltd. All rights reserved. For reprint rights: Times Syndication Service"}, {"source": {"id": "the-times-of-india", "name": "The Times of India"}, "author": "PTI", "title": "Coronavirus: Chidambaram calls for immediate lockdown of all towns, cities for 2-4 weeks", "description": "In a series of tweets, Chidambaram said since ICMR's random sample testing has revealed that there is no community transmission of coronavirus (Stage 3) so far, this is the moment to announce a temporary lockdown and contain the disease at Stage 2.", "url": "https://timesofindia.indiatimes.com/india/coronavirus-chidambaram-calls-for-immediate-lockdown-of-all-towns-cities-for-2-4-weeks/articleshow/74708204.cms", "urlToImage": "https://static.toiimg.com/thumb/msid-74708186,width-1070,height-580,imgsize-141473,resizemode-75,overlay-toi_sw,pt-32,y_pad-40/photo.jpg", "publishedAt": "2020-03-19T08:07:39Z", "content": "Since ICMRs random sample testing has revealed that there is no community transmission (Stage 3) so far, this is t https://t.co/nG1b4QJbjN\r\n\u2014 P. Chidambaram (@PChidambaram_IN) 1584588405000"}, {"source": {"id": "the-times-of-india", "name": "The Times of India"}, "author": "PTI", "title": "Coronavirus in Kerala: One more positive case, state announces Rs 20,000 crore package", "description": "India News: THIRUVANANTHAPURAM: One more person from Kerala has tested positive for coronavirus, taking the total cases to 25, as the LDF government on Thursday a.", "url": "https://timesofindia.indiatimes.com/india/coronavirus-in-kerala-one-more-positive-case-state-announces-rs-20000-crore-package/articleshow/74719291.cms", "urlToImage": "https://static.toiimg.com/thumb/msid-74719281,width-1070,height-580,imgsize-88542,resizemode-75,overlay-toi_sw,pt-32,y_pad-40/photo.jpg", "publishedAt": "2020-03-19T17:59:29Z", "content": "Special Package | #COVID19 20,000 Cr package to fight the pandemic. 2000 Cr in loans thru Kudumbashree https://t.co/UaPJ3xoqIh\r\n\u2014 Pinarayi Vijayan (@vijayanpinarayi) 1584631424000"}, {"source": {"id": "the-times-of-india", "name": "The Times of India"}, "author": "PTI", "title": "Coronavirus: CISF personnel asked to undertake 'minimum touch' approach at airports", "description": "The CISF, that frisks lakhs of passengers at airports everyday, has asked its personnel to adopt a 'minimum touch' approach in view of the COVID-19 outbreak, officials said on Thursday. The CISF personnel have also been asked to maintain a distance of 2.5 cm \u2026", "url": "https://timesofindia.indiatimes.com/india/coronavirus-cisf-personnel-asked-to-undertake-minimum-touch-approach-at-airports/articleshow/74716390.cms", "urlToImage": "https://static.toiimg.com/thumb/msid-74716447,width-1070,height-580,imgsize-218970,resizemode-75,overlay-toi_sw,pt-32,y_pad-40/photo.jpg", "publishedAt": "2020-03-19T15:02:41Z", "content": "Copyright \u00a9 2020 Bennett, Coleman &amp; Co. Ltd. All rights reserved. For reprint rights: Times Syndication Service"}, {"source": {"id": "the-times-of-india", "name": "The Times of India"}, "author": "Times Of India", "title": "Restore 4G net services in J&K to fight coronavirus: Amnesty International", "description": "India News: NEW DELHI: Amnesty International India (AII) on Thursday urged the Centre to immediately restore high-speed 4G internet services in Jammu and Kashmir .", "url": "https://timesofindia.indiatimes.com/india/restore-4g-net-services-in-jk-to-fight-coronavirus-amnesty-international/articleshow/74714373.cms", "urlToImage": "https://static.toiimg.com/thumb/msid-74714344,width-1070,height-580,imgsize-258164,resizemode-75,overlay-toi_sw,pt-32,y_pad-40/photo.jpg", "publishedAt": "2020-03-19T13:02:08Z", "content": "Copyright \u00a9 2020 Bennett, Coleman &amp; Co. Ltd. All rights reserved. For reprint rights: Times Syndication Service"}, {"source": {"id": "the-times-of-india", "name": "The Times of India"}, "author": "PTI", "title": "Coronavirus: Railways cancels 84 more trains; 155 cancelled till Mar 31", "description": "The railways on Thursday cancelled 84 trains, which will not operate between March 20 and March 31, taking the number of trains cancelled in view of low occupancy and coronavirus pandemic to 155. These include IRCTC operated two Tejas Express trains and one H\u2026", "url": "https://timesofindia.indiatimes.com/india/coronavirus-railways-cancels-84-more-trains-155-cancelled-till-mar-31/articleshow/74707636.cms", "urlToImage": "https://static.toiimg.com/thumb/msid-74707625,width-1070,height-580,imgsize-142325,resizemode-75,overlay-toi_sw,pt-32,y_pad-40/photo.jpg", "publishedAt": "2020-03-19T07:34:02Z", "content": "Copyright \u00a9 2020 Bennett, Coleman &amp; Co. Ltd. All rights reserved. For reprint rights: Times Syndication Service"}, {"source": {"id": "the-times-of-india", "name": "The Times of India"}, "author": "ANI", "title": "PIL in SC seeks to remove Shaheen Bagh protesters over coronavirus", "description": "India News: NEW DELHI: A new public interest litigation (PIL) was filed on Thursday in the Supreme Court seeking directions for immediate removal or dispersal of .", "url": "https://timesofindia.indiatimes.com/india/pil-in-sc-seeks-to-remove-shaheen-bagh-protesters-over-coronavirus/articleshow/74707560.cms", "urlToImage": "https://static.toiimg.com/thumb/msid-74707556,width-1070,height-580,imgsize-111970,resizemode-75,overlay-toi_sw,pt-32,y_pad-40/photo.jpg", "publishedAt": "2020-03-19T07:29:55Z", "content": "Copyright \u00a9 2020 Bennett, Coleman &amp; Co. Ltd. All rights reserved. For reprint rights: Times Syndication Service"}, {"source": {"id": "the-times-of-india", "name": "The Times of India"}, "author": "Agencies", "title": "Coronavirus: People should not step out of homes, Maharashtra CM Uddhav Thackeray says", "description": "India News: The chief minister also said that he has spoken to Prime Minister Narendra Modi over the coronavirus situation and he has assured all possible help to", "url": "https://timesofindia.indiatimes.com/india/coronavirus-people-should-not-step-out-of-homes-maharashtra-cm-uddhav-thackeray-says/articleshow/74708370.cms", "urlToImage": "https://static.toiimg.com/thumb/msid-74708416,width-1070,height-580,imgsize-148934,resizemode-75,overlay-toi_sw,pt-32,y_pad-40/photo.jpg", "publishedAt": "2020-03-19T08:15:28Z", "content": "Copyright \u00a9 2020 Bennett, Coleman &amp; Co. Ltd. All rights reserved. For reprint rights: Times Syndication Service"}, {"source": {"id": "the-times-of-india", "name": "The Times of India"}, "author": "PTI", "title": "Will support every effort of govt in battle against coronavirus: Congress", "description": "India News: NEW DELHI: The Congress on Thursday said it will support every effort of the government in the battle against the coronavirus.", "url": "https://timesofindia.indiatimes.com/india/will-support-every-effort-of-govt-in-battle-against-coronavirus-congress/articleshow/74717442.cms", "urlToImage": "https://static.toiimg.com/thumb/msid-74717436,width-1070,height-580,imgsize-224120,resizemode-75,overlay-toi_sw,pt-32,y_pad-40/photo.jpg", "publishedAt": "2020-03-19T15:56:27Z", "content": null}, {"source": {"id": "the-times-of-india", "name": "The Times of India"}, "author": "PTI", "title": "Govt imposes travel restrictions, insists on work from home to control coronavirus spread", "description": "India News: NEW DELHI: Amid rising cases of COVID-19, India on Thursday banned the landing of all international commercial passenger flights from March 22 to 29 w.", "url": "https://timesofindia.indiatimes.com/india/govt-imposes-travel-restrictions-insists-on-work-from-home-to-control-coronavirus-spread/articleshow/74717595.cms", "urlToImage": "https://static.toiimg.com/thumb/msid-74717611,width-1070,height-580,imgsize-76366,resizemode-75,overlay-toi_sw,pt-32,y_pad-40/photo.jpg", "publishedAt": "2020-03-19T16:07:33Z", "content": "Copyright \u00a9 2020 Bennett, Coleman &amp; Co. Ltd. All rights reserved. For reprint rights: Times Syndication Service"}, {"source": {"id": "the-times-of-india", "name": "The Times of India"}, "author": null, "title": "View: Coronavirus lockdown is a $28 billion gig-loan buster", "description": "While many countries in Asia, Africa and Latin America also use microcredit to grease consumption at the bottom of the pyramid, India\u2019s banks and shadow financiers are already reeling under a severe crisis of confidence.", "url": "https://economictimes.indiatimes.com/news/economy/finance/view-coronavirus-lockdown-is-a-28-billion-gig-loan-buster/articleshow/74702518.cms", "urlToImage": "https://img.etimg.com/thumb/msid-74702610,width-1070,height-580,imgsize-61958,overlay-economictimes/photo.jpg", "publishedAt": "2020-03-19T02:44:45Z", "content": "By Andy MukherjeeNo economy is immune to a fast-spreading pathogen. But where activity is organized more formally, authorities can at least try to reach the pain points with liquidity, credit, tax rebates, salary supplements or rental discounts. \r\nNone of thi\u2026 [+4526 chars]"}, {"source": {"id": "the-times-of-india", "name": "The Times of India"}, "author": "Jochelle Mendonca", "title": "Accenture lowers full-year revenue forecast on coronavirus fears", "description": "The New York-listed IT services giant follows a September to August financial year and is the first company to make an earnings announcement since the global pandemic began.", "url": "https://economictimes.indiatimes.com/markets/stocks/earnings/accenture-lowers-full-year-revenue-forecast-on-coronavirus-fears/articleshow/74711540.cms", "urlToImage": "https://img.etimg.com/thumb/msid-74711523,width-1070,height-580,imgsize-537812,overlay-etmarkets/photo.jpg", "publishedAt": "2020-03-19T11:03:52Z", "content": "Bengaluru: Accenture has slashed its FY20 revenue growth expectation, despite strong strong quarter growth, as result of the spreading Covid-19 epidemic, a move that will likely be replicated when Indian IT companies begin to report their results in April\r\nTh\u2026 [+1292 chars]"}, {"source": {"id": "the-times-of-india", "name": "The Times of India"}, "author": "Rachel Chitra", "title": "Coronavirus health cover available but yet to kick in", "description": "The need for insurance against coronavirus will arise where public healthcare is unable to cope or the government refers cases to private hospitals. Until then, testing for the virus, treatment and food are free of cost at government hospitals.", "url": "https://economictimes.indiatimes.com/wealth/insure/health-insurance/coronavirus-health-cover-available-but-yet-to-kick-in/articleshow/74704381.cms", "urlToImage": "https://img.etimg.com/thumb/msid-74704464,width-1070,height-580,imgsize-554380,overlay-etwealth/photo.jpg", "publishedAt": "2020-03-19T05:03:01Z", "content": "BENGALURU: As the number of coronavirus cases in India climbs to about 160, the insurance regulator has said that current health insurance plans in the market are adequate to protect policyholders.\r\nIn an emailed response to TOI, the Insurance Regulatory and \u2026 [+2599 chars]"}, {"source": {"id": "the-times-of-india", "name": "The Times of India"}, "author": "ET Online", "title": "Coronavirus leads to 30% drop in online travel bookings: Razorpay", "description": "Fear of running out of home essentials made grocery make its way into the top 3 sectors with a growth of 9%.", "url": "https://economictimes.indiatimes.com/small-biz/startups/newsbuzz/coronavirus-leads-to-30-drop-in-online-travel-bookings-9-rise-in-grocery-purchase-razorpay/articleshow/74708258.cms", "urlToImage": "https://img.etimg.com/thumb/msid-74707264,width-1070,height-580,imgsize-513047,overlay-etwealth/photo.jpg", "publishedAt": "2020-03-19T07:32:57Z", "content": "BENGALURU: Razorpay on Thursday shared insights about the impact of the Coronavirus (Covid-19) outbreak on digital payments in India. The insights are based on transactions held on the company\u2019s platform between February, 2020 and now.\r\nThe travel advisories \u2026 [+2617 chars]"}, {"source": {"id": "the-times-of-india", "name": "The Times of India"}, "author": "Times Of India", "title": "Trump signs $100 billion coronavirus relief package", "description": "he US President on Wednesday signed a $100-billion emergency aid package that ensures sick leave to Americans workers who fall ill from the new coronavirus. It provides for free coronavirus testing for those who need it, sick pay and paid family leave, and bo\u2026", "url": "https://timesofindia.indiatimes.com/world/us/trump-signs-100-billion-coronavirus-relief-package/articleshow/74702890.cms", "urlToImage": "https://static.toiimg.com/thumb/msid-74702892,width-1070,height-580,imgsize-80232,resizemode-75,overlay-toi_sw,pt-32,y_pad-40/photo.jpg", "publishedAt": "2020-03-19T02:45:35Z", "content": "Copyright \u00a9 2020 Bennett, Coleman &amp; Co. Ltd. All rights reserved. For reprint rights: Times Syndication Service"}, {"source": {"id": "the-times-of-india", "name": "The Times of India"}, "author": "TNN & Agencies", "title": "Indira Varma tests positive for coronavirus", "description": "Hollywood star Indira Varma has revealed that she has tested positive for coronavirus. Her diagnosis comes two days after fellow \u2018Game of Thrones\u2019 actor Kristofer Hivju also said that he tested positive for the COVID-19 infection.", "url": "https://timesofindia.indiatimes.com/entertainment/english/hollywood/news/hollywood-actress-indira-varma-reveals-that-she-has-tested-positive-for-coronavirus/articleshow/74708940.cms", "urlToImage": "https://static.toiimg.com/photo/msid-74708944/74708944.jpg?162578", "publishedAt": "2020-03-19T08:41:22Z", "content": null}, {"source": {"id": "the-times-of-india", "name": "The Times of India"}, "author": "Bloomberg", "title": "India considers easier loan, tax rules to help economy endure coronavirus pain", "description": "Modi\u2019s administration is under pressure to shield the $2.7 trillion economy from the impact of the virus outbreak at a time when expansion is already poised for its weakest pace in more than a decade. Countries, including the U.S., China and Indonesia, have a\u2026", "url": "https://economictimes.indiatimes.com/news/economy/policy/india-considers-easier-loan-tax-rules-to-help-economy-endure-coronavirus-pain/articleshow/74712507.cms", "urlToImage": "https://img.etimg.com/thumb/msid-74706972,width-1070,height-580,imgsize-329023,overlay-etwealth/photo.jpg", "publishedAt": "2020-03-19T07:17:06Z", "content": "By Siddhartha SinghIndia is considering offering easier loan repayment terms and tax breaks for small-and medium-sized companies to help Asia\u2019s third-largest economy weather the onslaught of the coronavirus, a person with knowledge of the matter said.\r\nThe Fi\u2026 [+2247 chars]"}, {"source": {"id": "the-times-of-india", "name": "The Times of India"}, "author": "TNN", "title": "Coronavirus: IndiGo, AI, GoAir announce pay cuts", "description": "Bracing against coronavirus impact, Indian carriers, like their global counterparts have begun cost-cutting measures starting with salary reductions. On Thursday, IndiGO, India\u2019s largest carrier in terms of market share announced across the board cuts in sala\u2026", "url": "https://timesofindia.indiatimes.com/business/india-business/indian-carriers-brace-for-coronavirus-impact-indigo-air-india-goair-announce-salary-cuts/articleshow/74709351.cms", "urlToImage": "https://static.toiimg.com/thumb/msid-74709394,width-1070,height-580,imgsize-156200,resizemode-75,overlay-toi_sw,pt-32,y_pad-40/photo.jpg", "publishedAt": "2020-03-19T09:05:29Z", "content": "Copyright \u00a9 2020 Bennett, Coleman &amp; Co. Ltd. All rights reserved. For reprint rights: Times Syndication Service"}, {"source": {"id": "the-times-of-india", "name": "The Times of India"}, "author": "Brinda Sarkar and Sreeradha D Basu", "title": "Appraisals may be hit by coronavirus outbreak", "description": "As businesses grapple with the impact of Covid-19 and global mobility remains largely suspended, India Inc. employees may see delayed or decreased increments and bonuses during this appraisal season in an already tough economic environment.", "url": "https://economictimes.indiatimes.com/news/company/corporate-trends/appraisals-may-be-hit-by-coronavirus-outbreak/articleshow/74705460.cms", "urlToImage": "https://img.etimg.com/thumb/msid-74705440,width-1070,height-580,imgsize-97760,overlay-economictimes/photo.jpg", "publishedAt": "2020-03-19T06:01:29Z", "content": "Bengaluru | Kolkata: As businesses grapple with the impact of Covid-19 and global mobility remains largely suspended, India Inc. employees may see delayed or decreased increments and bonuses during this appraisal season in an already tough economic environmen\u2026 [+3525 chars]"}, {"source": {"id": "the-times-of-india", "name": "The Times of India"}, "author": "Reuters", "title": "Two members of US Congress test positive for coronavirus", "description": "Two members of the US House of Representatives, Mario Diaz-Balart of Florida and Ben McAdams of Utah, said on Wednesday they had tested positive for the coronavirus, becoming the first members of Congress known to have contracted the respiratory illness.", "url": "https://timesofindia.indiatimes.com/world/us/two-members-of-us-congress-test-positive-for-coronavirus/articleshow/74702269.cms", "urlToImage": "https://static.toiimg.com/thumb/msid-74702261,width-1070,height-580,imgsize-94467,resizemode-75,overlay-toi_sw,pt-32,y_pad-40/photo.jpg", "publishedAt": "2020-03-19T01:47:13Z", "content": "Copyright \u00a9 2020 Bennett, Coleman &amp; Co. Ltd. All rights reserved. For reprint rights: Times Syndication Service"}, {"source": {"id": "the-times-of-india", "name": "The Times of India"}, "author": "PTI", "title": "London headed for tougher lockdown as UK's coronavirus hotspot", "description": "British Prime Minister Boris Johnson insisted on Wednesday that Britain remains a \"land of liberty\" but did not rule out a further crackdown on London, where the virus has been spreading faster than any other part of the country despite government advice to r\u2026", "url": "https://timesofindia.indiatimes.com/world/uk/london-headed-for-tougher-lockdown-as-uks-coronavirus-hotspot/articleshow/74711888.cms", "urlToImage": "https://static.toiimg.com/thumb/msid-74711975,width-1070,height-580,imgsize-43657,resizemode-75,overlay-toi_sw,pt-32,y_pad-40/photo.jpg", "publishedAt": "2020-03-19T11:06:06Z", "content": "Copyright \u00a9 2020 Bennett, Coleman &amp; Co. Ltd. All rights reserved. For reprint rights: Times Syndication Service"}, {"source": {"id": "the-times-of-india", "name": "The Times of India"}, "author": "Reuters", "title": "UK braces for coronavirus shut down as London stations close", "description": "The United Kingdom was bracing on Thursday for the virtual shut down of London as underground train stations across the capital closed and Prime Minister Boris Johnson mulled tougher measures to tackle the coronavirus crisis. \u200b", "url": "https://timesofindia.indiatimes.com/world/uk/uk-braces-for-coronavirus-shut-down-as-london-stations-close/articleshow/74707278.cms", "urlToImage": "https://static.toiimg.com/thumb/msid-74707277,width-1070,height-580,imgsize-132236,resizemode-75,overlay-toi_sw,pt-32,y_pad-40/photo.jpg", "publishedAt": "2020-03-19T07:13:36Z", "content": "Copyright \u00a9 2020 Bennett, Coleman &amp; Co. Ltd. All rights reserved. For reprint rights: Times Syndication Service"}, {"source": {"id": "the-times-of-india", "name": "The Times of India"}, "author": "PTI", "title": "China reports no new domestic coronavirus cases for first time", "description": "China on Thursday said no new domestic cases of the coronavirus were reported for the first time in the country, three months after the deadly virus broke out in Wuhan.", "url": "https://timesofindia.indiatimes.com/world/china/china-reports-no-new-domestic-coronavirus-cases-for-first-time/articleshow/74702688.cms", "urlToImage": "https://static.toiimg.com/thumb/msid-74702727,width-1070,height-580,imgsize-170876,resizemode-75,overlay-toi_sw,pt-32,y_pad-40/photo.jpg", "publishedAt": "2020-03-19T02:32:54Z", "content": "Copyright \u00a9 2020 Bennett, Coleman &amp; Co. Ltd. All rights reserved. For reprint rights: Times Syndication Service"}, {"source": {"id": "the-times-of-india", "name": "The Times of India"}, "author": "TNN", "title": "Coronavirus: Govt set to ban export of face masks, ventilators", "description": "India Business News: The government is set to ban the export of surgical face masks, the textile material that goes into making the masks and covers along with ventilators", "url": "https://timesofindia.indiatimes.com/business/india-business/coronavirus-govt-set-to-ban-export-of-face-masks-ventilators/articleshow/74717085.cms", "urlToImage": "https://static.toiimg.com/thumb/msid-74717079,width-1070,height-580,imgsize-122178,resizemode-75,overlay-toi_sw,pt-32,y_pad-40/photo.jpg", "publishedAt": "2020-03-19T15:35:58Z", "content": "Copyright \u00a9 2020 Bennett, Coleman &amp; Co. Ltd. All rights reserved. For reprint rights: Times Syndication Service"}, {"source": {"id": "the-times-of-india", "name": "The Times of India"}, "author": "PTI", "title": "Coronavirus pandemic to leave behind a global recession: Anand Mahindra", "description": "\"The virus will eventually be conquered, but it will have left behind a global recession. The costs of that are incalculably high at this time. The most fearsome toll will be on small businesses, the self-employed & those whose lives depend on meagre daily wa\u2026", "url": "https://economictimes.indiatimes.com/news/economy/indicators/coronavirus-pandemic-to-leave-behind-a-global-recession-anand-mahindra/articleshow/74717445.cms", "urlToImage": "https://img.etimg.com/thumb/msid-74717462,width-1070,height-580,imgsize-113493,overlay-economictimes/photo.jpg", "publishedAt": "2020-03-19T16:17:37Z", "content": "The coronavirus pandemic will leave behind a global recession with small businesses, self-employed and daily wagers taking the worst hit, Mahindra Group Chairman Anand Mahindra said on Thursday.\r\n\"The virus will eventually be conquered, but it will have left \u2026 [+1312 chars]"}, {"source": {"id": "the-times-of-india", "name": "The Times of India"}, "author": "PTI", "title": "Coronavirus scare: Mumbai's Haji Ali, Mahim Dargahs closed for devotees", "description": "The decision to stop entry at the two shrines till further notice was taken following the Maharashtra government's advice to avoid crowding in public places, said Suhail Khandwani, Managing Trustee of Mahim Dargah and a Trustee of the Haji Ali Dargah.  Earlie\u2026", "url": "https://economictimes.indiatimes.com/news/politics-and-nation/coronavirus-scare-mumbais-haji-ali-mahim-dargahs-closed-for-devotees/articleshow/74712061.cms", "urlToImage": "https://img.etimg.com/thumb/msid-74712143,width-1070,height-580,imgsize-906757,overlay-economictimes/photo.jpg", "publishedAt": "2020-03-19T11:28:07Z", "content": "MUMBAI: No entry will be allowed to devotees at the landmark Haji Ali Dargah (shrine) as well as the popular Mahim Dargah in Mumbai in view of the coronavirus epidemic, it was announced on Thursday.\r\nThe decision to stop entry at the two shrines till further \u2026 [+611 chars]"}, {"source": {"id": "the-times-of-india", "name": "The Times of India"}, "author": "PTI", "title": "Coronavirus: West Bengal mulling release of life convicts on parole", "description": "The West Bengal jail department is mulling releasing life convicts on parole in the wake of the novel coronavirus outbreak.", "url": "https://economictimes.indiatimes.com/news/politics-and-nation/coronavirus-west-bengal-mulling-release-of-life-convicts-on-parole/articleshow/74713315.cms", "urlToImage": "https://img.etimg.com/thumb/msid-74713395,width-1070,height-580,imgsize-140302,overlay-economictimes/photo.jpg", "publishedAt": "2020-03-19T12:32:33Z", "content": "The West Bengal jail department is mulling releasing life convicts on parole in the wake of the novel coronavirus outbreak. According to Additional Director General (ADG), Prisons, Arun Gupta, the department is pondering over the idea that whether life convic\u2026 [+895 chars]"}, {"source": {"id": "the-times-of-india", "name": "The Times of India"}, "author": "PTI", "title": "Woman tests positive for coronavirus in Chhattisgarh, first in state", "description": "\"The woman, who studies in London, had returned home via Mumbai airport on March 15. After she complained of cold and cough, her sample was collected for testing on March 17,\" Medical Superintendent of AIIMS Raipur Dr Karan Peepre said.", "url": "https://economictimes.indiatimes.com/news/politics-and-nation/woman-tests-positive-for-coronavirus-in-chhattisgarh-first-in-state/articleshow/74706606.cms", "urlToImage": "https://img.etimg.com/thumb/msid-74706593,width-1070,height-580,imgsize-337013,overlay-economictimes/photo.jpg", "publishedAt": "2020-03-19T06:59:40Z", "content": "RAIPUR: A 24-year-old woman, who had recently returned to Raipur from London, has tested positive for coronavirus, making her the first confirmed case in Chhattisgarh, health officials said on Thursday.\r\nThe woman and her parents, who reside in the state capi\u2026 [+735 chars]"}, {"source": {"id": "the-times-of-india", "name": "The Times of India"}, "author": "Ami Shah", "title": "Diagnostics firms shine as coronavirus grips nation", "description": "Edelweiss Securities said it prefers diagnostics firms over hospitals in a Covid-19 environment.", "url": "https://economictimes.indiatimes.com/markets/stocks/news/diagnostics-firms-shine-as-coronavirus-grips-nation/articleshow/74706715.cms", "urlToImage": "https://img.etimg.com/thumb/msid-74706701,width-1070,height-580,imgsize-447521,overlay-etmarkets/photo.jpg", "publishedAt": "2020-03-19T07:04:50Z", "content": "Mumbai: Even as the coronavirus pandemic continues to spook investors from Tokyo to New York leading to free fall in the market, there is one sector which is holding on and has posted gains year-to-date\u2014diagnostic firms.\r\nThe key stocks in this sector are Dr \u2026 [+3707 chars]"}, {"source": {"id": "the-times-of-india", "name": "The Times of India"}, "author": "Reuters", "title": "Melania Trump to star in U.S. coronavirus awareness ads", "description": "First lady Melania Trump will urge Americans to wash their hands and keep their distance from one another to fight coronavirus in a new TV ad campaign produced with major U.S. broadcast networks, the White House said on Wednesday.", "url": "https://economictimes.indiatimes.com/industry/services/advertising/melania-trump-to-star-in-u-s-coronavirus-awareness-ads/articleshow/74702538.cms", "urlToImage": "https://img.etimg.com/thumb/msid-74702519,width-1070,height-580,imgsize-838073,overlay-economictimes/photo.jpg", "publishedAt": "2020-03-19T02:35:07Z", "content": "LOS ANGELES: First lady Melania Trump will urge Americans to wash their hands and keep their distance from one another to fight coronavirus in a new TV ad campaign produced with major U.S. broadcast networks, the White House said on Wednesday.\r\nABC, CBS, NBC \u2026 [+1036 chars]"}, {"source": {"id": "the-times-of-india", "name": "The Times of India"}, "author": "PTI", "title": "30 outstation trains cancelled till April 1 amid coronavirus outbreak", "description": "The Central Railway has cancelled 30 more outstation trains till April 1 ,mainly  due to low occupancy, as people have been advised to avoid non-essential travel during the coronavirus pandemic, a Central Railway spokesperson said.", "url": "https://economictimes.indiatimes.com/industry/transportation/railways/coronavirus-30-outstation-trains-cancelled-till-april-1/articleshow/74711287.cms", "urlToImage": "https://img.etimg.com/thumb/msid-74711329,width-1070,height-580,imgsize-715143,overlay-economictimes/photo.jpg", "publishedAt": "2020-03-19T10:55:21Z", "content": "Mumbai: The Central Railway has cancelled 30 more outstation trains till April 1, citing low occupancy due to the coronavirus outbreak, an official said on Thursday.\r\nThese trains are cancelled mainly due to low occupancy, as people have been advised to avoid\u2026 [+459 chars]"}, {"source": {"id": "the-times-of-india", "name": "The Times of India"}, "author": "Mihir Mishra", "title": "Coronavirus outbreak: Air India unveils steps to cut costs", "description": "\u200b\u200bIndia\u2019s national carrier has withdrawn executive entertainment allowance of executive pilots and reduced layover and subsistence allowances of cabin crew. Also, fuel reimbursement of all officers has been cut by 10%, executive director for finance SK Singh \u2026", "url": "https://economictimes.indiatimes.com/industry/transportation/airlines-/-aviation/coronavirus-outbreak-air-india-unveils-steps-to-cut-costs/articleshow/74702685.cms", "urlToImage": "https://img.etimg.com/thumb/msid-74702682,width-1070,height-580,imgsize-487974,overlay-economictimes/photo.jpg", "publishedAt": "2020-03-19T02:46:20Z", "content": "NEW DELHI: Air India on Wednesday announced several cost-cutting measures to ensure it remains afloat, as countries close their borders to international travellers and people cancel travel plans due to the Covid-19 pandemic. \r\nIndia\u2019s national carrier has wit\u2026 [+1010 chars]"}, {"source": {"id": "the-times-of-india", "name": "The Times of India"}, "author": "Sobia Khan", "title": "CREDAI seeks government help to tide over coronavirus crisis", "description": "As per the industry body, the real estate sector contributes to 10% of the national GDP and is the 2nd largest employer in the country. It has asked for interest rate on all real estate project loans to be re-fixed at the repo rate on which banks borrow from \u2026", "url": "https://economictimes.indiatimes.com/industry/services/property-/-cstruction/credai-seeks-government-help-to-tide-over-coronavirus-crisis/articleshow/74710234.cms", "urlToImage": "https://img.etimg.com/thumb/msid-74710229,width-1070,height-580,imgsize-251062,overlay-economictimes/photo.jpg", "publishedAt": "2020-03-19T10:06:15Z", "content": "BENGALURU: The Confederation of Real Estate Developers\u2019 Association of India are seeking special package from the government to deal with the losses arising in the wake of ongoing shutdown against Coronavirus. \r\nAs per the industry body, the real estate secto\u2026 [+1696 chars]"}, {"source": {"id": "the-times-of-india", "name": "The Times of India"}, "author": "PTI", "title": "Coronavirus impact: ArcelorMittal plans to cut production in Europe", "description": "The statement issued by ArcelorMittal did not have any mention of the steel plant in Hazira, India but said at all global operations, the company is following government and WHO's advice and guidelines in order to protect employees and prevent the spread of t\u2026", "url": "https://economictimes.indiatimes.com/industry/indl-goods/svs/steel/coronavirus-impact-arcelormittal-plans-to-cut-production-in-europe/articleshow/74711237.cms", "urlToImage": "https://img.etimg.com/thumb/msid-74711307,width-1070,height-580,imgsize-221868,overlay-economictimes/photo.jpg", "publishedAt": "2020-03-19T10:49:43Z", "content": "NEW DELHI: Global steel major ArcelorMittal on Thursday announced plans of reducing productions in Europe to ensure wellbeing of employees amid the spread of deadly coronavirus in the continent.The outbreak has impacted several European countries in which Arc\u2026 [+1322 chars]"}, {"source": {"id": "the-times-of-india", "name": "The Times of India"}, "author": "ET Bureau", "title": "Coronavirus effect: Arcelormittal to cut steel production in Europe", "description": "At all global operations we are following government and World Health Organisation advice and guidelines in order to protect employees and prevent the spread of infection, the statement added.", "url": "https://economictimes.indiatimes.com/industry/indl-goods/svs/steel/coronavirus-effect-arcelormittal-to-cut-steel-production-in-europe/articleshow/74709064.cms", "urlToImage": "https://img.etimg.com/thumb/msid-74709060,width-1070,height-580,imgsize-672930,overlay-economictimes/photo.jpg", "publishedAt": "2020-03-19T09:07:12Z", "content": "ArcelorMittal, the largest steel company in the world, has said it is taking steps to cut down steel production in its European operations in line with demand, due to the global outbreak of the Coronavirus, the risks associated with it and its impact on the h\u2026 [+1055 chars]"}, {"source": {"id": "the-times-of-india", "name": "The Times of India"}, "author": "PTI", "title": "Air India may cut salaries by 5% amid coronavirus concerns", "description": "Government-owned Air India may cut salary of employees by 5 per cent amid its growing financial woes particularly in the wake of the coronavirus pandemic, which has nearly grounded its entire international operations, sources said.", "url": "https://economictimes.indiatimes.com/industry/transportation/airlines-/-aviation/air-india-may-cut-salaries-by-5-amid-coronavirus-concerns/articleshow/74708732.cms", "urlToImage": "https://img.etimg.com/thumb/msid-74708699,width-1070,height-580,imgsize-851569,overlay-economictimes/photo.jpg", "publishedAt": "2020-03-19T08:51:59Z", "content": "MUMBAI: Government-owned Air India may cut salary of employees by 5 per cent amid its growing financial woes particularly in the wake of the coronavirus pandemic, which has nearly grounded its entire international operations, sources said.\r\nThe reduction will\u2026 [+1823 chars]"}, {"source": {"id": "the-times-of-india", "name": "The Times of India"}, "author": "Agencies", "title": "Rupee slips past 75-mark against US dollar amid coronavirus uncertainty", "description": "he Indian rupee plunged on Thursday and slipped past the 75-mark against US dollar as investors fretted over the sharp rise in coronavirus cases in the country and its impact on the economy.", "url": "https://timesofindia.indiatimes.com/business/india-business/rupee-slips-past-75-mark-against-us-dollar-amid-coronavirus-uncertainty/articleshow/74706550.cms", "urlToImage": "https://static.toiimg.com/thumb/msid-74706557,width-1070,height-580,imgsize-61398,resizemode-75,overlay-toi_sw,pt-32,y_pad-40/photo.jpg", "publishedAt": "2020-03-19T06:37:37Z", "content": "Copyright \u00a9 2020 Bennett, Coleman &amp; Co. Ltd. All rights reserved. For reprint rights: Times Syndication Service"}, {"source": {"id": "the-times-of-india", "name": "The Times of India"}, "author": "Reuters", "title": "Centre mulls up to Rs 12,000 crore rescue plan for aviation sector after coronavirus: Report", "description": "India is planning a rescue package worth as much as $1.6 billion for the aviation sector, which has been battered after the coronavirus outbreak forced countries to close borders and brought air travel to a near-halt, two government sources told Reuters.", "url": "https://timesofindia.indiatimes.com/business/india-business/centre-mulls-up-to-rs-12000-crore-rescue-plan-for-aviation-sector-after-coronavirus-report/articleshow/74706713.cms", "urlToImage": "https://static.toiimg.com/thumb/msid-74706699,width-1070,height-580,imgsize-30918,resizemode-75,overlay-toi_sw,pt-32,y_pad-40/photo.jpg", "publishedAt": "2020-03-19T06:44:46Z", "content": "Copyright \u00a9 2020 Bennett, Coleman &amp; Co. Ltd. All rights reserved. For reprint rights: Times Syndication Service"}, {"source": {"id": "the-times-of-india", "name": "The Times of India"}, "author": "PTI", "title": "Coronavirus outbreak: Odisha churches suspend Sunday mass", "description": "There are 8.97 lakh Christians in Odisha, comprising around 2.44 per cent of the state's population as per the 2011 Census. Major churches in the state generally witness an average turnout of around 500 people during Sunday mass, sources said. Notably, one po\u2026", "url": "https://economictimes.indiatimes.com/news/politics-and-nation/coronavirus-outbreak-odisha-churches-suspend-sunday-mass/articleshow/74711330.cms", "urlToImage": "https://img.etimg.com/thumb/msid-74711359,width-1070,height-580,imgsize-190980,overlay-economictimes/photo.jpg", "publishedAt": "2020-03-19T10:57:30Z", "content": "BHUBANESWAR: Churches in Odisha have decided to suspend Sunday mass till March 31 as a precautionary measure to prevent the spread of novel coronavirus outbreak.\r\nThe Odia Baptist Church in Cuttack, one of the largest in the state, and the Church of Christ in\u2026 [+1106 chars]"}, {"source": {"id": "the-times-of-india", "name": "The Times of India"}, "author": "PTI", "title": "Coronavirus: SSC postpones key recruitment exams", "description": "\"As a precautionary measure, in view of the emergent situation due to COVID-19, it has been decided by the Commission, in the larger public interest, to postpone the ongoing Combined Higher Secondary (10+2) Level Examination (Tier-I), 2O19 with effect from Ma\u2026", "url": "https://economictimes.indiatimes.com/news/politics-and-nation/coronavirus-ssc-postpones-key-recruitment-exams/articleshow/74714600.cms", "urlToImage": "https://img.etimg.com/thumb/msid-74714592,width-1070,height-580,imgsize-172192,overlay-economictimes/photo.jpg", "publishedAt": "2020-03-19T13:33:19Z", "content": "NEW DELHI: The Staff Selection Commission (SSC) on Thursday postponed its key recruitment examinations as a preventive measure to check the spread of novel coronavirus.\r\n\"As a precautionary measure, in view of the emergent situation due to COVID-19, it has be\u2026 [+600 chars]"}, {"source": {"id": "the-times-of-india", "name": "The Times of India"}, "author": "PTI", "title": "Checking coronavirus: Centre orders work from home, staggered working hours for its staff", "description": "The Heads of Department (HoDs) may ensure that 50 per cent of Group B and C employees are required to attend office every day and the remaining 50 per cent staff should be instructed to work from home, a Personnel Ministry order said.  Further, the working ho\u2026", "url": "https://economictimes.indiatimes.com/news/economy/policy/checking-coronavirus-centre-orders-work-from-home-staggered-working-hours-for-its-staff/articleshow/74710402.cms", "urlToImage": "https://img.etimg.com/thumb/msid-74710677,width-1070,height-580,imgsize-181447,overlay-economictimes/photo.jpg", "publishedAt": "2020-03-19T10:13:51Z", "content": "The Centre on Thursday decided to allow 50 per cent of its employees to work from home and the remaining to attend office every day besides implementing different time slots for working hours, in its effort to further check the spread of coronavirus. The Head\u2026 [+873 chars]"}, {"source": {"id": "the-times-of-india", "name": "The Times of India"}, "author": "PTI", "title": "About 25 million jobs could be lost worldwide due to coronavirus: United Nations", "description": "In its preliminary assessment report titled \"COVID-19 and world of work: Impacts and responses\", the International Labour Organization (ILO) calls for urgent, large-scale and coordinated measures across three pillars - protecting workers in the workplace, sti\u2026", "url": "https://economictimes.indiatimes.com/news/international/world-news/about-25-million-jobs-could-be-lost-worldwide-due-to-coronavirus-united-nations/articleshow/74705919.cms", "urlToImage": "https://img.etimg.com/thumb/msid-74705946,width-1070,height-580,imgsize-95325,overlay-economictimes/photo.jpg", "publishedAt": "2020-03-19T06:23:14Z", "content": "UNITED NATIONS: Nearly 25 million jobs could be lost worldwide due to the coronavirus pandemic, but an internationally coordinated policy response can help lower the impact on global unemployment, according to a UN agency.\r\nIn its preliminary assessment repor\u2026 [+4130 chars]"}, {"source": {"id": "the-times-of-india", "name": "The Times of India"}, "author": "PTI", "title": "Gujarat reports first coronavirus cases; two infected", "description": "For the first time, two positive cases of the novel coronavirus, one of them a woman, were detected in Gujarat, said officials on Thursday as it joined a growing list of states affected by the infection.", "url": "https://economictimes.indiatimes.com/news/politics-and-nation/gujarat-reports-first-coronavirus-cases-two-infected/articleshow/74717532.cms", "urlToImage": "https://img.etimg.com/thumb/msid-74717692,width-1070,height-580,imgsize-846674,overlay-economictimes/photo.jpg", "publishedAt": "2020-03-19T16:22:16Z", "content": "Ahmedabad: For the first time, two positive cases of the novel coronavirus, one of them a woman, were detected in Gujarat, said officials on Thursday as it joined a growing list of states affected by the infection. \r\nWhile one of the infected patients is from\u2026 [+2119 chars]"}, {"source": {"id": "the-times-of-india", "name": "The Times of India"}, "author": "PTI", "title": "All shops in Jammu, Udhampur districts shut till further orders amid Coronavirus scare", "description": "Meanwhile, almost all the main temples including Raghunath Mandir in Jammu were closed as a precautionary measure in view of the threat posed by novel coronavirus. The government has suspended pilgrimage to the famous Vaishno Devi Shrine on Wednesday besides \u2026", "url": "https://economictimes.indiatimes.com/news/politics-and-nation/all-shops-in-jammu-udhampur-districts-shut-till-further-orders-amid-coronavirus-scare/articleshow/74713295.cms", "urlToImage": "https://img.etimg.com/thumb/msid-74713327,width-1070,height-580,imgsize-154488,overlay-economictimes/photo.jpg", "publishedAt": "2020-03-19T12:29:30Z", "content": "JAMMU: In another step to check the spread of coronavirus, authorities in Jammu and Udhampur districts of Jammu and Kashmir on Thursday ordered closure of all shops, except those dealing with essential commodities like medicines and groceries, till further or\u2026 [+1432 chars]"}, {"source": {"id": "the-times-of-india", "name": "The Times of India"}, "author": "PTI", "title": "China reports no new domestic coronavirus cases for first time: National Health Commission", "description": "China's National Health Commission (NHC) in its daily report said that no new domestically transmitted cases of the novel coronavirus disease were reported on the Chinese mainland on Wednesday.", "url": "https://economictimes.indiatimes.com/news/international/world-news/china-reports-no-new-domestic-coronavirus-cases-for-first-time-national-health-commission/articleshow/74703935.cms", "urlToImage": "https://img.etimg.com/thumb/msid-74704077,width-1070,height-580,imgsize-610492,overlay-economictimes/photo.jpg", "publishedAt": "2020-03-19T04:39:44Z", "content": "BEIJING: For the first time after the deadly coronavirus broke out about three months ago in Wuhan, China on Thursday said that no new domestic cases of the COVID-19 were confirmed, including in the virus' epicentre, even as eight more fatalities have been re\u2026 [+2076 chars]"}, {"source": {"id": "the-times-of-india", "name": "The Times of India"}, "author": "Indiatimes", "title": "First Human Trial Of Coronavirus Vaccine!", "description": "Good news! Clinical trials to test for a potential COVID-19 vaccine have kickstarted in the U.S.", "url": "https://www.indiatimes.com/videos/human-interest/first-human-trial-of-coronavirus-vaccine-508756.html", "urlToImage": "https://im.indiatimes.in/content/2020/Mar/2949C6A1-389F-4EA7-9647-11D8D3AE25E3_5e7312536b1ec.jpg", "publishedAt": "2020-03-19T06:15:16Z", "content": "Copyright \u00a9 2020 Times Internet Limited. Powered by Indiatimes Lifestyle Network. All rights reserved"}, {"source": {"id": "the-times-of-india", "name": "The Times of India"}, "author": "AFP", "title": "Merkel calls coronavirus 'biggest challenge since WWII'", "description": "Germany is facing its biggest challenge \"since the Second World War\" in the fight against the coronavirus, Chancellor Angela Merkel said Wednesday, in what observers called a \"final warning\" for citizens to heed sweeping confinement measures.", "url": "https://economictimes.indiatimes.com/news/international/world-news/merkel-calls-coronavirus-biggest-challenge-since-wwii/articleshow/74702583.cms", "urlToImage": "https://img.etimg.com/thumb/msid-74702575,width-1070,height-580,imgsize-635177,overlay-economictimes/photo.jpg", "publishedAt": "2020-03-19T02:38:51Z", "content": "BERLIN: Germany is facing its biggest challenge \"since the Second World War\" in the fight against the coronavirus, Chancellor Angela Merkel said Wednesday, in what observers called a \"final warning\" for citizens to heed sweeping confinement measures.\r\nIn a dr\u2026 [+3896 chars]"}, {"source": {"id": "the-times-of-india", "name": "The Times of India"}, "author": null, "title": "Coronavirus outbreak: How safe is your food", "description": "With the outbreak of the COVID19, strict instructions of staying quarantined have been passed in most countries around the world. The toll of confirmed cases is rising every minute in affected countries and at this rate, it can also go out of control if prope\u2026", "url": "https://timesofindia.indiatimes.com/life-style/food-news/coronavirus-outbreak-how-safe-is-your-food/photostory/74711473.cms", "urlToImage": "https://static.toiimg.com/photo/74711574.cms", "publishedAt": "2020-03-19T15:10:00Z", "content": "So, unless someone who has been infected by the virus, sneezes, exhales or has any form of droplet transmission through food or otherwise within one-metre distance, both you and your food are safe. Droplet transmission can also take place by sharing the infec\u2026 [+307 chars]"}, {"source": {"id": "the-times-of-india", "name": "The Times of India"}, "author": "Vivek Krishnan", "title": "Coronavirus pandemic: Who gains, who loses", "description": "The sporting world has been brought to a standstill in recent days owing to the Covid-19 outbreak. With no imminent solution in sight to the health crisis, there are wide-ranging ramifications in store for sportspersons and events across the world.", "url": "https://timesofindia.indiatimes.com/sports/more-sports/others/coronavirus-pandemic-who-gains-who-loses/articleshow/74703150.cms", "urlToImage": "https://static.toiimg.com/thumb/msid-74703291,width-1070,height-580,imgsize-1219331,resizemode-75,overlay-toi_sw,pt-32,y_pad-40/photo.jpg", "publishedAt": "2020-03-19T03:16:11Z", "content": null}, {"source": {"id": "the-times-of-india", "name": "The Times of India"}, "author": "ET Online", "title": "Coronavirus: Worst-hit Maharashtra set to welcome 26,000 Gulf returnees", "description": "The BMC\u2019s estimate of 26,000 comes from arrivals at the city\u2019s airport and information about travellers obtained from the Centre; 23 flights come to Mumbai from these countries every day.", "url": "https://economictimes.indiatimes.com/news/politics-and-nation/coronavirus-worst-hit-maharashtra-set-to-welcome-26000-gulf-returnees/articleshow/74706096.cms", "urlToImage": "https://img.etimg.com/thumb/msid-74706116,width-1070,height-580,imgsize-702325,overlay-economictimes/photo.jpg", "publishedAt": "2020-03-19T06:33:53Z", "content": "As the number of coronavirus positive cases in India rose to 166, Mumbai has been preparing to welcome around 26,000 Indians who are expected to land in the city between Thursday and March 31 from Gulf nations such as the UAE, Kuwait, Qatar and Oman.\r\nMaharas\u2026 [+1779 chars]"}, {"source": {"id": "the-times-of-india", "name": "The Times of India"}, "author": "PTI", "title": "Three Maharashtra labs testing coronavirus samples from other states too", "description": "Of these three facilities, the Pune-based National Institute of Virology (NIV) is a global referral laboratory, which gets samples even from SAARC countries for confirmation of various types of infections, including coronavirus, a senior official said on Thur\u2026", "url": "https://economictimes.indiatimes.com/news/politics-and-nation/three-maharashtra-labs-testing-coronavirus-samples-from-other-states-too/articleshow/74711683.cms", "urlToImage": "https://img.etimg.com/thumb/msid-74711666,width-1070,height-580,imgsize-559235,overlay-economictimes/photo.jpg", "publishedAt": "2020-03-19T11:11:08Z", "content": "Mumbai | Pune: Three laboratories in Maharashtra, which are currently burdened with the task of testing samples of suspected novel coronavirus patients, are analysing samples not only from the state, but also from the neighbouring regions.\r\nOf these three fac\u2026 [+1548 chars]"}, {"source": {"id": "the-times-of-india", "name": "The Times of India"}, "author": "PTI", "title": "PM-proposed SAARC emergency fund to combat coronavirus operationalised: MEA", "description": "The SAARC nations vowed on Sunday to jointly combat the coronavirus as Modi proposed an emergency fund with an initial offer of USD 10 million from India. Prime minister Modi made a series of suggestions that were hailed by the South Asian Association for Reg\u2026", "url": "https://economictimes.indiatimes.com/news/politics-and-nation/pm-proposed-saarc-emergency-fund-to-combat-coronavirus-operationalised-mea/articleshow/74715705.cms", "urlToImage": "https://img.etimg.com/thumb/msid-74715700,width-1070,height-580,imgsize-606415,overlay-economictimes/photo.jpg", "publishedAt": "2020-03-19T14:40:21Z", "content": "New Delhi: The Ministry of External Affairs (MEA) on Thursday said \"very fast\" movement was being made on Prime Minister Narendra Modi's proposals put forward during a SAARC nations' video-conference on coronavirus, with the emergency fund to combat the pande\u2026 [+930 chars]"}, {"source": {"id": "the-times-of-india", "name": "The Times of India"}, "author": "ET Online", "title": "Delhi shuts all restaurants, bans gatherings of 20 or more people in efforts to curb spread of coronavirus", "description": "The announcement comes shortly after the Centre sealed all borders - prohibiting all overseas flights from entry into the country, and advised citizens above 65 and below 10 to stay at home.", "url": "https://economictimes.indiatimes.com/news/politics-and-nation/covid-19-delhi-shuts-all-restaurants-bans-gatherings-of-20-or-more-people/articleshow/74713406.cms", "urlToImage": "https://img.etimg.com/thumb/msid-74713378,width-1070,height-580,imgsize-80538,overlay-economictimes/photo.jpg", "publishedAt": "2020-03-19T12:33:51Z", "content": "NEW DELHI: Delhi Chief Minister Arvind Kejriwal has decided to close all restaurants in Delhi till March 31. Eating out at restaurants will be prohibited but take away services and food delivery will continue.\r\nHe also banned gatherings of 20 or more people a\u2026 [+890 chars]"}, {"source": {"id": "the-times-of-india", "name": "The Times of India"}, "author": "ET Bureau", "title": "Jobs in times of coronavirus", "description": "For now, most employers are holding off, with many seeking govt intervention.", "url": "https://economictimes.indiatimes.com/jobs/jobs-in-times-of-coronavirus/articleshow/74702197.cms", "urlToImage": "https://img.etimg.com/thumb/msid-74702196,width-1070,height-580,imgsize-240232,overlay-economictimes/photo.jpg", "publishedAt": "2020-03-19T01:55:25Z", "content": "If the crisis continues, many sectors could see huge job losses. \r\nFor now, most employers are holding off, with many seeking govt intervention. \r\nET reporters spoke to industry experts for a sector-by-sector lowdown."}, {"source": {"id": "the-times-of-india", "name": "The Times of India"}, "author": "Faizan Haidar", "title": "Malls operators may offer relief to tenants due to impact of coronavirus on business", "description": "Authorities in the NCR have ordered closure of cinema halls including multiplexes, a major draw for customers at malls, till March 31. With residents not coming out to crowded places also because of the coronavirus scare, most of the malls are witnessing a sh\u2026", "url": "https://economictimes.indiatimes.com/industry/services/property-/-cstruction/malls-operators-may-offer-relief-to-tenants-due-to-impact-of-coronavirus-on-business/articleshow/74704523.cms", "urlToImage": "https://img.etimg.com/thumb/msid-74704653,width-1070,height-580,imgsize-839311,overlay-economictimes/photo.jpg", "publishedAt": "2020-03-19T05:21:56Z", "content": "New Delhi: Mall operators in the National Capital Region have started reviewing the impact of the Covid-19 outbreak and might offer some relief to their tenants.\r\nThey are discussing possible scenarios since the relationship with the retailers is long term an\u2026 [+3495 chars]"}, {"source": {"id": "the-times-of-india", "name": "The Times of India"}, "author": "Reuters", "title": "India mulls up to $1.6 billion rescue plan for aviation sector after coronavirus", "description": "Proposal includes temporary suspension of most taxes levied on the sector.", "url": "https://economictimes.indiatimes.com/industry/transportation/airlines-/-aviation/india-mulls-up-to-1-6-billion-rescue-plan-for-aviation-sector-after-coronavirus/articleshow/74702715.cms", "urlToImage": "https://img.etimg.com/thumb/msid-74702729,width-1070,height-580,imgsize-425341,overlay-economictimes/photo.jpg", "publishedAt": "2020-03-19T02:48:41Z", "content": "NEW DELHI: India is planning a rescue package worth as much as $1.6 billion for the aviation sector, which has been battered after the coronavirus outbreak forced countries to close borders and brought air travel to a near-halt, two government sources told Re\u2026 [+2265 chars]"}, {"source": {"id": "the-times-of-india", "name": "The Times of India"}, "author": "ET Bureau", "title": "Coronavirus vaccine within a year but it won't be 100% effective", "description": "The vaccine for Covid-19 should not be seen as a cure, says Adar Poonawalla, the chief executive officer of Serum Institute of India (SII), which has been at the forefront of developing the vaccine.", "url": "https://economictimes.indiatimes.com/industry/healthcare/biotech/healthcare/coronavirus-vaccine-within-a-year-but-it-wont-be-100-effective/articleshow/74704452.cms", "urlToImage": "https://img.etimg.com/thumb/msid-74704487,width-1070,height-580,imgsize-359739,overlay-economictimes/photo.jpg", "publishedAt": "2020-03-19T05:12:01Z", "content": "A vaccine for the Covid-19 pandemic is expected within one year although it will not be 100% effective, said Adar Poonawalla, the chief executive officer of Serum Institute of India (SII), which has been at the forefront of developing the vaccine.\r\n\u201cWe need t\u2026 [+1898 chars]"}, {"source": {"id": "the-times-of-india", "name": "The Times of India"}, "author": "PTI", "title": "Coronavirus: Bank of Baroda waives digital transaction charges for three months", "description": "This assumes significance at a time when people across the globe are resorting to social distancing, have adopted to work from home and minimised non-discretionary activities amid the coronavirus outbreak. The bank has rolled out a range of digital products s\u2026", "url": "https://economictimes.indiatimes.com/industry/banking/finance/banking/coronavirus-bank-of-baroda-waives-digital-transaction-charges-for-three-months/articleshow/74717182.cms", "urlToImage": "https://img.etimg.com/thumb/msid-74717211,width-1070,height-580,imgsize-146942,overlay-economictimes/photo.jpg", "publishedAt": "2020-03-19T16:00:58Z", "content": "New Delhi: Bank of Baroda on Thursday said it will not levy any charges on digital transactions for the next three months in the wake of the coronavirus pandemic. Bank of Baroda announces zero charges on digital transactions for three months, to provide enhan\u2026 [+1147 chars]"}]}