{"status": "ok", "totalResults": 110, "articles": [{"source": {"id": "the-times-of-india", "name": "The Times of India"}, "author": null, "title": "Coronavirus live: US bans travel from Europe", "description": "India on Wednesday evening decided to virtually quarantine itself from the rest of the world, suspending all visas, except those issued for diplomatic, official, UN-international organisations, employment and projects till April 15. US too has banned travel f\u2026", "url": "http://timesofindia.indiatimes.com/india/coronavirus-outbreak-live-updates-12-march-2020/articleshow/74584889.cms", "urlToImage": null, "publishedAt": "2020-03-11T19:36:46Z", "content": null}, {"source": {"id": "the-times-of-india", "name": "The Times of India"}, "author": "PTI", "title": "Total coronavirus cases in India reach 60", "description": "The number of confirmed cases of novel coronavirus in the country has risen to 60, with two fresh positive cases \u2014 one each from Delhi and Rajasthan \u2014 being reported, the health ministry said on Wednesday. The figure includes five positive cases reported in D\u2026", "url": "https://timesofindia.indiatimes.com/india/total-confirmed-coronavirus-cases-in-india-reach-60-one-fresh-case-each-from-delhi-rajasthan/articleshow/74573663.cms", "urlToImage": "https://static.toiimg.com/thumb/msid-74573693,width-1070,height-580,imgsize-389187,resizemode-75,overlay-toi_sw,pt-32,y_pad-40/photo.jpg", "publishedAt": "2020-03-11T08:09:49Z", "content": "Copyright \u00a9 2020 Bennett, Coleman &amp; Co. Ltd. All rights reserved. For reprint rights: Times Syndication Service"}, {"source": {"id": "the-times-of-india", "name": "The Times of India"}, "author": "PTI", "title": "10 coronavirus positive cases in Maha: Uddhav", "description": "MUMBAI: Two persons from Mumbai on Wednesday tested positive for coronavirus, taking the number of such cases in Maharashtra to 10, Chief Minister Udd.", "url": "https://timesofindia.indiatimes.com/city/mumbai/10-coronavirus-positive-cases-in-maharashtra-uddhav-thackeray/articleshow/74581445.cms", "urlToImage": "https://static.toiimg.com/thumb/msid-74581437,width-1070,height-580,imgsize-105742,resizemode-75,overlay-toi_sw,pt-32,y_pad-40/photo.jpg", "publishedAt": "2020-03-11T15:44:20Z", "content": "Copyright \u00a9 2020 Bennett, Coleman &amp; Co. Ltd. All rights reserved. For reprint rights: Times Syndication Service"}, {"source": {"id": "the-times-of-india", "name": "The Times of India"}, "author": null, "title": "What we can do to flatten the coronavirus curve", "description": "India News: As Covid-19 spreads across the world,  health experts explain why it is critical to  'flatten the coronavirus curve'", "url": "https://timesofindia.indiatimes.com/india/what-we-can-do-to-flatten-the-coronavirus-curve/articleshow/74574441.cms", "urlToImage": "https://static.toiimg.com/thumb/msid-74574441,width-1070,height-580,imgsize-1,resizemode-6,overlay-toi_sw,pt-32,y_pad-40/photo.jpg", "publishedAt": "2020-03-11T09:45:30Z", "content": "IndiaIn India, girls comprise 50% of science and 30% of engineering students, among the highest in the world. But at the workplace, the numbers drop dramatically. Steps are now being taken to address this decline\r\nSwati Rathor, Arpita Misra, Shilpa Phadnis, A\u2026 [+31 chars]"}, {"source": {"id": "the-times-of-india", "name": "The Times of India"}, "author": "Kirtika Suneja", "title": "Coronavirus: Meat, rice, pharma exporters worried", "description": "Commerce minister Piyush Goyal will discuss the issues related to this with export promotion councils and industry chambers and associations on Thursday to assess the global disruption in supply chains and impact on India.  The pharma, solar and electronic se\u2026", "url": "https://economictimes.indiatimes.com/news/economy/indicators/coronavirus-meat-rice-pharma-exporters-worried/articleshow/74583623.cms", "urlToImage": "https://img.etimg.com/thumb/msid-74583625,width-1070,height-580,imgsize-574805,overlay-economictimes/photo.jpg", "publishedAt": "2020-03-11T18:06:50Z", "content": "New Delhi: A 12-15 per cent decline in meat exports, falling global demand for rice, restrictions on outbound shipments of medicines and a shortage of raw material for the pharmaceutical, solar and electronic industries are issues that exporters are grappling\u2026 [+1340 chars]"}, {"source": {"id": "the-times-of-india", "name": "The Times of India"}, "author": "ETMarkets.com", "title": "Gold, silver gain as coronavirus cases mount", "description": "Gold rate on Monday traded marginally up by Rs 22 to Rs 45,063 per 10 gram in the national capital amid concerns of global economic slowdown.", "url": "https://economictimes.indiatimes.com/markets/commodities/news/gold-silver-gain-as-coronavirus-cases-mount/articleshow/74569738.cms", "urlToImage": "https://img.etimg.com/thumb/msid-74569736,width-1070,height-580,imgsize-273341,overlay-etmarkets/photo.jpg", "publishedAt": "2020-03-11T04:10:31Z", "content": "Bullion counters gained in the opening trade on Wednesday as coronavirus continued to infect people unabated across the world.\r\nThe total number of infected cases in mainland China rose to 80,778 as of Tuesday, while more than 116,000 people have been infecte\u2026 [+1133 chars]"}, {"source": {"id": "the-times-of-india", "name": "The Times of India"}, "author": "Reuters", "title": "WHO declares coronavirus outbreak as pandemic", "description": "WHO declares coronavirus outbreak as pandemic\"Deeply concerned by the alarming levels of spread. COVID-19 can be characterised as a pandemic,\" WHO said.", "url": "https://economictimes.indiatimes.com/news/international/world-news/world-health-organization-describes-coronavirus-outbreak-as-pandemic/articleshow/74582319.cms", "urlToImage": "https://img.etimg.com/thumb/msid-74582333,width-1070,height-580,imgsize-559235,overlay-economictimes/photo.jpg", "publishedAt": "2020-03-11T16:46:38Z", "content": null}, {"source": {"id": "the-times-of-india", "name": "The Times of India"}, "author": "TNN", "title": "India quarantines itself from world for a month to fight coronavirus", "description": "India on Wednesday evening decided to virtually quarantine itself from the rest of the world, suspending all visas, except those issued for diplomatic, official, UN-international organisations, employment and projects till April 15. The decision aims to prote\u2026", "url": "https://timesofindia.indiatimes.com/india/india-quarantines-itself-from-world-for-a-month-to-fight-coronavirus/articleshow/74584811.cms", "urlToImage": "https://static.toiimg.com/thumb/msid-74584997,width-1070,height-580,imgsize-81442,resizemode-75,overlay-toi_sw,pt-32,y_pad-40/photo.jpg", "publishedAt": "2020-03-11T19:27:56Z", "content": "Copyright \u00a9 2020 Bennett, Coleman &amp; Co. Ltd. All rights reserved. For reprint rights: Times Syndication Service"}, {"source": {"id": "the-times-of-india", "name": "The Times of India"}, "author": "ET Now", "title": "Where to invest in times of Coronavirus scare", "description": "Where to invest in times of Coronavirus scareEven if we say that these are great times to invest and we are aware that stocks are available at attractive valuations, there is not much domestic capital in the hands of HNIs to invest, says Elixir Equities\u2019 Foun\u2026", "url": "https://economictimes.indiatimes.com/markets/expert-view/go-for-specialty-chemicals-pharma-auto-ancillary-and-manufacturing-exporters-dipan-mehta/articleshow/74570369.cms", "urlToImage": "https://img.etimg.com/thumb/msid-74570370,width-1070,height-580,imgsize-231034,overlay-etmarkets/photo.jpg", "publishedAt": "2020-03-11T05:06:44Z", "content": "The global markets are highly volatile. What does one do right now? Just fold your hands and watch where the screen finally settles down?Just fold your hands because in times like this we need to pray harder.\r\nWhy do we pray only in bad times?We just express \u2026 [+15874 chars]"}, {"source": {"id": "the-times-of-india", "name": "The Times of India"}, "author": "PTI", "title": "Coronavirus: 85-yr-old man tests positive in Jaipur", "description": "Coronavirus: 85-yr-old man tests positive in JaipurHe was found presumptive positive in the first test on Tuesday and hence, a second test was conducted with fresh samples, the reports of which arrived late Tuesday night, Additional Chief Secretary, Medical a\u2026", "url": "https://economictimes.indiatimes.com/news/politics-and-nation/coronavirus-85-yr-old-man-tests-positive-in-jaipur/articleshow/74569512.cms", "urlToImage": "https://img.etimg.com/thumb/msid-74569520,width-1070,height-580,imgsize-186873,overlay-economictimes/photo.jpg", "publishedAt": "2020-03-11T03:50:30Z", "content": "JAIPUR: A 85-year-old man in Jaipur, who had returned from Dubai on February 28, has tested positive for coronavirus, a state government official said on Wednesday.\r\nHe was found presumptive positive in the first test on Tuesday and hence, a second test was c\u2026 [+1082 chars]"}, {"source": {"id": "the-times-of-india", "name": "The Times of India"}, "author": "AFP", "title": "Dow surges 4.9% on hopes for Coronavirus aid", "description": "Dow surges 4.9% on hopes for Coronavirus aidWall Street endured another day of dizzying trading Tuesday, whipping up and down with hopes that the U.S. and other governments will cushion the economy from the pain of the coronavirus.", "url": "https://economictimes.indiatimes.com/markets/stocks/news/dow-jones-surges-4-9-in-another-wild-day-on-hopes-for-coronavirus-aid/articleshow/74568225.cms", "urlToImage": "https://img.etimg.com/thumb/msid-74568215,width-1070,height-580,imgsize-168544,overlay-etmarkets/photo.jpg", "publishedAt": "2020-03-11T00:47:24Z", "content": "Wall Street stocks finished a topsy-turvy session sharply higher Tuesday in anticipation of US stimulus measures as oil prices bounced.\r\nA day after suffering its worst decline in more than 11 years, the Dow Jones Industrial Average piled on more than 1,150 p\u2026 [+1947 chars]"}, {"source": {"id": "the-times-of-india", "name": "The Times of India"}, "author": "Akshatha Machina", "title": "Coronavirus could hit Indian IT where it hurts the most", "description": "Coronavirus could hit Indian IT where it hurts the most\u200b\u200bThe move could trigger business disruption for Bengaluru\u2019s IT companies that generate over a third of India\u2019s software exports of $ 147 billion. Analysts are of the view that Karnataka\u2019s directive is in\u2026", "url": "https://economictimes.indiatimes.com/tech/ites/covid-19-impact-karnataka-may-curb-it-staffs-foreign-travel/articleshow/74568420.cms", "urlToImage": "https://img.etimg.com/thumb/msid-74568425,width-1070,height-580,imgsize-83573,overlay-economictimes/photo.jpg", "publishedAt": "2020-03-11T02:04:03Z", "content": "BENGALURU: Karnataka\u2019s health minister said he will ask technology companies to stop sending employees on overseas assignments, unless it is an emergency, as the state capital recorded three new cases of the Covid-19 infection on Tuesday. \r\nThe move could tri\u2026 [+3895 chars]"}, {"source": {"id": "the-times-of-india", "name": "The Times of India"}, "author": "PTI", "title": "Coronavirus outbreak in China may affect Indian industries: Goyal", "description": "Commerce and Industry Minister Piyush Goyal said that the closure of factories in China may affect Indian industries, which import components, intermediaries and raw materials from China. The outbreak has led to restrictions on movement of people and business\u2026", "url": "https://economictimes.indiatimes.com/news/economy/policy/coronavirus-outbreak-in-china-may-affect-indian-industries-goyal/articleshow/74575299.cms", "urlToImage": "https://img.etimg.com/thumb/msid-74575366,width-1070,height-580,imgsize-488590,overlay-economictimes/photo.jpg", "publishedAt": "2020-03-11T09:44:58Z", "content": "New Delhi: The shutdown of factories in China due to the coronavirus outbreak may affect Indian industries like pharmaceutical, electronics and automobile which import components and raw materials from the neighbouring country, Parliament was informed on Wedn\u2026 [+1786 chars]"}, {"source": {"id": "the-times-of-india", "name": "The Times of India"}, "author": "Economic Times", "title": "Coronavirus LIVE: S. Korea reports 242 new cases", "description": "Coronavirus LIVE: S. Korea reports 242 new casesThat brings the total number of confirmed cases in South Korea so far to 7,755.", "url": "https://economictimes.indiatimes.com/news/politics-and-nation/coronavirus-cases-in-india-live-news-latest-updates-march11/liveblog/74568302.cms", "urlToImage": "https://img.etimg.com/thumb/msid-74568302,width-600,resizemode-4,imglength-859571/news/politics-and-nation/coronavirus-cases-in-india-live-news-latest-updates-march11.jpg", "publishedAt": "2020-03-11T01:14:21Z", "content": null}, {"source": {"id": "the-times-of-india", "name": "The Times of India"}, "author": "Reuters", "title": "Coronavirus outbreak: Google recommends all North America employees to work from home", "description": "The new recommendation is an expansion of a similar guideline it gave to employees in San Francisco Bay area. Most of the big companies have so far limited the work-from-home option to specific regions in the United States.", "url": "https://economictimes.indiatimes.com/news/international/world-news/coronavirus-outbreak-google-recommends-all-north-america-employees-to-work-from-home/articleshow/74568644.cms", "urlToImage": "https://img.etimg.com/thumb/msid-74568684,width-1070,height-580,imgsize-131713,overlay-economictimes/photo.jpg", "publishedAt": "2020-03-11T02:28:45Z", "content": "- Alphabet Inc's Google is recommending all of its North American employees to work from home if their roles permit, the search giant said on Tuesday, aiming to minimize the risk of spreading the coronavirus.\r\nThe new recommendation is an expansion of a simil\u2026 [+736 chars]"}, {"source": {"id": "the-times-of-india", "name": "The Times of India"}, "author": "ET Bureau", "title": "Coronavirus is now a pandemic; India shuts its doors to foreigners", "description": "Coronavirus is now a pandemic; India shuts its doors to foreignersIndia on Wednesday suspended all tourist visas till April 15 in a bid to contain spread of the dreaded coronavirus.", "url": "https://economictimes.indiatimes.com/news/politics-and-nation/coronavirus-a-pandemic-india-shuts-doors-for-outsiders-under-self-imposed-quarantine/articleshow/74582547.cms", "urlToImage": "https://img.etimg.com/thumb/msid-74582571,width-1070,height-580,imgsize-725032,overlay-economictimes/photo.jpg", "publishedAt": "2020-03-11T17:00:59Z", "content": "NEW DELHI: India imposed stringent travel curbs to the country as the World Health Organization (WHO) declared the Covid-19 outbreak a pandemic with more than 118,000 confirmed cases and 4,291 deaths in 114 countries. India\u2019s count of infected people is 62 wi\u2026 [+2187 chars]"}, {"source": {"id": "the-times-of-india", "name": "The Times of India"}, "author": "TNN", "title": "UK\u2019s health minister contracts coronavirus - Times of India", "description": "UK\u2019s health minister contracts coronavirus Times of India Coronavirus: Health minister Nadine Dorries tests positive BBC News UK Health Minister Nadine Dorries Tests Positive For Coronavirus NDTV News Coronavirus: UK health minister Nadine Dorries tests posit\u2026", "url": "https://timesofindia.indiatimes.com/world/uk/uks-health-minister-contracts-coronavirus/articleshow/74568393.cms", "urlToImage": "https://static.toiimg.com/thumb/msid-74568399,width-1070,height-580,imgsize-72341,resizemode-75,overlay-toi_sw,pt-32,y_pad-40/photo.jpg", "publishedAt": "2020-03-11T03:01:49Z", "content": "Copyright \u00a9 2020 Bennett, Coleman &amp; Co. Ltd. All rights reserved. For reprint rights: Times Syndication Service"}, {"source": {"id": "the-times-of-india", "name": "The Times of India"}, "author": "TIMESOFINDIA.COM", "title": "Coronavirus outbreak: Latest developments", "description": "India News: NEW DELHI: The global death toll from the new coronavirus has passed 4,000 and the outbreak has spread to over 100 countries.", "url": "https://timesofindia.indiatimes.com/india/coronavirus-outbreak-latest-developments/articleshow/74570525.cms", "urlToImage": "https://static.toiimg.com/thumb/msid-74570585,width-1070,height-580,imgsize-438601,resizemode-75,overlay-toi_sw,pt-32,y_pad-40/photo.jpg", "publishedAt": "2020-03-11T04:58:17Z", "content": "Copyright \u00a9 2020 Bennett, Coleman &amp; Co. Ltd. All rights reserved. For reprint rights: Times Syndication Service"}, {"source": {"id": "the-times-of-india", "name": "The Times of India"}, "author": null, "title": "Coronavirus: Dramatic jump in positive cases in Italy, death toll reaches 631 - Economic Times", "description": "Coronavirus: Dramatic jump in positive cases in Italy, death toll reaches 631 Economic Times Coronavirus: Virus cases rise rapidly in Europe and US - BBC News BBC News First person: With coronavirus isolation in Italy, life in the \u2018red zone\u2019 is like science f\u2026", "url": "https://economictimes.indiatimes.com/news/politics-and-nation/coronavirus-dramatic-jump-in-positive-cases-in-italy-death-toll-reaches-631/videoshow/74571604.cms", "urlToImage": "https://img.etimg.com/thumb/msid-74571604,width-1070,height-580,overlay-economictimes/photo.jpg", "publishedAt": "2020-03-11T06:14:00Z", "content": "New Delhi, Mar 11 (ANI): Struggling to fight with the deadly coronavirus, Italy saw a major jump in the positive cases. 8,514 cases have been confirmed in the country. While 631 people have died with around 163 new deaths in past 24 hours, the highest toll in\u2026 [+31 chars]"}, {"source": {"id": "the-times-of-india", "name": "The Times of India"}, "author": "Bangalore Mirror", "title": "Coronavirus outbreak: Dell, Mindtree employees test positive in Bengaluru - Bangalore Mirror", "description": "Coronavirus outbreak: Dell, Mindtree employees test positive in Bengaluru Bangalore Mirror Coronavirus update: Mindtree employee in Bengaluru tests positive for COVID-19 Livemint Bengaluru teen with COVID-19 attended school, classmates home quarantined The Ne\u2026", "url": "https://bangaloremirror.indiatimes.com/bangalore/others/coronavirus-outbreak-dell-mindtree-employees-test-positive-in-bengaluru/articleshow/74576087.cms", "urlToImage": "https://static.toiimg.com/photo/imgsize-1123332,msid-74576199/74576199.jpg", "publishedAt": "2020-03-11T10:33:55Z", "content": "Bengaluru: Two employees working with IT companies Dell\r\n and Mindtree\r\n have been tested positive for coronavirus, according to company statements.\r\nThe Dell employee had returned from the US, including a visit to Texas while the Mindtree employee also had a\u2026 [+1225 chars]"}, {"source": {"id": "the-times-of-india", "name": "The Times of India"}, "author": null, "title": "Coronavirus: Hiding travel history will be considered crime, says Kerala Health Minister - Times of India", "description": "Talking about the deadly outbreak of coronavirus, Kerala Health Minister KK Shailaja informed that those who are not revealing their travel history of coming from affected areas will be considered a crime. \u201cAccording to Public Health Act, people who are suppo\u2026", "url": "https://timesofindia.indiatimes.com/videos/city/kochi/coronavirus-hiding-travel-history-will-be-considered-crime-says-kerala-health-minister/videoshow/74570180.cms", "urlToImage": "https://timesofindia.indiatimes.com/photo/msid-74570180,imgsize-64638.cms", "publishedAt": "2020-03-11T04:57:25Z", "content": "Mar 11, 2020, 10:18AM ISTSource: ANITalking about the deadly outbreak of coronavirus, Kerala Health Minister KK Shailaja informed that those who are not revealing their travel history of coming from affected areas will be considered a crime. According to Publ\u2026 [+505 chars]"}, {"source": {"id": "the-times-of-india", "name": "The Times of India"}, "author": "AP", "title": "US college campuses empty as coronavirus scare pushes learning online - Times of India", "description": "US college campuses empty as coronavirus scare pushes learning online Times of India Coronavirus Scare: Harvard, Princeton, Columbia among Top US Universities to Move Classes Online News18 Coronavirus update: Top US universities move classes online Livemint U\u2026", "url": "https://timesofindia.indiatimes.com/world/us/us-college-campuses-empty-as-coronavirus-scare-pushes-learning-online/articleshow/74570095.cms", "urlToImage": "https://static.toiimg.com/thumb/msid-74570126,width-1070,height-580,imgsize-131176,resizemode-75,overlay-toi_sw,pt-32,y_pad-40/photo.jpg", "publishedAt": "2020-03-11T08:19:40Z", "content": "Copyright \u00a9 2020 Bennett, Coleman &amp; Co. Ltd. All rights reserved. For reprint rights: Times Syndication Service"}, {"source": {"id": "the-times-of-india", "name": "The Times of India"}, "author": "AFP", "title": "US coronavirus cases surge past 1,000, death toll rises to 28 - Times of India", "description": "US coronavirus cases surge past 1,000, death toll rises to 28 Times of India After testing delays, US coronavirus cases surge past 900 GMA News Flawed coronavirus test strategy contributed to US spread: experts Medical Xpress Cambodia's tourism sector hit har\u2026", "url": "https://timesofindia.indiatimes.com/world/us/us-coronavirus-cases-surge-past-1000-death-toll-rises-to-28/articleshow/74570345.cms", "urlToImage": "https://static.toiimg.com/thumb/msid-74570340,width-1070,height-580,imgsize-126822,resizemode-75,overlay-toi_sw,pt-32,y_pad-40/photo.jpg", "publishedAt": "2020-03-11T10:09:17Z", "content": "Copyright \u00a9 2020 Bennett, Coleman &amp; Co. Ltd. All rights reserved. For reprint rights: Times Syndication Service"}, {"source": {"id": "the-times-of-india", "name": "The Times of India"}, "author": "Times Of India", "title": "Why a dhaba figured in coronavirus war", "description": "India News: NEW DELHI: One of the key measures to limit the spread of Covid-19 has been tracing contacts of persons affected by it and the central and state gover.", "url": "https://timesofindia.indiatimes.com/india/why-a-dhaba-figured-in-coronavirus-war/articleshow/74585279.cms", "urlToImage": "https://static.toiimg.com/thumb/msid-74585282,width-1070,height-580,imgsize-124785,resizemode-75,overlay-toi_sw,pt-32,y_pad-40/photo.jpg", "publishedAt": "2020-03-11T23:26:22Z", "content": "Copyright \u00a9 2020 Bennett, Coleman &amp; Co. Ltd. All rights reserved. For reprint rights: Times Syndication Service"}, {"source": {"id": "the-times-of-india", "name": "The Times of India"}, "author": "TIMESOFINDIA.COM", "title": "Coronavirus: Government issues home quarantine guidelines", "description": "India News: NEW DELHI: In wake of the rising cases of coronavirus, the ministry of health and family welfare on Wednesday issued guidelines for citizens under mon.", "url": "https://timesofindia.indiatimes.com/india/coronavirus-government-issues-home-quarantine-guidelines/articleshow/74582356.cms", "urlToImage": "https://static.toiimg.com/thumb/msid-74582390,width-1070,height-580,imgsize-145630,resizemode-75,overlay-toi_sw,pt-32,y_pad-40/photo.jpg", "publishedAt": "2020-03-11T16:36:21Z", "content": "Copyright \u00a9 2020 Bennett, Coleman &amp; Co. Ltd. All rights reserved. For reprint rights: Times Syndication Service"}, {"source": {"id": "the-times-of-india", "name": "The Times of India"}, "author": "Mumbai Mirror", "title": "Coronavirus scare: Six from Mumbai who came in contact with Pune-based couple admitted to Kasturba hospi - Mumbai Mirror", "description": "Coronavirus scare: Six from Mumbai who came in contact with Pune-based couple admitted to Kasturba hospi Mumbai Mirror Coronavirus update: 3 more test positive for COVID-19 in Maharashtra, number rises to 5 Livemint Proactive Approach Needed To Tackle Coronav\u2026", "url": "https://mumbaimirror.indiatimes.com/mumbai/other/coronavirus-scare-six-from-mumbai-who-came-in-contact-with-pune-based-couple-admitted-to-kasturba-hospital/articleshow/74569934.cms", "urlToImage": "https://static.toiimg.com/photo/imgsize-64279,msid-74570072/74570072.jpg", "publishedAt": "2020-03-11T04:42:00Z", "content": "The six tourists who came in contact with the Pune-based couple who has been tested positive for the coronavirus\r\n, have been admitted to hospital in Mumbai\r\n.\r\nThe couple had travelled to Dubai before being diagnosed with the virus.\r\nAlong with them, their d\u2026 [+1108 chars]"}, {"source": {"id": "the-times-of-india", "name": "The Times of India"}, "author": "PTI", "title": "11 arrested in Mizoram for spreading fake news on coronavirus", "description": "At least 11 people, including a few women, have been arrested for allegedly spreading fake news on the social media that a novel coronavirus-infected person was detected in the state, a senior police officer said on Wednesday.", "url": "https://timesofindia.indiatimes.com/india/11-arrested-in-mizoram-for-spreading-fake-news-on-coronavirus/articleshow/74581837.cms", "urlToImage": "https://static.toiimg.com/thumb/msid-74581830,width-1070,height-580,imgsize-170485,resizemode-75,overlay-toi_sw,pt-32,y_pad-40/photo.jpg", "publishedAt": "2020-03-11T15:52:13Z", "content": "Copyright \u00a9 2020 Bennett, Coleman &amp; Co. Ltd. All rights reserved. For reprint rights: Times Syndication Service"}, {"source": {"id": "the-times-of-india", "name": "The Times of India"}, "author": "TIMESOFINDIA.COM", "title": "No coronavirus emergency declared in state, clarifies Karnataka government", "description": "India News: NEW DELHI: The Karnataka government on Wednesday clarified that no coronavirus \"emergency\" has been declared in the state and that all the schools and.", "url": "https://timesofindia.indiatimes.com/india/no-coronavirus-emergency-declared-in-state-clarifies-karnataka-government/articleshow/74581663.cms", "urlToImage": "https://static.toiimg.com/thumb/msid-74581652,width-1070,height-580,imgsize-210297,resizemode-75,overlay-toi_sw,pt-32,y_pad-40/photo.jpg", "publishedAt": "2020-03-11T15:42:15Z", "content": "Copyright \u00a9 2020 Bennett, Coleman &amp; Co. Ltd. All rights reserved. For reprint rights: Times Syndication Service"}, {"source": {"id": "the-times-of-india", "name": "The Times of India"}, "author": "TIMESOFINDIA.COM", "title": "High-level group of ministers reviews preparedness to tackle coronavirus", "description": "India News: NEW DELHI: A high-level group of ministers (GoM) on Wednesday reviewed the current status and preparedness for prevention and management of novel coro.", "url": "https://timesofindia.indiatimes.com/india/high-level-group-of-ministers-reviews-preparedness-to-tackle-coronavirus/articleshow/74581051.cms", "urlToImage": "https://static.toiimg.com/thumb/msid-74581065,width-1070,height-580,imgsize-1663790,resizemode-75,overlay-toi_sw,pt-32,y_pad-40/photo.jpg", "publishedAt": "2020-03-11T14:56:50Z", "content": "Copyright \u00a9 2020 Bennett, Coleman &amp; Co. Ltd. All rights reserved. For reprint rights: Times Syndication Service"}, {"source": {"id": "the-times-of-india", "name": "The Times of India"}, "author": "TNN", "title": "18 new coronavirus cases across India, Kerala put under lockdown", "description": "India\u2019s count of coronavirus cases rose by 18 to 62 with eight testing positive from Kerala, five from Maharashtra, four from Karnataka and one from J&K on Tuesday. A Pune couple, their daughter, one of their co-travellers from a group of 40 on a Dubai trip, \u2026", "url": "https://timesofindia.indiatimes.com/india/coronavirus-cases-in-india-18-new-coronavirus-cases-across-india-kerala-put-under-lockdown/articleshow/74567864.cms", "urlToImage": "https://static.toiimg.com/thumb/msid-74567867,width-1070,height-580,imgsize-1590670,resizemode-75,overlay-toi_sw,pt-32,y_pad-40/photo.jpg", "publishedAt": "2020-03-11T02:30:32Z", "content": "Copyright \u00a9 2020 Bennett, Coleman &amp; Co. Ltd. All rights reserved. For reprint rights: Times Syndication Service"}, {"source": {"id": "the-times-of-india", "name": "The Times of India"}, "author": "TIMESOFINDIA.COM", "title": "Coronavirus: India suspends all tourist visas till April 15", "description": "India News: The government on Wednesday suspended all tourist visas to India till April 15 to prevent the spread of coronavirus. In an order, the government said,", "url": "https://timesofindia.indiatimes.com/india/coronavirus-india-suspends-all-tourist-visas-till-april-15/articleshow/74582786.cms", "urlToImage": "https://static.toiimg.com/thumb/msid-74582770,width-1070,height-580,imgsize-8901,resizemode-75,overlay-toi_sw,pt-32,y_pad-40/photo.jpg", "publishedAt": "2020-03-11T16:53:07Z", "content": "Copyright \u00a9 2020 Bennett, Coleman &amp; Co. Ltd. All rights reserved. For reprint rights: Times Syndication Service"}, {"source": {"id": "the-times-of-india", "name": "The Times of India"}, "author": "PTI", "title": "Coronavirus: All educational institutes, stadiums in Srinagar to be shut from Thursday", "description": "This is a precautionary measure and \"an unavoidable decision\" to allow the Srinagar Municipal Corporation (SMC) to plan, sterilize and sanitize schools and colleges, Srinagar Mayor Junaid Azim Mattu said on Wednesday.", "url": "https://timesofindia.indiatimes.com/india/coronavirus-all-educational-institutes-stadiums-in-srinagar-to-be-shut-from-thursday/articleshow/74574445.cms", "urlToImage": "https://static.toiimg.com/thumb/msid-74574442,width-1070,height-580,imgsize-183938,resizemode-75,overlay-toi_sw,pt-32,y_pad-40/photo.jpg", "publishedAt": "2020-03-11T08:36:02Z", "content": "Copyright \u00a9 2020 Bennett, Coleman &amp; Co. Ltd. All rights reserved. For reprint rights: Times Syndication Service"}, {"source": {"id": "the-times-of-india", "name": "The Times of India"}, "author": "PTI", "title": "Sharing data of coronavirus on daily basis has created panic in country: IMA", "description": "IMA also appealed to the government to \"classify the data\" of the pandemic and take appropriate action with \"clinical precision\". \"Doctors and hospitals remain a silver lining in otherwise clueless situation for the common man,\" the doctors' body said while a\u2026", "url": "https://timesofindia.indiatimes.com/india/sharing-data-of-coronavirus-on-daily-basis-has-created-panic-in-country-ima/articleshow/74574315.cms", "urlToImage": "https://static.toiimg.com/thumb/msid-74574563,width-1070,height-580,imgsize-147250,resizemode-75,overlay-toi_sw,pt-32,y_pad-40/photo.jpg", "publishedAt": "2020-03-11T08:26:32Z", "content": "Copyright \u00a9 2020 Bennett, Coleman &amp; Co. Ltd. All rights reserved. For reprint rights: Times Syndication Service"}, {"source": {"id": "the-times-of-india", "name": "The Times of India"}, "author": "PTI", "title": "Coronavirus: All educational institutes in Jammu and Kashmir shut till March 31", "description": "The Jammu and Kashmir administration has ordered closure of all educational institutes across the union territory till March 31 as a precautionary measure amid the coronavirus scare. Cinema halls in all the 10 districts of Jammu division will also remain clos\u2026", "url": "https://timesofindia.indiatimes.com/india/coronavirus-all-educational-institutes-in-jammu-and-kashmir-shut-till-march-31/articleshow/74579301.cms", "urlToImage": "https://static.toiimg.com/thumb/msid-74579342,width-1070,height-580,imgsize-147826,resizemode-75,overlay-toi_sw,pt-32,y_pad-40/photo.jpg", "publishedAt": "2020-03-11T12:58:10Z", "content": "# COVID19 #JammuAndKashmir Cinema Halls in all 10 districts of Jammu province to remain closed till March 31.@diprjk @HealthMedicalE1\r\n\u2014 Rohit Kansal (@kansalrohit69) 1583909210000"}, {"source": {"id": "the-times-of-india", "name": "The Times of India"}, "author": "PTI", "title": "Government focusing on bringing back Indians from Coronavirus-hit Italy, Iran: EAM", "description": "India News: NEW DELHI: India will be sending a team of doctors to Italy by Thursday for testing its nationals for coronavirus to bring them back, while samples of.", "url": "https://timesofindia.indiatimes.com/india/government-focusing-on-bringing-back-indians-from-coronavirus-hit-italy-iran-eam/articleshow/74579379.cms", "urlToImage": "https://static.toiimg.com/thumb/msid-74579368,width-1070,height-580,imgsize-183491,resizemode-75,overlay-toi_sw,pt-32,y_pad-40/photo.jpg", "publishedAt": "2020-03-11T13:02:10Z", "content": "Copyright \u00a9 2020 Bennett, Coleman &amp; Co. Ltd. All rights reserved. For reprint rights: Times Syndication Service"}, {"source": {"id": "the-times-of-india", "name": "The Times of India"}, "author": "TNN", "title": "Coronavirus: Govt calls for invoking provisions of Epidemic Act; GOM reviews preparations", "description": "India News: NEW DELHI: The Union home secretary, who is chairman of the national executive committee that coordinates and monitors disaster management, has delega.", "url": "https://timesofindia.indiatimes.com/india/coronavirus-govt-calls-for-invoking-provisions-of-epidemic-act-gom-reviews-preparations/articleshow/74583230.cms", "urlToImage": "https://static.toiimg.com/thumb/msid-47529300,width-1070,height-580,imgsize-110164,resizemode-75,overlay-toi_sw,pt-32,y_pad-40/photo.jpg", "publishedAt": "2020-03-11T17:23:04Z", "content": "Copyright \u00a9 2020 Bennett, Coleman &amp; Co. Ltd. All rights reserved. For reprint rights: Times Syndication Service"}, {"source": {"id": "the-times-of-india", "name": "The Times of India"}, "author": "PTI", "title": "Coronavirus cases rise to 60 in India; Kerala reports 8 more cases", "description": "The number of novel coronavirus patients in the country has risen to 60, with 10 more positive cases -- eight from Kerala and one each from Delhi and Rajasthan -- being reported since Tuesday's update, the Union health ministry said on Wednesday.", "url": "https://timesofindia.indiatimes.com/india/coronavirus-cases-rise-to-60-in-india-kerala-reports-8-more-cases/articleshow/74579835.cms", "urlToImage": "https://static.toiimg.com/thumb/msid-74579902,width-1070,height-580,imgsize-1739651,resizemode-75,overlay-toi_sw,pt-32,y_pad-40/photo.jpg", "publishedAt": "2020-03-11T13:34:58Z", "content": "Copyright \u00a9 2020 Bennett, Coleman &amp; Co. Ltd. All rights reserved. For reprint rights: Times Syndication Service"}, {"source": {"id": "the-times-of-india", "name": "The Times of India"}, "author": "Bloomberg", "title": "Airbnb makes tweaks to refund policy amid spread of coronavirus", "description": "Airbnb\u2019s policy is that all reservations are able to be canceled within 48 hours of booking for a full refund. Beyond that, it\u2019s up to hosts to determine the refund policy, which are stated on the listings and range from flexible to strict.", "url": "https://economictimes.indiatimes.com/small-biz/startups/newsbuzz/airbnb-makes-tweaks-to-refund-policy-amid-spread-of-coronavirus/articleshow/74572187.cms", "urlToImage": "https://img.etimg.com/thumb/msid-74569876,width-1070,height-580,imgsize-237368,overlay-etwealth/photo.jpg", "publishedAt": "2020-03-11T04:30:18Z", "content": "By Olivia Carville and Eric NewcomerAirbnb Inc. is making adjustments to its refund policy in an attempt to balance the needs of hosts and guests on its home-sharing site amid the global coronavirus outbreak that has severely reduced travel demand.\r\nBecause A\u2026 [+1638 chars]"}, {"source": {"id": "the-times-of-india", "name": "The Times of India"}, "author": "ANI", "title": "Turkey reports first coronavirus case", "description": "Turkey on Wednesday reported the first case of coronavirus. Health Minister Fahrettin Koca said the patient was a man who had recently returned from a trip to Europe.", "url": "https://economictimes.indiatimes.com/news/international/world-news/turkey-reports-first-coronavirus-case/articleshow/74569804.cms", "urlToImage": "https://img.etimg.com/thumb/msid-74569854,width-1070,height-580,imgsize-140302,overlay-economictimes/photo.jpg", "publishedAt": "2020-03-11T04:16:15Z", "content": "Turkey on Wednesday reported the first case of coronavirus. Health Minister Fahrettin Koca said the patient was a man who had recently returned from a trip to Europe.\r\nMore than 100,000 people have already been infected with COVID-19 in the world, the majorit\u2026 [+248 chars]"}, {"source": {"id": "the-times-of-india", "name": "The Times of India"}, "author": "Shubham Raj", "title": "SIP inflows hold steady at Rs 8,513 crore in February despite coronavirus worries", "description": "Net inflows into equity mutual funds, which was at Rs 7,877.40 crore in January, jumped to Rs 10,795 crore in February, highest in the current fiscal.", "url": "https://economictimes.indiatimes.com/markets/stocks/news/sip-inflows-hold-steady-at-rs-8513-crore-in-february-equities-see-heavy-buying/articleshow/74572595.cms", "urlToImage": "https://img.etimg.com/thumb/msid-74572594,width-1070,height-580,imgsize-179883,overlay-etmarkets/photo.jpg", "publishedAt": "2020-03-11T07:07:16Z", "content": "NEW DELHI: Investors kept pouring money into equity mutual funds in the second month of 2020, especially via the SIP route, despite markets struggling against coronavirus that threatens to disrupt businesses across the world.\r\nAs per Association of Mutual Fun\u2026 [+2670 chars]"}, {"source": {"id": "the-times-of-india", "name": "The Times of India"}, "author": "Reuters", "title": "Bank of England cuts rates to 0.25% in shock move over coronavirus", "description": "Bank Rate is now back to the record low it reached after 2016's Brexit referendum.", "url": "https://economictimes.indiatimes.com/markets/stocks/news/bank-of-england-cuts-rates-to-0-25-in-shock-move-over-coronavirus/articleshow/74573821.cms", "urlToImage": "https://img.etimg.com/thumb/msid-74573811,width-1070,height-580,imgsize-87598,overlay-etmarkets/photo.jpg", "publishedAt": "2020-03-11T08:13:48Z", "content": "LONDON: The Bank of England cut interest rates by half a percentage point to 0.25 per cent and announced measures to support bank lending ahead of a budget that is set to open the taps on spending to bolster Britain's economy against the coronavirus outbreak.\u2026 [+2002 chars]"}, {"source": {"id": "the-times-of-india", "name": "The Times of India"}, "author": "ANI", "title": "Coronavirus: Miley withdraws from a concert", "description": "Cyrus's withdrawal comes as a result of the safety concerns emanating from the worldwide COVID-19 outbreak.The event has now been called off due to the singer's absence, reported Variety.", "url": "https://timesofindia.indiatimes.com/entertainment/english/music/news/miley-cyrus-withdraws-from-australian-bushfire-concert-amid-coronavirus-outbreak/articleshow/74585260.cms", "urlToImage": "https://static.toiimg.com/photo/msid-74585273/74585273.jpg?88778", "publishedAt": "2020-03-11T23:03:24Z", "content": null}, {"source": {"id": "the-times-of-india", "name": "The Times of India"}, "author": "ANI", "title": "Singer Celine Dion tests for coronavirus; read", "description": "Celine Dion who postponed her shows to November due to cold, on Wednesday tested negative for coronavirus, reported E online.", "url": "https://timesofindia.indiatimes.com/entertainment/english/music/news/after-common-cold-symptoms-celine-dion-tests-negative-for-coronavirus/articleshow/74585257.cms", "urlToImage": "https://static.toiimg.com/photo/msid-74585258/74585258.jpg?107182", "publishedAt": "2020-03-11T22:58:21Z", "content": null}, {"source": {"id": "the-times-of-india", "name": "The Times of India"}, "author": "Shubham Raj", "title": "SIP inflows hold steady at Rs 8,513 crore in February despite coronavirus worries", "description": "Net inflows into equity mutual funds, which was at Rs 7,877.40 crore in January, jumped to Rs 10,795 crore in February, highest in the current fiscal.", "url": "https://economictimes.indiatimes.com/markets/stocks/news/sip-inflows-hold-steady-at-rs-8513-crore-in-february-equities-see-heavy-buying/articleshow/74572847.cms", "urlToImage": "https://img.etimg.com/thumb/msid-74572594,width-1070,height-580,imgsize-179883,overlay-etwealth/photo.jpg", "publishedAt": "2020-03-11T07:07:16Z", "content": "NEW DELHI: Investors kept pouring money into equity mutual funds in the second month of 2020, especially via the SIP route, despite markets struggling against coronavirus that threatens to disrupt businesses across the world.\r\nAs per Association of Mutual Fun\u2026 [+2670 chars]"}, {"source": {"id": "the-times-of-india", "name": "The Times of India"}, "author": "Anumeha Chaturvedi", "title": "Coronavirus: Viral fever spreads to local tourism", "description": "The Covid-19 outbreak has started showing its impact on the domestic tourism sector and summer bookings to leisure destinations like Rajasthan and the hills, said industry executives, even as number of person s with the novel coronavirus infection in the coun\u2026", "url": "https://economictimes.indiatimes.com/news/politics-and-nation/coronavirus-viral-fever-spreads-to-local-tourism/articleshow/74569123.cms", "urlToImage": "https://img.etimg.com/thumb/msid-74569112,width-1070,height-580,imgsize-263804,overlay-economictimes/photo.jpg", "publishedAt": "2020-03-11T03:10:31Z", "content": "New Delhi: The Covid-19 outbreak has started showing its impact on the domestic tourism sector and summer bookings to leisure destinations like Rajasthan and the hills, said industry executives, even as number of person s with the novel coronavirus infection \u2026 [+1342 chars]"}, {"source": {"id": "the-times-of-india", "name": "The Times of India"}, "author": "PTI", "title": "Measures to prevent coronavirus may dent economic growth by up to 2 percentage pts: Barclays", "description": "Economic growth is set to slide to a decadal low of 5 per cent as per an official estimate released much before the virus grew to being called as a potential pandemic.", "url": "https://economictimes.indiatimes.com/news/economy/finance/measures-to-prevent-coronavirus-may-dent-economic-growth-by-up-to-2-percentage-pts-barclays/articleshow/74571440.cms", "urlToImage": "https://img.etimg.com/thumb/msid-74571455,width-1070,height-580,imgsize-479125,overlay-economictimes/photo.jpg", "publishedAt": "2020-03-11T06:05:14Z", "content": "MUMBAI: Amidst rising coronavirus cases in India, British brokerage Barclays on Wednesday warned that preventive measures like mass quarantines can dent the already sagging economic growth by as much as 2 percentage points.\r\nSupport to the economy will come f\u2026 [+1779 chars]"}, {"source": {"id": "the-times-of-india", "name": "The Times of India"}, "author": "AFP", "title": "UK health minister tests positive for coronavirus", "description": "British MP Nadine Dorries, a minister in the health department, has tested positive for coronavirus, she said in a statement on Tuesday.", "url": "https://economictimes.indiatimes.com/news/international/world-news/uk-health-minister-tests-positive-for-coronavirus/articleshow/74569742.cms", "urlToImage": "https://img.etimg.com/thumb/msid-74569774,width-1070,height-580,imgsize-194679,overlay-economictimes/photo.jpg", "publishedAt": "2020-03-11T04:11:31Z", "content": "British MP Nadine Dorries, a minister in the health department, has tested positive for coronavirus, she said in a statement on Tuesday.\r\n\"I can confirm I have tested positive for coronavirus... and have been self-isolating at home,\" said the Conservative MP."}, {"source": {"id": "the-times-of-india", "name": "The Times of India"}, "author": "AFP", "title": "New York deploys National Guard to fight coronavirus", "description": "New York is deploying National Guard troops for the first time in the coronavirus crisis to help contain the spread of the disease, the state's governor said on Tuesday. There have been 173 confirmed cases of Covid-19 in New York state. No one has died in New\u2026", "url": "https://timesofindia.indiatimes.com/world/us/new-york-deploys-national-guard-to-fight-coronavirus/articleshow/74568718.cms", "urlToImage": "https://static.toiimg.com/thumb/msid-74568730,width-1070,height-580,imgsize-114179,resizemode-75,overlay-toi_sw,pt-32,y_pad-40/photo.jpg", "publishedAt": "2020-03-11T02:18:09Z", "content": "Copyright \u00a9 2020 Bennett, Coleman &amp; Co. Ltd. All rights reserved. For reprint rights: Times Syndication Service"}, {"source": {"id": "the-times-of-india", "name": "The Times of India"}, "author": "PTI", "title": "Two Dell, Mindtree employees tested positive for coronavirus", "description": "Two employees working with IT companies Dell and Mindtree have been tested positive for coronavirus, according to company statements. The Dell employee had returned from the US, including a visit to Texas while the Mindtree employee also had a travel history \u2026", "url": "https://timesofindia.indiatimes.com/business/india-business/two-dell-mindtree-employees-tested-positive-for-coronavirus/articleshow/74576574.cms", "urlToImage": "https://static.toiimg.com/thumb/msid-74576617,width-1070,height-580,imgsize-153725,resizemode-75,overlay-toi_sw,pt-32,y_pad-40/photo.jpg", "publishedAt": "2020-03-11T10:33:52Z", "content": "Copyright \u00a9 2020 Bennett, Coleman &amp; Co. Ltd. All rights reserved. For reprint rights: Times Syndication Service"}, {"source": {"id": "the-times-of-india", "name": "The Times of India"}, "author": "ET Online", "title": "The impact of lockdown to contain coronavirus spread explained", "description": "Lockdown aims at mitigating the risk of contracting the infection through community spread. Although blanket shutdown has its own downsides, but it has effectively worked as a containment measure such as in China. Others have asked for a more targeted approac\u2026", "url": "https://economictimes.indiatimes.com/news/politics-and-nation/the-impact-of-lockdown-to-contain-coronavirus-spread-explained/articleshow/74571357.cms", "urlToImage": "https://img.etimg.com/thumb/msid-74571366,width-1070,height-580,imgsize-376019,overlay-economictimes/photo.jpg", "publishedAt": "2020-03-11T06:03:29Z", "content": "With the novel coronavirus count topping 10,000 and number of casualties soaring, Italy has announced an unprecedented lockdown for its 62 million people in a bid to contain the spread of the contagion.\r\nWorld's eighth largest economy was already reeling unde\u2026 [+1272 chars]"}, {"source": {"id": "the-times-of-india", "name": "The Times of India"}, "author": "PTI", "title": "Two Dell, Mindtree employees test positive for coronavirus", "description": "The Dell employee had returned from the US, including a visit to Texas while the Mindtree employee also had a travel history abroad, the two companies said in separate statements.", "url": "https://economictimes.indiatimes.com/news/politics-and-nation/two-dell-mindtree-employees-tested-positive-for-coronavirus/articleshow/74575813.cms", "urlToImage": "https://img.etimg.com/thumb/msid-74575854,width-1070,height-580,imgsize-447567,overlay-economictimes/photo.jpg", "publishedAt": "2020-03-11T10:11:10Z", "content": "Two employees working with IT companies Dell and Mindtree have been tested positive for coronavirus, according to company statements. The Dell employee had returned from the US, including a visit to Texas while the Mindtree employee also had a travel history \u2026 [+1216 chars]"}, {"source": {"id": "the-times-of-india", "name": "The Times of India"}, "author": "AP", "title": "Coronavirus compels telecommuting, travel limits for media", "description": "The Washington Post is encouraging its staff to work at home and the Los Angeles Times is restricting air travel, two illustrations of how news organizations compelled to cover the coronavirus outbreak are balancing the need to keep employees safe.", "url": "https://economictimes.indiatimes.com/industry/media/entertainment/media/coronavirus-compels-telecommuting-travel-limits-for-media/articleshow/74569365.cms", "urlToImage": "https://img.etimg.com/thumb/msid-74569443,width-1070,height-580,imgsize-441727,overlay-economictimes/photo.jpg", "publishedAt": "2020-03-11T03:43:33Z", "content": "NEW YORK: The Washington Post is encouraging its staff to work at home and the Los Angeles Times is restricting air travel, two illustrations of how news organizations compelled to cover the coronavirus outbreak are balancing the need to keep employees safe.\r\u2026 [+4317 chars]"}, {"source": {"id": "the-times-of-india", "name": "The Times of India"}, "author": "ET Bureau", "title": "Ask the travel expert: Is it okay to travel to Singapore amidst coronavirus fears?", "description": "Don't postpone your travel plans but exercise precautions like sanitising with an alcohol based rub.", "url": "https://economictimes.indiatimes.com/magazines/travel/ask-the-travel-expert-is-it-okay-to-travel-to-singapore-midst-coronavirus-fears/articleshow/74572542.cms", "urlToImage": "https://img.etimg.com/thumb/msid-74572699,width-1070,height-580,imgsize-297217,overlay-etpanache/photo.jpg", "publishedAt": "2020-03-11T23:45:00Z", "content": "Rakshit Desai, Managing Director, FCM Travel Solutions India, Flight Centre Travel Group Australia\u2019s Indian subsidiary, answers your questions on Travel \u2014 howtos, trends, recommendations and more. Send in your questions to: askrakshit@in.fcm.travelRakshit Des\u2026 [+5895 chars]"}, {"source": {"id": "the-times-of-india", "name": "The Times of India"}, "author": "PTI", "title": "Coronavirus: BMW India says supply chain sorted till June", "description": "German automaker BMW does not see any impact of supply chain disruption on its India operations till June due to the coronavirus outbreak, a top company official said.", "url": "https://economictimes.indiatimes.com/industry/auto/cars-uvs/coronavirus-bmw-india-says-supply-chain-sorted-till-june/articleshow/74573402.cms", "urlToImage": "https://img.etimg.com/thumb/msid-74573388,width-1070,height-580,imgsize-528704,overlay-economictimes/photo.jpg", "publishedAt": "2020-03-11T07:50:53Z", "content": "German automaker BMW does not see any impact of supply chain disruption on its India operations till June due to the coronavirus outbreak, a top company official said.The company said it will have to assess the impact of the outbreak on the products coming in\u2026 [+2786 chars]"}, {"source": {"id": "the-times-of-india", "name": "The Times of India"}, "author": "PTI", "title": "Coronavirus impact: IndiGo says fall in bookings to hit earnings", "description": "\"In addition, the rupee has also depreciated sharply which will have an adverse impact on our dollar denominated liabilities primarily on account of capitalised operating leases,\" it said.", "url": "https://economictimes.indiatimes.com/industry/transportation/airlines-/-aviation/coronavirus-impact-indigo-says-fall-in-bookings-to-hit-earnings/articleshow/74580982.cms", "urlToImage": "https://img.etimg.com/thumb/msid-74580976,width-1070,height-580,imgsize-535583,overlay-economictimes/photo.jpg", "publishedAt": "2020-03-11T15:07:51Z", "content": "IndiGo's parent InterGlobe Aviation on Wednesday said its quarterly earnings are expected to be hit due to decline in daily bookings, amid the \r\ncoronavirus outbreak.\r\n\"Over the past few days however, week-on-week, we have seen a 15-20 per cent decline in our\u2026 [+453 chars]"}, {"source": {"id": "the-times-of-india", "name": "The Times of India"}, "author": "Reuters", "title": "Washington considers actions to bolster U.S. economy as coronavirus cases mount", "description": "As U.S. coronavirus cases rose steadily, the White House and Congress negotiated measures on Tuesday to bolster the U.S. economy and Americans' paychecks against the outbreak's impact, although there was no immediate sign of a deal.", "url": "https://economictimes.indiatimes.com/news/international/world-news/washington-considers-actions-to-bolster-u-s-economy-as-coronavirus-cases-mount/articleshow/74569723.cms", "urlToImage": "https://img.etimg.com/thumb/msid-74569735,width-1070,height-580,imgsize-119237,overlay-economictimes/photo.jpg", "publishedAt": "2020-03-11T04:08:31Z", "content": "As U.S. coronavirus cases rose steadily, the White House and Congress negotiated measures on Tuesday to bolster the U.S. economy and Americans' paychecks against the outbreak's impact, although there was no immediate sign of a deal.\r\nThe rise in the number of\u2026 [+5301 chars]"}, {"source": {"id": "the-times-of-india", "name": "The Times of India"}, "author": "Reuters", "title": "UK to ramp up coronavirus fight in first budget of Johnson government", "description": "Britain's new finance minister Rishi Sunak will pledge billions of pounds to fight the impact of coronavirus on Wednesday, and the Bank of England might add its firepower to the attempt to stave off the risk of a new recession.", "url": "https://economictimes.indiatimes.com/news/international/world-news/uk-to-ramp-up-coronavirus-fight-in-first-budget-of-johnson-government/articleshow/74570710.cms", "urlToImage": "https://img.etimg.com/thumb/msid-74570730,width-1070,height-580,imgsize-119237,overlay-economictimes/photo.jpg", "publishedAt": "2020-03-11T05:26:36Z", "content": "Britain's new finance minister Rishi Sunak will pledge billions of pounds to fight the impact of coronavirus on Wednesday, and the Bank of England might add its firepower to the attempt to stave off the risk of a new recession.\r\nSunak, in the job for less tha\u2026 [+3243 chars]"}, {"source": {"id": "the-times-of-india", "name": "The Times of India"}, "author": "PTI", "title": "Total confirmed coronavirus cases in India reaches 62; one fresh case each from Delhi, Rajasthan", "description": "The figure includes five positive cases reported in Delhi and nine persons who were diagnosed with the infection in Uttar Pradesh till Wednesday morning. The total number of 62 confirmed cases includes 16 Italians, the ministry said.", "url": "https://economictimes.indiatimes.com/news/politics-and-nation/total-confirmed-coronavirus-cases-in-india-reaches-62-one-fresh-case-each-from-delhi-rajasthan/articleshow/74573844.cms", "urlToImage": "https://img.etimg.com/thumb/msid-74573995,width-1070,height-580,imgsize-186873,overlay-economictimes/photo.jpg", "publishedAt": "2020-03-11T08:23:37Z", "content": "NEW DELHI: The number of confirmed cases of novel coronavirus in the country has risen to 62, with two fresh positive cases -- one each from Delhi and Rajasthan -- being reported, the health ministry said on Wednesday.The figure includes five positive cases r\u2026 [+2365 chars]"}, {"source": {"id": "the-times-of-india", "name": "The Times of India"}, "author": "PTI", "title": "Coronavirus: All educational institutes, stadiums in Srinagar to be shut from Thursday", "description": "The order is a precautionary measure and \"an unavoidable decision\" to allow the Srinagar Municipal Corporation (SMC) to plan, sterilize and sanitize schools and colleges, Srinagar Mayor Junaid Azim Mattu said on Wednesday.", "url": "https://economictimes.indiatimes.com/news/politics-and-nation/coronavirus-all-educational-institutes-stadiums-in-srinagar-to-be-shut-from-thursday/articleshow/74573533.cms", "urlToImage": "https://img.etimg.com/thumb/msid-74573554,width-1070,height-580,imgsize-475494,overlay-economictimes/photo.jpg", "publishedAt": "2020-03-11T07:59:38Z", "content": "SRINAGAR: All educational institutions, stadiums and sports clubs in Srinagar will be closed from Thursday till further orders amid the coronavirus scare, the city administration has said.\r\nThe order is a precautionary measure and \"an unavoidable decision\" to\u2026 [+1414 chars]"}, {"source": {"id": "the-times-of-india", "name": "The Times of India"}, "author": "PTI", "title": "HC seeks Centre, Delhi govt stand on PIL for adequate measures to combat coronavirus", "description": "A bench of Chief Justice D N Patel and Justice C Hari Shankar issued notice to the Ministry of Health and the Delhi government seeking their replies on the public interest litigation (PIL) filed by an advocate.", "url": "https://economictimes.indiatimes.com/news/politics-and-nation/hc-seeks-centre-delhi-govt-stand-on-pil-for-adequate-measures-to-combat-coronavirus/articleshow/74572036.cms", "urlToImage": "https://img.etimg.com/thumb/msid-74572033,width-1070,height-580,imgsize-528322,overlay-economictimes/photo.jpg", "publishedAt": "2020-03-11T06:38:46Z", "content": "NEW DELHI: The Delhi High Court Wednesday sought the stand of the Centre and the Delhi government on a PIL seeking proper and adequate measures to combat coronavirus.\r\nA bench of Chief Justice D N Patel and Justice C Hari Shankar issued notice to the Ministry\u2026 [+477 chars]"}, {"source": {"id": "the-times-of-india", "name": "The Times of India"}, "author": "ET Online", "title": "People opt for jackfruit in place of chicken due to coronavirus scare", "description": "The fear around chicken consumption is so much that the Poultry Farm Association recently organised a Chicken Mela in Gorakhpur to dispel the rumours that the virus spreads by eating chicken.", "url": "https://economictimes.indiatimes.com/news/politics-and-nation/people-opting-for-the-humble-jackfruit-in-place-of-chicken-due-to-coronavirus-scare/articleshow/74573276.cms", "urlToImage": "https://img.etimg.com/thumb/msid-74573281,width-1070,height-580,imgsize-233151,overlay-economictimes/photo.jpg", "publishedAt": "2020-03-11T07:45:16Z", "content": "People are opting for jackfruit in place of chicken and mutton as the coronavirus scare takes its toll on the poultry industry.\r\nJackfruit or 'Kathal' is selling at Rs 120 per kg, a 120 per cent spike in its price, a report in IANS said.\r\nThe fear around chic\u2026 [+798 chars]"}, {"source": {"id": "the-times-of-india", "name": "The Times of India"}, "author": "Reuters", "title": "Washington state could have 64,000 coronavirus cases without 'real action,' warns Governor", "description": "Washington Governor Jay Inslee on Tuesday said he was considering mandatory measures to prevent an increase in coronavirus cases that could reach 64,000 in the state within eight weeks unless \"real action\" was taken.", "url": "https://economictimes.indiatimes.com/news/international/world-news/washington-state-could-have-64000-coronavirus-cases-without-real-action-warns-governor/articleshow/74570745.cms", "urlToImage": "https://img.etimg.com/thumb/msid-74570774,width-1070,height-580,imgsize-140302,overlay-economictimes/photo.jpg", "publishedAt": "2020-03-11T05:28:47Z", "content": "Washington Governor Jay Inslee on Tuesday said he was considering mandatory measures to prevent an increase in coronavirus cases that could reach 64,000 in the state within eight weeks unless \"real action\" was taken.\r\nInslee said epidemiologists warned there \u2026 [+2114 chars]"}, {"source": {"id": "the-times-of-india", "name": "The Times of India"}, "author": "Reuters", "title": "Stock rebound stalls as doubts about US coronavirus response grow", "description": "On Wall Street all three major indexes jumped nearly 5 per cent on Tuesday.", "url": "https://economictimes.indiatimes.com/markets/stocks/news/stock-rebound-stalls-as-doubts-about-us-coronavirus-response-grow/articleshow/74568571.cms", "urlToImage": "https://img.etimg.com/thumb/msid-74568559,width-1070,height-580,imgsize-1164351,overlay-etmarkets/photo.jpg", "publishedAt": "2020-03-11T02:19:06Z", "content": "TOKYO: Asian shares and Wall Street futures fell on Wednesday as growing scepticism about Washington's stimulus package to fight the coronavirus outbreak knocked the steam out of an earlier rally.\r\nMarkets had been recovering from a brutal global selloff on M\u2026 [+2889 chars]"}, {"source": {"id": "the-times-of-india", "name": "The Times of India"}, "author": "Bloomberg", "title": "JPMorgan, Citigroup feast on equity derivatives in coronavirus panic", "description": "Trading surged as investors rushed to bet on stock moves and protect their holdings.", "url": "https://economictimes.indiatimes.com/markets/stocks/news/jpmorgan-citigroup-feast-on-equity-derivatives-in-coronavirus-panic/articleshow/74570911.cms", "urlToImage": "https://img.etimg.com/thumb/msid-74570897,width-1070,height-580,imgsize-285553,overlay-etmarkets/photo.jpg", "publishedAt": "2020-03-11T05:39:40Z", "content": "New York: The historic panic in global stock markets has spawned a fortune for some of the world\u2019s biggest investment banks.\r\nJPMorgan Chase and Citigroup Inc. have added about $500 million in revenue from equity derivatives trading year-to-date compared with\u2026 [+1062 chars]"}, {"source": {"id": "the-times-of-india", "name": "The Times of India"}, "author": "Amit Mudgill", "title": "India\u2019s \u2018BEER\u2019, not alcohol, may lift coronavirus fear among investors", "description": "BEER ratio has fallen below 1, suggesting that the stock market has become undervalued.", "url": "https://economictimes.indiatimes.com/markets/stocks/news/indias-beer-not-alcohol-may-lift-corona-fear-among-investors/articleshow/74572272.cms", "urlToImage": "https://img.etimg.com/thumb/msid-74572366,width-1070,height-580,imgsize-111599,overlay-etmarkets/photo.jpg", "publishedAt": "2020-03-11T06:56:21Z", "content": "NEW DELHI: Social media buzz that consuming alcohol, or beer products, can help prevent the deadly coronavirus has turned out to be just rumours. The deadly virus has already infected over 1,15,000 people worldwide.\r\nBut the term \u2018BEER\u2019 can offer some comfort\u2026 [+2826 chars]"}, {"source": {"id": "the-times-of-india", "name": "The Times of India"}, "author": "PTI", "title": "Coronavirus impact on economy to be like 2008 financial crisis: Former Infosys CFO Balakrishnan", "description": "\"It's (now) exactly like 2008 when everything got shut down over a period of time but again recovery then was in a V-shape because central banks and all got in and stabilised,\" Balakrishnan said. \"Now, central banks are helpless; interest rates are almost zer\u2026", "url": "https://economictimes.indiatimes.com/tech/ites/coronavirus-impact-on-economy-to-be-like-2008-financial-crisis-former-infosys-cfo-balakrishnan/articleshow/74577166.cms", "urlToImage": "https://img.etimg.com/thumb/msid-74577259,width-1070,height-580,imgsize-719870,overlay-economictimes/photo.jpg", "publishedAt": "2020-03-11T11:19:40Z", "content": "Bengaluru: With business of most of its clients getting impacted by the coronavirus outbreak and likely lower discretionary spending as a result, growth for India's IT services sector is going to be a big challenge in the coming fiscal, an industry veteran sa\u2026 [+1920 chars]"}, {"source": {"id": "the-times-of-india", "name": "The Times of India"}, "author": null, "title": "BCCI's 7-point coronavirus diktat for players", "description": "The BCCI medical team on Wednesday told India players to avoid eating out and mingling with fans seeking selfies in the wake of the novel coronavirus outbreak when they take on South Africa in an ODI series starting on Thursday.", "url": "https://timesofindia.indiatimes.com/sports/cricket/south-africa-in-india/bccis-7-point-coronavirus-diktat-avoid-eating-out-at-restaurants-dont-use-unknown-cell-phones/articleshow/74579150.cms", "urlToImage": "https://static.toiimg.com/thumb/msid-74579176,width-1070,height-580,imgsize-1865502,resizemode-75,overlay-toi_sw,pt-32,y_pad-40/photo.jpg", "publishedAt": "2020-03-11T12:46:31Z", "content": "DHARAMSALA: The BCCI medical team on Wednesday told India players to avoid eating out and mingling with fans seeking selfies in the wake of the novel coronavirus outbreak when they take on South Africa in an ODI series starting on Thursday.\r\nThe reported numb\u2026 [+1575 chars]"}, {"source": {"id": "the-times-of-india", "name": "The Times of India"}, "author": "K Shriniwas Rao", "title": "Coronavirus threat: ICC board meeting cancelled", "description": "The four-day meeting of the International Cricket Council (ICC) chief executives and the member boards has been indefinitely postponed because of the coronavirus spread.", "url": "https://timesofindia.indiatimes.com/sports/cricket/news/coronavirus-threat-icc-board-meeting-cancelled/articleshow/74576366.cms", "urlToImage": "https://static.toiimg.com/thumb/msid-74576374,width-1070,height-580,imgsize-1213335,resizemode-75,overlay-toi_sw,pt-32,y_pad-40/photo.jpg", "publishedAt": "2020-03-11T10:16:42Z", "content": null}, {"source": {"id": "the-times-of-india", "name": "The Times of India"}, "author": "PTI", "title": "Coronavirus patients are stable, showing signs of recovery: Harsh Vardhan", "description": "Union Health Minister Harsh Vardhan spoke to a few coronavirus patients and said all the people infected by the disease were stable and showing signs of recovery. A total of 50 confirmed cases of COVID-19 have been reported in the country till now, the minist\u2026", "url": "https://economictimes.indiatimes.com/news/politics-and-nation/coronavirus-patients-are-stable-showing-signs-of-recovery-harsh-vardhan/articleshow/74570050.cms", "urlToImage": "https://img.etimg.com/thumb/msid-74566316,width-1070,height-580,imgsize-782284,overlay-economictimes/photo.jpg", "publishedAt": "2020-03-11T04:41:05Z", "content": "NEW DELHI: Union Health Minister Harsh Vardhan spoke to a few coronavirus patients admitted at Medanta and Safdarjung hospitals through video calls on Tuesday and said all the people infected by the disease were stable and showing signs of recovery.\r\nVardhan \u2026 [+2457 chars]"}, {"source": {"id": "the-times-of-india", "name": "The Times of India"}, "author": "ET Online", "title": "Man suspected of Coronavirus dies after returning from Saudi Arabia", "description": "A Hindustan Times report said that Mohammed Hussain Siddiqui was admitted to a hospital in Gulbarga and was then taken to CARE hospital in Hyderabad but he died while coming back.", "url": "https://economictimes.indiatimes.com/news/politics-and-nation/man-suspected-of-coronavirus-dies-after-returning-from-saudi-arabia/articleshow/74574771.cms", "urlToImage": "https://img.etimg.com/thumb/msid-74574821,width-1070,height-580,imgsize-350110,overlay-economictimes/photo.jpg", "publishedAt": "2020-03-11T09:20:26Z", "content": "A 76-year-old man has died after he returned to Karnataka from Saudi Arabia around ten days back.\r\nA Hindustan Times report said that Mohammed Hussain Siddiqui was admitted to a hospital in Gulbarga and was then taken to CARE hospital in Hyderabad but he died\u2026 [+484 chars]"}, {"source": {"id": "the-times-of-india", "name": "The Times of India"}, "author": "Indiatimes", "title": "How Ready Is India To Deal With Coronavirus?", "description": "With an extremely high population density and an overburdened healthcare infrastructure, can India deal with the threat of coronavirus?", "url": "https://www.indiatimes.com/videos/news-that-matters/how-ready-is-india-to-deal-with-coronavirus-508143.html", "urlToImage": "https://im.indiatimes.in/content/2020/Mar/Coronavirus-y_tthumbnail_5e688d017a457.jpg", "publishedAt": "2020-03-11T06:40:31Z", "content": "MORE FROM News That Matters\r\nCopyright \u00a9 2020 Times Internet Limited. Powered by Indiatimes Lifestyle Network. All rights reserved"}, {"source": {"id": "the-times-of-india", "name": "The Times of India"}, "author": "Indiatimes", "title": "Is Coronavirus Bringing Out The Worst In People?", "description": "A male flight attendant head-locked a Chinese woman on a flight while other crew members managed to pin her to her seat. The video was recorded by a co-passenger on the Bangkok-to-Shanghai flight and has since gone viral. It has been alleged that the woman de\u2026", "url": "https://www.indiatimes.com/videos/wtf/is-coronavirus-bringing-out-the-worst-in-people-508142.html", "urlToImage": "https://im.indiatimes.in/content/2020/Mar/YT-Is-Coronavirus-Bringing-Out-The-Worst-In-People__5e688c406899c.jpg", "publishedAt": "2020-03-11T06:36:46Z", "content": "Copyright \u00a9 2020 Times Internet Limited. Powered by Indiatimes Lifestyle Network. All rights reserved"}, {"source": {"id": "the-times-of-india", "name": "The Times of India"}, "author": "Reuters", "title": "Australia unveils $1.6 bln health package to combat coronavirus", "description": "Australia has been struggling to contain the disease, which is expected to take a significant economic toll, with the Treasury department warning the outbreak would cut at least half a percentage point from economic growth in the first quarter.", "url": "https://economictimes.indiatimes.com/news/international/world-news/australia-unveils-1-6-bln-health-package-to-combat-coronavirus/articleshow/74570538.cms", "urlToImage": "https://img.etimg.com/thumb/msid-74570572,width-1070,height-580,imgsize-588223,overlay-economictimes/photo.jpg", "publishedAt": "2020-03-11T05:15:33Z", "content": "SYDNEY: Australia announced a A$2.4 billion ($1.56 billion) health package on Wednesday that proposes setting up fever clinics and offering cost-free facilities for people to consult doctors over video calls, as it combats the spread of the coronavirus.\r\nAust\u2026 [+2259 chars]"}, {"source": {"id": "the-times-of-india", "name": "The Times of India"}, "author": "PTI", "title": "Two test positive for coronavirus in Mumbai", "description": "Two people in Mumbai have tested positive for coronavirus, health officials said on Wednesday.", "url": "https://timesofindia.indiatimes.com/city/mumbai/two-test-positive-for-coronavirus-in-mumbai/articleshow/74580565.cms", "urlToImage": "https://static.toiimg.com/thumb/msid-74580544,width-1070,height-580,imgsize-432535,resizemode-75,overlay-toi_sw,pt-32,y_pad-40/photo.jpg", "publishedAt": "2020-03-11T14:16:48Z", "content": null}, {"source": {"id": "the-times-of-india", "name": "The Times of India"}, "author": "PTI", "title": "India not to allow cruise ships with travel history to coronavirus-hit nations till Mar 31", "description": "The government last month had directed all 12 major ports to immediately put in place screening, detection and quarantine system for disembarking seafarers and cruise passengers as a preventive measure against the coronavirus outbreak.", "url": "https://economictimes.indiatimes.com/industry/transportation/shipping-/-transport/india-not-to-allow-cruise-ships-with-travel-history-to-coronavirus-hit-nations-till-mar-31/articleshow/74575795.cms", "urlToImage": "https://img.etimg.com/thumb/msid-74575884,width-1070,height-580,imgsize-219796,overlay-economictimes/photo.jpg", "publishedAt": "2020-03-11T10:10:05Z", "content": "NEW DELHI: India on Wednesday prohibited entry of any international cruise ship, crew or passenger with a travel history to coronavirus-hit countries post February 1, 2020 to its major ports till March 31. To prevent the spread of the deadly virus, the Minist\u2026 [+1887 chars]"}, {"source": {"id": "the-times-of-india", "name": "The Times of India"}, "author": "PTI", "title": "Amid coronavirus scare, AI pilots' body seeks exemption from breath analyser test", "description": "In a letter to the Directorate General of Civil Aviation chief Arun Kumar, the Indian Pilots Guild (IPG) said the virus is \"highly dangerous\" for the airline's crew involved in international flight operations as it poses an \"elevated risk\" of exposure to the \u2026", "url": "https://economictimes.indiatimes.com/industry/transportation/airlines-/-aviation/amid-coronavirus-scare-ai-pilots-body-seeks-exemption-from-breath-analyser-test/articleshow/74573372.cms", "urlToImage": "https://img.etimg.com/thumb/msid-74573416,width-1070,height-580,imgsize-95986,overlay-economictimes/photo.jpg", "publishedAt": "2020-03-11T07:48:46Z", "content": "MUMBAI: An Air India pilots' grouping has urged civil aviation regulator DGCA to exempt pilots from the mandatory pre and post-flight alcohol tests, amid the coronavirus scare. In a letter to the Directorate General of Civil Aviation chief Arun Kumar, the Ind\u2026 [+1473 chars]"}, {"source": {"id": "the-times-of-india", "name": "The Times of India"}, "author": "PTI", "title": "Vehicle production may be critically hampered due to coronavirus outbreak: SIAM", "description": "Indian auto industry had already maintained an inventory in the beginning of the year in anticipation of the Chinese New Year holiday but with the current lockdown in China, supply for BS-VI vehicles is likely to get impacted, SIAM President Ranjan Wadhera sa\u2026", "url": "https://economictimes.indiatimes.com/industry/auto/auto-news/vehicle-production-may-be-critically-hampered-due-to-coronavirus-outbreak-siam/articleshow/74574022.cms", "urlToImage": "https://img.etimg.com/thumb/msid-74574494,width-1070,height-580,imgsize-924637,overlay-economictimes/photo.jpg", "publishedAt": "2020-03-11T09:00:30Z", "content": "New Delhi: Vehicle production across all categories is likely to be critically hampered due to the coronavirus outbreak in China as many automakers in India import about 10 per cent of their raw materials from the neighbouring nation, auto industry body SIAM \u2026 [+938 chars]"}, {"source": {"id": "the-times-of-india", "name": "The Times of India"}, "author": "PTI", "title": "Sharing data of coronavirus on daily basis has created panic in country: IMA", "description": "Amid rising cases of novel coronavirus in the country, the Indian Medical Association (IMA) has said sharing data of infected people on a daily basis with the public has created panic across the country.", "url": "https://economictimes.indiatimes.com/industry/healthcare/biotech/healthcare/sharing-data-of-coronavirus-on-daily-basis-has-created-panic-in-country-ima/articleshow/74574882.cms", "urlToImage": "https://img.etimg.com/thumb/msid-74574915,width-1070,height-580,imgsize-140302,overlay-economictimes/photo.jpg", "publishedAt": "2020-03-11T09:23:48Z", "content": "Amid rising cases of novel coronavirus in the country, the Indian Medical Association (IMA) has said sharing data of infected people on a daily basis with the public has created panic across the country. It also appealed to the government to \"classify the dat\u2026 [+2435 chars]"}, {"source": {"id": "the-times-of-india", "name": "The Times of India"}, "author": "ET Online", "title": "Last minute fares drop as coronavirus count rises; Mumbai-Delhi return flight at Rs 5,000", "description": "According to a report in Times of India, last minute fares on Mumbai-Delhi for a return flight have dropped to as low as Rs 5,000 for a flight scheduled to depart in next 24 hours. \u201cMumbai-Delhi flights are always in high demand and even off-season, last minu\u2026", "url": "https://economictimes.indiatimes.com/industry/transportation/airlines-/-aviation/last-minute-fares-drop-as-coronavirus-count-rises-mumbai-delhi-return-flight-at-rs-5000/articleshow/74570490.cms", "urlToImage": "https://img.etimg.com/thumb/msid-74570520,width-1070,height-580,imgsize-253910,overlay-economictimes/photo.jpg", "publishedAt": "2020-03-11T05:16:50Z", "content": "As more and more cases of the novel coronavirus get reported in India, the number of ticket cancellations are going up leading to a drop in fares even on routes that generally see high traffic.\r\nAccording to a report in Times of India, last minute fares on Mu\u2026 [+1024 chars]"}, {"source": {"id": "the-times-of-india", "name": "The Times of India"}, "author": null, "title": "Asia XI, World XI matches postponed amid coronavirus fears", "description": "Cricket News: Bangladesh Cricket Board (BCB) on Wednesday decided to postpone the matches between Asia XI and World XI due to the global spread of coronavirus.", "url": "https://timesofindia.indiatimes.com/sports/cricket/news/asia-xi-world-xi-matches-postponed-amid-coronavirus-fears/articleshow/74579862.cms", "urlToImage": "https://static.toiimg.com/thumb/msid-74579872,width-1070,height-580,imgsize-1510570,resizemode-75,overlay-toi_sw,pt-32,y_pad-40/photo.jpg", "publishedAt": "2020-03-11T13:33:02Z", "content": "LONDON: Bangladesh Cricket Board (BCB) on Wednesday decided to postpone the matches between Asia XI and World XI due to the global spread of coronavirus.\r\nThe matches were going to be played on March 21 and 22 to mark the birthday celebrations of Sheikh Mujib\u2026 [+1294 chars]"}, {"source": {"id": "the-times-of-india", "name": "The Times of India"}, "author": null, "title": "Three F1 team members tested for coronavirus at Australian GP", "description": "Three staff members of Formula One teams have been isolated at the Australian Grand Prix while tests are conducted to see if they have coronavirus, officials said on Wednesday.", "url": "https://timesofindia.indiatimes.com/sports/racing/top-stories/three-f1-team-members-tested-for-coronavirus-at-australian-gp/articleshow/74574447.cms", "urlToImage": "https://static.toiimg.com/thumb/msid-74574435,width-1070,height-580,imgsize-1183829,resizemode-75,overlay-toi_sw,pt-32,y_pad-40/photo.jpg", "publishedAt": "2020-03-11T08:36:08Z", "content": "MELBOURNE: Three staff members of Formula One teams have been isolated at the Australian Grand Prix while tests are conducted to see if they have coronavirus, officials said on Wednesday.\r\nTwo were from the Haas F1 team and one from McLaren.\r\n\"Two personnel w\u2026 [+1701 chars]"}, {"source": {"id": "the-times-of-india", "name": "The Times of India"}, "author": "Reuters", "title": "Coronavirus fears hit the market hard. How much did ordinary Americans lose?", "description": "Americans are mostly exposed to stocks via their 401(k) retirement plans.", "url": "https://economictimes.indiatimes.com/markets/stocks/news/coronavirus-fears-hit-the-market-hard-how-much-did-ordinary-americans-lose/articleshow/74577282.cms", "urlToImage": "https://img.etimg.com/thumb/msid-74577310,width-1070,height-580,imgsize-225679,overlay-etmarkets/photo.jpg", "publishedAt": "2020-03-11T11:25:53Z", "content": "NEW YORK: The deep declines in the U.S. stock market over the last three weeks has left a dent in retirement portfolios and brokerage accounts, costing on average each person in the United States around $16,000 as of Monday's close before a rebound Tuesday er\u2026 [+7545 chars]"}, {"source": {"id": "the-times-of-india", "name": "The Times of India"}, "author": "Reuters", "title": "Dow Jones tanks 700 pts at open as investors wary of US response to coronavirus", "description": "The Nasdaq Composite dropped 208.01 points, or 2.49%, to 8,136.25 at the opening bell.", "url": "https://economictimes.indiatimes.com/markets/stocks/news/dow-jones-tanks-700-pts-at-open-as-investors-wary-of-us-response-to-coronavirus/articleshow/74579648.cms", "urlToImage": "https://img.etimg.com/thumb/msid-74579615,width-1070,height-580,imgsize-1342753,overlay-etmarkets/photo.jpg", "publishedAt": "2020-03-11T13:40:58Z", "content": "US stock indexes dropped sharply on Wednesday after attempting a rebound in the previous session, on skepticism around President Donald Trump's stimulus plan to combat the coronavirus outbreak.\r\nThe benchmark S&amp;P 500 index was 17.6% below its all-time pea\u2026 [+2157 chars]"}, {"source": {"id": "the-times-of-india", "name": "The Times of India"}, "author": "ET Online", "title": "All tourist visas suspended till April 15th to prevent coronavirus spread: Govt", "description": "\"All existing visas, except diplomatic, official, UN/international organizations, employment, project visas, stand suspended till 15th April 2020,\" Ministry of Home Affairs (MHA) said in the statement.", "url": "https://economictimes.indiatimes.com/news/politics-and-nation/all-tourist-visas-suspends-till-april-15th-to-prevent-coronavirus-spread-govt/articleshow/74582547.cms", "urlToImage": "https://img.etimg.com/thumb/msid-74582571,width-1070,height-580,imgsize-725032,overlay-economictimes/photo.jpg", "publishedAt": "2020-03-11T17:00:59Z", "content": "Amid the novel coronavirus outbreak, the cabinet secretary on Wednesday said all states and Union Territories should invoke provisions of Section 2 of the Epidemic Diseases Act, 1897 by means of which all advisories issued by the Union health ministry and sta\u2026 [+2191 chars]"}, {"source": {"id": "the-times-of-india", "name": "The Times of India"}, "author": "ET Online and Agencies", "title": "Coronavirus is now pandemic: What is a pandemic and how it affects you", "description": "The word \"pandemic comes from the Greek 'pandemos'. Demos means the population, Pan meaning everyone. So 'pandemos' is a concept where there's a belief that the whole world's population will likely be exposed to this infection and potentially a proportion of \u2026", "url": "https://economictimes.indiatimes.com/news/politics-and-nation/coronavirus-is-now-pandemic-read-whats-pandemic-and-how-it-affects-you/articleshow/74582657.cms", "urlToImage": "https://img.etimg.com/thumb/msid-74582966,width-1070,height-580,imgsize-661499,overlay-economictimes/photo.jpg", "publishedAt": "2020-03-11T17:25:50Z", "content": "Expressing alarm over rising infections and slow responses by the governments, the World Health Organization (WHO) today declared the \r\ncoronavirus crisis a pandemic. A pandemic is defined as the \"worldwide spread\" of a new disease. The last pandemic reported\u2026 [+1483 chars]"}, {"source": {"id": "the-times-of-india", "name": "The Times of India"}, "author": "PTI", "title": "Govt focusing on bringing back Indians from Coronavirus-hit Italy, Iran: S Jaishankar", "description": "External Affairs Minister S Jaishankar said India has brought back its 58 citizens from Iran and the government was working with Iranian authorities to operate some limited commercial flights for facilitating early return of the remaining Indians after testin\u2026", "url": "https://economictimes.indiatimes.com/news/politics-and-nation/govt-focusing-on-bringing-back-indians-from-coronavirus-hit-italy-iran-s-jaishankar/articleshow/74579984.cms", "urlToImage": "https://img.etimg.com/thumb/msid-74580003,width-1070,height-580,imgsize-383969,overlay-economictimes/photo.jpg", "publishedAt": "2020-03-11T13:59:33Z", "content": "New Delhi: India will be sending a team of doctors to Italy by Thursday for testing its nationals for coronavirus to bring them back, while samples of 529 more people have been brought from Iran, the government said on Wednesday, asserting it was focusing on \u2026 [+5470 chars]"}, {"source": {"id": "the-times-of-india", "name": "The Times of India"}, "author": "Bobins Abraham", "title": "Improving Internet To Mid-Day Meals At Home, How Kerala Is Preparing For Coronavirus 'Lockdown'", "description": "Kerala, the only state in India which has so far managed to get three confirmed Coronavirus (Covid-19) patients recover and discharged from hospitals is gearing up for yet another battle with the deadly outbreak. \n\nLast week after a three-member family who ha\u2026", "url": "https://www.indiatimes.com/news/india/improving-internet-to-mid-day-meals-at-home-how-kerala-is-preparing-for-coronavirus-lockdown-508125.html", "urlToImage": "https://im.indiatimes.in/content/2020/Mar/FBImage1-12_5e687991bf29b.jpg", "publishedAt": "2020-03-11T05:20:51Z", "content": "Kerala, the only state in India which has so far managed to get three confirmed Coronavirus (Covid-19) patients recover and discharged from hospitals is gearing up for yet another battle with the deadly outbreak.\u00a0\r\nLast week after a three-member family who ha\u2026 [+2580 chars]"}, {"source": {"id": "the-times-of-india", "name": "The Times of India"}, "author": "KC Archana", "title": "Chinese Man Jailed For 3 Months After Lying About Contracting Coronavirus Just To Avoid Work", "description": "Click here to read about a man in China who lied about being infected with coronavirus in order to avoid going to the office. Reportedly, he informed his office one day about his supposed health condition, he is now facing three months in jail for spreading f\u2026", "url": "https://www.indiatimes.com/trending/wtf/chinese-man-jailed-lying-about-coronavirus-508141.html", "urlToImage": "https://im.indiatimes.in/content/2020/Mar/HAndwash--1_5e688e9583ef4.jpg", "publishedAt": "2020-03-11T06:17:25Z", "content": "It has been more than a month since the lockdown prompted by China's biggest health emergencies brought normal life to a complete standstill in the country - from travel bans to being publicly shamed for not wearing masks, the residents have seen it all.\u00a0\r\nAm\u2026 [+2219 chars]"}, {"source": {"id": "the-times-of-india", "name": "The Times of India"}, "author": "Somak Adhikari", "title": "In A Bid To Combat Coronavirus, Indian Players Might Limit Saliva Usage For Shining The Ball", "description": "Bhuvneshwar Kumar has hinted that Team India may keep the use of saliva to shine the white ball to a minimum in order to reduce risk of coronavirus infection. The first ODI vs South Africa will be played in Dharamsala on March 12.", "url": "https://www.indiatimes.com/sports/in-a-bid-to-combat-coronavirus-indian-players-might-limit-saliva-usage-for-shining-the-ball-508168.html", "urlToImage": "https://im.indiatimes.in/content/2020/Mar/fb_5e68aa28ee16e.jpg", "publishedAt": "2020-03-11T08:46:06Z", "content": "Bhuvneshwar Kumar has hinted that Team India may keep the use of saliva to shine the white ball to a minimum in order to reduce risk of coronavirus infection. The first ODI vs South Africa will be played in Dharamsala on March 12.\u00a0\u00a0\r\n''We have thought about t\u2026 [+1615 chars]"}, {"source": {"id": "the-times-of-india", "name": "The Times of India"}, "author": "Somak Adhikari", "title": "Coronavirus Effect - IPL Matches In Mumbai Will Be Held Without Spectators Which Kills All The Excitement", "description": "In what is bad news for MI fans, all IPL matches in Mumbai shall be held without spectators. This is to reduce risk of coronavirus infection.", "url": "https://www.indiatimes.com/sports/coronavirus-effect-ipl-matches-in-mumbai-will-be-held-without-spectators-which-kills-all-the-excitement-508208.html", "urlToImage": "https://im.indiatimes.in/content/2020/Mar/fb_5e68ec97b63fd.jpg", "publishedAt": "2020-03-11T13:29:35Z", "content": "In what is bad news for MI fans, all IPL matches in Mumbai shall be held without spectators. This is to reduce risk of coronavirus infection.\r\nThe Maharashtra cabinet gave permission for matches to go ahead. But it's only condition was that the games would be\u2026 [+1482 chars]"}, {"source": {"id": "the-times-of-india", "name": "The Times of India"}, "author": "Ananya Jain", "title": "Thailand Cancels Visa On Arrival For Indians And 17 Other Countries Amid Coronavirus Scare", "description": "Thailand on Wednesday cancelled visa on arrival for Indians amid coronavirus scare. Due to coronavirus Thailand has cancelled visa on arrival for 18 countries which includes India as well.", "url": "https://www.indiatimes.com/news/thailand-cancels-visa-on-arrival-for-indians-and-17-other-countries-amid-coronavirus-scare-508205.html", "urlToImage": "https://im.indiatimes.in/content/2020/Mar/RTS35E5D_5e68d9b957242.jpg", "publishedAt": "2020-03-11T12:30:39Z", "content": "Thailand on Wednesday cancelled visa on arrival for Indians amid coronavirus scare. Due to coronavirus, Thailand has also cancelled visa on arrival for 18 countries including India too.\r\nIndian visitors to Thailand are huge in number, the tropical paradise li\u2026 [+795 chars]"}, {"source": {"id": "the-times-of-india", "name": "The Times of India"}, "author": "Garima Satija", "title": "No, Daniel Radcliffe Doesn't Have Coronavirus! Actor Clarifies After Fake News Goes Viral", "description": "While coronavirus outbreak has taken over the world, there is a lot of misinformation, rumours and myths spreading via internet. One such  fake news about Daniel Radcliffe having contracted coronavirus has also gone viral on social media. Things were so inten\u2026", "url": "https://www.indiatimes.com/entertainment/celebs/daniel-radcliffe-doesnt-have-coronavirus-actor-clarifies-after-fake-news-goes-viral-508131.html", "urlToImage": "https://im.indiatimes.in/content/2020/Mar/Untitled-design---2020-03-11T112344270_5e687e30a61fb.png", "publishedAt": "2020-03-11T05:35:39Z", "content": "While coronavirus outbreak has taken over the world, there is a lot of misinformation, rumours and myths spreading via internet. One such fake news about Daniel Radcliffe having contracted coronavirus has also gone viral on social media. Things were so intens\u2026 [+1674 chars]"}, {"source": {"id": "the-times-of-india", "name": "The Times of India"}, "author": "Shweta Sengar", "title": "Jackfruit Is New Chicken-Mutton Substitute & Is Selling More Than Meat Due To Coronavirus Scare", "description": "People have turned their back on chicken and mutton and are instead opting to eat the humble jackfruit, often considered an alternative to non-vegetarian food.", "url": "https://www.indiatimes.com/news/india/jackfruit-is-new-chicken-mutton-substitute-is-selling-more-than-meat-due-to-coronavirus-scare-508135.html", "urlToImage": "https://im.indiatimes.in/content/2020/Mar/FBImage4-12_5e6885659572e.jpg", "publishedAt": "2020-03-11T06:10:21Z", "content": "People have turned their back on chicken and mutton and are instead opting to eat the humble jackfruit, often considered an alternative to non-vegetarian food.\u00a0\r\nThe sales of chicken and mutton have gone down due to coronavirus scare, and 'kathal' has emerged\u2026 [+1116 chars]"}, {"source": {"id": "the-times-of-india", "name": "The Times of India"}, "author": "Anuj Tiwari", "title": "Coronavirus: Why Are These Statues & Idols Across The World Wearing Facemasks?", "description": "As the novel coronavirus outbreak continues to spread globally, we come across some news or the other that makes us a little more scared of this epidemic-causing disease. We have been covering our faces, washing our hands more often and taking personal hygien\u2026", "url": "https://www.indiatimes.com/trending/social-relevance/coronavirus-statues-and-idols-wear-facemasks-508187.html", "urlToImage": "https://im.indiatimes.in/photogallery/2020/Mar/fb_5e68cb22a3e8e.jpg", "publishedAt": "2020-03-11T11:25:05Z", "content": "As the novel coronavirus outbreak continues to spread globally, we come across some news or the other that makes us a little more scared of this epidemic-causing disease. We have been covering our faces, washing our hands more often and taking personal hygien\u2026 [+1568 chars]"}, {"source": {"id": "the-times-of-india", "name": "The Times of India"}, "author": "Bobins Abraham", "title": "China, Taiwan, Italy And India: Here's What The World Is Doing To Contain Spread Of Coronavirus", "description": "In early January China took the unprecedented step of locking down an entire city - Wuhan in Hubei province as a desperate attempt to contain the spread of the Coronavirus outbreak.\nNow, almost two months later the city of 11 million is breathing a sigh of re\u2026", "url": "https://www.indiatimes.com/news/india/china-taiwan-italy-and-india-heres-what-the-world-is-doing-to-contain-spread-of-coronavirus-508177.html", "urlToImage": "https://im.indiatimes.in/content/2020/Mar/FBImage14-3_5e68c94be8034.jpg", "publishedAt": "2020-03-11T10:42:58Z", "content": "In early January, China took the unprecedented step of locking down an entire city - Wuhan in Hubei province as a desperate attempt to contain the spread of Coronavirus outbreak.\r\nNow, almost two months later, the city of 11 million is breathing a sigh of rel\u2026 [+5458 chars]"}, {"source": {"id": "the-times-of-india", "name": "The Times of India"}, "author": "Indiatimes", "title": "Coronavirus: Over 3100 Deaths So Far Globally, Outbreak Spread To Over 100 Countries Now", "description": "China reported an increase in imported coronavirus cases Wednesday as Beijing stepped up measures at its main international airport over fears that infections from abroad could undo the country's progress against the epidemic.", "url": "https://www.indiatimes.com/news/world/coronavirus-over-3100-deaths-so-far-globally-outbreak-spread-to-over-100-countries-now-508183.html", "urlToImage": "https://im.indiatimes.in/content/2020/Mar/afp4_5e68c76f88298.jpg", "publishedAt": "2020-03-11T11:10:33Z", "content": "China reported an increase in imported coronavirus cases on Wednesday as Beijing stepped up measures at its main international airport over fears that infections from abroad could undo the country's progress against the epidemic.\r\nThere were 22 more deaths an\u2026 [+2390 chars]"}, {"source": {"id": "the-times-of-india", "name": "The Times of India"}, "author": "Sarthak Dogra", "title": "Coronavirus Haunts Biggest Annual Gaming Event, As 'E3' Stands To Get Cancelled", "description": "As concerns around the spread of COVID-19 increase, E3 gaming event will be the next in line to be cancelled this year citing this fear. As reports online of the event's cancellation gain steam, here is how the organiser's are expected to break the news to th\u2026", "url": "https://www.indiatimes.com/technology/news/coronavirus-haunts-biggest-annual-gaming-event-as-e3-stands-to-get-cancelled-508209.html", "urlToImage": "https://im.indiatimes.in/content/2020/Mar/RTX6Z3KM_5e68f06ce1853.jpg", "publishedAt": "2020-03-11T13:35:30Z", "content": "Coronavirus fear has gripped the biggest annual gaming event E3 in its grip and as per recent reports online, the event is on the verge of being cancelled. The confirmation for the same is expected to come by as soon as Wednesday, March 11.\r\nFor those unaware\u2026 [+1623 chars]"}, {"source": {"id": "the-times-of-india", "name": "The Times of India"}, "author": "Indiatimes", "title": "Coronavirus Cases Rise In India, Nirbhaya Convict's Delay Tactics + More Top News", "description": "Officials at the World Health Organization (WHO) said that of about 80,000 people who have been sickened by COVID-19 in China, more than 70% have recovered and been discharged from hospitals. Read more", "url": "https://www.indiatimes.com/news/india/coronavirus-cases-rise-in-india-nirbhaya-convicts-delay-tactics-more-top-news-508204.html", "urlToImage": "https://im.indiatimes.in/content/2020/Mar/Coronavirus-Mask-Wearing-Method-123444_5e6887a137e2a.jpg", "publishedAt": "2020-03-11T12:40:45Z", "content": "AFP\r\nOfficials at the World Health Organization (WHO) said that of about 80,000 people who have been sickened by COVID-19 in China, more than 70% have recovered and been discharged from hospitals. Read more\r\nHere's more top news of the day:\r\n1) Another Delayi\u2026 [+1790 chars]"}, {"source": {"id": "the-times-of-india", "name": "The Times of India"}, "author": "Vatsala Devki Vats", "title": "Hazmat To Face Mask! Naomi Campbell's Extreme Plane Gear Amidst Coronavirus Outbreak Is 'Next Level'", "description": "In this photo, the gorgeous 49-year-old English supermodel can be seen wearing a full hazmat suit, complete with goggles, a surgical mask, and pink rubber gloves. \nSeen posing with a white suitcase, Naomi captioned her photo saying, \"Safety First NEXT LEVEL\".\u2026", "url": "https://www.indiatimes.com/entertainment/queen-of-hygiene-travel-naomi-campbells-extreme-plane-gear-amidst-coronavirus-outbreak-is-a-must-see-508203.html", "urlToImage": "https://im.indiatimes.in/content/2020/Mar/FBImage19-1_5e68d866860ed.jpg", "publishedAt": "2020-03-11T11:32:29Z", "content": "The queen of hygiene travel has arrived and how.\u00a0Supermodel Naomi Campbell has redefined the whole idea of airport looks especially now because of the coronavirus outbreak. Check it out below!\u00a0\r\nIn this photo, the gorgeous 49-year-old English supermodel can b\u2026 [+674 chars]"}, {"source": {"id": "the-times-of-india", "name": "The Times of India"}, "author": "Shreya Chauhan", "title": "Coronavirus: All Of Italy Under Lockdown But An Earthquake Forced People To Come To The Streets", "description": "Click here to read about the earthquake that shook parts of Italy, a country completely under lockdown because of coronavirus scare.", "url": "https://www.indiatimes.com/trending/social-relevance/coronavirus-italy-lockdown-earthquake-508132.html", "urlToImage": "https://im.indiatimes.in/content/2020/Mar/skynews-rome-italy-coronavirus_4941523_5e687fcbc9db4.jpg", "publishedAt": "2020-03-11T05:02:12Z", "content": "Italy, a country of about 60 million is on a countrywide lockdown following the the death toll\u00a0that crossed 600\u00a0because of coronavirus. 168 people in Italy died in 24 hours, the highest toll the country recorded in a single day.\u00a0\r\nPeople have been asked to st\u2026 [+1225 chars]"}]}