{"status": "ok", "totalResults": 4, "articles": [{"source": {"id": "rte", "name": "RTE"}, "author": "RT\u00c9 News", "title": "Christ the Redeemer lit up for coronavirus solidarity", "description": "Rio de Janeiro's Christ the Redeemer statue was lit up last night with images of continents grappling with the coronavirus pandemic in a show of global solidarity.", "url": "https://www.rte.ie/news/newslens/2020/0319/1124064-christ-the-redeemer-coronavirus/", "urlToImage": "https://img.rasset.ie/0013ed49-1600.jpg", "publishedAt": "2020-03-19T07:44:14Z", "content": "Rio de Janeiro's Christ the\u00a0Redeemer statue was\u00a0lit up last night with images of continents grappling with the coronavirus pandemic in a show of global solidarity.\r\nAt least 8,710 people have died from Covid-19, and 204,487 have been infected globally, follow\u2026 [+145 chars]"}, {"source": {"id": "rte", "name": "RTE"}, "author": "RT\u00c9 News", "title": "China reports zero new coronavirus cases for first time", "description": "China has today marked a major milestone in its battle against the coronavirus pandemic as it recorded zero domestic infections for the first time since the outbreak emerged, but a spike in imported cases.", "url": "https://www.rte.ie/news/coronavirus/2020/0319/1124040-chinese-virus-milestone/", "urlToImage": "https://img.rasset.ie/0013ed37-1600.jpg", "publishedAt": "2020-03-19T03:32:22Z", "content": "China has today marked a major milestone in its battle against the coronavirus pandemic as it recorded zero domestic infections for the first time since the outbreak emerged, but a spike in imported cases.\r\nThe stark reversal comes as nations across the world\u2026 [+3264 chars]"}, {"source": {"id": "rte", "name": "RTE"}, "author": "RT\u00c9 News", "title": "Ocado says coronavirus boosting demand", "description": "Online supermarket Ocado has seen growth double in March as the business is overwhelmed by new orders from people staying indoors to avoid the coronavirus pandemic.", "url": "https://www.rte.ie/news/business/2020/0319/1124063-ocado-reports-trade-boost/", "urlToImage": "https://img.rasset.ie/000fe515-1600.jpg", "publishedAt": "2020-03-19T07:32:32Z", "content": "Online supermarket Ocado has seen growth double in March as the business is overwhelmed by new orders from people staying indoors to avoid the coronavirus pandemic.\r\nThe retailer, which yesterday temporarily shut down its website to give itself breathing spac\u2026 [+403 chars]"}, {"source": {"id": "rte", "name": "RTE"}, "author": "RT\u00c9 News", "title": "Next says it can weather coronavirus storm", "description": "Clothing retailer Next said today the industry was facing a crisis that is unprecedented in living memory, but believes that its balance sheet and margins will help it weather the storm.", "url": "https://www.rte.ie/news/business/2020/0319/1124058-next-annual-results/", "urlToImage": "https://img.rasset.ie/000d5ff0-1600.jpg", "publishedAt": "2020-03-19T07:18:25Z", "content": "Clothing retailer Next said today the industry was facing a crisis that is unprecedented in living memory, but believes that its balance sheet and margins will help it weather the storm.\u00a0\r\nThe group said it has no experience of a similar crisis so there is no\u2026 [+98 chars]"}]}