{"status": "ok", "totalResults": 4, "articles": [{"source": {"id": "rte", "name": "RTE"}, "author": "RT\u00c9 News", "title": "Coronavirus: 24 hours around the world in pictures", "description": "Over a 24-hour period, in a world where a third of humanity is now under orders to stay home, photographers have captured snapshots of daily life during the coronavirus pandemic.", "url": "https://www.rte.ie/news/world/2020/0326/1126489-around-the-world-coronavirus/", "urlToImage": "https://img.rasset.ie/001400aa-1600.jpg", "publishedAt": "2020-03-26T09:13:33Z", "content": "Over a 24-hour period, in a world where a third of humanity is now under orders to stay home, photographers have captured snapshots of daily life during the coronavirus pandemic.\r\nFrom Paris to Santa Monica, Dhaka to Panama, life has shuddered to a halt in va\u2026 [+4482 chars]"}, {"source": {"id": "rte", "name": "RTE"}, "author": "RT\u00c9 News", "title": "Daily Mirror and Mail predict coronavirus financial hit", "description": "The publishers of the Daily Mail and Daily Mirror newspapers both flagged expected financial hits from the coronavirus crisis today, saying advertising and other revenue would be weakened.", "url": "https://www.rte.ie/news/business/2020/0326/1126466-uk-newspaper-groups-on-virus-hit/", "urlToImage": "https://img.rasset.ie/000e1978-1600.jpg", "publishedAt": "2020-03-26T08:14:30Z", "content": "The publishers of the Daily Mail and Daily Mirror newspapers both flagged expected financial hits from the coronavirus crisis today, saying advertising and other revenue would be weakened.\u00a0\r\nDaily Mail and General Trust suspended its full-year outlook as it p\u2026 [+1832 chars]"}, {"source": {"id": "rte", "name": "RTE"}, "author": "RT\u00c9 News", "title": "Dixons Carphone warns on profit due to coronavirus", "description": "UK electricals retailer Dixons Carphone has warned it would not meet its previous guidance for 2019-20 profit and debt due to the coronavirus emergency which has forced the closure of its stores in Ireland, the UK and Greece.", "url": "https://www.rte.ie/news/business/2020/0326/1126457-dixons-carphone-warning/", "urlToImage": "https://img.rasset.ie/0010066f-1600.jpg", "publishedAt": "2020-03-26T07:35:33Z", "content": "UK electricals retailer Dixons Carphone has warned it would not meet its previous guidance for 2019-20 profit and debt due to the coronavirus emergency which has forced the closure of its stores in Ireland, the UK and Greece.\u00a0\r\nThe group's previous guidance w\u2026 [+1373 chars]"}, {"source": {"id": "rte", "name": "RTE"}, "author": "RT\u00c9 News", "title": "Explainer: How coronavirus is transmitted", "description": "", "url": "https://www.rte.ie/news/coronavirus/2020/0326/1126454-coronavirus-explained/", "urlToImage": "https://img.rasset.ie/0013ffb0-1600.jpg", "publishedAt": "2020-03-26T08:20:38Z", "content": "There are 1,564 confirmed cases of coronavirus in Ireland with nine deaths attributed to the disease.\r\nWorldwide, there have been more than 447,000\u00a0confirmed cases and 20,599 deaths.\r\nThe epicentre of the disease has moved from China to Europe, and the World \u2026 [+11364 chars]"}]}