{"status": "ok", "totalResults": 3, "articles": [{"source": {"id": "rte", "name": "RTE"}, "author": "RT\u00c9 News", "title": "Global coronavirus cases top 1.5 million", "description": "More than 1.5 million cases of Covid-19 have been registered worldwide, according to a tally compiled by AFP from official sources.", "url": "https://www.rte.ie/news/coronavirus/2020/0409/1129474-covid19-coronavirus-world/", "urlToImage": "https://img.rasset.ie/0013ffd2-1600.jpg", "publishedAt": "2020-04-09T06:39:06Z", "content": "More than 1.5 million cases of Covid-19\u00a0have been registered worldwide, according to a tally compiled by AFP from official sources.\r\nOf the 1,502,478 infections, 87,320 people have died across 192 countries and territories since the epidemic first emerged in \u2026 [+6238 chars]"}, {"source": {"id": "rte", "name": "RTE"}, "author": "RT\u00c9 Entertainment", "title": "Corrie's Simon Gregson floored by coronavirus", "description": "Coronation Street star Simon Gregson has revealed that he has been suffering with the \"bloody awful\" coronavirus.", "url": "https://www.rte.ie/entertainment/2020/0409/1129683-corries-simon-gregson-floored-by-coronavirus/", "urlToImage": "https://img.rasset.ie/0009b9d2-1600.jpg", "publishedAt": "2020-04-09T17:38:06Z", "content": "Coronation Street star Simon Gregson has revealed that he has been suffering with the \"bloody awful\"\u00a0coronavirus.\r\nThe 45-year-old actor, who has played\u00a0Steve McDonald on the soap since 1989, urged fans to stay safe.\r\nHe wrote on Twitter: \"1st day out of bed \u2026 [+787 chars]"}, {"source": {"id": "rte", "name": "RTE"}, "author": "RT\u00c9 Entertainment", "title": "Paul O'Grady convinced he's been battling coronavirus", "description": "British TV presenter Paul O'Grady is convinced he's been battling coronavirus while in self-isolation.", "url": "https://www.rte.ie/entertainment/2020/0409/1129704-paul-ogrady-convinced-hes-been-battling-coronavirus/", "urlToImage": "https://img.rasset.ie/0011992d-1600.jpg", "publishedAt": "2020-04-09T20:00:05Z", "content": "British TV presenter Paul O'Grady is convinced he's been battling coronavirus while in self-isolation.\r\nThe 64-year-old had stepped down from his BBC Radio 2 show to protect himself from the deadly virus as he suffers from heart problems.\r\nSpeaking to fellow \u2026 [+1904 chars]"}]}