{"status": "ok", "totalResults": 6, "articles": [{"source": {"id": "rte", "name": "RTE"}, "author": "RT\u00c9 News", "title": "Coronavirus: Latest developments around the world", "description": "More than 1.277 million confirmed cases of Covid-19, including 70,009 deaths, have now been recorded around the world.", "url": "https://www.rte.ie/news/coronavirus/2020/0406/1128840-coronavirus-global-latest/", "urlToImage": "https://img.rasset.ie/0014110c-1600.jpg", "publishedAt": "2020-04-06T13:26:58Z", "content": "More than 1.277 million confirmed cases of Covid-19, including 70,009 deaths, have now been recorded around the world.\r\nCases have been identified in 191 countries and territories around the world since the virus emerged in China in December.\r\nMore than 50,00\u2026 [+2018 chars]"}, {"source": {"id": "rte", "name": "RTE"}, "author": "Sean Whelan", "title": "As UK fights coronavirus, Johnson in intensive care", "description": "Tonight, the coronavirus epidemic in the United Kingdom became very real. The Prime Minister, Boris Johnson, was moved into an intensive care unit at 7pm this evening after his condition deteriorated.", "url": "https://www.rte.ie/news/coronavirus/2020/0406/1128935-analysis-uk-johnson/", "urlToImage": "https://img.rasset.ie/0012596e-1600.jpg", "publishedAt": "2020-04-06T22:26:39Z", "content": "Tonight, the coronavirus epidemic in the United Kingdom became very real.\r\nThe Prime Minister, Boris Johnson - one of the best known figures in the land - is now stricken with Covid-19.\r\nAnd everyone knows Boris - or at least feels they do: it's one of the se\u2026 [+4415 chars]"}, {"source": {"id": "rte", "name": "RTE"}, "author": "RT\u00c9 Sport", "title": "Fury taking the positives from coronavirus isolation", "description": "Tyson Fury has vowed to emerge as a \"different person\" from the coronavirus crisis and admitted the ongoing pandemic has put his future in boxing into perspective.", "url": "https://www.rte.ie/sport/boxing/2020/0406/1128753-fury-taking-the-positives-from-coronavirus-isolation/", "urlToImage": "https://img.rasset.ie/0013e77b-1600.jpg", "publishedAt": "2020-04-06T09:07:25Z", "content": "Tyson Fury has vowed to emerge as a \"different person\" from the coronavirus crisis and admitted the ongoing pandemic has put his future in boxing into perspective.\r\nFury, who has fought a well-documented battle with mental health issues, says talk of a third \u2026 [+1840 chars]"}, {"source": {"id": "rte", "name": "RTE"}, "author": "RT\u00c9 News", "title": "BT commits to no job losses due to coronavirus crisis", "description": "Telecoms giant BT has today committed to no job losses related to the coronavirus crisis for the foreseeable future.", "url": "https://www.rte.ie/news/business/2020/0406/1128754-bt-says-wont-cut-jobs/", "urlToImage": "https://img.rasset.ie/00052f38-1600.jpg", "publishedAt": "2020-04-06T09:05:51Z", "content": "Telecoms giant BT has today committed to no job losses related to the coronavirus crisis for the foreseeable future.\u00a0\r\nThe firm said it would increase pay for \"team member\" workers and freeze pay for managers.\r\nBT's chief executive Philip Jansen also said he \u2026 [+56 chars]"}, {"source": {"id": "rte", "name": "RTE"}, "author": "RT\u00c9 Entertainment", "title": "Aliens actor Jay Benedict has died of coronavirus", "description": "Actor Jay Benedict, who starred in sci-fi epic Aliens, The Dark Knight and English soap Emmerdale, has died at the age of 68 after contracting coronavirus.", "url": "https://www.rte.ie/entertainment/2020/0406/1128861-aliens-actor-jay-benedict-has-died-of-coronavirus/", "urlToImage": "https://img.rasset.ie/001411a6-1600.jpg", "publishedAt": "2020-04-06T15:46:03Z", "content": "Actor Jay Benedict, who starred in sci-if epic Aliens, The Dark Knight Rises and English soap Emmerdale, has died at the age of 68 after contracting coronavirus.\r\nIn a statement posted on his official website, his management team wrote: \"It is with profound s\u2026 [+1574 chars]"}, {"source": {"id": "rte", "name": "RTE"}, "author": "RT\u00c9 Entertainment", "title": "John Taylor of Duran Duran reveals Coronavirus recovery", "description": "Duran Duran bassist John Taylor says he tested positive for coronavirus \"three weeks ago,\" but he has now recovered and is feeling OK.", "url": "https://www.rte.ie/entertainment/2020/0406/1128736-john-taylor-of-duran-duran-reveals-coronavirus-recovery/", "urlToImage": "https://img.rasset.ie/0014105e-1600.jpg", "publishedAt": "2020-04-06T09:03:57Z", "content": "Duran Duran bassist John Taylor says he tested positive for coronavirus \"three weeks ago,\" but\u00a0he has recovered and is feeling OK.\r\nPosting in the band's social media sites, the 59-year-old said, \"I want to let you know that it isn't always a killer and we ca\u2026 [+652 chars]"}]}