{"status": "ok", "totalResults": 55, "articles": [{"source": {"id": "the-irish-times", "name": "The Irish Times"}, "author": "Conor Pope, Martin Wall, Pat Leahy", "title": "Coronavirus: Pressure builds to limit mass gatherings", "description": "Six Nations match between Ireland and France in Paris in doubt", "url": "https://www.irishtimes.com/news/ireland/irish-news/coronavirus-pressure-builds-to-limit-mass-gatherings-1.4196902", "urlToImage": "https://www.irishtimes.com/image-creator/?id=1.4196901&origw=1440", "publishedAt": "2020-03-09T00:10:54Z", "content": "The first meeting of a Cabinet committee on the coronavirus will take place at Government Buildings on Monday as Ireland comes under pressure to follow a number of other European countries in limiting large public gatherings.\r\nThe French government announced \u2026 [+4527 chars]"}, {"source": {"id": "the-irish-times", "name": "The Irish Times"}, "author": "Conor Pope", "title": "Coronavirus: Pitfalls of poor hand-washing revealed by UV light", "description": "Virologist warns techniques of many is wrong and could leave viruses on fingers and nails", "url": "https://www.irishtimes.com/news/health/coronavirus-pitfalls-of-poor-hand-washing-revealed-by-uv-light-1.4197876", "urlToImage": "https://www.irishtimes.com/image-creator/?id=1.4197877&origw=1280", "publishedAt": "2020-03-09T19:33:01Z", "content": "While most Irish people have become much more focused when it comes to hand hygiene in recent days as fears over the impact of coronavirus have grown, a leading virologist in Trinity College Dublin has warned that the techniques employed by many is still wron\u2026 [+2306 chars]"}, {"source": {"id": "the-irish-times", "name": "The Irish Times"}, "author": "Jack Power", "title": "Coronavirus: Decision to cancel St Patrick\u2019s Day parades \u2018disappointing\u2019", "description": "Dublin organisers welcome move as being in the \u2018best interests of public health\u2019", "url": "https://www.irishtimes.com/news/ireland/irish-news/coronavirus-decision-to-cancel-st-patrick-s-day-parades-disappointing-1.4197838", "urlToImage": "https://www.irishtimes.com/image-creator/?id=1.4197837&origw=1440", "publishedAt": "2020-03-09T18:56:58Z", "content": "Tourism and business groups have said the decision to cancel the upcoming St Patricks Day parades in an effort to prevent the spread of the coronavirus was disappointing but understandable.\r\nThe organisers of the main Dublin parade welcomed the decision in th\u2026 [+3434 chars]"}, {"source": {"id": "the-irish-times", "name": "The Irish Times"}, "author": "Ronan McGreevy", "title": "Coronavirus: Full list of events cancelled in Ireland", "description": "St Patrick\u2019s Day Parade in Minister for Health\u2019s hometown of Greystones cancelled", "url": "https://www.irishtimes.com/news/ireland/irish-news/coronavirus-full-list-of-events-cancelled-in-ireland-1.4197421", "urlToImage": "https://www.irishtimes.com/polopoly_fs/1.4197420.1583757154!/image/image.jpg", "publishedAt": "2020-03-09T12:31:41Z", "content": "The St Patricks Day parade in Minister for Health Simon Harriss hometown of Greystones has been cancelled because of the coronavirus.\r\nThe decision has been taken by the Greystones St Patricks Day committee and the Greystones municipal district.\r\nMunicipal di\u2026 [+797 chars]"}, {"source": {"id": "the-irish-times", "name": "The Irish Times"}, "author": "Patsy McGarry", "title": "Relatives of coronavirus victims \u2018should not attend funeral homes\u2019", "description": "Undertakers\u2019 group issues guidelines urging delay of services and restrictions on contact", "url": "https://www.irishtimes.com/news/social-affairs/religion-and-beliefs/relatives-of-coronavirus-victims-should-not-attend-funeral-homes-1.4197904", "urlToImage": "https://www.irishtimes.com/image-creator/?id=1.4197902&origw=1440", "publishedAt": "2020-03-09T20:16:54Z", "content": "All funeral services for coronavirus victims should be postponed and the deceased brought straight to the crematorium or cemetery for committal, according to recommendations from the Irish Association of Funeral Directors issued on Monday.\r\nIt also advised th\u2026 [+3779 chars]"}, {"source": {"id": "the-irish-times", "name": "The Irish Times"}, "author": "Paul Cullen", "title": "Coronavirus: Proper chlorination stops water transmission, HSE advises", "description": "Drinking water and swimming pools rendered safe by appropriate levels of chlorine", "url": "https://www.irishtimes.com/news/health/coronavirus-proper-chlorination-stops-water-transmission-hse-advises-1.4197775", "urlToImage": "https://www.irishtimes.com/image-creator/?id=1.4197774&origw=1358", "publishedAt": "2020-03-09T17:47:14Z", "content": "Coronavirus cannot be transmitted in drinking water and swimming pools so long as they are properly chlorinated, the Health Service Executive has advised.\r\nAdherence to current recommended disinfection practice is sufficient to inactivate the Covid-19 virus i\u2026 [+1670 chars]"}, {"source": {"id": "the-irish-times", "name": "The Irish Times"}, "author": "Paul Cullen", "title": "Coronavirus: Doctors have \u2018ethical duty\u2019 to self-care", "description": "Medical Council says missing ongoing training may be excusable due to virus fears", "url": "https://www.irishtimes.com/news/health/coronavirus-doctors-have-ethical-duty-to-self-care-1.4197792", "urlToImage": "https://www.irishtimes.com/image-creator/?id=1.4197791&origw=1200", "publishedAt": "2020-03-09T18:07:40Z", "content": "Doctors have an ethical duty to self-care in order to protect themselves, colleagues and patients, the Medical Council has said in its first comment on the coronavirus outbreak.\r\nWhere doctors experience difficulties in maintaining their continuous profession\u2026 [+2653 chars]"}, {"source": {"id": "the-irish-times", "name": "The Irish Times"}, "author": "Olivia Kelleher", "title": "Coronavirus: Cork hospital reschedules number of outpatient appointments", "description": "CUH taking measure from Monday to Wednesday as part of infection control", "url": "https://www.irishtimes.com/news/health/coronavirus-cork-hospital-reschedules-number-of-outpatient-appointments-1.4197329", "urlToImage": "https://www.irishtimes.com/image-creator/?id=1.4197328&origw=620", "publishedAt": "2020-03-09T07:58:43Z", "content": "Outpatient appointments are being reduced/rescheduled at Cork University Hospital (CUH) from Monday to Wednesday inclusive as part of ongoing infection control measures.\r\nPatients who will not be impacted and who are to attend as usual include persons who tra\u2026 [+1798 chars]"}, {"source": {"id": "the-irish-times", "name": "The Irish Times"}, "author": "The Irish Times", "title": "Pressure builds to limit big gatherings over coronavirus", "description": "Number of confirmed cases on island of Ireland rises to 33", "url": "https://www.irishtimes.com/news/ireland/irish-news/pressure-builds-to-limit-big-gatherings-over-coronavirus-1.4197325", "urlToImage": "https://www.irishtimes.com/polopoly_fs/1.4197324.1583740078!/image/image.jpg", "publishedAt": "2020-03-09T07:36:49Z", "content": "The first meeting of a Cabinet committee on the coronavirus will take place at Government Buildings on Monday as Ireland comes under pressure to follow a number of other European countries in limiting large public gatherings.\r\nThe French government announced \u2026 [+2897 chars]"}, {"source": {"id": "the-irish-times", "name": "The Irish Times"}, "author": "Fiach Kelly, Martin Wall, Paul Cullen", "title": "Coronavirus: St Patrick\u2019s Day parades cancelled and \u20ac2bn aid package unveiled", "description": "Global stocks markets plunge and Ireland\u2019s Six Nations match against France postponed", "url": "https://www.irishtimes.com/news/ireland/irish-news/coronavirus-st-patrick-s-day-parades-cancelled-and-2bn-aid-package-unveiled-1.4197325", "urlToImage": "https://www.irishtimes.com/image-creator/?id=1.4197498&origw=1440", "publishedAt": "2020-03-09T07:36:49Z", "content": "The Government has agreed an aid package of 2 billion to deal with the public health and economic impact of the coronavirus.\r\nThe decision was made following a meeting of the Cabinet sub-committee on coronavirus on Monday where it was also decided that all St\u2026 [+4442 chars]"}, {"source": {"id": "the-irish-times", "name": "The Irish Times"}, "author": "The Irish Times", "title": "Coronavirus latest: St Patrick\u2019s Parade in Dublin is set to be cancelled", "description": "Cabinet committee on the coronavirus is discussing additional measures on Monday", "url": "https://www.irishtimes.com/news/ireland/irish-news/coronavirus-latest-st-patrick-s-parade-in-dublin-is-set-to-be-cancelled-1.4197325", "urlToImage": "https://www.irishtimes.com/polopoly_fs/1.4197324.1583764771!/image/image.jpg", "publishedAt": "2020-03-09T07:36:49Z", "content": "The St Patricks Parade in Dublin is set to be cancelled in a bid to curb the spread of the coronavirus. The decision was made at a meeting of the Cabinet sub-committee on coronavirus on Monday.\r\nEarlier on Monday Minister for Health Simon Harris said the coro\u2026 [+3867 chars]"}, {"source": {"id": "the-irish-times", "name": "The Irish Times"}, "author": null, "title": "Labour should enter unity government to deal with coronavirus, says party TD", "description": "Se\u00e1n Sherlock supports calls for time limited administration over \u2018unprecedented health crisis\u2019", "url": "https://www.irishtimes.com/news/ireland/irish-news/labour-should-enter-unity-government-to-deal-with-coronavirus-says-party-td-1.4197429", "urlToImage": "https://www.irishtimes.com/polopoly_fs/1.4197428.1583758703!/image/image.jpg", "publishedAt": "2020-03-09T12:55:46Z", "content": "Labour TD Se\u00e1n Sherlock has said the party should enter talks on forming a time bound national unity government to deal with the coronavirus.\r\nThe idea of a national unity government was suggested by Fianna F\u00e1il frontbench TD John Lahart over the weekend, wit\u2026 [+87 chars]"}, {"source": {"id": "the-irish-times", "name": "The Irish Times"}, "author": "Conor Pope", "title": "Coronavirus: Irish shops see surge in sale of canned food, pasta and cleaning products", "description": "Tesco in UK starts to ration key products as fighting over toilet roll emerges in Australia", "url": "https://www.irishtimes.com/news/ireland/irish-news/coronavirus-irish-shops-see-surge-in-sale-of-canned-food-pasta-and-cleaning-products-1.4197897", "urlToImage": "https://www.irishtimes.com/image-creator/?id=1.4197896&origw=1440", "publishedAt": "2020-03-09T20:13:25Z", "content": "In countries as far apart as Japan, Australia and the US there have been reports of panicked shoppers stocking up on everything from long-life milk to noodles, while videos of people fighting in supermarket aisles over toilet paper inAustralia have gone viral\u2026 [+5127 chars]"}, {"source": {"id": "the-irish-times", "name": "The Irish Times"}, "author": "Simon Carswell", "title": "Up to 150 KPMG staff in Cork work from home over coronavirus fears", "description": "Staff asked to compoy with measure after non-KPMG employee had \u2018close contact\u2019 with Covid-19 patient", "url": "https://www.irishtimes.com/news/health/up-to-150-kpmg-staff-in-cork-work-from-home-over-coronavirus-fears-1.4197827", "urlToImage": "https://www.irishtimes.com/image-creator/?id=1.4197469&origw=1440", "publishedAt": "2020-03-09T18:50:51Z", "content": "About 150 staff at accountancy firm KPMG in Cork are working from home today after a person who works in their building had close contact with an individual with coronavirus.\r\nThe worker, who is not an employee of the firm, had been in close contact with an i\u2026 [+2321 chars]"}, {"source": {"id": "the-irish-times", "name": "The Irish Times"}, "author": "Fiach Kelly, Martin Wall, Paul Cullen", "title": "Coronavirus: St Patrick\u2019s Day parades cancelled and \u20ac3bn aid package unveiled", "description": "New sick pay measures announced for those affected by virus; Global stocks markets plunge", "url": "https://www.irishtimes.com/news/ireland/irish-news/coronavirus-st-patrick-s-day-parades-cancelled-and-3bn-aid-package-unveiled-1.4197325", "urlToImage": "https://www.irishtimes.com/image-creator/?id=1.4197498&origw=1440", "publishedAt": "2020-03-09T07:36:49Z", "content": "The Government has agreed an aid package of some 3bn\u00a0 to deal with the public health and economic impact of the coronavirus and it has also moved to cancel all St Patricks Day Parades in the State cancelled in a bid to curb the spread of the virus.\r\nPeople af\u2026 [+5659 chars]"}, {"source": {"id": "the-irish-times", "name": "The Irish Times"}, "author": "The Irish Times", "title": "Coronavirus: Ireland-France Six Nations match to be postponed until October", "description": "Simon Harris expects a \u2018rapid escalation\u2019 of coronavirus cases in the coming days", "url": "https://www.irishtimes.com/news/ireland/irish-news/coronavirus-ireland-france-six-nations-match-to-be-postponed-until-october-1.4197325", "urlToImage": "https://www.irishtimes.com/image-creator/?id=1.4197403&origw=1440", "publishedAt": "2020-03-09T07:36:49Z", "content": "The France-IrelandSix Nations game which was scheduled to conclude the Guinness 2020 Six Nations in the Stade de France next Saturday will be postponed, accordng to well-placed sources in France.\r\nConfirmation of this anticipated development is expected to co\u2026 [+4441 chars]"}, {"source": {"id": "the-irish-times", "name": "The Irish Times"}, "author": "The Irish Times", "title": "Coronavirus latest: Stocks plunge, Six Nations curtailed and Harris warns of \u2018rapid escalation\u2019", "description": "Cabinet committee on the coronavirus is discussing additional measures on Monday", "url": "https://www.irishtimes.com/news/ireland/irish-news/coronavirus-latest-stocks-plunge-six-nations-curtailed-and-harris-warns-of-rapid-escalation-1.4197325", "urlToImage": "https://www.irishtimes.com/image-creator/?id=1.4197403&origw=1440", "publishedAt": "2020-03-09T07:36:49Z", "content": "Minister for Health Simon Harris has said the coronavirus outbreak in the country will become very serious, adding there is a moderate to high risk it could follow in similar ways as experienced in other European nations.\r\nThe France-IrelandSix Nations game w\u2026 [+3958 chars]"}, {"source": {"id": "the-irish-times", "name": "The Irish Times"}, "author": "The Irish Times", "title": "Coronavirus: Europe considers airline relief", "description": "Regulators looking at loosening rule on use of airport slots", "url": "https://www.irishtimes.com/business/transport-and-tourism/coronavirus-europe-considers-airline-relief-1.4197388", "urlToImage": "https://www.irishtimes.com/image-creator/?id=1.4197387&origw=1440", "publishedAt": "2020-03-09T11:39:57Z", "content": "European Union regulators, responding to pleas from the airline industry, said they are considering loosening a rule on the use of airport slots to help carriers cope with the impact of the coronavirus outbreak.\r\nRegulations require carriers to use at least 8\u2026 [+1304 chars]"}, {"source": {"id": "the-irish-times", "name": "The Irish Times"}, "author": "Colin Gleeson", "title": "Coronavirus: Open Orphan to reinitiate vaccine efforts", "description": "Project was abandoned in recent years over concerns of insufficient market demand", "url": "https://www.irishtimes.com/business/health-pharma/coronavirus-open-orphan-to-reinitiate-vaccine-efforts-1.4197316", "urlToImage": "https://www.irishtimes.com/image-creator/?id=1.4197315&origw=1440", "publishedAt": "2020-03-09T07:00:00Z", "content": "Dublin-listed pharma services company Open Orphan is to reinitiate a project whereby humans will be deliberately infected with a coronavirus as part of efforts to develop a vaccine to Covid-19.\r\nOpen Orphan said on Monday that it would return to a project tha\u2026 [+2891 chars]"}, {"source": {"id": "the-irish-times", "name": "The Irish Times"}, "author": "Peter Hamilton", "title": "Coronavirus: Ryanair makes further cuts to Italian flight schedule", "description": "EU regulators look at relief for airlines by loosening rule on use of airport slots", "url": "https://www.irishtimes.com/business/transport-and-tourism/coronavirus-ryanair-makes-further-cuts-to-italian-flight-schedule-1.4197548", "urlToImage": "https://www.irishtimes.com/image-creator/?id=1.4197546&origw=1440", "publishedAt": "2020-03-09T15:21:56Z", "content": "Ryanair made further cuts to its flight schedule to and from Italy on Monday, citing national government restrictions on travel in response to the spreading coronavirus. \r\nFrom the close of business Tuesday until midnight on April 8th, Ryanair will suspend al\u2026 [+2567 chars]"}, {"source": {"id": "the-irish-times", "name": "The Irish Times"}, "author": "The Irish Times", "title": "Global markets plunge on coronavirus and oil price crash", "description": "Oil drops 30% as Saudi Arabia stuns markets with plans to raise its production in price war", "url": "https://www.irishtimes.com/business/markets/global-markets-plunge-on-coronavirus-and-oil-price-crash-1.4197318", "urlToImage": "https://www.irishtimes.com/image-creator/?id=1.4197317&origw=1440", "publishedAt": "2020-03-09T07:20:19Z", "content": "Global share markets plunged on Monday as panicked investors fled to the safety of bonds and the yen to hedge the economic trauma of the coronavirus, while oil plunged more than 30 per cent after Saudi Arabia opened the taps in a price war with Russia.\r\nSaudi\u2026 [+4829 chars]"}, {"source": {"id": "the-irish-times", "name": "The Irish Times"}, "author": "Ravi Mattu", "title": "Coronavirus crisis shows office workers what we\u2019re missing", "description": "Remote working has unearthed unexpected challenges \u2013 and surprises", "url": "https://www.irishtimes.com/business/work/coronavirus-crisis-shows-office-workers-what-we-re-missing-1.4196692", "urlToImage": "https://www.irishtimes.com/image-creator/?id=1.4196691&origw=1253", "publishedAt": "2020-03-09T06:00:00Z", "content": "When was the last time you wore an orange T-shirt to the office? Have you ever ducked away from your desk to take a friends dog for a walk? And can you recall the last time you tried to take a shower, only to be stopped over and over again by co-workers sendi\u2026 [+4226 chars]"}, {"source": {"id": "the-irish-times", "name": "The Irish Times"}, "author": "Wolfgang M\u00fcnchau", "title": "The euro zone is too complacent about the coronavirus threat", "description": "Wolfgang M\u00fcnchau: Monetary policy is still the only game in town", "url": "https://www.irishtimes.com/business/economy/the-euro-zone-is-too-complacent-about-the-coronavirus-threat-1.4197419", "urlToImage": "https://www.irishtimes.com/image-creator/?id=1.4197417&origw=1440", "publishedAt": "2020-03-09T12:45:00Z", "content": "We are on the cusp of another economic policy error in the euro zone. Its roots lie in a mixture of complacency about coronavirus and a deep-seated belief that monetary policy has no ammunition left when interest rates are negative and that fiscal policy is, \u2026 [+4331 chars]"}, {"source": {"id": "the-irish-times", "name": "The Irish Times"}, "author": "Simon Carswell", "title": "Up to 150 KPMG staff in Cork work from home over coronavirus fears", "description": "Staff asked to compoy with measure after non-KPMG employee had \u2018close contact\u2019 with Covid-19 patient", "url": "https://www.irishtimes.com/news/health/up-to-150-kpmg-staff-in-cork-work-from-home-over-coronavirus-fears-1.4197471", "urlToImage": "https://www.irishtimes.com/image-creator/?id=1.4197469&origw=1440", "publishedAt": "2020-03-09T14:04:45Z", "content": "About 150 staff at accountancy firm KPMG in Cork are working from home today after a person who works in their building had close contact with an individual with coronavirus.\r\nThe worker, who is not an employee of the firm, had been in close contact with an i\u2026 [+1265 chars]"}, {"source": {"id": "the-irish-times", "name": "The Irish Times"}, "author": null, "title": "Indian Wells Masters cancelled over coronavirus fears", "description": "\u2018Fifth Slam\u2019 largest US sporting event to be postponed since outbreak of Covid-19", "url": "https://www.irishtimes.com/sport/indian-wells-masters-cancelled-over-coronavirus-fears-1.4197832", "urlToImage": null, "publishedAt": "2020-03-09T18:51:55Z", "content": null}, {"source": {"id": "the-irish-times", "name": "The Irish Times"}, "author": "Colin Gleeson", "title": "Coronavirus: Shares in Dalata at five year low as bookings are hit", "description": "Ireland\u2019s biggest hotel operator dealing with marked deterioration over past fortnight", "url": "https://www.irishtimes.com/business/transport-and-tourism/coronavirus-shares-in-dalata-at-five-year-low-as-bookings-are-hit-1.4197375", "urlToImage": "https://www.irishtimes.com/image-creator/?id=1.4197374&origw=1440", "publishedAt": "2020-03-09T11:18:16Z", "content": "Shares in Irelands largest hotel operator plunged almost 10 per cent to the lowest in five years after it said it had been hit with significant reductions in bookings and significant increases in cancellations since the spread of Covid-19 to Europe.\r\nDalata H\u2026 [+3400 chars]"}, {"source": {"id": "the-irish-times", "name": "The Irish Times"}, "author": "Paul Cullen", "title": "Coronavirus: China data indicates relatively little community transmission", "description": "Shards of information from other countries point to most effective countermeasures", "url": "https://www.irishtimes.com/news/health/coronavirus-china-data-indicates-relatively-little-community-transmission-1.4197901", "urlToImage": "https://www.irishtimes.com/image-creator/?id=1.4197900&origw=1440", "publishedAt": "2020-03-09T20:17:00Z", "content": "With predictions of coronavirus causing almost two million cases and up to 120,000 deaths in Ireland, it is understandable that public concern is growing.\r\nHowever, it is important to appreciate that these are modelling exercises subject to all the shortcomin\u2026 [+4413 chars]"}, {"source": {"id": "the-irish-times", "name": "The Irish Times"}, "author": "The Irish Times", "title": "Coronavirus: Indian Wells tennis tournament cancelled", "description": "BNP Paribas Open due to start on Monday, PSG and Dortmund to play behind closed doors", "url": "https://www.irishtimes.com/sport/other-sports/coronavirus-indian-wells-tennis-tournament-cancelled-1.4197383", "urlToImage": "https://www.irishtimes.com/image-creator/?id=1.4197382&origw=1440", "publishedAt": "2020-03-09T11:27:49Z", "content": "The BNP Paribas Open at Indian Wells will not take place due to concerns about the coronavirus outbreak, organisers have said.\r\nRafael Nadal, Novak Djokovic and Kim Clijsters were among the players expected to take part in the tournament which was due to star\u2026 [+1888 chars]"}, {"source": {"id": "the-irish-times", "name": "The Irish Times"}, "author": "Cliff Taylor", "title": "Coronavirus spending measures set to wipe out budget surplus", "description": "Financial impact of crisis will have big impact on government formation talks", "url": "https://www.irishtimes.com/business/economy/coronavirus-spending-measures-set-to-wipe-out-budget-surplus-1.4197925", "urlToImage": "https://www.irishtimes.com/image-creator/?id=1.4197924&origw=1440", "publishedAt": "2020-03-09T20:58:51Z", "content": "The coronavirus crisis is likely to wipe out the expected surplus in the public finances this year, as the Government pushes up spending to deal with the consequences. It will also have a major impact on growth this year.\r\nA budget surplus of revenue over spe\u2026 [+1746 chars]"}, {"source": {"id": "the-irish-times", "name": "The Irish Times"}, "author": "The Irish Times", "title": "Coronavirus: Ireland\u2019s Six Nations clash with France has been postponed", "description": "Six Nations confirm fixture in Paris is off with a rescheduled date still to be decided", "url": "https://www.irishtimes.com/sport/rugby/international/coronavirus-ireland-s-six-nations-clash-with-france-has-been-postponed-1.4197362", "urlToImage": "https://www.irishtimes.com/image-creator/?id=1.4197361&origw=1440", "publishedAt": "2020-03-09T10:51:51Z", "content": "The Six Nations have confirmed that the France-Ireland game which was scheduled to conclude the 2020 Championship in the Stade de France next Saturday has been postponed.\r\nConfirmation of this anticipated development came on Monday afternoon, after the Six Na\u2026 [+1157 chars]"}, {"source": {"id": "the-irish-times", "name": "The Irish Times"}, "author": "The Irish Times", "title": "Coronavirus: Italy shuts down all sport at all levels", "description": "Move includes all Serie A matches but Champions League games will be exempt", "url": "https://www.irishtimes.com/sport/coronavirus-italy-shuts-down-all-sport-at-all-levels-until-april-1.4197742", "urlToImage": "https://www.irishtimes.com/image-creator/?id=1.4197741&origw=1440", "publishedAt": "2020-03-09T17:33:12Z", "content": "All sporting activity at all levels in Italy has been suspended until April 3rd at the earliest, the Italian national Olympic committee (Coni) has announced.\r\nThis includes all matches in Serie A, Italys highest football division, but does not cover Italian c\u2026 [+236 chars]"}, {"source": {"id": "the-irish-times", "name": "The Irish Times"}, "author": "Paul Cullen", "title": "Coronavirus: Data brings hope as some countries pass peak of outbreak", "description": "Shards of information from other countries point to most effective countermeasures", "url": "https://www.irishtimes.com/news/health/coronavirus-data-brings-hope-as-some-countries-pass-peak-of-outbreak-1.4197901", "urlToImage": "https://www.irishtimes.com/image-creator/?id=1.4197900&origw=1440", "publishedAt": "2020-03-09T20:17:00Z", "content": "With predictions of coronavirus causing almost two million cases and up to 120,000 deaths in Ireland, it is understandable that public concern is growing.\r\nHowever, it is important to appreciate that these are modelling exercises subject to all the shortcomin\u2026 [+4417 chars]"}, {"source": {"id": "the-irish-times", "name": "The Irish Times"}, "author": null, "title": "Coronavirus: Is the hysteria that\u2019s taken hold of financial markets justified?", "description": "Perfect storm of Italian lockdown and oil price war sends stocks plummeting", "url": "https://www.irishtimes.com/business/markets/coronavirus-is-the-hysteria-that-s-taken-hold-of-financial-markets-justified-1.4197467", "urlToImage": "https://www.irishtimes.com/image-creator/?id=1.4197465&origw=1440", "publishedAt": "2020-03-09T13:52:07Z", "content": "Was the stock market slump on the last week of trading in February which saw European shares and the Wall Streets Dow Jones Industrial Average slump more than 12 per cent merely an amuse bouche for the types of traders that thrive in volatile markets?\r\nThe co\u2026 [+359 chars]"}, {"source": {"id": "the-irish-times", "name": "The Irish Times"}, "author": "Gerry Thornley", "title": "Coronavirus: Ireland\u2019s Six Nations clash with France set to be postponed", "description": "Final round of the Championship rescheduled for October 31st, according to reports", "url": "https://www.irishtimes.com/sport/rugby/international/coronavirus-ireland-s-six-nations-clash-with-france-set-to-be-postponed-1.4197362", "urlToImage": "https://www.irishtimes.com/image-creator/?id=1.4197361&origw=1440", "publishedAt": "2020-03-09T10:51:51Z", "content": "Well-placed sources in France have confirmed that the France-Ireland game which was scheduled to conclude the 2020 Six Nations in the Stade de France next Saturday will be postponed.\r\nConfirmation of this anticipated development is expected to come this after\u2026 [+1504 chars]"}, {"source": {"id": "the-irish-times", "name": "The Irish Times"}, "author": "Brian O'Connor", "title": "County Cork point to point fixture called off due to coronavirus", "description": "Duhallow-Liscarroll point to point had been due to take place on Sunday, March 22nd", "url": "https://www.irishtimes.com/sport/racing/county-cork-point-to-point-fixture-called-off-due-to-coronavirus-1.4197459", "urlToImage": "https://www.irishtimes.com/image-creator/?id=1.4197458&origw=1440", "publishedAt": "2020-03-09T13:42:06Z", "content": "A Co. Cork point to point fixture scheduled for later this month has been cancelled due to Coronavirus. \r\nThe Duhallow-Liscarroll point to point had been due to take place on Sunday, March 22nd, but wont now take place.\r\nA statement issued by the Irish Horser\u2026 [+1224 chars]"}, {"source": {"id": "the-irish-times", "name": "The Irish Times"}, "author": "Colin Gleeson", "title": "Coronavirus: Dalata hit by significant cancellations", "description": "Ireland\u2019s biggest hotel operator dealing with marked deterioration over past fortnight", "url": "https://www.irishtimes.com/business/transport-and-tourism/coronavirus-dalata-hit-by-significant-cancellations-1.4197375", "urlToImage": "https://www.irishtimes.com/image-creator/?id=1.4197374&origw=1440", "publishedAt": "2020-03-09T11:18:16Z", "content": "The largest hotel operator in Ireland has experienced a significant reduction in bookings and a significant increase in cancellations over the past fortnight following the spread of Covid-19 to Europe.\r\nDalata Hotel Group, which also has a growing presence in\u2026 [+2241 chars]"}, {"source": {"id": "the-irish-times", "name": "The Irish Times"}, "author": null, "title": "Indian Wells Masters cancelled over coronavirus fears", "description": "\u2018Fifth Slam\u2019 largest US sporting event to be postponed since outbreak of Covid-19", "url": "https://www.irishtimes.com/sport/indian-wells-masters-cancelled-over-coronavirus-fears-1.4197832?localLinksEnabled=false", "urlToImage": null, "publishedAt": "2020-03-09T18:51:55Z", "content": null}, {"source": {"id": "the-irish-times", "name": "The Irish Times"}, "author": "The Irish Times", "title": "Coronavirus: Ireland\u2019s Six Nations clash with France is postponed, reports", "description": "Final round of the Championship rescheduled for October 31st, according to reports", "url": "https://www.irishtimes.com/sport/rugby/international/coronavirus-ireland-s-six-nations-clash-with-france-is-postponed-reports-1.4197362", "urlToImage": "https://www.irishtimes.com/image-creator/?id=1.4197361&origw=1440", "publishedAt": "2020-03-09T10:51:51Z", "content": "Irelands final Six Nations fixture against France has been\u00a0postponed due to coronavirus, according to reports.\r\nThe Six Nations committee have decided to call off the final round of fixtures - including Wales against Scotland in Cardiff - until October 31st.\r\u2026 [+133 chars]"}, {"source": {"id": "the-irish-times", "name": "The Irish Times"}, "author": "The Irish Times", "title": "Coronavirus: Harris expects a \u2018rapid escalation' of cases", "description": "Ireland-France Six Nations match to be postponed until October", "url": "https://www.irishtimes.com/news/ireland/irish-news/coronavirus-harris-expects-a-rapid-escalation-of-cases-1.4197325", "urlToImage": "https://www.irishtimes.com/image-creator/?id=1.4197427&origw=620", "publishedAt": "2020-03-09T07:36:49Z", "content": "Minister for Health Simon Harris has said the coronavirus outbreak in the country will become very serious, adding there is a moderate to high risk it could follow in similar ways as experienced in other European nations.\r\nHe said he expects a rapid escalatio\u2026 [+4717 chars]"}, {"source": {"id": "the-irish-times", "name": "The Irish Times"}, "author": "Naomi O\u2019Leary", "title": "EU set to tighten advice on coronavirus transmission", "description": "Disease prevention agency to change claim Covid-19 can only be spread by people with symptoms", "url": "https://www.irishtimes.com/news/world/europe/evidence-emerges-people-without-symptoms-can-spread-coronavirus-1.4197962", "urlToImage": "https://www.irishtimes.com/image-creator/?id=1.4197960&origw=1440", "publishedAt": "2020-03-09T21:56:00Z", "content": "The European Unions disease prevention agency is set to tighten its advice on coronavirus as evidence emerges that people showing no symptoms can spread the virus.\r\nUntil Monday the European Centre for Disease Protection and Control (ECDC) had advised that pe\u2026 [+2837 chars]"}, {"source": {"id": "the-irish-times", "name": "The Irish Times"}, "author": "Denis Staunton", "title": "Coronavirus: British government urged to close schools as fourth person dies", "description": "People with colds or minor infections may be asked to self-isolate to delay spread of virus", "url": "https://www.irishtimes.com/news/world/uk/coronavirus-british-government-urged-to-close-schools-as-fourth-person-dies-1.4197906", "urlToImage": "https://www.irishtimes.com/image-creator/?id=1.4197905&origw=1440", "publishedAt": "2020-03-09T20:27:05Z", "content": "Britain is preparing to ask people with minor respiratory infections such as a cough and cold to self-isolate for a week to slow the spread of the coronavirus. Chris Whitty, chief medical officer for England, said the country was moving from attempting to con\u2026 [+2729 chars]"}, {"source": {"id": "the-irish-times", "name": "The Irish Times"}, "author": "Fiach Kelly, Martin Wall, Paul Cullen", "title": "Coronavirus: Three new Irish cases confirmed as St Patrick's Day parades cancelled", "description": "New \u20ac2.6bn sick pay measures and business liquidity fund announced; Global stocks markets plunge", "url": "https://www.irishtimes.com/news/ireland/irish-news/coronavirus-three-new-irish-cases-confirmed-as-st-patrick-s-day-parades-cancelled-1.4197325", "urlToImage": "https://www.irishtimes.com/image-creator/?id=1.4197498&origw=1440", "publishedAt": "2020-03-09T07:36:49Z", "content": "Three newly discovered cases of coronavirus have been confirmed this evening, all of them acquired from close contacts with previously diagnosed people.\r\nAll three cases are female and one is a healthcare worker. Two are in the south of the country and one is\u2026 [+7468 chars]"}, {"source": {"id": "the-irish-times", "name": "The Irish Times"}, "author": "Colin Gleeson", "title": "Coronavirus: Shares in Dalata at 52-week low as bookings are hit", "description": "Ireland\u2019s biggest hotel operator dealing with marked deterioration over past fortnight", "url": "https://www.irishtimes.com/business/transport-and-tourism/coronavirus-shares-in-dalata-at-52-week-low-as-bookings-are-hit-1.4197375", "urlToImage": "https://www.irishtimes.com/image-creator/?id=1.4197374&origw=1440", "publishedAt": "2020-03-09T11:18:16Z", "content": "Shares in Irelands largest hotel operator have plunged to a 52-week low after it said it experienced a significant reduction in bookings and a significant increase in cancellations over the past fortnight following the spread of Covid-19 to Europe.\r\nDalata Ho\u2026 [+3351 chars]"}, {"source": {"id": "the-irish-times", "name": "The Irish Times"}, "author": "Conor Pope", "title": "Coronavirus: How you might have been washing your hands incorrectly all this time", "description": "Virologist warns many people\u2019s poor technique could leave virus on fingers and nails", "url": "https://www.irishtimes.com/news/health/coronavirus-how-you-might-have-been-washing-your-hands-incorrectly-all-this-time-1.4197876", "urlToImage": "https://www.irishtimes.com/image-creator/?id=1.4197947&origw=1440", "publishedAt": "2020-03-09T19:33:01Z", "content": "Are you washing your hands correctly? While most Irish people have become much more focused when it comes to hand hygiene in recent days as fears over the impact of coronavirus have grown, a leading virologist at Trinity College Dublin has warned that the tec\u2026 [+2248 chars]"}, {"source": {"id": "the-irish-times", "name": "The Irish Times"}, "author": "The Irish Times", "title": "Coronavirus latest: All St Patrick\u2019s Day Parades in Ireland set to be cancelled", "description": "Global stocks markets plunge and Ireland\u2019s Six Nations match against France postponed", "url": "https://www.irishtimes.com/news/ireland/irish-news/coronavirus-latest-all-st-patrick-s-day-parades-in-ireland-set-to-be-cancelled-1.4197325", "urlToImage": "https://www.irishtimes.com/image-creator/?id=1.4197498&origw=1440", "publishedAt": "2020-03-09T07:36:49Z", "content": "All St Patricks Day Parades in Ireland are set to be cancelled in a bid to curb the spread of the coronavirus. The decision was made at a meeting of the Cabinet sub-committee on coronavirus on Monday.\r\nEarlier on Monday Minister for Health Simon Harris said t\u2026 [+4300 chars]"}, {"source": {"id": "the-irish-times", "name": "The Irish Times"}, "author": "Mary Jennings", "title": "How to prepare for a race that might be cancelled by coronavirus", "description": "If the main event doesn\u2019t go ahead, map your own route and run it like it is race day", "url": "https://www.irishtimes.com/life-and-style/health-family/fitness/how-to-prepare-for-a-race-that-might-be-cancelled-by-coronavirus-1.4191440", "urlToImage": "https://www.irishtimes.com/image-creator/?id=1.4191439&origw=1440", "publishedAt": "2020-03-09T06:01:00Z", "content": "When runners started planning in the autumn for their big city spring marathon, the last thing they expected to scupper their plans was the spread of a virus. But currently every runner who is in training for a marathon this spring is wondering if it will go \u2026 [+5133 chars]"}, {"source": {"id": "the-irish-times", "name": "The Irish Times"}, "author": "The Irish Times", "title": "Threat of coronavirus pandemic \u2018has become very real\u2019 -WHO", "description": "EU leaders will hold emergency talks to discuss a joint response", "url": "https://www.irishtimes.com/news/world/threat-of-coronavirus-pandemic-has-become-very-real-who-1.4197780", "urlToImage": "https://www.irishtimes.com/image-creator/?id=1.4197779&origw=1440", "publishedAt": "2020-03-09T17:57:34Z", "content": "The coronavirus , also known as Covid-19, is closer to causing a pandemic but outbreaks in countries can still be controlled through a combination of containment and mitigation measures, the World Health Organization (WHO) said on Monday.\r\nNow that the virus \u2026 [+5531 chars]"}, {"source": {"id": "the-irish-times", "name": "The Irish Times"}, "author": "Davide Ghiglione, Sam Jones, Ben Hall", "title": "Coronavirus: \u2018Italy\u2019s darkest hour,\u2019 says PM as north locked down", "description": "Conte says \u2018massive shock therapy\u2019 to fight outbreak as riots erupt in dozens of prisons", "url": "https://www.irishtimes.com/news/world/coronavirus-italy-s-darkest-hour-says-pm-as-north-locked-down-1.4197464", "urlToImage": "https://www.irishtimes.com/image-creator/?id=1.4197865&origw=1440", "publishedAt": "2020-03-09T13:50:54Z", "content": "Italys prime minister vowed to impose massive shock therapy on the country to fight the explosion in cases of coronavirus as the government began to enforce a lockdown of northern regions and riots erupted in dozens of prisons.\r\nGiuseppe Conte said on Monday \u2026 [+3897 chars]"}, {"source": {"id": "the-irish-times", "name": "The Irish Times"}, "author": "Davide Ghiglione, Sam Jones, Ben Hall", "title": "\u2018Italy\u2019s darkest hour,\u2019 says PM as coronavirus locks down north", "description": "Conte says \u2018massive shock therapy\u2019 to fight outbreak as riots erupt in dozens of prisons", "url": "https://www.irishtimes.com/news/world/italy-s-darkest-hour-says-pm-as-coronavirus-locks-down-north-1.4197464", "urlToImage": "https://www.irishtimes.com/image-creator/?id=1.4197865&origw=1440", "publishedAt": "2020-03-09T13:50:54Z", "content": "Italys prime minister vowed to impose massive shock therapy on the country to fight the explosion in cases of coronavirus as the government began to enforce a lockdown of northern regions and riots erupted in dozens of prisons.\r\nGiuseppe Conte said on Monday \u2026 [+3897 chars]"}, {"source": {"id": "the-irish-times", "name": "The Irish Times"}, "author": "Conor Pope", "title": "Coronavirus: Concern for Irish tourism as bookings \u2018dry to a trickle\u2019", "description": "Tens of thousands of jobs in tourism are at risk across the country as the number of people from overseas booking holidays in Ireland has dried up to a \u201ctrickle\u201d due to the spread of the coronavirus, according to hoteliers and industry representatives. In a b\u2026", "url": "https://www.irishtimes.com/life-and-style/travel/ireland/coronavirus-concern-for-irish-tourism-as-bookings-dry-to-a-trickle-1.4196737", "urlToImage": "https://www.irishtimes.com/image-creator/?id=1.4196736&origw=1440", "publishedAt": "2020-03-09T06:00:00Z", "content": "Tens of thousands of jobs in tourism are at risk across the country as the number of people from overseas booking holidays in Ireland has dried up to a trickle due to the spread of the coronavirus, according to hoteliers and industry representatives.\r\nIn a bi\u2026 [+4659 chars]"}, {"source": {"id": "the-irish-times", "name": "The Irish Times"}, "author": "Dair\u00edn Frawley", "title": "Irishwoman in South Korea: Drive-through testing for coronavirus, no human contact", "description": "Dair\u00edn Frawley, from Portumna, Co Galway has lived South Korea for 17 years, where she is a university lecturer. She lives with her husband Kieran and their two dogs in Ilsan, on the outskirts of Seoul. We\u2019ve been dealing with coronavirus, also known as Covid\u2026", "url": "https://www.irishtimes.com/life-and-style/abroad/irishwoman-in-south-korea-drive-through-testing-for-coronavirus-no-human-contact-1.4197702", "urlToImage": "https://www.irishtimes.com/image-creator/?id=1.4197697&origw=1440", "publishedAt": "2020-03-09T17:10:05Z", "content": "Dair\u00edn Frawley, from Portumna, Co Galway has lived South Korea for 17 years, where she is a university lecturer. She lives with her husband Kieran and their two dogs in Ilsan, on the outskirts of Seoul.\r\nWeve been dealing with coronavirus, also known as Covid\u2026 [+5296 chars]"}, {"source": {"id": "the-irish-times", "name": "The Irish Times"}, "author": null, "title": "Coronavirus: St Patrick\u2019s Day parades cancelled and \u20ac3bn aid package unveiled", "description": "The Government has agreed an aid package of some \u20ac3bn to deal with the public health and economic impact of the coronavirus and it has also moved to cancel all St Patrick\u2019s Day Parades in the State cancelled in a bid to curb the spread of the virus. People af\u2026", "url": "https://www.irishtimes.com/news/ireland/irish-news/coronavirus-all-st-patrick-s-day-parades-cancelled-and-3bn-aid-package-unveiled-1.4197325", "urlToImage": "https://www.irishtimes.com/image-creator/?id=1.4197498&origw=1440", "publishedAt": "2020-03-09T07:36:49Z", "content": "The Government has agreed an aid package of some 3bn\u00a0 to deal with the public health and economic impact of the coronavirus and it has also moved to cancel all St Patricks Day Parades in the State cancelled in a bid to curb the spread of the virus.\r\nPeople af\u2026 [+525 chars]"}, {"source": {"id": "the-irish-times", "name": "The Irish Times"}, "author": "Martin Wall", "title": "Coronavirus sick pay scheme will see affected receive \u20ac305 per week", "description": "People affected by the coronavirus are to receive a new higher level of sick pay of \u20ac305 per week from their first day of illness under a new \u20ac2.4bn initiative announced by the Government. Taoiseach Leo Varadkar said on Monday that existing conditions surroun\u2026", "url": "https://www.irishtimes.com/news/ireland/irish-news/coronavirus-sick-pay-scheme-will-see-affected-receive-305-per-week-1.4197894", "urlToImage": "https://www.irishtimes.com/image-creator/?id=1.4197893&origw=1440", "publishedAt": "2020-03-09T20:05:40Z", "content": "People affected by the coronavirus are to receive a new higher level of sick pay of 305 per week from their first day of illness under a new 2.4bn initiative announced by the Government. \r\nTaoiseach Leo Varadkar said on Monday that existing conditions surroun\u2026 [+3004 chars]"}, {"source": {"id": "the-irish-times", "name": "The Irish Times"}, "author": "The Irish Times", "title": "Coronavirus: Israel orders 14-day self-quarantine for anyone entering country", "description": "PM Binyamin Netanyahu says measures will initially be in effect for two weeks", "url": "https://www.irishtimes.com/news/world/middle-east/coronavirus-israel-orders-14-day-self-quarantine-for-anyone-entering-country-1.4197928", "urlToImage": "https://www.irishtimes.com/image-creator/?id=1.4197927&origw=1440", "publishedAt": "2020-03-09T21:07:58Z", "content": "Israel will require anyone arriving from overseas to self-quarantine for 14 days as a precaution against the spread of coronavirus, prime minister Binyamin Netanyahu said on Monday.\r\nWith 42 confirmed cases of the virus, Israel has already taken some tough co\u2026 [+1951 chars]"}, {"source": {"id": "the-irish-times", "name": "The Irish Times"}, "author": "The Irish Times", "title": "Coronavirus: Whole of Italy to be put on lockdown, PM announces", "description": "Threat of Covid-19 pandemic \u2018has become very real\u2019 -WHO", "url": "https://www.irishtimes.com/news/world/coronavirus-whole-of-italy-to-be-put-on-lockdown-pm-announces-1.4197780", "urlToImage": "https://www.irishtimes.com/image-creator/?id=1.4197926&origw=1440", "publishedAt": "2020-03-09T17:57:34Z", "content": "The whole of Italy is to be put under lockdown to deal with Coronavirus, the prime minister Giuseppe Conte announced on Monday. \r\nHe will move to extend restrictive measures on travel -- currently in force in the north -- throughout the rest of the country in\u2026 [+6057 chars]"}]}