{"status": "ok", "totalResults": 46, "articles": [{"source": {"id": "the-irish-times", "name": "The Irish Times"}, "author": "Shauna Bowers", "title": "Coronavirus: Darkness into Light postponed due to outbreak", "description": "The postponement will result in a \u2019significant funding gap\u2019 for suicide-prevention charity", "url": "https://www.irishtimes.com/news/social-affairs/coronavirus-darkness-into-light-postponed-due-to-outbreak-1.4203529", "urlToImage": "https://www.irishtimes.com/image-creator/?id=1.4203528&origw=1440", "publishedAt": "2020-03-15T13:10:02Z", "content": "Pietas Darkness into Light charity walk has been postponed until the Autumn due to the coronavirus outbreak.\r\nThe event, which was expected to attract 250,000 attendees, was due to take place on May 9th in almost 20 countries worldwide.\r\nThe new date for the \u2026 [+1418 chars]"}, {"source": {"id": "the-irish-times", "name": "The Irish Times"}, "author": "Kitty Holland", "title": "Coronavirus: Avoid anti-inflammatories during crisis \u2013 French advice", "description": "Over-the-counter drugs such as ibuprofen, cortisone cited as possible aggravating factor", "url": "https://www.irishtimes.com/news/social-affairs/coronavirus-avoid-anti-inflammatories-during-crisis-french-advice-1.4203713", "urlToImage": "https://www.irishtimes.com/image-creator/?id=1.4203709&origw=1440", "publishedAt": "2020-03-15T20:22:53Z", "content": "Warnings have been issued against taking some over-the-counter anti-inflammatories such as ibuprofen during the coronavirus outbreak. \r\nFrench health minister Olivier V\u00e9ran, who is a qualified doctor and neurologist, posted on Twitter on Saturday: The taking \u2026 [+920 chars]"}, {"source": {"id": "the-irish-times", "name": "The Irish Times"}, "author": "Conor Pope, Ronan McGreevy", "title": "Coronavirus: Ryanair to \u2018severely reduce\u2019 Spain flights", "description": "Airline\u2019s move runs from midnight Sunday until midnight Thursday as Spain goes into lockdown", "url": "https://www.irishtimes.com/news/ireland/irish-news/coronavirus-ryanair-to-severely-reduce-spain-flights-1.4203500", "urlToImage": "https://www.irishtimes.com/image-creator/?id=1.4203499&origw=1440", "publishedAt": "2020-03-15T11:55:48Z", "content": "Ryanair is to severely reduce flights to and from Spain, the Balearic Islands and Canary Islands from midnight tonight until midnight on Thursday amid the coronavirus pandemic. \r\nThe airlines move comes in response to the decision of the Spanish government to\u2026 [+1827 chars]"}, {"source": {"id": "the-irish-times", "name": "The Irish Times"}, "author": "Conor Pope", "title": "Q&A: coronavirus, global travel disruption and your consumer rights", "description": "Countries are shutting down internally and externally in a bid to slow the spread of Covid-19", "url": "https://www.irishtimes.com/news/ireland/irish-news/q-a-coronavirus-global-travel-disruption-and-your-consumer-rights-1.4203537", "urlToImage": "https://www.irishtimes.com/image-creator/?id=1.4203536&origw=1440", "publishedAt": "2020-03-15T13:47:40Z", "content": "Okay, so, after a head-spinning weekend where are we now when it comes to travel?\r\nWe are in a place we have never been before. Countries are shutting down from within and shutting their borders in a desperate attempt to slow the spread of Covid-19. \r\nTravel \u2026 [+9889 chars]"}, {"source": {"id": "the-irish-times", "name": "The Irish Times"}, "author": "Simon Carswell", "title": "Coronavirus: All Temple Bar pubs and nightclubs to close", "description": "Varadkar may seek enforcement powers on mass gatherings ; Harris says crowded bar an \u2018insult\u2019 to medics", "url": "https://www.irishtimes.com/news/social-affairs/coronavirus-all-temple-bar-pubs-and-nightclubs-to-close-1.4203494", "urlToImage": "https://www.irishtimes.com/image-creator/?id=1.4203493&origw=741", "publishedAt": "2020-03-15T10:33:56Z", "content": "All pubs and nightclubs in Temple Bar in Dublin will close their premises with immediate effect in the interest of public health and following advice from the Garda and health authorities.\r\nEarlier the Vintners Federation of Ireland said it will urge the 4,00\u2026 [+9712 chars]"}, {"source": {"id": "the-irish-times", "name": "The Irish Times"}, "author": "Simon Carswell, Jennifer Bray", "title": "Coronavirus: Publican groups expect some bars will never reopen", "description": "Covid-19 pandemic causing \u2018existential crisis\u2019 for the industry, say vintners", "url": "https://www.irishtimes.com/news/health/coronavirus-publican-groups-expect-some-bars-will-never-reopen-1.4203749", "urlToImage": "https://www.irishtimes.com/image-creator/?id=1.4203748&origw=1440", "publishedAt": "2020-03-15T21:32:01Z", "content": "The decision to close the countrys pubs in a bid to stem the coronavirus epidemic will decimate the industry and put some bars out of business, industry groups have warned.\r\nThe Government asked the countrys 7,000 pubs and hotel bars to close from last night \u2026 [+4092 chars]"}, {"source": {"id": "the-irish-times", "name": "The Irish Times"}, "author": "Conor Pope, Ronan McGreevy", "title": "Coronavirus: Government agrees plan with airlines, Spain to bring Irish tourists home", "description": "Simon Coveney calls on all who want to fly back to Ireland to do so by midnight on Thursday", "url": "https://www.irishtimes.com/news/ireland/irish-news/coronavirus-government-agrees-plan-with-airlines-spain-to-bring-irish-tourists-home-1.4203500", "urlToImage": "https://www.irishtimes.com/image-creator/?id=1.4203499&origw=1440", "publishedAt": "2020-03-15T11:55:48Z", "content": "The T\u00e1naiste has called on Irish tourists in Spain who want to fly home to do so by midnight on Thursday after a plan was agreed with airlines and Spanish authorities. \r\nMinister for Foreign Affairs Simon Coveney on Sunday held talks with his Spanish counterp\u2026 [+2789 chars]"}, {"source": {"id": "the-irish-times", "name": "The Irish Times"}, "author": "Simon Carswell, Jennifer Bray, Conor Lally", "title": "Pubs asked to close in latest move to stem coronavirus outbreak", "description": "Closures affect 7,000 pubs and 50,000 staff; people urged not to hold house parties", "url": "https://www.irishtimes.com/news/health/pubs-asked-to-close-in-latest-move-to-stem-coronavirus-outbreak-1.4203720", "urlToImage": "https://www.irishtimes.com/image-creator/?id=1.4203719&origw=1440", "publishedAt": "2020-03-15T21:07:59Z", "content": "The Government has called for the closure of the countrys 7,000 pubs from last night until at least March 29th in a further dramatic effort to stem the spread of coronavirus.\r\nThe move was considered essential ahead of the traditionally busy St Patricks Day b\u2026 [+4021 chars]"}, {"source": {"id": "the-irish-times", "name": "The Irish Times"}, "author": "Kitty Holland", "title": "Member of staff at The Irish Times tests positive for coronavirus", "description": "Office to close but newspaper and website will continue to operate, company says", "url": "https://www.irishtimes.com/news/health/member-of-staff-at-the-irish-times-tests-positive-for-coronavirus-1.4203722", "urlToImage": "https://www.irishtimes.com/polopoly_fs/1.4203721.1584307420!/image/image.jpg", "publishedAt": "2020-03-15T21:06:58Z", "content": "A member of staff at The Irish Times has tested positive for the coronavirus. \r\nAs a result The Irish Times building at Tara Street in Dublin will be closed for at least 48 hours.\r\nThe newspaper and website will continue to operate. \r\nConfirmation of the Covi\u2026 [+751 chars]"}, {"source": {"id": "the-irish-times", "name": "The Irish Times"}, "author": "Simon Carswell", "title": "Coronavirus: Varadkar may seek enforcement powers on mass gatherings in pubs", "description": "Harris : Video of people singing in a crowded Dublin pub an \u2018insult\u2019 to efforts of medics", "url": "https://www.irishtimes.com/news/social-affairs/coronavirus-varadkar-may-seek-enforcement-powers-on-mass-gatherings-in-pubs-1.4203494", "urlToImage": "https://www.irishtimes.com/image-creator/?id=1.4203493&origw=741", "publishedAt": "2020-03-15T10:10:25Z", "content": "The Government may seek enforcement powers to stop mass gatherings in pubs and clubs, Taoiseach Leo Varadkar has said, reacting to images showing a packed Dublin bar over the weekend.\r\nMr Varadkar tweeted on Sunday morning that the Governments direction that \u2026 [+4691 chars]"}, {"source": {"id": "the-irish-times", "name": "The Irish Times"}, "author": "The Irish Times", "title": "Coronavirus: 40 new cases confirmed in State bring total to 169", "description": "Firefighter in Dublin tests positive for Covid-19", "url": "https://www.irishtimes.com/news/health/coronavirus-40-new-cases-confirmed-in-state-bring-total-to-169-1.4203606", "urlToImage": "https://www.irishtimes.com/image-creator/?id=1.4203673&origw=723", "publishedAt": "2020-03-15T16:06:47Z", "content": "Forty new cases of Covid-19 were confirmed in the Republic on Sunday, bringing the total in the State to 169.\r\nThere are 214 cases on the island of Ireland after eleven new cases were confirmed in Northern Ireland on Sunday bringing the total number of cases \u2026 [+790 chars]"}, {"source": {"id": "the-irish-times", "name": "The Irish Times"}, "author": "Shauna Bowers", "title": "Coronavirus: Several Irish citizens are on cruise chip denied entry to Chile", "description": "Department of Foreign Affairs confirms it is helping \u2018a number of\u2019 citizens stuck on ship", "url": "https://www.irishtimes.com/news/health/coronavirus-several-irish-citizens-are-on-cruise-chip-denied-entry-to-chile-1.4203708", "urlToImage": "https://www.irishtimes.com/image-creator/?id=1.4203705&origw=1440", "publishedAt": "2020-03-15T20:02:55Z", "content": "The Department of Foreign Affairs is in contact with a number of Irish citizens who are on board a cruise ship that has been denied entry to Chile. \r\nThe cruise ship has been in an hours-long stand-off after Chiles health ministry announced a ban on cruise sh\u2026 [+1870 chars]"}, {"source": {"id": "the-irish-times", "name": "The Irish Times"}, "author": null, "title": "Coronavirus: Pubs asked to close in latest move to stem outbreak", "description": "Closures affect 7,000 pubs and 50,000 staff; people urged not to hold house parties", "url": "https://www.irishtimes.com/news/health/coronavirus-pubs-asked-to-close-in-effort-to-stem-outbreak-as-40-new-cases-discovered-1.4203720", "urlToImage": "https://www.irishtimes.com/image-creator/?id=1.4203719&origw=1440", "publishedAt": "2020-03-15T21:07:59Z", "content": "The Government has called for the closure of the countrys 7,000 pubs from last night until at least March 29th in a further dramatic effort to stem the spread of coronavirus.\r\nThe move was considered essential ahead of the traditionally busy St Patricks Day b\u2026 [+11 chars]"}, {"source": {"id": "the-irish-times", "name": "The Irish Times"}, "author": "Shauna Bowers", "title": "Coronavirus: Several Irish citizens are on cruise ship denied entry to Chile", "description": "Department of Foreign Affairs confirms it is helping \u2018a number of\u2019 citizens stuck on ship", "url": "https://www.irishtimes.com/news/health/coronavirus-several-irish-citizens-are-on-cruise-ship-denied-entry-to-chile-1.4203708", "urlToImage": "https://www.irishtimes.com/image-creator/?id=1.4203705&origw=1440", "publishedAt": "2020-03-15T20:02:55Z", "content": "The Department of Foreign Affairs is in contact with a number of Irish citizens who are on board a cruise ship that has been denied entry to Chile. \r\nThe cruise ship has been in an hours-long stand-off after Chiles health ministry announced a ban on cruise sh\u2026 [+1870 chars]"}, {"source": {"id": "the-irish-times", "name": "The Irish Times"}, "author": "Simon Carswell", "title": "Coronavirus: Pub body will urge members to close if directed by the State", "description": "Varadkar may seek enforcement powers on mass gatherings ; Harris says crowded bar an \u2018insult\u2019 to medics", "url": "https://www.irishtimes.com/news/social-affairs/coronavirus-pub-body-will-urge-members-to-close-if-directed-by-the-state-1.4203494", "urlToImage": "https://www.irishtimes.com/image-creator/?id=1.4203493&origw=741", "publishedAt": "2020-03-15T10:33:56Z", "content": "The Vintners Federation of Ireland will urge the 4,000 pubs in its membership to close if so directed by State officials following a meeting with Government later today, the group said.\r\nIt comes after Taoiseach Leo Varadkar said the Government may seek enfor\u2026 [+8437 chars]"}, {"source": {"id": "the-irish-times", "name": "The Irish Times"}, "author": "The Irish Times", "title": "Coronavirus: 40 new cases confirmed in State bringing total to 169", "description": "Firefighter in Dublin tests positive for Covid-19", "url": "https://www.irishtimes.com/news/health/coronavirus-40-new-cases-confirmed-in-state-bringing-total-to-169-1.4203606", "urlToImage": "https://www.irishtimes.com/image-creator/?id=1.4203679&origw=1440", "publishedAt": "2020-03-15T16:06:47Z", "content": "Forty new cases of Covid-19 were confirmed in the Republic on Sunday , bringing the total in the State to 169. \r\nThere are 214 cases on the island of Ireland after eleven new cases were confirmed in Northern Ireland on Sunday bringing the total number of case\u2026 [+2194 chars]"}, {"source": {"id": "the-irish-times", "name": "The Irish Times"}, "author": "Brendan Greeley", "title": "Coronavirus: Seattle\u2019s small businesses try to survive the crisis", "description": "City is a US test case on whether shops can keep their doors open despite social distancing", "url": "https://www.irishtimes.com/business/economy/coronavirus-seattle-s-small-businesses-try-to-survive-the-crisis-1.4203533", "urlToImage": "https://www.irishtimes.com/image-creator/?id=1.4203532&origw=1440", "publishedAt": "2020-03-15T13:31:44Z", "content": "Last week, Olga Sagan gathered her staff at Piroshky Piroshky, a chain of pastry makers in Seattle. Foot traffic had dropped 70 per cent because of the coronavirus. Catering was at zero.\r\nI said guys, we are a bakery. Well do what we do well, but were also do\u2026 [+5789 chars]"}, {"source": {"id": "the-irish-times", "name": "The Irish Times"}, "author": "Charlie Taylor", "title": "Coronavirus: EU finance ministers to discuss next steps", "description": "Minister for Finance Paschal Donohoe says Government will do all it can to ensure economy bounces back", "url": "https://www.irishtimes.com/business/economy/coronavirus-eu-finance-ministers-to-discuss-next-steps-1.4203574", "urlToImage": "https://www.irishtimes.com/image-creator/?id=1.4203573&origw=1440", "publishedAt": "2020-03-15T15:23:10Z", "content": "European Union finance ministers will on Monday discuss the impact of the coronavirus and measures to restart their economies. The move comes as Minister for Finance Paschal Donohoe has said the Government will do all it can to ensure the Irish economy bounce\u2026 [+2928 chars]"}, {"source": {"id": "the-irish-times", "name": "The Irish Times"}, "author": "The Irish Times", "title": "Coronavirus: Securing more beds, calls for pub closures and businesses in crisis", "description": "Seen and heard: Bartra offers nursing homes to HSE as UK prepares to restrict over-70s", "url": "https://www.irishtimes.com/business/coronavirus-securing-more-beds-calls-for-pub-closures-and-businesses-in-crisis-1.4203498", "urlToImage": "https://www.irishtimes.com/image-creator/?id=1.4203497&origw=1440", "publishedAt": "2020-03-15T11:47:13Z", "content": "Hospitals are preparing to move patients to alternative facilities from tomorrow to make room for an expected surge of people with Covid-19, as a leading expert predicted that 50,000 people could require critical care during the crisis, according to the Sunda\u2026 [+2434 chars]"}, {"source": {"id": "the-irish-times", "name": "The Irish Times"}, "author": "Charlie Taylor", "title": "Coronavirus: EU ministers to discuss next steps as Donohoe promises support", "description": "Minister for Finance says Government will do all it can to ensure economy bounces back", "url": "https://www.irishtimes.com/business/economy/coronavirus-eu-ministers-to-discuss-next-steps-as-donohoe-promises-support-1.4203574", "urlToImage": "https://www.irishtimes.com/image-creator/?id=1.4203642&origw=1440", "publishedAt": "2020-03-15T15:23:10Z", "content": "European Union finance ministers will discuss the impact of coronavirus on Monday, along with measures to restart their economies, as stock markets brace themselves for another tough week.\r\nThe move comes as Minister for Finance Paschal Donohoe has said the G\u2026 [+2772 chars]"}, {"source": {"id": "the-irish-times", "name": "The Irish Times"}, "author": "The Irish Times", "title": "Valencia confirm five coronavirus positives among players and staff", "description": "Spanish club\u2019s defender Ezequiel Garay had earlier announced he had caught virus", "url": "https://www.irishtimes.com/sport/soccer/valencia-confirm-five-coronavirus-positives-among-players-and-staff-1.4203507", "urlToImage": "https://www.irishtimes.com/image-creator/?id=1.4203506&origw=1440", "publishedAt": "2020-03-15T12:07:31Z", "content": "Five members of the playing squad and staff of La Liga club Valencia have tested positive for the coronavirus, the Spanish side said on Sunday.\r\nValencia CF inform that five positive cases of the Covid-19 coronavirus have been detected amongst first team staf\u2026 [+1469 chars]"}, {"source": {"id": "the-irish-times", "name": "The Irish Times"}, "author": "Derek Evans", "title": "Anglers weather storms and coronavirus fears to start the season", "description": "Angling notes: some who braved the elements were rewarded with quality fish", "url": "https://www.irishtimes.com/sport/other-sports/anglers-weather-storms-and-coronavirus-fears-to-start-the-season-1.4201215", "urlToImage": "https://www.irishtimes.com/image-creator/?id=1.4201213&origw=623", "publishedAt": "2020-03-16T00:00:00Z", "content": "Against all the odds, the game angling season finally got under way in the last few weeks, albeit at a snails pace. One storm after another, accompanied by floods, biting gale-force winds, thunderous downpours and now Covid-19, have all contributed to a disap\u2026 [+3347 chars]"}, {"source": {"id": "the-irish-times", "name": "The Irish Times"}, "author": "The Irish Times", "title": "Valencia\u2019s Ezequiel Garay first La Liga player to get coronavirus", "description": "Argentinean confirmed on Instagram that he has tested positive", "url": "https://www.irishtimes.com/sport/soccer/valencia-s-ezequiel-garay-first-la-liga-player-to-get-coronavirus-1.4203507", "urlToImage": "https://www.irishtimes.com/image-creator/?id=1.4203506&origw=1440", "publishedAt": "2020-03-15T12:07:31Z", "content": "Valencia and Argentina defender Ezequiel Garay said on Sunday that he has tested positive for the coronavirus, becoming the first La Liga player to confirm he has the virus that has wreaked havoc on global sport.\r\nIts clear that I have got off to the wrong st\u2026 [+745 chars]"}, {"source": {"id": "the-irish-times", "name": "The Irish Times"}, "author": "Suzanne Lynch", "title": "Trump plays down coronavirus threat", "description": "US president Donald Trump played down the threat of the coronavirus on Sunday night, despite the Federal Reserve announcing a dramatic package of stimulus measures to help combat the economic impact of the virus. \u201cRelax. You\u2019re doing great. It all will pass,\u201d\u2026", "url": "https://www.irishtimes.com/news/world/us/trump-continues-to-play-down-coronavirus-threat-1.4203754", "urlToImage": "https://www.irishtimes.com/image-creator/?id=1.4203753&origw=1440", "publishedAt": "2020-03-15T22:18:02Z", "content": "US president Donald Trump played down the threat of the coronavirus on Sunday night, despite the Federal Reserve announcing a dramatic package of stimulus measures to help combat the economic impact of the virus. \r\nRelax. Youre doing great. It all will pass, \u2026 [+2790 chars]"}, {"source": {"id": "the-irish-times", "name": "The Irish Times"}, "author": "The Irish Times", "title": "Coronavirus: France, Spain join Italy in imposing lockdowns", "description": "Vatican says general audiences and Sunday blessings will be held via internet and TV until April 12th", "url": "https://www.irishtimes.com/news/world/europe/coronavirus-france-spain-join-italy-in-imposing-lockdowns-1.4203490", "urlToImage": "https://www.irishtimes.com/image-creator/?id=1.4203489&origw=1440", "publishedAt": "2020-03-15T08:10:29Z", "content": "France and Spain joined Italy in imposing lockdowns on tens of millions of people as the world sought to contain the spreading coronavirus.\r\nSeveral countries have imposed bans on mass gathering, shuttered sporting, cultural and religious events, while medica\u2026 [+2178 chars]"}, {"source": {"id": "the-irish-times", "name": "The Irish Times"}, "author": "Damian Cullen", "title": "Ask the experts: Do you have coronavirus-related questions?", "description": "Let us answer your queries about health, work, school, social isolation, holidays and more", "url": "https://www.irishtimes.com/life-and-style/health-family/ask-the-experts-do-you-have-coronavirus-related-questions-1.4203505", "urlToImage": "https://www.irishtimes.com/image-creator/?id=1.4203504&origw=1440", "publishedAt": "2020-03-15T14:01:00Z", "content": "As cases of coronavirus continue to rise in Ireland and around the world, The Irish Times is endeavouring to provide comprehensive and accurate information for our readers.\r\nOften, the best way to make sure we are answering all the concerns of the public is t\u2026 [+476 chars]"}, {"source": {"id": "the-irish-times", "name": "The Irish Times"}, "author": "Apoorva Mandavilli", "title": "What pregnant women need to know about coronavirus", "description": "Pregnant women are often particularly susceptible to respiratory infections and, once infected, can become seriously ill, with long-lasting consequences for both mother and baby. Is that true for the new coronavirus? The information available so far is thin, \u2026", "url": "https://www.irishtimes.com/life-and-style/health-family/what-pregnant-women-need-to-know-about-coronavirus-1.4197715", "urlToImage": "https://www.irishtimes.com/image-creator/?id=1.4197710&origw=1440", "publishedAt": "2020-03-15T06:01:00Z", "content": "Pregnant women are often particularly susceptible to respiratory infections and, once infected, can become seriously ill, with long-lasting consequences for both mother and baby.\r\nIs that true for the new coronavirus?\r\nThe information available so far is thin\u2026 [+4600 chars]"}, {"source": {"id": "the-irish-times", "name": "The Irish Times"}, "author": "Prof Ciar\u00e1n O\u2019Boyle", "title": "Coronavirus: How to cope with Covid-19 anxiety", "description": "Anxiety is a normal human response to a threat, and it is particularly likely to occur when the threat is unpredictable and uncertain. Emotions such as anxiety are important as they orient us towards a threat and help us decide what to do next. However, the f\u2026", "url": "https://www.irishtimes.com/life-and-style/health-family/coronavirus-how-to-cope-with-covid-19-anxiety-1.4202396", "urlToImage": "https://www.irishtimes.com/image-creator/?id=1.4202385&origw=1440", "publishedAt": "2020-03-15T20:01:03Z", "content": "Anxiety is a normal human response to a threat, and it is particularly likely to occur when the threat is unpredictable and uncertain. Emotions such as anxiety are important as they orient us towards a threat and help us decide what to do next.\r\nHowever, the \u2026 [+7325 chars]"}, {"source": {"id": "the-irish-times", "name": "The Irish Times"}, "author": "Mark Hilliard", "title": "Your business week: EU finance ministers assess the coronavirus fallout", "description": "Monday, March 16th Results: Diaceutics, Trinity Biotech. Indicators: Irish imports and exports (Jan). Meetings: Eurogroup meeting. Diaceutics, the Belfast-based data analytics company, will report preliminary results on Monday, not long after it issued a trad\u2026", "url": "https://www.irishtimes.com/business/your-business-week-eu-finance-ministers-assess-the-coronavirus-fallout-1.4202230", "urlToImage": "https://www.irishtimes.com/image-creator/?id=1.4202229&origw=1440", "publishedAt": "2020-03-15T18:00:00Z", "content": "Results:Diaceutics, Trinity Biotech. \r\nIndicators: Irish imports and exports (Jan).\r\nMeetings: Eurogroup meeting.\r\nDiaceutics, the Belfast-based data analytics company, will report preliminary results on Monday, not long after it issued a trading statement sa\u2026 [+4186 chars]"}, {"source": {"id": "the-irish-times", "name": "The Irish Times"}, "author": "The Irish Times", "title": "Coronavirus: Firefighter in Dublin tests positive for Covid-19", "description": "A firefighter/paramedic has been tested positive for Covid-19, Dublin Fire Brigade has said. The firefighter \u201cis under the medical care of the HSE and is doing well, we are respecting their privacy at this time and would ask that others follow likewise\u201d. It s\u2026", "url": "https://www.irishtimes.com/news/health/coronavirus-firefighter-in-dublin-tests-positive-for-covid-19-1.4203606", "urlToImage": "https://www.irishtimes.com/image-creator/?id=1.4203605&origw=723", "publishedAt": "2020-03-15T16:06:47Z", "content": "A firefighter/paramedic has been tested positive for Covid-19, Dublin Fire Brigade has said.\r\nThe firefighter is under the medical care of the HSE and is doing well, we are respecting their privacy at this time and would ask that others follow likewise.\r\nIt s\u2026 [+1080 chars]"}, {"source": {"id": "the-irish-times", "name": "The Irish Times"}, "author": "The Irish Times", "title": "Coronavirus: France and Austria impose lockdowns as Spain sees surge in deaths", "description": "France goes ahead with local elections while Germany reportedly plans to close borders", "url": "https://www.irishtimes.com/news/world/europe/coronavirus-france-and-austria-impose-lockdowns-as-spain-sees-surge-in-deaths-1.4203490", "urlToImage": "https://www.irishtimes.com/image-creator/?id=1.4203489&origw=1440", "publishedAt": "2020-03-15T11:27:13Z", "content": "France, Spain and Austria joined Italy in imposing lockdowns on millions of people as the world sought to contain the spreading coronavirus.\r\nSeveral countries have imposed bans on mass gathering and shuttered sporting, cultural and religious events, while me\u2026 [+5007 chars]"}, {"source": {"id": "the-irish-times", "name": "The Irish Times"}, "author": "Naomi O\u2019Leary", "title": "Italy resists coronavirus disaster with cultural pursuits", "description": "\u2018From the point of view of solidarity, beautiful things are happening ... I feel proud to be Italian\u2019", "url": "https://www.irishtimes.com/news/world/europe/italy-resists-coronavirus-disaster-with-cultural-pursuits-1.4203635", "urlToImage": "https://www.irishtimes.com/image-creator/?id=1.4203634&origw=1440", "publishedAt": "2020-03-15T20:00:00Z", "content": "In the minutes before six oclock, Jessica Phelan climbed the stairs to the roof of her building to look out over her Rome neighbourhood. All day on social media, a hashtag had been trending: sonic flashmob, spreading the word that something would happen when \u2026 [+6255 chars]"}, {"source": {"id": "the-irish-times", "name": "The Irish Times"}, "author": "Naomi O\u2019Leary", "title": "Coronavirus: Italy resists disaster with cultural pursuits", "description": "\u2018From the point of view of solidarity, beautiful things are happening ... I feel proud to be Italian\u2019", "url": "https://www.irishtimes.com/news/world/europe/coronavirus-italy-resists-disaster-with-cultural-pursuits-1.4203635", "urlToImage": "https://www.irishtimes.com/image-creator/?id=1.4203634&origw=1440", "publishedAt": "2020-03-15T20:00:00Z", "content": "In the minutes before six oclock, Jessica Phelan climbed the stairs to the roof of her building to look out over her Rome neighbourhood. All day on social media, a hashtag had been trending: sonic flashmob, spreading the word that something would happen when \u2026 [+6255 chars]"}, {"source": {"id": "the-irish-times", "name": "The Irish Times"}, "author": "Simon Carswell, Jennifer Bray", "title": "Coronavirus: Government calls on all pubs and bars to close from tonight", "description": "All Temple Bar pubs and nightclubs to close in \u2018interest of public health\u2019", "url": "https://www.irishtimes.com/news/social-affairs/coronavirus-government-calls-on-all-pubs-and-bars-to-close-from-tonight-1.4203494", "urlToImage": "https://www.irishtimes.com/image-creator/?id=1.4203575&origw=682", "publishedAt": "2020-03-15T10:33:56Z", "content": "The Government is calling on all pubs and bars to close from tonight.\r\nAll pubs and nightclubs in Temple Bar, the popular nightlife district of Dublin, will close with immediate effect, the company that manages the area has said.\r\nThe company said that it was\u2026 [+10101 chars]"}, {"source": {"id": "the-irish-times", "name": "The Irish Times"}, "author": "The Irish Times", "title": "Coronavirus: Italy records 368 new deaths as Spain sees surge in fatalities", "description": "France goes ahead with local elections while Germany reportedly plans to close borders", "url": "https://www.irishtimes.com/news/world/europe/coronavirus-italy-records-368-new-deaths-as-spain-sees-surge-in-fatalities-1.4203490", "urlToImage": "https://www.irishtimes.com/image-creator/?id=1.4203656&origw=1440", "publishedAt": "2020-03-15T11:27:13Z", "content": "Italy recorded 368 new deaths on Sunday from the Covid-19 coronavirus outbreak, as the total death toll rose to 1,809 from 1,441 a day earlier, the countrys civil protection authority has said.\r\nThe number of positive cases in the country rose to 24,747 from \u2026 [+6199 chars]"}, {"source": {"id": "the-irish-times", "name": "The Irish Times"}, "author": "The Irish Times", "title": "Coronavirus: UK death toll rises to 35 as it plans isolation for over-70s", "description": "UK advises against \u2018all but essential travel\u2019 to US after Trump introduces travel ban", "url": "https://www.irishtimes.com/news/world/uk/coronavirus-uk-death-toll-rises-to-35-as-it-plans-isolation-for-over-70s-1.4203496", "urlToImage": "https://www.irishtimes.com/image-creator/?id=1.4203495&origw=1440", "publishedAt": "2020-03-15T10:16:34Z", "content": "The UKs coronavirus death toll rose to 35 as it was revealed the government will ask elderly people to self-isolate for up to four months.\r\n The Department of Health said 14 more patients have died in England after testing positive for Covid-19. This follows \u2026 [+7386 chars]"}, {"source": {"id": "the-irish-times", "name": "The Irish Times"}, "author": "Simon Carswell, Jennifer Bray", "title": "Coronavirus: All Temple Bar pubs and nightclubs to close in \u2018interest of public health\u2019", "description": "Varadkar may seek enforcement powers on mass gatherings ; Harris says crowded bar an \u2018insult\u2019 to medics", "url": "https://www.irishtimes.com/news/social-affairs/coronavirus-all-temple-bar-pubs-and-nightclubs-to-close-in-interest-of-public-health-1.4203494", "urlToImage": "https://www.irishtimes.com/image-creator/?id=1.4203575&origw=682", "publishedAt": "2020-03-15T10:33:56Z", "content": "All pubs and nightclubs in Temple Bar, the popular nightlife district of Dublin, will close with immediate effect, the company that manages the area has said.\r\nThe company said that it was making the decision in the interest of public health and following adv\u2026 [+45 chars]"}, {"source": {"id": "the-irish-times", "name": "The Irish Times"}, "author": "The Irish Times", "title": "Coronavirus: UK plans isolation for over-70s \u2018in coming weeks\u2019", "description": "Health minister says period of up to four months is intended to protect elderly", "url": "https://www.irishtimes.com/news/world/uk/coronavirus-uk-plans-isolation-for-over-70s-in-coming-weeks-1.4203496", "urlToImage": "https://www.irishtimes.com/image-creator/?id=1.4203495&origw=1440", "publishedAt": "2020-03-15T10:16:34Z", "content": "Isolating people aged over 70 for up to four months is in Britains action plan to tackle coronavirus and will be implemented in the coming weeks, Health Secretary Matt Hancock said on Sunday.\r\nAsked by Sky News whether people would be told to isolate for up t\u2026 [+1675 chars]"}, {"source": {"id": "the-irish-times", "name": "The Irish Times"}, "author": "The Irish Times", "title": "Coronavirus: Germany and US at odds over vaccine", "description": "Donald Trump is reportedly trying to gain exclusive access to German firm\u2019s reseach", "url": "https://www.irishtimes.com/news/world/europe/coronavirus-germany-and-us-at-odds-over-vaccine-1.4203651", "urlToImage": "https://www.irishtimes.com/image-creator/?id=1.4203649&origw=1440", "publishedAt": "2020-03-15T17:26:11Z", "content": "Berlin is trying to stop Washington from persuading a German company seeking a coronavirus vaccine to move its research to the US, with German politicians insisting no country should have a monopoly on any future vaccine.\r\nGerman government sources told Reute\u2026 [+2679 chars]"}, {"source": {"id": "the-irish-times", "name": "The Irish Times"}, "author": "Sally Hayden", "title": "Refugees in African camps worry about impact of coronavirus", "description": "There are almost 200,000 refugees in Kakuma alone, and they are relying on aid agencies to provide healthcare", "url": "https://www.irishtimes.com/news/world/africa/refugees-in-african-camps-worry-about-impact-of-coronavirus-1.4203631", "urlToImage": "https://www.irishtimes.com/image-creator/?id=1.4203622&origw=1440", "publishedAt": "2020-03-15T16:59:00Z", "content": "As Kenya, Ethiopia and Sudan announced their first cases of coronavirus on Friday, refugees hundreds of miles from African capital cities fretted their camps could become a death trap if the virus reaches that far. \r\nOf course Im worried about it, said a Soma\u2026 [+3382 chars]"}, {"source": {"id": "the-irish-times", "name": "The Irish Times"}, "author": "The Irish Times", "title": "Coronavirus: Hong Kong issues \u2018red alert\u2019 over travel to Ireland", "description": "Australia imposes 14 days of self-isolation on international travellers as outbreak continues", "url": "https://www.irishtimes.com/news/world/asia-pacific/coronavirus-hong-kong-issues-red-alert-over-travel-to-ireland-1.4203485", "urlToImage": "https://www.irishtimes.com/image-creator/?id=1.4203484&origw=1440", "publishedAt": "2020-03-15T07:26:08Z", "content": "Hong Kong has issued a red travel alert urging people to avoid non-essential travel to Ireland, Britain and the US, as the city hunkers down to contain any further outbreak of coronavirus in the global financial hub. \r\nThe government also said members of the \u2026 [+5467 chars]"}, {"source": {"id": "the-irish-times", "name": "The Irish Times"}, "author": "Lara Marlowe", "title": "Coronavirus: Parisians ignore social distancing plea despite deaths doubling", "description": "Paris Letter: Sweeping restrictions take effect but public come out in legions to bask in sun", "url": "https://www.irishtimes.com/news/world/europe/coronavirus-parisians-ignore-social-distancing-plea-despite-deaths-doubling-1.4203676", "urlToImage": "https://www.irishtimes.com/image-creator/?id=1.4203675&origw=1200", "publishedAt": "2020-03-15T18:25:39Z", "content": "Paris seemed torn between conflicting instincts of pleasure and self-preservation on Sunday, after the government shut down all cafes, restaurants, bars and non-essential shops from midnight Saturday, in the hope of slowing the coronavirus epidemic.\r\nBy Sunda\u2026 [+4615 chars]"}, {"source": {"id": "the-irish-times", "name": "The Irish Times"}, "author": "Derek Scally", "title": "Coronavirus: German vaccine developer rejects US buy-up bid", "description": "Donald Trump is reportedly trying to gain exclusive access to German firm\u2019s reseach", "url": "https://www.irishtimes.com/news/world/europe/coronavirus-german-vaccine-developer-rejects-us-buy-up-bid-1.4203651", "urlToImage": "https://www.irishtimes.com/image-creator/?id=1.4203649&origw=1440", "publishedAt": "2020-03-15T17:26:11Z", "content": "The main owner of a German company developing a vaccine for coronavirus has dismissed an approach by the US government.\r\nCureVac, a biotechnology company based in the southern Germany city of T\u00fcbingen, says it could be ready as early as June with a low-dose C\u2026 [+3359 chars]"}, {"source": {"id": "the-irish-times", "name": "The Irish Times"}, "author": "The Irish Times", "title": "Coronavirus: Australia orders all arrivals to self-isolate for 14 days", "description": "Prime minister announces restriction for international travellers from midnight Sunday", "url": "https://www.irishtimes.com/news/world/asia-pacific/coronavirus-australia-orders-all-arrivals-to-self-isolate-for-14-days-1.4203485", "urlToImage": "https://www.irishtimes.com/image-creator/?id=1.4203484&origw=1440", "publishedAt": "2020-03-15T07:15:48Z", "content": "Australia has ordered 14-days of self-isolation for international travellers arriving from midnight Sunday and has banned cruise ships from foreign ports for 30 days.\r\nAustralian prime minister Scott Morrison announced the new measures after a meeting with a \u2026 [+2597 chars]"}, {"source": {"id": "the-irish-times", "name": "The Irish Times"}, "author": "The Irish Times", "title": "Coronavirus: UK plans isolation for over-70s for up to four months", "description": "UK advises against \u2018all but essential travel\u2019 to US after Trump introduces travel ban", "url": "https://www.irishtimes.com/news/world/uk/coronavirus-uk-plans-isolation-for-over-70s-for-up-to-four-months-1.4203496", "urlToImage": "https://www.irishtimes.com/image-creator/?id=1.4203495&origw=1440", "publishedAt": "2020-03-15T10:16:34Z", "content": "Elderly people will be asked to self-isolate for up to four months, as the UK escalates its fight against coronavirus.\r\nHealth secretary Matt Hancock said it is a very big ask, but it is a measure which is for their own self-protection.\r\nElsewhere the UK fore\u2026 [+7133 chars]"}, {"source": {"id": "the-irish-times", "name": "The Irish Times"}, "author": "Suzanne Lynch", "title": "Coronavirus: Ireland in US travel ban due to open border with UK, says Trump", "description": "White House announces president tested negative for Covid-19", "url": "https://www.irishtimes.com/news/world/us/coronavirus-ireland-in-us-travel-ban-due-to-open-border-with-uk-says-trump-1.4203482", "urlToImage": "https://www.irishtimes.com/image-creator/?id=1.4203483&origw=1440", "publishedAt": "2020-03-15T06:31:14Z", "content": "US president Donald Trump has cited Irelands open border with Britain as a key reason for including the country in the travel ban. \r\nIn a presidential proclamation released on Saturday night, the White House noted the Republic of Ireland has an open border wi\u2026 [+5283 chars]"}]}