{"status": "ok", "totalResults": 95, "articles": [{"source": {"id": "the-irish-times", "name": "The Irish Times"}, "author": "Colin Gleeson", "title": "Coronavirus: How it has affected Ireland day-by-day", "description": "Timeline of events tracks the progression and impact of Covid-19 since the first case", "url": "https://www.irishtimes.com/news/health/coronavirus-how-it-has-affected-ireland-day-by-day-1.4206691", "urlToImage": "https://www.irishtimes.com/image-creator/?id=1.4206690&origw=1440", "publishedAt": "2020-03-19T07:25:46Z", "content": "A case of pneumonia of unknown cause detected in Wuhan, China, was first reported to the World Health Organisation on December 31st.\r\nFollowing further investigation, the patient was found to have contracted a strain of coronavirus. The new strain, later name\u2026 [+9005 chars]"}, {"source": {"id": "the-irish-times", "name": "The Irish Times"}, "author": null, "title": "Crunching Ireland\u2019s coronavirus numbers brings good and bad news", "description": "Just 2% of cases have required intensive care, but we are in \u2018calm before storm\u2019 phase", "url": "https://www.irishtimes.com/news/health/crunching-ireland-s-coronavirus-numbers-brings-good-and-bad-news-1.4207233", "urlToImage": "https://www.irishtimes.com/image-creator/?id=1.4207232&origw=1200", "publishedAt": "2020-03-19T18:33:03Z", "content": "The first analysis of Irelands Covid-19 cases provides an interesting, somewhat encouraging, but ultimately incomplete picture of how we are faring in the fight against the disease.\r\nThese are early days to be crunching the numbers on cases, just three weeks \u2026 [+51 chars]"}, {"source": {"id": "the-irish-times", "name": "The Irish Times"}, "author": null, "title": "Coronavirus: Figures show sharp increase in community transmissions", "description": "Young people asked to obey social distancing rules lest they infect the more vulnerable", "url": "https://www.irishtimes.com/news/ireland/irish-news/coronavirus-figures-show-sharp-increase-in-community-transmissions-1.4207355", "urlToImage": "https://www.irishtimes.com/image-creator/?id=1.4207354&origw=1440", "publishedAt": "2020-03-19T21:49:58Z", "content": "A third death and a further 191 cases of coronavirus were reported in the State on Thursday night, bringing the total number of known cases to 557.\r\nThe Department of Health said the third person to die as a result of the Covid-19 outbreak was a female from t\u2026 [+22 chars]"}, {"source": {"id": "the-irish-times", "name": "The Irish Times"}, "author": "Freya McClements", "title": "First death from coronavirus recorded in Northern Ireland", "description": "Elderly patient with underlying condition was being treated in greater Belfast area", "url": "https://www.irishtimes.com/news/health/first-death-from-coronavirus-recorded-in-northern-ireland-1.4206780", "urlToImage": "https://www.irishtimes.com/image-creator/?id=1.4206779&origw=723", "publishedAt": "2020-03-19T10:54:23Z", "content": "Northern Ireland has had its first death from coronavirus.\r\nThe Department of Health said a patient who tested positive for Covid-19 has died in hospital.\r\nThe patient was elderly, had an underlying medical condition and was being treated in a hospital in the\u2026 [+339 chars]"}, {"source": {"id": "the-irish-times", "name": "The Irish Times"}, "author": "Harry McGee", "title": "Coronavirus: 58,000 applications received for Covid-19 welfare payment", "description": "Regina Doherty says Department of Social Protection has processed 43,000 of those claims", "url": "https://www.irishtimes.com/news/social-affairs/coronavirus-58-000-applications-received-for-covid-19-welfare-payment-1.4207063", "urlToImage": "https://www.irishtimes.com/image-creator/?id=1.4207061&origw=1440", "publishedAt": "2020-03-19T16:00:26Z", "content": "Minister for Social Protection Regina Doherty has said that there have been 58,000 applications so far for the Covid-19 payment introduced since the weekend for those who have been let go because of the coronavirus crisis. \r\nShe said her department has manage\u2026 [+429 chars]"}, {"source": {"id": "the-irish-times", "name": "The Irish Times"}, "author": "Jack Power, Vivienne Clarke", "title": "Coronavirus: Third death and 191 new cases confirmed in State", "description": "Oral and practical exams cancelled for Leaving and Junior Cert students; powers will allow authorities to lock down regions", "url": "https://www.irishtimes.com/news/ireland/irish-news/coronavirus-third-death-and-191-new-cases-confirmed-in-state-1.4206792", "urlToImage": "https://www.irishtimes.com/image-creator/?id=1.4206791&origw=1440", "publishedAt": "2020-03-19T12:04:57Z", "content": "A further 191 coronavirus cases have been diagnosed in the State, bringing the total number to 557. \r\nThe Department of Health also announced on Thursday evening that a third person had died as a result of Covid-19 in Ireland.\r\nThe 191 cases confirmed between\u2026 [+2253 chars]"}, {"source": {"id": "the-irish-times", "name": "The Irish Times"}, "author": "Paul Cullen", "title": "D\u00e1il to rush through drastic new powers to fight coronavirus", "description": "Further 74 cases reported bringing total that have contacted disease in Republic to 366", "url": "https://www.irishtimes.com/news/health/d%C3%A1il-to-rush-through-drastic-new-powers-to-fight-coronavirus-1.4206261", "urlToImage": "https://www.irishtimes.com/image-creator/?id=1.4206257&origw=1440", "publishedAt": "2020-03-19T01:30:00Z", "content": "The D\u00e1il reconvenes today to rush through emergency legislation with drastic powers to fight the coronavirus crisis, as new figures show the disease has struck almost nationwide.\r\nA further 74 cases of the virus, also known as Covid-19, were reported last nig\u2026 [+3402 chars]"}, {"source": {"id": "the-irish-times", "name": "The Irish Times"}, "author": "Conor Lally", "title": "Coronavirus fraud warnings as scammers target newly unemployed", "description": "Fraudsters claim to be processing welfare payments and ask for bank details over phone", "url": "https://www.irishtimes.com/news/crime-and-law/coronavirus-fraud-warnings-as-scammers-target-newly-unemployed-1.4207242", "urlToImage": "https://www.irishtimes.com/image-creator/?id=1.4207241&origw=1440", "publishedAt": "2020-03-19T18:44:37Z", "content": "Fraudsters have sought to take advantage of the coronavirus crisis by trying to trick members of the public into surrendering their banks details over the phone.\r\nCallers have claimed to be processing social welfare payments available from the Department of E\u2026 [+1489 chars]"}, {"source": {"id": "the-irish-times", "name": "The Irish Times"}, "author": "Barry Roche", "title": "Coronavirus shutdown hits tourism hard in west Cork", "description": "Bookings plummet as region faces uncertainty over Covid-19", "url": "https://www.irishtimes.com/news/ireland/irish-news/coronavirus-shutdown-hits-tourism-hard-in-west-cork-1.4206737", "urlToImage": "https://www.irishtimes.com/image-creator/?id=1.4206735&origw=1440", "publishedAt": "2020-03-19T09:26:58Z", "content": "St Patricks Day may historically start the Irish tourist season but Covid-19 has ended any prospect of this happening this year in West Cork, as the area is hit hard by the impact of coronavirus.\r\nAlthough there is no overall official figure available for the\u2026 [+4234 chars]"}, {"source": {"id": "the-irish-times", "name": "The Irish Times"}, "author": "Paul Cullen", "title": "D\u00e1il to rush through sweeping powers to fight coronavirus", "description": "Further 74 cases reported bringing total that have contacted disease in Republic to 366", "url": "https://www.irishtimes.com/news/health/d%C3%A1il-to-rush-through-sweeping-powers-to-fight-coronavirus-1.4206261", "urlToImage": "https://www.irishtimes.com/image-creator/?id=1.4206257&origw=1440", "publishedAt": "2020-03-19T01:30:00Z", "content": "The D\u00e1il reconvenes today to rush through emergency legislation with drastic powers to fight the coronavirus crisis, as new figures show the disease has struck almost nationwide.\r\nA further 74 cases of the virus, also known as Covid-19, were reported last nig\u2026 [+3402 chars]"}, {"source": {"id": "the-irish-times", "name": "The Irish Times"}, "author": "Peter Lynch", "title": "Coronavirus: Modelling the evolution of a viral outbreak", "description": "Mathematical models were useful in responding to Sars, Ebola and swine flu and will help with the Covid-19 virus too", "url": "https://www.irishtimes.com/news/science/coronavirus-modelling-the-evolution-of-a-viral-outbreak-1.4197391", "urlToImage": "https://www.irishtimes.com/image-creator/?id=1.4197389&origw=1440", "publishedAt": "2020-03-19T06:00:00Z", "content": "There is widespread anxiety about the threat of the Covid-19 virus. Mathematics now plays a vital role in combating the spread of epidemics, and will help us to bring this outbreak under control.\r\nFor centuries, mathematics has been used to solve problems in \u2026 [+3657 chars]"}, {"source": {"id": "the-irish-times", "name": "The Irish Times"}, "author": "Tim O'Brien", "title": "Coronavirus: Public transport numbers 75% down on this time last year", "description": "NTA says trains, buses and trams will \u2018continue to operate as normal\u2019 during outbreak", "url": "https://www.irishtimes.com/news/ireland/irish-news/coronavirus-public-transport-numbers-75-down-on-this-time-last-year-1.4207166", "urlToImage": "https://www.irishtimes.com/image-creator/?id=1.4207164&origw=1440", "publishedAt": "2020-03-19T17:25:24Z", "content": "Passenger numbers on subsidised public transport services have fallen by up to 75 per cent due to the coronavirus outbreak, the National Transport Authority has said. \r\nUsage figures published by the State agency on Thursday show daily passenger numbers on se\u2026 [+1450 chars]"}, {"source": {"id": "the-irish-times", "name": "The Irish Times"}, "author": "Paul Cullen", "title": "Coronavirus: Drastic new powers will allow authorities to lock down regions", "description": "Further 74 cases reported bringing total that have contacted disease in Republic to 366", "url": "https://www.irishtimes.com/news/health/coronavirus-drastic-new-powers-will-allow-authorities-to-lock-down-regions-1.4206261", "urlToImage": "https://www.irishtimes.com/image-creator/?id=1.4206257&origw=1440", "publishedAt": "2020-03-19T01:30:00Z", "content": "The D\u00e1il reconvenes today to rush through emergency legislation with drastic powers to fight the coronavirus crisis, as new figures show the disease has struck almost nationwide.\r\nA further 74 cases of the virus, also known as Covid-19, were reported last nig\u2026 [+3402 chars]"}, {"source": {"id": "the-irish-times", "name": "The Irish Times"}, "author": "Jack Horgan-Jones", "title": "Coronavirus: Government urged to show plans to deploy 4,500 student nurses", "description": "Union calls for agreement on pay and risks for student nurses combating Covid-19 surge", "url": "https://www.irishtimes.com/news/health/coronavirus-government-urged-to-show-plans-to-deploy-4-500-student-nurses-1.4206157", "urlToImage": "https://www.irishtimes.com/image-creator/?id=1.4206156&origw=1440", "publishedAt": "2020-03-19T01:00:00Z", "content": "The Irish Nurses and Midwives Organisation (INMO) has urged the Government to quickly produce detailed proposals to deploy 4,500 student nurses to combat the anticipated Covid-19 surge.\r\nLike Defence Forces cadets and trainee garda\u00ed, student nurses want to pl\u2026 [+1952 chars]"}, {"source": {"id": "the-irish-times", "name": "The Irish Times"}, "author": "Paul Cullen", "title": "Coronavirus: Drastic new powers will allow authorities to lock down regions and keep people at home", "description": "Further 74 cases reported bringing total that have contracted disease in Republic to 366", "url": "https://www.irishtimes.com/news/health/coronavirus-drastic-new-powers-will-allow-authorities-to-lock-down-regions-and-keep-people-at-home-1.4206261", "urlToImage": "https://www.irishtimes.com/image-creator/?id=1.4206257&origw=1440", "publishedAt": "2020-03-19T01:30:00Z", "content": "The D\u00e1il reconvenes today to rush through emergency legislation with drastic powers to fight the coronavirus crisis, as new figures show the disease has struck almost nationwide.\r\nA further 74 cases of the virus, also known as Covid-19, were reported last nig\u2026 [+3402 chars]"}, {"source": {"id": "the-irish-times", "name": "The Irish Times"}, "author": "Jack Power, Vivienne Clarke", "title": "Coronavirus: D\u00e1il meets on emergency legislation as NI reports first death", "description": "Oral and practical exams cancelled for Leaving and Junior Cert students; powers will allow authorities to lock down regions", "url": "https://www.irishtimes.com/news/ireland/irish-news/coronavirus-d%C3%A1il-meets-on-emergency-legislation-as-ni-reports-first-death-1.4206792", "urlToImage": "https://www.irishtimes.com/image-creator/?id=1.4206791&origw=1440", "publishedAt": "2020-03-19T12:04:57Z", "content": "The D\u00e1il has reconvened to rush through emergency legislation with drastic powers to fight the coronavirus crisis, as the European Central Bank (ECB) approved a 750 billion bond-buying programme in an effort to avoid a financial crisis in the euro zone. \r\nNew\u2026 [+6496 chars]"}, {"source": {"id": "the-irish-times", "name": "The Irish Times"}, "author": "Conor Pope", "title": "Coronavirus: Holidaymakers facing losses as travel insurers move to drop cover", "description": "Many could be out of pocket as some insurers activate exclusion clauses in existing policies", "url": "https://www.irishtimes.com/news/consumer/coronavirus-holidaymakers-facing-losses-as-travel-insurers-move-to-drop-cover-1.4206874", "urlToImage": "https://www.irishtimes.com/image-creator/?id=1.4206870&origw=1440", "publishedAt": "2020-03-19T13:10:36Z", "content": "Irish holidaymakers could be left facing huge losses on cancelled holidays as a result of clauses in travel insurance documents which invalidate cover in circumstances such as the spread of coronavirus. \r\nSome companies have started activating exclusion claus\u2026 [+2205 chars]"}, {"source": {"id": "the-irish-times", "name": "The Irish Times"}, "author": "Jack Power", "title": "Coronavirus: UCD to extend on-campus leases for students unable to go home", "description": "TCD instructs students to vacate college accommodation in bid to curb spread of virus", "url": "https://www.irishtimes.com/news/education/coronavirus-ucd-to-extend-on-campus-leases-for-students-unable-to-go-home-1.4207039", "urlToImage": "https://www.irishtimes.com/image-creator/?id=1.4207037&origw=1440", "publishedAt": "2020-03-19T15:38:39Z", "content": "University College Dublin (UCD) has said it will extend leases for any student living in on-campus accommodation unable to return to their normal place of residence in May, due to coronavirus overseas travel restrictions. \r\nThe university has also said studen\u2026 [+2378 chars]"}, {"source": {"id": "the-irish-times", "name": "The Irish Times"}, "author": null, "title": "Coronavirus: Irish stranded in Peru told only available flight will cost $3,000", "description": "South American country shut borders on Monday in attempt to stop Covid-19 spread", "url": "https://www.irishtimes.com/news/social-affairs/coronavirus-irish-stranded-in-peru-told-only-available-flight-will-cost-3-000-1.4207127", "urlToImage": "https://www.irishtimes.com/image-creator/?id=1.4207126&origw=1199", "publishedAt": "2020-03-19T16:56:00Z", "content": "A number of Irish citizens stuck in Peru due to travel restrictions linked to the coronavirus pandemic have been told the only charter flight available to them is to London and will cost between $3,000 and $3,500 each.\r\nPerus president Martin Vizcarra has dec\u2026 [+95 chars]"}, {"source": {"id": "the-irish-times", "name": "The Irish Times"}, "author": "Simon Carswell, Pat Leahy, Harry McGee", "title": "Coronavirus: Ireland warned \u2018tens of thousands\u2019 could die if warnings ignored", "description": "Leo Varadkar says school closures could be extended to April or May", "url": "https://www.irishtimes.com/news/health/coronavirus-ireland-warned-tens-of-thousands-could-die-if-warnings-ignored-1.4207362", "urlToImage": "https://www.irishtimes.com/image-creator/?id=1.4207360&origw=1440", "publishedAt": "2020-03-19T22:50:00Z", "content": "The Covid-19 virus could kills tens of thousands of people if the public does not follow advice to keep apart from others, the Government has warned, as it passed draconian legislation that could restrict the publics movements.\r\nThe State recorded its third d\u2026 [+4172 chars]"}, {"source": {"id": "the-irish-times", "name": "The Irish Times"}, "author": "Jack Horgan-Jones", "title": "Coronavirus: Health experts warn against reading into data on Covid-19 patients", "description": "Figures released this week had shown concentrations of cases in people of working age", "url": "https://www.irishtimes.com/news/health/coronavirus-health-experts-warn-against-reading-into-data-on-covid-19-patients-1.4207371", "urlToImage": "https://www.irishtimes.com/image-creator/?id=1.4207368&origw=1440", "publishedAt": "2020-03-19T22:32:00Z", "content": "Public health experts have cautioned against reading too much into figures that show concentrations of cases in Ireland of Covid-19 in people of working age. \r\nData released this week by the Department of Health on the first 271 cases of the virus shows that \u2026 [+2065 chars]"}, {"source": {"id": "the-irish-times", "name": "The Irish Times"}, "author": "Jack Power, Vivienne Clarke", "title": "Coronavirus: D\u00e1il to rush through emergency legislation with drastic powers to fight crisis", "description": "Oral and practical exams cancelled; NI reports first death; powers will allow authorities to lock down regions", "url": "https://www.irishtimes.com/news/ireland/irish-news/coronavirus-d%C3%A1il-to-rush-through-emergency-legislation-with-drastic-powers-to-fight-crisis-1.4206792", "urlToImage": "https://www.irishtimes.com/image-creator/?id=1.4206791&origw=1440", "publishedAt": "2020-03-19T11:07:14Z", "content": "The D\u00e1il reconvenes today to rush through emergency legislation with drastic powers to fight the coronavirus crisis, as the European Central Bank (ECB) approved a 750 billion bond buying programme in an effort to avoid a financial crisis in the eurozone. \r\nNe\u2026 [+6198 chars]"}, {"source": {"id": "the-irish-times", "name": "The Irish Times"}, "author": "Jack Power, Vivienne Clarke", "title": "Coronavirus: D\u00e1il to rush through emergency legislation as NI reports first death", "description": "Oral and practical exams cancelled for Leaving and Junior Cert students; powers will allow authorities to lock down regions", "url": "https://www.irishtimes.com/news/ireland/irish-news/coronavirus-d%C3%A1il-to-rush-through-emergency-legislation-as-ni-reports-first-death-1.4206792", "urlToImage": "https://www.irishtimes.com/image-creator/?id=1.4206791&origw=1440", "publishedAt": "2020-03-19T11:07:14Z", "content": "The D\u00e1il reconvenes today to rush through emergency legislation with drastic powers to fight the coronavirus crisis, as the European Central Bank (ECB) approved a 750 billion bond buying programme in an effort to avoid a financial crisis in the eurozone.\r\nNew\u2026 [+5973 chars]"}, {"source": {"id": "the-irish-times", "name": "The Irish Times"}, "author": "Francess McDonnell", "title": "Coronavirus creating heightened demand for chicken", "description": "Moy Park hiring hundreds of temporary workers to meet appetite", "url": "https://www.irishtimes.com/business/agribusiness-and-food/coronavirus-creating-heightened-demand-for-chicken-1.4207194", "urlToImage": "https://www.irishtimes.com/image-creator/?id=1.4207193&origw=1440", "publishedAt": "2020-03-19T17:55:33Z", "content": "Moy Park, one of Europes largest poultry processors, is set to create hundreds of temporary jobs at its Northern Ireland sites because of a heightened demand for chicken produce\r\nThe food company, which is owned by the US group Pilgrims Pride, said its decisi\u2026 [+1315 chars]"}, {"source": {"id": "the-irish-times", "name": "The Irish Times"}, "author": "The Irish Times", "title": "French Amazon workers protest in coronavirus pushback", "description": "Deman for online goods soars as most stores shut but workers are fearful of exposure", "url": "https://www.irishtimes.com/business/retail-and-services/french-amazon-workers-protest-in-coronavirus-pushback-1.4206718", "urlToImage": "https://www.irishtimes.com/image-creator/?id=1.4206717&origw=1440", "publishedAt": "2020-03-19T08:33:51Z", "content": "Several hundred Amazon workers in France protested at one of its sites on Wednesday, calling on the online retailer to cease operations or make it easier for employees loath to work during the coronavirus outbreak to stay away.\r\nRetailers across France were o\u2026 [+2405 chars]"}, {"source": {"id": "the-irish-times", "name": "The Irish Times"}, "author": "The Irish Times", "title": "Lufthansa unit Swiss faces liquidity crunch as coronavirus guts travel", "description": "Short-term measures to safeguard liquidity are the \u2018top priority\u2019", "url": "https://www.irishtimes.com/business/transport-and-tourism/lufthansa-unit-swiss-faces-liquidity-crunch-as-coronavirus-guts-travel-1.4206697", "urlToImage": "https://www.irishtimes.com/image-creator/?id=1.4206696&origw=1440", "publishedAt": "2020-03-19T07:43:43Z", "content": "Lufthansa unit Swiss International Air Lines said on Thursday it is experiencing massive revenue losses in 2020 and that short-term measures to safeguard liquidity are the top priority as the coronavirus lays waste to global travel.\r\nNo forecasts can yet be m\u2026 [+486 chars]"}, {"source": {"id": "the-irish-times", "name": "The Irish Times"}, "author": null, "title": "Will coronavirus prove terminal for the global economy?", "description": "Smart Money: The three key questions which will determine the economic price of Covid-19", "url": "https://www.irishtimes.com/business/economy/will-coronavirus-prove-terminal-for-the-global-economy-1.4206880", "urlToImage": "https://www.irishtimes.com/image-creator/?id=1.4206877&origw=1440", "publishedAt": "2020-03-19T13:24:01Z", "content": "The extraordinary economic impact of the coronavirus is startling as the restrictions introduced on public health grounds lead to a major drop in demand across the Irish economy and many others.\r\nTrying to forecast where there is going is very difficult, but \u2026 [+103 chars]"}, {"source": {"id": "the-irish-times", "name": "The Irish Times"}, "author": "The Irish Times", "title": "Sales at Burberry seen plunging 80% over coronavirus", "description": "UK luxury group warns sales in final weeks of March hit as demand dries up", "url": "https://www.irishtimes.com/business/retail-and-services/sales-at-burberry-seen-plunging-80-over-coronavirus-1.4206708", "urlToImage": "https://www.irishtimes.com/image-creator/?id=1.4206707&origw=1440", "publishedAt": "2020-03-19T08:25:39Z", "content": "Britains Burberry warned that sales in the final weeks of March would plunge by around 70 per cent to 80 per cent compared to last year, as coronavirus caused shops to shut and demand for luxury goods to dry up.\r\nBurberry said on Thursday it expected sales at\u2026 [+2497 chars]"}, {"source": {"id": "the-irish-times", "name": "The Irish Times"}, "author": "Charlie Taylor", "title": "Coronavirus: EU wants streaming platforms to ease internet gridlock", "description": "Netflix and YouTube asked to take steps to help ensure the internet can cope with traffic", "url": "https://www.irishtimes.com/business/technology/coronavirus-eu-wants-streaming-platforms-to-ease-internet-gridlock-1.4206753", "urlToImage": "https://www.irishtimes.com/image-creator/?id=1.4206752&origw=1440", "publishedAt": "2020-03-19T10:02:30Z", "content": "European Union industry chief Thierry Breton has called on video streaming platforms such as Netflix and YouTube to take measures to prevent internet gridlock caused by people teleworking and streaming at home due to the coronavirus outbreak.\r\nThe European Co\u2026 [+1615 chars]"}, {"source": {"id": "the-irish-times", "name": "The Irish Times"}, "author": "Se\u00e1n McC\u00e1rthaigh", "title": "Coronavirus: Dublin and Cork airports to scale back services", "description": "Union says Aer Lingus workers will see wages effectively halved on a temporary basis", "url": "https://www.irishtimes.com/business/transport-and-tourism/coronavirus-dublin-and-cork-airports-to-scale-back-services-1.4207269", "urlToImage": "https://www.irishtimes.com/image-creator/?id=1.4207268&origw=1440", "publishedAt": "2020-03-19T19:08:53Z", "content": "Passengers services at Dublin and Cork airports are to be scaled back as a result of a reduced demand for flights due to the coronavirus pandemic.\r\nDaa, the company which owns and operates both airports, announced on Thursday evening that the\u00a0airports will re\u2026 [+3885 chars]"}, {"source": {"id": "the-irish-times", "name": "The Irish Times"}, "author": "The Irish Times", "title": "Coronavirus: Cannes Film Festival postponed due to outbreak", "description": "Organisers announce decision following weeks of speculation over status of event", "url": "https://www.irishtimes.com/culture/film/coronavirus-cannes-film-festival-postponed-due-to-outbreak-1.4207340", "urlToImage": "https://www.irishtimes.com/image-creator/?id=1.4207336&origw=1440", "publishedAt": "2020-03-19T21:08:03Z", "content": "The Cannes Film Festival in May has been postponed due to the spread of coronavirus, organisers of the annual event in southern France said on Thursday.\r\nSeveral new dates were under consideration for this years festival, including the end of June, they said \u2026 [+1071 chars]"}, {"source": {"id": "the-irish-times", "name": "The Irish Times"}, "author": "The Irish Times", "title": "Abbey Theatre moves online for \u2018creative conversation\u2019 about coronavirus", "description": "Dear Ireland: 50 writers invited to create 50 one-actor pieces that reflect Covid-19 crisis", "url": "https://www.irishtimes.com/culture/stage/abbey-theatre-moves-online-for-creative-conversation-about-coronavirus-1.4207101", "urlToImage": "https://www.irishtimes.com/image-creator/?id=1.4207162&origw=1440", "publishedAt": "2020-03-19T16:30:35Z", "content": "The Abbey Theatre has invited 50 writers to contribute a piece for one actor each that will help to reflect Ireland during the coronavirus outbreak. \r\nThe theatre says it has asked Blindboy, Deirdre Kinahan, Rosaleen McDonagh, Frank McGuinness, Enda Walsh and\u2026 [+1204 chars]"}, {"source": {"id": "the-irish-times", "name": "The Irish Times"}, "author": null, "title": "Michael McDowell: Coronavirus health regulations will have teeth", "description": "The 1947 Act allows for civil prosecution of those who fail to take precautions", "url": "https://www.irishtimes.com/opinion/michael-mcdowell-coronavirus-health-regulations-will-have-teeth-1.4205856", "urlToImage": "https://www.irishtimes.com/image-creator/?id=1.4205854&origw=1440", "publishedAt": "2020-03-19T06:00:36Z", "content": "There is a strong case for strengthening the powers of the Government and its agencies to deal with Covid-19. The Health Act, 1947, was enacted to give sweeping powers to the government to deal with infectious diseases. But it needs an urgent review to deal w\u2026 [+414 chars]"}, {"source": {"id": "the-irish-times", "name": "The Irish Times"}, "author": null, "title": "Will the coronavirus prove terminal for the global economy?", "description": "Smart Money: The three key questions which will determine the economic price of Covid-19", "url": "https://www.irishtimes.com/business/economy/will-the-coronavirus-prove-terminal-for-the-global-economy-1.4206880", "urlToImage": "https://www.irishtimes.com/image-creator/?id=1.4206877&origw=1440", "publishedAt": "2020-03-19T13:24:01Z", "content": "The extraordinary economic impact of the coronavirus is startling as the restrictions introduced on public health grounds lead to a major drop in demand across the Irish economy and many others.\r\nTrying to forecast where there is going is very difficult, but \u2026 [+103 chars]"}, {"source": {"id": "the-irish-times", "name": "The Irish Times"}, "author": "Gerry Thornley", "title": "Coronavirus: Guinness Pro14 final in Cardiff is cancelled", "description": "If a final is possible this season it will be hosted by the highest-ranking team", "url": "https://www.irishtimes.com/sport/rugby/coronavirus-guinness-pro14-final-in-cardiff-is-cancelled-1.4207239", "urlToImage": "https://www.irishtimes.com/image-creator/?id=1.4207237&origw=1440", "publishedAt": "2020-03-19T18:38:43Z", "content": "The GuinnessPro14 2019-20 season has been suspended indefinitely due to the worsening coronavirus pandemic, and the tournament organisers have also decided to cancel the final, which was scheduled to take place in Cardiff City Stadium on June 20th.\r\nFollowing\u2026 [+1503 chars]"}, {"source": {"id": "the-irish-times", "name": "The Irish Times"}, "author": "Gerry Thornley", "title": "Coronavirus: Some clarity on rugby season expected over coming days", "description": "Pro 14 final in Cardiff is cancelled as season suspended indefinitely", "url": "https://www.irishtimes.com/sport/rugby/coronavirus-some-clarity-on-rugby-season-expected-over-coming-days-1.4207239", "urlToImage": "https://www.irishtimes.com/image-creator/?id=1.4207237&origw=1440", "publishedAt": "2020-03-19T18:38:43Z", "content": "World Rugby are working in tandem with the domestic competitions as well as international unions and federations in an effort, if the fight against the coronavirus pandemic and time yet permits, to come up with various contingency plans for meaningful conclus\u2026 [+3300 chars]"}, {"source": {"id": "the-irish-times", "name": "The Irish Times"}, "author": "Paul Cullen", "title": "Paul Cullen: Crunching Ireland\u2019s coronavirus numbers brings good and bad news", "description": "Just 2% of cases have required intensive care, but we are in \u2018calm before storm\u2019 phase", "url": "https://www.irishtimes.com/news/health/paul-cullen-crunching-ireland-s-coronavirus-numbers-brings-good-and-bad-news-1.4207233", "urlToImage": "https://www.irishtimes.com/image-creator/?id=1.4207232&origw=1200", "publishedAt": "2020-03-19T18:33:03Z", "content": "The first analysis of Irelands Covid-19 cases provides an interesting, somewhat encouraging, but ultimately incomplete picture of how we are faring in the fight against the disease.\r\nThese are early days to be crunching the numbers on cases, just three weeks \u2026 [+3444 chars]"}, {"source": {"id": "the-irish-times", "name": "The Irish Times"}, "author": "The Irish Times", "title": "The Irish Times view on politics of coronavirus: Government in uncharted waters", "description": "Caretaker administration has communicated well but lack mandate for longer term", "url": "https://www.irishtimes.com/opinion/editorial/the-irish-times-view-on-politics-of-coronavirus-government-in-uncharted-waters-1.4206253", "urlToImage": "https://www.irishtimes.com/image-creator/?id=1.4206252&origw=1440", "publishedAt": "2020-03-19T00:00:00Z", "content": "Any lingering doubt about the scale of the challenge faced by our society will have been dispelled by the extraordinary, historic broadcast by the Taoiseach Leo Varadkar on St Patricks night. Varadkars speech to the nation well-judged in tone and content made\u2026 [+2604 chars]"}, {"source": {"id": "the-irish-times", "name": "The Irish Times"}, "author": "The Irish Times", "title": "Abbey theatre invites 50 writers to create piece in midst of coronavirus", "description": "Work will be presented on digital channels \u2018sharing a moment in time through creative conversation\u2019", "url": "https://www.irishtimes.com/culture/stage/abbey-theatre-invites-50-writers-to-create-piece-in-midst-of-coronavirus-1.4207101", "urlToImage": "https://www.irishtimes.com/image-creator/?id=1.4207107&origw=619", "publishedAt": "2020-03-19T16:30:35Z", "content": "The Abbey theatre has invited 50 writers to to write a piece performed by one actor in an effort to reflect the state of the country during the coronavirus outbreak. \r\nIn a post on Twitter the theatre made the announcement saying they had asked well-known wri\u2026 [+997 chars]"}, {"source": {"id": "the-irish-times", "name": "The Irish Times"}, "author": "John O'Sullivan", "title": "Clubs feeling the pinch as golf tourism dries up due to coronavirus threat", "description": "Irish Open at Mount Juliet expected to be added to list of postponed European Tour events", "url": "https://www.irishtimes.com/sport/golf/clubs-feeling-the-pinch-as-golf-tourism-dries-up-due-to-coronavirus-threat-1.4207267", "urlToImage": "https://www.irishtimes.com/image-creator/?id=1.4207264&origw=1440", "publishedAt": "2020-03-19T19:15:00Z", "content": "The Dubai Duty FreeIrish Open, due to take place at Mount Juliet from May 28th-31st is the next tournament on the European Tour schedule following an announcement on Thursday afternoon that the GolfSixes in Cascais, Portugal (May 9th-10th) and the Made in Den\u2026 [+4153 chars]"}, {"source": {"id": "the-irish-times", "name": "The Irish Times"}, "author": "Michael Jansen", "title": "Coronavirus could decimate Gaza\u2019s population", "description": "Isolation is impossible with large families confined to a few rooms, living in close quarters with neighbours", "url": "https://www.irishtimes.com/news/world/middle-east/coronavirus-could-decimate-gaza-s-population-1.4206848", "urlToImage": "https://www.irishtimes.com/image-creator/?id=1.4206837&origw=1440", "publishedAt": "2020-03-19T12:45:57Z", "content": "Gazas population could be decimated if coronavirus takes hold among the two million Palestinians who live in the narrow coastal strip. They are used to being locked in, unlike the inhabitants of many countries round the globe. \r\nGazans have been besieged and \u2026 [+3416 chars]"}, {"source": {"id": "the-irish-times", "name": "The Irish Times"}, "author": "Charlie Taylor", "title": "Kingspan scraps final dividend due to coronavirus", "description": "Insulation make had proposed a 33.5c per share payout for its last financial year", "url": "https://www.irishtimes.com/business/manufacturing/kingspan-scraps-final-dividend-due-to-coronavirus-1.4206856", "urlToImage": "https://www.irishtimes.com/polopoly_fs/1.4206855.1584622172!/image/image.jpg", "publishedAt": "2020-03-19T12:49:48Z", "content": "Insulation maker Kingspan has scrapped its proposed final dividend for shareholders due to Covid-19, the Dublin-listed company said on Thursday.\r\nThe group said the global trading environment had significantly changed due to the unprecedented challenges prese\u2026 [+1237 chars]"}, {"source": {"id": "the-irish-times", "name": "The Irish Times"}, "author": "The Irish Times", "title": "Coronavirus \u2013 Taoiseach addresses nation", "description": "Sir, \u2013 Dr Bl\u00e1naid Hayes states that the chief medical officer and the Public Health Expert Group are doing a stellar job in leading the Government\u2019s medical response in the war against Covid-19 (Letters, March 17th). Patricia Mulkeen praises the government fo\u2026", "url": "https://www.irishtimes.com/opinion/letters/coronavirus-taoiseach-addresses-nation-1.4206083", "urlToImage": "https://www.irishtimes.com/polopoly_fs/1.3619339.1536160376!/image/image.jpg", "publishedAt": "2020-03-19T00:12:00Z", "content": "Sir, Dr Bl\u00e1naid Hayes states that the chief medical officer and the Public Health Expert Group are doing a stellar job in leading the Governments medical response in the war against Covid-19 (Letters, March 17th). Patricia Mulkeen praises the government for d\u2026 [+4850 chars]"}, {"source": {"id": "the-irish-times", "name": "The Irish Times"}, "author": "Jennifer Bray", "title": "Coronavirus: Temporary bans on evictions and rent increases proposed", "description": "Landlord group says it is \u2018grossly unfair\u2019 to assume owners would evict hard-up tenants", "url": "https://www.irishtimes.com/news/politics/coronavirus-temporary-bans-on-evictions-and-rent-increases-proposed-1.4207015", "urlToImage": "https://www.irishtimes.com/image-creator/?id=1.4207014&origw=1440", "publishedAt": "2020-03-19T15:24:22Z", "content": "The Government has announced a temporary ban on evictions as part of a series of measures to protect renters during the coronavirus pandemic.\r\nMinister for Housing Eoghan Murphy also announced a moratorium on rent increases for those affected by Covid-19 and \u2026 [+2717 chars]"}, {"source": {"id": "the-irish-times", "name": "The Irish Times"}, "author": "Harry McGee", "title": "Coronavirus: 58,000 applications received for Covid-19 welfare payment", "description": "Regina Doherty says Department of Social Protection has processed 43,000 of those claims", "url": "https://www.irishtimes.com/news/social-affairs/coronavirus-minister-says-crisis-could-leave-over-400-000-people-out-of-work-1.4207063", "urlToImage": "https://www.irishtimes.com/image-creator/?id=1.4207061&origw=1440", "publishedAt": "2020-03-19T16:00:26Z", "content": "Minister for Social Protection Regina Doherty has said she accepts that more than 400,000 people could lose their jobs as a result of the coronavirus pandemic. \r\nAsked about projections from some analysts who forecast that the number of people made unemployed\u2026 [+1200 chars]"}, {"source": {"id": "the-irish-times", "name": "The Irish Times"}, "author": "Marie O'Halloran", "title": "Some pubs still operating despite coronavirus restrictions, D\u00e1il told", "description": "Limerick has some premises open to the horror of the local community, TD said", "url": "https://www.irishtimes.com/news/politics/oireachtas/some-pubs-still-operating-despite-coronavirus-restrictions-d%C3%A1il-told-1.4207380?localLinksEnabled=false", "urlToImage": null, "publishedAt": "2020-03-19T22:34:51Z", "content": null}, {"source": {"id": "the-irish-times", "name": "The Irish Times"}, "author": "Simon Carswell, Pat Leahy, Harry McGee", "title": "Coronavirus could kill \u2018tens of thousands\u2019 if warnings ignored", "description": "D\u00e1il passes laws giving Government power of people\u2019s freedom as number of cases hits 557", "url": "https://www.irishtimes.com/news/health/coronavirus-could-kill-tens-of-thousands-if-warnings-ignored-1.4207362", "urlToImage": "https://www.irishtimes.com/image-creator/?id=1.4207360&origw=1440", "publishedAt": "2020-03-19T22:50:00Z", "content": "The Covid-19 virus could kills tens of thousands of people if the public does not follow advice to keep apart from others, the Government has warned, as it passed draconian legislation that could restrict the publics movements.\r\nThe State recorded its third d\u2026 [+4172 chars]"}, {"source": {"id": "the-irish-times", "name": "The Irish Times"}, "author": "Vivienne Clarke", "title": "Coronavirus: Government in talks with ventilator manufacturers, says Harris", "description": "Minister says he is satisfied with amount of testing equipment available to HSE", "url": "https://www.irishtimes.com/news/ireland/irish-news/coronavirus-government-in-talks-with-ventilator-manufacturers-says-harris-1.4206803", "urlToImage": "https://www.irishtimes.com/image-creator/?id=1.4206802&origw=1440", "publishedAt": "2020-03-19T11:30:57Z", "content": "Minister for Health Simon Harris has said the Government is engaging with the IDA and HSE in talks with the companies that make ventilators to ensure an adequate supply for hospitals.\r\nWe need them, and we need them to make them available, he told RT\u00c9 Radios \u2026 [+3056 chars]"}, {"source": {"id": "the-irish-times", "name": "The Irish Times"}, "author": "Barry Roche", "title": "Coronavirus: All inquests deferred because of outbreak", "description": "The Coroners Society of Ireland and the Department of Justice have agreed to defer all inquests in an attempt to limit the spread of the coronavirus. The society\u2019s president Dr Mary Flanagan said the department held a conference call at the weekend with the S\u2026", "url": "https://www.irishtimes.com/news/ireland/irish-news/coronavirus-all-inquests-deferred-because-of-outbreak-1.4207350", "urlToImage": "https://www.irishtimes.com/image-creator/?id=1.4207349&origw=1440", "publishedAt": "2020-03-19T21:38:02Z", "content": "The Coroners Society of Ireland and the Department of Justice have agreed to defer all inquests in an attempt to limit the spread of the coronavirus.\r\nThe societys president Dr Mary Flanagan said the department held a conference call at the weekend with the S\u2026 [+1705 chars]"}, {"source": {"id": "the-irish-times", "name": "The Irish Times"}, "author": "Marie O'Halloran", "title": "Coronavirus: Seanad election procedures changed over concerns", "description": "Voting procedures in the Seanad election have been changed because of concerns over coronavirus. There are fears the returning officer and assistant returning officer could be hit by the virus, also known as Covid-19, and put the count and the establishment o\u2026", "url": "https://www.irishtimes.com/news/politics/coronavirus-seanad-election-procedures-changed-over-concerns-1.4206725", "urlToImage": "https://www.irishtimes.com/polopoly_fs/1.4206724.1584607441!/image/image.jpg", "publishedAt": "2020-03-19T08:44:33Z", "content": "Voting procedures in the Seanad election have been changed because of concerns over coronavirus. \r\nThere are fears the returning officer and assistant returning officer could be hit by the virus, also known as Covid-19, and put the count and the establishment\u2026 [+2366 chars]"}, {"source": {"id": "the-irish-times", "name": "The Irish Times"}, "author": "Sylvia Thompson", "title": "Coronavirus: Are playdates right or wrong during Covid-19?", "description": "While most people now understand the concept of social distancing (keeping between one and two metres away from everyone else), regular hand-washing and coughing/sneezing etiquette as strategies to curtail the spread of Covid-19, it\u2019s difficult to know what t\u2026", "url": "https://www.irishtimes.com/life-and-style/health-family/parenting/coronavirus-are-playdates-right-or-wrong-during-covid-19-1.4206121", "urlToImage": "https://www.irishtimes.com/image-creator/?id=1.4206120&origw=1440", "publishedAt": "2020-03-19T06:00:22Z", "content": "While most people now understand the concept of social distancing (keeping between one and two metres away from everyone else), regular hand-washing and coughing/sneezing etiquette as strategies to curtail the spread of Covid-19, its difficult to know what to\u2026 [+2243 chars]"}, {"source": {"id": "the-irish-times", "name": "The Irish Times"}, "author": "Marie Boran", "title": "Coronavirus Tech Handbook guides you through the mayhem", "description": "Can techies help beat the coronavirus? The London College of Political Technologists thinks so. This independent UK-based organisation has created an online crowd-sourced resource for technologists working on Covid-19-related digital tools. It is called the C\u2026", "url": "https://www.irishtimes.com/business/technology/coronavirus-tech-handbook-guides-you-through-the-mayhem-1.4205062", "urlToImage": "https://www.irishtimes.com/image-creator/?id=1.4205060&origw=1440", "publishedAt": "2020-03-19T01:00:00Z", "content": "Can techies help beat the coronavirus? The London College of Political Technologists thinks so. This independent UK-based organisation has created an online crowd-sourced resource for technologists working on Covid-19-related digital tools. It is called the C\u2026 [+912 chars]"}, {"source": {"id": "the-irish-times", "name": "The Irish Times"}, "author": "Jack Horgan-Jones", "title": "Coronavirus: Frontline doctors warn of delays in receiving test results", "description": "Patients should expect to wait up to a week after first making contact with their doctor for the results of Covid-19 tests, amid unprecedented levels of demand resulting from the coronavirus pandemic, frontline doctors have said. While fast-track pathways to \u2026", "url": "https://www.irishtimes.com/news/health/coronavirus-frontline-doctors-warn-of-delays-in-receiving-test-results-1.4207155", "urlToImage": "https://www.irishtimes.com/image-creator/?id=1.4207153&origw=1440", "publishedAt": "2020-03-19T17:06:46Z", "content": "Patients should expect to wait up to a week after first making contact with their doctor for the results of Covid-19 tests, amid unprecedented levels of demand resulting from the coronavirus pandemic, frontline doctors have said. \r\nWhile fast-track pathways t\u2026 [+3793 chars]"}, {"source": {"id": "the-irish-times", "name": "The Irish Times"}, "author": "Harry McGee", "title": "Coronavirus: Call to put time limit on new emergency law", "description": "The Government has been urged to include a \u201csunset clause\u201d that would put a time limit on a Covid-19 emergency law with drastic powers it is rushing through the D\u00e1il on Thursday. The Emergency Measures in the Public Interest Bill 2020 will be introduced at a \u2026", "url": "https://www.irishtimes.com/news/politics/coronavirus-call-to-put-time-limit-on-new-emergency-law-1.4206751", "urlToImage": "https://www.irishtimes.com/polopoly_fs/1.4206750.1584611349!/image/image.jpg", "publishedAt": "2020-03-19T09:49:15Z", "content": "The Government has been urged to include a sunset clause that would put a time limit on a Covid-19 emergency law with drastic powers it is rushing through the D\u00e1il on Thursday. \r\nThe Emergency Measures in the Public Interest Bill 2020 will be introduced at a \u2026 [+787 chars]"}, {"source": {"id": "the-irish-times", "name": "The Irish Times"}, "author": "Jennifer O'Connell", "title": "Coronavirus: How to practise social distancing while queueing and walking", "description": "The National Parks and Wildlife Service (NPWS) warned this week that people are not following social distancing guidelines while out in public parks. It begs the question: how do social distancing guidelines apply to public parks? Do you have to climb into di\u2026", "url": "https://www.irishtimes.com/life-and-style/health-family/coronavirus-how-to-practise-social-distancing-while-queueing-and-walking-1.4206131", "urlToImage": "https://www.irishtimes.com/image-creator/?id=1.4206128&origw=1440", "publishedAt": "2020-03-19T06:04:00Z", "content": "The National Parks and Wildlife Service (NPWS) warned this week that people are not following social distancing guidelines while out in public parks.\r\nIt begs the question: how do social distancing guidelines apply to public parks? Do you have to climb into d\u2026 [+5524 chars]"}, {"source": {"id": "the-irish-times", "name": "The Irish Times"}, "author": "Marie O'Halloran", "title": "Coronavirus: T\u00e1naiste issues stark warning on Covid-19 deaths as D\u00e1il debates emergency Bill", "description": "Green Party leader also says Leaving Cert oral exams should have been done by Skype", "url": "https://www.irishtimes.com/news/politics/oireachtas/coronavirus-t%C3%A1naiste-issues-stark-warning-on-covid-19-deaths-as-d%C3%A1il-debates-emergency-bill-1.4206992?localLinksEnabled=false", "urlToImage": null, "publishedAt": "2020-03-19T15:10:18Z", "content": null}, {"source": {"id": "the-irish-times", "name": "The Irish Times"}, "author": "Jack Power, Vivienne Clarke", "title": "Coronavirus: D\u00e1il meets on emergency legislation as NI reports first death", "description": "Oral and practical exams cancelled for Leaving and Junior Cert students; powers will allow authorities to lock down regions", "url": "https://www.irishtimes.com/news/ireland/irish-news/coronavirus-d%C3%A1il-meets-on-emergency-legislation-as-ni-reports-first-death-1.4206792?localLinksEnabled=false", "urlToImage": null, "publishedAt": "2020-03-19T12:04:57Z", "content": null}, {"source": {"id": "the-irish-times", "name": "The Irish Times"}, "author": "Jack Power, Vivienne Clarke", "title": "Coronavirus: D\u00e1il to rush through emergency powers as NI reports first death", "description": "Oral and practical exams cancelled for Leaving and Junior Cert students; powers will allow authorities to lock down regions", "url": "https://www.irishtimes.com/news/ireland/irish-news/coronavirus-d%C3%A1il-to-rush-through-emergency-powers-as-ni-reports-first-death-1.4206792?localLinksEnabled=false", "urlToImage": null, "publishedAt": "2020-03-19T11:07:14Z", "content": null}, {"source": {"id": "the-irish-times", "name": "The Irish Times"}, "author": "Jennifer Bray", "title": "Coronavirus crisis prompts three month ban on evictions", "description": "Eoghan Murphy is also considering introducing a temporary ban on rent increases", "url": "https://www.irishtimes.com/news/politics/coronavirus-crisis-prompts-three-month-ban-on-evictions-1.4207015", "urlToImage": "https://www.irishtimes.com/image-creator/?id=1.4207014&origw=1440", "publishedAt": "2020-03-19T15:24:22Z", "content": "The Government will announce a temporary ban on evictions for three months as part of a series of measures to protect renters during the coronavirus crisis.\r\nThe Minister for Housing Eoghan Murphy is also examining the introduction of a temporary ban on rent \u2026 [+287 chars]"}, {"source": {"id": "the-irish-times", "name": "The Irish Times"}, "author": "The Irish Times", "title": "Emergency coronavirus Bill: Everything you need to know", "description": "Q&A: What measures are involved and how long will the law be operable?", "url": "https://www.irishtimes.com/news/politics/emergency-coronavirus-bill-everything-you-need-to-know-1.4206758", "urlToImage": "https://www.irishtimes.com/image-creator/?id=1.4206757&origw=1440", "publishedAt": "2020-03-19T10:09:55Z", "content": "Q: What is the Oireachtas doing to deal with the Covid-19 outbreak in Ireland?\r\nA: It has sweeping powers that at any other time would be considered draconian and punitive. Its full title is the Health (Preservation and Protection and other Emergency Measures\u2026 [+4418 chars]"}, {"source": {"id": "the-irish-times", "name": "The Irish Times"}, "author": "Marie O'Halloran", "title": "Some pubs still operating despite coronavirus restrictions, D\u00e1il told", "description": "Limerick has some premises open to the horror of the local community, TD said", "url": "https://www.irishtimes.com/news/politics/oireachtas/some-pubs-still-operating-despite-coronavirus-restrictions-d%C3%A1il-told-1.4207380", "urlToImage": "https://www.irishtimes.com/polopoly_fs/1.4207379.1584657270!/image/image.jpg", "publishedAt": "2020-03-19T22:34:51Z", "content": "Pubs are still operating in Limerick and other locations across the country despite restrictions in place to stop the spread of the coronavirus, the D\u00e1il has been told.\r\nFianna F\u00e1ils Robert Troy made the claim during a debate on emergency legislation, which i\u2026 [+2064 chars]"}, {"source": {"id": "the-irish-times", "name": "The Irish Times"}, "author": null, "title": "Twitter to remove fake coronavirus treatment content", "description": "Social media site announces revised rules on spreading of misinformation", "url": "https://www.irishtimes.com/news/world/twitter-to-remove-fake-coronavirus-treatment-content-1.4206723", "urlToImage": "https://www.irishtimes.com/image-creator/?id=1.4206721&origw=1440", "publishedAt": "2020-03-19T08:44:21Z", "content": "Tweets which promote fake treatments for the coronavirus or deny expert guidance will be marked as harmful and removed, the social network site said.\r\nThe site, which has millions of active users, said content that could place people at a higher risk of contr\u2026 [+49 chars]"}, {"source": {"id": "the-irish-times", "name": "The Irish Times"}, "author": "Naomi O\u2019Leary", "title": "Coronavirus: EU negotiator Michel Barnier tests positive", "description": "EU chief Brexit negotiator tweets that he is \u2018doing well and in good spirits\u2019", "url": "https://www.irishtimes.com/news/world/europe/coronavirus-eu-negotiator-michel-barnier-tests-positive-1.4206790", "urlToImage": "https://www.irishtimes.com/image-creator/?id=1.4206798&origw=1440", "publishedAt": "2020-03-19T11:07:05Z", "content": "The European Unions chief Brexit negotiator Michel Barnier has tested positive for coronavirus and his team is following instructions, the Frenchman announced in a video message on social media on Thursday.\r\nIn this serious crisis that is affecting the entire\u2026 [+2253 chars]"}, {"source": {"id": "the-irish-times", "name": "The Irish Times"}, "author": "Marie O'Halloran", "title": "Coronavirus: Stark warning on death toll as D\u00e1il passes emergency Bill", "description": "Bill gives sweeping powers to restrict movement and detain those who don\u2019t self-isolate", "url": "https://www.irishtimes.com/news/politics/oireachtas/coronavirus-t%C3%A1naiste-issues-stark-warning-on-deaths-1.4206992", "urlToImage": "https://www.irishtimes.com/image-creator/?id=1.4206991&origw=778", "publishedAt": "2020-03-19T15:10:18Z", "content": "The leadership the Oireachtas gives in encouraging people to protect themselves during the coronavirus pandemic will determine whether Covid-19 kills hundreds of people, thousands of people or tens of thousands of people in Ireland, T\u00e1naiste Simon Coveney has\u2026 [+3965 chars]"}, {"source": {"id": "the-irish-times", "name": "The Irish Times"}, "author": "Simon Carswell, Pat Leahy, Harry McGee", "title": "Coronavirus: Ireland warned \u2018tens of thousands\u2019 could die if advice is ignored", "description": "Leo Varadkar says school closures could be extended to April or May", "url": "https://www.irishtimes.com/news/health/coronavirus-ireland-warned-tens-of-thousands-could-die-if-advice-is-ignored-1.4207362", "urlToImage": "https://www.irishtimes.com/image-creator/?id=1.4207360&origw=1440", "publishedAt": "2020-03-19T22:50:00Z", "content": "The Covid-19 virus could kills tens of thousands of people if the public does not follow advice to keep apart from others, the Government has warned, as it passed draconian legislation that could restrict the publics movements.\r\nThe State recorded its third d\u2026 [+4172 chars]"}, {"source": {"id": "the-irish-times", "name": "The Irish Times"}, "author": "Neil Briscoe", "title": "Coronavirus: AA to offer free rescue for all healthcare workers and older motorists", "description": "Automobile Association will offer roadside rescue to those who need it most, whether they are members or not", "url": "https://www.irishtimes.com/life-and-style/motors/coronavirus-aa-to-offer-free-rescue-for-all-healthcare-workers-and-older-motorists-1.4206817", "urlToImage": "https://www.irishtimes.com/image-creator/?id=1.4206816&origw=1440", "publishedAt": "2020-03-19T11:59:31Z", "content": "In response to the Covid-19 crisis, the AA in Ireland is now offering free roadside assistance to anyone who works in healthcare, and to older motorists should their car break down.\r\nWe have set up a new dedicated Road Rescue phone line for our older customer\u2026 [+1225 chars]"}, {"source": {"id": "the-irish-times", "name": "The Irish Times"}, "author": "The Irish Times", "title": "Coronavirus: London Tube closes several stations to stop virus spread", "description": "Schools ordered to close on Friday as Johnson says government ruling nothing out", "url": "https://www.irishtimes.com/news/world/uk/coronavirus-london-tube-closes-several-stations-to-stop-virus-spread-1.4206775", "urlToImage": "https://www.irishtimes.com/image-creator/?id=1.4206774&origw=1440", "publishedAt": "2020-03-19T10:46:43Z", "content": "The United Kingdom was bracing on Thursday for the virtual shutdown of London as underground train stations across the capital closed and prime minister Boris Johnson mulled tougher measures to tackle the coronavirus crisis.\r\nAs the coronavirus outbreak sweep\u2026 [+2238 chars]"}, {"source": {"id": "the-irish-times", "name": "The Irish Times"}, "author": "The Irish Times", "title": "Coronavirus: Johnson says \u2018zero prospect\u2019 London is locked down", "description": "UK government rejects prospect of restrictions on residents like in Paris and Milan", "url": "https://www.irishtimes.com/news/world/uk/coronavirus-johnson-says-zero-prospect-london-is-locked-down-1.4206775", "urlToImage": "https://www.irishtimes.com/image-creator/?id=1.4206901&origw=1440", "publishedAt": "2020-03-19T10:46:43Z", "content": "London will not be locked down like other major cities around the world, despite concerns about the pace of the spread of coronavirus in the capital.\r\nDowning Street said there was zero prospect of a ban on travelling in and out of the capital.\r\nBut with some\u2026 [+3738 chars]"}, {"source": {"id": "the-irish-times", "name": "The Irish Times"}, "author": "Daniel McLaughlin", "title": "Kosovo's government in crisis over US pressure and coronavirus", "description": "Six-week-old coalition splits as White House tells Pristina to lift tariffs on Serbia", "url": "https://www.irishtimes.com/news/world/europe/kosovo-s-government-in-crisis-over-us-pressure-and-coronavirus-1.4207217", "urlToImage": "https://www.irishtimes.com/image-creator/?id=1.4207216&origw=1440", "publishedAt": "2020-03-19T18:22:27Z", "content": "Kosovos six-week-old coalition government is on the brink of collapse due to a row over the coronavirus outbreak and US demands for an immediate end to tough trade measures against Serbia that have frozen talks between Belgrade and Pristina.\r\nThe crisis erupt\u2026 [+2924 chars]"}, {"source": {"id": "the-irish-times", "name": "The Irish Times"}, "author": null, "title": "Coronavirus: 50 new infections per hour in Iran, says ministry", "description": "Islamic republic has 18,407 confirmed cases as China records no new domestic infections", "url": "https://www.irishtimes.com/news/world/asia-pacific/coronavirus-50-new-infections-per-hour-in-iran-says-ministry-1.4206683", "urlToImage": "https://www.irishtimes.com/image-creator/?id=1.4206682&origw=1440", "publishedAt": "2020-03-19T07:00:09Z", "content": "Coronavirus is killing one person every 10 minutes in Iran, the health ministry spokesman tweeted on Thursday, as the death toll in the Middle Easts worst-affected country climbed to 1,284.\r\nBased on our information, every 10 minutes one person dies from the \u2026 [+106 chars]"}, {"source": {"id": "the-irish-times", "name": "The Irish Times"}, "author": "Naomi O\u2019Leary", "title": "Michel Barnier says he has tested positive for coronavirus", "description": "EU chief Brexit negotiator tweets that he is \u2018doing well and in good spirits\u2019", "url": "https://www.irishtimes.com/news/world/europe/michel-barnier-says-he-has-tested-positive-for-coronavirus-1.4206790", "urlToImage": "https://www.irishtimes.com/image-creator/?id=1.4206798&origw=1440", "publishedAt": "2020-03-19T11:07:05Z", "content": "The European Unions chief Brexit negotiator Michel Barnier has tested positive for coronavirus and his team is following instructions, the Frenchman announced in a video message on social media on Thursday.\r\nIn this serious crisis that is affecting the entire\u2026 [+2253 chars]"}, {"source": {"id": "the-irish-times", "name": "The Irish Times"}, "author": "The Irish Times", "title": "Coronavirus: Tom Hanks has the \u2018blahs\u2019 as he and Rita Wilson recover in isolation", "description": "Tom Hanks says he has the \u201cblahs\u201d but no fever as he remains insolation with his wife Rita Wilson after their coronavirus diagnosis in Australia. Hanks and his wife were discharged from hospital on Tuesday, a representative for actor confirmed. The Oscar-winn\u2026", "url": "https://www.irishtimes.com/culture/film/coronavirus-tom-hanks-has-the-blahs-as-he-and-rita-wilson-recover-in-isolation-1.4207032", "urlToImage": "https://www.irishtimes.com/image-creator/?id=1.4207031&origw=1440", "publishedAt": "2020-03-19T15:36:54Z", "content": "Tom Hanks says he has the blahs but no fever as he remains insolation with his wife Rita Wilson after their coronavirus diagnosis in Australia. \r\nHanks and his wife were discharged from hospital on Tuesday, a representative for actor confirmed. \r\nThe Oscar-wi\u2026 [+1384 chars]"}, {"source": {"id": "the-irish-times", "name": "The Irish Times"}, "author": null, "title": "Coronavirus: D\u00e1il told pandemic will \u2018scar nation\u2019 as debate on emergency Bill begins", "description": "The D\u00e1il has begun to debate emergency legislation to give the Government extraordinary powers to combat the coronavirus crisis. Ceann Comhairle Se\u00e1n \u00d3 Feargha\u00edl opened the unique sitting and said that the coronavirus crisis will pass but \u201cbut not before it h\u2026", "url": "https://www.irishtimes.com/news/politics/oireachtas/coronavirus-d%C3%A1il-told-pandemic-will-scar-nation-as-debate-on-emergency-bill-begins-1.4206992?localLinksEnabled=false", "urlToImage": null, "publishedAt": "2020-03-19T15:10:18Z", "content": null}, {"source": {"id": "the-irish-times", "name": "The Irish Times"}, "author": "Peter Flanagan", "title": "Coronavirus: I used to think Brexit was our biggest crisis. Now I\u2019m nostalgic for it", "description": "British exceptionalism is alive and well. While the rest of Europe went into lockdown, the UK chose to carry on with business as usual for days, until British prime minister Boris Johnson\u2019s partial climb down earlier this week. Walking around London over the \u2026", "url": "https://www.irishtimes.com/life-and-style/abroad/coronavirus-i-used-to-think-brexit-was-our-biggest-crisis-now-i-m-nostalgic-for-it-1.4206086", "urlToImage": "https://www.irishtimes.com/image-creator/?id=1.4206084&origw=1440", "publishedAt": "2020-03-19T08:30:17Z", "content": "British exceptionalism is alive and well. While the rest of Europe went into lockdown, the UK chose to carry on with business as usual for days, until British prime minister Boris Johnsons partial climb down earlier this week. Walking around London over the w\u2026 [+4376 chars]"}, {"source": {"id": "the-irish-times", "name": "The Irish Times"}, "author": "Danielle Renwick", "title": "Can I have sex? A frank guide to intimacy during the coronavirus outbreak", "description": "It\u2019s nearly impossible to practice \u201csocial distancing\u201d with the partners with whom we share homes \u2013 and beds. But what are the risks associated with intimacy in the time of coronavirus, also known as Covid-19? Three experts weigh in. Is Covid-19 sexually tran\u2026", "url": "https://www.irishtimes.com/life-and-style/health-family/can-i-have-sex-a-frank-guide-to-intimacy-during-the-coronavirus-outbreak-1.4206811", "urlToImage": "https://www.irishtimes.com/image-creator/?id=1.4206810&origw=1440", "publishedAt": "2020-03-19T11:40:04Z", "content": "Its nearly impossible to practice social distancing with the partners with whom we share homes and beds. But what are the risks associated with intimacy in the time of coronavirus, also known as Covid-19? Three experts weigh in.\r\nDr Jessica Justman\u00a0Were not s\u2026 [+3195 chars]"}, {"source": {"id": "the-irish-times", "name": "The Irish Times"}, "author": "Shana Cohen", "title": "Coronavirus: It can\u2019t be politics as usual if we are to survive", "description": "Coronavirus has shown that there has never been a more important time to shift from the politics of me to the politics of us \u2013 but are our political leaders ready to listen and learn? The rapid global spread of Covid-19 has inspired remarkable solidarity amon\u2026", "url": "https://www.irishtimes.com/opinion/coronavirus-it-can-t-be-politics-as-usual-if-we-are-to-survive-1.4206003", "urlToImage": "https://www.irishtimes.com/image-creator/?id=1.4205994&origw=1440", "publishedAt": "2020-03-19T00:26:44Z", "content": "Coronavirus has shown that there has never been a more important time to shift from the politics of me to the politics of us but are our political leaders ready to listen and learn?\r\nThe rapid global spread of Covid-19 has inspired remarkable solidarity among\u2026 [+6477 chars]"}, {"source": {"id": "the-irish-times", "name": "The Irish Times"}, "author": "The Irish Times", "title": "\u2018Out of his depth\u2019: World leaders battle coronavirus with mixed results", "description": "Taoiseach Leo Varadkar has been widely praised for his handling of the coronvirus crisis, in particular for the tone and content of his address to the nation on St Patrick\u2019s Day. But how well or otherwise are other world leaders perceived by their electorates\u2026", "url": "https://www.irishtimes.com/news/world/out-of-his-depth-world-leaders-battle-coronavirus-with-mixed-results-1.4207078", "urlToImage": "https://www.irishtimes.com/image-creator/?id=1.4207074&origw=1440", "publishedAt": "2020-03-19T16:07:03Z", "content": "Taoiseach Leo Varadkar has been widely praised for his handling of the coronvirus crisis, in particular for the tone and content of his address to the nation on St Patricks Day. But how well or otherwise are other world leaders perceived by their electorates \u2026 [+14507 chars]"}, {"source": {"id": "the-irish-times", "name": "The Irish Times"}, "author": "The Irish Times", "title": "Coronavirus lay-offs: \u2018Myself and my husband were laid off within hours of each other\u2019", "description": "Hundreds of thousands of people in Ireland are already out of work due to the coronavirus crisis, with many thousands more jobs in jeopardy. The Irish Times asked employees and business owners who have been impacted by the crisis to share their stories. Here \u2026", "url": "https://www.irishtimes.com/life-and-style/people/coronavirus-lay-offs-myself-and-my-husband-were-laid-off-within-hours-of-each-other-1.4206925", "urlToImage": "https://www.irishtimes.com/image-creator/?id=1.4206924&origw=1440", "publishedAt": "2020-03-19T14:01:59Z", "content": "Hundreds of thousands of people in Ireland are already out of work due to the coronavirus crisis, with many thousands more jobs in jeopardy.\r\nThe Irish Times asked employees and business owners who have been impacted by the crisis to share their stories. Here\u2026 [+12724 chars]"}, {"source": {"id": "the-irish-times", "name": "The Irish Times"}, "author": "Marie Claire Digby", "title": "Coronavirus: Essential foods to keep in your larder and fridge and how to cook them", "description": "Food is essential fuel for survival. But in troubled times it can be more than that. It can gives us comfort, allow us to experience the joy of sharing, and for some it is a source of inspiration too. But even the best cooks need ingredients \u2013 and many people\u2026", "url": "https://www.irishtimes.com/life-and-style/food-and-drink/coronavirus-essential-foods-to-keep-in-your-larder-and-fridge-and-how-to-cook-them-1.4207762", "urlToImage": "https://www.irishtimes.com/polopoly_fs/1.4207761.1584700545!/image/image.jpg", "publishedAt": "2020-03-19T14:38:59Z", "content": "Food is essential fuel for survival. But in troubled times it can be more than that. It can gives us comfort, allow us to experience the joy of sharing, and for some it is a source of inspiration too.\r\nBut even the best cooks need ingredients and many people \u2026 [+10083 chars]"}, {"source": {"id": "the-irish-times", "name": "The Irish Times"}, "author": "Danielle Renwick", "title": "Can I have sex? A guide to intimacy during the coronavirus outbreak", "description": "It\u2019s nearly impossible to practice \u201csocial distancing\u201d with the partners with whom we share homes \u2013 and beds. But what are the risks associated with intimacy in the time of coronavirus, also known as Covid-19? Three experts weigh in. Is Covid-19 sexually tran\u2026", "url": "https://www.irishtimes.com/life-and-style/health-family/can-i-have-sex-a-guide-to-intimacy-during-the-coronavirus-outbreak-1.4206811", "urlToImage": "https://www.irishtimes.com/image-creator/?id=1.4206810&origw=1440", "publishedAt": "2020-03-19T11:40:04Z", "content": "Its nearly impossible to practice social distancing with the partners with whom we share homes and beds. But what are the risks associated with intimacy in the time of coronavirus, also known as Covid-19? Three experts weigh in.\r\nDr Jessica Justman: Were not \u2026 [+3182 chars]"}, {"source": {"id": "the-irish-times", "name": "The Irish Times"}, "author": "Apoorva Mandavilli", "title": "How long will coronavirus live on surfaces or in the air around you?", "description": "Coronavirus can live for three days on some surfaces, like plastic and steel, new research suggests. Experts say the risk of consumers getting infected from touching those materials is still low, although they offered additional warnings about how long the vi\u2026", "url": "https://www.irishtimes.com/life-and-style/health-family/how-long-will-coronavirus-live-on-surfaces-or-in-the-air-around-you-1.4206013", "urlToImage": "https://www.irishtimes.com/image-creator/?id=1.4206012&origw=1440", "publishedAt": "2020-03-19T06:00:00Z", "content": "Coronavirus can live for three days on some surfaces, like plastic and steel, new research suggests. Experts say the risk of consumers getting infected from touching those materials is still low, although they offered additional warnings about how long the vi\u2026 [+6440 chars]"}, {"source": {"id": "the-irish-times", "name": "The Irish Times"}, "author": "Marie O'Halloran", "title": "Coronavirus: Stark warning on death toll as D\u00e1il passes emergency Bill", "description": "Bill gives sweeping powers to restrict movement and detain those who don\u2019t self-isolate", "url": "https://www.irishtimes.com/news/politics/oireachtas/coronavirus-stark-warning-on-death-toll-as-d%C3%A1il-passes-emergency-bill-1.4206992", "urlToImage": "https://www.irishtimes.com/image-creator/?id=1.4206991&origw=778", "publishedAt": "2020-03-19T15:10:18Z", "content": "The leadership the Oireachtas gives in encouraging people to protect themselves during the coronavirus pandemic will determine whether Covid-19 kills hundreds of people, thousands of people or tens of thousands of people in Ireland, T\u00e1naiste Simon Coveney has\u2026 [+3965 chars]"}, {"source": {"id": "the-irish-times", "name": "The Irish Times"}, "author": "Marie O'Halloran", "title": "Coronavirus: T\u00e1naiste issues stark warning on deaths as D\u00e1il debates emergency Bill", "description": "Coveney acknowledges concerns about curbing civil liberties but says measures temporary", "url": "https://www.irishtimes.com/news/politics/oireachtas/coronavirus-t%C3%A1naiste-issues-stark-warning-on-deaths-as-d%C3%A1il-debates-emergency-bill-1.4206992", "urlToImage": "https://www.irishtimes.com/image-creator/?id=1.4206991&origw=778", "publishedAt": "2020-03-19T15:10:18Z", "content": "T\u00e1naiste Simon Coveney has said the leadership the Oireachtas gives in encouraging people to protect themselves during the coronavirus pandemic would determine whether Covid-19 kills hundreds of people, thousands of people or tens of thousands of people in Ir\u2026 [+7302 chars]"}, {"source": {"id": "the-irish-times", "name": "The Irish Times"}, "author": "Marie O'Halloran", "title": "Coronavirus: T\u00e1naiste issues stark warning on Covid-19 deaths as D\u00e1il debates emergency Bill", "description": "Green Party leader also says Leaving Cert oral exams should have been done by Skype", "url": "https://www.irishtimes.com/news/politics/oireachtas/coronavirus-t%C3%A1naiste-issues-stark-warning-on-covid-19-deaths-as-d%C3%A1il-debates-emergency-bill-1.4206992", "urlToImage": "https://www.irishtimes.com/image-creator/?id=1.4206991&origw=778", "publishedAt": "2020-03-19T15:10:18Z", "content": "T\u00e1naiste Simon Coveney has said the leadership the Oireachtas gives in terms of people protecting themselves would make the difference about whether the Covid-19 virus kills hundreds of people, thousands of people or tens of thousands of people.\r\nHe was speak\u2026 [+6526 chars]"}, {"source": {"id": "the-irish-times", "name": "The Irish Times"}, "author": "Marie O'Halloran", "title": "Coronavirus: D\u00e1il told pandemic will \u2018scar nation\u2019 as debate on emergency Bill begins", "description": "Simon Harris tells deputies there is \u2018no time for party politics during this pandemic\u2019", "url": "https://www.irishtimes.com/news/politics/oireachtas/coronavirus-d%C3%A1il-told-pandemic-will-scar-nation-as-debate-on-emergency-bill-begins-1.4206992", "urlToImage": "https://www.irishtimes.com/image-creator/?id=1.4206991&origw=778", "publishedAt": "2020-03-19T15:10:18Z", "content": "The D\u00e1il has begun to debate emergency legislation to give the Government extraordinary powers to combat the coronavirus crisis.\r\nCeann Comhairle Se\u00e1n \u00d3 Feargha\u00edl opened the unique sitting and said that the coronavirus crisis will pass but but not before it h\u2026 [+2772 chars]"}, {"source": {"id": "the-irish-times", "name": "The Irish Times"}, "author": "Miriam Lord", "title": "Miriam Lord: Outbreak of solidarity as D\u00e1il votes to do right thing on coronavirus", "description": "Few TDs in chamber as social distancing rules apply, but sense of foreboding in the air", "url": "https://www.irishtimes.com/news/politics/miriam-lord-outbreak-of-solidarity-as-d%C3%A1il-votes-to-do-right-thing-on-coronavirus-1.4207364", "urlToImage": "https://www.irishtimes.com/image-creator/?id=1.4207363&origw=1440", "publishedAt": "2020-03-19T22:26:12Z", "content": "On an abnormal Thursday in Leinster House, D\u00e1il \u00c9ireann succumbed to an infectious outbreak of solidarity brought on by an overwhelming desire to do the right thing.\r\nIt was later traced to a rare strain of cross-party contamination which developed after TDs \u2026 [+8279 chars]"}, {"source": {"id": "the-irish-times", "name": "The Irish Times"}, "author": "Sally Hayden", "title": "African countries shut doors to Europe to halt the spread of coronavirus", "description": "Europeans in Uganda express fears over potential backlash as disease spreads", "url": "https://www.irishtimes.com/news/world/africa/african-countries-shut-doors-to-europe-to-halt-the-spread-of-coronavirus-1.4206773", "urlToImage": "https://www.irishtimes.com/image-creator/?id=1.4206771&origw=1440", "publishedAt": "2020-03-19T10:40:37Z", "content": "African countries are shutting down travel from Europe in an attempt to stop the spread of coronavirus, as the disease has become increasingly associated with the West.\r\nGhana, Morocco, Cameroon, Egypt, Sudan and Djibouti are among the countries suspending in\u2026 [+2977 chars]"}, {"source": {"id": "the-irish-times", "name": "The Irish Times"}, "author": "Denis Staunton", "title": "Coronavirus: Britain can turn the tide on Covid-19 in 12 weeks, Johnson says", "description": "PM dismisses speculation London faces lockdown, as UK death toll from virus hits 144", "url": "https://www.irishtimes.com/news/world/uk/coronavirus-britain-can-turn-the-tide-on-covid-19-in-12-weeks-johnson-says-1.4206775", "urlToImage": "https://www.irishtimes.com/image-creator/?id=1.4206901&origw=1440", "publishedAt": "2020-03-19T10:46:43Z", "content": "Britain can turn the tide on coronavirus within 12 weeks, Boris Johnson has said, as the UKs death toll from the Covid-19 pandemic reached 144. The British prime minister said trials for a Covid-19 vaccine could begin within a month and that testing would be \u2026 [+4022 chars]"}, {"source": {"id": "the-irish-times", "name": "The Irish Times"}, "author": "The Irish Times", "title": "Coronavirus: Wuhan reports no new domestic cases as 475 more die in Italy", "description": "China\u2019s virus epicentre had previously reported thousands of infections daily", "url": "https://www.irishtimes.com/news/world/asia-pacific/coronavirus-wuhan-reports-no-new-domestic-cases-as-475-more-die-in-italy-1.4206683", "urlToImage": "https://www.irishtimes.com/image-creator/?id=1.4206682&origw=1440", "publishedAt": "2020-03-19T07:00:09Z", "content": "China has recorded no new domestic cases of Covid-19 in the virus epicentre Wuhan or in the surrounding Hubei province, officials said.\r\nWuhan had previously reported thousands of new cases of coronavirus infection daily, overwhelming its healthcare system.\r\n\u2026 [+4347 chars]"}, {"source": {"id": "the-irish-times", "name": "The Irish Times"}, "author": "The Irish Times", "title": "Coronavirus: Italy\u2019s death toll surpasses that of China after 427 new fatalities", "description": "Iran reports 50 new infections per hour as China records no new domestic infections", "url": "https://www.irishtimes.com/news/world/coronavirus-italy-s-death-toll-surpasses-that-of-china-after-427-new-fatalities-1.4206683", "urlToImage": "https://www.irishtimes.com/image-creator/?id=1.4206682&origw=1440", "publishedAt": "2020-03-19T07:00:09Z", "content": "Italys death toll from coronavirus has overtaken that of China, where the virus first emerged. Hospitals in Italy said they were being overwhelmed, while the government is prepared to prolong emergency lockdown measures. \r\nA total of 427 deaths were registere\u2026 [+5105 chars]"}, {"source": {"id": "the-irish-times", "name": "The Irish Times"}, "author": "The Irish Times", "title": "Coronavirus: Wuhan reports no new cases as 475 more die in Italy", "description": "China\u2019s virus epicentre had previously reported thousands of infections daily", "url": "https://www.irishtimes.com/news/world/asia-pacific/coronavirus-wuhan-reports-no-new-cases-as-475-more-die-in-italy-1.4206683", "urlToImage": "https://www.irishtimes.com/image-creator/?id=1.4206682&origw=1440", "publishedAt": "2020-03-19T06:37:16Z", "content": "China has recorded no new cases of Covid-19 in the virus epicentre Wuhan or in the surrounding Hubei province, officials said.\r\nWuhan had previously reported thousands of new cases of coronavirus infection daily, overwhelming its healthcare system.\r\nThe count\u2026 [+4338 chars]"}, {"source": {"id": "the-irish-times", "name": "The Irish Times"}, "author": "Derek Scally", "title": "\u2018Ibiza of the Alps\u2019 ski resort blamed for spread of coronavirus", "description": "Hundreds of cases across Europe linked to \u2018party machine\u2019 on Austrian slopes of Ishgl", "url": "https://www.irishtimes.com/news/world/europe/ibiza-of-the-alps-ski-resort-blamed-for-spread-of-coronavirus-1.4207324", "urlToImage": "https://www.irishtimes.com/image-creator/?id=1.4207323&origw=1440", "publishedAt": "2020-03-19T20:34:38Z", "content": "Austrian chancellor Sebastian Kurz has been praised for swift and decisive action in the coronavirus crisis, but a popular Alpine resort is being blamed for spreading the disease across northern Europe.\r\nEvery year Ischgl, 1,400 metres up in the Tyrolean alps\u2026 [+2769 chars]"}, {"source": {"id": "the-irish-times", "name": "The Irish Times"}, "author": "The Irish Times", "title": "Coronavirus: China reports no new domestic cases as 475 more die in Italy", "description": "China\u2019s virus epicentre had previously reported thousands of infections daily", "url": "https://www.irishtimes.com/news/world/asia-pacific/coronavirus-china-reports-no-new-domestic-cases-as-475-more-die-in-italy-1.4206683", "urlToImage": "https://www.irishtimes.com/image-creator/?id=1.4206682&origw=1440", "publishedAt": "2020-03-19T07:00:09Z", "content": "China has recorded no new domestic cases of Covid-19, with no new cases at all in the virus epicentre Wuhan or in the surrounding Hubei province, officials said.\r\nWuhan had previously reported thousands of new cases of coronavirus infection daily, overwhelmin\u2026 [+4373 chars]"}, {"source": {"id": "the-irish-times", "name": "The Irish Times"}, "author": "Mark Weiss", "title": "Mossad secures 100,000 coronavirus test kits for Israel in overseas operation", "description": "Lack of testing equipment was hampering the country\u2019s bid to to combat the virus", "url": "https://www.irishtimes.com/news/world/middle-east/mossad-secures-100-000-coronavirus-test-kits-for-israel-in-overseas-operation-1.4207151", "urlToImage": "https://www.irishtimes.com/image-creator/?id=1.4207144&origw=1440", "publishedAt": "2020-03-19T17:10:00Z", "content": "Israel has come up with a novel solution to its critical shortage of kits to test the coronavirus: call in the Mossad.\r\nThe renowned intelligence agency on Thursday delivered to labs 100,000 new kits that had been collected overseas in an overnight operation.\u2026 [+2505 chars]"}, {"source": {"id": "the-irish-times", "name": "The Irish Times"}, "author": null, "title": "Coronavirus: China reports no new domestic cases as Australia closes borders", "description": "China\u2019s virus epicentre had previously reported thousands of infections daily", "url": "https://www.irishtimes.com/news/world/asia-pacific/coronavirus-china-reports-no-new-domestic-cases-as-australia-closes-borders-1.4206683", "urlToImage": "https://www.irishtimes.com/image-creator/?id=1.4206682&origw=1440", "publishedAt": "2020-03-19T07:00:09Z", "content": "China has recorded no new domestic cases of Covid-19, with no new cases at all in the virus epicentre Wuhan or in the surrounding Hubei province, officials said.\r\nWuhan had previously reported thousands of new cases of coronavirus infection daily, overwhelmin\u2026 [+23 chars]"}]}