{"status": "ok", "totalResults": 64, "articles": [{"source": {"id": "the-irish-times", "name": "The Irish Times"}, "author": "Harry McGee, Marie O'Halloran", "title": "Coronavirus: Government to provide temporary morgues", "description": "Number of cases in Ireland exceeds 1,500 with nine deaths recorded in the State", "url": "https://www.irishtimes.com/news/ireland/irish-news/coronavirus-government-to-provide-temporary-morgues-1.4212891", "urlToImage": "https://www.irishtimes.com/image-creator/?id=1.4212890&origw=1440", "publishedAt": "2020-03-26T12:44:13Z", "content": "The Government is preparing to provide temporary morgue facilities in anticipation of a surge of the coronavirus pandemic. \r\nA senior official at the Department of the Taoiseach said if such temporary facilities were made available, liaison provisions would b\u2026 [+3110 chars]"}, {"source": {"id": "the-irish-times", "name": "The Irish Times"}, "author": "Kitty Holland", "title": "Coronavirus: Dublin accommodation sourced for homeless people", "description": "More than 650 apartments, hotel rooms and single-occupancy rooms become available amid 'unprecedented demand' on services", "url": "https://www.irishtimes.com/news/social-affairs/coronavirus-dublin-accommodation-sourced-for-homeless-people-1.4212875", "urlToImage": "https://www.irishtimes.com/image-creator/?id=1.4212874&origw=740", "publishedAt": "2020-03-26T12:15:33Z", "content": "More than 650 apartments, hotel rooms and single-occupancy rooms have been sourced across Dublin for homeless people, and all emergency accommodation will stay open 24 hours a day during the coronavirus outbreak.\r\nMore vulnerable homeless people including tho\u2026 [+2663 chars]"}, {"source": {"id": "the-irish-times", "name": "The Irish Times"}, "author": "Paul Cullen, Naomi O\u2019Leary", "title": "Coronavirus: Ireland could be quickly overwhelmed by new cases", "description": "EU warning comes as two more patients with Covid-19 die, and 235 new cases reported", "url": "https://www.irishtimes.com/news/health/coronavirus-ireland-could-be-quickly-overwhelmed-by-new-cases-1.4212303", "urlToImage": "https://www.irishtimes.com/image-creator/?id=1.4212302&origw=1440", "publishedAt": "2020-03-26T01:15:00Z", "content": "Irelands ability to treat coronavirus patients in intensive care could be the quickest to be overwhelmed in the EU, according to a new report.\r\nThe warning from the European Centre for Disease Control (ECDC) comes as two more patients with Covid-19 died on We\u2026 [+3823 chars]"}, {"source": {"id": "the-irish-times", "name": "The Irish Times"}, "author": "Mary Carolan", "title": "Coronavirus impacting on vulnerable children in care, court hears", "description": "Judge told of effects on number of young people and their families of Covid-19 crisis", "url": "https://www.irishtimes.com/news/crime-and-law/courts/high-court/coronavirus-impacting-on-vulnerable-children-in-care-court-hears-1.4213130", "urlToImage": "https://www.irishtimes.com/image-creator/?id=1.4213129&origw=1440", "publishedAt": "2020-03-26T16:48:02Z", "content": "The coronavirus crisis is compounding the challenges for vulnerable and at-risk young people in special care, their families and care staff dealing with them, the High Court has heard. \r\nMr Justice Michael Twomey was updated on Thursday about the situation of\u2026 [+4410 chars]"}, {"source": {"id": "the-irish-times", "name": "The Irish Times"}, "author": "Sorcha Pollak", "title": "Coronavirus: Visas for non-EEA nationals coming to Ireland suspended", "description": "Department will \u2018temporarily cease accepting new visa applications\u2019 due to Covid-19", "url": "https://www.irishtimes.com/news/social-affairs/coronavirus-visas-for-non-eea-nationals-coming-to-ireland-suspended-1.4213002", "urlToImage": "https://www.irishtimes.com/image-creator/?id=1.4213001&origw=1440", "publishedAt": "2020-03-26T14:51:27Z", "content": "Foreign nationals from outside the European Economic Area (EEA) who were planning to move to Ireland will be unable to secure a visa to enter the country for the foreseeable future, the Department of Justice has said. \r\nIn a statement posted on the Irish Natu\u2026 [+2475 chars]"}, {"source": {"id": "the-irish-times", "name": "The Irish Times"}, "author": "Kevin O'Sullivan", "title": "Coronavirus \u2013 the science: How physical distancing works and saves lives", "description": "Edition 3: Clinical trials plan to collect plasma recovered patients and inject into those fighting virus", "url": "https://www.irishtimes.com/news/health/coronavirus-the-science-how-physical-distancing-works-and-saves-lives-1.4212807", "urlToImage": "https://www.irishtimes.com/image-creator/?id=1.4212806&origw=1440", "publishedAt": "2020-03-26T10:45:47Z", "content": "This is a series of regular updates from Irish Times Environment &amp; Science Editor Kevin OSullivan on scientific initiatives and developments on coronavirus. Previous editions can be foundhere.\r\nPlaying the antibody card\r\nWar on Covid-19 is three-pronged: \u2026 [+6962 chars]"}, {"source": {"id": "the-irish-times", "name": "The Irish Times"}, "author": "Harry McGee, Marie O'Halloran, Jennifer Bray", "title": "Coronavirus: Student nurses will be paid for pandemic work", "description": "ESRI warns of recession as plans emerge for temporary morgues", "url": "https://www.irishtimes.com/news/ireland/irish-news/coronavirus-student-nurses-will-be-paid-for-pandemic-work-1.4212891", "urlToImage": "https://www.irishtimes.com/image-creator/?id=1.4212890&origw=1440", "publishedAt": "2020-03-26T12:44:13Z", "content": "Minister for Health Simon Harris has confirmed student nurses will be paid for the duration of the coronavirus crisis.\r\nAll student nurses and midwives will be offered a contract as a healthcare assistant and be paid accordingly. \r\nMr Harris said on Thursday \u2026 [+5915 chars]"}, {"source": {"id": "the-irish-times", "name": "The Irish Times"}, "author": "Freya McClements", "title": "Coronavirus: New clinics to be opened by blood donation service", "description": "Plans in place to ensure clinics can stay open in the event of further travel restrictions", "url": "https://www.irishtimes.com/news/ireland/irish-news/coronavirus-new-clinics-to-be-opened-by-blood-donation-service-1.4212186", "urlToImage": "https://www.irishtimes.com/image-creator/?id=1.4212171&origw=1440", "publishedAt": "2020-03-26T01:44:00Z", "content": "When Patricia Russell gave blood in Limerick last week, she did so in a hotel which was about to close because of coronavirus. \r\nI did think, should I go or not, because coronavirus is in everybodys head now, she says. You couldnt but think of it. \r\nBut then \u2026 [+2585 chars]"}, {"source": {"id": "the-irish-times", "name": "The Irish Times"}, "author": "Paul Cullen", "title": "Coronavirus: Most deaths have been in settings such as hospitals and nursing homes", "description": "Experts due to meet again on Friday to discuss possible further measures to curb spread of virus", "url": "https://www.irishtimes.com/news/health/coronavirus-most-deaths-have-been-in-settings-such-as-hospitals-and-nursing-homes-1.4213354", "urlToImage": "https://www.irishtimes.com/image-creator/?id=1.4213348&origw=1440", "publishedAt": "2020-03-26T22:08:52Z", "content": "Ten more patients with Covid-19 have died, by far the highest daily death toll so far in the outbreak.\r\nThe deaths occurred among three women and seven men; nine were from the east of the country and one from the south. Chief medical officer Dr Tony Holohan s\u2026 [+3204 chars]"}, {"source": {"id": "the-irish-times", "name": "The Irish Times"}, "author": "Tom Tuite", "title": "Father and son in court accused of spitting on garda\u00ed amid coronavirus fears", "description": "Court heard the incident was filmed by passers-by and was posted on social media", "url": "https://www.irishtimes.com/news/crime-and-law/courts/district-court/father-and-son-in-court-accused-of-spitting-on-garda%C3%AD-amid-coronavirus-fears-1.4213273", "urlToImage": "https://www.irishtimes.com/image-creator/?id=1.4213272&origw=620", "publishedAt": "2020-03-26T19:30:15Z", "content": "A father and son have been refused bail after they were accused of spitting on two garda\u00ed on duty in Dublin city centre.\r\nDublin District Court heard concerns the incident on Thursday was at a time of heightened public health fears surrounding the spread of C\u2026 [+2314 chars]"}, {"source": {"id": "the-irish-times", "name": "The Irish Times"}, "author": "Declan Brennan", "title": "Judge refuses to release recovering drug addict on bail over coronavirus fears", "description": "Micheal Bayly (26) says he wants to care for his children while partner awaits Covid-19 test", "url": "https://www.irishtimes.com/news/crime-and-law/courts/circuit-court/judge-refuses-to-release-recovering-drug-addict-on-bail-over-coronavirus-fears-1.4213093", "urlToImage": "https://www.irishtimes.com/image-creator/?id=1.4213092&origw=1440", "publishedAt": "2020-03-26T16:20:30Z", "content": "A judge has refused to release a recovering drug addict out on bail after he told the court his pregnant partner has gone into self isolation with Covid-19 symptoms.\r\nMicheal Bayly (26) is in custody awaiting sentence at Dublin Circuit Criminal Court after he\u2026 [+1785 chars]"}, {"source": {"id": "the-irish-times", "name": "The Irish Times"}, "author": "Paul Cullen, Naomi O\u2019Leary", "title": "Coronavirus: Ireland could be quickly overwhelmed by new cases, report warns", "description": "EU warning comes as two more patients with Covid-19 die, and 235 new cases reported", "url": "https://www.irishtimes.com/news/health/coronavirus-ireland-could-be-quickly-overwhelmed-by-new-cases-report-warns-1.4212303", "urlToImage": "https://www.irishtimes.com/image-creator/?id=1.4212302&origw=1440", "publishedAt": "2020-03-26T01:15:00Z", "content": "Irelands ability to treat coronavirus patients in intensive care could be the quickest to be overwhelmed in the EU, according to a new report.\r\nThe warning from the European Centre for Disease Control (ECDC) comes as two more patients with Covid-19 died on We\u2026 [+3823 chars]"}, {"source": {"id": "the-irish-times", "name": "The Irish Times"}, "author": "Michelle McBride, Carl O'Brien", "title": "Coronavirus: Meet the teacher delivering school meals to pupils by bus", "description": "School closures mean many disadvantaged children are unable to get lunch and dinner", "url": "https://www.irishtimes.com/news/education/coronavirus-meet-the-teacher-delivering-school-meals-to-pupils-by-bus-1.4212907", "urlToImage": "https://www.irishtimes.com/image-creator/?id=1.4212855&origw=1440", "publishedAt": "2020-03-26T12:54:07Z", "content": "While many teachers are giving remote classes online during the school closures, one teacher is delivering something even more important: meals for pupils in disadvantaged homes.\r\nS\u00edle McDonnell, a teacher and home school community liaison with St Marys Prima\u2026 [+4214 chars]"}, {"source": {"id": "the-irish-times", "name": "The Irish Times"}, "author": "Harry McGee, Marie O'Halloran", "title": "Coronavirus: ESRI warns of recession as Government plans for temporary morgues", "description": "Number of cases in Ireland exceeds 1,500 with nine deaths recorded in the State", "url": "https://www.irishtimes.com/news/ireland/irish-news/coronavirus-esri-warns-of-recession-as-government-plans-for-temporary-morgues-1.4212891", "urlToImage": "https://www.irishtimes.com/image-creator/?id=1.4212890&origw=1440", "publishedAt": "2020-03-26T12:44:13Z", "content": "The Government is preparing to provide temporary morgue facilities in anticipation of a surge of the coronavirus pandemic.\r\nA senior official at the Department of the Taoiseach said if such temporary facilities were made available, liaison provisions would be\u2026 [+3134 chars]"}, {"source": {"id": "the-irish-times", "name": "The Irish Times"}, "author": "Conor Gallagher", "title": "Tanning salon that suggested UV light can cure coronavirus closed by garda\u00ed", "description": "Miami Tanning Waterford stayed open amid State restrictions, which it linked to installing \u20185G road lamps\u2019", "url": "https://www.irishtimes.com/news/crime-and-law/tanning-salon-that-suggested-uv-light-can-cure-coronavirus-closed-by-garda%C3%AD-1.4213191", "urlToImage": "https://www.irishtimes.com/image-creator/?id=1.4213190&origw=1440", "publishedAt": "2020-03-26T18:07:45Z", "content": "A Waterford city tanning salon which suggested that the use of sunbeds could help to kill the coronavirus has been closed down by garda\u00ed.\r\nMiami Tanning Waterford had kept its doors open in spite of the Government announcing on Tuesday that all non-essential \u2026 [+2937 chars]"}, {"source": {"id": "the-irish-times", "name": "The Irish Times"}, "author": "The Irish Times", "title": "Coronavirus batters German consumer morale", "description": "Survey shows morale at lowest level since May 2009", "url": "https://www.irishtimes.com/business/economy/coronavirus-batters-german-consumer-morale-1.4212730", "urlToImage": "https://www.irishtimes.com/image-creator/?id=1.4212729&origw=1440", "publishedAt": "2020-03-26T07:22:06Z", "content": "German consumer morale deteriorated sharply heading into April to hit its lowest level since 2009, a survey showed on Thursday, suggesting that the coronavirus pandemic is putting the brakes on household spending in Europes largest economy. \r\nThe Nuremberg-ba\u2026 [+1198 chars]"}, {"source": {"id": "the-irish-times", "name": "The Irish Times"}, "author": "The Irish Times", "title": "Hostelworld cancels dividend as it counts coronavirus cost", "description": "Company says outbreak will hit earnings by up to \u20ac5m", "url": "https://www.irishtimes.com/business/transport-and-tourism/hostelworld-cancels-dividend-as-it-counts-coronavirus-cost-1.4212750", "urlToImage": "https://www.irishtimes.com/image-creator/?id=1.4212749&origw=1253", "publishedAt": "2020-03-26T08:47:52Z", "content": "Online accommodation booking platform Hostelworld has revised the impact of the coronavirus outbreak on its business, saying it would now hit earnings by up to 5 million in the first quarter of 2020.\r\nThe company, which focuses on the global hostel market, sa\u2026 [+1746 chars]"}, {"source": {"id": "the-irish-times", "name": "The Irish Times"}, "author": "Ciara O'Brien", "title": "Dixons Carphone warns on profit due to coronavirus pandemic", "description": "Store closures hit sales as Covid-19 continues to spread across Europe", "url": "https://www.irishtimes.com/business/retail-and-services/dixons-carphone-warns-on-profit-due-to-coronavirus-pandemic-1.4212733", "urlToImage": "https://www.irishtimes.com/image-creator/?id=1.4212732&origw=1440", "publishedAt": "2020-03-26T07:50:48Z", "content": "British electricals retailer Dixons Carphone warned on Thursday it would not meet its previous guidance for 2019-20 profit and debt, blaming the coronavirus pandemic that has forced the closure of stores.\r\nThe groups previous guidance was for adjusted pretax \u2026 [+723 chars]"}, {"source": {"id": "the-irish-times", "name": "The Irish Times"}, "author": "The Irish Times", "title": "Coronavirus spending to triple British budget deficit to over \u00a3175bn", "description": "Think tank says increases in borrowing the the correct response to deal with outbreak", "url": "https://www.irishtimes.com/business/economy/coronavirus-spending-to-triple-british-budget-deficit-to-over-175bn-1.4212985", "urlToImage": "https://www.irishtimes.com/polopoly_fs/1.4212984.1585233127!/image/image.jpg", "publishedAt": "2020-03-26T14:32:16Z", "content": "Britains efforts to keep its economy afloat through the coronavirus crisis are likely to cause its budget deficit to more than triple to over \u00a3175 billion (191 billion) over the coming year, a think tank said on Thursday.\r\nLast week chancellor of the excheque\u2026 [+1761 chars]"}, {"source": {"id": "the-irish-times", "name": "The Irish Times"}, "author": "Eoin Burke-Kennedy", "title": "Coronavirus: Ireland heading for recession this year, ESRI warns", "description": "Economy is expected to contract by 7.1% in 2020 as consumption, investment and trade declines, think tank says", "url": "https://www.irishtimes.com/business/economy/coronavirus-ireland-heading-for-recession-this-year-esri-warns-1.4212761", "urlToImage": "https://www.irishtimes.com/image-creator/?id=1.4212760&origw=1440", "publishedAt": "2020-03-26T09:46:40Z", "content": "The Irish economy will fall into recession this year, shrinking by as much as 7.1 per cent as a result of the coronavirus crisis, the Economic and Social Research Institute (ESRI) has predicted.\r\nIn its latest quarterly assessment, the think tank said the Cov\u2026 [+3020 chars]"}, {"source": {"id": "the-irish-times", "name": "The Irish Times"}, "author": "Olive Keogh", "title": "Coronavirus: Start-ups with pioneering surface-coating technologies get busy", "description": "These new Irish technology companies may play a key strategic role in disease prevention", "url": "https://www.irishtimes.com/business/innovation/coronavirus-start-ups-with-pioneering-surface-coating-technologies-get-busy-1.4208018", "urlToImage": "https://www.irishtimes.com/image-creator/?id=1.4208016&origw=1440", "publishedAt": "2020-03-26T06:00:00Z", "content": "While the fallout from coronavirus has shuttered and silenced businesses across the island, the phones at surface-coating technology company Kastus have been hopping. Kastus produces always on antimicrobial protection for glass and ceramic surfaces on smartph\u2026 [+6154 chars]"}, {"source": {"id": "the-irish-times", "name": "The Irish Times"}, "author": "The Irish Times", "title": "Coronavirus \u2018medicine\u2019 could trigger social breakdown \u2013 Swedish industrialist", "description": "Jacob Wallenberg warns policymakers should be mindful of business impact", "url": "https://www.irishtimes.com/business/economy/coronavirus-medicine-could-trigger-social-breakdown-swedish-industrialist-1.4212973", "urlToImage": "https://www.irishtimes.com/image-creator/?id=1.4212972&origw=1440", "publishedAt": "2020-03-26T14:11:37Z", "content": "Jacob Wallenberg has warned governments to weigh the economic threat from coronavirus more heavily or risk depression, social unrest and a potential lost generation. \r\nThe Swedish industrialist, whose family investment vehicle has controlling stakes in compan\u2026 [+2666 chars]"}, {"source": {"id": "the-irish-times", "name": "The Irish Times"}, "author": "The Irish Times", "title": "Unemployment claims surge in US as coronavirus shuts down business", "description": "Claims rise in all 50 states as pandemic continues", "url": "https://www.irishtimes.com/business/economy/unemployment-claims-surge-in-us-as-coronavirus-shuts-down-business-1.4212915", "urlToImage": "https://www.irishtimes.com/image-creator/?id=1.4212914&origw=1440", "publishedAt": "2020-03-26T13:07:32Z", "content": "The number of Americans filing for unemployment benefits surged to a record 3.28 million last week as businesses shuttered and laid off workers as part of efforts to slow the spread of the coronavirus.\r\nIn the biggest insight yet into the economic toll the pa\u2026 [+2294 chars]"}, {"source": {"id": "the-irish-times", "name": "The Irish Times"}, "author": null, "title": "Building company failed on back of coronavirus crisis, court hears", "description": "Provisional liquidator appointed to Meath construction and plant hire business", "url": "https://www.irishtimes.com/business/construction/building-company-failed-on-back-of-coronavirus-crisis-court-hears-1.4213125", "urlToImage": "https://www.irishtimes.com/image-creator/?id=1.4213126&origw=1253", "publishedAt": "2020-03-26T16:41:43Z", "content": "The Covid-19 pandemic has claimed a corporate casualty with the loss of more than 30 jobs at a construction and plant hire business, the High Court has heard.\r\nThe ongoing crisis had dissuaded an investor from putting in funds necessary to save the firm, the \u2026 [+14 chars]"}, {"source": {"id": "the-irish-times", "name": "The Irish Times"}, "author": "Eoin Burke-Kennedy", "title": "Coronavirus: Ireland heading for recession this year as Covid-19 hits economy, ESRI warns", "description": "Economy is expected to contract by 7.1% in 2020 as consumption, investment and trade declines, think tank says", "url": "https://www.irishtimes.com/business/economy/coronavirus-ireland-heading-for-recession-this-year-as-covid-19-hits-economy-esri-warns-1.4212761", "urlToImage": "https://www.irishtimes.com/image-creator/?id=1.4212760&origw=1440", "publishedAt": "2020-03-26T09:46:40Z", "content": "The Irish economy will fall into recession this year, shrinking by as much as 7.1 per cent as a result of the coronavirus crisis, the Economic and Social Research Institute (ESRI) has predicted.\r\nIn its latest quarterly assessment, the think tank said the Cov\u2026 [+3020 chars]"}, {"source": {"id": "the-irish-times", "name": "The Irish Times"}, "author": "Barry O'Halloran", "title": "Coronavirus: High-profile building projects may soon grind to a halt", "description": "Work continuing on several sites despite union calls for closure to protect workers", "url": "https://www.irishtimes.com/business/construction/coronavirus-high-profile-building-projects-may-soon-grind-to-a-halt-1.4212239", "urlToImage": "https://www.irishtimes.com/image-creator/?id=1.4212238&origw=1440", "publishedAt": "2020-03-26T06:00:11Z", "content": "Multinationals could halt building in the Republic, sources suggested on Wednesday, as work continued on high-profile projects such as the National Childrens Hospital and Grangegorman university site.\r\nThe Government is allowing work to continue on building s\u2026 [+3140 chars]"}, {"source": {"id": "the-irish-times", "name": "The Irish Times"}, "author": "Martin Wall, Harry McGee, Kitty Holland", "title": "Coronavirus: Unions urge non-essential building sites to close until staff protected", "description": "Construction Industry Federation says it has directed all sites to comply with guidelines", "url": "https://www.irishtimes.com/business/construction/coronavirus-unions-urge-non-essential-building-sites-to-close-until-staff-protected-1.4213300", "urlToImage": "https://www.irishtimes.com/image-creator/?id=1.4213299&origw=722", "publishedAt": "2020-03-26T20:26:43Z", "content": "The trade union movement has called for all non-essential building sites to be closed until it is shown that they are compliant with measures to protect staff against the coronavirus. \r\nIn a letter to the Construction Industry Federation on Thursday, the Iris\u2026 [+2734 chars]"}, {"source": {"id": "the-irish-times", "name": "The Irish Times"}, "author": "Paul Cullen", "title": "Coronavirus: Encouraging signs for Ireland in calm before surge", "description": "Scientific experts taking lead as Government supports advice rather than playing politics", "url": "https://www.irishtimes.com/news/health/coronavirus-encouraging-signs-for-ireland-in-calm-before-surge-1.4212134", "urlToImage": "https://www.irishtimes.com/image-creator/?id=1.4212125&origw=1440", "publishedAt": "2020-03-26T01:00:00Z", "content": "The second raft of measures announced by the Government in an attempt to curb the spread of coronavirus represent a considered and proportionate response to a challenge that is growing by the day.\r\nThe measures, set out on Tuesday, will only add to the econom\u2026 [+3574 chars]"}, {"source": {"id": "the-irish-times", "name": "The Irish Times"}, "author": "Peter Cluskey", "title": "Peter Cluskey: What would Adrienne have made of coronavirus?", "description": "She may have something to tell us about how to handle fear without letting it ruin our lives", "url": "https://www.irishtimes.com/opinion/peter-cluskey-what-would-adrienne-have-made-of-coronavirus-1.4212002", "urlToImage": "https://www.irishtimes.com/polopoly_fs/1.4212001.1585149834!/image/image.jpg", "publishedAt": "2020-03-26T01:26:59Z", "content": "Theres an exchange in Skyfall, one of the Bond movies, where 007 is asked, How much do you know about fear, Mr Bond? And the response comes back simply, All there is.\r\nTheres a haunting starkness to that answer. It just hangs there. Because thats what fear do\u2026 [+4273 chars]"}, {"source": {"id": "the-irish-times", "name": "The Irish Times"}, "author": "The Irish Times", "title": "Coronavirus: Government\u2019s move to allow construction to continue is good politics", "description": "Politicians must put off for as long as possible any attempt to halt building amid pandemic", "url": "https://www.irishtimes.com/business/construction/coronavirus-government-s-move-to-allow-construction-to-continue-is-good-politics-1.4212168", "urlToImage": "https://www.irishtimes.com/image-creator/?id=1.4212166&origw=1440", "publishedAt": "2020-03-26T06:00:25Z", "content": "Brickbats are sure to follow the Government decision to allow construction to continue for now while other businesses are shutting to help halt the spread of Covid-19. Critics are almost sure to highlight once again the perceived close relationship between de\u2026 [+1788 chars]"}, {"source": {"id": "the-irish-times", "name": "The Irish Times"}, "author": null, "title": "Coronavirus closure will impact all golf clubs, Tokyo 2020 task force to meet", "description": "The Morning Sports Briefing: Keep ahead of the game with \u2018The Irish Times\u2019 sports team", "url": "https://www.irishtimes.com/sport/coronavirus-closure-will-impact-all-golf-clubs-tokyo-2020-task-force-to-meet-1.4212735", "urlToImage": "https://www.irishtimes.com/image-creator/?id=1.4212734&origw=1440", "publishedAt": "2020-03-26T07:57:44Z", "content": "Tuesday saw the introduction of tighter social restrictions in a bid to fight the coronavirus pandemic, and yesterday saw most golf clubs across Ireland keep their gates shut and their flags locked away. And the impact of the coronavirus will be keenly felt a\u2026 [+1315 chars]"}, {"source": {"id": "the-irish-times", "name": "The Irish Times"}, "author": "Philip Reid", "title": "Golf clubs big and small concerned over future due to coronavirus outbreak", "description": "Loss of revenues and cash flow issues to the fore for some of the over 400 clubs on the island", "url": "https://www.irishtimes.com/sport/golf/golf-clubs-big-and-small-concerned-over-future-due-to-coronavirus-outbreak-1.4212155", "urlToImage": "https://www.irishtimes.com/image-creator/?id=1.4212152&origw=1440", "publishedAt": "2020-03-26T06:00:00Z", "content": "Im very concerned about the future of the club!\r\nSidney Houston is the go-to man when it comes to Aughnacloy Golf Club, a parkland course in Co Tyrone. If the truth be known, he has put his heart and his soul into making it what it is; apart from offering enj\u2026 [+7264 chars]"}, {"source": {"id": "the-irish-times", "name": "The Irish Times"}, "author": "Harry McGee", "title": "Coronavirus: Temporary morgue planned for a Kilmainham", "description": "Way to allow farmers sell cattle while the marts are closed is being sought", "url": "https://www.irishtimes.com/news/politics/coronavirus-temporary-morgue-planned-for-a-kilmainham-1.4212930", "urlToImage": "https://www.irishtimes.com/image-creator/?id=1.4212928&origw=1440", "publishedAt": "2020-03-26T13:16:44Z", "content": "The grounds of the Royal Hospital in Kilmainham has been identified as a site of one of the temporary mortuary facilities that will be set up in the event of a large surge of the Covid-19 pandemic. \r\nThe Government disclosed on Thursday it was preparing for t\u2026 [+4512 chars]"}, {"source": {"id": "the-irish-times", "name": "The Irish Times"}, "author": "Harry McGee", "title": "Coronavirus: Temporary morgue planned for Kilmainham", "description": "Way to allow farmers sell cattle while the marts are closed is being sought", "url": "https://www.irishtimes.com/news/politics/coronavirus-temporary-morgue-planned-for-kilmainham-1.4212930", "urlToImage": "https://www.irishtimes.com/image-creator/?id=1.4212928&origw=1440", "publishedAt": "2020-03-26T13:16:44Z", "content": "The grounds of the Royal Hospital in Kilmainham has been identified as a site of one of the temporary mortuary facilities that will be set up in the event of a large surge of the Covid-19 pandemic. \r\nThe Government disclosed on Thursday it was preparing for t\u2026 [+4512 chars]"}, {"source": {"id": "the-irish-times", "name": "The Irish Times"}, "author": "The Irish Times", "title": "Coronavirus and global solidarity", "description": "Sir, \u2013 As a global community, we have been facing an unprecedented time of crisis, and each country has come up with its own strategy based on its unique situation. But we can find and draw on some common lessons from the countries, including South Korea, tha\u2026", "url": "https://www.irishtimes.com/opinion/letters/coronavirus-and-global-solidarity-1.4212144", "urlToImage": "https://www.irishtimes.com/polopoly_fs/1.3619339.1536160376!/image/image.jpg", "publishedAt": "2020-03-26T00:10:00Z", "content": "Sir, As a global community, we have been facing an unprecedented time of crisis, and each country has come up with its own strategy based on its unique situation. But we can find and draw on some common lessons from the countries, including South Korea, that \u2026 [+5487 chars]"}, {"source": {"id": "the-irish-times", "name": "The Irish Times"}, "author": "Sean O'Neill", "title": "Coronavirus: Landlord and tenant advice", "description": "Landlords and tenants will be feeling financial stress right now, and it is important that both parties recognise this and interact in a fair and transparent manner. Sean O\u2019Neill, director at real estate adviser TWM, believes a strong landlord and tenant rela\u2026", "url": "https://www.irishtimes.com/life-and-style/homes-and-property/coronavirus-landlord-and-tenant-advice-1.4211772", "urlToImage": "https://www.irishtimes.com/image-creator/?id=1.4211765&origw=1440", "publishedAt": "2020-03-26T10:00:00Z", "content": "Landlords and tenants will be feeling financial stress right now, and it is important that both parties recognise this and interact in a fair and transparent manner. Sean ONeill, director at real estate adviser TWM, believes a strong landlord and tenant relat\u2026 [+3720 chars]"}, {"source": {"id": "the-irish-times", "name": "The Irish Times"}, "author": "Marie O'Halloran", "title": "Coronavirus crisis costing Ireland \u20ac300 million a week \u2013 Paschal Donohoe", "description": "Varadkar says Brexit means Ireland better placed to confront Covid-19", "url": "https://www.irishtimes.com/news/politics/coronavirus-crisis-costing-ireland-300-million-a-week-paschal-donohoe-1.4212869", "urlToImage": "https://www.irishtimes.com/polopoly_fs/1.4212868.1585256938!/image/image.jpg", "publishedAt": "2020-03-26T12:12:15Z", "content": "State funding to combat coronavirus crisis is about 300 million a week and is a massively significant intervention, Minister for Finance Paschal Donohoe has said.\r\nThat cost is only based on estimates we are creating at a point of huge uncertainty. That cost \u2026 [+89 chars]"}, {"source": {"id": "the-irish-times", "name": "The Irish Times"}, "author": "Madeleine Lyons", "title": "Coronavirus: What does lockdown mean for property buyers and sellers?", "description": "Those mid transaction facs delays, while estate agents scramble to offer end-to-end online sales", "url": "https://www.irishtimes.com/life-and-style/homes-and-property/coronavirus-what-does-lockdown-mean-for-property-buyers-and-sellers-1.4211080", "urlToImage": "https://www.irishtimes.com/image-creator/?id=1.4212009&origw=1440", "publishedAt": "2020-03-26T06:00:00Z", "content": "The purchase or sale of a home is one of the most stressful and costly transactions most individuals will undertake in their lifetime. Throw a global pandemic into the mix and consumer confidence plummets even though the underlying market conditions might rem\u2026 [+7315 chars]"}, {"source": {"id": "the-irish-times", "name": "The Irish Times"}, "author": "Dr Muiris Houston, Conor Pope, Sylvia Thompson", "title": "Coronavirus: More of your questions answered by experts", "description": "Doctors, professors and consumer experts respond to your queries about Covid-19", "url": "https://www.irishtimes.com/life-and-style/health-family/coronavirus-more-of-your-questions-answered-by-experts-1.4207013", "urlToImage": "https://www.irishtimes.com/image-creator/?id=1.4207009&origw=1440", "publishedAt": "2020-03-26T06:01:00Z", "content": "Question: What is a suitable disinfectant to use on household surfaces to ensure they are sterilised appropriately?\r\nAnswer:Ultan Power, professor of molecular virology at Queens University Belfast, says that any solution or wipes with 60-70 per cent (isoprop\u2026 [+8300 chars]"}, {"source": {"id": "the-irish-times", "name": "The Irish Times"}, "author": "Caitriona McBride", "title": "I should be getting married tomorrow, but coronavirus changed everything", "description": "I did get teary, but I know it\u2019s a tiny sadness compared to the new reality we are all facing", "url": "https://www.irishtimes.com/life-and-style/people/i-should-be-getting-married-tomorrow-but-coronavirus-changed-everything-1.4212222", "urlToImage": "https://www.irishtimes.com/image-creator/?id=1.4212221&origw=1440", "publishedAt": "2020-03-26T06:00:00Z", "content": "Baby when I met you there was peace unknown.\r\nTomorrow, March 27th, my fiance and I should have been dancing our first dance as a married couple to Islands in the Stream in the Beech Hill Country House Hotel in Derry.\r\nSince we met, we have both loved the son\u2026 [+4074 chars]"}, {"source": {"id": "the-irish-times", "name": "The Irish Times"}, "author": null, "title": "Coronavirus: Ireland stops and applauds those on Covid-19 frontline", "description": "At 8pm there was a public show of appreciation for healthcare workers", "url": "https://www.irishtimes.com/life-and-style/people/coronavirus-ireland-stops-and-applauds-those-on-covid-19-frontline-1.4213066", "urlToImage": "https://www.irishtimes.com/image-creator/?id=1.4213064&origw=1440", "publishedAt": "2020-03-26T14:00:00Z", "content": "A man wearing a gas mask gives a thumbs-up as part of daily applause in support of medical workers, in Nice, France. Photograph: Valery Hache/AFP via Getty Images"}, {"source": {"id": "the-irish-times", "name": "The Irish Times"}, "author": "Suzanne Lynch", "title": "Coronavirus: US Senate approves $1.8tn stimulus package", "description": "The US House of Representatives is due to vote on Friday on the largest stimulus package in American history, after the Senate gave the green light to the package in the early hours of Thursday morning. The $1.8 trillion plan includes a range of measures, inc\u2026", "url": "https://www.irishtimes.com/news/world/us/coronavirus-us-senate-approves-1-8tn-stimulus-package-1.4213308", "urlToImage": "https://www.irishtimes.com/image-creator/?id=1.4213306&origw=1440", "publishedAt": "2020-03-26T20:38:18Z", "content": "The US House of Representatives is due to vote on Friday on the largest stimulus package in American history, after the Senate gave the green light to the package in the early hours of Thursday morning.\r\nThe $1.8 trillion plan includes a range of measures, in\u2026 [+3445 chars]"}, {"source": {"id": "the-irish-times", "name": "The Irish Times"}, "author": "Harry McGee", "title": "Coronavirus: Temporary morgue planned for a Kilmainham hospital", "description": "The grounds of the Royal Hospital in Kilmainham has been identified as a site of one of the temporary mortuary facilities that will be set up in the event of a large surge of the Covid-19 pandemic. The Government disclosed on Thursday it was preparing for the\u2026", "url": "https://www.irishtimes.com/news/politics/coronavirus-temporary-morgue-planned-for-a-kilmainham-hospital-1.4212930", "urlToImage": "https://www.irishtimes.com/image-creator/?id=1.4212928&origw=1440", "publishedAt": "2020-03-26T13:16:44Z", "content": "The grounds of the Royal Hospital in Kilmainham has been identified as a site of one of the temporary mortuary facilities that will be set up in the event of a large surge of the Covid-19 pandemic. \r\nThe Government disclosed on Thursday it was preparing for t\u2026 [+4512 chars]"}, {"source": {"id": "the-irish-times", "name": "The Irish Times"}, "author": "Janan Ganesh", "title": "Trump is gambling with coronavirus \u2013 and so far he\u2019s winning", "description": "Addressing a traumatised nation, the US president fumbled. His Oval Office speech lacked command and old doubts resurfaced about his fitness for the role. Much of Washington sensed that a man elected in good times (while losing the popular vote) was out of hi\u2026", "url": "https://www.irishtimes.com/news/world/us/trump-is-gambling-with-coronavirus-and-so-far-he-s-winning-1.4212813", "urlToImage": "https://www.irishtimes.com/image-creator/?id=1.4212811&origw=1440", "publishedAt": "2020-03-26T10:55:56Z", "content": "Addressing a traumatised nation, the US president fumbled. His Oval Office speech lacked command and old doubts resurfaced about his fitness for the role. Much of Washington sensed that a man elected in good times (while losing the popular vote) was out of hi\u2026 [+4002 chars]"}, {"source": {"id": "the-irish-times", "name": "The Irish Times"}, "author": "Dr Muiris Houston, Conor Pope, Sylvia Thompson", "title": "Coronavirus: more questions by readers answered by experts", "description": "1) Andrew Question: \u201cWhat is a suitable disinfectant to use on household surfaces to ensure they are sterilised appropriately?\u201d Answer: Ultan Power, professor of molecular virology at Queen\u2019s University Belfast, says that any solution or wipes with 60-70 per \u2026", "url": "https://www.irishtimes.com/life-and-style/health-family/coronavirus-more-questions-by-readers-answered-by-experts-1.4207013", "urlToImage": "https://www.irishtimes.com/image-creator/?id=1.4207009&origw=1440", "publishedAt": "2020-03-26T06:01:00Z", "content": "Question: What is a suitable disinfectant to use on household surfaces to ensure they are sterilised appropriately?\r\nAnswer:Ultan Power, professor of molecular virology at Queens University Belfast, says that any solution or wipes with 60-70 per cent (isoprop\u2026 [+8300 chars]"}, {"source": {"id": "the-irish-times", "name": "The Irish Times"}, "author": "Marie O'Halloran", "title": "Coronavirus: D\u00e1il passes all stages of legislation giving Government emergency powers", "description": "Varadkar says Brexit means Ireland better placed to confront Covid-19", "url": "https://www.irishtimes.com/news/politics/coronavirus-d%C3%A1il-passes-all-stages-of-legislation-giving-government-emergency-powers-1.4212869?localLinksEnabled=false", "urlToImage": null, "publishedAt": "2020-03-26T12:12:15Z", "content": null}, {"source": {"id": "the-irish-times", "name": "The Irish Times"}, "author": "The Irish Times", "title": "13 Deaths in a Day: An \u2018apocalyptic\u2019 coronavirus surge at an NYC hospital", "description": "Elmhurst in Queens is at the centre of the Covid-19 crisis in New York", "url": "https://www.irishtimes.com/news/world/us/13-deaths-in-a-day-an-apocalyptic-coronavirus-surge-at-an-nyc-hospital-1.4212738", "urlToImage": "https://www.irishtimes.com/image-creator/?id=1.4212736&origw=1440", "publishedAt": "2020-03-26T08:12:31Z", "content": "In several hours on Tuesday, Dr Ashley Bray performed chest compressions at ElmhurstHospital Center on a woman in her 80s, a man in his 60s and a 38-year-old who reminded the doctor of her fiance. All had tested positive for the coronavirus and had gone into \u2026 [+5657 chars]"}, {"source": {"id": "the-irish-times", "name": "The Irish Times"}, "author": "Tom Tuite", "title": "Father and son in court accused of spitting on garda\u00ed amid coronavirus fears", "description": "Court heard the incident was filmed by passers-by and was posted on social media", "url": "https://www.irishtimes.com/news/crime-and-law/courts/district-court/father-and-son-in-court-accused-of-spitting-on-garda%C3%AD-amid-coronavirus-fears-1.4213273?localLinksEnabled=false", "urlToImage": null, "publishedAt": "2020-03-26T19:30:15Z", "content": null}, {"source": {"id": "the-irish-times", "name": "The Irish Times"}, "author": "Harry McGee, Marie O'Halloran, Jennifer Bray", "title": "Coronavirus: 10 more deaths and 255 new cases confirmed in the Republic", "description": "There have now been a total of 1,819 cases in the State and 19 deaths", "url": "https://www.irishtimes.com/news/ireland/irish-news/coronavirus-10-more-deaths-and-255-new-cases-confirmed-in-the-republic-1.4212891", "urlToImage": "https://www.irishtimes.com/image-creator/?id=1.4212890&origw=1440", "publishedAt": "2020-03-26T12:44:13Z", "content": "Ten more patients with Covid-19 have died, by far the highest daily death toll so far in the outbreak.\r\nThe deaths occurred among three women and seven men; nine were from the east of the country and one from the south.\r\nThursday also saw a record daily numbe\u2026 [+7618 chars]"}, {"source": {"id": "the-irish-times", "name": "The Irish Times"}, "author": "Michael Jansen", "title": "Bankrupt Lebanon faces serious risk from coronavirus", "description": "The country has had more than 330 cases and six deaths but lacks funds and medical supplies for a larger outbreak", "url": "https://www.irishtimes.com/news/world/middle-east/bankrupt-lebanon-faces-serious-risk-from-coronavirus-1.4212906", "urlToImage": "https://www.irishtimes.com/image-creator/?id=1.4212892&origw=1440", "publishedAt": "2020-03-26T12:52:41Z", "content": "Lebanon is doubly at risk from the coronavirus. On the occasion of the Feast of the Annunciation on Wednesday, President Michel Aoun called on Lebanese to unite, to stay safe at home and pray for deliverance from the pandemic. \r\nThe country has had more than \u2026 [+2955 chars]"}, {"source": {"id": "the-irish-times", "name": "The Irish Times"}, "author": "Harry McGee, Marie O'Halloran", "title": "Coronavirus: ESRI warns of recession as D\u00e1il debates emergency powers for Government", "description": "Plans emerge for temporary morgues as cases top 1,500, with nine fatalities to date", "url": "https://www.irishtimes.com/news/ireland/irish-news/coronavirus-esri-warns-of-recession-as-d%C3%A1il-debates-emergency-powers-for-government-1.4212891", "urlToImage": "https://www.irishtimes.com/image-creator/?id=1.4212890&origw=1440", "publishedAt": "2020-03-26T12:44:13Z", "content": "The Economic and Social Research Institute has said the economy will slide into recession this year as a consequence of the coronavirus crisis.\r\nIn a stark briefing the economic think tank indicated that contraction could be as much as 7.1 per cent in 2020. T\u2026 [+4600 chars]"}, {"source": {"id": "the-irish-times", "name": "The Irish Times"}, "author": "Mariie O'Halloran", "title": "Coronavirus crisis costing Ireland \u20ac300 million a week, says Paschal Donohoe", "description": "Brexit means Ireland better placed to confront Covid-19, says Varadkar", "url": "https://www.irishtimes.com/news/politics/coronavirus-crisis-costing-ireland-300-million-a-week-says-paschal-donohoe-1.4212869", "urlToImage": "https://www.irishtimes.com/polopoly_fs/1.4212868.1585236186!/image/image.jpg", "publishedAt": "2020-03-26T12:12:15Z", "content": "The coronavirus crisis is costing Ireland about 300 million a week, according to Minister for Finance Paschal Donohoe.\r\nSpeaking during the marathon debate on the Emergency Measures in the Public Interest (Covid-19) Bill, he told the D\u00e1il that this sum could \u2026 [+5224 chars]"}, {"source": {"id": "the-irish-times", "name": "The Irish Times"}, "author": "Deirdre Falvey", "title": "Coronavirus: Ireland urged to stop and applaud those on Covid-19 frontline tonight", "description": "At 8pm there will be a public show of appreciation for healthcare workers", "url": "https://www.irishtimes.com/life-and-style/people/coronavirus-ireland-urged-to-stop-and-applaud-those-on-covid-19-frontline-tonight-1.4213066", "urlToImage": "https://www.irishtimes.com/image-creator/?id=1.4213064&origw=1440", "publishedAt": "2020-03-26T16:04:00Z", "content": "Theres a call for a public show of appreciation for workers on the frontline of the coronavirus crisis at 8pm on Thursday in the Republic. \r\nIn the past couple of weeks, France, Spain and India, among other countries, have publicly applauded healthcare worker\u2026 [+1682 chars]"}, {"source": {"id": "the-irish-times", "name": "The Irish Times"}, "author": "Anthony King", "title": "The science behind the race to develop a coronavirus vaccine", "description": "\u2018It could be ready in 12 to 18 months. That is great if it happens\u2019", "url": "https://www.irishtimes.com/news/science/the-science-behind-the-race-to-develop-a-coronavirus-vaccine-1.4207975", "urlToImage": "https://www.irishtimes.com/image-creator/?id=1.4207973&origw=1440", "publishedAt": "2020-03-26T01:00:33Z", "content": "A vaccine for Covid-19 is soon to be injected into healthy volunteers in Seattle, US. The National Institutes of Health in the US will run these tests with a vaccine made by\u00a0biotech firm Moderna.\r\nThis was reputedly prepared and ready for testing in 42 days, \u2026 [+6661 chars]"}, {"source": {"id": "the-irish-times", "name": "The Irish Times"}, "author": "Tom Hennigan", "title": "Streets deserted amid fears that coronavirus could \u2018take down\u2019 Venezuela", "description": "Crisis-hit South American country among first in region to impose strict lockdown measures", "url": "https://www.irishtimes.com/news/world/streets-deserted-amid-fears-that-coronavirus-could-take-down-venezuela-1.4212838", "urlToImage": "https://www.irishtimes.com/image-creator/?id=1.4212836&origw=1440", "publishedAt": "2020-03-26T11:22:51Z", "content": "When the new coronavirus reached South America no government in the region moved more swiftly or aggressively against the threat it posed than the chavista regime in Venezuela. \r\nA strict quarantine already in place in several states was extended nationwide o\u2026 [+3989 chars]"}, {"source": {"id": "the-irish-times", "name": "The Irish Times"}, "author": "Naomi O\u2019Leary", "title": "Coronavirus: Criminals exploit medical supplies shortage with theft and fraud", "description": "Dutch police arrest two after attempt to defraud hospitals while Interpol warns of fake shops and websites", "url": "https://www.irishtimes.com/news/world/europe/coronavirus-criminals-exploit-medical-supplies-shortage-with-theft-and-fraud-1.4212946", "urlToImage": "https://www.irishtimes.com/image-creator/?id=1.4212944&origw=1440", "publishedAt": "2020-03-26T13:39:45Z", "content": "Criminals across Europe are exploiting shortages of masks, respirators, and other essential medical equipment for illicit profit as countries scramble to contain the coronavirus pandemic. \r\nIn the Netherlands this week, police arrested a man and a woman both \u2026 [+3417 chars]"}, {"source": {"id": "the-irish-times", "name": "The Irish Times"}, "author": "Lara Marlowe", "title": "Coronavirus: Lawsuits fly in France as blame game begins", "description": "The prime minister and health ministers are facing charges ranging from manslaughter to endangering lives", "url": "https://www.irishtimes.com/news/world/europe/coronavirus-lawsuits-fly-in-france-as-blame-game-begins-1.4213267", "urlToImage": "https://www.irishtimes.com/image-creator/?id=1.4213266&origw=1440", "publishedAt": "2020-03-26T13:47:23Z", "content": "My friends children, a daughter and son-in-law in their 40s, are holed up in their apartment, aching, coughing and barely able to move or look after their three-year-old child. The son-in-law suffers from asthma and is experiencing difficulty in breathing. Th\u2026 [+4055 chars]"}, {"source": {"id": "the-irish-times", "name": "The Irish Times"}, "author": "Bill Corcoran", "title": "Coronavirus: South Africa poised for lockdown as cases spiral", "description": "Armed soldiers to be deployed in country with high rate of suppressed immunity", "url": "https://www.irishtimes.com/news/world/africa/coronavirus-south-africa-poised-for-lockdown-as-cases-spiral-1.4213171", "urlToImage": "https://www.irishtimes.com/image-creator/?id=1.4213167&origw=1440", "publishedAt": "2020-03-26T17:41:57Z", "content": "The number of confirmed coronavirus cases in South Africa has risen to more than 900 on the eve of an unprecedented lockdown being implemented by the government to slow the spread of the disease.\r\nPresident Cyril Ramaphosa said during his virtual G20 summit a\u2026 [+2548 chars]"}, {"source": {"id": "the-irish-times", "name": "The Irish Times"}, "author": "Derek Scally", "title": "German technology to cut coronavirus test time \u2018to 2\u00bd hours\u2019", "description": "Engineering giant Bosch says automated system will boost country\u2019s already high test rate", "url": "https://www.irishtimes.com/news/world/europe/german-technology-to-cut-coronavirus-test-time-to-2-hours-1.4213102", "urlToImage": "https://www.irishtimes.com/image-creator/?id=1.4213099&origw=1440", "publishedAt": "2020-03-26T16:24:10Z", "content": "German engineering giant Bosch has developed a new coronavirus test system that it says delivers results in 2\u00bd hours instead of 24 hours at present.\r\nThe system, expected to roll out next month, allows a doctor take a swab from a patients throat, insert it in\u2026 [+2788 chars]"}, {"source": {"id": "the-irish-times", "name": "The Irish Times"}, "author": "Joe Humphreys", "title": "Coronavirus: How can philosophy help us in this time of crisis?", "description": "There is a philosophical saying for every occasion, and right now a bit of Stoicism seems apt. \u201cCease worrying about things which are beyond the power of our will,\u201d said Seneca in an aphorism with echoes of the serenity prayer: \u201cGod, grant me the serenity to \u2026", "url": "https://www.irishtimes.com/culture/coronavirus-how-can-philosophy-help-us-in-this-time-of-crisis-1.4205889", "urlToImage": "https://www.irishtimes.com/image-creator/?id=1.4205888&origw=1440", "publishedAt": "2020-03-26T05:00:00Z", "content": "There is a philosophical saying for every occasion, and right now a bit of Stoicism seems apt.\r\nCease worrying about things which are beyond the power of our will, said Seneca in an aphorism with echoes of the serenity prayer: God, grant me the serenity to ac\u2026 [+5752 chars]"}, {"source": {"id": "the-irish-times", "name": "The Irish Times"}, "author": "Carl O'Brien", "title": "Coronavirus: Schools to provide weekly boxes of groceries for disadvantaged pupils", "description": "Government confirms funding for schools meals programme for 250,000 children", "url": "https://www.irishtimes.com/news/education/coronavirus-schools-to-provide-weekly-boxes-of-groceries-for-disadvantaged-pupils-1.4212932", "urlToImage": "https://www.irishtimes.com/image-creator/?id=1.4212931&origw=1440", "publishedAt": "2020-03-26T13:21:20Z", "content": "Schools which provide free meals for students are being encouraged to provide weekly boxes of groceries for families while the schools are closed.\r\nThe Government has confirmed that funding is being continued for the school meals programme which benefits abou\u2026 [+2508 chars]"}, {"source": {"id": "the-irish-times", "name": "The Irish Times"}, "author": "Paula Gahan", "title": "\u2018I\u2019m glad you\u2019ll all be out of a job in a week\u2019: Flight attendant on coronavirus crisis", "description": "Paula Gahan is originally from Kildare town, and has been living in London and working as cabin crew for five years I\u2019m running in heels through the streets of Kuala Lumpur carrying a bottle of Tiger beer. We\u2019ve just had a phone call from London saying the co\u2026", "url": "https://www.irishtimes.com/life-and-style/abroad/i-m-glad-you-ll-all-be-out-of-a-job-in-a-week-flight-attendant-on-coronavirus-crisis-1.4212943", "urlToImage": "https://www.irishtimes.com/polopoly_fs/1.4212956.1585231043!/image/image.jpg", "publishedAt": "2020-03-26T14:00:57Z", "content": "Paula Gahan is originally from Kildare town, and has been living in London and working as cabin crew for five years\r\nIm running in heels through the streets of Kuala Lumpur carrying a bottle of Tiger beer. Weve just had a phone call from London saying the cou\u2026 [+2763 chars]"}, {"source": {"id": "the-irish-times", "name": "The Irish Times"}, "author": "The Irish Times", "title": "Coronavirus: United States now has highest number of cases in world", "description": "Infections in US top 82,000, according to running count by Johns Hopkins University", "url": "https://www.irishtimes.com/news/world/us/coronavirus-united-states-now-has-highest-number-of-cases-in-world-1.4213356", "urlToImage": "https://www.irishtimes.com/image-creator/?id=1.4213355&origw=960", "publishedAt": "2020-03-26T22:23:55Z", "content": "The United States now leads the world in the number of confirmed coronavirus cases.\r\nAccording to a running count by Johns Hopkins University, the number of people infected in the US topped 82,000 on Thursday.\r\nThat is just ahead of the 81,000 cases in China,\u2026 [+165 chars]"}, {"source": {"id": "the-irish-times", "name": "The Irish Times"}, "author": "Derek Scally", "title": "German firm Bosch to cut coronavirus test time \u2018to 2\u00bd hours\u2019", "description": "Engineering giant says automated system will boost country\u2019s already high test rate", "url": "https://www.irishtimes.com/news/world/europe/german-firm-bosch-to-cut-coronavirus-test-time-to-2-hours-1.4213102", "urlToImage": "https://www.irishtimes.com/image-creator/?id=1.4213099&origw=1440", "publishedAt": "2020-03-26T16:24:10Z", "content": "German engineering giant Bosch has developed a new coronavirus test system that it says delivers results in 2\u00bd hours instead of 24 hours at present.\r\nThe system, expected to roll out next month, allows a doctor take a swab from a patients throat, insert it in\u2026 [+2788 chars]"}]}