{"status": "ok", "totalResults": 71, "articles": [{"source": {"id": "the-irish-times", "name": "The Irish Times"}, "author": "Carl O'Brien", "title": "Coronavirus: Schools and college to remain closed beyond March 29th", "description": "Minister Joe McHugh says plan is to press ahead with State exams this summer", "url": "https://www.irishtimes.com/news/education/coronavirus-schools-and-college-to-remain-closed-beyond-march-29th-1.4211044", "urlToImage": "https://www.irishtimes.com/image-creator/?id=1.4211043&origw=1440", "publishedAt": "2020-03-24T16:14:37Z", "content": "Schools, third-level institutions and childcare facilities are set to remain closed until well beyond March 29th in support of efforts to combat the coronavirus, Minister for Education Joe McHugh has said.\r\nThe Minister said more details would follow in time \u2026 [+3338 chars]"}, {"source": {"id": "the-irish-times", "name": "The Irish Times"}, "author": "Conor Gallagher", "title": "Policing during coronavirus: \u2018Morale has never been higher\u2019", "description": "Garda\u00ed welcome new shift patterns and support from public", "url": "https://www.irishtimes.com/news/crime-and-law/policing-during-coronavirus-morale-has-never-been-higher-1.4210216", "urlToImage": "https://www.irishtimes.com/image-creator/?id=1.4210205&origw=1440", "publishedAt": "2020-03-24T02:00:00Z", "content": "A vast reorganisation of much of An Garda S\u00edoch\u00e1na in response to the spread of Covid-19 means Garda members are more likely than anyone, with the possible exception of healthcare workers, to fall ill.\r\nWhen the scale of the crisis became clear at the start o\u2026 [+3795 chars]"}, {"source": {"id": "the-irish-times", "name": "The Irish Times"}, "author": "Fiach Kelly, Jack Horgan-Jones, Martin Wall", "title": "Coronavirus: Enhanced income supports due to be announced", "description": "State will pay employers 70-80% of a worker\u2019s salary up to \u20ac35,000-\u20ac40,000", "url": "https://www.irishtimes.com/news/health/coronavirus-enhanced-income-supports-due-to-be-announced-1.4210315", "urlToImage": "https://www.irishtimes.com/image-creator/?id=1.4210314&origw=1440", "publishedAt": "2020-03-24T02:00:00Z", "content": "A new enhanced package of supports for those affected by the coronavirus pandemic running to billions of euro is expected to be announced by the Government on Tuesday.\r\nIt is understood that the extended package of income supports will have two elements. One \u2026 [+3466 chars]"}, {"source": {"id": "the-irish-times", "name": "The Irish Times"}, "author": "Jack Horgan-Jones", "title": "Coronavirus: Wage subsidy and support for cr\u00e8ches planned by State", "description": "Measures come amid fears over capacity issue in childcare sector when Covid-19 crisis ends", "url": "https://www.irishtimes.com/news/ireland/irish-news/coronavirus-wage-subsidy-and-support-for-cr%C3%A8ches-planned-by-state-1.4211230", "urlToImage": "https://www.irishtimes.com/image-creator/?id=1.4211229&origw=723", "publishedAt": "2020-03-24T19:19:15Z", "content": "The Government is planning a focused set of supports, including a wage subsidy, for creche providers in the face of the Covid-19 pandemic. \r\nThe supports, which the Department of Children and Youth Affairs (DCYA) has told creche owners are specific to the sec\u2026 [+1941 chars]"}, {"source": {"id": "the-irish-times", "name": "The Irish Times"}, "author": "Simon Carswell", "title": "Coronavirus: Private hospitals in talks on State takeover plan", "description": "Restaurants facing closure urged to contact insurers on business disruption protection", "url": "https://www.irishtimes.com/news/health/coronavirus-private-hospitals-in-talks-on-state-takeover-plan-1.4211223", "urlToImage": "https://www.irishtimes.com/image-creator/?id=1.4211222&origw=1440", "publishedAt": "2020-03-24T19:07:37Z", "content": "Business groups reacted positively to new public restrictions and the closure of all but essential services to stem the spread of coronavirus, but urged the Government to keep warning the public of safe distancing measures.\r\nAffected restaurants which could n\u2026 [+5244 chars]"}, {"source": {"id": "the-irish-times", "name": "The Irish Times"}, "author": null, "title": "Garda to take light touch in enforcing new coronavirus measures", "description": "Further prison restrictions announced to stem spread of Covid-19 virus", "url": "https://www.irishtimes.com/news/crime-and-law/garda-to-take-light-touch-in-enforcing-new-coronavirus-measures-1.4211299", "urlToImage": "https://www.irishtimes.com/image-creator/?id=1.4211295&origw=1440", "publishedAt": "2020-03-24T20:07:48Z", "content": "Garda\u00ed are to use a mixture of persuasion and existing public order legislation to enforce social distancing protocols outlined by Taoiseach Leo Varadkar on Tuesday in order to combat coronavirus.\r\nThe Taoiseach said gatherings of more than four people outsid\u2026 [+167 chars]"}, {"source": {"id": "the-irish-times", "name": "The Irish Times"}, "author": "Paul Cullen, Fiach Kelly, Pat Leahy, Vivienne Clarke, Freya McClements", "title": "Coronavirus: Government closes non-essential shops as seventh death confirmed", "description": "204 new cases in State as gatherings restricted to four people and measures extended until April 19th", "url": "https://www.irishtimes.com/news/health/coronavirus-government-closes-non-essential-shops-as-seventh-death-confirmed-1.4210785", "urlToImage": "https://www.irishtimes.com/image-creator/?id=1.4211221&origw=1440", "publishedAt": "2020-03-24T10:33:23Z", "content": "One further death and 204 new confirmed cases pf Covid-19 have been reported by the National Public Health Emergency Team at its daily briefing on Tuesday evening.\r\nThe deceased patient, a male in the east of the country, had an underlying health condition.\r\n\u2026 [+6588 chars]"}, {"source": {"id": "the-irish-times", "name": "The Irish Times"}, "author": "Martin Wall", "title": "Coronavirus: Unite calls for closure of construction sites", "description": "Trade union says proper social distancing cannot be maintained on sites", "url": "https://www.irishtimes.com/news/ireland/irish-news/coronavirus-unite-calls-for-closure-of-construction-sites-1.4210787", "urlToImage": "https://www.irishtimes.com/polopoly_fs/1.4210786.1585046001!/image/image.jpg", "publishedAt": "2020-03-24T10:33:25Z", "content": "The trade union Unite has called for the closure of construction sites throughout the country to try halt the spread of the coronavirus.\r\nThe union said on Tuesday that adequate social distancing measures could not be maintained on building sites.\r\nThe union \u2026 [+3438 chars]"}, {"source": {"id": "the-irish-times", "name": "The Irish Times"}, "author": "Conor Pope", "title": "Coronavirus cancellations: Holidaymakers in danger of losing thousands of euro", "description": "Which? calls for Covid-19 not be used as excuse to undermine consumer protections", "url": "https://www.irishtimes.com/news/ireland/irish-news/coronavirus-cancellations-holidaymakers-in-danger-of-losing-thousands-of-euro-1.4210307", "urlToImage": "https://www.irishtimes.com/image-creator/?id=1.4210304&origw=1440", "publishedAt": "2020-03-24T02:00:00Z", "content": "A long-established system of EU-wide travel protections is at risk of breaking down due to the Covid-19 pandemic with many holidaymakers in danger of losing thousands of euro, according to one of the leading consumer watchdogs in Europe. \r\nThe British-based c\u2026 [+3605 chars]"}, {"source": {"id": "the-irish-times", "name": "The Irish Times"}, "author": "Freya McClements", "title": "Coronavirus: Extra accommodation secured for North\u2019s homeless", "description": "Plans also in place to enable people in temporary accommodation to self-isolate", "url": "https://www.irishtimes.com/news/ireland/irish-news/coronavirus-extra-accommodation-secured-for-north-s-homeless-1.4210196", "urlToImage": "https://www.irishtimes.com/image-creator/?id=1.4210195&origw=1440", "publishedAt": "2020-03-24T01:00:00Z", "content": "Accommodation will be available for anyone who is homeless during the coronavirus crisis, the Northern Ireland Housing Executive has said.\r\nTemporary accommodation units for 200 people have been secured in locations across the North, including in hotels and B\u2026 [+2464 chars]"}, {"source": {"id": "the-irish-times", "name": "The Irish Times"}, "author": "Carl O'Brien", "title": "Coronavirus: Varadkar \u2018hopeful\u2019 schools can return in May or June", "description": "Taoiseach says \u2018very good chance\u2019 Leaving Cert exams will go ahead", "url": "https://www.irishtimes.com/news/education/coronavirus-varadkar-hopeful-schools-can-return-in-may-or-june-1.4211044", "urlToImage": "https://www.irishtimes.com/image-creator/?id=1.4211043&origw=1440", "publishedAt": "2020-03-24T16:14:37Z", "content": "Schools, third-level institutions and childcare facilities are set to remain closed until at least April 19th in support of efforts to combat the coronavirus, Taoiseach Leo Varadkar has said.\r\nHe also said that there is a very good chance Leaving Cert exams w\u2026 [+3195 chars]"}, {"source": {"id": "the-irish-times", "name": "The Irish Times"}, "author": "The Irish Times", "title": "Dissidents accused of exploiting coronavirus with hoax Fermanagh bomb", "description": "Device prompts day-long security alert involving police and bomb disposal experts", "url": "https://www.irishtimes.com/news/ireland/irish-news/dissidents-accused-of-exploiting-coronavirus-with-hoax-fermanagh-bomb-1.4211375", "urlToImage": "https://www.irishtimes.com/image-creator/?id=1.4211374&origw=1202", "publishedAt": "2020-03-24T22:15:43Z", "content": "Dissident republicans have been accused of exploiting the coronavirus pandemic after they were blamed for a disruptive bomb hoax in Co Fermanagh.\r\nA senior officer branded the extremists a disgrace after the fake device was left in the Rosslea area.\r\nPolice S\u2026 [+1609 chars]"}, {"source": {"id": "the-irish-times", "name": "The Irish Times"}, "author": "Paul Cullen, Fiach Kelly, Pat Leahy, Vivienne Clarke", "title": "Coronavirus: Government expected to restrict gatherings to four people", "description": "Emergency support payment to rise from \u20ac203 to \u20ac350 as schools closure extended", "url": "https://www.irishtimes.com/news/health/coronavirus-government-expected-to-restrict-gatherings-to-four-people-1.4210785", "urlToImage": "https://www.irishtimes.com/image-creator/?id=1.4210980&origw=1440", "publishedAt": "2020-03-24T10:33:23Z", "content": "The Government is expected to announce in response to the coronavirus pandemic that theatres, clubs and bingo halls to close, non-essential retail is to close, and all sports events are to be halted.\r\nIt is expected that restaurants will be asked to move to t\u2026 [+4567 chars]"}, {"source": {"id": "the-irish-times", "name": "The Irish Times"}, "author": "Conor Gallagher", "title": "Coronavirus spurs interest among ex-Defence Forces staff in rejoining", "description": "Varadkar says emergency legislation to be tabled to allow retired personnel to rejoin", "url": "https://www.irishtimes.com/news/ireland/irish-news/coronavirus-spurs-interest-among-ex-defence-forces-staff-in-rejoining-1.4211314", "urlToImage": "https://www.irishtimes.com/image-creator/?id=1.4211312&origw=1440", "publishedAt": "2020-03-24T20:19:44Z", "content": "The Defence Forces has received a significant number of offers from retired personnel to rejoin in order to help with the coronavirus crisis.\r\nOn Tuesday Taoiseach Leo Varadkar said emergency legislation would be tabled to allow retired Defence Forces personn\u2026 [+1066 chars]"}, {"source": {"id": "the-irish-times", "name": "The Irish Times"}, "author": "Luke Butterly", "title": "A common enemy: Belfast unites in fighting coronavirus", "description": "\u2018There is a community spirit emerging . . . beyond the normal religious and political divides\u2019", "url": "https://www.irishtimes.com/news/social-affairs/a-common-enemy-belfast-unites-in-fighting-coronavirus-1.4210148", "urlToImage": "https://www.irishtimes.com/image-creator/?id=1.4210130&origw=1440", "publishedAt": "2020-03-24T01:00:22Z", "content": "Burdened by the Troubles and deprivation, Upper Springfield in nationalist west Belfast, including Ballymurphy and Turf Lodge, has rarely trusted authority.\r\nMany people would have a suspicion of orders coming from above. Its what we refer to as a healthy dis\u2026 [+6614 chars]"}, {"source": {"id": "the-irish-times", "name": "The Irish Times"}, "author": "Olivia Kelly", "title": "Coronavirus: Removal of park goalposts not planned, says city chief", "description": "Owen Keegan: \u2018Not sure how much difference it would make, kids can still use jumpers for goalposts\u2019", "url": "https://www.irishtimes.com/news/ireland/irish-news/coronavirus-removal-of-park-goalposts-not-planned-says-city-chief-1.4210968", "urlToImage": "https://www.irishtimes.com/image-creator/?id=1.4210966&origw=1440", "publishedAt": "2020-03-24T15:13:31Z", "content": "Children would still use jumpers for goalposts even if sports infrastructure was removed from public parks due to coronavirus restrictions, Dublin City Council chief executive Owen Keegan has said.\r\nMr Keegan was responding to calls from former Fine Gael TD N\u2026 [+1208 chars]"}, {"source": {"id": "the-irish-times", "name": "The Irish Times"}, "author": "Vivienne Clarke", "title": "Coronavirus: Calls for Government to bail out childcare sector", "description": "Plea follows reports of parents being asked to pay holding fee to ensure place in creche", "url": "https://www.irishtimes.com/news/ireland/irish-news/coronavirus-calls-for-government-to-bail-out-childcare-sector-1.4210890", "urlToImage": "https://www.irishtimes.com/polopoly_fs/1.4210889.1585053265!/image/image.jpg", "publishedAt": "2020-03-24T12:34:50Z", "content": "There has been calls for the Government to bail out the childcare sector which is under serious strain since thebeggining of the coronavirus outbreak.\r\nElaine Dunne of the Federation of Childhood Providers has warned that if the childcare sector does not rece\u2026 [+934 chars]"}, {"source": {"id": "the-irish-times", "name": "The Irish Times"}, "author": "Jack Horgan-Jones", "title": "Coronavirus: Creches will not ask parents for fees after deal with State", "description": "Wages of childcare workers topped up beyond the 70 per cent level", "url": "https://www.irishtimes.com/news/ireland/irish-news/coronavirus-creches-will-not-ask-parents-for-fees-after-deal-with-state-1.4211230", "urlToImage": "https://www.irishtimes.com/image-creator/?id=1.4211229&origw=723", "publishedAt": "2020-03-24T19:19:15Z", "content": "Parents will not be asked to pay creche fees for up to three months under a government scheme that will see the wages of childcare workers topped up beyond the 70 per cent level announced earlier today.\r\nThe Department of Children and Youth Affairs will reimb\u2026 [+2358 chars]"}, {"source": {"id": "the-irish-times", "name": "The Irish Times"}, "author": "Freya McClements", "title": "Coronavirus victim\u2019s daughter appeals for people to \u2018value life and stay indoors\u2019", "description": "Breda Doherty says relatives cannot see her mother in her coffin after death from virus", "url": "https://www.irishtimes.com/news/health/coronavirus-victim-s-daughter-appeals-for-people-to-value-life-and-stay-indoors-1.4211338", "urlToImage": "https://www.irishtimes.com/polopoly_fs/1.4211329.1585083086!/image/image.jpg", "publishedAt": "2020-03-24T20:51:30Z", "content": "The daughter of an 82-year-old woman who died from coronavirus in Northern Ireland on Monday has made an emotional appeal to the public to wise up and stay indoors to save lives. \r\nIf you value life you will stay in, and do what youve been asked, please, said\u2026 [+2267 chars]"}, {"source": {"id": "the-irish-times", "name": "The Irish Times"}, "author": "Sorcha Pollak", "title": "Coronavirus: \u2018The Irish Government takes care of people and hopefully that includes me\u2019", "description": "American students choose to remain in Belfast and Dublin as virus spreads globally", "url": "https://www.irishtimes.com/news/education/coronavirus-the-irish-government-takes-care-of-people-and-hopefully-that-includes-me-1.4210742", "urlToImage": "https://www.irishtimes.com/image-creator/?id=1.4210741&origw=1279", "publishedAt": "2020-03-24T08:51:44Z", "content": "When Ella Klahr Bunnell moved from Boston to Belfast last September, she wasnt nervous about living so far from her family. A recipient of a Mitchell scholarship to study on the island of Ireland, Bunnell had already spent five years as an undergraduate stude\u2026 [+3614 chars]"}, {"source": {"id": "the-irish-times", "name": "The Irish Times"}, "author": "Paul Cullen", "title": "Coronavirus: People seeking testing must now display two symptoms rather than one", "description": "One further death and 204 new confirmed cases reported as stocks of protective equipment run \u2018low\u2019", "url": "https://www.irishtimes.com/news/health/coronavirus-people-seeking-testing-must-now-display-two-symptoms-rather-than-one-1.4211379", "urlToImage": "https://www.irishtimes.com/image-creator/?id=1.4211378&origw=1440", "publishedAt": "2020-03-24T22:24:19Z", "content": "People seeking testing for coronavirus will have to display two major symptoms rather than one before they are referred, following a major change in how those deemed suitable for testing are selected.\r\nPatients will have to show fever and at least one sign of\u2026 [+3621 chars]"}, {"source": {"id": "the-irish-times", "name": "The Irish Times"}, "author": null, "title": "Coronavirus: support payment to rise to \u20ac350 as schools closure extended", "description": "Ban on non-essential travel, commercial and social activity discussed as Olympics postponed", "url": "https://www.irishtimes.com/news/health/coronavirus-emergency-payment-to-rise-to-350-as-schools-closure-extended-1.4210785", "urlToImage": "https://www.irishtimes.com/image-creator/?id=1.4210794&origw=1440", "publishedAt": "2020-03-24T10:33:23Z", "content": "The Governments Covid 19 emergency support payment for people who have lost their job as a result of the pandemic will increase from 203 to 350, it was confirmed on Tuesday.\r\nIt is understood the\u00a0Cabinet approved the move this morning."}, {"source": {"id": "the-irish-times", "name": "The Irish Times"}, "author": "Paul Cullen, Fiach Kelly, Pat Leahy, Vivienne Clarke", "title": "Coronavirus: Government restricts gatherings to four people, closes non-essential shops", "description": "Measures extended until March 19th; cafes and restaurants should limit supply to takeaway only", "url": "https://www.irishtimes.com/news/health/coronavirus-government-restricts-gatherings-to-four-people-closes-non-essential-shops-1.4210785", "urlToImage": "https://www.irishtimes.com/image-creator/?id=1.4210980&origw=1440", "publishedAt": "2020-03-24T10:33:23Z", "content": "Taoiseach Leo Varadkar has said social gatherings should be restricted to no more than four people in the attempt to combat the coronavirus pandemic.\r\nSpeaking at a Government briefing in Dublin, he said restrictions already in place such as school closures h\u2026 [+5607 chars]"}, {"source": {"id": "the-irish-times", "name": "The Irish Times"}, "author": "Jack Horgan-Jones", "title": "Coronavirus test backlog: How did it emerge and can it be controlled?", "description": "State\u2019s strategy for controlling Covid-19 has put unprecedented pressure on our virus testing system", "url": "https://www.irishtimes.com/news/health/coronavirus-test-backlog-how-did-it-emerge-and-can-it-be-controlled-1.4210269", "urlToImage": "https://www.irishtimes.com/image-creator/?id=1.4210265&origw=1440", "publishedAt": "2020-03-24T01:00:00Z", "content": "Widespread testing for coronavirus is among the key pillars of the Governments plan to slow the spread of the pandemic in Ireland.\r\nWith a backlog of 40,000 people awaiting a test, to succeed, the States success hinges on a plan to ramp up the testing capacit\u2026 [+4367 chars]"}, {"source": {"id": "the-irish-times", "name": "The Irish Times"}, "author": "Paul Cullen, Fiach Kelly, Pat Leahy, Vivienne Clarke", "title": "Coronavirus: Schools closure to be extended as new restrictions to be announced", "description": "Ban on all non-essential travel, commercial and social activity to be discussed", "url": "https://www.irishtimes.com/news/health/coronavirus-schools-closure-to-be-extended-as-new-restrictions-to-be-announced-1.4210785", "urlToImage": "https://www.irishtimes.com/image-creator/?id=1.4210794&origw=1440", "publishedAt": "2020-03-24T10:33:23Z", "content": "Schools, colleges and cr\u00e8ches will remain closed beyond March 29th, the Minister for Education Joe McHugh confirmed on Tuesday.\r\nThe Minister said there should be confirmation today or on Wednesday on how long the schools shutdown will extend well, as an upda\u2026 [+4540 chars]"}, {"source": {"id": "the-irish-times", "name": "The Irish Times"}, "author": "Deirdre McQuillan", "title": "Coronavirus boost for Irish virtual fashion business Skmmp", "description": "The virtual showroom is filling a need for luxury fashion giants in wake of crisis", "url": "https://www.irishtimes.com/business/retail-and-services/coronavirus-boost-for-irish-virtual-fashion-business-skmmp-1.4210226", "urlToImage": "https://www.irishtimes.com/image-creator/?id=1.4210225&origw=1440", "publishedAt": "2020-03-24T05:54:20Z", "content": "A small Irish fashion company has suddenly found a surge in demand for its services as a result of the Covid-19 havoc. Skmmp (pronounced Skimp) is a virtual showroom that offers a solution for luxury fashion giants now having to rethink how they operate witho\u2026 [+3432 chars]"}, {"source": {"id": "the-irish-times", "name": "The Irish Times"}, "author": "The Irish Times", "title": "Intel suspends share buybacks, warns of likely coronavirus hit", "description": "Chipmaker says suspension of buybacks will not impact on dividend payments", "url": "https://www.irishtimes.com/business/technology/intel-suspends-share-buybacks-warns-of-likely-coronavirus-hit-1.4210898", "urlToImage": "https://www.irishtimes.com/polopoly_fs/1.4210897.1585054791!/image/image.jpg", "publishedAt": "2020-03-24T13:00:02Z", "content": "Chipmaker Intel, which employs around 5,000 people in the Republic, has said it is to suspend share buybacks and warned that the coronavirus pandemic could have a material impact on its business, even as its factories remain operational.\r\nThe suspension of bu\u2026 [+634 chars]"}, {"source": {"id": "the-irish-times", "name": "The Irish Times"}, "author": "Proinsias O'Mahony", "title": "Can history guide investors through the coronavirus crash?", "description": "Investors are always scared during bear markets but this is different", "url": "https://www.irishtimes.com/business/commercial-property/can-history-guide-investors-through-the-coronavirus-crash-1.4206909", "urlToImage": "https://www.irishtimes.com/image-creator/?id=1.4206896&origw=1440", "publishedAt": "2020-03-24T05:15:00Z", "content": "The longest bull market in history has been followed by the fastest bear market in history. No two bear markets are the same and the current one is unprecedented in many respects, but they all share certain core features, namely that fear is rampant and price\u2026 [+6526 chars]"}, {"source": {"id": "the-irish-times", "name": "The Irish Times"}, "author": "Laura Slattery", "title": "A message from us: Retailers walk tightrope with coronavirus emails", "description": "In a crisis, marketers must strike a careful balance between the helpful and the hard sell", "url": "https://www.irishtimes.com/business/media-and-marketing/a-message-from-us-retailers-walk-tightrope-with-coronavirus-emails-1.4210169", "urlToImage": "https://www.irishtimes.com/image-creator/?id=1.4210167&origw=1200", "publishedAt": "2020-03-24T04:15:00Z", "content": "Last week was a blizzard of electronic communication: on WhatsApp, SMS, Twitter, House Party (a new one on me) and even dusty old Facebook, friends and family were in non-physical touch. But for another, more one-sided conversation, it was email that counted.\u2026 [+5265 chars]"}, {"source": {"id": "the-irish-times", "name": "The Irish Times"}, "author": "The Irish Times", "title": "Airlines more than doubles estimated hit from coronavirus to $250bn", "description": "IATA ups revenue losses forecast from $113bn as airlines worldwide ground flights", "url": "https://www.irishtimes.com/business/transport-and-tourism/airlines-more-than-doubles-estimated-hit-from-coronavirus-to-250bn-1.4210913", "urlToImage": "https://www.irishtimes.com/image-creator/?id=1.4210912&origw=1440", "publishedAt": "2020-03-24T13:44:46Z", "content": "Global airlines urged governments on Tuesday to speed up bailouts to rescue the air transport industry as they doubled their estimate of 2020 revenue losses from the coronavirus crisis to more than $250 billion (.230.8 billion)\r\nWe clearly need massive action\u2026 [+2431 chars]"}, {"source": {"id": "the-irish-times", "name": "The Irish Times"}, "author": "Proinsias O'Mahony", "title": "Stocktake: Is coronavirus crash is one of the \u2018great buying opportunities\u2019?", "description": "Bill Miller\u2019s strategy of buying when there\u2019s blood in streets pays off most of time, but not always", "url": "https://www.irishtimes.com/business/personal-finance/stocktake-is-coronavirus-crash-is-one-of-the-great-buying-opportunities-1.4207862", "urlToImage": "https://www.irishtimes.com/image-creator/?id=1.4207861&origw=1440", "publishedAt": "2020-03-24T05:40:00Z", "content": "The ongoing market crash is an exceptional buying opportunity, according to veteran US investor Bill Miller. There have been four great buying opportunities in my adult lifetime, Miller said last week. The first was during the 1973-74 stock market crash; the \u2026 [+1052 chars]"}, {"source": {"id": "the-irish-times", "name": "The Irish Times"}, "author": "Muiris Houston", "title": "Physical distancing steps are most effective against coronavirus, study suggests", "description": "Research in Lancet Infectious Diseases journal investigates early-intervention measures", "url": "https://www.irishtimes.com/news/health/physical-distancing-steps-are-most-effective-against-coronavirus-study-suggests-1.4211164", "urlToImage": "https://www.irishtimes.com/image-creator/?id=1.4211162&origw=1440", "publishedAt": "2020-03-24T18:17:24Z", "content": "A combination of physical distancing interventions quarantine, school closures and workplace distancing is most effective at reducing the number of Covid- 19 cases, a study published today (Tuesday) suggests.\r\nThe research, published in the Lancet Infectious \u2026 [+2088 chars]"}, {"source": {"id": "the-irish-times", "name": "The Irish Times"}, "author": "Pat Leahy", "title": "Nothing off limits in Varadkar plan to stem coronavirus", "description": "Government will take on heaps more debt as it seeks to replace some of workers\u2019 lost pay", "url": "https://www.irishtimes.com/news/health/nothing-off-limits-in-varadkar-plan-to-stem-coronavirus-1.4211147", "urlToImage": "https://www.irishtimes.com/image-creator/?id=1.4211315&origw=1440", "publishedAt": "2020-03-24T17:50:30Z", "content": "The Government unveiled two major initiatives on Tuesday in the nothing-is-off-limits struggle to tackle the coronavirsus.\r\nOne is economic, to ameliorate the fallout from the suspension of most commerce in the State, and one is social, applying further restr\u2026 [+3888 chars]"}, {"source": {"id": "the-irish-times", "name": "The Irish Times"}, "author": "Susie O'Connor", "title": "Coronavirus crisis is no time for rookie ministers", "description": "Current skilled Cabinet is best-placed to tackle pandemic dangers facing State", "url": "https://www.irishtimes.com/opinion/coronavirus-crisis-is-no-time-for-rookie-ministers-1.4210235", "urlToImage": "https://www.irishtimes.com/image-creator/?id=1.4210234&origw=1440", "publishedAt": "2020-03-24T01:25:20Z", "content": "Thursdays meeting of the D\u00e1il where emergency legislation was passed without a vote indicates that we effectively have a national government in place. Although it is early days, it seems the majority of TDs accept that the current set of Ministers should stay\u2026 [+4779 chars]"}, {"source": {"id": "the-irish-times", "name": "The Irish Times"}, "author": "The Irish Times", "title": "Coronavirus: Irish Times view on further social lockdown", "description": "The behaviour of some over the past two weekends indicates there is no alternative to the State policing us", "url": "https://www.irishtimes.com/opinion/editorial/coronavirus-irish-times-view-on-further-social-lockdown-1.4210327", "urlToImage": "https://www.irishtimes.com/image-creator/?id=1.4210331&origw=1440", "publishedAt": "2020-03-24T01:30:00Z", "content": "The novel coronavirus does not blow in on the wind. It will not jump randomly from a cyclists helmet onto your coat. It cannot pass through car windows, or infect you through your walking boots. You are unlikely to get it from passing a sliotar.\r\nThe fine wea\u2026 [+2826 chars]"}, {"source": {"id": "the-irish-times", "name": "The Irish Times"}, "author": "Hugh Linehan", "title": "Coronavirus: Irish Times Irish Theatre Awards ceremony cancelled", "description": "Irish Times managing director expresses hope event might be held at later date", "url": "https://www.irishtimes.com/culture/stage/coronavirus-irish-times-irish-theatre-awards-ceremony-cancelled-1.4210284", "urlToImage": "https://www.irishtimes.com/image-creator/?id=1.4210283&origw=1440", "publishedAt": "2020-03-24T05:00:00Z", "content": "The Irish Times Irish Theatre Awards ceremony has been cancelled due to the coronavirus pandemic. The annual awards, which recognise the best theatre and opera work produced in the preceding year, were due to take place at the National Concert Hall on April 5\u2026 [+954 chars]"}, {"source": {"id": "the-irish-times", "name": "The Irish Times"}, "author": "Pat Leahy", "title": "Commercially and socially, nothing off limits in Varadkar plan to stem coronavirus", "description": "Government will take on heaps more debt as it seeks to replace some of workers\u2019 lost income", "url": "https://www.irishtimes.com/news/health/commercially-and-socially-nothing-off-limits-in-varadkar-plan-to-stem-coronavirus-1.4211147", "urlToImage": "https://www.irishtimes.com/image-creator/?id=1.4211145&origw=1440", "publishedAt": "2020-03-24T17:50:30Z", "content": "The Government unveiled two major initiatives today in the nothing-is-off-limits struggle to tackle the coronavirus.\r\nOne is economic, to ameliorate the fallout from the suspension of most commerce in the State, and one is social, applying further restriction\u2026 [+3749 chars]"}, {"source": {"id": "the-irish-times", "name": "The Irish Times"}, "author": null, "title": "Coronavirus Q&A: Why is legislation being rushed through the Oireachtas?", "description": "Harry McGee on why no new laws will be possible from next week until a new government is formed", "url": "https://www.irishtimes.com/news/politics/coronavirus-q-a-why-is-legislation-being-rushed-through-the-oireachtas-1.4211009", "urlToImage": "https://www.irishtimes.com/image-creator/?id=1.4211007&origw=1440", "publishedAt": "2020-03-24T15:38:33Z", "content": "Emergency legislation to impose a three-month rent freeze and a ban on evictions will be dealt with this week by the D\u00e1il, when it sits on Thursday and by the Seanad on Friday.\r\nA: There are two reasons for this. The first is the Covid-19 pandemic has caused \u2026 [+176 chars]"}, {"source": {"id": "the-irish-times", "name": "The Irish Times"}, "author": "Emma Tobin", "title": "Message on coronavirus to fellow young: \u2018Don\u2019t make a deadly difference\u2019", "description": "We may feel invincible but family love is to stay away. Do what the doctor ordered", "url": "https://www.irishtimes.com/opinion/message-on-coronavirus-to-fellow-young-don-t-make-a-deadly-difference-1.4210105", "urlToImage": "https://www.irishtimes.com/image-creator/?id=1.4210097&origw=1440", "publishedAt": "2020-03-24T01:00:00Z", "content": "The roads are so empty these days. Its like Christmas, but the outside world is creeping fingers beneath the doors, wafting in like smoke and making the house a breathless prison where every surface is suspect, and every cough makes me flinch.\r\nLike everyone,\u2026 [+4128 chars]"}, {"source": {"id": "the-irish-times", "name": "The Irish Times"}, "author": "The Irish Times", "title": "Coronavirus: The Irish Times view on the Government\u2019s wage support package", "description": "The politics of orthodoxy is being abandoned in extremis", "url": "https://www.irishtimes.com/opinion/editorial/coronavirus-the-irish-times-view-on-the-government-s-wage-support-package-1.4211261", "urlToImage": "https://www.irishtimes.com/polopoly_fs/1.4211260.1585086676!/image/image.jpg", "publishedAt": "2020-03-24T22:00:00Z", "content": "Extraordinary times and extraordinary measures. The income support arrangements announced by the Government are a massive package, aimed at supporting the earnings of those made redundant while, crucially, trying to keep people linked to their employers. The \u2026 [+2563 chars]"}, {"source": {"id": "the-irish-times", "name": "The Irish Times"}, "author": "The Irish Times", "title": "Irish Times view on coronavirus in direct provision: a sharp wake-up call", "description": "Even washing hands properly can be a problem in shared accommodation", "url": "https://www.irishtimes.com/opinion/editorial/irish-times-view-on-coronavirus-in-direct-provision-a-sharp-wake-up-call-1.4211154", "urlToImage": "https://www.irishtimes.com/image-creator/?id=1.4211158&origw=620", "publishedAt": "2020-03-24T21:00:00Z", "content": "Reports that a resident of a direct provision centre in the west has been diagnosed with coronavirus need to be a wake-up call to the health authorities and those charged with their care.\r\nGroups working with refugees are seeking urgent action. The congested \u2026 [+1757 chars]"}, {"source": {"id": "the-irish-times", "name": "The Irish Times"}, "author": "Ruaidhr\u00ed Croke", "title": "Coronavirus: Could a lack of live sport lead to problem gambling?", "description": "Facing a huge drop in revenues, bookies have been pushing obscure leagues and virtual sports", "url": "https://www.irishtimes.com/sport/other-sports/coronavirus-could-a-lack-of-live-sport-lead-to-problem-gambling-1.4210020", "urlToImage": "https://www.irishtimes.com/image-creator/?id=1.4210015&origw=1440", "publishedAt": "2020-03-24T06:00:00Z", "content": "Were all now well into this period of social distancing and virtually no live sport when a Paddy Power tweet pops up on the timeline. The Belarusian Premier League starts today, and the excitement is palpable, it reads with a link to the market for blockbuste\u2026 [+8131 chars]"}, {"source": {"id": "the-irish-times", "name": "The Irish Times"}, "author": "Rosemary Jenkinson", "title": "Coronavirus: We\u2019re used to lock-ins, not lockdowns. We\u2019re not used to this new sort of war", "description": "Belfast author Rosemary Jenkinson offers a writer\u2019s eye view of the Covid-19 crisis", "url": "https://www.irishtimes.com/culture/books/coronavirus-we-re-used-to-lock-ins-not-lockdowns-we-re-not-used-to-this-new-sort-of-war-1.4210081", "urlToImage": "https://www.irishtimes.com/image-creator/?id=1.4210080&origw=1440", "publishedAt": "2020-03-24T05:37:00Z", "content": "The panicdemic is spreading even faster than the virus. It may originally have been called Covid-19 but now its Covid-20 and might even be Covid-21 if we dont develop a vaccine fast. The name Covid, redolent of covert and fetid, seems designed by virologists \u2026 [+6364 chars]"}, {"source": {"id": "the-irish-times", "name": "The Irish Times"}, "author": "The Irish Times", "title": "Coronavirus and homeless people", "description": "Sir, \u2013 The nation\u2019s schools, colleges and cultural centres were closed on March 12th because of the risks posed to public health by the corona virus. People were advised to stay indoors, to observe social distancing protocols and, if symptomatic, to self-isol\u2026", "url": "https://www.irishtimes.com/opinion/letters/coronavirus-and-homeless-people-1.4210164", "urlToImage": "https://www.irishtimes.com/polopoly_fs/1.3619339.1536160376!/image/image.jpg", "publishedAt": "2020-03-24T00:11:00Z", "content": "Sir, The nations schools, colleges and cultural centres were closed on March 12th because of the risks posed to public health by the corona virus. People were advised to stay indoors, to observe social distancing protocols and, if symptomatic, to self-isolate\u2026 [+4464 chars]"}, {"source": {"id": "the-irish-times", "name": "The Irish Times"}, "author": "Lara Marlowe", "title": "Coronavirus: France turns to literature amid despair of pandemic", "description": "Paris Letter: Finding relevance in books about epidemics and confinement", "url": "https://www.irishtimes.com/news/world/europe/coronavirus-france-turns-to-literature-amid-despair-of-pandemic-1.4211290", "urlToImage": "https://www.irishtimes.com/image-creator/?id=1.4211288&origw=1440", "publishedAt": "2020-03-24T20:00:00Z", "content": "Read! president Emmanuel Macron exhorted his compatriots when he announced Frances coronavirus lockdown on March 16th.\r\nPerhaps only the French could make a literary event of a pandemic. The Chantelivre bookshop in the rue de S\u00e8vres, though sadly closed, vaun\u2026 [+4300 chars]"}, {"source": {"id": "the-irish-times", "name": "The Irish Times"}, "author": "Paul Cullen, Fiach Kelly, Pat Leahy, Vivienne Clarke", "title": "Coronavirus: New restrictions on activity to be announced", "description": "Ban on all non-essential travel, commercial and social activity to be discussed", "url": "https://www.irishtimes.com/news/health/coronavirus-new-restrictions-on-activity-to-be-announced-1.4210785", "urlToImage": "https://www.irishtimes.com/image-creator/?id=1.4210784&origw=1440", "publishedAt": "2020-03-24T10:33:23Z", "content": "The Government is set to introduce further measures to prevent the spread of coronavirus on Tuesday, with a ban on all non-essential travel, commercial and social activity among the options to be discussed by Ministers at the Cabinet meeting.\r\nPublic health e\u2026 [+4217 chars]"}, {"source": {"id": "the-irish-times", "name": "The Irish Times"}, "author": "Henry Foy", "title": "Coronavirus: Russian official questions Vladimir Putin\u2019s data", "description": "Russia\u2019s official data showing a low rate of infections caused by the novel coronavirus underestimate the real scale of the disease outbreak in the country, a senior Russian official has warned Vladimir Putin. Addressing the Russian president on Tuesday durin\u2026", "url": "https://www.irishtimes.com/news/world/europe/coronavirus-russian-official-questions-vladimir-putin-s-data-1.4211150", "urlToImage": "https://www.irishtimes.com/image-creator/?id=1.4211149&origw=1440", "publishedAt": "2020-03-24T17:58:04Z", "content": "Russias official data showing a low rate of infections caused by the novel coronavirus underestimate the real scale of the disease outbreak in the country, a senior Russian official has warned Vladimir Putin.\r\nAddressing the Russian president on Tuesday durin\u2026 [+2827 chars]"}, {"source": {"id": "the-irish-times", "name": "The Irish Times"}, "author": "Proinsias O'Mahony", "title": "Coronavirus: investor sentiment suffers \u2018historic\u2019 collapse", "description": "Contrarian investors may be excited by the latest Bank of America (BofA) fund manager survey, which shows that sentiment is truly on the floor right now. The collapse in sentiment is \u201chistoric\u201d, the bank says, with investors taking fright on the back of the c\u2026", "url": "https://www.irishtimes.com/business/personal-finance/coronavirus-investor-sentiment-suffers-historic-collapse-1.4207964", "urlToImage": "https://www.irishtimes.com/image-creator/?id=1.4207963&origw=1440", "publishedAt": "2020-03-24T05:00:00Z", "content": "Contrarian investors may be excited by the latest Bank of America (BofA) fund manager survey, which shows that sentiment is truly on the floor right now. The collapse in sentiment is historic, the bank says, with investors taking fright on the back of the cor\u2026 [+1069 chars]"}, {"source": {"id": "the-irish-times", "name": "The Irish Times"}, "author": "The Irish Times", "title": "Coronavirus: IRFU to make \u20ac500k available to help clubs deal with financial fall-out", "description": "Clubs to enjoy four-month four-month moratorium on loan repayments", "url": "https://www.irishtimes.com/sport/rugby/coronavirus-irfu-to-make-500k-available-to-help-clubs-deal-with-financial-fall-out-1.4211209", "urlToImage": "https://www.irishtimes.com/image-creator/?id=1.4211207&origw=1200", "publishedAt": "2020-03-24T18:53:19Z", "content": "The IRFU is to make 500,000 available to clubs to deal with the financial fall-out from the coronavirus pandemic and will also put in place a four-month moratorium on loan repayments starting from April 1st.\r\nIn a statement released on Tuesday evening, the IR\u2026 [+306 chars]"}, {"source": {"id": "the-irish-times", "name": "The Irish Times"}, "author": "Sarah Burns", "title": "Coronavirus: Irish couple in NZ \u2018totally in limbo\u2019", "description": "An Irish couple stranded in New Zealand have said they have been left \u201ctotally in limbo\u201d due to the coronavirus pandemic. Lynn Boland (26), from Kilkenny, and partner Ois\u00edn (25), from Dublin, have been living in Wellington since last April on a working holida\u2026", "url": "https://www.irishtimes.com/news/ireland/irish-news/coronavirus-irish-couple-stranded-in-nz-totally-in-limbo-1.4210817", "urlToImage": "https://www.irishtimes.com/image-creator/?id=1.4210814&origw=1440", "publishedAt": "2020-03-24T11:06:03Z", "content": "An Irish couple stranded in New Zealand have said they have been left totally in limbo due to the coronavirus pandemic. \r\nLynn Boland (26), from Kilkenny, and partner Ois\u00edn (25), from Dublin, have been living in Wellington since last April on a working holida\u2026 [+1916 chars]"}, {"source": {"id": "the-irish-times", "name": "The Irish Times"}, "author": "Paul Cullen", "title": "CervicalCheck tribunal on screening claims postponed over coronavirus", "description": "The establishment of the CervicalCheck tribunal to process claims by women affected by issues at the State\u2019s cervical cancer screening programme has been postponed due to the Covid-19 crisis. The decision was made by Minister for Health Simon Harris and relay\u2026", "url": "https://www.irishtimes.com/news/health/cervicalcheck-tribunal-on-screening-claims-postponed-over-coronavirus-1.4211355", "urlToImage": "https://www.irishtimes.com/polopoly_fs/1.4211352.1585084979!/image/image.jpg", "publishedAt": "2020-03-24T21:23:32Z", "content": "The establishment of the CervicalCheck tribunal to process claims by women affected by issues at the States cervical cancer screening programme has been postponed due to the Covid-19 crisis.\r\nThe decision was made by Minister for Health Simon Harris and relay\u2026 [+1867 chars]"}, {"source": {"id": "the-irish-times", "name": "The Irish Times"}, "author": "Deirdre Falvey", "title": "\u2018Significant contraction\u2019 for Galway 2020 as coronavirus takes toll", "description": "Galway 2020 European Capital of Culture is to have a \u201csignificant contraction\u201d of its programme as a result of the coronavirus pandemic, an emergency board meeting decided today, promising more information shortly on what the contraction would entail. A state\u2026", "url": "https://www.irishtimes.com/culture/significant-contraction-for-galway-2020-as-coronavirus-takes-toll-1.4211200", "urlToImage": "https://www.irishtimes.com/image-creator/?id=1.4211199&origw=1440", "publishedAt": "2020-03-24T18:45:00Z", "content": "Galway 2020 European Capital of Culture is to have a significant contraction of its programme as a result of the coronavirus pandemic, an emergency board meeting decided today, promising more information shortly on what the contraction would entail.\r\nA statem\u2026 [+1691 chars]"}, {"source": {"id": "the-irish-times", "name": "The Irish Times"}, "author": "Lara Marlowe", "title": "Coronavirus: France turns to literature amid the despair of pandemic", "description": "\u201cRead!\u201d president Emmanuel Macron exhorted his compatriots when he announced France\u2019s coronavirus lockdown on March 16th. Perhaps only the French could make a literary event of a pandemic. The Chantelivre bookshop in the rue de S\u00e8vres, though sadly closed, va\u2026", "url": "https://www.irishtimes.com/news/world/europe/coronavirus-france-turns-to-literature-amid-the-despair-of-pandemic-1.4211290", "urlToImage": "https://www.irishtimes.com/image-creator/?id=1.4211288&origw=1440", "publishedAt": "2020-03-24T20:00:00Z", "content": "Read! president Emmanuel Macron exhorted his compatriots when he announced Frances coronavirus lockdown on March 16th.\r\nPerhaps only the French could make a literary event of a pandemic. The Chantelivre bookshop in the rue de S\u00e8vres, though sadly closed, vaun\u2026 [+4300 chars]"}, {"source": {"id": "the-irish-times", "name": "The Irish Times"}, "author": "Denis Staunton", "title": "Coronavirus: Biggest daily rise in UK deaths with further 87", "description": "The British army is helping to set up a 4,000-bed field hospital in London\u2019s ExCel convention centre to treat people infected with coronavirus, as the government appealed for 250,000 volunteers to help the National Health Service (NHS). Britain\u2019s death toll f\u2026", "url": "https://www.irishtimes.com/news/world/uk/coronavirus-biggest-daily-rise-in-uk-deaths-with-further-87-1.4211285", "urlToImage": "https://www.irishtimes.com/image-creator/?id=1.4211277&origw=1440", "publishedAt": "2020-03-24T19:59:59Z", "content": "The British army is helping to set up a 4,000-bed field hospital in Londons ExCel convention centre to treat people infected with coronavirus, as the government appealed for 250,000 volunteers to help the National Health Service (NHS).\r\nBritains death toll fr\u2026 [+2857 chars]"}, {"source": {"id": "the-irish-times", "name": "The Irish Times"}, "author": "Se\u00e1n McC\u00e1rthaigh", "title": "Coronavirus: What are the new measures announced by the Government?", "description": "Can I leave my house? What are the essential shops that can open? What are the new social welfare payments?", "url": "https://www.irishtimes.com/news/politics/coronavirus-what-are-the-new-measures-announced-by-the-government-1.4211204", "urlToImage": "https://www.irishtimes.com/image-creator/?id=1.4211201&origw=1440", "publishedAt": "2020-03-24T18:49:23Z", "content": "The Government has announced a series of additional restrictions to take effect from midnight in a bid to slow the spread of the coronavirus pandemic in Ireland.\r\n- All theatres, clubs, gyms, leisure centres, hairdressers, betting shops, marts, markets, casin\u2026 [+5384 chars]"}, {"source": {"id": "the-irish-times", "name": "The Irish Times"}, "author": "The Irish Times", "title": "Coronavirus: Lockdowns increase and cases rise", "description": "China lifts restrictions in Hubei, IMF expects G20 action plan will trigger global recession", "url": "https://www.irishtimes.com/news/world/coronavirus-lockdowns-increase-and-cases-rise-1.4210715", "urlToImage": "https://www.irishtimes.com/image-creator/?id=1.4210714&origw=1440", "publishedAt": "2020-03-24T06:48:05Z", "content": "The coronavirus pandemic has infected more than 382,000 people worldwide, with at least 16,500 deaths.\r\nLeaders from the Group of 20 major economies will convene a video conference on Thursday to discuss the coronavirus epidemic, multiple sources said, amid c\u2026 [+4052 chars]"}, {"source": {"id": "the-irish-times", "name": "The Irish Times"}, "author": "Paul Cullen, Fiach Kelly, Pat Leahy", "title": "Coronavirus: Ban on all non-essential travel, commercial, social activity mooted", "description": "Cabinet to discuss ban on commercial, social activity and on all non-essential travel", "url": "https://www.irishtimes.com/news/health/coronavirus-ban-on-all-non-essential-travel-commercial-social-activity-mooted-1.4210346", "urlToImage": "https://www.irishtimes.com/image-creator/?id=1.4210342&origw=1440", "publishedAt": "2020-03-24T00:04:00Z", "content": "The Government is set to introduce further measures to prevent the spread of coronavirus on Tuesday, with a ban on all non-essential travel, commercial and social activity among the unprecedented options to be discussed by Ministers at the Cabinets weekly mee\u2026 [+5458 chars]"}, {"source": {"id": "the-irish-times", "name": "The Irish Times"}, "author": "Jen Hogan", "title": "Coronavirus: All rules go out the window as \u2018needs must\u2019 takes over", "description": "With all of us at home, we\u2019re all going to need to mind each other through this uncertain time", "url": "https://www.irishtimes.com/life-and-style/health-family/parenting/coronavirus-all-rules-go-out-the-window-as-needs-must-takes-over-1.4205774", "urlToImage": "https://www.irishtimes.com/image-creator/?id=1.4205773&origw=1200", "publishedAt": "2020-03-24T06:01:00Z", "content": "It has not been that long since the schools, colleges and childcare facilities closed throughout the country, though theres already been enough rows, tantrums and outbursts to make it feel like months.\r\nTalk of coronavirus is everywhere I turn on every radio \u2026 [+4020 chars]"}, {"source": {"id": "the-irish-times", "name": "The Irish Times"}, "author": "Fintan O'Toole", "title": "Fintan O\u2019Toole: We must not allow coronavirus pandemic to rob us of grief", "description": "There is no such thing as mass death \u2013 people die one by one and each is unique", "url": "https://www.irishtimes.com/opinion/fintan-o-toole-we-must-not-allow-coronavirus-pandemic-to-rob-us-of-grief-1.4210113", "urlToImage": "https://www.irishtimes.com/image-creator/?id=1.4210112&origw=1440", "publishedAt": "2020-03-24T05:00:00Z", "content": "My grandfather died of an infectious disease, tuberculosis, in 1932 when he was in his early 30s. My mothers little sister Frances died in 1939 when she was three years old, from diphtheria, an acute bacterial infection. My little brother Colm died in the Coo\u2026 [+787 chars]"}, {"source": {"id": "the-irish-times", "name": "The Irish Times"}, "author": "The Irish Times", "title": "Coronavirus: Italy has second-deadliest day with deaths up 743", "description": "IMF expects G20 action plan will trigger global recession", "url": "https://www.irishtimes.com/news/world/coronavirus-italy-has-second-deadliest-day-with-deaths-up-743-1.4210715", "urlToImage": "https://www.irishtimes.com/image-creator/?id=1.4211181&origw=1200", "publishedAt": "2020-03-24T06:48:05Z", "content": "The coronavirus pandemic has infected more than 382,000 people worldwide, with at least 16,500 deaths.\r\nLeaders from the Group of 20 major economies will convene a video conference on Thursday to discuss the coronavirus epidemic, multiple sources said, amid c\u2026 [+5318 chars]"}, {"source": {"id": "the-irish-times", "name": "The Irish Times"}, "author": "The Irish Times", "title": "Coronavirus: China lifts restrictions in Hubei but infections rise elsewhere", "description": "IMF expects G20 leader action plan will trigger global recession", "url": "https://www.irishtimes.com/news/world/coronavirus-china-lifts-restrictions-in-hubei-but-infections-rise-elsewhere-1.4210715", "urlToImage": "https://www.irishtimes.com/image-creator/?id=1.4210714&origw=1440", "publishedAt": "2020-03-24T06:48:05Z", "content": "China will lift restrictions on movement in most areas of Hubei province on Wednesday, ending a lockdown of the area brought on by the coronavirus outbreak.\r\nPeople who are cleared will be able to leave the province after midnight on Tuesday.\r\nRestrictions on\u2026 [+5170 chars]"}, {"source": {"id": "the-irish-times", "name": "The Irish Times"}, "author": "Sally Hayden", "title": "Coronavirus: Social distancing a distant dream in Africa\u2019s slums", "description": "Packed homes and shared facilities stoke fears in one Kampala slum of a devastating outbreak", "url": "https://www.irishtimes.com/news/world/africa/coronavirus-social-distancing-a-distant-dream-in-africa-s-slums-1.4210862", "urlToImage": "https://www.irishtimes.com/image-creator/?id=1.4210849&origw=1440", "publishedAt": "2020-03-24T11:58:39Z", "content": "As the western world practices social distancing, residents of the worlds slums grapple with the idea that they could be decimated by a coronavirus outbreak.\r\nIn Namuwongo, a slum area of Ugandan capital Kampala riven through by disused train tracks, resident\u2026 [+5811 chars]"}, {"source": {"id": "the-irish-times", "name": "The Irish Times"}, "author": "The Irish Times", "title": "UK lockdown: What are the new coronavirus restrictions?", "description": "The updated advice for Britons include shopping restrictions, exercise limits", "url": "https://www.irishtimes.com/news/world/uk/uk-lockdown-what-are-the-new-coronavirus-restrictions-1.4210732", "urlToImage": "https://www.irishtimes.com/image-creator/?id=1.4210731&origw=1440", "publishedAt": "2020-03-24T08:22:53Z", "content": "What do the new restrictions involve?\r\nIn brief: an Italian-style lockdown to force people to stay at home beyond a small range of very limited circumstances. Under the terms explained by UK prime minister Boris Johnson in his TV address, people will only be \u2026 [+3498 chars]"}, {"source": {"id": "the-irish-times", "name": "The Irish Times"}, "author": "Kevin O'Sullivan", "title": "Coronavirus: Leading Irish medic in US castigates \u2018lunatic in charge\u2019 over delays", "description": "The United States is showing every indication it will outstrip China in coronavirus cases, and is already \u201cnot far behind them\u201d, according to one of its leading medics Prof Garret FitzGerald. The US is about to experience a surge in cases in a scenario where \u2026", "url": "https://www.irishtimes.com/news/world/us/coronavirus-leading-irish-medic-in-us-castigates-lunatic-in-charge-over-delays-1.4211097", "urlToImage": "https://www.irishtimes.com/image-creator/?id=1.4211096&origw=1200", "publishedAt": "2020-03-24T18:00:00Z", "content": "The United States is showing every indication it will outstrip China in coronavirus cases, and is already not far behind them, according to one of its leading medics Prof Garret FitzGerald.\r\nThe US is about to experience a surge in cases in a scenario where P\u2026 [+5253 chars]"}, {"source": {"id": "the-irish-times", "name": "The Irish Times"}, "author": "Ferris Jabr", "title": "Why soap can kill coronavirus \u2013 and how its discovery changed human history", "description": "It probably began with an accident thousands of years ago. According to one legend, rain washed the fat and ash from frequent animal sacrifices into a nearby river, where they formed a lather with a remarkable ability to clean skin and clothes. Perhaps the in\u2026", "url": "https://www.irishtimes.com/life-and-style/health-family/why-soap-can-kill-coronavirus-and-how-its-discovery-changed-human-history-1.4210184", "urlToImage": "https://www.irishtimes.com/image-creator/?id=1.4210183&origw=1440", "publishedAt": "2020-03-24T06:00:27Z", "content": "It probably began with an accident thousands of years ago. According to one legend, rain washed the fat and ash from frequent animal sacrifices into a nearby river, where they formed a lather with a remarkable ability to clean skin and clothes. Perhaps the in\u2026 [+6566 chars]"}, {"source": {"id": "the-irish-times", "name": "The Irish Times"}, "author": null, "title": "Carphone Warehouse, Currys PC World shut Irish stores as coronavirus cases climb", "description": "Carphone Warehouse and Currys PC World stores are closing until further notice as coronavirus continues to spread. The company, which has 82 Carphone Waehouse stores and 16 Currys PC World shops across Ireland, said it took the decision to safeguard the healt\u2026", "url": "https://www.irishtimes.com/business/retail-and-services/carphone-warehouse-currys-pc-world-shut-irish-stores-as-coronavirus-cases-climb-1.4210891", "urlToImage": "https://www.irishtimes.com/polopoly_fs/1.2302052.1438259328!/image/image.png", "publishedAt": "2020-03-24T12:44:05Z", "content": "Carphone Warehouse and Currys PC World stores are closing until further notice as coronavirus continues to spread. \r\nThe company, which has 82 Carphone Waehouse stores and 16 Currys PC World shops across Ireland, said it took the decision to safeguard the hea\u2026 [+56 chars]"}, {"source": {"id": "the-irish-times", "name": "The Irish Times"}, "author": "Denis Staunton", "title": "Coronavirus: British army to set up 4,000-bed field hospital in London", "description": "UK records biggest daily death toll, with 87 deaths bringing total to 422", "url": "https://www.irishtimes.com/news/world/uk/coronavirus-british-army-to-set-up-4-000-bed-field-hospital-in-london-1.4211285", "urlToImage": "https://www.irishtimes.com/image-creator/?id=1.4211277&origw=1440", "publishedAt": "2020-03-24T19:59:59Z", "content": "The British army is helping to set up a 4,000-bed field hospital in Londons ExCel convention centre to treat people infected with coronavirus, as the government appealed for 250,000 volunteers to help the National Health Service (NHS).\r\nBritains death toll fr\u2026 [+2857 chars]"}, {"source": {"id": "the-irish-times", "name": "The Irish Times"}, "author": "Hannah Ellis-Petersen", "title": "Coronavirus: Modi puts all of India under lockdown for 21 days to fight pandemic", "description": "India, with population of 1.3 billion, has reported 482 confirmed cases and nine deaths", "url": "https://www.irishtimes.com/news/world/asia-pacific/coronavirus-modi-puts-all-of-india-under-lockdown-for-21-days-to-fight-pandemic-1.4210970", "urlToImage": "https://www.irishtimes.com/image-creator/?id=1.4210969&origw=1440", "publishedAt": "2020-03-24T15:12:50Z", "content": "India has mounted the largest attempted lockdown yet in the coronavirus crisis, ordering 1.3 billion people to stay at home from midnight for three weeks to prevent a public health disaster.\r\nIn a televised address on Tuesday night, the prime minister, Narend\u2026 [+3518 chars]"}, {"source": {"id": "the-irish-times", "name": "The Irish Times"}, "author": "The Irish Times", "title": "Coronavirus: Spanish death toll rises by 514 in past 24 hours", "description": "Army discovers elderly people \u2018dead and abandoned\u2019 in homes", "url": "https://www.irishtimes.com/news/world/europe/coronavirus-spanish-death-toll-rises-by-514-in-past-24-hours-1.4210765", "urlToImage": "https://www.irishtimes.com/image-creator/?id=1.4210763&origw=1440", "publishedAt": "2020-03-24T10:02:23Z", "content": "Spain recorded 514 deaths from the coronavirus on Tuesday, the highest daily increase so far, as the country struggles to contain the outbreak despite strict rules that are keeping people from leaving their homes.\r\nThere were 2,696 deaths in total, compared t\u2026 [+4151 chars]"}, {"source": {"id": "the-irish-times", "name": "The Irish Times"}, "author": "The Irish Times", "title": "Coronavirus: Spanish army finds elderly people \u2018dead and abandoned\u2019 in homes", "description": "News of grim discoveries came as country experienced rise in number of deaths", "url": "https://www.irishtimes.com/news/world/europe/coronavirus-spanish-army-finds-elderly-people-dead-and-abandoned-in-homes-1.4210765", "urlToImage": "https://www.irishtimes.com/image-creator/?id=1.4210764&origw=1440", "publishedAt": "2020-03-24T10:02:23Z", "content": "Soldiers drafted in to help Spain tackle the coronavirus pandemic by disinfecting and running residential homes have found a number of elderly people abandoned and dead in their beds, according to the countrys defence minister.\r\nNews of the grim discoveries c\u2026 [+3472 chars]"}, {"source": {"id": "the-irish-times", "name": "The Irish Times"}, "author": "The Irish Times", "title": "Modi puts all of India under lockdown for 21 days to fight coronavirus", "description": "India, with population of 1.3 billion, has reported 482 confirmed cases and nine deaths", "url": "https://www.irishtimes.com/news/world/asia-pacific/modi-puts-all-of-india-under-lockdown-for-21-days-to-fight-coronavirus-1.4210970", "urlToImage": "https://www.irishtimes.com/image-creator/?id=1.4210969&origw=1440", "publishedAt": "2020-03-24T15:12:50Z", "content": "Indian prime minister Narendra Modi has said the government would impose a nationwide lockdown from midnight for 21 days to stem the spread of the coronavirus.\r\nThere will be a total ban on venturing out of your homes, Mr Modi said in a televised address.\r\nIn\u2026 [+2680 chars]"}]}