{"status": "ok", "totalResults": 70, "articles": [{"source": {"id": "the-irish-times", "name": "The Irish Times"}, "author": "Shauna Bowers", "title": "Higgins urges \u2018solidarity and co-operation\u2019 in coronavirus struggle", "description": "President reassured by generous spirit in evidence across communities in Republic", "url": "https://www.irishtimes.com/news/health/higgins-urges-solidarity-and-co-operation-in-coronavirus-struggle-1.4202400", "urlToImage": "https://www.irishtimes.com/image-creator/?id=1.4202399&origw=1440", "publishedAt": "2020-03-13T17:00:00Z", "content": "President Michael D Higgins has called on people to work in a spirit of solidarity and co-operation in confronting difficulties triggered by the coronavirus.\r\nPresident Higgins added that he has been inspired and uplifted by the generous spirit of unity displ\u2026 [+2964 chars]"}, {"source": {"id": "the-irish-times", "name": "The Irish Times"}, "author": "Carl O'Brien", "title": "Home-schooling during coronavirus closures: advice from experts", "description": "Q&A: What you need to know about timetables, rewards and parents\u2019 resources", "url": "https://www.irishtimes.com/news/education/home-schooling-during-coronavirus-closures-advice-from-experts-1.4202372", "urlToImage": "https://www.irishtimes.com/image-creator/?id=1.4202365&origw=1023", "publishedAt": "2020-03-13T16:41:18Z", "content": "With schools across the State shut for weeks, many parents are finding themselves plunged into trying to home-school their children.\r\nIdeally, teachers will provide lessons, whether online or on paper, to help meet childrens academic needs. However, supportin\u2026 [+6818 chars]"}, {"source": {"id": "the-irish-times", "name": "The Irish Times"}, "author": null, "title": "Coronavirus: Funerals to be held under controlled conditions", "description": "Families will be allowed to say goodbye to deceased in coffin, but cannot kiss the body", "url": "https://www.irishtimes.com/news/health/coronavirus-funerals-to-be-held-under-controlled-conditions-1.4202127", "urlToImage": "https://www.irishtimes.com/image-creator/?id=1.4202128&origw=1440", "publishedAt": "2020-03-13T12:33:21Z", "content": "Close family members of people who die from coronavirus will be allowed attend their funerals, but only under strictly controlled conditions, according to new guidelines.\r\nFamilies will be able to say goodbye to their loved ones in the coffin but will not be \u2026 [+28 chars]"}, {"source": {"id": "the-irish-times", "name": "The Irish Times"}, "author": "Paul Cullen, Vivienne Clarke", "title": "Coronavirus: HSE in talks with hotels over isolation beds", "description": "Citizens to avoid non-essential travel to Spain and those returning to restrict movements for fortnight", "url": "https://www.irishtimes.com/news/health/coronavirus-hse-in-talks-with-hotels-over-isolation-beds-1.4202047", "urlToImage": "https://www.irishtimes.com/image-creator/?id=1.4202046&origw=1440", "publishedAt": "2020-03-13T12:21:38Z", "content": "The HSE is talking to hotels regarding isolation beds with HSE chief executive Paul Reid saying it has had significant offers from the sector.\r\nThe health service is still very much in control of the Covid-19 outbreak but the public needs to get behind the he\u2026 [+6827 chars]"}, {"source": {"id": "the-irish-times", "name": "The Irish Times"}, "author": "Shauna Bowers", "title": "Religious services cancelled or curtailed due to coronavirus", "description": "Some Catholic services are to be live-streamed or aired on radio", "url": "https://www.irishtimes.com/news/social-affairs/religion-and-beliefs/religious-services-cancelled-or-curtailed-due-to-coronavirus-1.4202155", "urlToImage": "https://www.irishtimes.com/image-creator/?id=1.4202154&origw=619", "publishedAt": "2020-03-13T13:13:20Z", "content": "Most religious services across the State are being cancelled or restricted in light of the Governments recommendations on reduced gatherings due to coronavirus.\r\nOn Thursday, Taoiseach Leo Varadkar announced a number of unprecedented measures to tackle the no\u2026 [+3379 chars]"}, {"source": {"id": "the-irish-times", "name": "The Irish Times"}, "author": "Isabel Hayes", "title": "Jury urged to stick with trial despite coronavirus", "description": "Trial of childcare worker (29) accused of sexually assaulting four girls in creche is set to conclude next week", "url": "https://www.irishtimes.com/news/crime-and-law/courts/circuit-court/jury-urged-to-stick-with-trial-despite-coronavirus-1.4202597", "urlToImage": "https://www.irishtimes.com/polopoly_fs/1.4202596.1584132385!/image/image.jpg", "publishedAt": "2020-03-13T20:47:16Z", "content": "The jury in the trial of a childcare worker accused of sexually assaulting four girls in a Leinster creche has been urged to stick with the case despite the coronarvirus outbreak.\r\nJudge Elma Sheahan told the jury of seven men and five women that the Courts o\u2026 [+1350 chars]"}, {"source": {"id": "the-irish-times", "name": "The Irish Times"}, "author": "Conor Lally", "title": "Coronavirus: Student garda\u00ed to take on frontline policing tasks", "description": "Emergency measures to see 450 new garda\u00ed attested under coronavirus policing plan", "url": "https://www.irishtimes.com/news/crime-and-law/coronavirus-student-garda%C3%AD-to-take-on-frontline-policing-tasks-1.4201621", "urlToImage": "https://www.irishtimes.com/image-creator/?id=1.4201619&origw=1440", "publishedAt": "2020-03-13T03:00:22Z", "content": "Student garda\u00ed training at Templemore are to be sworn into the force early to take on frontline policing tasks , in an unprecedented move as part of a new coronavirus policing plan.\r\nGarda Commissioner Drew Harris is on Friday morning set to announce the deta\u2026 [+3018 chars]"}, {"source": {"id": "the-irish-times", "name": "The Irish Times"}, "author": "Martin Wall", "title": "Coronavirus: HSE urges Government to prioritise childcare for health workers", "description": "HSE and Government understood to be exploring stay-at-home childminding payment", "url": "https://www.irishtimes.com/news/health/coronavirus-hse-urges-government-to-prioritise-childcare-for-health-workers-1.4202037", "urlToImage": "https://www.irishtimes.com/image-creator/?id=1.4202036&origw=1440", "publishedAt": "2020-03-13T10:07:19Z", "content": "The HSE has urged the Government to introduce measures to prioritise childcare arrangements to allow health workers to do their jobs during the current coronavirus crisis, the countrys largest public service union has said .\r\nF\u00f3rsa said the HSE had informed u\u2026 [+3519 chars]"}, {"source": {"id": "the-irish-times", "name": "The Irish Times"}, "author": "Paul Cullen, Vivienne Clarke", "title": "Coronavirus: Restrictions imposed on people returning from Spain and Italy", "description": "Anyone returning from Italy and Spain will be met by health workers at airport", "url": "https://www.irishtimes.com/news/health/coronavirus-restrictions-imposed-on-people-returning-from-spain-and-italy-1.4202056", "urlToImage": "https://www.irishtimes.com/image-creator/?id=1.4202055&origw=1440", "publishedAt": "2020-03-13T10:41:55Z", "content": "All people coming back from Spain and Italy from today will be asked to restrict their movements for the next two weeks, which includes not going to work, the Minister for Health Simon Harris has said.\r\nThe decision was made following a meeting last night of \u2026 [+3592 chars]"}, {"source": {"id": "the-irish-times", "name": "The Irish Times"}, "author": "Paul Cullen", "title": "Coronavirus: Restrictions could remain in force for months, doctors warn", "description": "Cases of Covid-19 jump 63% in single day as enforced closures begin around country", "url": "https://www.irishtimes.com/news/health/coronavirus-restrictions-could-remain-in-force-for-months-doctors-warn-1.4201600", "urlToImage": "https://www.irishtimes.com/image-creator/?id=1.4201597&origw=1440", "publishedAt": "2020-03-13T01:10:24Z", "content": "Unprecedented restrictions on public life aimed at curbing the spread of coronavirus could remain in force for months, public health doctors have indicated after the number of cases jumped by 63 per cent in a single day.\r\nSchools, colleges and creches, along \u2026 [+3885 chars]"}, {"source": {"id": "the-irish-times", "name": "The Irish Times"}, "author": "Carl O'Brien", "title": "Coronavirus: Parents urged to avoid children mixing with others", "description": "Children are \u2018vectors not victims\u2019 warns consultant paediatrician", "url": "https://www.irishtimes.com/news/education/coronavirus-parents-urged-to-avoid-children-mixing-with-others-1.4202178", "urlToImage": "https://www.irishtimes.com/image-creator/?id=1.4202177&origw=1440", "publishedAt": "2020-03-13T13:43:11Z", "content": "Parents are being asked to avoid situations where children interact with others in a bid to contain the coronavirus threat.\r\nDr Muireann N\u00ed Chr\u00f3n\u00edn, a consultant respiratory paediatrician at Cork University Hospital, said children risk silently transmitting t\u2026 [+3622 chars]"}, {"source": {"id": "the-irish-times", "name": "The Irish Times"}, "author": "Paul Cullen", "title": "Coronavirus plan sees Ireland embark on vast social experiment", "description": "Unlike in the UK, policymakers here felt they had only one option: strike hard now", "url": "https://www.irishtimes.com/news/health/coronavirus-plan-sees-ireland-embark-on-vast-social-experiment-1.4201524", "urlToImage": "https://www.irishtimes.com/image-creator/?id=1.4201523&origw=1440", "publishedAt": "2020-03-13T01:30:00Z", "content": "You have to go back to the second World War to look for parallels to the events unfolding in Ireland and across much of Europe. \r\nCertainly, there has been nothing in this writers lifetime to match the breadth and severity of the measures just introduced by t\u2026 [+3926 chars]"}, {"source": {"id": "the-irish-times", "name": "The Irish Times"}, "author": "Jennifer Bray", "title": "No \u2018red alert\u2019 over coronavirus say Government and Defence Forces", "description": "Paschal Donohoe: \u2018There are no such plans in place for an announcement like that\u2019", "url": "https://www.irishtimes.com/news/health/no-red-alert-over-coronavirus-say-government-and-defence-forces-1.4202429", "urlToImage": "https://www.irishtimes.com/polopoly_fs/1.4202428.1584120399!/image/image.jpg", "publishedAt": "2020-03-13T17:26:41Z", "content": "The Minister for Finance Paschal Donohoe has said there are no plans to declare a status red emergency next Monday which would result in a national lockdown because of the coronavirus pandemic.\r\nRumours circulated on social media that Taoiseach Leo Varadkar w\u2026 [+1633 chars]"}, {"source": {"id": "the-irish-times", "name": "The Irish Times"}, "author": "Paul Cullen, Vivienne Clarke", "title": "Coronavirus: 119 cases confirmed on island of Ireland", "description": "HSE in talks with hotels over isolation beds", "url": "https://www.irishtimes.com/news/health/coronavirus-119-cases-confirmed-on-island-of-ireland-1.4202047", "urlToImage": "https://www.irishtimes.com/image-creator/?id=1.4202161&origw=1440", "publishedAt": "2020-03-13T12:21:38Z", "content": "Twenty new cases of Covid-19 have been confirmed in the Republic, bringing the total to 90, after nine new coronavirus cases were discovered in Northern Ireland, with the total there climbing to 29.\r\nThe total on the island of Ireland is 119.\r\nIn the Republic\u2026 [+6942 chars]"}, {"source": {"id": "the-irish-times", "name": "The Irish Times"}, "author": "Dr Muiris Houston", "title": "Coronavirus: Frontline health professionals likely to face dilemmas", "description": "We must social distancing with vigour and good humour for the good of all", "url": "https://www.irishtimes.com/news/health/coronavirus-frontline-health-professionals-likely-to-face-dilemmas-1.4202299", "urlToImage": "https://www.irishtimes.com/polopoly_fs/1.4202298.1584113685!/image/image.jpg", "publishedAt": "2020-03-13T15:25:50Z", "content": "With the marked increase in Covid-19 cases announced on Thursday and our first indication from the National Public Health Emergency Team of ICU bed usage by patients with the novel coronavirus, many challenges lie ahead.\r\nDoctors here are likely to face some \u2026 [+4396 chars]"}, {"source": {"id": "the-irish-times", "name": "The Irish Times"}, "author": "Martin Wall", "title": "Coronavirus: HSE health professionals not in frontline service to be redeployed", "description": "Proposed ban on industrial action dropped in HSE policy document", "url": "https://www.irishtimes.com/news/health/coronavirus-hse-health-professionals-not-in-frontline-service-to-be-redeployed-1.4202581", "urlToImage": "https://www.irishtimes.com/image-creator/?id=1.4202571&origw=1440", "publishedAt": "2020-03-13T20:18:27Z", "content": "HSE personnel with nursing, medical and social care professional qualifications who are no longer engaged in frontline duties should be identified and re-deployed to assist where their skills are most required, the health authority has said in a new policy fo\u2026 [+3177 chars]"}, {"source": {"id": "the-irish-times", "name": "The Irish Times"}, "author": "Conor Pope", "title": "Coronavirus: Supermarket supply issue will only arise if people bulk buy, Minister told", "description": "Retail expert says \u2018no need to be worried. Shops will stay open and there will be enough for everyone\u2019", "url": "https://www.irishtimes.com/news/ireland/irish-news/coronavirus-supermarket-supply-issue-will-only-arise-if-people-bulk-buy-minister-told-1.4202158", "urlToImage": "https://www.irishtimes.com/image-creator/?id=1.4202157&origw=1440", "publishedAt": "2020-03-13T13:28:27Z", "content": "A high level conference call between the Minister for Enterprise Heather Humphreys and stakeholders in the retail sector including supermarkets, multi-national companies and umbrella groups has been told that supply in supermarkets will return to normal once \u2026 [+2374 chars]"}, {"source": {"id": "the-irish-times", "name": "The Irish Times"}, "author": "Paul Cullen, Vivienne Clarke", "title": "Coronavirus: People returning from Spain, Italy to restrict movements for fortnight, says Harris", "description": "Citizens to avoid non-essential travel to Spain; 'HSE planning for every eventuality'", "url": "https://www.irishtimes.com/news/health/coronavirus-people-returning-from-spain-italy-to-restrict-movements-for-fortnight-says-harris-1.4202047", "urlToImage": "https://www.irishtimes.com/image-creator/?id=1.4202046&origw=1440", "publishedAt": "2020-03-13T10:24:50Z", "content": "All people coming back from Spain and Italy from today will be asked to restrict their movements for the next two weeks, which includes not going to work, the Minister for Health Simon Harris has said.\r\nThe decision was made following a meeting last night of \u2026 [+5781 chars]"}, {"source": {"id": "the-irish-times", "name": "The Irish Times"}, "author": "Paul Cullen, Vivienne Clarke", "title": "Coronavirus: People returning from Spain, Itay to restrict movements for fortnight, says Harris", "description": "Citizens to avoid non-essential travel to Spain; HSE \u2018planning for every eventuality\u2019", "url": "https://www.irishtimes.com/news/health/coronavirus-people-returning-from-spain-itay-to-restrict-movements-for-fortnight-says-harris-1.4202047", "urlToImage": "https://www.irishtimes.com/image-creator/?id=1.4202046&origw=1440", "publishedAt": "2020-03-13T10:24:50Z", "content": "All people coming back from Spain and Italy from today will be asked to restrict their movements for the next two weeks, which includes not going to work, the Minister for Health Simon Harris has said.\r\nThe decision was made following a meeting last night of \u2026 [+6667 chars]"}, {"source": {"id": "the-irish-times", "name": "The Irish Times"}, "author": "Paul Cullen", "title": "Coronavirus: Ireland\u2019s restrictions could remain in force for months, doctors warn", "description": "Cases of Covid-19 jump 63% in single day as enforced closures begin around country", "url": "https://www.irishtimes.com/news/health/coronavirus-ireland-s-restrictions-could-remain-in-force-for-months-doctors-warn-1.4201600", "urlToImage": "https://www.irishtimes.com/image-creator/?id=1.4201597&origw=1440", "publishedAt": "2020-03-13T01:10:24Z", "content": "Unprecedented restrictions on public life aimed at curbing the spread of coronavirus could remain in force for months, public health doctors have indicated after the number of cases jumped by 63 per cent in a single day.\r\nSchools, colleges and creches, along \u2026 [+3885 chars]"}, {"source": {"id": "the-irish-times", "name": "The Irish Times"}, "author": "Paul Cullen", "title": "Coronavirus: People returning from Spain, Italy to restrict movements for fortnight, says Harris", "description": "Restrictions could remain in force for months, doctors warn as cases jump 63% in single day", "url": "https://www.irishtimes.com/news/health/coronavirus-people-returning-from-spain-italy-to-restrict-movements-for-fortnight-says-harris-1.4201600", "urlToImage": "https://www.irishtimes.com/image-creator/?id=1.4201986&origw=1440", "publishedAt": "2020-03-13T01:10:24Z", "content": "All people coming back from Spain and Italy from today will be asked to restrict their movements for the next two weeks, which includes not going to work, the Minister for Health Simon Harris has said. \r\nThe decision was made following a meeting last night of\u2026 [+5197 chars]"}, {"source": {"id": "the-irish-times", "name": "The Irish Times"}, "author": "Paul Cullen", "title": "Ireland is \u2018exactly 14 days behind Italy\u2019 in terms of coronavirus cases", "description": "Doctors say Ireland will reach capacity quickly if we follow transmission model seen in other countries", "url": "https://www.irishtimes.com/news/health/ireland-is-exactly-14-days-behind-italy-in-terms-of-coronavirus-cases-1.4202013", "urlToImage": "https://www.irishtimes.com/image-creator/?id=1.4202012&origw=1200", "publishedAt": "2020-03-13T09:03:40Z", "content": "Ireland is exactly 14 days behind Italy in terms of the rise in coronavirus cases, Irish doctors writing in the British Medical Journal have warned.\r\nCritical care capacity will quickly be reached and services overwhelmed without an effective and aggressive p\u2026 [+1797 chars]"}, {"source": {"id": "the-irish-times", "name": "The Irish Times"}, "author": "Laura Slattery", "title": "Coronavirus: Airline crises, Cheltenham gels, Australian plummets and Olympic wobbles", "description": "Planet Business: Now wash your hands", "url": "https://www.irishtimes.com/business/economy/coronavirus-airline-crises-cheltenham-gels-australian-plummets-and-olympic-wobbles-1.4199987", "urlToImage": "https://www.irishtimes.com/image-creator/?id=1.4199983&origw=1440", "publishedAt": "2020-03-13T05:00:40Z", "content": "Image of the week: Race against time\r\nIt was full steam ahead at this weeks Cheltenham Festival, perhaps the highest profile event to avoid being cancelled or held behind closed doors. The organisers have placed some 24 hand sanitiser boards about the racecou\u2026 [+3194 chars]"}, {"source": {"id": "the-irish-times", "name": "The Irish Times"}, "author": null, "title": "Coronavirus: Revenue suspends interest on late payments for SMEs", "description": "Key pharma products get customs \u2018green routing\u2019, debt enforcement activity ceases", "url": "https://www.irishtimes.com/business/economy/coronavirus-revenue-suspends-interest-on-late-payments-for-smes-1.4202324", "urlToImage": "https://www.irishtimes.com/image-creator/?id=1.4202323&origw=1440", "publishedAt": "2020-03-13T15:53:39Z", "content": "The Revenue Commissioners has suspended the application of interest on businesss late payments of VAT for the January-February return and late payments of employers PAYE liabilities for February and March. It also said no debt enforcement activity would take \u2026 [+205 chars]"}, {"source": {"id": "the-irish-times", "name": "The Irish Times"}, "author": "The Irish Times", "title": "EU plans \u20ac37bn investment initiative for coronavirus-hit sectors", "description": "Existing EU funds to be redirected to companies in greatest need", "url": "https://www.irishtimes.com/business/economy/eu-plans-37bn-investment-initiative-for-coronavirus-hit-sectors-1.4202180", "urlToImage": "https://www.irishtimes.com/image-creator/?id=1.4202179&origw=1440", "publishedAt": "2020-03-13T13:43:46Z", "content": "The European Union will boost spending on coronavirus-hit sectors of the economy, it said on Friday, also clearing member nations to run bigger deficits as Germany diverted state funds to cushion businesses against the impact of the pandemic. \r\nThe European C\u2026 [+1410 chars]"}, {"source": {"id": "the-irish-times", "name": "The Irish Times"}, "author": null, "title": "Coronavirus: banks working together to support businesses, individuals", "description": "Financial institutions collaborating to ensure continuity of banking and payment services", "url": "https://www.irishtimes.com/business/financial-services/coronavirus-banks-working-together-to-support-businesses-individuals-1.4202061", "urlToImage": "https://www.irishtimes.com/image-creator/?id=1.4202060&origw=1253", "publishedAt": "2020-03-13T11:07:04Z", "content": "Irish banks are working together on a co-ordinated response to support individuals and businesses most affected by the impact of the Covid-19 crisis, the Banking and Payments Federation Ireland (BPFI) has said.\r\nChief executive Brian Hayes said financial inst\u2026 [+107 chars]"}, {"source": {"id": "the-irish-times", "name": "The Irish Times"}, "author": "The Irish Times", "title": "Coronavirus: BA boss says airline faces fight for survival", "description": "Message flags job cuts, perhaps for longer term", "url": "https://www.irishtimes.com/business/transport-and-tourism/coronavirus-ba-boss-says-airline-faces-fight-for-survival-1.4202214", "urlToImage": "https://www.irishtimes.com/image-creator/?id=1.4202213&origw=1440", "publishedAt": "2020-03-13T14:12:47Z", "content": "The chief executive of British Airways has warned the airline industry is facing a crisis of global proportions like no other, adding that the carrier will have to make job cuts, suspend routes and ground aircraft because of the coronavirus pandemic.\r\nIn an i\u2026 [+1537 chars]"}, {"source": {"id": "the-irish-times", "name": "The Irish Times"}, "author": "Anne Lucey", "title": "\u2018Multiple\u2019 Kerry hotels set to close because of coronavirus \u2013 hotelier", "description": "Staff cuts and reduced working hours being implemented", "url": "https://www.irishtimes.com/business/transport-and-tourism/multiple-kerry-hotels-set-to-close-because-of-coronavirus-hotelier-1.4202471", "urlToImage": "https://www.irishtimes.com/image-creator/?id=1.4202470&origw=1440", "publishedAt": "2020-03-13T18:07:53Z", "content": "Multiple hotels are set to shut down in Kerry as they scramble to deal with floods of cancellations and sudden limits on events and gatherings, one hotelier has warned.\r\nThe new limits and the fall-off in corporate, domestic and international business will se\u2026 [+2253 chars]"}, {"source": {"id": "the-irish-times", "name": "The Irish Times"}, "author": "Mark Paul", "title": "Coronavirus: Keeping supermarkets open a top priority, says minister", "description": "Government meets retail industry leaders to agree measures for Covid-19 lockdown", "url": "https://www.irishtimes.com/business/retail-and-services/coronavirus-keeping-supermarkets-open-a-top-priority-says-minister-1.4202196", "urlToImage": "https://www.irishtimes.com/image-creator/?id=1.4202195&origw=1440", "publishedAt": "2020-03-13T13:56:12Z", "content": "The Government held a meeting with 40 senior representatives of the retail sector this morning to discuss how the State can help the sector cope with the strain of extra demand due to customers stocking up for the Covid-19 lockdown.\r\nHeather Humphreys, the Mi\u2026 [+1600 chars]"}, {"source": {"id": "the-irish-times", "name": "The Irish Times"}, "author": "John FitzGerald", "title": "Coronavirus will create multiple challenges for the next government", "description": "The significant economic costs will become more obvious over the next six months", "url": "https://www.irishtimes.com/business/economy/coronavirus-will-create-multiple-challenges-for-the-next-government-1.4201499", "urlToImage": "https://www.irishtimes.com/image-creator/?id=1.4201498&origw=1440", "publishedAt": "2020-03-13T05:30:37Z", "content": "The problems are piling up for the next government. As if housing, health, corporation tax, and Brexit were not enough, coronavirus is now dominating all other issues. Although it is being handled by the current temporary administration, the new government, w\u2026 [+4451 chars]"}, {"source": {"id": "the-irish-times", "name": "The Irish Times"}, "author": null, "title": "Everton and Watford players report coronavirus symptoms", "description": "First-team squads and coaching staff are undertaking a period of self-isolation", "url": "https://www.irishtimes.com/sport/soccer/english-soccer/everton-and-watford-players-report-coronavirus-symptoms-1.4202023", "urlToImage": "https://www.irishtimes.com/polopoly_fs/1.4202022.1584093028!/image/image.jpg", "publishedAt": "2020-03-13T09:50:28Z", "content": "Everton have confirmed that, as a precautionary measure, their entire first-team squad and coaching staff are undertaking a period of self-isolation following medical advice after a first-team player reported symptoms consistent with coronavirus. \r\nAs a resul\u2026 [+136 chars]"}, {"source": {"id": "the-irish-times", "name": "The Irish Times"}, "author": "The Irish Times", "title": "Masters postponed until later date over coronavirus", "description": "First Major of the golfing year was due to be held at Augusta National in early April", "url": "https://www.irishtimes.com/sport/golf/masters-postponed-until-later-date-over-coronavirus-1.4201997", "urlToImage": "https://www.irishtimes.com/polopoly_fs/1.4201996.1584109848!/image/image.jpg", "publishedAt": "2020-03-13T08:19:50Z", "content": "Augusta National Golf Club announced on Friday that this years Masters has been postponed because of concerns about the coronavirus. The tournament was scheduled to run from April 9th-12th.\r\nThe club said it hopes the postponement will allow it to host the ev\u2026 [+1378 chars]"}, {"source": {"id": "the-irish-times", "name": "The Irish Times"}, "author": "Alison Flood", "title": "Amazon flooded with self-published coronavirus books", "description": "Publications range from kids\u2019 stories to cut-and-paste \u2018guides\u2019 plagiarising official advice", "url": "https://www.irishtimes.com/culture/books/amazon-flooded-with-self-published-coronavirus-books-1.4202059", "urlToImage": "https://www.irishtimes.com/image-creator/?id=1.4202058&origw=1440", "publishedAt": "2020-03-13T11:00:09Z", "content": "As coronavirus spreads around the world, it is not only health professionals and politicians who are being kept busy. Amazon has been flooded with badly put together, often plagiarised guides to combatting the virus.\r\nThe retailing giant has already been remo\u2026 [+2841 chars]"}, {"source": {"id": "the-irish-times", "name": "The Irish Times"}, "author": "Laura Slattery", "title": "Coronavirus: Markets tumble, jobs risks and why more Dublin restaurants will close", "description": "Business Today: the best news, analysis and comment from The Irish Times business desk", "url": "https://www.irishtimes.com/business/coronavirus-markets-tumble-jobs-risks-and-why-more-dublin-restaurants-will-close-1.4201976", "urlToImage": "https://www.irishtimes.com/image-creator/?id=1.4201975&origw=1440", "publishedAt": "2020-03-13T06:43:46Z", "content": "Stock markets have been in sharp decline since the spread of coronavirus, with yesterdays plunges in London and New York the worst seen since October 1987.\r\nJoe Brennan reports on Thursdays sea of red, as European shares plummeted to their biggest ever slump,\u2026 [+2236 chars]"}, {"source": {"id": "the-irish-times", "name": "The Irish Times"}, "author": null, "title": "Italy\u2019s struggle with coronavirus threatens all of the eurozone", "description": "Emergency measures are essential but carry risks for the multitude of small, family-run businesses", "url": "https://www.irishtimes.com/opinion/italy-s-struggle-with-coronavirus-threatens-all-of-the-eurozone-1.4202350", "urlToImage": "https://www.irishtimes.com/image-creator/?id=1.4202347&origw=1440", "publishedAt": "2020-03-13T16:19:05Z", "content": "In the summer of 2003 Europe found itself in the grip of its most intense heatwave for at least 500 years. Early estimates of the death toll proved to be too low. Statisticians and public health experts eventually calculated that more than 50,000 Europeans ha\u2026 [+484 chars]"}, {"source": {"id": "the-irish-times", "name": "The Irish Times"}, "author": "The Irish Times", "title": "Everton, Bournemouth and Watford players report coronavirus symptoms", "description": "First-team squads and coaching staff are undertaking a period of self-isolation", "url": "https://www.irishtimes.com/sport/soccer/english-soccer/everton-bournemouth-and-watford-players-report-coronavirus-symptoms-1.4202023", "urlToImage": "https://www.irishtimes.com/polopoly_fs/1.4202022.1584095036!/image/image.jpg", "publishedAt": "2020-03-13T09:50:28Z", "content": "Everton have confirmed that, as a precautionary measure, their entire first-team squad and coaching staff are undertaking a period of self-isolation following medical advice after a first-team player reported symptoms consistent with coronavirus. \r\nAs a resul\u2026 [+2241 chars]"}, {"source": {"id": "the-irish-times", "name": "The Irish Times"}, "author": null, "title": "Coronavirus hits Arsenal and Chelsea; The Players Championship is cancelled", "description": "The Morning Sports Briefing: Keep ahead of the game with \u2018The Irish Times\u2019 sports team", "url": "https://www.irishtimes.com/sport/coronavirus-hits-arsenal-and-chelsea-the-players-championship-is-cancelled-1.4201988", "urlToImage": "https://www.irishtimes.com/polopoly_fs/1.4201987.1584086259!/image/image.jpg", "publishedAt": "2020-03-13T07:57:39Z", "content": "As of today all horse racing in Ireland has been closed to the public until March 29th, but across the Irish sea Cheltenham goes ahead as planned. And its Gold Cup day. You can follow our live blog of the action from 12.45pm and check out Tony Keenans day fou\u2026 [+940 chars]"}, {"source": {"id": "the-irish-times", "name": "The Irish Times"}, "author": "The Irish Times", "title": "The Players has been cancelled due to coronavirus concerns", "description": "Rory McIlroy is concerned for his family and says he will be getting tested for the virus", "url": "https://www.irishtimes.com/sport/golf/the-players-has-been-cancelled-due-to-coronavirus-concerns-1.4201973", "urlToImage": "https://www.irishtimes.com/image-creator/?id=1.4201972&origw=1440", "publishedAt": "2020-03-13T02:35:14Z", "content": "The US PGA Tour announced on Thursday it was scrapping the last three rounds of The Players Championship, which began earlier in the day, and its other tournaments scheduled for the next three weeks. \r\nThey have cancelled all tour events, through to the end o\u2026 [+1267 chars]"}, {"source": {"id": "the-irish-times", "name": "The Irish Times"}, "author": "The Irish Times", "title": "England test series in Sri Lanka postponed due to coronavirus", "description": "Start of the Indian Premier League Twenty20 tournament has also been postponed", "url": "https://www.irishtimes.com/sport/other-sports/england-test-series-in-sri-lanka-postponed-due-to-coronavirus-1.4202073", "urlToImage": "https://www.irishtimes.com/image-creator/?id=1.4202072&origw=1440", "publishedAt": "2020-03-13T11:20:18Z", "content": "Englands two-match test series in Sri Lanka starting next week has been postponed due to the coronavirus pandemic, the England and Wales cricket board (ECB) said on Friday.\r\nThe first test was scheduled to start in Galle on March 19th and the second game set \u2026 [+913 chars]"}, {"source": {"id": "the-irish-times", "name": "The Irish Times"}, "author": "The Irish Times", "title": "Chelsea\u2019s Callum Hudson-Odoi has tested positive for coronavirus", "description": "Premier League club\u2019s full squad have gone into self-isolation following test results", "url": "https://www.irishtimes.com/sport/soccer/english-soccer/chelsea-s-callum-hudson-odoi-has-tested-positive-for-coronavirus-1.4201633", "urlToImage": "https://www.irishtimes.com/polopoly_fs/1.4201632.1584064779!/image/image.jpg", "publishedAt": "2020-03-13T01:59:39Z", "content": "Chelseas full squad have gone into self-isolation after winger Callum Hudson-Odoi tested positive for the coronavirus, the club said in a statement.\r\nHudson-Odoi displayed cold symptoms on Monday morning and has stayed away from the club since then. His test \u2026 [+534 chars]"}, {"source": {"id": "the-irish-times", "name": "The Irish Times"}, "author": null, "title": "\u2018Coronavirus Zombies Volume 1\u2019: Amazon flooded with self-published virus books", "description": "Publications range from kids\u2019 stories to cut-and-paste \u2018guides\u2019 plagiarising official advice", "url": "https://www.irishtimes.com/culture/books/coronavirus-zombies-volume-1-amazon-flooded-with-self-published-virus-books-1.4202059", "urlToImage": "https://www.irishtimes.com/image-creator/?id=1.4202058&origw=1440", "publishedAt": "2020-03-13T11:00:09Z", "content": "As coronavirus spreads around the world, it is not only health professionals and politicians who are being kept busy. Amazon has been flooded with badly put together, often plagiarised guides to combatting the virus.\r\nThe retailing giant has already been remo\u2026 [+259 chars]"}, {"source": {"id": "the-irish-times", "name": "The Irish Times"}, "author": "Emmet Malone", "title": "Coronavirus: Euro 2020 set to be postponed as Uefa weigh up options", "description": "Delay would deny Mick McCarthy the chance to lead Ireland into the tournament", "url": "https://www.irishtimes.com/sport/soccer/coronavirus-euro-2020-set-to-be-postponed-as-uefa-weigh-up-options-1.4201582", "urlToImage": "https://www.irishtimes.com/image-creator/?id=1.4201581&origw=1440", "publishedAt": "2020-03-13T00:15:00Z", "content": "Uefa are widely believed to be on the verge of postponing Euro2020 because of the deepening coronavirus crisis. This raises the prospect of Stephen Kenny rather than Mick McCarthy being in charge of the Irish team by the time the tournament comes around in th\u2026 [+4939 chars]"}, {"source": {"id": "the-irish-times", "name": "The Irish Times"}, "author": "Ian O'Riordan", "title": "Why elite athletes should be afraid \u2013 maybe very afraid \u2013 of coronavirus", "description": "It is too soon to say if there may be some lasting impact from Covid-19 on elite athletes beyond postponing their Olympic dream", "url": "https://www.irishtimes.com/sport/other-sports/why-elite-athletes-should-be-afraid-maybe-very-afraid-of-coronavirus-1.4202427", "urlToImage": "https://www.irishtimes.com/image-creator/?id=1.4202423&origw=1440", "publishedAt": "2020-03-13T17:26:17Z", "content": "Its a strange feeling to wake up and suddenly realise the Olympics have been cancelled. Or at least postponed for a few months, which is what theyre saying for now. Yet the whole world knows the chances of any global sporting event going ahead this year in th\u2026 [+6117 chars]"}, {"source": {"id": "the-irish-times", "name": "The Irish Times"}, "author": "The Irish Times", "title": "Coronavirus \u2013 a public-health emergency", "description": "Sir, \u2013 I am a doctor working on the frontline of a major university-teaching hospital in Dublin. Our health system was at breaking point before the arrival of Covid-19 so the Government needs to develop a coherent, comprehensive national emergency plan for ad\u2026", "url": "https://www.irishtimes.com/opinion/letters/coronavirus-a-public-health-emergency-1.4201419", "urlToImage": "https://www.irishtimes.com/polopoly_fs/1.3619339.1536160376!/image/image.jpg", "publishedAt": "2020-03-13T00:08:00Z", "content": "Sir, I am a doctor working on the frontline of a major university-teaching hospital in Dublin. Our health system was at breaking point before the arrival of Covid-19 so the Government needs to develop a coherent, comprehensive national emergency plan for addr\u2026 [+5106 chars]"}, {"source": {"id": "the-irish-times", "name": "The Irish Times"}, "author": "The Irish Times", "title": "Chelsea\u2019s Callum Hudson-Odoi tests positive for coronavirus", "description": "Premier League club\u2019s full squad have gone into self-isolation following test results", "url": "https://www.irishtimes.com/sport/soccer/english-soccer/chelsea-s-callum-hudson-odoi-tests-positive-for-coronavirus-1.4201633", "urlToImage": "https://www.irishtimes.com/polopoly_fs/1.4201632.1584064779!/image/image.jpg", "publishedAt": "2020-03-13T01:59:39Z", "content": "Chelseas full squad have gone into self-isolation after winger Callum Hudson-Odoi tested positive for the coronavirus, the club said in a statement.\r\nHudson-Odoi displayed cold symptoms on Monday morning and has stayed away from the club since then. His test \u2026 [+534 chars]"}, {"source": {"id": "the-irish-times", "name": "The Irish Times"}, "author": null, "title": "Coronavirus: Pandemic increasingly takes over daily lives and roils markets", "description": "Canadian PM\u2019s wife tests positive as Nepal shuts Himalayas", "url": "https://www.irishtimes.com/news/world/coronavirus-pandemic-increasingly-takes-over-daily-lives-and-roils-markets-1.4201980", "urlToImage": "https://www.irishtimes.com/image-creator/?id=1.4201979&origw=1440", "publishedAt": "2020-03-13T07:10:13Z", "content": "Canadian prime minister Justin Trudeau will be in isolation for two weeks after his wife, Sophie, tested positive for coronavirus, on Thursday, and the outbreak prompted the province of Ontario to shutter schools to limit the spread.\r\nSophie Gregoire Trudeau \u2026 [+228 chars]"}, {"source": {"id": "the-irish-times", "name": "The Irish Times"}, "author": "Paul Cullen, Vivienne Clarke", "title": "Coronavirus: 99 cases confirmed on island of Ireland", "description": "HSE in talks with hotels over isolation beds", "url": "https://www.irishtimes.com/news/health/coronavirus-99-cases-confirmed-on-island-of-ireland-1.4202047", "urlToImage": "https://www.irishtimes.com/image-creator/?id=1.4202161&origw=1440", "publishedAt": "2020-03-13T12:21:38Z", "content": "Nine new cases of Covid-19 in Northern Ireland has brought the total there to 29, with 70 coronavirus diagnoses in the Republic.\r\nIn the Republic, 22 of the cases announced on Thursday derived from contact with a previously confirmed case, two involved health\u2026 [+6648 chars]"}, {"source": {"id": "the-irish-times", "name": "The Irish Times"}, "author": "Sirin Kale", "title": "Can orgies survive in the age of coronavirus?", "description": "Sexual contact is an almost guaranteed method of catching the virus", "url": "https://www.irishtimes.com/life-and-style/people/can-orgies-survive-in-the-age-of-coronavirus-1.4202049", "urlToImage": "https://www.irishtimes.com/image-creator/?id=1.4202048&origw=1440", "publishedAt": "2020-03-13T10:29:32Z", "content": "As offices, schools and public buildings close around the world, the organisers of two US orgies are planning to push on with their events despite the risk from coronavirus.\r\nThe New York Post reports that high-end sex party promoters Snctm plan to throw an o\u2026 [+2334 chars]"}, {"source": {"id": "the-irish-times", "name": "The Irish Times"}, "author": "Carl O'Brien", "title": "Teachers\u2019 Easter conferences postponed due to coronavirus", "description": "Asti, TUI and INTO did not say if there is a provisional date later in the year for conference", "url": "https://www.irishtimes.com/news/education/teachers-easter-conferences-postponed-due-to-coronavirus-1.4202290", "urlToImage": "https://www.irishtimes.com/image-creator/?id=1.4202288&origw=1440", "publishedAt": "2020-03-13T15:17:12Z", "content": "All three teachers union conferences which were due to take place over Easter have been postponed due to coronavirus. \r\nThe Association of Secondary Teachers Ireland (Asti), the Teachers Union of Ireland (TUI) and Irish National Teachers Organisation (INTO) m\u2026 [+770 chars]"}, {"source": {"id": "the-irish-times", "name": "The Irish Times"}, "author": null, "title": "Coronavirus crisis means Friday 13th could mark end of rugby season", "description": "Along with much of world sport, rugby will be put on hold until coronavirus crisis has passed", "url": "https://www.irishtimes.com/sport/rugby/coronavirus-crisis-means-friday-13th-could-mark-end-of-rugby-season-1.4202605", "urlToImage": "https://www.irishtimes.com/image-creator/?id=1.4202601&origw=1440", "publishedAt": "2020-03-13T22:48:00Z", "content": "Friday the 13th of March is probably the day which, in keeping with much of world sport, marked the end of the rugby season. \r\nFollowing on from the postponement of Saturdays Six Nations game between Wales and Scotland, the French Federation and the LNR suspe\u2026 [+89 chars]"}, {"source": {"id": "the-irish-times", "name": "The Irish Times"}, "author": "The Irish Times", "title": "Coronavirus: Michelle O\u2019Neill calls for Northern Ireland schools to close", "description": "Stormont\u2019s deputy first minister Michelle O\u2019Neill has said schools, universities and colleges in Northern Ireland should close in the wake of the coronavirus outbreak. She claimed the public were concerned and fearful and the difference with the Republic of I\u2026", "url": "https://www.irishtimes.com/news/ireland/irish-news/coronavirus-michelle-o-neill-calls-for-northern-ireland-schools-to-close-1.4202136", "urlToImage": "https://www.irishtimes.com/image-creator/?id=1.4202135&origw=620", "publishedAt": "2020-03-13T12:49:55Z", "content": "Stormonts deputy first minister Michelle ONeill has said schools, universities and colleges in Northern Ireland should close in the wake of the coronavirus outbreak.\r\nShe claimed the public were concerned and fearful and the difference with the Republic of Ir\u2026 [+3569 chars]"}, {"source": {"id": "the-irish-times", "name": "The Irish Times"}, "author": "Simon Carswell", "title": "Coronavirus: Bar Council concerned courts not cancelling more sittings", "description": "The representative body for the country\u2019s barristers has raised concerns about the decision of the Courts Service not to scale back more court hearings in response to the coronavirus outbreak. The Bar Council has argued for an increased response to prevent th\u2026", "url": "https://www.irishtimes.com/news/ireland/irish-news/coronavirus-bar-council-concerned-courts-not-cancelling-more-sittings-1.4202232", "urlToImage": "https://www.irishtimes.com/polopoly_fs/1.4202231.1584110122!/image/image.jpg", "publishedAt": "2020-03-13T14:35:32Z", "content": "The representative body for the countrys barristers has raised concerns about the decision of the Courts Service not to scale back more court hearings in response to the coronavirus outbreak.\r\nThe Bar Council has argued for an increased response to prevent th\u2026 [+1992 chars]"}, {"source": {"id": "the-irish-times", "name": "The Irish Times"}, "author": "Marie Claire Digby", "title": "Coronavirus: Restaurants respond with takeaways, contactless payments and delivery", "description": "Restaurants are responding to the coronavirus crisis by introducing takeaway menus, organising home-delivery services and limiting payment to contactless methods. In addition, some are offering free or subsidised meals to healthcare workers and those in at-ri\u2026", "url": "https://www.irishtimes.com/life-and-style/food-and-drink/coronavirus-restaurants-respond-with-takeaways-contactless-payments-delivery-1.4202192", "urlToImage": "https://www.irishtimes.com/image-creator/?id=1.4202189&origw=1200", "publishedAt": "2020-03-13T13:51:49Z", "content": "Restaurants are responding to the coronavirus crisis by introducing takeaway menus, organising home-delivery services and limiting payment to contactless methods. In addition, some are offering free or subsidised meals to healthcare workers and those in at-ri\u2026 [+4656 chars]"}, {"source": {"id": "the-irish-times", "name": "The Irish Times"}, "author": "Daniel McLaughlin", "title": "Coronavirus triggers states of emergency, border shutdowns in central Europe", "description": "Romania\u2019s government has gone into self-isolation and several central European states are imposing major travel restrictions to fight coronavirus, which Hungary\u2019s anti-immigration leader says is being spread by \u201cforeigners\u201d. Ludovic Orban, Romania\u2019s acting pr\u2026", "url": "https://www.irishtimes.com/news/world/europe/coronavirus-triggers-states-of-emergency-border-shutdowns-in-central-europe-1.4202414", "urlToImage": "https://www.irishtimes.com/image-creator/?id=1.4202413&origw=1440", "publishedAt": "2020-03-13T17:19:21Z", "content": "Romanias government has gone into self-isolation and several central European states are imposing major travel restrictions to fight coronavirus, which Hungarys anti-immigration leader says is being spread by foreigners.\r\nLudovic Orban, Romanias acting prime \u2026 [+2367 chars]"}, {"source": {"id": "the-irish-times", "name": "The Irish Times"}, "author": "The Irish Times", "title": "Coronavirus: China stabilises while Europe grapples with outbreak", "description": "While new cases of coronavirus in China have dropped to single figures for the first time since the country began daily reporting in January, European Union interior ministers are trying to co-ordinate their response to a rolling crisis. Europe is now the epi\u2026", "url": "https://www.irishtimes.com/news/world/coronavirus-china-stabilises-while-europe-grapples-with-outbreak-1.4202560", "urlToImage": "https://www.irishtimes.com/image-creator/?id=1.4202559&origw=1440", "publishedAt": "2020-03-13T20:00:26Z", "content": "While new cases of coronavirus in China have dropped to single figures for the first time since the country began daily reporting in January, European Union interior ministers are trying to co-ordinate their response to a rolling crisis.\r\nEurope is now the ep\u2026 [+6437 chars]"}, {"source": {"id": "the-irish-times", "name": "The Irish Times"}, "author": null, "title": "Stephen Collins: Coronavirus has put the skids under government formation", "description": "The potentially devastating impact of coronavirus for public health and the economy has put the skids under Fine Gael and Fianna F\u00e1il to agree a programme for government and rotate the office of Taoiseach between them. Until early this week the parties had be\u2026", "url": "https://www.irishtimes.com/opinion/stephen-collins-coronavirus-has-put-the-skids-under-government-formation-1.4201150", "urlToImage": "https://www.irishtimes.com/image-creator/?id=1.4201149&origw=1440", "publishedAt": "2020-03-13T01:00:00Z", "content": "The potentially devastating impact of coronavirus for public health and the economy has put the skids under Fine Gael and Fianna F\u00e1il to agree a programme for government and rotate the office of Taoiseach between them. Until early this week the parties had be\u2026 [+421 chars]"}, {"source": {"id": "the-irish-times", "name": "The Irish Times"}, "author": "Paul Cullen, Suzanne Lynch, Vivienne Clarke, Mark Hilliard", "title": "Coronavirus travel warning: Coveney urges \u2018high degree of caution\u2019 before travel to other EU states", "description": "Total of 119 cases confirmed on island of Ireland as Trump declares national emergency in US", "url": "https://www.irishtimes.com/news/health/coronavirus-travel-warning-coveney-urges-high-degree-of-caution-before-travel-to-other-eu-states-1.4202047", "urlToImage": "https://www.irishtimes.com/image-creator/?id=1.4202401&origw=1440", "publishedAt": "2020-03-13T12:21:38Z", "content": "Twenty new cases of Covid-19 have been confirmed in the Republic, bringing the total to 90, after nine additional cases emerged in Northern Ireland, with the total there climbing to 29.\r\nThe total number of people confirmed to have coronavirus on the island o\u2026 [+9252 chars]"}, {"source": {"id": "the-irish-times", "name": "The Irish Times"}, "author": "Harry McGee", "title": "Northern Ireland reports nine more cases of coronavirus", "description": "Highest daily total to date comes as Sinn F\u00e9in calls for all-Ireland approach to crisis", "url": "https://www.irishtimes.com/news/politics/northern-ireland-reports-nine-more-cases-of-coronavirus-1.4202536", "urlToImage": "https://www.irishtimes.com/image-creator/?id=1.4202520&origw=1440", "publishedAt": "2020-03-13T19:15:40Z", "content": "Nine new Covid-19 cases have been reported in Northern Ireland, including the first examples of infections where people had not travelled to an affected area, or were not infected by another who had.\r\nThe rise is the highest daily total so far, according to t\u2026 [+1996 chars]"}, {"source": {"id": "the-irish-times", "name": "The Irish Times"}, "author": null, "title": "Trump declares national emergency over coronavirus", "description": "US president has faced criticism over lack of adequate testing in the country", "url": "https://www.irishtimes.com/news/world/us/trump-declares-national-emergency-over-coronavirus-1.4202570", "urlToImage": "https://www.irishtimes.com/image-creator/?id=1.4202569&origw=1440", "publishedAt": "2020-03-13T20:09:32Z", "content": "US President Donald Trump has declared a state of emergency, as the number of cases of coronavirus continued to rise in the United States and criticism mounted over the lack of adequate testing in the country.\r\nSpeaking at a press conference in the White Hous\u2026 [+126 chars]"}, {"source": {"id": "the-irish-times", "name": "The Irish Times"}, "author": "Sirin Kale", "title": "\u2018Lots of extra soap and sanitiser\u2019: Can orgies survive in the age of coronavirus?", "description": "US sex-party firm has no plans to stop, even though sex a surefire way to catch virus", "url": "https://www.irishtimes.com/life-and-style/people/lots-of-extra-soap-and-sanitiser-can-orgies-survive-in-the-age-of-coronavirus-1.4202049", "urlToImage": "https://www.irishtimes.com/image-creator/?id=1.4202048&origw=1440", "publishedAt": "2020-03-13T10:29:32Z", "content": "As offices, schools and public buildings close around the world, the organisers of two US orgies are planning to push on with their events despite the risk from coronavirus.\r\nThe New York Post reports that high-end sex party promoters Snctm plan to throw an o\u2026 [+2335 chars]"}, {"source": {"id": "the-irish-times", "name": "The Irish Times"}, "author": "The Irish Times", "title": "Coronavirus: Canadian PM\u2019s wife tests positive as Nepal shuts Himalayas", "description": "Australia PM urges people not to gather in groups of over 500 but said he will still go to weekend match", "url": "https://www.irishtimes.com/news/world/coronavirus-canadian-pm-s-wife-tests-positive-as-nepal-shuts-himalayas-1.4201980", "urlToImage": "https://www.irishtimes.com/image-creator/?id=1.4201979&origw=1440", "publishedAt": "2020-03-13T07:10:13Z", "content": "Canadian prime minister Justin Trudeau will be in isolation for two weeks after his wife, Sophie, tested positive for coronavirus, on Thursday, and the outbreak prompted the province of Ontario to shutter schools to limit the spread.\r\nSophie Gregoire Trudeau \u2026 [+8077 chars]"}, {"source": {"id": "the-irish-times", "name": "The Irish Times"}, "author": "The Irish Times", "title": "Coronavirus: Science chief defends UK measures amid criticism", "description": "Sir Patrick Vallance says aim is to create herd immunity and broaden peak of epidemic", "url": "https://www.irishtimes.com/news/world/uk/coronavirus-science-chief-defends-uk-measures-amid-criticism-1.4202078", "urlToImage": "https://www.irishtimes.com/image-creator/?id=1.4202077&origw=1440", "publishedAt": "2020-03-13T11:35:31Z", "content": "Sir Patrick Vallance, Englands chief scientific adviser, has defended the governments approach to tackling the coronavirus, saying the aim is to create herd immunity across the population.\r\nCritics including the former health secretary Jeremy Hunt have expres\u2026 [+4806 chars]"}, {"source": {"id": "the-irish-times", "name": "The Irish Times"}, "author": "The Irish Times", "title": "New Zealand\u2019s Ardern leads Christchurch shooting memorials amid coronavirus scare", "description": "NZ prime minister said country has \u2018fundamentally changed\u2019 since shootings", "url": "https://www.irishtimes.com/news/world/asia-pacific/new-zealand-s-ardern-leads-christchurch-shooting-memorials-amid-coronavirus-scare-1.4201992", "urlToImage": "https://www.irishtimes.com/image-creator/?id=1.4201991&origw=1440", "publishedAt": "2020-03-13T08:07:34Z", "content": "New Zealand prime minister Jacinda Ardern said on Friday the country has fundamentally changed since last years Christchurch shootings, as the coronavirus pandemic loomed over a planned weekend memorial.\r\nMs Ardern said the Sunday event to mark the anniversar\u2026 [+2271 chars]"}, {"source": {"id": "the-irish-times", "name": "The Irish Times"}, "author": null, "title": "Cliff Taylor: Irish economy faces crisis as coronavirus sucks out cash", "description": "I started working in financial journalism a few weeks after the October 1987 crash. So I missed that one. But in the intervening 30-plus years I have never seen the economic outlook change so quickly \u2013 literally in a period of 10 days. Hence the extraordinari\u2026", "url": "https://www.irishtimes.com/opinion/cliff-taylor-irish-economy-faces-crisis-as-coronavirus-sucks-out-cash-1.4202278", "urlToImage": "https://www.irishtimes.com/image-creator/?id=1.4202273&origw=1440", "publishedAt": "2020-03-13T15:00:00Z", "content": "I started working in financial journalism a few weeks after the October 1987 crash. So I missed that one. But in the intervening 30-plus years I have never seen the economic outlook change so quickly literally in a period of 10 days. \r\nHence the extraordinari\u2026 [+117 chars]"}, {"source": {"id": "the-irish-times", "name": "The Irish Times"}, "author": "Barry Roche", "title": "Coronavirus: Cork businesses call for rates moratorium to help cope with trade decline", "description": "Business owners and publicans have called on Cork City Council to grant business people in the city a moratorium on rates to help them cope with the fall off in business caused by coronavirus as people stay at home. Cork Business Association president Eoin O\u2019\u2026", "url": "https://www.irishtimes.com/news/ireland/irish-news/coronavirus-cork-businesses-call-for-rates-moratorium-to-help-cope-with-trade-decline-1.4202002", "urlToImage": "https://www.irishtimes.com/image-creator/?id=1.4202001&origw=1440", "publishedAt": "2020-03-13T08:32:59Z", "content": "Business owners and publicans have called on Cork City Council to grant business people in the city a moratorium on rates to help them cope with the fall off in business caused by coronavirus as people stay at home.\r\nCork Business Association president Eoin O\u2026 [+2791 chars]"}, {"source": {"id": "the-irish-times", "name": "The Irish Times"}, "author": "Helen O'Rahilly", "title": "Coronavirus: I helped spread a virus this week \u2013 a virtual one called #selfisolationhelp", "description": "I had a part in starting a virus this week \u2013 a virtual, digital one, not the C-word one. With time on my hands, I was browsing Twitter on Tuesday night when I spotted a tweet from Samantha Kelly in Rosslare. With the handle @tweetinggoddess, and 53,000 follow\u2026", "url": "https://www.irishtimes.com/life-and-style/health-family/coronavirus-i-helped-spread-a-virus-this-week-a-virtual-one-called-selfisolationhelp-1.4202279", "urlToImage": "https://www.irishtimes.com/image-creator/?id=1.4202276&origw=1200", "publishedAt": "2020-03-13T15:07:23Z", "content": "I had a part in starting a virus this week a virtual, digital one, not the C-word one. With time on my hands, I was browsing Twitter on Tuesday night when I spotted a tweet from Samantha Kelly in Rosslare. With the handle @tweetinggoddess, and 53,000 follower\u2026 [+7157 chars]"}, {"source": {"id": "the-irish-times", "name": "The Irish Times"}, "author": "Denis Staunton", "title": "Risky strategy makes Britain an outlier in the fight against coronavirus", "description": "Britain\u2019s prime minister Boris Johnson announced on Friday that May\u2019s local elections in England will be postponed until next year because of coronavirus. But education secretary Gavin Williamson said all schools should remain open unless advised to close by \u2026", "url": "https://www.irishtimes.com/news/world/uk/risky-strategy-makes-britain-an-outlier-in-the-fight-against-coronavirus-1.4202547", "urlToImage": "https://www.irishtimes.com/image-creator/?id=1.4202543&origw=1440", "publishedAt": "2020-03-13T20:00:00Z", "content": "Britains prime minister Boris Johnson announced on Friday that Mays local elections in England will be postponed until next year because of coronavirus. But education secretary Gavin Williamson said all schools should remain open unless advised to close by pu\u2026 [+3332 chars]"}, {"source": {"id": "the-irish-times", "name": "The Irish Times"}, "author": "Paul Cullen, Suzanne Lynch, Vivienne Clarke", "title": "Coronavirus: 119 cases confirmed on island of Ireland as Trump declares national emergency in US", "description": "Twenty new cases of Covid-19 have been confirmed in the Republic, bringing the total to 90, after nine additional cases emerged in Northern Ireland, with the total there climbing to 29. The total number of people confirmed to have coronavirus on the island of\u2026", "url": "https://www.irishtimes.com/news/health/coronavirus-119-cases-confirmed-on-island-of-ireland-as-trump-declares-national-emergency-in-us-1.4202047", "urlToImage": "https://www.irishtimes.com/image-creator/?id=1.4202401&origw=1440", "publishedAt": "2020-03-13T12:21:38Z", "content": "Twenty new cases of Covid-19 have been confirmed in the Republic, bringing the total to 90, after nine additional cases emerged in Northern Ireland, with the total there climbing to 29.\r\nThe total number of people confirmed to have coronavirus on the island o\u2026 [+8603 chars]"}, {"source": {"id": "the-irish-times", "name": "The Irish Times"}, "author": "\u00c1ine Ryan", "title": "\u2018Luckily, he is oblivious to the coronavirus crisis\u2019: Daddy, dementia and me", "description": "Turns out my timing was good to bring Daddy an early Easter chocolate bunny. He chewed his head off first, licked his lips and said it was the best chocolate he had ever eaten. Luckily, I brought a whole bag of them, along with a bunch of daffodils and news t\u2026", "url": "https://www.irishtimes.com/life-and-style/health-family/luckily-he-is-oblivious-to-the-coronavirus-crisis-daddy-dementia-and-me-1.4199927", "urlToImage": "https://www.irishtimes.com/image-creator/?id=1.4199926&origw=1325", "publishedAt": "2020-03-13T06:01:00Z", "content": "Turns out my timing was good to bring Daddy an early Easter chocolate bunny. He chewed his head off first, licked his lips and said it was the best chocolate he had ever eaten. Luckily, I brought a whole bag of them, along with a bunch of daffodils and news t\u2026 [+3559 chars]"}, {"source": {"id": "the-irish-times", "name": "The Irish Times"}, "author": "Peter Goff", "title": "Coronavirus: China reveals just eight new cases amid row with US", "description": "China now has almost 81,000 confirmed cases but 64,000 patients have recovered", "url": "https://www.irishtimes.com/news/world/asia-pacific/coronavirus-china-reveals-just-eight-new-cases-amid-row-with-us-1.4202338", "urlToImage": "https://www.irishtimes.com/image-creator/?id=1.4202337&origw=1440", "publishedAt": "2020-03-13T16:07:32Z", "content": "New cases of coronavirus in China dropped to single digits for the first time since the country began daily reporting in January, as a war of words over the handling of the outbreak intensified and Beijing accused the US of China-bashing.\r\nChinese health offi\u2026 [+3880 chars]"}]}