{"status": "ok", "totalResults": 49, "articles": [{"source": {"id": "the-irish-times", "name": "The Irish Times"}, "author": "Colm Keena", "title": "Coronavirus: Nursing home resident\u2019s family very concerned", "description": "Clancy family call for greater support for nursing homes as father contracts Covid-19", "url": "https://www.irishtimes.com/news/health/coronavirus-nursing-home-resident-s-family-very-concerned-1.4216171", "urlToImage": "https://www.irishtimes.com/image-creator/?id=1.4216169&origw=1440", "publishedAt": "2020-03-31T00:31:15Z", "content": "A family whose father is in a HSE-run nursing home in Dublin and has contracted Covid-19, say they have found it difficult to get information.\r\nRhona Clancy said she last saw her father, Joseph (84), on March 7th and now fears she might never see him again.\r\n\u2026 [+1045 chars]"}, {"source": {"id": "the-irish-times", "name": "The Irish Times"}, "author": "Jennifer Bray, Fiach Kelly", "title": "Extra coronavirus checks on citizens returning to Ireland mooted", "description": "Health specialist says Ireland \u2018squandering\u2019 its geographical advantage as an island with different virus approaches North and South", "url": "https://www.irishtimes.com/news/health/extra-coronavirus-checks-on-citizens-returning-to-ireland-mooted-1.4216251", "urlToImage": "https://www.irishtimes.com/image-creator/?id=1.4216249&origw=1440", "publishedAt": "2020-03-31T01:50:00Z", "content": "Extra checks on citizens returning to Ireland from abroad are under consideration by senior officials in the Department of Health to deal with the coronavirus crisis.\r\nTaoiseach Leo Varadkar said that while Ireland would not be closing its borders, the Nation\u2026 [+2163 chars]"}, {"source": {"id": "the-irish-times", "name": "The Irish Times"}, "author": "Conor Lally", "title": "Coronavirus: Nearly 600 prisoners released since start of outbreak", "description": "No confirmed cases in system but prisoners with symptoms have been placed in isolation at Cloverhill Prison", "url": "https://www.irishtimes.com/news/ireland/irish-news/coronavirus-nearly-600-prisoners-released-since-start-of-outbreak-1.4216867", "urlToImage": "https://www.irishtimes.com/polopoly_fs/1.4216866.1585660965!/image/image.jpg", "publishedAt": "2020-03-31T13:24:30Z", "content": "The number of prisoners on temporary release has almost doubled, close to 600, since the coronavirus crisis began. The Irish Times understands while there have been no confirmed cases of the virus in the prison system, a number of prisoners with symptoms have\u2026 [+2862 chars]"}, {"source": {"id": "the-irish-times", "name": "The Irish Times"}, "author": null, "title": "Coronavirus: Strategy introduced to protect Dublin\u2019s most vulnerable", "description": "City council\u2019s new Covid-19 forum will meet on Thursday", "url": "https://www.irishtimes.com/news/social-affairs/coronavirus-strategy-introduced-to-protect-dublin-s-most-vulnerable-1.4216981", "urlToImage": "https://www.irishtimes.com/image-creator/?id=1.4216980&origw=1440", "publishedAt": "2020-03-31T14:58:49Z", "content": "A strategy to ensure services for Dublin citys most in need including older people, children at risk, vulnerable families and homeless people continue to operate during the Coronavirus, has been put in place by Dublin City Council. \r\nAn 18 member forum headed\u2026 [+217 chars]"}, {"source": {"id": "the-irish-times", "name": "The Irish Times"}, "author": "Vivienne Clarke, Paul Cullen, Harry McGee", "title": "Coronavirus: Pensions will be available to collect for 90 days", "description": "Next seven days \u2018crucial\u2019 in containing outbreak - Prof Nolan", "url": "https://www.irishtimes.com/news/health/coronavirus-pensions-will-be-available-to-collect-for-90-days-1.4216780", "urlToImage": "https://www.irishtimes.com/image-creator/?id=1.4216779&origw=1440", "publishedAt": "2020-03-31T10:18:38Z", "content": "People over 70-years-old who must cocoon and collect their pensions at post offices can nominate an agent to collect pension, the Government has said. \r\nAt the daily coronavirus briefing, the Government has confirmed the payments will remain valid in post off\u2026 [+4809 chars]"}, {"source": {"id": "the-irish-times", "name": "The Irish Times"}, "author": "Sorcha Pollak", "title": "Coronavirus: Lack of distancing in direct provision of \u2018utmost concern\u2019", "description": "Letter warns Government of dangers if outbreak in centre results in clusters of cases", "url": "https://www.irishtimes.com/news/social-affairs/coronavirus-lack-of-distancing-in-direct-provision-of-utmost-concern-1.4217128", "urlToImage": "https://www.irishtimes.com/image-creator/?id=1.4217126&origw=1440", "publishedAt": "2020-03-31T17:00:32Z", "content": "More than 400 doctors, lawyers, public health officials, academics and migration experts have warned the Irish health system will be unable to cope if cases of coronavirus become widespread in direct provision centres. \r\nIn a letter sent to the Government on \u2026 [+3299 chars]"}, {"source": {"id": "the-irish-times", "name": "The Irish Times"}, "author": "Eoghan Dalton", "title": "Women\u2019s Aid group concerned at impact of coronavirus on abuse", "description": "Fears expressed that court-issued safety orders will be harder to access", "url": "https://www.irishtimes.com/news/ireland/irish-news/women-s-aid-group-concerned-at-impact-of-coronavirus-on-abuse-1.4216192", "urlToImage": "https://www.irishtimes.com/image-creator/?id=1.4216188&origw=1440", "publishedAt": "2020-03-31T00:00:00Z", "content": "Particular effects of the Covid-19 pandemic are being felt in Carlow, according to the countys Womens Aid support service, which has expressed fears that court-ordered safety orders will be harder to get.\r\nThe organisation, which deals with Carlow and parts o\u2026 [+1263 chars]"}, {"source": {"id": "the-irish-times", "name": "The Irish Times"}, "author": "Anthony King", "title": "Coronavirus: The drug options come into sharp focus", "description": "Right now, remdesivir is the most promising one in tackling the virus head-on", "url": "https://www.irishtimes.com/news/science/coronavirus-the-drug-options-come-into-sharp-focus-1.4216240", "urlToImage": "https://www.irishtimes.com/image-creator/?id=1.4216236&origw=1440", "publishedAt": "2020-03-31T00:00:14Z", "content": "A cacophony of drug hopefuls for Covid-19 has bombarded news headlines and bounced around social media for weeks. There have been incendiary announcements about game changers bamboozling experts and non-experts.\r\nIt is not all noise though. There are drugs, n\u2026 [+7451 chars]"}, {"source": {"id": "the-irish-times", "name": "The Irish Times"}, "author": "Conor Lally", "title": "Coronavirus: Senior garda\u00ed defer retirement to help tackle crisis", "description": "Assistant Commissioners Pat Leahy and John O\u2019Driscoll to stay on in force", "url": "https://www.irishtimes.com/news/crime-and-law/coronavirus-senior-garda%C3%AD-defer-retirement-to-help-tackle-crisis-1.4217003", "urlToImage": "https://www.irishtimes.com/image-creator/?id=1.4217002&origw=1440", "publishedAt": "2020-03-31T15:22:32Z", "content": "Two of the Gardas most senior officers will now stay on in duty past their planned retirement dates to help deal with the ongoing coronavirus pandemic.\r\nWhile the move to extend the tenure of Assistant Commissioner John ODriscoll by two years, to June 2020, i\u2026 [+3218 chars]"}, {"source": {"id": "the-irish-times", "name": "The Irish Times"}, "author": "Brian Hutton", "title": "Coronavirus: Bookshops struggle as delivery costs curb online sales", "description": "About 300 bricks-and-mortar bookshops in the State face uncertain future", "url": "https://www.irishtimes.com/news/ireland/irish-news/coronavirus-bookshops-struggle-as-delivery-costs-curb-online-sales-1.4217134", "urlToImage": "https://www.irishtimes.com/image-creator/?id=1.4217124&origw=921", "publishedAt": "2020-04-01T00:00:00Z", "content": "One morning last week a greeting card was pushed under the bolted door of the Village Bookshop in Terenure, Dublin. It was from an occasional customer. \r\nA very nice, quiet, well-spoken lady . . . I didnt even know her second name, says shop owner Alice Walsh\u2026 [+4341 chars]"}, {"source": {"id": "the-irish-times", "name": "The Irish Times"}, "author": "Vivienne Clarke, Paul Cullen", "title": "Coronavirus: Next seven days \u2018crucial\u2019 in containing outbreak", "description": "We will be living with virus for quite some period of time and we have to adapt \u2013 Prof Nolan", "url": "https://www.irishtimes.com/news/health/coronavirus-next-seven-days-crucial-in-containing-outbreak-1.4216780", "urlToImage": "https://www.irishtimes.com/image-creator/?id=1.4216779&origw=1440", "publishedAt": "2020-03-31T10:18:38Z", "content": "The Chair of the Irish Epidemiological Modelling Advisory Group and a member of the National Public Health Emergency Team (NPHET), Professor Philip Nolan has said that the next seven days will be crucial as an indication if coronavirus is being contained.\r\nPr\u2026 [+3185 chars]"}, {"source": {"id": "the-irish-times", "name": "The Irish Times"}, "author": null, "title": "Coronavirus: Republic reports 17 further deaths, 325 new cases", "description": "State records highest daily death toll with 3,235 confirmed cases across the country", "url": "https://www.irishtimes.com/news/health/coronavirus-republic-reports-17-further-deaths-325-new-cases-1.4217155", "urlToImage": "https://www.irishtimes.com/image-creator/?id=1.4217154&origw=1440", "publishedAt": "2020-03-31T17:31:20Z", "content": "Another 17 patients diagnosed with coronavirus have died, the National Public Health Emergency Team reported on Tuesday evening.\r\nThe patients included four women and 13 men."}, {"source": {"id": "the-irish-times", "name": "The Irish Times"}, "author": "Patrick Kelleher", "title": "Coronavirus: \u2018It\u2019s a terrible situation now that I can\u2019t meet people\u2019", "description": "Rural publicans and customers see need for closures amid pandemic but worry for older patrons and trade\u2019s future", "url": "https://www.irishtimes.com/news/ireland/irish-news/coronavirus-it-s-a-terrible-situation-now-that-i-can-t-meet-people-1.4215708", "urlToImage": "https://www.irishtimes.com/image-creator/?id=1.4215707&origw=649", "publishedAt": "2020-03-31T01:00:00Z", "content": "The local pub in Castleplunkett, Co Roscommon has been a lifeline for Tony Brophy since his wife died six months ago. \r\nThe 63-year-old usually calls into Decs Bar in the village three or four nights a week, often just for a cup of tea or coffee.\r\nThough supp\u2026 [+3093 chars]"}, {"source": {"id": "the-irish-times", "name": "The Irish Times"}, "author": "Sorcha Pollak", "title": "Coronavirus: More than 650 beds secured for asylum seekers in direct provision", "description": "Government says additional beds in Dublin, Cork and Galway will enable social distancing", "url": "https://www.irishtimes.com/news/social-affairs/coronavirus-more-than-650-beds-secured-for-asylum-seekers-in-direct-provision-1.4217128", "urlToImage": "https://www.irishtimes.com/image-creator/?id=1.4217126&origw=1440", "publishedAt": "2020-03-31T17:00:32Z", "content": "More than 650 additional beds have been secured for asylum seekers in direct provision centres to socially distance and self- isolate, the Department of Justice has said.\r\nThe rooms, which are located in hotels in Dublin, Cork and Galway, will be used to prov\u2026 [+3010 chars]"}, {"source": {"id": "the-irish-times", "name": "The Irish Times"}, "author": "Claire O'Connell", "title": "Coronavirus: \u2018Everyone wants to help\u2019 \u2013 Irish researchers respond to Covid-19 crisis", "description": "Efforts include setting up a tracing call centre, donating equipment and linking scientists to areas of need", "url": "https://www.irishtimes.com/news/science/coronavirus-everyone-wants-to-help-irish-researchers-respond-to-covid-19-crisis-1.4216832", "urlToImage": "https://www.irishtimes.com/image-creator/?id=1.4216831&origw=899", "publishedAt": "2020-03-31T11:54:59Z", "content": "Researchers in Ireland are donating time, expertise and equipment to the frontline efforts in the Covid-19 pandemic.\r\nEveryone wants to help is the common refrain in the research community, and one that is prompting creativity and innovative thinking from sci\u2026 [+4446 chars]"}, {"source": {"id": "the-irish-times", "name": "The Irish Times"}, "author": "Vivienne Clarke, Paul Cullen, Harry McGee", "title": "Coronavirus: 133 patients in intensive care as pressure on hospitals builds", "description": "Immediate family can attend funerals - even of those with Covid-19 - limited to 10 people", "url": "https://www.irishtimes.com/news/health/coronavirus-133-patients-in-intensive-care-as-pressure-on-hospitals-builds-1.4216780", "urlToImage": "https://www.irishtimes.com/image-creator/?id=1.4216779&origw=1440", "publishedAt": "2020-03-31T10:18:38Z", "content": "Intensive care units are under significant pressure with more than 130 patients being treated at the moment, the president of the Intensive Care Society of Ireland said on Tuesday.\r\nDr Catherine Motherway said 107 patients with Covid-19 were on ventilators an\u2026 [+4887 chars]"}, {"source": {"id": "the-irish-times", "name": "The Irish Times"}, "author": "Paul Cullen", "title": "Coronavirus: HSE says it hopes to reopen all testing centres as supplies replenished", "description": "Since Sunday, testing capacity has been \u2018constrained\u2019 due to limited stock of testing kits", "url": "https://www.irishtimes.com/news/health/coronavirus-hse-says-it-hopes-to-reopen-all-testing-centres-as-supplies-replenished-1.4217155", "urlToImage": "https://www.irishtimes.com/image-creator/?id=1.4217154&origw=1440", "publishedAt": "2020-03-31T17:31:20Z", "content": "The Health Service Executive says it hopes to have all its testing centres open again today as supplies of testing kit are replenished.\r\nA number of testing centres, including one of the largest at Pairc Ui Chaoimh in Cork, closed at the weekend due to equipm\u2026 [+1677 chars]"}, {"source": {"id": "the-irish-times", "name": "The Irish Times"}, "author": "Vivienne Clarke", "title": "Stroke victims \u2018too late\u2019 coming to hospital because of coronavirus fears, says medic", "description": "Emergency departments operate streaming system to separate Covid-19 patients from those who do not have virus", "url": "https://www.irishtimes.com/news/ireland/irish-news/stroke-victims-too-late-coming-to-hospital-because-of-coronavirus-fears-says-medic-1.4216708", "urlToImage": "https://www.irishtimes.com/polopoly_fs/1.4216707.1585645653!/image/image.jpg", "publishedAt": "2020-03-31T09:05:50Z", "content": "Emergency medicine consultant Fergal Hickey has expressed concern that people suffering a heart attack or a stroke are waiting too long to see medical help because of fears about coronavirus.\r\nDr Hickey, who is based at Sligo University Hospital, pointed out \u2026 [+1480 chars]"}, {"source": {"id": "the-irish-times", "name": "The Irish Times"}, "author": "Paul Cullen", "title": "Coronavirus: Restrictions resulting in \u2018huge\u2019 fall in rate of infection growth", "description": "Holohan warns on complacency as Higgins urges us to keep giving \u2018of our best\u2019", "url": "https://www.irishtimes.com/news/health/coronavirus-restrictions-resulting-in-huge-fall-in-rate-of-infection-growth-1.4216247", "urlToImage": "https://www.irishtimes.com/image-creator/?id=1.4216245&origw=1440", "publishedAt": "2020-03-31T02:00:00Z", "content": "Restrictive Government measures are having an enormous effect in reducing the number of new cases of coronavirus, according to the academic tasked with predicting the further growth of the epidemic.\r\nThe measures have resulted in a huge fall in the growth rat\u2026 [+4820 chars]"}, {"source": {"id": "the-irish-times", "name": "The Irish Times"}, "author": null, "title": "Coronavirus: Which is the best video calling option for you?", "description": "Ciara O\u2019Brien outlines the pros and cons of each platform amid Covid-19 pandemic", "url": "https://www.irishtimes.com/business/technology/coronavirus-which-is-the-best-video-calling-option-for-you-1.4217042", "urlToImage": "https://www.irishtimes.com/image-creator/?id=1.4217097&origw=1440", "publishedAt": "2020-03-31T15:58:36Z", "content": "Video calling has fast become our only way of keeping in contact with the outside world but what are your options and which one is best for you?\r\nGoogles video and voice calling app Hangouts has been around for a while. Originally part of Googles now shuttere\u2026 [+109 chars]"}, {"source": {"id": "the-irish-times", "name": "The Irish Times"}, "author": "The Irish Times", "title": "Coronavirus: Euro zone inflation slows as global oil prices collapse", "description": "Inflation in March was 0.7%, its lowest in five months, with further weakening in store", "url": "https://www.irishtimes.com/business/economy/coronavirus-euro-zone-inflation-slows-as-global-oil-prices-collapse-1.4216782", "urlToImage": "https://www.irishtimes.com/image-creator/?id=1.4216781&origw=1253", "publishedAt": "2020-03-31T10:18:11Z", "content": "Euro-area inflation slowed to its weakest pace in five months, driven by a collapse in global oil prices.\r\nThe softness in price growth is likely to deepen further in the coming months as restrictions imposed to slow the spread of the coronavirus pandemic bri\u2026 [+862 chars]"}, {"source": {"id": "the-irish-times", "name": "The Irish Times"}, "author": "The Irish Times", "title": "Dealmaking grinds to a halt on coronavirus impact", "description": "Activity falls to same level as nadir of financial crash", "url": "https://www.irishtimes.com/business/economy/dealmaking-grinds-to-a-halt-on-coronavirus-impact-1.4217096", "urlToImage": "https://www.irishtimes.com/image-creator/?id=1.4217095&origw=1195", "publishedAt": "2020-03-31T16:31:23Z", "content": "A multiyear boom in mergers and acquisitions activity came to a halt by the end of March, as the fallout from the coronavirus pandemic ravaged corporate share prices and redirected the focus of executives towards saving their own companies instead of trying t\u2026 [+3757 chars]"}, {"source": {"id": "the-irish-times", "name": "The Irish Times"}, "author": "Peter Hamilton", "title": "Stock markets gain as investors assess coronavirus damage", "description": "Iseq all-share index closes 4.25% higher, outperforming European peers", "url": "https://www.irishtimes.com/business/markets/stock-markets-gain-as-investors-assess-coronavirus-damage-1.4217140", "urlToImage": "https://www.irishtimes.com/polopoly_fs/1.2302052.1438259328!/image/image.png", "publishedAt": "2020-03-31T17:14:16Z", "content": "Global stock markets edged higher on Tuesday as investors assessed the economic damage from the coronavirus pandemic, while the MSCI benchmark of world equities was on pace to finish its worst quarter since the financial crisis of 2008. Stocks have rallied si\u2026 [+3522 chars]"}, {"source": {"id": "the-irish-times", "name": "The Irish Times"}, "author": "Ida Milne", "title": "Flu epidemic of 1918 warns us of coronavirus risk to frontline workers", "description": "Rite&Reason: Social distancing can help us all protect our clergy, police and health workers", "url": "https://www.irishtimes.com/opinion/flu-epidemic-of-1918-warns-us-of-coronavirus-risk-to-frontline-workers-1.4216014", "urlToImage": "https://www.irishtimes.com/image-creator/?id=1.4216013&origw=960", "publishedAt": "2020-03-31T00:00:35Z", "content": "Priests visiting the sick and dying are effectively frontline workers in epidemics, and are more likely to catch the disease and even die themselves. Several are reported to have died in Italian dioceses badly affected by the coronavirus.\r\nMany Irish priests \u2026 [+4561 chars]"}, {"source": {"id": "the-irish-times", "name": "The Irish Times"}, "author": "The Irish Times", "title": "Coronavirus: First glimpse of hit to Irish economy will emerge this week", "description": "Live Register and exchequer numbers should show major coronavirus impacts", "url": "https://www.irishtimes.com/business/economy/coronavirus-first-glimpse-of-hit-to-irish-economy-will-emerge-this-week-1.4216096", "urlToImage": "https://www.irishtimes.com/image-creator/?id=1.4216095&origw=1440", "publishedAt": "2020-03-31T04:15:09Z", "content": "The doomsday predictions have started. The Economic and Social Research Instiute (ESRI) last week forecast the Irish economy could shrink by 7 per cent in 2020 and that we could have 350,000 job losses as a result of coronavirus-triggered shutdown. However, t\u2026 [+1592 chars]"}, {"source": {"id": "the-irish-times", "name": "The Irish Times"}, "author": "Paul Doyle", "title": "\u2018For 25 minutes I ran out of oxygen\u2019: Pepe Reina on his coronavirus battle", "description": "Aston Villa goalkeeper on the mend after \u2018the worst moments of my life\u2019", "url": "https://www.irishtimes.com/sport/soccer/english-soccer/for-25-minutes-i-ran-out-of-oxygen-pepe-reina-on-his-coronavirus-battle-1.4217248", "urlToImage": "https://www.irishtimes.com/image-creator/?id=1.4217246&origw=1200", "publishedAt": "2020-03-31T19:06:51Z", "content": "Aston Villas goalkeeper Pepe Reina has revealed he endured endless minutes of fear after contracting coronavirus symptoms that left him unable to breathe. The 37-year-old said he was on the mend after the worst moments of my life.\r\nReina, on loan at Villa fro\u2026 [+1296 chars]"}, {"source": {"id": "the-irish-times", "name": "The Irish Times"}, "author": "The Irish Times", "title": "Coronavirus: Northern Ireland death toll rises to 28", "description": "Public Health Agency reports six more fatalities and 53 new positive cases", "url": "https://www.irishtimes.com/news/ireland/irish-news/coronavirus-northern-ireland-death-toll-rises-to-28-1.4216862", "urlToImage": "https://www.irishtimes.com/image-creator/?id=1.4216861&origw=1440", "publishedAt": "2020-03-31T13:17:25Z", "content": "The number of people who have died in Northern Ireland after contracting coronavirus has risen by six to 28, health officials said.\r\nThe Public Health Agency said testing had resulted in 53 new positive cases, bringing the total number of confirmed cases in t\u2026 [+38 chars]"}, {"source": {"id": "the-irish-times", "name": "The Irish Times"}, "author": "Paul Cullen", "title": "Coronavirus: 17 further deaths reported, 325 new cases", "description": "Since Sunday, testing capacity has been \u2018constrained\u2019 due to limited stock of testing kits", "url": "https://www.irishtimes.com/news/health/coronavirus-17-further-deaths-reported-325-new-cases-1.4217155", "urlToImage": "https://www.irishtimes.com/image-creator/?id=1.4217154&origw=1440", "publishedAt": "2020-03-31T17:31:20Z", "content": "A further 17 patients diagnosed with coronavirus have died, the National Public Health Emergency Team reported on Tuesday evening.\r\nThe number of newly confirmed cases was 325. There are now 70 cases of coronavirus in the Republic, and a total of deaths.\r\nMea\u2026 [+1943 chars]"}, {"source": {"id": "the-irish-times", "name": "The Irish Times"}, "author": "Alanna Gallagher", "title": "Coronavirus crisis creates a hot desk that delivers", "description": "Necessity is the mother of invention. Flying Elephant Productions, a company that has worked extensively arranging events for the tech, and beer and spirits sectors as well as being behind the set up of such festivals as Forbidden Fruit that took a mammoth hi\u2026", "url": "https://www.irishtimes.com/life-and-style/homes-and-property/coronavirus-crisis-creates-a-hot-desk-that-delivers-1.4216823", "urlToImage": "https://www.irishtimes.com/image-creator/?id=1.4216822&origw=1440", "publishedAt": "2020-03-31T12:00:00Z", "content": "Necessity is the mother of invention. Flying Elephant Productions, a company that has worked extensively arranging events for the tech, and beer and spirits sectors as well as being behind the set up of such festivals as Forbidden Fruit that took a mammoth hi\u2026 [+2758 chars]"}, {"source": {"id": "the-irish-times", "name": "The Irish Times"}, "author": "Denis Staunton", "title": "Coronavirus: British government admits it must ramp up testing", "description": "British authorities have admitted that the country must step up its testing for coronavirus and improve the delivery of personal protective equipment (PPE) to frontline staff in the National Health Service (NHS). Cabinet office minister Michael Gove said that\u2026", "url": "https://www.irishtimes.com/news/world/uk/coronavirus-british-government-admits-it-must-ramp-up-testing-1.4217181", "urlToImage": "https://www.irishtimes.com/image-creator/?id=1.4217180&origw=1440", "publishedAt": "2020-03-31T18:09:25Z", "content": "British authorities have admitted that the country must step up its testing for\u00a0coronavirus and improve the delivery of personal protective equipment (PPE) to frontline staff in the National Health Service (NHS). Cabinet office minister Michael Gove said that\u2026 [+2750 chars]"}, {"source": {"id": "the-irish-times", "name": "The Irish Times"}, "author": "Ronan McGreevy", "title": "Coronavirus: Letters flow to self-isolating father whose children were found dead", "description": "Andrew McGinley appealed to public to keep him company as he stays at home as part of national effort to combat Covid-19", "url": "https://www.irishtimes.com/news/ireland/irish-news/coronavirus-letters-flow-to-self-isolating-father-whose-children-were-found-dead-1.4216817", "urlToImage": "https://www.irishtimes.com/image-creator/?id=1.4216816&origw=1440", "publishedAt": "2020-03-31T11:17:59Z", "content": "Andrew McGinley, the father of three young children who were found dead at their home in Co Dublin earlier this year, has received more than 1,000 letters and postcards while in social isolation as part of the national effort to combat coronavirus.\r\nThe bodie\u2026 [+1863 chars]"}, {"source": {"id": "the-irish-times", "name": "The Irish Times"}, "author": "Harry McGee", "title": "Coronavirus: Up to 10 family members can attend funerals", "description": "Restriction applies to all services not only in cases where deceased died from Covid-19", "url": "https://www.irishtimes.com/news/politics/coronavirus-up-to-10-family-members-can-attend-funerals-1.4216833", "urlToImage": "https://www.irishtimes.com/image-creator/?id=1.4216834&origw=1440", "publishedAt": "2020-03-31T11:56:31Z", "content": "The Government at a briefing this morning said up to 10 members of the immediate family of a deceased person can now attend funerals, burials and cremations. \r\nIt was said that social distancing protocols should be followed and the numbers might be restricted\u2026 [+3748 chars]"}, {"source": {"id": "the-irish-times", "name": "The Irish Times"}, "author": "Derek Scally", "title": "Coronavirus tales confirm \u2013 and shatter \u2013 German stereotypes", "description": "Berlin Letter: A piano proves to be better than passive aggression for reinforcing new rules", "url": "https://www.irishtimes.com/news/world/europe/coronavirus-tales-confirm-and-shatter-german-stereotypes-1.4217039", "urlToImage": "https://www.irishtimes.com/image-creator/?id=1.4217037&origw=1440", "publishedAt": "2020-04-01T00:00:00Z", "content": "My walk around the gardens of Charlottenburg Palace ended with the sight of a bedsheet flapping in the breeze as it hung from a nearby apartment balcony. Someone had painted an arrow running across the long side. Above the arrow, in firm letters, the sheet to\u2026 [+4545 chars]"}, {"source": {"id": "the-irish-times", "name": "The Irish Times"}, "author": "Carl O'Brien", "title": "Coronavirus: Schools reopen to provide food parcels to needy families", "description": "School meals programme resumes for families in disadvantaged areas", "url": "https://www.irishtimes.com/news/education/coronavirus-schools-reopen-to-provide-food-parcels-to-needy-families-1.4217191", "urlToImage": "https://www.irishtimes.com/image-creator/?id=1.4217190&origw=1440", "publishedAt": "2020-03-31T18:22:46Z", "content": "School principal Patrick McCormack this week re-opened the gates of St Pauls CBS in Dublins north inner city, not to pupils - but parents collecting free food parcels.\r\nThey have been hugely appreciative, said McCormack, after about 100 families arrived in th\u2026 [+2895 chars]"}, {"source": {"id": "the-irish-times", "name": "The Irish Times"}, "author": "The Irish Times", "title": "Coronavirus: Spain and UK suffer highest daily death tolls", "description": "Italy reports further 837 fatalities as numbers of deaths in US passes that in China", "url": "https://www.irishtimes.com/news/world/coronavirus-spain-and-uk-suffer-highest-daily-death-tolls-1.4216677", "urlToImage": "https://www.irishtimes.com/image-creator/?id=1.4216938&origw=1440", "publishedAt": "2020-03-31T07:07:16Z", "content": "Spain and the UK both reported their highest daily death tolls from coronavirus\u00a0on Tuesday as the number of fatalities in the US passed those in China.\r\nSpain registered 849 fatalities overnight the highest number in 24 hours since the epidemic started.\r\nThe \u2026 [+2748 chars]"}, {"source": {"id": "the-irish-times", "name": "The Irish Times"}, "author": "The Irish Times", "title": "Coronavirus: France, Spain and UK suffer highest daily death tolls", "description": "Italy reports further 837 fatalities as numbers of deaths in US passes that in China", "url": "https://www.irishtimes.com/news/world/coronavirus-france-spain-and-uk-suffer-highest-daily-death-tolls-1.4216677", "urlToImage": "https://www.irishtimes.com/image-creator/?id=1.4216938&origw=1440", "publishedAt": "2020-03-31T07:07:16Z", "content": "Spain, France and the UK reported their highest daily death tolls from coronavirus on Tuesday as the number of fatalities in the US passed those in China.\r\nSpain registered 849 fatalities related to coronavirus overnight the highest number in 24 hours since t\u2026 [+3926 chars]"}, {"source": {"id": "the-irish-times", "name": "The Irish Times"}, "author": "The Irish Times", "title": "Coronavirus outbreak \u2018far from over\u2019 in Asia - WHO", "description": "Risk of transmission in region will not go away as long as pandemic continues", "url": "https://www.irishtimes.com/news/world/coronavirus-outbreak-far-from-over-in-asia-who-1.4216677", "urlToImage": "https://www.irishtimes.com/image-creator/?id=1.4216676&origw=1440", "publishedAt": "2020-03-31T07:07:16Z", "content": "The coronavirus epidemic is far from over in the Asia-Pacific region, and current measures to curb the spread of the virus are buying time for countries to prepare for large-scale community transmissions, a WHO official said on Tuesday.\r\nEven with all the mea\u2026 [+1935 chars]"}, {"source": {"id": "the-irish-times", "name": "The Irish Times"}, "author": "Miles Johnson and Davide Ghiglione, and Daniel Dombey", "title": "Tempers fray as coronavirus lockdown fatigue hits Italy and Spain", "description": "A month into Europe\u2019s first experiment in stringent social distancing, goodwill is beginning to fade", "url": "https://www.irishtimes.com/news/world/europe/tempers-fray-as-coronavirus-lockdown-fatigue-hits-italy-and-spain-1.4216812", "urlToImage": "https://www.irishtimes.com/image-creator/?id=1.4216810&origw=1440", "publishedAt": "2020-03-31T11:16:59Z", "content": "i \r\nAt the start of Italys national lockdown to stop the spread of coronavirus, videos circulated online of entire streets singing together in solidarity from their balconies. A month into Europes first experiment in stringent social distancing, new footage s\u2026 [+5253 chars]"}, {"source": {"id": "the-irish-times", "name": "The Irish Times"}, "author": "Sylvia Thompson", "title": "From eating healthily to staying warm, how to treat coronavirus in the home", "description": "The treatment and self-care of the majority of people who catch this new coronavirus, also known as Covid-19, is similar to that of most common viral illnesses such as the flu and the common cold. \u201cIt\u2019s important for people to remember that 80 per cent of peo\u2026", "url": "https://www.irishtimes.com/life-and-style/health-family/from-eating-healthily-to-staying-warm-how-to-treat-coronavirus-in-the-home-1.4209920", "urlToImage": "https://www.irishtimes.com/image-creator/?id=1.4209918&origw=1440", "publishedAt": "2020-03-31T05:01:00Z", "content": "The treatment and self-care of the majority of people who catch this new coronavirus, also known as Covid-19, is similar to that of most common viral illnesses such as the flu and the common cold.\r\nIts important for people to remember that 80 per cent of peop\u2026 [+3487 chars]"}, {"source": {"id": "the-irish-times", "name": "The Irish Times"}, "author": "Rebecca Long", "title": "Coronavirus: This is bigger than all of us but it\u2019s about every single one of us", "description": "A tree grows on the seaward side of Bray Head, about halfway up, above the rest of the canopy. It is the point beyond which I have to ask something of myself to keep climbing, to keep moving upward. I think of Fergal Keyes every time I reach that tree. Every \u2026", "url": "https://www.irishtimes.com/life-and-style/health-family/coronavirus-this-is-bigger-than-all-of-us-but-it-s-about-every-single-one-of-us-1.4210103", "urlToImage": "https://www.irishtimes.com/image-creator/?id=1.4210099&origw=719", "publishedAt": "2020-03-31T05:01:00Z", "content": "A tree grows on the seaward side of Bray Head, about halfway up, above the rest of the canopy. It is the point beyond which I have to ask something of myself to keep climbing, to keep moving upward.\r\nI think of Fergal Keyes every time I reach that tree. Every\u2026 [+4296 chars]"}, {"source": {"id": "the-irish-times", "name": "The Irish Times"}, "author": "The Irish Times", "title": "Share your story: Have you or someone close to you had coronavirus?", "description": "With cases of Covid-19 now surging, The Irish Times would like to hear from our readers about their experiences of the virus, either personally or by someone close to them. In the coming days and weeks, we hope to publish some of these stories. Have you been \u2026", "url": "https://www.irishtimes.com/life-and-style/health-family/share-your-story-have-you-or-someone-close-to-you-had-coronavirus-1.4217034", "urlToImage": "https://www.irishtimes.com/image-creator/?id=1.4217033&origw=1440", "publishedAt": "2020-03-31T15:47:12Z", "content": "With cases of Covid-19 now surging, The Irish Times would like to hear from our readers about their experiences of the virus, either personally or by someone close to them. In the coming days and weeks, we hope to publish some of these stories.\r\nHave you been\u2026 [+994 chars]"}, {"source": {"id": "the-irish-times", "name": "The Irish Times"}, "author": null, "title": "Coronavirus: Teachers will not be redeployed to help health service, unions say", "description": "Teachers\u2019 unions say they do not expect members will be redeployed to assist with health services as part of the Government\u2019s efforts to contain the coronavirus pandemic. In a circular to school managers last week, the Department of Education said public serv\u2026", "url": "https://www.irishtimes.com/news/education/coronavirus-teachers-will-not-be-redeployed-to-help-health-service-unions-say-1.4217083", "urlToImage": "https://www.irishtimes.com/image-creator/?id=1.4217079&origw=1440", "publishedAt": "2020-03-31T16:20:24Z", "content": "Teachers unions say they do not expect members will be redeployed to assist with health services as part of the Governments efforts to contain the coronavirus pandemic.\r\nIn a circular to school managers last week, the Department of Education said public serva\u2026 [+177 chars]"}, {"source": {"id": "the-irish-times", "name": "The Irish Times"}, "author": "Sarah Burns", "title": "Coronavirus: Cruise ship with Irish on board to dock in Florida", "description": "A Dutch cruise ship which has a coronavirus outbreak and several Irish citizens on board is expected to dock in Florida in the coming days, the Department of Foreign Affairs and Trade has said. Four people have died on the MS Zaandam, though it is understood \u2026", "url": "https://www.irishtimes.com/news/ireland/irish-news/coronavirus-cruise-ship-with-irish-on-board-to-dock-in-florida-1.4216796", "urlToImage": "https://www.irishtimes.com/image-creator/?id=1.4216794&origw=1440", "publishedAt": "2020-03-31T10:31:44Z", "content": "A Dutch cruise ship which has a coronavirus outbreak and several Irish citizens on board is expected to dock in Florida in the coming days, the Department of Foreign Affairs and Trade has said.\r\nFour people have died on the MS Zaandam, though it is understood\u2026 [+905 chars]"}, {"source": {"id": "the-irish-times", "name": "The Irish Times"}, "author": "The Irish Times", "title": "Coronavirus: Spain suffers record number of deaths as UK figures surge", "description": "Almost 400 more fatalities in Britain while New York scramble for healthcare support", "url": "https://www.irishtimes.com/news/world/coronavirus-spain-suffers-record-number-of-deaths-as-uk-figures-surge-1.4216677", "urlToImage": "https://www.irishtimes.com/image-creator/?id=1.4216938&origw=1440", "publishedAt": "2020-03-31T07:07:16Z", "content": "A further 393 deaths from coronavirus have been recorded in the UK in the past 24 hours, according to figures released by public health officials.\r\nNHS England said a total of 1,651 people who have tested positive for coronavirus in England have died, up 367 \u2026 [+3025 chars]"}, {"source": {"id": "the-irish-times", "name": "The Irish Times"}, "author": "The Irish Times", "title": "Coronavirus: New York appeals for reinforcements as Asia warned to stay alert", "description": "Risk of transmission in region will not go away as long as pandemic continues", "url": "https://www.irishtimes.com/news/world/coronavirus-new-york-appeals-for-reinforcements-as-asia-warned-to-stay-alert-1.4216677", "urlToImage": "https://www.irishtimes.com/image-creator/?id=1.4216676&origw=1440", "publishedAt": "2020-03-31T07:07:16Z", "content": "New York officials have begged for health care reinforcements, saying up to a million more workers are needed to fight coronavirus, while the World Health Organisation warned that the pandemic is far from over in Asia as the worldwide toll passed 800,000.\r\nSp\u2026 [+3437 chars]"}, {"source": {"id": "the-irish-times", "name": "The Irish Times"}, "author": "Martin Chulov", "title": "Coronavirus: Fears over extent of outbreak in Iraq, Syria and Lebanon", "description": "Cases may far exceed official figures amid claims of quarantining by Hizbullah", "url": "https://www.irishtimes.com/news/world/middle-east/coronavirus-fears-over-extent-of-outbreak-in-iraq-syria-and-lebanon-1.4217159", "urlToImage": "https://www.irishtimes.com/image-creator/?id=1.4217158&origw=1440", "publishedAt": "2020-03-31T17:40:16Z", "content": "Health and other officials focused on Lebanon, Iraq and Syria fear the numbers of people infected with coronavirus far exceed the official figures disclosed by all three governments, and claim non-state actors are quarantining entire communities of patients i\u2026 [+5546 chars]"}, {"source": {"id": "the-irish-times", "name": "The Irish Times"}, "author": "Sally Hayden", "title": "Coronavirus: Ugandans prepare for a new war as clampdown takes hold", "description": "\u2018I don\u2019t know what might happen next but I\u2019m thinking most people will begin starving\u2019", "url": "https://www.irishtimes.com/news/world/africa/coronavirus-ugandans-prepare-for-a-new-war-as-clampdown-takes-hold-1.4217196", "urlToImage": "https://www.irishtimes.com/image-creator/?id=1.4217195&origw=1440", "publishedAt": "2020-03-31T18:28:48Z", "content": "The 5am darkness filled with distant wails, at first sounding like a ghostly wind. Then the clattering and shouting grew louder.\r\nAcross Gulu, a lively northern Ugandan city with a troubled past, locals were running through circular grass houses and rectangul\u2026 [+4003 chars]"}, {"source": {"id": "the-irish-times", "name": "The Irish Times"}, "author": "Lara Marlowe", "title": "How five days of evangelical worship set off the coronavirus outbreak in France", "description": "Religious gathering in Mulhouse megachurch was ground zero for French epidemic", "url": "https://www.irishtimes.com/news/world/europe/how-five-days-of-evangelical-worship-set-off-the-coronavirus-outbreak-in-france-1.4217239", "urlToImage": "https://www.irishtimes.com/image-creator/?id=1.4217238&origw=1440", "publishedAt": "2020-04-01T00:00:00Z", "content": "Three days after the Christian Open Door evangelical megachurchs week of prayer and fasting in Mulhouse, eastern France, pastor Samuel Peterschmitt, the organiser of the event, began feeling feverish. He, his six children and 13 grandchildren have all since b\u2026 [+5256 chars]"}, {"source": {"id": "the-irish-times", "name": "The Irish Times"}, "author": "The Irish Times", "title": "Coronavirus: Trump warns that the US faces \u2018a very tough two weeks\u2019", "description": "Top public health official says as many as 200,000 Americans are projected to die from coronavirus outbreak", "url": "https://www.irishtimes.com/news/world/us/coronavirus-trump-warns-that-the-us-faces-a-very-tough-two-weeks-1.4217306", "urlToImage": "https://www.irishtimes.com/image-creator/?id=1.4217304&origw=1440", "publishedAt": "2020-03-31T22:53:08Z", "content": "US president Donald Trump warned Americans the country faces a very tough two weeks as the number of infections and deaths from the coronavirus outbreak climb.\r\nThis is going to be a painful two weeks, Trump said on Tuesday at a White House briefing. Our stre\u2026 [+2305 chars]"}]}