{"status": "ok", "totalResults": 57, "articles": [{"source": {"id": "the-irish-times", "name": "The Irish Times"}, "author": "Freya McClements", "title": "Coronavirus: Derry blinds firm opens a window of opportunity", "description": "Bloc Blinds sets up shop in sports arena to make face shields for healthcare workers", "url": "https://www.irishtimes.com/news/ireland/irish-news/coronavirus-derry-blinds-firm-opens-a-window-of-opportunity-1.4218209", "urlToImage": "https://www.irishtimes.com/image-creator/?id=1.4218208&origw=1440", "publishedAt": "2020-04-02T00:00:18Z", "content": "Two weeks ago, Meadowbank Sports Arena in Magherafelt, Co Derry was full of primary school children taking part in a GAA blitz; today, the leisure centre has been turned into a factory making face shields for healthcare workers.\r\nI feel very privileged that I\u2026 [+4074 chars]"}, {"source": {"id": "the-irish-times", "name": "The Irish Times"}, "author": "Paul Cullen", "title": "Coronavirus: Should everybody be wearing masks to combat Covid-19?", "description": "Debate complicated by shortage of protective equipment and conflicting advice on masks", "url": "https://www.irishtimes.com/news/health/coronavirus-should-everybody-be-wearing-masks-to-combat-covid-19-1.4218062", "urlToImage": "https://www.irishtimes.com/image-creator/?id=1.4216205&origw=1440", "publishedAt": "2020-04-02T01:15:00Z", "content": "Should healthcare workers wear masks even for routine engagements with patients? And should the wider population also wear masks in order to suppress the spread of coronavirus?\r\nThese are questions that refuse to go away, despite official guidance, in Ireland\u2026 [+4717 chars]"}, {"source": {"id": "the-irish-times", "name": "The Irish Times"}, "author": "Gerry Moriarty", "title": "Coronavirus: Deaths in Northern Ireland rise to 36", "description": "Pubic Health Agency reports six further fatalities while 774 people have now tested positive", "url": "https://www.irishtimes.com/news/ireland/irish-news/coronavirus-deaths-in-northern-ireland-rise-to-36-1.4219078", "urlToImage": "https://www.irishtimes.com/image-creator/?id=1.4219077&origw=1440", "publishedAt": "2020-04-02T14:06:12Z", "content": "Six more people have died from coronavirus in Northern Ireland, according to the latest data on Thursday afternoon from the Norths Public Health Agency (PHA).\r\nThis brings the number of fatalities from the virus, also known as Covid-19, in the North to 36. Th\u2026 [+3939 chars]"}, {"source": {"id": "the-irish-times", "name": "The Irish Times"}, "author": "Colm Keena", "title": "Coronavirus: New initiative aims to answer needs of vulnerable", "description": "Community Call aims to marshal volunteering energy to help elderly and isolated", "url": "https://www.irishtimes.com/news/health/coronavirus-new-initiative-aims-to-answer-needs-of-vulnerable-1.4219432", "urlToImage": "https://www.irishtimes.com/image-creator/?id=1.4219431&origw=1440", "publishedAt": "2020-04-02T19:26:08Z", "content": "A major initiative that links local and national government with the community and voluntary sectors has been announced to help people during the Covid-19 crisis.\r\nThe purpose of Community Call is to co-ordinate community activity, direct community assistance\u2026 [+1749 chars]"}, {"source": {"id": "the-irish-times", "name": "The Irish Times"}, "author": "Paul Cullen", "title": "Coronavirus: Hospital advice varies widely on face masks", "description": "Debate complicated by shortage of protective equipment and conflicting advice on masks", "url": "https://www.irishtimes.com/news/health/coronavirus-hospital-advice-varies-widely-on-face-masks-1.4218062", "urlToImage": "https://www.irishtimes.com/image-creator/?id=1.4218051&origw=1440", "publishedAt": "2020-04-02T01:15:00Z", "content": "Should healthcare workers wear masks even for routine engagements with patients? And should the wider population also wear masks in order to suppress the spread of coronavirus?\r\nThese are questions that refuse to go away, despite official guidance, in Ireland\u2026 [+4717 chars]"}, {"source": {"id": "the-irish-times", "name": "The Irish Times"}, "author": "Gerry Moriarty", "title": "PSNI investigating \u2018potential domestic murders\u2019 during coronavirus crisis", "description": "Public Health Agency reports six Covid-19 fatalities and 774 confirmed cases", "url": "https://www.irishtimes.com/news/ireland/irish-news/psni-investigating-potential-domestic-murders-during-coronavirus-crisis-1.4219078", "urlToImage": "https://www.irishtimes.com/image-creator/?id=1.4219394&origw=1440", "publishedAt": "2020-04-02T14:06:12Z", "content": "Police in Northern Ireland are witnessing an increase in domestic violence and in domestic murders during the coronavirus pandemic, the Assemblys justice committee has heard.\r\nPSNI Assistant Chief Constable Alan Todd said police were investigating potential d\u2026 [+3326 chars]"}, {"source": {"id": "the-irish-times", "name": "The Irish Times"}, "author": "Vivienne Clarke", "title": "Coronavirus: \u2018Significant minority\u2019 of Travellers not following guidelines, says Pavee Point", "description": "Limited space cited as factor making it difficult for Travellers to self isolate", "url": "https://www.irishtimes.com/news/health/coronavirus-significant-minority-of-travellers-not-following-guidelines-says-pavee-point-1.4218828", "urlToImage": "https://www.irishtimes.com/image-creator/?id=1.4218827&origw=879", "publishedAt": "2020-04-02T07:17:21Z", "content": "A significant minority of Travellers are not observing the guidelines with regard to Covid-19, the director of Pavee Point has said.\r\nMartin Collins of the Traveller and Roma support centre told RT\u00c9 Radios Morning Ireland that by and large the message about t\u2026 [+637 chars]"}, {"source": {"id": "the-irish-times", "name": "The Irish Times"}, "author": "Nora-Ide McAuliffe", "title": "Coronavirus: Westmeath has the highest rate of Covid-19 in Ireland", "description": "Both Westmeath and Dublin rates significantly higher than rest of State", "url": "https://www.irishtimes.com/news/ireland/irish-news/coronavirus-westmeath-has-the-highest-rate-of-covid-19-in-ireland-1.4218810", "urlToImage": "https://www.irishtimes.com/image-creator/?id=1.4218809&origw=1440", "publishedAt": "2020-04-02T07:17:00Z", "content": "Westmeath currently has the highest rate of coronavirus cases outside of Dublin, analysis of the Health Protection Surveillance Centres data shows.\u00a0\r\nThis Irish Times analysis of the HPSCs figures is based on the latest breakdown of data by county made availa\u2026 [+2834 chars]"}, {"source": {"id": "the-irish-times", "name": "The Irish Times"}, "author": "Paul Cullen, Martin Wall", "title": "Coronavirus: At least 750 home carers to be redeployed to nursing homes", "description": "Sick nursing home residents will no longer be sent to hospital for treatment", "url": "https://www.irishtimes.com/news/health/coronavirus-at-least-750-home-carers-to-be-redeployed-to-nursing-homes-1.4218347", "urlToImage": "https://www.irishtimes.com/polopoly_fs/1.4218369.1585782457!/image/image.jpg", "publishedAt": "2020-04-02T00:48:07Z", "content": "Hundreds of home carers are to be redeployed to nursing and residential care homes to plug staffing gaps caused by outbreaks of coronavirus.\r\nSeparately, public health officials have said most nursing home residents who contract the disease will not be sent t\u2026 [+4035 chars]"}, {"source": {"id": "the-irish-times", "name": "The Irish Times"}, "author": null, "title": "Q&A: What financial help is available during the coronavirus pandemic?", "description": "State offering a range of supports to those who have seen their work affected by crisis", "url": "https://www.irishtimes.com/news/ireland/irish-news/q-a-what-financial-help-is-available-during-the-coronavirus-pandemic-1.4219013", "urlToImage": "https://www.irishtimes.com/image-creator/?id=1.4219012&origw=1440", "publishedAt": "2020-04-02T12:44:45Z", "content": "There are a range of emergency income supports available to people affected by the pandemic. It depends on the situation you are in, whether you are still employed or have lost your job, or whether you have to stay home to self-isolate or to care for someone \u2026 [+188 chars]"}, {"source": {"id": "the-irish-times", "name": "The Irish Times"}, "author": "The Irish Times", "title": "Coronavirus: Cabinet to assess \u2018stay at home\u2019 measures as 50,000 deaths expected worldwide", "description": "WHO expects one million confirmed cases and 50,000 deaths worldwide", "url": "https://www.irishtimes.com/news/health/coronavirus-cabinet-to-assess-stay-at-home-measures-as-50-000-deaths-expected-worldwide-1.4218792", "urlToImage": "https://www.irishtimes.com/image-creator/?id=1.4218791&origw=1440", "publishedAt": "2020-04-02T05:43:40Z", "content": "The Cabinet committee on Covid-19 will meet on Thursday almost a week after new restrictions on movement were announced last Friday. \r\nThe group, chaired by Taoiseach Leo Varadkar, will assess the impact of the measures announced by him in a television addres\u2026 [+3092 chars]"}, {"source": {"id": "the-irish-times", "name": "The Irish Times"}, "author": "The Irish Times", "title": "Coronavirus: President Higgins message to be broadcast on local radio stations", "description": "Cabinet assessing \u2018stay at home\u2019 measures as 50,000 deaths expected worldwide", "url": "https://www.irishtimes.com/news/health/coronavirus-president-higgins-message-to-be-broadcast-on-local-radio-stations-1.4218792", "urlToImage": "https://www.irishtimes.com/image-creator/?id=1.4218791&origw=1440", "publishedAt": "2020-04-02T05:43:40Z", "content": "The Cabinet committee on Covid-19 will meet on Thursday almost a week after new restrictions on movement were announced last Friday.\r\nThe group, chaired by Taoiseach Leo Varadkar, is assessing the impact of the measures announced by him in a television addres\u2026 [+3665 chars]"}, {"source": {"id": "the-irish-times", "name": "The Irish Times"}, "author": "Sarah Burns", "title": "Tributes to \u2018stalwart\u2019 of London-Irish community who died from coronavirus", "description": "Alice Kennedy (83) was chair of the Irish Elderly Advice Network originally from Co Laois", "url": "https://www.irishtimes.com/news/ireland/irish-news/tributes-to-stalwart-of-london-irish-community-who-died-from-coronavirus-1.4219105", "urlToImage": "https://www.irishtimes.com/image-creator/?id=1.4219104&origw=1151", "publishedAt": "2020-04-02T14:24:50Z", "content": "Tributes have been paid to Alice Kennedy, chair of the Irish Elderly Advice Network in London, who has died from coronavirus.\r\nThe 83-year-old, who was originally from Clonaslee, Co Laois has been remembered as a stalwart of the Irish community in London by t\u2026 [+1829 chars]"}, {"source": {"id": "the-irish-times", "name": "The Irish Times"}, "author": "Nora-Ide McAuliffe", "title": "Coronavirus: Westmeath has highest rate of Covid-19 outside of Dublin", "description": "Both Westmeath and Dublin rates significantly higher than rest of State", "url": "https://www.irishtimes.com/news/ireland/irish-news/coronavirus-westmeath-has-highest-rate-of-covid-19-outside-of-dublin-1.4218810", "urlToImage": "https://www.irishtimes.com/image-creator/?id=1.4218809&origw=1440", "publishedAt": "2020-04-02T07:17:00Z", "content": "Westmeath currently has the highest rate of coronavirus cases outside of Dublin, analysis of the Health Protection Surveillance Centres data shows.\u00a0\r\nThis Irish Times analysis of the HPSCs figures is based on the latest breakdown of data by county made availa\u2026 [+2834 chars]"}, {"source": {"id": "the-irish-times", "name": "The Irish Times"}, "author": "Gerry Moriarty", "title": "DUP politician did not intend to \u2018cause hurt\u2019 when linking coronavirus to abortion law", "description": "Councillor John Carson claimed pandemic God\u2019s judgment on \u2018immoral\u2019 British government", "url": "https://www.irishtimes.com/news/ireland/irish-news/dup-politician-did-not-intend-to-cause-hurt-when-linking-coronavirus-to-abortion-law-1.4219288", "urlToImage": "https://www.irishtimes.com/image-creator/?id=1.4219287&origw=1440", "publishedAt": "2020-04-02T16:45:13Z", "content": "The DUP has distanced itself from one its councillors who said the Covid-19 crisis was Gods judgment on an immoral British government liberalising abortion in Northern Ireland. \r\nDUP councillor John Carson, who represents Ballymena on Mid and East Antrim coun\u2026 [+2510 chars]"}, {"source": {"id": "the-irish-times", "name": "The Irish Times"}, "author": "Conor Lally", "title": "Call for jails to release more prisoners due to coronavirus crisis", "description": "A small number of prison officers have contracted Covid-19 virus", "url": "https://www.irishtimes.com/news/crime-and-law/call-for-jails-to-release-more-prisoners-due-to-coronavirus-crisis-1.4219087", "urlToImage": "https://www.irishtimes.com/image-creator/?id=1.4219086&origw=723", "publishedAt": "2020-04-02T14:12:55Z", "content": "The release of prisoners from Irish jails has stalled and more should be set free to prepare for the surge in Covid-19 cases, social justice campaign Fr Peter McVerry has said.\r\nHe has pointed out that the number of Covid-19 cases in the prison system in Engl\u2026 [+3083 chars]"}, {"source": {"id": "the-irish-times", "name": "The Irish Times"}, "author": "Gerry Moriarty", "title": "\u2018It\u2019s Sinn F\u00e9in against the rest\u2019: NI Executive in conflict over coronavirus", "description": "Party counters accusations of divisiveness by saying it will not unify on \u2018flawed approaches\u2019", "url": "https://www.irishtimes.com/news/ireland/irish-news/it-s-sinn-f%C3%A9in-against-the-rest-ni-executive-in-conflict-over-coronavirus-1.4218130", "urlToImage": "https://www.irishtimes.com/image-creator/?id=1.4218129&origw=1440", "publishedAt": "2020-04-02T02:00:00Z", "content": "Newly back in existence, the Northern Executive is riven with tensions over the battle against Covid-19, with Sinn F\u00e9in Ministers accused of ganging up against the rest and Sinn F\u00e9in in turn robustly defending their belligerence.\r\nEvery working evening Monday\u2026 [+8915 chars]"}, {"source": {"id": "the-irish-times", "name": "The Irish Times"}, "author": null, "title": "Coronavirus: UCD researchers using 3D printing to make medical face shields", "description": "I-Form has made and distributed 600 guards to healthcare staff across Dublin in just days", "url": "https://www.irishtimes.com/news/health/coronavirus-ucd-researchers-using-3d-printing-to-make-medical-face-shields-1.4219222", "urlToImage": "https://www.irishtimes.com/image-creator/?id=1.4219220&origw=1440", "publishedAt": "2020-04-02T15:46:42Z", "content": "An advanced manufacturing research facility based in University College Dublin (UCD) has designed a face shield for medical staff working on the Covid-19 frontline in the space of a week, and is already scaling up production.\r\nUsing its expertise in 3D printi\u2026 [+142 chars]"}, {"source": {"id": "the-irish-times", "name": "The Irish Times"}, "author": "Eoin Burke-Kennedy", "title": "Coronavirus punches \u20ac800m hole in public finances", "description": "Latest exchequer returns show VAT was over \u20ac1bn below expectations in March", "url": "https://www.irishtimes.com/business/economy/coronavirus-punches-800m-hole-in-public-finances-1.4219027", "urlToImage": "https://www.irishtimes.com/image-creator/?id=1.4219026&origw=1440", "publishedAt": "2020-04-02T13:00:19Z", "content": "The Governments finances have been hit hard by the coronavirus crisis with tax receipts for March coming in nearly 800 million below what had been expected.\r\nThe latest exchequer returns, published by the Department of Finance, show the Government collected 1\u2026 [+1512 chars]"}, {"source": {"id": "the-irish-times", "name": "The Irish Times"}, "author": "Karlin Lillington", "title": "Coronavirus: Contact tracing app raises privacy concerns", "description": "Two types of very revealing data \u2013 location and health information \u2013 will be gathered", "url": "https://www.irishtimes.com/business/technology/coronavirus-contact-tracing-app-raises-privacy-concerns-1.4219224", "urlToImage": "https://www.irishtimes.com/image-creator/?id=1.4219223&origw=1440", "publishedAt": "2020-04-03T00:00:00Z", "content": "As the HSE prepares a coronavirus contact tracing app for voluntary download in the next 10 days, the Irish public should expect to have numerous questions clearly answered before placing it on their own phones.\r\nSeveral countries, primarily in east Asia, are\u2026 [+4563 chars]"}, {"source": {"id": "the-irish-times", "name": "The Irish Times"}, "author": "The Irish Times", "title": "Asian markets hit as US coronavirus death toll rises", "description": "Investors brace for further signs of pain in US economy", "url": "https://www.irishtimes.com/business/markets/asian-markets-hit-as-us-coronavirus-death-toll-rises-1.4218808", "urlToImage": "https://www.irishtimes.com/image-creator/?id=1.4218807&origw=1440", "publishedAt": "2020-04-02T06:33:13Z", "content": "Asian share markets were pinned down on Thursday, haunted by the rising US coronavirus death toll, and with investors braced for more signs of economic pain in the worlds largest economy ahead of another likely record week of jobless claims.\r\nWith hopes growi\u2026 [+3424 chars]"}, {"source": {"id": "the-irish-times", "name": "The Irish Times"}, "author": null, "title": "Coronavirus: first stark evidence emerges of the economic price", "description": "Smart Money: half a million people are now out of work as the impact starts to bite", "url": "https://www.irishtimes.com/business/economy/coronavirus-first-stark-evidence-emerges-of-the-economic-price-1.4218826", "urlToImage": "https://www.irishtimes.com/image-creator/?id=1.4218825&origw=1253", "publishedAt": "2020-04-02T07:17:35Z", "content": "Precise economic forecasting has gone out the window in the current crisis. The world economy is off script. \r\nWhat happens next economically all depends on the path of the virus, the success of efforts to control it and, crucially, when and how restrictions \u2026 [+10 chars]"}, {"source": {"id": "the-irish-times", "name": "The Irish Times"}, "author": "Eoin Burke-Kennedy", "title": "Coronavirus: Record 330,550 jump in numbers claiming jobless benefits", "description": "Live Register hits all-time high of 513,350 as pandemic delivers shock to labour market", "url": "https://www.irishtimes.com/business/economy/coronavirus-record-330-550-jump-in-numbers-claiming-jobless-benefits-1.4218906", "urlToImage": "https://www.irishtimes.com/image-creator/?id=1.4219411&origw=1440", "publishedAt": "2020-04-02T10:16:58Z", "content": "The number of benefit claimants on the Live Register has risen by a record 330,550 as a result of measures to control the spread of coronavirus.\r\nThe unprecedented monthly increase for March lifted the seasonally adjusted total to an all-time high of 513,350,\u2026 [+3261 chars]"}, {"source": {"id": "the-irish-times", "name": "The Irish Times"}, "author": null, "title": "Coronavirus punches \u20ac2 billion hole in public finances", "description": "Latest exchequer returns show VAT more than \u20ac1bn below expectations in March", "url": "https://www.irishtimes.com/business/economy/coronavirus-punches-2-billion-hole-in-public-finances-1.4219027", "urlToImage": "https://www.irishtimes.com/image-creator/?id=1.4219026&origw=1440", "publishedAt": "2020-04-02T13:00:19Z", "content": "The Governments finances have been hit by the coronavirus crisis with tax receipts for March coming in nearly 800 million below profile while spending is up by an unexpected 1.1 billion due to increased health and social welfare expenditure.\r\nPublishing the l\u2026 [+222 chars]"}, {"source": {"id": "the-irish-times", "name": "The Irish Times"}, "author": "The Irish Times", "title": "Coronavirus: Derry Girls share \u2018isolation\u2019 home video", "description": "It\u2019s 1996, and Erin and Orla have decamped to the hot press amid danger on the streets", "url": "https://www.irishtimes.com/culture/tv-radio-web/coronavirus-derry-girls-share-isolation-home-video-1.4219088", "urlToImage": "https://www.irishtimes.com/image-creator/?id=1.4219083&origw=1265", "publishedAt": "2020-04-02T14:15:07Z", "content": "Two of the Derry Girls have shared a coronavirus lockdown-inspired home video.\r\nIts the mid-1990s, and Erin (played by Saoirse Monica Jackson) and Orla (Louisa Harland) have decamped to the safety of the hot press amid tensions in the city.\r\nGood evening, my \u2026 [+783 chars]"}, {"source": {"id": "the-irish-times", "name": "The Irish Times"}, "author": "The Irish Times", "title": "Boeing set to offer voluntary layoffs to employees amid coronavirus fallout", "description": "Planemaker has also frozen hiring and overtime pay", "url": "https://www.irishtimes.com/business/transport-and-tourism/boeing-set-to-offer-voluntary-layoffs-to-employees-amid-coronavirus-fallout-1.4218806", "urlToImage": "https://www.irishtimes.com/image-creator/?id=1.4218805&origw=1440", "publishedAt": "2020-04-02T06:07:22Z", "content": "Boeing is set to offer buyout and early retirement packages to employees, sources said on Wednesday, a bid to mitigate the financial fallout from the coronavirus pandemic.\r\nBoeing was initiating a voluntary layoff plan that allows eligible employees who want \u2026 [+1632 chars]"}, {"source": {"id": "the-irish-times", "name": "The Irish Times"}, "author": "Charlie Taylor, Kevin O'Sullivan", "title": "Coronavirus: UCD researchers using 3D printing to make face shields for medics", "description": "SFI supported I-Form has produced and distributed 600 face shields this week", "url": "https://www.irishtimes.com/business/innovation/coronavirus-ucd-researchers-using-3d-printing-to-make-face-shields-for-medics-1.4219040", "urlToImage": "https://www.irishtimes.com/image-creator/?id=1.4219039&origw=1440", "publishedAt": "2020-04-02T13:12:40Z", "content": "An advanced manufacturing research facility based in University College Dublin (UCD) has designed a face shield for medical staff working on the Covid-19 frontline in the space of a week, and is already scaling up production.\r\nUsing its expertise in 3D printi\u2026 [+2278 chars]"}, {"source": {"id": "the-irish-times", "name": "The Irish Times"}, "author": "Stephen Dixon", "title": "Comedian Eddie Large dies aged 78 after contracting coronavirus", "description": "Fast-talking impressionist was one half of the British TV comic duo Little and Large", "url": "https://www.irishtimes.com/culture/tv-radio-web/comedian-eddie-large-dies-aged-78-after-contracting-coronavirus-1.4219155", "urlToImage": "https://www.irishtimes.com/image-creator/?id=1.4219153&origw=960", "publishedAt": "2020-04-02T15:09:58Z", "content": "The beaming, ebullient, fast-talking comedian and impressionist Eddie Large, who has died aged 78, having contracted coronavirus while being treated for heart failure, was half of a double-act that partially eclipsed Morecambe and Wise on British television i\u2026 [+5665 chars]"}, {"source": {"id": "the-irish-times", "name": "The Irish Times"}, "author": "The Irish Times", "title": "US weekly jobless claims hit new record high as coronavirus pandemic spreads", "description": "Numbers claiming unemployment benefit top 6m as stay-at-home measures implemented", "url": "https://www.irishtimes.com/business/technology/us-weekly-jobless-claims-hit-new-record-high-as-coronavirus-pandemic-spreads-1.4219029", "urlToImage": "https://www.irishtimes.com/image-creator/?id=1.4219028&origw=1440", "publishedAt": "2020-04-02T13:00:34Z", "content": "The number of Americans filing claims for unemployment benefits last week shot to a record high for a second week in a row - topping 6 million - as more jurisdictions enforced stay-at-home measures to curb the coronavirus pandemic, which economists say has pu\u2026 [+2605 chars]"}, {"source": {"id": "the-irish-times", "name": "The Irish Times"}, "author": null, "title": "Coronavirus: putting numbers on what this means for the economy", "description": "Smart Money: forecasting is still very difficult, but here\u2019s what it is starting to look like", "url": "https://www.irishtimes.com/business/economy/coronavirus-putting-numbers-on-what-this-means-for-the-economy-1.4218826", "urlToImage": "https://www.irishtimes.com/image-creator/?id=1.4218825&origw=1253", "publishedAt": "2020-04-02T07:17:35Z", "content": "Precise economic forecasting now is well nigh impossible. It all depends on the path of the virus, the success of efforts to control it and, crucially, when and how restrictions are lifted. Large parts of the economy are shut down key now is when they can reo\u2026 [+656 chars]"}, {"source": {"id": "the-irish-times", "name": "The Irish Times"}, "author": "Kieran Southern", "title": "Coronavirus: Fountains of Wayne star Adam Schlesinger dies aged 52", "description": "Singer-songwriter best known for his work with the rock band and TV drama Crazy Ex-Girlfriend", "url": "https://www.irishtimes.com/culture/music/coronavirus-fountains-of-wayne-star-adam-schlesinger-dies-aged-52-1.4218833", "urlToImage": "https://www.irishtimes.com/image-creator/?id=1.4218832&origw=1200", "publishedAt": "2020-04-02T07:39:12Z", "content": "Award-winning singer-songwriter Adam Schlesinger, has reportedly died aged 52, after being diagnosed with coronavirus.\r\nHe died on Wednesday morning, according to Variety.\r\nA statement from his family on Tuesday said he was in hospital in New York fighting co\u2026 [+2758 chars]"}, {"source": {"id": "the-irish-times", "name": "The Irish Times"}, "author": null, "title": "Coronavirus: what do the new figures show about impact on Irish economy?", "description": "Smart Money: half a million people are now out of work as the impact starts to bite", "url": "https://www.irishtimes.com/business/economy/coronavirus-what-do-the-new-figures-show-about-impact-on-irish-economy-1.4218826", "urlToImage": "https://www.irishtimes.com/image-creator/?id=1.4218825&origw=1253", "publishedAt": "2020-04-02T07:17:35Z", "content": "Precise economic forecasting has gone out the window in the current crisis. The world economy is off script. \r\nWhat happens next economically all depends on the path of the virus, the success of efforts to control it and, crucially, when and how restrictions \u2026 [+10 chars]"}, {"source": {"id": "the-irish-times", "name": "The Irish Times"}, "author": null, "title": "Coronavirus: can we start to estimate the impact on the Irish economy?", "description": "Smart Money: half a million people are now out of work as the impact starts to bite", "url": "https://www.irishtimes.com/business/economy/coronavirus-can-we-start-to-estimate-the-impact-on-the-irish-economy-1.4218826", "urlToImage": "https://www.irishtimes.com/image-creator/?id=1.4218825&origw=1253", "publishedAt": "2020-04-02T07:17:35Z", "content": "Precise economic forecasting has gone out the window in the current crisis. The world economy is off script. \r\nWhat happens next economically all depends on the path of the virus, the success of efforts to control it and, crucially, when and how restrictions \u2026 [+10 chars]"}, {"source": {"id": "the-irish-times", "name": "The Irish Times"}, "author": "Klaus Regling", "title": "Klaus Regling: Eurobonds are not the solution to the cost of coronavirus", "description": "Existing European institutions have the fire power needed and common European bonds will take time we do not have", "url": "https://www.irishtimes.com/opinion/klaus-regling-eurobonds-are-not-the-solution-to-the-cost-of-coronavirus-1.4219402", "urlToImage": "https://www.irishtimes.com/image-creator/?id=1.4219400&origw=1440", "publishedAt": "2020-04-02T18:23:32Z", "content": "The coronavirus pandemic is a global shock hitting all European economies. Europe is facing the worst health crisis since the Spanish flu a century ago. As a result, Europes economies will suffer much more damage than initially expected. This requires a conce\u2026 [+5144 chars]"}, {"source": {"id": "the-irish-times", "name": "The Irish Times"}, "author": "The Irish Times", "title": "Coronavirus and civil liberties", "description": "Sir, \u2013 I read with concern Liam Herrick\u2019s article \u201cThere is no conflict between human rights and public health measures\u201d (Opinion & Analysis, April 1st). The executive director of the Irish Council for Civil Liberties cogently argues that human rights are not\u2026", "url": "https://www.irishtimes.com/opinion/letters/coronavirus-and-civil-liberties-1.4219317", "urlToImage": "https://www.irishtimes.com/polopoly_fs/1.3619339.1536160376!/image/image.jpg", "publishedAt": "2020-04-02T23:11:00Z", "content": "Sir, I read with concern Liam Herricks article There is no conflict between human rights and public health measures (Opinion &amp; Analysis, April 1st).\r\nThe executive director of the Irish Council for Civil Liberties cogently argues that human rights are not\u2026 [+1537 chars]"}, {"source": {"id": "the-irish-times", "name": "The Irish Times"}, "author": "The Irish Times", "title": "Spain\u2019s coronavirus death toll rises above 10,000 overnight", "description": "WHO chief predicts one million cases of virus and 50,000 deaths worldwide within days", "url": "https://www.irishtimes.com/news/world/spain-s-coronavirus-death-toll-rises-above-10-000-overnight-1.4218790", "urlToImage": "https://www.irishtimes.com/image-creator/?id=1.4218789&origw=1440", "publishedAt": "2020-04-02T05:41:08Z", "content": "Spains death toll from coronavirus surpassed the 10,000 threshold after a record 950 people died overnight, the countrys health ministry said on Thursday.\r\nThe countrys total death toll caused by the disease was 10,003 while the number of cases registered ros\u2026 [+5453 chars]"}, {"source": {"id": "the-irish-times", "name": "The Irish Times"}, "author": "The Irish Times", "title": "Coronavirus: UK hospital deaths rise 24% to reach 2,921", "description": "Record 950 fatalities in Spain as WHO chief predicts one million cases within days", "url": "https://www.irishtimes.com/news/world/coronavirus-uk-hospital-deaths-rise-24-to-reach-2-921-1.4218790", "urlToImage": "https://www.irishtimes.com/image-creator/?id=1.4219056&origw=1440", "publishedAt": "2020-04-02T05:41:08Z", "content": "The UKs death toll from coronavirus has risen 24 per cent to 2,921.\r\nAs of 9am on Thursday, a total of 163,194 people had been tested of which 33,718 tested positive, the health ministry said.\r\nOf those hospitalised in the UK who tested positive for coronavir\u2026 [+4413 chars]"}, {"source": {"id": "the-irish-times", "name": "The Irish Times"}, "author": "Daniel McLaughlin", "title": "\u2018Putin is crazy\u2019: Russian leader lambasted over US coronavirus aid", "description": "Kremlin says medical supplies sent to US in \u2018solidarity\u2019 but critics argue equipment needed in Russia", "url": "https://www.irishtimes.com/news/world/europe/putin-is-crazy-russian-leader-lambasted-over-us-coronavirus-aid-1.4218952", "urlToImage": "https://www.irishtimes.com/image-creator/?id=1.4218947&origw=1440", "publishedAt": "2020-04-02T11:31:05Z", "content": "Moscow has flown medical equipment to the United States in a show of solidarity in the fight against coronavirus, but critics called the move a cynical public relations stunt and a dangerous drain on supplies in Russia. \r\nThe delivery came as President Donald\u2026 [+3522 chars]"}, {"source": {"id": "the-irish-times", "name": "The Irish Times"}, "author": "The Irish Times", "title": "Coronavirus: Global confirmed cases pass one million", "description": "More than a million cases of coronavirus have been registered globally, and the number of confirmed deaths has passed 50,000, according to research by Johns Hopkins University. Italy remains the country worst affected by the outbreak, with 13,915 deaths, foll\u2026", "url": "https://www.irishtimes.com/news/world/coronavirus-global-confirmed-cases-pass-one-million-1.4218790", "urlToImage": "https://www.irishtimes.com/image-creator/?id=1.4219435&origw=1440", "publishedAt": "2020-04-02T05:41:08Z", "content": "More than a million cases of coronavirus have been registered globally, and the number of confirmed deaths has passed 50,000, according to research by Johns Hopkins University.\r\nItaly remains the country worst affected by the outbreak, with 13,915 deaths, fol\u2026 [+6866 chars]"}, {"source": {"id": "the-irish-times", "name": "The Irish Times"}, "author": "The Irish Times", "title": "Coronavirus: Death toll passes 50,000 worldwide", "description": "More than a million cases of coronavirus have been registered globally, and the number of confirmed deaths has passed 51,000, according to research by Johns Hopkins University. Italy remains the country worst affected by the outbreak, with 13,915 deaths, foll\u2026", "url": "https://www.irishtimes.com/news/world/coronavirus-death-toll-passes-50-000-worldwide-1.4218790", "urlToImage": "https://www.irishtimes.com/image-creator/?id=1.4219435&origw=1440", "publishedAt": "2020-04-02T05:41:08Z", "content": "More than a million cases of coronavirus have been registered globally, and the number of confirmed deaths has passed 51,000, according to research by Johns Hopkins University.\r\nItaly remains the country worst affected by the outbreak, with 13,915 deaths, fol\u2026 [+7688 chars]"}, {"source": {"id": "the-irish-times", "name": "The Irish Times"}, "author": "Suzanne Lynch", "title": "Coronavirus: 6.6m Americans file for unemployment in a week", "description": "The number of Americans signing up for unemployment benefits soared last week, reflecting the deep impact the coronavirus crisis is having on the US economy. Some 6.6 million workers filed for unemployment insurance last week, according to the department of l\u2026", "url": "https://www.irishtimes.com/news/world/us/coronavirus-6-6m-americans-file-for-unemployment-in-a-week-1.4219438", "urlToImage": "https://www.irishtimes.com/image-creator/?id=1.4219437&origw=1440", "publishedAt": "2020-04-02T19:46:19Z", "content": "The number of Americans signing up for unemployment benefits soared last week, reflecting the deep impact the coronavirus crisis is having on the US economy. \u00a0\r\nSome 6.6 million workers filed for unemployment insurance last week, according to the department o\u2026 [+3871 chars]"}, {"source": {"id": "the-irish-times", "name": "The Irish Times"}, "author": "George Winter", "title": "First person to see a human coronavirus was from Scotland", "description": "The first person to see a human coronavirus was raised in a Glasgow tenement and left school at 16. Dr June Almeida (1930-2007), internationally renowned for her pioneering electron microscope (EM) techniques, began her working life as a histopathology lab te\u2026", "url": "https://www.irishtimes.com/life-and-style/health-family/first-person-to-see-a-human-coronavirus-was-from-scotland-1.4210048", "urlToImage": "https://www.irishtimes.com/image-creator/?id=1.4210046&origw=1440", "publishedAt": "2020-04-02T05:01:00Z", "content": "The first person to see a human coronavirus was raised in a Glasgow tenement and left school at 16. Dr June Almeida (1930-2007), internationally renowned\r\n for her pioneering electron microscope (EM) techniques, began her working life as a histopathology lab \u2026 [+5928 chars]"}, {"source": {"id": "the-irish-times", "name": "The Irish Times"}, "author": null, "title": "Coronavirus: Number of deaths almost reaches 100 mark", "description": "The number of people who have died from Covid-19 in Ireland has almost reached the 100 mark. At a briefing by the National Public Health Emergency Team on Thursday evening, the Health Protection Surveillance Centre (HPSC) showed that 13 new fatalities now bri\u2026", "url": "https://www.irishtimes.com/news/health/coronavirus-number-of-deaths-almost-reaches-100-mark-1.4219351", "urlToImage": "https://www.irishtimes.com/image-creator/?id=1.4219350&origw=636", "publishedAt": "2020-04-02T17:29:40Z", "content": "The number of people who have died from Covid-19 in Ireland has almost reached the 100 mark. \r\nAt a briefing by the National Public Health Emergency Team on Thursday evening, the Health Protection Surveillance Centre (HPSC) said 13 new fatalities now bring th\u2026 [+13 chars]"}, {"source": {"id": "the-irish-times", "name": "The Irish Times"}, "author": "Eoin Burke-Kennedy", "title": "Central Bank warns of \u20ac22bn hole in public finances from coronavirus crisis", "description": "Bank says output could shrink by 8.3% with up to 500,000 jobs being lost", "url": "https://www.irishtimes.com/business/economy/central-bank-warns-of-22bn-hole-in-public-finances-from-coronavirus-crisis-1.4219419", "urlToImage": "https://www.irishtimes.com/image-creator/?id=1.4219449&origw=1253", "publishedAt": "2020-04-02T23:01:00Z", "content": "The Central Bank has warned that the coronavirus crisis is likely to blow a 22 billion hole in the States finances and could see half a million people losing their jobs.\r\nIn its latest quarterly bulletin, published on Friday, it says lost tax revenue and incr\u2026 [+5428 chars]"}, {"source": {"id": "the-irish-times", "name": "The Irish Times"}, "author": "The Irish Times", "title": "Coronavirus: Surge in cases still expected to hit hospitals in coming days and weeks", "description": "New initiative to link volunteers, local authorities, community groups", "url": "https://www.irishtimes.com/news/health/coronavirus-surge-in-cases-still-expected-to-hit-hospitals-in-coming-days-and-weeks-1.4218792", "urlToImage": "https://www.irishtimes.com/image-creator/?id=1.4218936&origw=1440", "publishedAt": "2020-04-02T05:43:40Z", "content": "T\u00e1naiste Simon Coveney has said that health authorities are still expecting a surge of cases to hit hospitals in the coming days and weeks.\r\nMr Coveney told a press briefing that the Government does not yet know if the greatly increased capacity in the hospit\u2026 [+5975 chars]"}, {"source": {"id": "the-irish-times", "name": "The Irish Times"}, "author": "Mark Hilliard", "title": "Ireland has strategy to \u2018break the chains\u2019 of coronavirus - WHO\u2019s Mike Ryan", "description": "\u2018I\u2019m proud to be an Irishman watching the way communities have and acted\u2019 head of emergencies programme says", "url": "https://www.irishtimes.com/news/health/ireland-has-strategy-to-break-the-chains-of-coronavirus-who-s-mike-ryan-1.4219495", "urlToImage": "https://www.irishtimes.com/image-creator/?id=1.4219493&origw=1440", "publishedAt": "2020-04-02T21:17:30Z", "content": "Ireland is doing a good job in setting out the kind of strategy required to break the chains of coronavirus, the head of the World Health Organisations (WHO) emergencies programme has said.\r\nDr Mike Ryan warned that while Europe may soon see a peak in the spr\u2026 [+1988 chars]"}, {"source": {"id": "the-irish-times", "name": "The Irish Times"}, "author": "Pat Leahy", "title": "Coronavirus: 13 more deaths in Republic with 402 new cases confirmed", "description": "T\u00e1naiste says surge in cases still expected to hit hospitals in coming days and weeks", "url": "https://www.irishtimes.com/news/health/coronavirus-13-more-deaths-in-republic-with-402-new-cases-confirmed-1.4218792", "urlToImage": "https://www.irishtimes.com/image-creator/?id=1.4218936&origw=1440", "publishedAt": "2020-04-02T05:43:40Z", "content": "Another 13 patients diagnosed with coronavirus have died and a further 402 new cases have been confirmed, the National Public Health Emergency Team reported on Thursday evening.\r\nThe patients included four women and nine men.\r\nNine of the deaths occurred in t\u2026 [+7355 chars]"}, {"source": {"id": "the-irish-times", "name": "The Irish Times"}, "author": null, "title": "Varadkar: Decision next week on relaxing coronavirus restrictions", "description": "Economic picture \u2018very bad\u2019 and Ireland is facing into a recession, Taoiseach says", "url": "https://www.irishtimes.com/news/politics/varadkar-decision-next-week-on-relaxing-coronavirus-restrictions-1.4219397", "urlToImage": "https://www.irishtimes.com/image-creator/?id=1.4219396&origw=1440", "publishedAt": "2020-04-02T18:13:41Z", "content": "A decision will be made towards the end of next week on whether or not to relax the current restrictions imposed on the public to halt the spread of the coronavirus, Taoiseach Leo Varadkar has said.\r\nMr Varadkar has also warned that the economic picture is ve\u2026 [+50 chars]"}, {"source": {"id": "the-irish-times", "name": "The Irish Times"}, "author": null, "title": "Coronavirus: Austrian supermarket mask rule divides experts", "description": "Some doctors are concerned that few will heed the golden rules of wearing a mask", "url": "https://www.irishtimes.com/news/world/europe/coronavirus-austrian-supermarket-mask-rule-divides-experts-1.4219300", "urlToImage": "https://www.irishtimes.com/image-creator/?id=1.4219299&origw=1440", "publishedAt": "2020-04-02T17:03:39Z", "content": "When Austrian chancellor Sebastian Kurz introduced a public ban on headscarves and veils in 2017, he described such head and face coverings as a symbol of a counter-society. \r\nNow Kurz is leading the Austrian avant garde once more in the other direction. From\u2026 [+83 chars]"}, {"source": {"id": "the-irish-times", "name": "The Irish Times"}, "author": "Bill Corcoran", "title": "Coronavirus: South Africa ramps up testing in townships", "description": "Government sends out 10,000 volunteers in effort to contain virus ahead of flu season", "url": "https://www.irishtimes.com/news/world/africa/coronavirus-south-africa-ramps-up-testing-in-townships-1.4219339", "urlToImage": "https://www.irishtimes.com/image-creator/?id=1.4219338&origw=1440", "publishedAt": "2020-04-02T17:19:10Z", "content": "South Africas government has mobilised 10,000 volunteers to roll out coronavirus screening nationwide, as it ramps up efforts to contain the spread of the disease in rural areas and densely-populated townships ahead of the coming flu season.\r\nOn Wednesday the\u2026 [+3493 chars]"}, {"source": {"id": "the-irish-times", "name": "The Irish Times"}, "author": "David Montgomery and Manny Fernandez", "title": "Seventy Texas students partied in Mexico \u2013 44 returned with coronavirus", "description": "Austin outbreak is latest to result from US college students ignoring social distancing guidelines", "url": "https://www.irishtimes.com/news/world/us/seventy-texas-students-partied-in-mexico-44-returned-with-coronavirus-1.4218935", "urlToImage": "https://www.irishtimes.com/image-creator/?id=1.4218933&origw=1440", "publishedAt": "2020-04-02T10:51:03Z", "content": "Two weeks ago, amid the coronavirus pandemic, about 70 students from the University of Texas in Austin partied in Mexico on a spring break. The students, all in their 20s, flew on a chartered plane to Cabo San Lucas, and some returned on separate commercial f\u2026 [+4472 chars]"}, {"source": {"id": "the-irish-times", "name": "The Irish Times"}, "author": "Janan Ganesh", "title": "Coronavirus exposing true state of global affairs in 21st century", "description": "US Politics: No single country or bloc is strong enough to lead the world to a solution", "url": "https://www.irishtimes.com/news/world/coronavirus-exposing-true-state-of-global-affairs-in-21st-century-1.4218877", "urlToImage": "https://www.irishtimes.com/image-creator/?id=1.4218875&origw=1440", "publishedAt": "2020-04-02T13:00:00Z", "content": "It would be tasteless to crown the geopolitical winner of the coronavirus pandemic. What a blessing, then, that there isnt one.\r\nNot one global power has distinguished itself of late. From the US, there has been no Bretton Woods or Desert Storm in this crisis\u2026 [+4489 chars]"}, {"source": {"id": "the-irish-times", "name": "The Irish Times"}, "author": null, "title": "Tributes to \u2018stalwart\u2019 of London-Irish community who died from coronavirus", "description": "Tributes have been paid to Alice Kennedy, chair of the Irish Elderly Advice Network in London, who has died from coronavirus. The 83-year-old, who was originally from Clonaslee, Co Laois has been remembered as \u201ca stalwart\u201d of the Irish community in London by \u2026", "url": "https://www.irishtimes.com/life-and-style/abroad/tributes-to-stalwart-of-london-irish-community-who-died-from-coronavirus-1.4219105", "urlToImage": "https://www.irishtimes.com/image-creator/?id=1.4219104&origw=1151", "publishedAt": "2020-04-02T14:24:50Z", "content": "Tributes have been paid to Alice Kennedy, chair of the Irish Elderly Advice Network in London, who has died from coronavirus.\r\nThe 83-year-old, who was originally from Clonaslee, Co Laois has been remembered as a stalwart of the Irish community in London by t\u2026 [+56 chars]"}, {"source": {"id": "the-irish-times", "name": "The Irish Times"}, "author": "Jennifer Bray", "title": "Coronavirus: Almost 100 staff and residents in one nursing home test positive, D\u00e1il hears", "description": "Fianna F\u00e1il TD Stephen Donnelly says situation is \u2018very serious\u2019 as four residents die", "url": "https://www.irishtimes.com/news/politics/coronavirus-almost-100-staff-and-residents-in-one-nursing-home-test-positive-d%C3%A1il-hears-1.4219102", "urlToImage": "https://www.irishtimes.com/image-creator/?id=1.4219101&origw=1440", "publishedAt": "2020-04-02T14:23:25Z", "content": "Almost 100 staff members and residents in one nursing home have tested positive for coronavirus, the D\u00e1il has been told.\r\nFianna F\u00e1ils spokesman for health Stephen Donnelly said the nursing home has 200 staff, 70 of whom have tested positive for Covid-19. He \u2026 [+2752 chars]"}, {"source": {"id": "the-irish-times", "name": "The Irish Times"}, "author": "Denis Staunton", "title": "UK makes another coronavirus U-turn but doubts over strategy linger", "description": "London Letter: Hancock endorses \u2018immunity certificate\u2019 as way to get people back to work", "url": "https://www.irishtimes.com/news/world/uk/uk-makes-another-coronavirus-u-turn-but-doubts-over-strategy-linger-1.4219454", "urlToImage": "https://www.irishtimes.com/image-creator/?id=1.4219453&origw=1440", "publishedAt": "2020-04-02T20:10:00Z", "content": "After a succession of daily press briefings from Downing Street that saw ministers fail hopelessly to answer reporters questions about coronavirus, Matt Hancocks performance on Thursday evening looked almost like a tour de force. The health secretary, fresh o\u2026 [+4469 chars]"}, {"source": {"id": "the-irish-times", "name": "The Irish Times"}, "author": "Denis Staunton", "title": "Coronavirus: UK vows to test 100,000 people a day by end of April", "description": "New target of 10 times current level amid mounting criticism as 569 more deaths recorded", "url": "https://www.irishtimes.com/news/world/uk/coronavirus-uk-vows-to-test-100-000-people-a-day-by-end-of-april-1.4219409", "urlToImage": "https://www.irishtimes.com/image-creator/?id=1.4219407&origw=1440", "publishedAt": "2020-04-02T18:51:33Z", "content": "Britain has promised to test 100,000 people a day for coronavirus by the end of April, 10 times the current level, amid mounting criticism over its strategy in fighting the disease.\r\nHealth secretary Matt Hancock told a press briefing in Downing Street that r\u2026 [+2738 chars]"}, {"source": {"id": "the-irish-times", "name": "The Irish Times"}, "author": "Guy Hedgecoe", "title": "Spain records 10,000 deaths from coronavirus but says peak is passed", "description": "Futher 950 people die in 24 hours as relieving healthcare services becomes major concern", "url": "https://www.irishtimes.com/news/world/europe/spain-records-10-000-deaths-from-coronavirus-but-says-peak-is-passed-1.4219251", "urlToImage": "https://www.irishtimes.com/image-creator/?id=1.4219250&origw=1440", "publishedAt": "2020-04-02T16:13:58Z", "content": "Deaths caused by coronavirus have hit a new daily record in Spain, taking the total number of victims in the country to 10,003, a fifth of the total across the world.\r\nA total of 950 people died from the virus over the previous 24 hours, according to figures \u2026 [+2816 chars]"}]}