{"status": "ok", "totalResults": 37, "articles": [{"source": {"id": "the-irish-times", "name": "The Irish Times"}, "author": "Simon Carswell", "title": "Coronavirus: Dublin nursing homes battling clusters call for more help", "description": "South Dublin home has seven infected residents and 20-plus staff sick or in self-isolation", "url": "https://www.irishtimes.com/news/ireland/irish-news/coronavirus-dublin-nursing-homes-battling-clusters-call-for-more-help-1.4222311", "urlToImage": "https://www.irishtimes.com/image-creator/?id=1.4222304&origw=960", "publishedAt": "2020-04-07T01:29:12Z", "content": "Two Dublin nursing homes battling clusters of coronavirus infections have called for the additional staff, protective equipment and resources promised to the sector to stem the outbreaks.\r\nThe nursing homes, which have asked not to be identified in order to p\u2026 [+3512 chars]"}, {"source": {"id": "the-irish-times", "name": "The Irish Times"}, "author": "Paul Cullen", "title": "Coronavirus: 99 clusters in nursing homes across the country", "description": "Hiqa opens infection prevention and control hub to advise social care services", "url": "https://www.irishtimes.com/news/health/coronavirus-99-clusters-in-nursing-homes-across-the-country-1.4223024", "urlToImage": "https://www.irishtimes.com/image-creator/?id=1.4223023&origw=1440", "publishedAt": "2020-04-07T09:55:26Z", "content": "There are now 99 clusters of Covid-19 in nursing homes, 65 of them in the east of the country, data released on Monday evening shows.\r\nTwo-thirds of nursing home cases were community-acquired, 23 per cent arose from contact with confirmed cases of Covid-19 an\u2026 [+2946 chars]"}, {"source": {"id": "the-irish-times", "name": "The Irish Times"}, "author": "Gerry Moriarty", "title": "Coronavirus: Three more deaths reported in Northern Ireland", "description": "Number of confirmed Covid-19 cases in North now stands at 1,255 with 9,158 tested", "url": "https://www.irishtimes.com/news/ireland/irish-news/coronavirus-three-more-deaths-reported-in-northern-ireland-1.4223106", "urlToImage": "https://www.irishtimes.com/image-creator/?id=1.4223105&origw=960", "publishedAt": "2020-04-07T13:41:31Z", "content": "The number of people who have died from coronavirus in Northern Ireland has increased by three bringing the total number of fatalities in the North to 73, the Public Health Agency (PHA) reported on Tuesday afternoon.\r\nThe PHA also reported 97 new confirmed ca\u2026 [+798 chars]"}, {"source": {"id": "the-irish-times", "name": "The Irish Times"}, "author": "Olivia Kelly", "title": "Coronavirus: Dublin City Council rates down \u20ac20m in March", "description": "Retail, leisure and hospitality businesses have come to standstill during pandemic", "url": "https://www.irishtimes.com/news/ireland/irish-news/coronavirus-dublin-city-council-rates-down-20m-in-march-1.4223333", "urlToImage": "https://www.irishtimes.com/image-creator/?id=1.4223332&origw=1440", "publishedAt": "2020-04-07T17:19:22Z", "content": "Rates paid to Dublin City Council have plummeted 20 million due to the decline in business during the coronavirus pandemic.\r\nFigures from the councils finance department indicate payments from the retail, hospitality and leisure sectors have been particularly\u2026 [+2187 chars]"}, {"source": {"id": "the-irish-times", "name": "The Irish Times"}, "author": null, "title": "Coronavirus: Three more deaths reported in Northern Ireland", "description": "Latest figure brings total number of deaths in the region to 73", "url": "https://www.irishtimes.com/news/health/coronavirus-three-more-deaths-reported-in-northern-ireland-1.4223093", "urlToImage": null, "publishedAt": "2020-04-07T13:26:31Z", "content": null}, {"source": {"id": "the-irish-times", "name": "The Irish Times"}, "author": "Paul Cullen", "title": "Coronavirus: Ireland\u2019s infection peak has passed, but death toll could hit 400 by May, report says", "description": "New modelling data asserts Covid-19 infections peaked in Ireland on April 4th", "url": "https://www.irishtimes.com/news/health/coronavirus-ireland-s-infection-peak-has-passed-but-death-toll-could-hit-400-by-may-report-says-1.4223259", "urlToImage": "https://www.irishtimes.com/image-creator/?id=1.4223352&origw=1440", "publishedAt": "2020-04-07T18:00:35Z", "content": "Ireland has passed its peak of Covid-19 infections but can expect a total death toll of more than 400 virus-related fatalities by next month, according to international modelling data published on Tuesday. \r\nPeak resource use of hospital and intensive care un\u2026 [+2885 chars]"}, {"source": {"id": "the-irish-times", "name": "The Irish Times"}, "author": "Paul Cullen", "title": "Coronavirus: Ireland can expect 400 deaths by August, according to international study", "description": "New modelling data claims Ireland has passed its peak of Covid-19 infections", "url": "https://www.irishtimes.com/news/ireland/irish-news/coronavirus-ireland-can-expect-400-deaths-by-august-according-to-international-study-1.4223043", "urlToImage": "https://www.irishtimes.com/image-creator/?id=1.4223042&origw=1440", "publishedAt": "2020-04-07T11:05:10Z", "content": "Ireland has passed its peak of Covid-19 infections but can expect more than 400 deaths by August, according to new international modelling data published today.\r\nPeak resource use of hospital and ICU beds passed on April 4th, while peak deaths passed on April\u2026 [+2967 chars]"}, {"source": {"id": "the-irish-times", "name": "The Irish Times"}, "author": "Paul Cullen", "title": "Coronavirus: Ireland\u2019s infection peak may have passed, toll could hit 400 by May, report forecasts", "description": "New modelling data claims Covid-19 infections peaked in Ireland on April 4th", "url": "https://www.irishtimes.com/news/ireland/irish-news/coronavirus-ireland-s-infection-peak-may-have-passed-toll-could-hit-400-by-may-report-forecasts-1.4223043", "urlToImage": "https://www.irishtimes.com/image-creator/?id=1.4223042&origw=1440", "publishedAt": "2020-04-07T11:05:10Z", "content": "Ireland has passed its peak of Covid-19 infections but can expect more than 400 deaths by next month, according to new international modelling data published on Tuesday.\r\nPeak resource use of hospital and ICU beds passed on April 4th, while peak daily deaths \u2026 [+3783 chars]"}, {"source": {"id": "the-irish-times", "name": "The Irish Times"}, "author": "Kevin O'Sullivan", "title": "Coronavirus: Vaccines still needs scientific scrutiny despite global rush, expert warns", "description": "Already many \u2018stupid studies being published\u2019 without peer review, says Luke O\u2019Neill", "url": "https://www.irishtimes.com/news/science/coronavirus-vaccines-still-needs-scientific-scrutiny-despite-global-rush-expert-warns-1.4223202", "urlToImage": "https://www.irishtimes.com/image-creator/?id=1.4223201&origw=1440", "publishedAt": "2020-04-07T15:12:02Z", "content": "The global rush to produce vaccines and treatments against Covid-19 cannot be allowed proceed without adequate scientific scrutiny, according to leading immunologist Prof Luke ONeill.\r\nHe was all in favour of get as many shots on goal as possible but already \u2026 [+4075 chars]"}, {"source": {"id": "the-irish-times", "name": "The Irish Times"}, "author": "Paul Cullen", "title": "Coronavirus: Republic sees record highest daily figure for new deaths at 36", "description": "Highest number of new cases confirmed on Tuesday at 345 bringing total to 5,709", "url": "https://www.irishtimes.com/news/ireland/irish-news/coronavirus-republic-sees-record-highest-daily-figure-for-new-deaths-at-36-1.4223043", "urlToImage": "https://www.irishtimes.com/image-creator/?id=1.4223313&origw=1440", "publishedAt": "2020-04-07T11:05:10Z", "content": "The deaths of another 36 patients - 19 males and 17 females - diagnosed with Covid-19 have been reported on Tuesday by the National Public Health Emergency Team.\r\nSome 27 of the deaths were in the east, six in the north and three in the south. Some 24 of the \u2026 [+4405 chars]"}, {"source": {"id": "the-irish-times", "name": "The Irish Times"}, "author": "Claire O'Connell", "title": "Bats, pangolins and viral Lego: curious clues of the new coronavirus", "description": "\u2018We need to look at why horseshoe bats don\u2019t get sick from coronavirus\u2019 \u2013 Irish scientist", "url": "https://www.irishtimes.com/news/science/bats-pangolins-and-viral-lego-curious-clues-of-the-new-coronavirus-1.4223292", "urlToImage": "https://www.irishtimes.com/image-creator/?id=1.4223291&origw=1440", "publishedAt": "2020-04-07T16:23:22Z", "content": "How did Covid-19 come to be? Its a puzzle that involves tolerant bats, possibly middlemen pangolins and a virus that gathered structures and tricks along the way and jumped into humans. The resulting virus, Sars-CoV-2, has caused the sort of pandemic that sci\u2026 [+4306 chars]"}, {"source": {"id": "the-irish-times", "name": "The Irish Times"}, "author": "Shauna Bowers", "title": "Coronavirus virtual funerals: 'It\u2019s not the same... very difficult to process'", "description": "Family of coronavirus victim says pandemic's impact on grief is often overlooked", "url": "https://www.irishtimes.com/news/ireland/irish-news/coronavirus-virtual-funerals-it-s-not-the-same-very-difficult-to-process-1.4222341", "urlToImage": "https://www.irishtimes.com/image-creator/?id=1.4222340&origw=1200", "publishedAt": "2020-04-07T01:05:20Z", "content": "Christy OMalley (83) was a family man. He visited each of his children and grandchildren at least once a week, was fond of a family sing-song and organised word games to entertain the adults and children at gatherings.\r\nBut when he died from coronavirus on Ma\u2026 [+3294 chars]"}, {"source": {"id": "the-irish-times", "name": "The Irish Times"}, "author": "Ronan McGreevy", "title": "Coronavirus: Why are men twice as likely to die as women?", "description": "Covid-19 fatalities in Ireland are replicating gender patterns across the world", "url": "https://www.irishtimes.com/news/ireland/irish-news/coronavirus-why-are-men-twice-as-likely-to-die-as-women-1.4222408", "urlToImage": "https://www.irishtimes.com/image-creator/?id=1.4222406&origw=1200", "publishedAt": "2020-04-07T01:09:45Z", "content": "With more than 70,000 deaths and counting worldwide from Covid-19, one pattern is clear men are much more likely to die from coronavirus than women. \r\nCharity Global Health 50/50, which campaigns for gender equality in health, has been tracking the breakdown \u2026 [+3374 chars]"}, {"source": {"id": "the-irish-times", "name": "The Irish Times"}, "author": "Paul Cullen", "title": "Coronavirus: Further 36 deaths and 345 new cases reported in Republic", "description": "New modelling data claims Covid-19 infections peaked in Ireland on April 4th", "url": "https://www.irishtimes.com/news/ireland/irish-news/coronavirus-further-36-deaths-and-345-new-cases-reported-in-republic-1.4223043", "urlToImage": "https://www.irishtimes.com/image-creator/?id=1.4223042&origw=1440", "publishedAt": "2020-04-07T11:05:10Z", "content": "A further 36 coronavirus-related deaths and 345 new cases of the virus have been confirmed in the Republic.\u00a0\r\nAccording to new international modelling data published earlier on Tuesday,\u00a0Ireland has passed its peak of Covid-19 infections but can expect more th\u2026 [+3897 chars]"}, {"source": {"id": "the-irish-times", "name": "The Irish Times"}, "author": "The Irish Times", "title": "Britain's supermarkets wrestle with coronavirus demand conundrum", "description": "Stores seek longer opening hours and/or a relaxationof social distancing tules", "url": "https://www.irishtimes.com/business/retail-and-services/britain-s-supermarkets-wrestle-with-coronavirus-demand-conundrum-1.4222986", "urlToImage": "https://www.irishtimes.com/polopoly_fs/1.4222985.1586245356!/image/image.jpg", "publishedAt": "2020-04-07T07:42:47Z", "content": "Britains big supermarkets fear they wont be able to supply the countrys 60 million people without longer opening hours or a relaxation of social distancing rules introduced to curb the spread of the coronavirus.\r\nIndustry executives speaking on condition of a\u2026 [+3876 chars]"}, {"source": {"id": "the-irish-times", "name": "The Irish Times"}, "author": "Proinsias O'Mahony", "title": "Coronavirus crash doesn\u2019t mean that the market bears were right", "description": "Permabears haven\u2019t been slow to say \u2018I told you so\u2019 after fastest bear market in history", "url": "https://www.irishtimes.com/business/commercial-property/coronavirus-crash-doesn-t-mean-that-the-market-bears-were-right-1.4219067", "urlToImage": "https://www.irishtimes.com/image-creator/?id=1.4219066&origw=1200", "publishedAt": "2020-04-07T04:15:00Z", "content": "I wasnt wrong I was early.\r\nThats the message emanating from many market bears in recent weeks. Mocked over the last decade for sitting out the longest bull market in history, some of the permabears havent been slow to say I told you so following the fastest \u2026 [+6736 chars]"}, {"source": {"id": "the-irish-times", "name": "The Irish Times"}, "author": "The Irish Times", "title": "Tokyo stocks rise on hopes of coronavirus slowdown", "description": "Traders said it is just a short-covering rally and lacks conviction with investors waiting", "url": "https://www.irishtimes.com/business/markets/tokyo-stocks-rise-on-hopes-of-coronavirus-slowdown-1.4222978", "urlToImage": "https://www.irishtimes.com/image-creator/?id=1.4222977&origw=1440", "publishedAt": "2020-04-07T06:49:43Z", "content": "Tokyo shares advanced on Tuesday, supported by tentative signs of the coronavirus outbreak being contained in New York and other global hot spots, with long-only investors still awaiting details of Japans massive economic stimulus package.\r\nThe benchmark Nikk\u2026 [+2977 chars]"}, {"source": {"id": "the-irish-times", "name": "The Irish Times"}, "author": "Laura Slattery", "title": "Coronavirus will be cinema\u2019s biggest villain for some time yet", "description": "More films will be sent straight to streaming as struggling exhibitors go fully dark", "url": "https://www.irishtimes.com/business/media-and-marketing/coronavirus-will-be-cinema-s-biggest-villain-for-some-time-yet-1.4222234", "urlToImage": "https://www.irishtimes.com/image-creator/?id=1.4222233&origw=1440", "publishedAt": "2020-04-07T04:00:31Z", "content": "On the sides of the ghost buses now hurtling through Dublin, you can still see posters for A Quiet Place Part II, one of dozens of films to have their spring releases kyboshed by coronavirus. Theres almost nobody on the bus, almost nobody on the street, and a\u2026 [+5038 chars]"}, {"source": {"id": "the-irish-times", "name": "The Irish Times"}, "author": "Joanne Hunt", "title": "Coronavirus: Property rental in the jaws of the epidemic", "description": "Landlords and tenants can weather it out via communication and bank and State aid", "url": "https://www.irishtimes.com/business/personal-finance/coronavirus-property-rental-in-the-jaws-of-the-epidemic-1.4222102", "urlToImage": "https://www.irishtimes.com/image-creator/?id=1.4222100&origw=1200", "publishedAt": "2020-04-07T04:55:02Z", "content": "Landlords and tenants: you cant have one without the other. And as Covid-19 is bringing choppy waters for both right now, their fates, as ever, are intertwined. But fairness and transparency as we navigate a pandemic can help both stay afloat.\r\nMany tenants h\u2026 [+10874 chars]"}, {"source": {"id": "the-irish-times", "name": "The Irish Times"}, "author": "Werner Hoyer", "title": "Coronavirus: EU must act quickly to save its shared economy", "description": "European Investment Bank\u2019s Werner Hoyer on how member states can tackle Covid-19", "url": "https://www.irishtimes.com/business/economy/coronavirus-eu-must-act-quickly-to-save-its-shared-economy-1.4222281", "urlToImage": "https://www.irishtimes.com/image-creator/?id=1.4222279&origw=1440", "publishedAt": "2020-04-07T03:00:16Z", "content": "While European leaders have converged on a response to the public health crisis including a pledge to revamp the EU crisis management system, funding for vaccine research and joint procurement of medical kits countries remain divided over how to help save its\u2026 [+4786 chars]"}, {"source": {"id": "the-irish-times", "name": "The Irish Times"}, "author": "Sinead Nolan", "title": "Coronavirus: Stop calling this a war. It\u2019s unhelpful and dangerous", "description": "The most obvious danger of the war analogy is the threat posed to our human rights", "url": "https://www.irishtimes.com/opinion/coronavirus-stop-calling-this-a-war-it-s-unhelpful-and-dangerous-1.4222218", "urlToImage": "https://www.irishtimes.com/image-creator/?id=1.4222217&origw=1440", "publishedAt": "2020-04-07T00:09:59Z", "content": "In declaring the lockdown in France, President Macron declared war on Covid-19. When we discuss the pandemic, we use language normally associated with warfare: defeat, enemy, front lines. Medical personnel in our emergency departments have said they are worki\u2026 [+4905 chars]"}, {"source": {"id": "the-irish-times", "name": "The Irish Times"}, "author": "Laura Snapes", "title": "Paul McCartney, Lizzo and Lady Gaga to play Coronavirus benefit concert", "description": "One World: Together at Home to be streamed online in support of WHO response fund", "url": "https://www.irishtimes.com/culture/music/paul-mccartney-lizzo-and-lady-gaga-to-play-coronavirus-benefit-concert-1.4222988", "urlToImage": "https://www.irishtimes.com/image-creator/?id=1.4222987&origw=1440", "publishedAt": "2020-04-07T07:48:58Z", "content": "Lady Gaga is to curate One World: Together at Home, a live-streamed and televised benefit concert in support of the World Health Organizations Covid-19 solidarity response fund and in celebration of health workers around the world.\r\nThe musical lineup for the\u2026 [+1838 chars]"}, {"source": {"id": "the-irish-times", "name": "The Irish Times"}, "author": "Laura Snapes", "title": "RT\u00c9 to screen Lizzo, Paul McCartney and Lady Gaga coronavirus benefit concert", "description": "One World: Together at Home, on April 18th, will support WHO Covid-19 response fund", "url": "https://www.irishtimes.com/culture/music/rt%C3%A9-to-screen-lizzo-paul-mccartney-and-lady-gaga-coronavirus-benefit-concert-1.4222988", "urlToImage": "https://www.irishtimes.com/image-creator/?id=1.4222987&origw=1440", "publishedAt": "2020-04-07T07:48:58Z", "content": "Lady Gaga is to curate One World: Together at Home, a live-streamed and televised benefit concert in support of the World Health Organizations Covid-19 solidarity response fund and in celebration of health workers around the world.\r\nThe musical lineup for the\u2026 [+1803 chars]"}, {"source": {"id": "the-irish-times", "name": "The Irish Times"}, "author": "Laura Snapes", "title": "RT\u00c9 to screen Lizzo, Lady Gaga and Paul McCartney coronavirus benefit concert", "description": "One World: Together at Home, on April 18th, will support WHO Covid-19 response fund", "url": "https://www.irishtimes.com/culture/music/rt%C3%A9-to-screen-lizzo-lady-gaga-and-paul-mccartney-coronavirus-benefit-concert-1.4222988", "urlToImage": "https://www.irishtimes.com/image-creator/?id=1.4222987&origw=1440", "publishedAt": "2020-04-07T07:48:58Z", "content": "Lady Gaga is to curate One World: Together at Home, a live-streamed and televised benefit concert in support of the World Health Organizations Covid-19 solidarity response fund and in celebration of health workers around the world.\r\nThe musical lineup for the\u2026 [+1803 chars]"}, {"source": {"id": "the-irish-times", "name": "The Irish Times"}, "author": "The Irish Times", "title": "Cineworld closes all its cinemas due to coronavirus pandemic", "description": "Cinema operator suspends both fourth quarter and 2020 dividend payments", "url": "https://www.irishtimes.com/business/media-and-marketing/cineworld-closes-all-its-cinemas-due-to-coronavirus-pandemic-1.4223072", "urlToImage": "https://www.irishtimes.com/polopoly_fs/1.4223071.1586260886!/image/image.jpg", "publishedAt": "2020-04-07T12:01:45Z", "content": "Cinema chain Cineworld has shut all its 787 cinemas across 10 countries, including the Republic of Ireland, due to the coronavirus pandemic and that it was in talks with its lenders for ongoing liquidity requirements.\r\nCineworld, the worlds second-largest cin\u2026 [+1600 chars]"}, {"source": {"id": "the-irish-times", "name": "The Irish Times"}, "author": "The Irish Times", "title": "Chip sales help Samsung cushion coronavirus blow", "description": "Samsung Electronics Co said on Tuesday its first-quarter operating profit likely managed to rise slightly from a slump a year earlier, as solid chip sales helped cushion the blow from the coronavirus pandemic on smartphones and TVs. The global leader in semic\u2026", "url": "https://www.irishtimes.com/business/technology/chip-sales-help-samsung-cushion-coronavirus-blow-1.4223055", "urlToImage": "https://www.irishtimes.com/image-creator/?id=1.4223054&origw=1440", "publishedAt": "2020-04-07T11:17:54Z", "content": "Samsung Electronics Co said on Tuesday its first-quarter operating profit likely managed to rise slightly from a slump a year earlier, as solid chip sales helped cushion the blow from the coronavirus pandemic on smartphones and TVs.\r\nThe global leader in semi\u2026 [+2954 chars]"}, {"source": {"id": "the-irish-times", "name": "The Irish Times"}, "author": "Sally Hayden", "title": "The difference between Ebola and coronavirus outbreaks? Lack of resources", "description": "Doctors who successfully fought Uganda\u2019s Ebola outbreak, and are now working on the coronavirus pandemic response, say while there are transferable lessons the biggest problem this time is a lack of resources. \u201cThis thing, we pray it doesn\u2019t come here,\u201d said \u2026", "url": "https://www.irishtimes.com/news/world/africa/the-difference-between-ebola-and-coronavirus-outbreaks-lack-of-resources-1.4223178", "urlToImage": "https://www.irishtimes.com/image-creator/?id=1.4223173&origw=1440", "publishedAt": "2020-04-07T14:46:30Z", "content": "Doctors who successfully fought Ugandas Ebola outbreak, and are now working on the coronavirus pandemic response, say while there are transferable lessons the biggest problem this time is a lack of resources.\r\nThis thing, we pray it doesnt come here, said Opw\u2026 [+3108 chars]"}, {"source": {"id": "the-irish-times", "name": "The Irish Times"}, "author": "The Irish Times", "title": "Coronavirus: Who will lead Britain with Boris Johnson in hospital?", "description": "With British prime minister Boris Johnson in intensive care, Dominic Raab, the foreign secretary, has been asked to step up \u201cwhere necessary\u201d and run the country during the biggest public health crisis in a generation. He will be expected to chair Cobra and c\u2026", "url": "https://www.irishtimes.com/news/world/uk/coronavirus-who-will-lead-britain-with-boris-johnson-in-hospital-1.4222991", "urlToImage": "https://www.irishtimes.com/image-creator/?id=1.4222990&origw=1440", "publishedAt": "2020-04-07T07:54:48Z", "content": "With British prime minister Boris Johnson in intensive care, Dominic Raab, the foreign secretary, has been asked to step up where necessary and run the country during the biggest public health crisis in a generation.\r\nHe will be expected to chair Cobra and ca\u2026 [+3786 chars]"}, {"source": {"id": "the-irish-times", "name": "The Irish Times"}, "author": "Simon Carswell", "title": "'It is a scary time' - the nursing homes battling coronavirus clusters", "description": "South Dublin home has seven infected residents and 20-plus staff sick or in self-isolation", "url": "https://www.irishtimes.com/news/ireland/irish-news/it-is-a-scary-time-the-nursing-homes-battling-coronavirus-clusters-1.4222311", "urlToImage": "https://www.irishtimes.com/image-creator/?id=1.4222304&origw=960", "publishedAt": "2020-04-07T01:29:12Z", "content": "Two Dublin nursing homes battling clusters of coronavirus infections have called for the additional staff, protective equipment and resources promised to the sector to stem the outbreaks.\r\nThe nursing homes, which have asked not to be identified in order to p\u2026 [+3512 chars]"}, {"source": {"id": "the-irish-times", "name": "The Irish Times"}, "author": "Paul Cullen", "title": "Coronavirus: Ireland\u2019s infection peak has passed as toll may hit 400 by August, report shows", "description": "New modelling data claims Covid-19 infections peaked in Ireland on April 4th", "url": "https://www.irishtimes.com/news/ireland/irish-news/coronavirus-ireland-s-infection-peak-has-passed-toll-may-hit-400-by-august-report-forecasts-1.4223043", "urlToImage": "https://www.irishtimes.com/image-creator/?id=1.4223042&origw=1440", "publishedAt": "2020-04-07T11:05:10Z", "content": "Ireland has passed its peak of Covid-19 infections but can expect more than 400 deaths by August, according to new international modelling data published on Tuesday.\r\nPeak resource use of hospital and ICU beds passed on April 4th, while peak deaths passed on \u2026 [+3022 chars]"}, {"source": {"id": "the-irish-times", "name": "The Irish Times"}, "author": "Paul Cullen", "title": "Coronavirus: Ireland\u2019s infection peak has passed, toll may hit 400 by August, report forecasts", "description": "New modelling data claims Covid-19 infections peaked in Ireland on April 4th", "url": "https://www.irishtimes.com/news/ireland/irish-news/coronavirus-ireland-s-infection-peak-may-have-passed-toll-could-hit-400-by-august-report-forecasts-1.4223043", "urlToImage": "https://www.irishtimes.com/image-creator/?id=1.4223042&origw=1440", "publishedAt": "2020-04-07T11:05:10Z", "content": "Ireland has passed its peak of Covid-19 infections but can expect more than 400 deaths by August, according to forecasts based on new international modelling data published on Tuesday.\r\nPeak resource use of hospital and ICU beds passed on April 4th, while pea\u2026 [+3041 chars]"}, {"source": {"id": "the-irish-times", "name": "The Irish Times"}, "author": "Peter Goff", "title": "China reports zero new coronavirus cases as positive trend continues", "description": "Authorities work to stave off second wave amid struggle with ongoing outbreaks in Wuhan", "url": "https://www.irishtimes.com/news/world/asia-pacific/china-reports-zero-new-coronavirus-cases-as-positive-trend-continues-1.4223250", "urlToImage": "https://www.irishtimes.com/image-creator/?id=1.4223249&origw=1440", "publishedAt": "2020-04-07T15:35:44Z", "content": "China reported zero new coronavirus deaths on Tuesday for the first time since it started publishing daily figures in January, a milestone that offers grounds for some relief as the country works to stave off a second wave and struggles with ongoing outbreaks\u2026 [+3111 chars]"}, {"source": {"id": "the-irish-times", "name": "The Irish Times"}, "author": "Deirdre Falvey", "title": "Coronavirus: Galway 2020 suspends events, lays off staff and artistic leaders", "description": "Following the enforced suspension of Galway 2020 events due to Covid-19, the European Capital of Culture board has announced it is laying off all but a skeleton staff, and also ending its contract with artistic director partner Artichoke. The board said it ho\u2026", "url": "https://www.irishtimes.com/culture/coronavirus-galway-2020-suspends-events-lays-off-staff-and-artistic-leaders-1.4223087", "urlToImage": "https://www.irishtimes.com/image-creator/?id=1.4223086&origw=1440", "publishedAt": "2020-04-07T12:00:00Z", "content": "Following the enforced suspension of Galway 2020 events due to Covid-19, the European Capital of Culture board has announced it is laying off all but a skeleton staff, and also ending its contract with artistic director partner Artichoke. \r\nThe board said it \u2026 [+3233 chars]"}, {"source": {"id": "the-irish-times", "name": "The Irish Times"}, "author": "Marie Claire Digby", "title": "Coronavirus: Michelin-starred chefs dish out meals for front-line workers", "description": "Chefs from Michelin-starred restaurants in Dublin, Kildare and Waterford are cooking meals for front-line workers dealing with the coronavirus crisis and for cocooning seniors unable to leave their homes. Aimsir, near Celbridge in Co Kildare, which has two Mi\u2026", "url": "https://www.irishtimes.com/life-and-style/food-and-drink/coronavirus-michelin-starred-chefs-dish-out-meals-for-front-line-workers-1.4223115", "urlToImage": "https://www.irishtimes.com/image-creator/?id=1.4223109&origw=1344", "publishedAt": "2020-04-07T13:46:12Z", "content": "Chefs from Michelin-starred restaurants in Dublin, Kildare and Waterford are cooking meals for front-line workers dealing with the coronavirus crisis and for cocooning seniors unable to leave their homes.\r\nAimsir, near Celbridge in Co Kildare, which has two M\u2026 [+3939 chars]"}, {"source": {"id": "the-irish-times", "name": "The Irish Times"}, "author": null, "title": "Coronavirus: Michelin-starred chefs band together to feed front-line workers", "description": "Chefs from Michelin-starred restaurants in Dublin, Kildare and Waterford are cooking meals for front-line workers dealing with the coronavirus crisis and for cocooning seniors unable to leave their homes. Aimsir, near Celbridge in Co Kildare, which has two Mi\u2026", "url": "https://www.irishtimes.com/life-and-style/food-and-drink/coronavirus-michelin-starred-chefs-band-together-to-feed-front-line-workers-1.4223115", "urlToImage": "https://www.irishtimes.com/image-creator/?id=1.4223109&origw=1344", "publishedAt": "2020-04-07T13:46:12Z", "content": "Chefs from Michelin-starred restaurants in Dublin, Kildare and Waterford are cooking meals for front-line workers dealing with the coronavirus crisis and for cocooning seniors unable to leave their homes.\r\nAimsir, near Celbridge in Co Kildare, which has two M\u2026 [+466 chars]"}, {"source": {"id": "the-irish-times", "name": "The Irish Times"}, "author": "Derek Scally", "title": "Coronavirus: Sweden to enact crisis powers but hold them in reserve", "description": "Sweden has reached cross-party agreement on sweeping emergency powers to close shops, restaurants and schools in response to the coronavirus crisis \u2013 but has no immediate plans to use them. The new powers are expected to be backed by the Riksdag parliament on\u2026", "url": "https://www.irishtimes.com/news/world/europe/coronavirus-sweden-to-enact-crisis-powers-but-hold-them-in-reserve-1.4223367", "urlToImage": "https://www.irishtimes.com/image-creator/?id=1.4223365&origw=1440", "publishedAt": "2020-04-07T17:57:10Z", "content": "Sweden has reached cross-party agreement on sweeping emergency powers to close shops, restaurants and schools in response to the coronavirus crisis but has no immediate plans to use them.\r\nThe new powers are expected to be backed by the Riksdag parliament on \u2026 [+3467 chars]"}, {"source": {"id": "the-irish-times", "name": "The Irish Times"}, "author": "The Irish Times", "title": "Coronavirus: Death toll in UK rises by 786 to more than 6,100", "description": "Pandemic has infected more than 1.3 million worldwide with over 74,000 deaths recorded", "url": "https://www.irishtimes.com/news/world/coronavirus-death-toll-in-uk-rises-by-786-to-more-than-6-100-1.4222974", "urlToImage": "https://www.irishtimes.com/image-creator/?id=1.4222973&origw=1440", "publishedAt": "2020-04-07T06:28:19Z", "content": "The coronavirus pandemic has infected more than 1.3 million people worldwide and over 74,000 deaths have been recorded.\r\nThe United Kingdom coronavirus death toll rose by 786 to 6,159 people as of 4pm on April 6th, the health ministry said on Tuesday.\r\nAs of \u2026 [+13282 chars]"}]}