{"status": "ok", "totalResults": 76, "articles": [{"source": {"id": "the-irish-times", "name": "The Irish Times"}, "author": null, "title": "Coronavirus: Cork City Marathon postponed by council", "description": "Cork International Choral Festival cancelled due to concerns about spread of virus", "url": "https://www.irishtimes.com/news/ireland/irish-news/coronavirus-cork-city-marathon-postponed-by-council-1.4204547", "urlToImage": "https://www.irishtimes.com/image-creator/?id=1.4204546&origw=1440", "publishedAt": "2020-03-16T20:09:03Z", "content": "Cork City Council has decided to defer this years Cork City Marathon, which was expected to attract around 10,000 competitors, in an attempt to curb the spread of coronavirus.\r\nCork City Council director of services and race director Adrienne Rogers confirmed\u2026 [+85 chars]"}, {"source": {"id": "the-irish-times", "name": "The Irish Times"}, "author": "Jack Horgan-Jones", "title": "Coronavirus: Dental association warns of inevitable closure of dentists\u2019 practices", "description": "Group seeks urgent meeting with Minister amid fears for vulnerable professionals", "url": "https://www.irishtimes.com/news/ireland/irish-news/coronavirus-dental-association-warns-of-inevitable-closure-of-dentists-practices-1.4204565", "urlToImage": "https://www.irishtimes.com/image-creator/?id=1.4204563&origw=1440", "publishedAt": "2020-03-16T20:49:54Z", "content": "The Irish Dental Association has requested an urgent meeting with Minister for Health Simon Harris, saying widespread closures of dental practices are inevitable during the Covid-19 crisis.\r\nThe associations chief executive Fintan Hourihan said dentists, due \u2026 [+2643 chars]"}, {"source": {"id": "the-irish-times", "name": "The Irish Times"}, "author": "Jack Horgan-Jones", "title": "Another 54 new cases of coronavirus confirmed on Monday", "description": "Department of Health projections suggest cases will rise significantly in coming days", "url": "https://www.irishtimes.com/news/health/another-54-new-cases-of-coronavirus-confirmed-on-monday-1.4204600", "urlToImage": "https://www.irishtimes.com/image-creator/?id=1.4204599&origw=1440", "publishedAt": "2020-03-16T22:21:18Z", "content": "The Department of Health confirmed another 54 new cases of Covid-19 in the State on Monday night, bringing the total to 223.\r\nThirty of the cases are in males, 24 in females. Some 41 are associated with the east of the country, 11 are associated with the sout\u2026 [+3527 chars]"}, {"source": {"id": "the-irish-times", "name": "The Irish Times"}, "author": "Conor Lally", "title": "Coronavirus: Garda\u00ed in 200 rented cars set for community outreach", "description": "Contingency vehicles to be used to assist vulnerable and isolated people during crisis", "url": "https://www.irishtimes.com/news/crime-and-law/coronavirus-garda%C3%AD-in-200-rented-cars-set-for-community-outreach-1.4204557", "urlToImage": "https://www.irishtimes.com/image-creator/?id=1.4204556&origw=1440", "publishedAt": "2020-03-16T20:32:27Z", "content": "An Garda S\u00edoch\u00e1na has pledged to use more than 200 vehicles it is renting to assist vulnerable and isolated members of the public with vital tasks, such as collecting prescription drugs or bringing them to medical appointments.\r\nGarda Headquarters in PhoenixP\u2026 [+2811 chars]"}, {"source": {"id": "the-irish-times", "name": "The Irish Times"}, "author": "Jack Power", "title": "Coronavirus: Croke Park to become testing \u2018drive-thru\u2019 centre", "description": "HSE arrangements at \u2018advanced stage\u2019 to open up further testing centres in Dublin", "url": "https://www.irishtimes.com/news/ireland/irish-news/coronavirus-croke-park-to-become-testing-drive-thru-centre-1.4204559", "urlToImage": "https://www.irishtimes.com/polopoly_fs/1.4204558.1584390852!/image/image.jpg", "publishedAt": "2020-03-16T20:35:27Z", "content": "Croke Park is to be used as a temporary testing centre for coronavirus in north Dublin from Tuesday, the Health Service Executive has said.\r\nThe HSE had been in contact with the GAA in recent days about using the 80,000 stadium as a testing centre, as it is n\u2026 [+2169 chars]"}, {"source": {"id": "the-irish-times", "name": "The Irish Times"}, "author": "Conor Pope", "title": "Coronavirus Q&A: Monday, March 16th", "description": "Where are we now? What are the numbers and where do I stand on travel?", "url": "https://www.irishtimes.com/news/ireland/irish-news/coronavirus-q-a-monday-march-16th-1.4204030", "urlToImage": "https://www.irishtimes.com/image-creator/?id=1.4204029&origw=1440", "publishedAt": "2020-03-16T11:19:58Z", "content": "As the Minister for Foreign Affairs Simon Coveney said on Monday morning we are living through totally unprecedented times. Things are changing at head spinning speed and there is no sign of things settling down as the coronavirus pandemic continues to spread\u2026 [+14784 chars]"}, {"source": {"id": "the-irish-times", "name": "The Irish Times"}, "author": "Shauna Bowers", "title": "Coronavirus: Taxi drivers advised to regularly disinfect cars", "description": "Passengers urged to touch the inside of the taxi \u2018as little as possible\u2019", "url": "https://www.irishtimes.com/news/health/coronavirus-taxi-drivers-advised-to-regularly-disinfect-cars-1.4204012", "urlToImage": "https://www.irishtimes.com/image-creator/?id=1.4204011&origw=620", "publishedAt": "2020-03-16T10:37:18Z", "content": "Taxi drivers are being advised to regularly disinfect their cars and opt for card payments where possible, in a bid to protect themselves and their passengers from coronavirus.\r\nIn advice issued by Free Now, the cab-hailing app, the company recommends both dr\u2026 [+3035 chars]"}, {"source": {"id": "the-irish-times", "name": "The Irish Times"}, "author": "Jack Power", "title": "Coronavirus: Misinformation about emergency measures continues to circulate", "description": "One message falsely claimed country to be put into \u2018complete lockdown\u2019", "url": "https://www.irishtimes.com/news/ireland/irish-news/coronavirus-misinformation-about-emergency-measures-continues-to-circulate-1.4204112", "urlToImage": "https://www.irishtimes.com/image-creator/?id=1.4204111&origw=620", "publishedAt": "2020-03-16T13:51:17Z", "content": "Zero eight-hundred-hours (8am) came and went, as did 11am, and despite speculation whipped up by bogus messages shared widely on social media over the weekend, the country was not put into a complete lockdown.\r\nThere was no sign of Defence Forces personnel pa\u2026 [+4820 chars]"}, {"source": {"id": "the-irish-times", "name": "The Irish Times"}, "author": "Conor Pope", "title": "Coronavirus: Airlines set to cancel up to 80% of flights", "description": "Coronavirus: Ryanair,Aer Lingus to slash schedules as coronavirus hits", "url": "https://www.irishtimes.com/news/ireland/irish-news/coronavirus-airlines-set-to-cancel-up-to-80-of-flights-1.4204016", "urlToImage": "https://www.irishtimes.com/image-creator/?id=1.4204015&origw=1440", "publishedAt": "2020-03-16T10:40:10Z", "content": "Ryanair has said it expects to ground the majority of its aircraft fleet across Europe over the next seven to 10 days with a reduction of 80 per cent or more in flights in April and May. \r\nThe parent comanpay of Aer Lingus, IAG has also said it expects to hav\u2026 [+4219 chars]"}, {"source": {"id": "the-irish-times", "name": "The Irish Times"}, "author": "Ray Managh", "title": "Coronavirus: circuit civil court cases adjourned until April 20th", "description": "A five-day family law case that was to have been heard was adjourned indefinitely", "url": "https://www.irishtimes.com/news/crime-and-law/coronavirus-circuit-civil-court-cases-adjourned-until-april-20th-1.4204261", "urlToImage": "https://www.irishtimes.com/image-creator/?id=1.4204260&origw=1440", "publishedAt": "2020-03-16T15:57:39Z", "content": "All Circuit Civil Court cases have been adjourned until April 20th, which will be the beginning of the new Easter Law Term, Judge James McCourt said during a brief sitting of the court in Dublin today Monday.\r\nThose are the instructions I have received, Judge\u2026 [+960 chars]"}, {"source": {"id": "the-irish-times", "name": "The Irish Times"}, "author": "Jack Horgan-Jones", "title": "No plans to combat sharing of coronavirus misinformation on WhatsApp", "description": "Taoiseach has urged people not to share dubious WhatsApp messages about virus", "url": "https://www.irishtimes.com/news/ireland/irish-news/no-plans-to-combat-sharing-of-coronavirus-misinformation-on-whatsapp-1.4204207", "urlToImage": "https://www.irishtimes.com/polopoly_fs/1.4204206.1584372597!/image/image.jpg", "publishedAt": "2020-03-16T15:30:00Z", "content": "Facebook has no plans to roll out specific features to combat recent sharing of misinformation relating to Covid-19 on WhatsApp, the digital messaging platform owned by the US social networking giant. \r\nA spokeswoman for the company pointed to several feature\u2026 [+3258 chars]"}, {"source": {"id": "the-irish-times", "name": "The Irish Times"}, "author": "Colm Keena", "title": "Further restrictions on court work due to coronavirus crisis", "description": "Latest notices mean that no new High Court cases or trials will begin", "url": "https://www.irishtimes.com/news/crime-and-law/further-restrictions-on-court-work-due-to-coronavirus-crisis-1.4204536", "urlToImage": "https://www.irishtimes.com/image-creator/?id=1.4204534&origw=1440", "publishedAt": "2020-03-16T19:34:24Z", "content": "Further significant restrictions in the work being done in the courts have been introduced against a backdrop where many lawyers were concerned about the courts and the judiciarys initial response to the coronavirus crisis.\r\nNotices of additional changes were\u2026 [+3378 chars]"}, {"source": {"id": "the-irish-times", "name": "The Irish Times"}, "author": "Jack Horgan-Jones, Conor Pope", "title": "Coronavirus: New online system for Covid-19 tests becomes \u2018overburdened\u2019", "description": "Some 7,000 pubs in Ireland close in effort to contain virus", "url": "https://www.irishtimes.com/news/health/coronavirus-new-online-system-for-covid-19-tests-becomes-overburdened-1.4203961", "urlToImage": "https://www.irishtimes.com/image-creator/?id=1.4204117&origw=1440", "publishedAt": "2020-03-16T06:38:08Z", "content": "The new online system for booking Covid-19 tests has become overburdened, leading to outages and forcing the deployment of an alternative email system.\r\nSome general practitioners have also reported long delays in trying to contact the HSE by phone to secure \u2026 [+4693 chars]"}, {"source": {"id": "the-irish-times", "name": "The Irish Times"}, "author": "Jennifer Bray", "title": "Coronavirus restrictions: the measures that are still to come", "description": "Cabinet committee meeting on Monday to discuss instructions for restaurants and caf\u00e9s", "url": "https://www.irishtimes.com/news/health/coronavirus-restrictions-the-measures-that-are-still-to-come-1.4204115", "urlToImage": "https://www.irishtimes.com/image-creator/?id=1.4204114&origw=1440", "publishedAt": "2020-03-16T13:58:37Z", "content": "The decision to ask schools, pubs and clubs to close is just the first in a series of changes that will have to be made as Ireland faces into its first week of major restrictions because of the coronavirus pandemic.\r\nThe Cabinet committee on Covid-19 is meeti\u2026 [+4609 chars]"}, {"source": {"id": "the-irish-times", "name": "The Irish Times"}, "author": null, "title": "Coronavirus: People are scared but they want the truth", "description": "We\u2019re headed towards an Italian-style meltdown if we don\u2019t act quickly", "url": "https://www.irishtimes.com/news/health/coronavirus-people-are-scared-but-they-want-the-truth-1.4203670", "urlToImage": "https://www.irishtimes.com/polopoly_fs/1.4203669.1584296161!/image/image.jpg", "publishedAt": "2020-03-16T00:12:55Z", "content": "Facing into some of the hardest weeks this country will ever have experienced, it comes down to this: people in the first half of life have to act immediately to save the health and lives of people in the second half of life.\r\nOlder people too have to modify \u2026 [+128 chars]"}, {"source": {"id": "the-irish-times", "name": "The Irish Times"}, "author": "Patsy McGarry", "title": "Coronavirus: Bishop calls for church bells to ring out on St Patrick\u2019s Day at 11am", "description": "\u2018The bell ringing is an encouragement to care for one other, and remain hopeful at this time\u2019", "url": "https://www.irishtimes.com/news/ireland/irish-news/coronavirus-bishop-calls-for-church-bells-to-ring-out-on-st-patrick-s-day-at-11am-1.4204104", "urlToImage": "https://www.irishtimes.com/image-creator/?id=1.4204101&origw=1440", "publishedAt": "2020-03-16T13:46:48Z", "content": "A Catholic bishop has called for church bells to be rung across the island of Ireland at 11am tomorrow as a St Patricks Day expression of social solidarity in the face of the coronavirus pandemic.\r\nBishop of Waterford and Lismore Phonsie Cullinan said that ri\u2026 [+4368 chars]"}, {"source": {"id": "the-irish-times", "name": "The Irish Times"}, "author": "Kitty Holland", "title": "Coronavirus: Civil service staff reassigned to help thousands of people signing on", "description": "Up to 50,000 bar staff and 25,000 in childcare effectively laid off due to outbreak", "url": "https://www.irishtimes.com/news/social-affairs/coronavirus-civil-service-staff-reassigned-to-help-thousands-of-people-signing-on-1.4204187", "urlToImage": "https://www.irishtimes.com/image-creator/?id=1.4204185&origw=1440", "publishedAt": "2020-03-16T15:18:37Z", "content": "Staff from across the civil service are being reassigned to the Department of Social Protection to help process a surge in emergency unemployment claims from people signing on due to the coronavirus outbreak.\r\nEmployers in the pub, childcare and other sectors\u2026 [+3301 chars]"}, {"source": {"id": "the-irish-times", "name": "The Irish Times"}, "author": "Martin Wall", "title": "Coronavirus: Bus and train drivers will no longer accept cash fares, says union", "description": "NBRU says talks with transport companies under way to see if services can continue", "url": "https://www.irishtimes.com/news/ireland/irish-news/coronavirus-bus-and-train-drivers-will-no-longer-accept-cash-fares-says-union-1.4204146", "urlToImage": "https://www.irishtimes.com/image-creator/?id=1.4204145&origw=1440", "publishedAt": "2020-03-16T14:37:51Z", "content": "The National Bus and Rail Union (NBRU) has said that its members in Irish Rail, Bus \u00c9ireann and Dublin Bus will no longer accept cash from passengers over fears arising from the spread of the coronavirus.\r\nThe NBRU said on Monday that frontline transport pers\u2026 [+2071 chars]"}, {"source": {"id": "the-irish-times", "name": "The Irish Times"}, "author": "Conor Pope", "title": "Coronavirus: Ryanair set to halt most flights over the next 10 days", "description": "Airline says social distancing may make flying to \u2018impractical, if not, impossible\u2019", "url": "https://www.irishtimes.com/news/ireland/irish-news/coronavirus-ryanair-set-to-halt-most-flights-over-the-next-10-days-1.4204016", "urlToImage": "https://www.irishtimes.com/image-creator/?id=1.4204015&origw=1440", "publishedAt": "2020-03-16T10:40:10Z", "content": "Ryanair has said it expects to ground the majority of its aircraft fleet across Europe over the next seven to 10 days with a reduction of 80 per cent or more in flights in April and May. \r\nIn a statement it said that even in countries where its fleet is not g\u2026 [+3628 chars]"}, {"source": {"id": "the-irish-times", "name": "The Irish Times"}, "author": "Conor Pope", "title": "Coronavirus: Shops plan to limit customers and set rules on queuing", "description": "\u2018Prepare for a new way of shopping for essential items to keep us safe and healthy\u2019", "url": "https://www.irishtimes.com/news/ireland/irish-news/coronavirus-shops-plan-to-limit-customers-and-set-rules-on-queuing-1.4204439", "urlToImage": "https://www.irishtimes.com/image-creator/?id=1.4204438&origw=1440", "publishedAt": "2020-03-16T17:59:25Z", "content": "Irish retail is set to be transformed in the coming days with multiple store closures and changes to the layout of supermarkets and pharmacies to ensure essential supplies are maintained and customers and staff are kept safe. \r\nOn what he described as the the\u2026 [+2088 chars]"}, {"source": {"id": "the-irish-times", "name": "The Irish Times"}, "author": "Kitty Holland", "title": "Coronavirus: Firms urged to support workers as \u2018unprecedented numbers\u2019 sign on", "description": "Up to 50,000 bar staff and 25,000 in childcare effectively laid off due to outbreak", "url": "https://www.irishtimes.com/news/social-affairs/coronavirus-firms-urged-to-support-workers-as-unprecedented-numbers-sign-on-1.4204187", "urlToImage": "https://www.irishtimes.com/image-creator/?id=1.4204185&origw=1440", "publishedAt": "2020-03-16T15:18:37Z", "content": "Employers in the pub and childcare sectors are being asked to continue paying staff up to 203 a week as the Department of Social Protection moves to cope with unprecedented numbers of people signing on.\r\nMinister Regina Doherty said employers would be reimbur\u2026 [+3666 chars]"}, {"source": {"id": "the-irish-times", "name": "The Irish Times"}, "author": null, "title": "Coronavirus Q&A: Where are we now? What are the numbers? Where do I stand on travel", "description": "We answer some of the many questions arising during the Covid-19 crisis", "url": "https://www.irishtimes.com/news/ireland/irish-news/coronavirus-q-a-where-are-we-now-what-are-the-numbers-where-do-i-stand-on-travel-1.4204030", "urlToImage": "https://www.irishtimes.com/image-creator/?id=1.4204029&origw=1440", "publishedAt": "2020-03-16T11:19:58Z", "content": "As the Minister for Foreign Affairs Simon Coveney said on Monday morning we are living through totally unprecedented times. Things are changing at head spinning speed and there is no sign of things settling down as the coronavirus pandemic continues to spread\u2026 [+511 chars]"}, {"source": {"id": "the-irish-times", "name": "The Irish Times"}, "author": "Rana Foroohar", "title": "How coronavirus became a corporate credit run", "description": "Central bankers are going to have to keep the money taps on", "url": "https://www.irishtimes.com/business/economy/how-coronavirus-became-a-corporate-credit-run-1.4203587", "urlToImage": "https://www.irishtimes.com/image-creator/?id=1.4203586&origw=1440", "publishedAt": "2020-03-16T04:56:50Z", "content": "It was only hours after US president Donald Trump told us, in an address from the Oval Office last week, this is not a financial crisis, when markets began acting very much as though it was.\r\nInvestors dumped assets resulting in the worst trading day since 19\u2026 [+5410 chars]"}, {"source": {"id": "the-irish-times", "name": "The Irish Times"}, "author": null, "title": "Coronavirus: Shares slump at Penneys owner on forced store closures", "description": "AB Foods notes that Chinese factories have reopened", "url": "https://www.irishtimes.com/business/retail-and-services/coronavirus-shares-slump-at-penneys-owner-on-forced-store-closures-1.4204005", "urlToImage": "https://www.irishtimes.com/image-creator/?id=1.4204055&origw=1440", "publishedAt": "2020-03-16T09:38:45Z", "content": "Penneys owner Associated British Foods has been forced to close 74 Primark fashion stores in continental Europe due to government measures to combat coronavirus, while sales have fallen in those still open, it said on Monday. \r\nShares in AB Foods, which also \u2026 [+204 chars]"}, {"source": {"id": "the-irish-times", "name": "The Irish Times"}, "author": "Simon Carswell", "title": "Coronavirus: Grocery delivery firm pitches help to Government", "description": "Dublin online service Buymie says its technology could help stem spread of Covid-19", "url": "https://www.irishtimes.com/business/retail-and-services/coronavirus-grocery-delivery-firm-pitches-help-to-government-1.4203585", "urlToImage": "https://www.irishtimes.com/image-creator/?id=1.4203584&origw=1440", "publishedAt": "2020-03-16T03:15:00Z", "content": "A Dublin company that shops for, collects and delivers groceries from supermarkets to customers is pitching its technology to the Government as a way of preventing the spread of coronavirus.\r\nOnline grocery delivery service Buymie collects orders for customer\u2026 [+2933 chars]"}, {"source": {"id": "the-irish-times", "name": "The Irish Times"}, "author": "Charlie Taylor", "title": "Coronavirus: Irish audio news platform Noa gets subscriber boost", "description": "Start-up gains over 40,000 additional subscribers to spoken-word audio platform", "url": "https://www.irishtimes.com/business/media-and-marketing/coronavirus-irish-audio-news-platform-noa-gets-subscriber-boost-1.4204203", "urlToImage": "https://www.irishtimes.com/image-creator/?id=1.4204202&origw=1440", "publishedAt": "2020-03-16T15:24:01Z", "content": "Irish media start-up Noa, which narrates written journalism in audio form, has seen a surge in subscribers since it began covering the coronavirus outbreak earlier this year.\r\nFounder and chief executive Gareth Hickey said it had added more than 40,000 listen\u2026 [+1839 chars]"}, {"source": {"id": "the-irish-times", "name": "The Irish Times"}, "author": "The Irish Times", "title": "Coronavirus: Pennys owner forced to close stores in France, Spain", "description": "AB Foods notes that Chinese factories have reopened", "url": "https://www.irishtimes.com/business/retail-and-services/coronavirus-pennys-owner-forced-to-close-stores-in-france-spain-1.4204005", "urlToImage": "https://www.irishtimes.com/image-creator/?id=1.4204003&origw=1440", "publishedAt": "2020-03-16T09:38:45Z", "content": "Pennys-owner Associated British Foods has been forced to close fashion retail stores accounting for nearly a third of its sales, as European governments shut down high streets to prevent the spread of coronavirus.\r\nOwner AB Foods said the budget retailers sto\u2026 [+1559 chars]"}, {"source": {"id": "the-irish-times", "name": "The Irish Times"}, "author": "Simon Carswell", "title": "Coronavirus: Hauliers demand end to shared ferry cabins to safeguard supply", "description": "Lorry drivers urge Government to prioritise driver safety on ferries transporting goods", "url": "https://www.irishtimes.com/business/transport-and-tourism/coronavirus-hauliers-demand-end-to-shared-ferry-cabins-to-safeguard-supply-1.4203688", "urlToImage": "https://www.irishtimes.com/image-creator/?id=1.4203687&origw=1440", "publishedAt": "2020-03-16T02:05:00Z", "content": "The Government should direct ferries transporting goods to prioritise the safety of lorry drivers on board to guarantee continued supply of vital products into the State, the haulage industry said.\r\nThe Irish Road Haulage Association has said that the ferry o\u2026 [+1834 chars]"}, {"source": {"id": "the-irish-times", "name": "The Irish Times"}, "author": "Eoin Burke-Kennedy", "title": "Irish exports rise 7% to \u20ac13.7bn in January before coronavirus outbreak", "description": "Latest trade numbers show snapshot before global pandemic", "url": "https://www.irishtimes.com/business/economy/irish-exports-rise-7-to-13-7bn-in-january-before-coronavirus-outbreak-1.4204060", "urlToImage": "https://www.irishtimes.com/image-creator/?id=1.4204059&origw=1440", "publishedAt": "2020-03-16T12:19:12Z", "content": "The value of Irish goods exports rose by 7 per cent to 13.7 billion in January on foot of big upticks in exports of electrical machinery, medical and pharmaceutical products.\r\nHowever, this was before the coronavirus outbreak impacted global trade.\r\nThe lates\u2026 [+1470 chars]"}, {"source": {"id": "the-irish-times", "name": "The Irish Times"}, "author": "Charlie Taylor", "title": "Coronavirus: AIB to pay staff whose partners are healthcare workers to stay home", "description": "Bank to help support healthcare professionals in idea first proposed by employees", "url": "https://www.irishtimes.com/business/financial-services/coronavirus-aib-to-pay-staff-whose-partners-are-healthcare-workers-to-stay-home-1.4203692", "urlToImage": "https://www.irishtimes.com/polopoly_fs/1.4203691.1584299363!/image/image.jpg", "publishedAt": "2020-03-16T02:15:00Z", "content": "AIB is to provide full pay to staff whose partners are healthcare workers during the Covid-19 crisis, once they have dependants.\r\nThe move means affected employees of the bank will be able to step away from their day jobs to mind children or others who need c\u2026 [+1654 chars]"}, {"source": {"id": "the-irish-times", "name": "The Irish Times"}, "author": "The Irish Times", "title": "Coronavirus: Most airlines bankrupt by end of May, industry body warns", "description": "Unions predict \u2018a lot of lay-offs\u2019 within days as fleets grounded and capacity reduced", "url": "https://www.irishtimes.com/business/transport-and-tourism/coronavirus-most-airlines-bankrupt-by-end-of-may-industry-body-warns-1.4204125", "urlToImage": "https://www.irishtimes.com/polopoly_fs/1.4204124.1584380185!/image/image.jpg", "publishedAt": "2020-03-16T14:21:29Z", "content": "The airline industry is warning that it must shed jobs and obtain state support to survive the coronavirus crisis, as carriers around the globe grounded the majority of their fleets and took steps to conserve cash.\r\nIn the past 24 hours, United Airlines in th\u2026 [+5601 chars]"}, {"source": {"id": "the-irish-times", "name": "The Irish Times"}, "author": "Colin Gleeson", "title": "Coronavirus: Ryanair to cut jobs and pay as entire fleet could be grounded", "description": "Airline chief Michael O\u2019Leary says it could survive prolonged period of having no flights", "url": "https://www.irishtimes.com/business/transport-and-tourism/coronavirus-ryanair-to-cut-jobs-and-pay-as-entire-fleet-could-be-grounded-1.4204023", "urlToImage": "https://www.irishtimes.com/image-creator/?id=1.4204021&origw=1440", "publishedAt": "2020-03-16T10:56:11Z", "content": "Staff members at Ryanair are facing job losses and pay cuts as extraordinary and unprecedented travel restrictions due to the coronavirus could force the airline to ground its entire fleet in the coming months.\r\nIn a statement on Monday, Ryanair said the spre\u2026 [+2880 chars]"}, {"source": {"id": "the-irish-times", "name": "The Irish Times"}, "author": null, "title": "Grand National meeting postponed due to coronavirus outbreak", "description": "Tiger Roll\u2019s bid for three-in-a-row will have to wait as famous steeplechase cancelled", "url": "https://www.irishtimes.com/sport/racing/grand-national-meeting-postponed-due-to-coronavirus-outbreak-1.4204571", "urlToImage": "https://www.irishtimes.com/image-creator/?id=1.4204569&origw=1440", "publishedAt": "2020-03-16T21:05:17Z", "content": "Aintrees Grand National Festival has been cancelled and will not take place between April 2nd and 4th due to the coronavirus outbreak, it has been announced by Jockey Club Racecourses.\r\nRenowned as the worlds greatest steeplechase and the biggest betting even\u2026 [+123 chars]"}, {"source": {"id": "the-irish-times", "name": "The Irish Times"}, "author": "Brian O'Connor", "title": "Majority of betting shops set for temporary closure over coronavirus", "description": "Paddy Power and Boylesports to close retail outlets until March 29th", "url": "https://www.irishtimes.com/sport/racing/majority-of-betting-shops-set-for-temporary-closure-over-coronavirus-1.4204526", "urlToImage": "https://www.irishtimes.com/image-creator/?id=1.4204524&origw=1200", "publishedAt": "2020-03-16T19:28:23Z", "content": "The majority of betting shops appear set to close in Ireland within the next 48 hours and will remain closed until March 29th.\r\nThe Irish Bookmakers Association, which claims to be the largest representative body of the bookmaking industry in Ireland, said on\u2026 [+2256 chars]"}, {"source": {"id": "the-irish-times", "name": "The Irish Times"}, "author": "Ruaidhr\u00ed Croke", "title": "Coronavirus: Four ways to stay active during lockdown", "description": "While all organised sport is cancelled, there are still ways to stay active and get outdoors", "url": "https://www.irishtimes.com/sport/other-sports/coronavirus-four-ways-to-stay-active-during-lockdown-1.4204310", "urlToImage": "https://www.irishtimes.com/image-creator/?id=1.4204308&origw=1440", "publishedAt": "2020-03-16T19:00:00Z", "content": "By all accounts, if the global pandemic of coronavirus which has the country in its grip at the moment is to be beaten, the main things that can be done are to socially distance as much as possible, wash hands and disinfect at home. However, with this partial\u2026 [+3294 chars]"}, {"source": {"id": "the-irish-times", "name": "The Irish Times"}, "author": "Derek Evans", "title": "Anglers weather storms and coronavirus fears to start the season", "description": "Angling notes: some who braved the elements were rewarded with quality fish", "url": "https://www.irishtimes.com/sport/other-sports/anglers-weather-storms-and-coronavirus-fears-to-start-the-season-1.4201215", "urlToImage": "https://www.irishtimes.com/image-creator/?id=1.4201213&origw=623", "publishedAt": "2020-03-16T00:00:00Z", "content": "Against all the odds, the game angling season finally got under way in the last few weeks, albeit at a snails pace. One storm after another, accompanied by floods, biting gale-force winds, thunderous downpours and now Covid-19, have all contributed to a disap\u2026 [+3347 chars]"}, {"source": {"id": "the-irish-times", "name": "The Irish Times"}, "author": "The Irish Times", "title": "European rugby quarter-finals postponed due to coronavirus outbreak", "description": "EPCR still planning to play out both the Champions and Challenge cup competitions", "url": "https://www.irishtimes.com/sport/rugby/european-cup/european-rugby-quarter-finals-postponed-due-to-coronavirus-outbreak-1.4204471", "urlToImage": "https://www.irishtimes.com/image-creator/?id=1.4204469&origw=1440", "publishedAt": "2020-03-16T18:27:35Z", "content": "European Professional Club Rugby (EPCR) has confirmed that the Champions Cup and Challenge Cup quarter-finals, scheduled for the first weekend of April, have been postponed due to the coronavirus outbreak.\r\n The EPCR still intend to complete both competitions\u2026 [+1332 chars]"}, {"source": {"id": "the-irish-times", "name": "The Irish Times"}, "author": "Ruaidhr\u00ed Croke", "title": "Coronavirus: Sports trip cancelled? Here\u2019s all you need to know", "description": "The world of sport has stopped but fans do have options if their trip is no longer on", "url": "https://www.irishtimes.com/sport/other-sports/coronavirus-sports-trip-cancelled-here-s-all-you-need-to-know-1.4204180", "urlToImage": "https://www.irishtimes.com/image-creator/?id=1.4204177&origw=1440", "publishedAt": "2020-03-16T15:09:11Z", "content": "Cancellations, postponements and a whole lot of uncertainty. These are the new buzzwords around sport in the coronavirus-dominated world in which we now live.\r\nWith the vast majority of sport across Europe and much of the world now wiped out in the face of an\u2026 [+12360 chars]"}, {"source": {"id": "the-irish-times", "name": "The Irish Times"}, "author": "The Irish Times", "title": "Coronavirus: IOC to hold talks with sport chiefs on Tuesday", "description": "Less than five months to go until scheduled start of Tokyo 2020 Olympics on July 24th", "url": "https://www.irishtimes.com/sport/other-sports/coronavirus-ioc-to-hold-talks-with-sport-chiefs-on-tuesday-1.4204026", "urlToImage": "https://www.irishtimes.com/image-creator/?id=1.4204025&origw=1440", "publishedAt": "2020-03-16T11:00:38Z", "content": "The International Olympic Committee (IOC) will hold talks with heads of international sports organisations on Tuesday in response to the coronavirus outbreak, a source close to an international federation briefed on the issue said.\r\nThe IOC will also hold an \u2026 [+2994 chars]"}, {"source": {"id": "the-irish-times", "name": "The Irish Times"}, "author": "Ed Power", "title": "\u2018Things got weird\u2019: How Dancing with the Stars coped with coronavirus", "description": "Let\u2019s hope in 12 months all we have to fret about are dancing priests and Nicky Byrne\u2019s quiff", "url": "https://www.irishtimes.com/culture/tv-radio-web/things-got-weird-how-dancing-with-the-stars-coped-with-coronavirus-1.4204096", "urlToImage": "https://www.irishtimes.com/image-creator/?id=1.4204094&origw=1440", "publishedAt": "2020-03-16T13:20:18Z", "content": "Until a few weeks ago this was set to be a season of Dancing with the Stars much like any other. It was obvious from early on that eventual winner Lottie Ryan was the performer to beat. And that Fr Ray Kelly and ex-Nationwide presenter Mary Kennedy were vying\u2026 [+4728 chars]"}, {"source": {"id": "the-irish-times", "name": "The Irish Times"}, "author": "Brian O'Connor", "title": "Jockeys Association admits it\u2019s \u2018inevitable\u2019 a rider will test positive for coronavirus", "description": "Measures implemented to minimise contact between staff at behind closed doors meetings", "url": "https://www.irishtimes.com/sport/racing/jockeys-association-admits-it-s-inevitable-a-rider-will-test-positive-for-coronavirus-1.4204259", "urlToImage": "https://www.irishtimes.com/image-creator/?id=1.4204257&origw=1440", "publishedAt": "2020-03-16T15:58:10Z", "content": "The Irish Jockeys Association (IJA) has said its inevitable a rider will test positive for the coronavirus at some point and that could bring racing to a halt here.\r\nThe sport continues in Ireland behind closed doors after last weeks Government guidelines tha\u2026 [+3833 chars]"}, {"source": {"id": "the-irish-times", "name": "The Irish Times"}, "author": "Ruaidhr\u00ed Croke", "title": "Coronavirus: Can I get money back if my trip to a match has been cancelled?", "description": "The world of sport has stopped but fans do have options if their trip is no longer on", "url": "https://www.irishtimes.com/sport/other-sports/coronavirus-can-i-get-money-back-if-my-trip-to-a-match-has-been-cancelled-1.4204180", "urlToImage": "https://www.irishtimes.com/image-creator/?id=1.4204177&origw=1440", "publishedAt": "2020-03-16T15:09:11Z", "content": "Cancellations, postponements and a whole lot of uncertainty. These are the new buzzwords around sport in the coronavirus-dominated world in which we now live.\r\nWith the vast majority of sport across Europe and much of the world now wiped out in the face of an\u2026 [+12360 chars]"}, {"source": {"id": "the-irish-times", "name": "The Irish Times"}, "author": "R\u00f3is\u00edn Ingle", "title": "Stuck for something to do indoors during coronavirus lockdown? Have a #CovideoParty tonight", "description": "Everyone simultaneously presses play on the same Netflix film, then chats virtually", "url": "https://www.irishtimes.com/culture/film/stuck-for-something-to-do-during-coronavirus-lockdown-have-a-covideoparty-tonight-1.4204352", "urlToImage": "https://www.irishtimes.com/image-creator/?id=1.4204351&origw=1440", "publishedAt": "2020-03-16T16:52:21Z", "content": "In these grim times, thank goodness for people making it their mission to distract us from the challenges of living through a pandemic. One of those people is Westmeath comedian Alison Spittle, creator of the instantly memorable #CovideoParty on Twitter.\r\nThe\u2026 [+2288 chars]"}, {"source": {"id": "the-irish-times", "name": "The Irish Times"}, "author": "The Irish Times", "title": "Coronavirus \u2013 a time for solidarity", "description": "Sir, \u2013 Last week has probably been the most challenging week in all my 15 years as a community pharmacist. You spend five years at pharmacy school but no training, books or A1 grades can prepare you for dealing with a national crisis and the associated fear t\u2026", "url": "https://www.irishtimes.com/opinion/letters/coronavirus-a-time-for-solidarity-1.4203517", "urlToImage": "https://www.irishtimes.com/polopoly_fs/1.3619339.1536160376!/image/image.jpg", "publishedAt": "2020-03-16T00:12:00Z", "content": "Sir, Last week has probably been the most challenging week in all my 15 years as a community pharmacist. \r\nYou spend five years at pharmacy school but no training, books or A1 grades can prepare you for dealing with a national crisis and the associated fear t\u2026 [+5225 chars]"}, {"source": {"id": "the-irish-times", "name": "The Irish Times"}, "author": "Conor Pope", "title": "AirBnB bubble bursts during coronavirus", "description": "Airbnb hosts across the country are coming to terms with a huge hit to their income as a result of mass cancellations due to the spread of coronavirus. \u201cEverything is gone, it just fell off the cliff almost over night, \u201c said Grace de Burca who rents out an e\u2026", "url": "https://www.irishtimes.com/life-and-style/travel/airbnb-bubble-bursts-during-coronavirus-1.4209742", "urlToImage": "https://www.irishtimes.com/image-creator/?id=1.4209741&origw=1440", "publishedAt": "2020-03-16T18:00:00Z", "content": "Airbnb hosts across the country are coming to terms with a huge hit to their income as a result of mass cancellations due to the spread of coronavirus. \r\nEverything is gone, it just fell off the cliff almost over night, said Grace de Burca who rents out an en\u2026 [+4933 chars]"}, {"source": {"id": "the-irish-times", "name": "The Irish Times"}, "author": "The Irish Times", "title": "Kingfisher shuts all French, Spanish stores due to coronavirus", "description": "B&Q stores in Republic remain open", "url": "https://www.irishtimes.com/business/retail-and-services/kingfisher-shuts-all-french-spanish-stores-due-to-coronavirus-1.4203995", "urlToImage": "https://www.irishtimes.com/image-creator/?id=1.4203994&origw=1440", "publishedAt": "2020-03-16T09:14:13Z", "content": "B&amp;Q owner Kingfisher said on Monday its French and Spanish stores will close but its outlets in the Republic will remain open. \r\nKingfisher said all 221 of its Castorama and Brico D\u00e9p\u00f4t stores in France have closed until April 14th in line with government\u2026 [+1560 chars]"}, {"source": {"id": "the-irish-times", "name": "The Irish Times"}, "author": "Jack Horgan-Jones, Conor Pope, Jack Power, Jennifer Bray", "title": "Coronavirus: \u2018Exponential increase\u2019 in cases within days \u2013 Varadkar", "description": "Rise in numbers \u2018cannot be stopped\u2019 as Government moves to secure extra ventilators", "url": "https://www.irishtimes.com/news/health/coronavirus-exponential-increase-in-cases-within-days-varadkar-1.4203961", "urlToImage": "https://www.irishtimes.com/image-creator/?id=1.4204514&origw=1440", "publishedAt": "2020-03-16T06:38:08Z", "content": "Taoiseach Leo Varadkar has warned of an exponential increase in confirmed cases of the coronavirus in the coming days.\r\nHe confirmed that cases are likely to jump by 30 per cent every day. On this basis, the total number of cases could reach 10,000 in two wee\u2026 [+9654 chars]"}, {"source": {"id": "the-irish-times", "name": "The Irish Times"}, "author": "Sylvia Thompson", "title": "Coronavirus: Protect yourself inside and outside the home", "description": "Wash your hands, disinfect surfaces and avoid physical contact \u2013 even with family", "url": "https://www.irishtimes.com/life-and-style/health-family/coronavirus-protect-yourself-inside-and-outside-the-home-1.4198768", "urlToImage": "https://www.irishtimes.com/image-creator/?id=1.4198766&origw=1440", "publishedAt": "2020-03-16T06:05:00Z", "content": "Paying close attention to your personal hygiene remains the best way to protect yourself and other family members from catching and spreading the new coronavirus disease (also known as Covid-19) in Ireland, according to a leading virologist.\r\nThere is no need\u2026 [+7112 chars]"}, {"source": {"id": "the-irish-times", "name": "The Irish Times"}, "author": "Simon Carswell", "title": "Coronavirus: \u2018We can save hundreds; the public can save thousands\u2019", "description": "Medics have reacted with alarm at images of people gathering in packed Dublin pubs and flouting the Government\u2019s \u201csocial distancing\u201d guidelines introduced to prevent the spread of coronavirus. One doctor pointed to the limits of the State\u2019s health system to h\u2026", "url": "https://www.irishtimes.com/news/health/coronavirus-we-can-save-hundreds-the-public-can-save-thousands-1.4203674", "urlToImage": "https://www.irishtimes.com/image-creator/?id=1.4203671&origw=1440", "publishedAt": "2020-03-16T00:37:22Z", "content": "Medics have reacted with alarm at images of people gathering in packed Dublin pubs and flouting the Governments social distancing guidelines introduced to prevent the spread of coronavirus.\r\nOne doctor pointed to the limits of the States health system to help\u2026 [+3280 chars]"}, {"source": {"id": "the-irish-times", "name": "The Irish Times"}, "author": null, "title": "Coronavirus: Garda\u00ed in 200 rented cars set for community outreach", "description": "An Garda S\u00edoch\u00e1na has pledged to use more than 200 vehicles it is renting to assist vulnerable and isolated members of the public with vital tasks, such as collecting prescription drugs or bringing them to medical appointments. Garda Headquarters in Phoenix P\u2026", "url": "https://www.irishtimes.com/news/crime-and-law/coronavirus-garda%C3%AD-in-200-rented-cars-set-for-community-outreach-1.4204557?localLinksEnabled=false", "urlToImage": null, "publishedAt": "2020-03-16T20:32:27Z", "content": null}, {"source": {"id": "the-irish-times", "name": "The Irish Times"}, "author": "Shauna Bowers", "title": "Coronavirus: Taxi drivers seek to \u2018ease burden\u2019 on emergency services", "description": "Taxi drivers are calling on the Government to issue a directive on how they can help \u201cease the burden\u201d being placed on ambulances and emergency services during the coronavirus pandemic. Vinny Kearns, chief executive of NXT Taxis, said there has been a large d\u2026", "url": "https://www.irishtimes.com/news/health/coronavirus-taxi-drivers-seek-to-ease-burden-on-emergency-services-1.4204012", "urlToImage": "https://www.irishtimes.com/image-creator/?id=1.4204011&origw=620", "publishedAt": "2020-03-16T10:37:18Z", "content": "Taxi drivers are calling on the Government to issue a directive on how they can help ease the burden being placed on ambulances and emergency services during the coronavirus pandemic.\r\nVinny Kearns, chief executive of NXT Taxis, said there has been a large de\u2026 [+2770 chars]"}, {"source": {"id": "the-irish-times", "name": "The Irish Times"}, "author": "Martin Wall", "title": "Coronavirus: Closure of dental practices inevitable, dentists warn", "description": "The widespread closure of dental practices across the country is now inevitable due to the coronavirus outbreak, dentists have warned. The Irish Dental Association (IDA) said on Monday that dentists had been \u201cleft in the dark as to what was expected of them i\u2026", "url": "https://www.irishtimes.com/news/ireland/irish-news/coronavirus-closure-of-dental-practices-inevitable-dentists-warn-1.4204443", "urlToImage": "https://www.irishtimes.com/image-creator/?id=1.4204442&origw=1440", "publishedAt": "2020-03-16T18:03:42Z", "content": "The widespread closure of dental practices across the country is now inevitable due to the coronavirus outbreak, dentists have warned.\r\nThe Irish Dental Association (IDA) said on Monday that dentists had been left in the dark as to what was expected of them i\u2026 [+2343 chars]"}, {"source": {"id": "the-irish-times", "name": "The Irish Times"}, "author": "Marie O'Halloran", "title": "Coronavirus: Concern over legislative standstill once Seanad elected", "description": "No legislation can be passed by the Oireachtas once the incoming Seanad is elected until a new government is formed, it has emerged. The new D\u00e1il and outgoing Seanad are empowered to pass legislation and will sit on Thursday and Friday to deal with the emerge\u2026", "url": "https://www.irishtimes.com/news/politics/coronavirus-concern-over-legislative-standstill-once-seanad-elected-1.4203678", "urlToImage": "https://www.irishtimes.com/image-creator/?id=1.4203677&origw=1440", "publishedAt": "2020-03-16T00:47:58Z", "content": "No legislation can be passed by the Oireachtas once the incoming Seanad is elected until a new government is formed, it has emerged.\r\nThe new D\u00e1il and outgoing Seanad are empowered to pass legislation and will sit on Thursday and Friday to deal with the emerg\u2026 [+3046 chars]"}, {"source": {"id": "the-irish-times", "name": "The Irish Times"}, "author": "The Irish Times", "title": "Cricket Ireland postpone Zimbabwe tour due to coronavirus outbreak", "description": "Ireland\u2019s limited-overs tour of Zimbabwe next month has been postponed due to the coronavirus outbreak. Ireland were due to play three T20s at Queens Sports Club in Bulawayo on April 2nd, 4th and 5th followed by three one-day internationals at the same venue \u2026", "url": "https://www.irishtimes.com/sport/other-sports/cricket-ireland-postpone-zimbabwe-tour-due-to-coronavirus-outbreak-1.4204122", "urlToImage": "https://www.irishtimes.com/image-creator/?id=1.4204120&origw=1440", "publishedAt": "2020-03-16T14:10:36Z", "content": "Irelands limited-overs tour of Zimbabwe next month has been postponed due to the coronavirus outbreak.\r\nIreland were due to play three T20s at Queens Sports Club in Bulawayo on April 2nd, 4th and 5th followed by three one-day internationals at the same venue \u2026 [+826 chars]"}, {"source": {"id": "the-irish-times", "name": "The Irish Times"}, "author": "Shauna Bowers", "title": "Coronavirus: Some off licences reporting sharp increases in sales", "description": "Restrictions on socialising and mass gatherings linked to the coronavirus have resulted in an increase in alcohol sales in off licences, with one operator saying business peaked after school closures were announced. Taoiseach Leo Varadkar last week called for\u2026", "url": "https://www.irishtimes.com/news/health/coronavirus-some-off-licences-reporting-sharp-increases-in-sales-1.4204244", "urlToImage": "https://www.irishtimes.com/image-creator/?id=1.4204242&origw=1440", "publishedAt": "2020-03-16T15:47:33Z", "content": "Restrictions on socialising and mass gatherings linked to the coronavirus have resulted in an increase in alcohol sales in off licences, with one operator saying business peaked after school closures were announced.\r\nTaoiseach Leo Varadkar last week called fo\u2026 [+2678 chars]"}, {"source": {"id": "the-irish-times", "name": "The Irish Times"}, "author": "Sylvia Thompson", "title": "Coronavirus: How to protect yourself inside and outside the home", "description": "Paying close attention to your personal hygiene remains the best way to protect yourself and other family members from catching and spreading the new coronavirus disease (also known as Covid-19) in Ireland, according to a leading virologist. \u201cThere is no need\u2026", "url": "https://www.irishtimes.com/life-and-style/health-family/coronavirus-how-to-protect-yourself-inside-and-outside-the-home-1.4198768", "urlToImage": "https://www.irishtimes.com/image-creator/?id=1.4198766&origw=1440", "publishedAt": "2020-03-16T06:05:00Z", "content": "Paying close attention to your personal hygiene remains the best way to protect yourself and other family members from catching and spreading the new coronavirus disease (also known as Covid-19) in Ireland, according to a leading virologist.\r\nThere is no need\u2026 [+7112 chars]"}, {"source": {"id": "the-irish-times", "name": "The Irish Times"}, "author": "Orna Mulcahy", "title": "Disappearing tenants, cancelled sales: estate agents face coronavirus fallout", "description": "Cancelled viewings, cancelled sales and disappearing tenants \u2013 estate agents face an uncertain spring season as the coronavirus takes hold. The country\u2019s two largest estate agency firms have closed their branch networks with staff working remotely and many of\u2026", "url": "https://www.irishtimes.com/life-and-style/homes-and-property/disappearing-tenants-cancelled-sales-estate-agents-face-coronavirus-fallout-1.4204384", "urlToImage": "https://www.irishtimes.com/image-creator/?id=1.4204383&origw=1440", "publishedAt": "2020-03-16T17:26:00Z", "content": "Cancelled viewings, cancelled sales and disappearing tenants estate agents face an uncertain spring season as the coronavirus takes hold. The countrys two largest estate agency firms have closed their branch networks with staff working remotely and many of th\u2026 [+5761 chars]"}, {"source": {"id": "the-irish-times", "name": "The Irish Times"}, "author": "Jack Horgan-Jones, Conor Pope, Jack Power, Jennifer Bray, Naomi O\u2019Leary", "title": "Coronavirus: 54 new cases confirmed in Ireland, 15,000 forecast by end of March", "description": "Rise in cases cannot be stopped\u2019 as restrictions set to be extended beyond March 29th", "url": "https://www.irishtimes.com/news/health/coronavirus-54-new-cases-confirmed-in-ireland-15-000-forecast-by-end-of-march-1.4203961", "urlToImage": "https://www.irishtimes.com/image-creator/?id=1.4204604&origw=1440", "publishedAt": "2020-03-16T06:38:08Z", "content": "Taoiseach Leo Varadkar has warned of an exponential increase in cases of coronavirus as the confirmed number in the Republic reached 223, and in the North 52, making a total of 275 on the island of Ireland.\r\nThe Department of Health confirmed 54 new cases of \u2026 [+7106 chars]"}, {"source": {"id": "the-irish-times", "name": "The Irish Times"}, "author": "Naomi O\u2019Leary", "title": "Coronavirus closes borders as France shuts down", "description": "European countries close borders to each other and rest of world as Macron declares total lockdown", "url": "https://www.irishtimes.com/news/world/europe/coronavirus-closes-borders-as-france-shuts-down-1.4204592", "urlToImage": "https://www.irishtimes.com/image-creator/?id=1.4204590&origw=1440", "publishedAt": "2020-03-16T21:51:00Z", "content": "European nations are closing their borders to each other and to the rest of the world to try to curb the spread of coronavirus, reversing decades of efforts to ease movement within a matter of days.\r\nFrench president Emmanuel Macron confined citizens to their\u2026 [+2236 chars]"}, {"source": {"id": "the-irish-times", "name": "The Irish Times"}, "author": "The Irish Times", "title": "Second British MP tests positive for coronavirus", "description": "UK health minister Nadine Dorries confirmed last week she had the virus", "url": "https://www.irishtimes.com/news/world/uk/second-british-mp-tests-positive-for-coronavirus-1.4203997", "urlToImage": "https://www.irishtimes.com/image-creator/?id=1.4203996&origw=1440", "publishedAt": "2020-03-16T09:26:05Z", "content": "A second MP has confirmed they have tested positive for coronavirus.\r\nLabours Kate Osborne said she was diagnosed with Covid-19 following a period of self-isolation and subsequent testing.\r\nHer diagnosis comes after health minister Nadine Dorries confirmed sh\u2026 [+681 chars]"}, {"source": {"id": "the-irish-times", "name": "The Irish Times"}, "author": "Naomi O\u2019Leary", "title": "Coronavirus: Dutch adopt controversial \u2018herd immunity\u2019 strategy", "description": "Prime minister Mark Rutte says \u2018large part\u2019 of population will be infected", "url": "https://www.irishtimes.com/news/world/europe/coronavirus-dutch-adopt-controversial-herd-immunity-strategy-1.4204578", "urlToImage": "https://www.irishtimes.com/image-creator/?id=1.4204577&origw=1440", "publishedAt": "2020-03-16T21:21:03Z", "content": "The Netherlands will aim to develop immunity to coronavirus among its population by allowing large numbers to contract the illness at a controlled pace, prime minister Mark Rutte announced in a national address on Monday.\r\nThe reality is that in the near futu\u2026 [+1600 chars]"}, {"source": {"id": "the-irish-times", "name": "The Irish Times"}, "author": null, "title": "France \u2018at war\u2019 with coronavirus epidemic \u2013 Macron", "description": "French president announces 15-day lockdown in a televised national address", "url": "https://www.irishtimes.com/news/world/europe/france-at-war-with-coronavirus-epidemic-macron-1.4204585", "urlToImage": "https://www.irishtimes.com/image-creator/?id=1.4204574&origw=1440", "publishedAt": "2020-03-16T21:31:00Z", "content": "France is following the example of Italy and Spain in confining citizens to their homes, in the hope of slowing the Covid-19 epidemic, president Emmanuel Macron announced in a televised address on Monday night.\r\nWe are at war, Mr Macron said six times in a 20\u2026 [+131 chars]"}, {"source": {"id": "the-irish-times", "name": "The Irish Times"}, "author": "Sheenagh Daly", "title": "Coronavirus: Three weeks of no school \u2013 our new reality in Italy", "description": "Sheenagh Daly in Milan: Staying indoors has brought both tense and funny moments", "url": "https://www.irishtimes.com/life-and-style/abroad/coronavirus-three-weeks-of-no-school-our-new-reality-in-italy-1.4203704", "urlToImage": "https://www.irishtimes.com/image-creator/?id=1.4203703&origw=1440", "publishedAt": "2020-03-16T10:00:00Z", "content": "As we reach the end of the third week of closure of schools and creches here in Milan, Italy, one thing is certain: juggling children and smart working (the Italian term for working from home) is our new reality. It requires a great deal of patience and a lot\u2026 [+7877 chars]"}, {"source": {"id": "the-irish-times", "name": "The Irish Times"}, "author": "Jack Horgan-Jones, Conor Pope, Jack Power, Jennifer Bray", "title": "Coronavirus: Cabinet set to resist calls to shut down all restaurants", "description": "HSE considering use of Croke Park as \u2018drive-thru\u2019 testing centre in coming days", "url": "https://www.irishtimes.com/news/health/coronavirus-cabinet-set-to-resist-calls-to-shut-down-all-restaurants-1.4203961", "urlToImage": "https://www.irishtimes.com/image-creator/?id=1.4204489&origw=1440", "publishedAt": "2020-03-16T06:38:08Z", "content": "The Government is expected to resist calls to instruct restaurants to close down following a Cabinet committee meeting on the coronavirus, it is understood. \r\nTwo sources have said that advice will be given to say that restaurants that can maintain social dis\u2026 [+7832 chars]"}, {"source": {"id": "the-irish-times", "name": "The Irish Times"}, "author": "The Irish Times", "title": "South Korea reports continuing decline in coronavirus cases", "description": "Areas of Japan struggle to cope with demand for hospital beds amid elderly population", "url": "https://www.irishtimes.com/news/world/south-korea-reports-continuing-decline-in-coronavirus-cases-1.4203965", "urlToImage": "https://www.irishtimes.com/image-creator/?id=1.4203964&origw=1440", "publishedAt": "2020-03-16T06:53:16Z", "content": "South Korea reported 74 new coronavirus infections on Monday, slightly lower than the previous day, health officials said, taking the tally of cases to 8,236, with 75 deaths.\r\nNew infections have been on a declining trajectory, with the latest figures well be\u2026 [+2803 chars]"}, {"source": {"id": "the-irish-times", "name": "The Irish Times"}, "author": "Suzanne Lynch", "title": "Coronavirus: US set to ban large events for eight weeks", "description": "Schools, higher education institutes and businesses not included, federal agency said", "url": "https://www.irishtimes.com/news/world/us/coronavirus-us-set-to-ban-large-events-for-eight-weeks-1.4203959", "urlToImage": "https://www.irishtimes.com/image-creator/?id=1.4203958&origw=1440", "publishedAt": "2020-03-16T06:36:53Z", "content": "Americas Centre for Disease Control and Prevention (CDC) has recommended that large events and mass gatherings of more than 50 people should be cancelled or postponed for eight weeks, amid fears that coronavirus is spreading in the United States.\r\nIn updated \u2026 [+4244 chars]"}, {"source": {"id": "the-irish-times", "name": "The Irish Times"}, "author": "Jack Horgan-Jones, Conor Pope, Jack Power, Jennifer Bray, Naomi O\u2019Leary", "title": "Coronavirus: \u2018Exponential increase\u2019 ahead for Ireland as total of cases reaches 275", "description": "Taoiseach Leo Varadkar has warned of an \u201cexponential increase\u201d in cases of coronavirus as the confirmed number in the Republic reached 223, and in the North 52, making a total of 275 on the island of Ireland. He confirmed that cases are likely to jump by 30 p\u2026", "url": "https://www.irishtimes.com/news/health/coronavirus-exponential-increase-ahead-for-ireland-as-cases-reach-275-1.4203961", "urlToImage": "https://www.irishtimes.com/image-creator/?id=1.4204489&origw=1440", "publishedAt": "2020-03-16T06:38:08Z", "content": "Taoiseach Leo Varadkar has warned of an exponential increase in cases of coronavirus as the confirmed number in the Republic reached 223, and in the North 52, making a total of 275 on the island of Ireland.\r\nHe confirmed that cases are likely to jump by 30 pe\u2026 [+9771 chars]"}, {"source": {"id": "the-irish-times", "name": "The Irish Times"}, "author": "Sheenagh Daly", "title": "Coronavirus: Schools and creche closed three weeks - what our new reality is like in Italy", "description": "As we reach the end of the third week of closure of schools and creches here in Milan, Italy, one thing is certain: juggling children and smart working (the Italian term for working from home) is our new reality. It requires a great deal of patience and a lot\u2026", "url": "https://www.irishtimes.com/life-and-style/abroad/coronavirus-schools-and-creche-closed-three-weeks-what-our-new-reality-is-like-in-italy-1.4203704", "urlToImage": "https://www.irishtimes.com/image-creator/?id=1.4203703&origw=1440", "publishedAt": "2020-03-16T10:00:00Z", "content": "As we reach the end of the third week of closure of schools and creches here in Milan, Italy, one thing is certain: juggling children and smart working (the Italian term for working from home) is our new reality. It requires a great deal of patience and a lot\u2026 [+7877 chars]"}, {"source": {"id": "the-irish-times", "name": "The Irish Times"}, "author": "Jack Horgan-Jones, Conor Pope, Jack Power, Jennifer Bray, Naomi O\u2019Leary", "title": "Coronavirus: \u2018Exponential increase\u2019 ahead for Ireland as total cases reaches 275", "description": "Taoiseach Leo Varadkar has warned of an \u201cexponential increase\u201d in cases of coronavirus as the confirmed number in the Republic reached 223, and in the North 52, making a total of 275 on the island of Ireland. He confirmed that cases are likely to jump by 30 p\u2026", "url": "https://www.irishtimes.com/news/health/coronavirus-exponential-increase-ahead-for-ireland-as-total-cases-reaches-275-1.4203961", "urlToImage": "https://www.irishtimes.com/image-creator/?id=1.4204489&origw=1440", "publishedAt": "2020-03-16T06:38:08Z", "content": "Taoiseach Leo Varadkar has warned of an exponential increase in cases of coronavirus as the confirmed number in the Republic reached 223, and in the North 52, making a total of 275 on the island of Ireland.\r\nHe confirmed that cases are likely to jump by 30 pe\u2026 [+9771 chars]"}, {"source": {"id": "the-irish-times", "name": "The Irish Times"}, "author": "Sheenagh Daly", "title": "Coronavirus: Three weeks of schools closed - what our new reality is like in Italy", "description": "As we reach the end of the third week of closure of schools and creches here in Milan, Italy, one thing is certain: juggling children and smart working (the Italian term for working from home) is our new reality. It requires a great deal of patience and a lot\u2026", "url": "https://www.irishtimes.com/life-and-style/abroad/coronavirus-three-weeks-of-schools-closed-what-our-new-reality-is-like-in-italy-1.4203704", "urlToImage": "https://www.irishtimes.com/image-creator/?id=1.4203703&origw=1440", "publishedAt": "2020-03-16T10:00:00Z", "content": "As we reach the end of the third week of closure of schools and creches here in Milan, Italy, one thing is certain: juggling children and smart working (the Italian term for working from home) is our new reality. It requires a great deal of patience and a lot\u2026 [+7877 chars]"}, {"source": {"id": "the-irish-times", "name": "The Irish Times"}, "author": "Simon Carswell, Naomi O\u2019Leary, Conor Pope, Martin Wall", "title": "Coronavirus: HSE ramps up testing as Covid-19 shuts down Europe", "description": "Testing for coronavirus will intensify in Ireland from Monday as the number of cases in the State rose to 169 at the weekend and to 214 across the island. The Government called for the closure of the country\u2019s 7,000 pubs from last night until at least March 2\u2026", "url": "https://www.irishtimes.com/news/health/coronavirus-hse-ramps-up-testing-as-covid-19-shutdown-intensifies-across-europe-1.4203961", "urlToImage": "https://www.irishtimes.com/image-creator/?id=1.4203960&origw=1440", "publishedAt": "2020-03-16T06:38:08Z", "content": "Testing for coronavirus will intensify in Ireland from Monday as the number of cases in the State rose to 169 at the weekend and to 214 across the island. \r\nThe Government called for the closure of the countrys 7,000 pubs from last night until at least March \u2026 [+4310 chars]"}, {"source": {"id": "the-irish-times", "name": "The Irish Times"}, "author": "Jennifer Bray", "title": "Coronavirus cases to rise 30% daily and may reach 15,000 in fortnight \u2013 Varadkar", "description": "Coronavirus cases to rise 30% daily and may reach 15,000 in fortnight, warns Varadkar", "url": "https://www.irishtimes.com/news/politics/new-laws-may-see-state-detain-and-isolate-people-on-public-health-grounds-1.4204580", "urlToImage": "https://www.irishtimes.com/image-creator/?id=1.4204579&origw=1440", "publishedAt": "2020-03-16T21:22:00Z", "content": "The Cabinet is looking to give itself new enforcement powers to enable the State to close mass gatherings and venues with the force of law and also to enable the State to detain and isolate people on public health grounds.\r\nThe plan was outlined by Taoiseach \u2026 [+3516 chars]"}, {"source": {"id": "the-irish-times", "name": "The Irish Times"}, "author": "Carl O'Brien", "title": "Coronavirus: University of Limerick likely to set up field hospital on campus", "description": "UL president expects it will be at least mid-June before college reopens to students", "url": "https://www.irishtimes.com/news/education/coronavirus-university-of-limerick-likely-to-set-up-field-hospital-on-campus-1.4204054", "urlToImage": "https://www.irishtimes.com/image-creator/?id=1.4204053&origw=1440", "publishedAt": "2020-03-16T11:59:50Z", "content": "University of Limerick is likely to host a field hospital on its campus should health services become overwhelmed from the coronavirus pandemic over the coming weeks.\r\nUL president Prof Des Fitzgerald said he expects it will be at least mid-June before the co\u2026 [+3452 chars]"}, {"source": {"id": "the-irish-times", "name": "The Irish Times"}, "author": "Naomi O\u2019Leary", "title": "Europe shuts down as Italy records highest daily coronavirus death toll", "description": "France, Spain and Netherlands shut down all but essential services", "url": "https://www.irishtimes.com/news/world/europe-shuts-down-as-italy-records-highest-daily-coronavirus-death-toll-1.4203741", "urlToImage": "https://www.irishtimes.com/image-creator/?id=1.4203739&origw=1440", "publishedAt": "2020-03-16T02:00:00Z", "content": "More than 100 million people in Europe are living under lockdown to try to curb the coronavirus pandemic, as Italys death toll rose by 368 in just 24 hours.\r\nFrance, Spain and the Netherlands were the latest to shut down all but essential services and urge ci\u2026 [+3462 chars]"}, {"source": {"id": "the-irish-times", "name": "The Irish Times"}, "author": "Naomi O\u2019Leary", "title": "EU leaders to discuss travel ban in bid to combat coronavirus", "description": "Ban on all non-essential travel into bloc proposed by European Commission", "url": "https://www.irishtimes.com/news/world/europe/eu-leaders-to-discuss-travel-ban-in-bid-to-combat-coronavirus-1.4204432", "urlToImage": "https://www.irishtimes.com/image-creator/?id=1.4204430&origw=1440", "publishedAt": "2020-03-16T17:51:13Z", "content": "The European Commission has proposed stopping non-essential travel into the European Union for 30 days to combat the coronavirus pandemic, commission president Ursula von der Leyen said on Monday after a video call with international leaders.\r\nWe informed tod\u2026 [+1616 chars]"}, {"source": {"id": "the-irish-times", "name": "The Irish Times"}, "author": null, "title": "Coronavirus: Boris Johnson says UK and Ireland are on \u2018the same path\u2019", "description": "PM confident dramatically intensified measures will equal Irish government\u2019s actions", "url": "https://www.irishtimes.com/news/world/uk/coronavirus-boris-johnson-says-uk-and-ireland-are-on-the-same-path-1.4204540", "urlToImage": "https://www.irishtimes.com/image-creator/?id=1.4204539&origw=1440", "publishedAt": "2020-03-16T20:01:15Z", "content": "Boris Johnson has expressed confidence that his governments measures against coronavirus will be as effective in protecting people against it as the actions taken in Ireland.\r\nIf you look at whats happening overall, the UK and Ireland are on very much the sam\u2026 [+15 chars]"}]}