{"status": "ok", "totalResults": 31, "articles": [{"source": {"id": "the-irish-times", "name": "The Irish Times"}, "author": "Paul Cullen, Simon Carswell", "title": "Coronavirus: nursing home outbreaks rise five-fold in a week", "description": "Health Protection Surveillance Centre says there are 50 outbreaks in nursing homes", "url": "https://www.irishtimes.com/news/ireland/irish-news/coronavirus-nursing-home-outbreaks-rise-five-fold-in-a-week-1.4221307", "urlToImage": "https://www.irishtimes.com/polopoly_fs/1.4221305.1586088746!/image/image.jpg", "publishedAt": "2020-04-05T12:12:30Z", "content": "The number of outbreaks of Covid-19 in nursing homes has risen to 50, according to the last epidemiological report from the HSEs Health Protection Surveillance Centre.\r\nThe vast majority of nursing home clusters of the disease are in the east of the country -\u2026 [+1772 chars]"}, {"source": {"id": "the-irish-times", "name": "The Irish Times"}, "author": "Naomi O\u2019Leary", "title": "Coronavirus: Varadkar returns to practising medicine to help during crisis", "description": "Taoiseach rejoined medical register in March and is set to work one shift a week with HSE", "url": "https://www.irishtimes.com/news/ireland/irish-news/coronavirus-varadkar-returns-to-practising-medicine-to-help-during-crisis-1.4221463", "urlToImage": "https://www.irishtimes.com/image-creator/?id=1.4221462&origw=1440", "publishedAt": "2020-04-05T16:17:38Z", "content": "Taoiseach Leo Varadkar has rejoined the medical register and is to work a session a week to help out in the Coronavirus crisis, The Irish Times understands.\r\nMr Varadkar studied medicine and worked as a doctor for seven years before leaving the profession for\u2026 [+871 chars]"}, {"source": {"id": "the-irish-times", "name": "The Irish Times"}, "author": "The Irish Times", "title": "Coronavirus: garda\u00ed urge public to keep social distancing", "description": "Call for compliance comes ahead of expected Covid-19 surge", "url": "https://www.irishtimes.com/news/ireland/irish-news/coronavirus-garda%C3%AD-urge-public-to-keep-social-distancing-1.4221326", "urlToImage": "https://www.irishtimes.com/image-creator/?id=1.4221325&origw=1440", "publishedAt": "2020-04-05T12:36:07Z", "content": "Garda\u00ed have urged the public to continue social distancing ahead of the expected coronavirus surge.\r\nGarda Deputy Commissioner John Twomey, who heads up the Gardas National Covid-19 Co-ordination Centre, said: We want to thank people for the high level of com\u2026 [+759 chars]"}, {"source": {"id": "the-irish-times", "name": "The Irish Times"}, "author": "Paul Cullen", "title": "Coronavirus: HSE says 20% of delivered protective equipment is unsuitable", "description": "HSE chief executive Paul Reid says number of tests to rise to 4,500 per day from this week", "url": "https://www.irishtimes.com/news/ireland/irish-news/coronavirus-hse-says-20-of-delivered-protective-equipment-is-unsuitable-1.4221278", "urlToImage": "https://www.irishtimes.com/polopoly_fs/1.4221482.1586106261!/image/image.jpg", "publishedAt": "2020-04-05T12:04:49Z", "content": "Around 20 per cent of a consignment of personal protection equipment (PPE) delivered from China last weekend does not meet HSE requirements, and cannot be distributed to staff dealing with patients infected with Covid-19. \r\nDuring a briefing on Sunday morning\u2026 [+3246 chars]"}, {"source": {"id": "the-irish-times", "name": "The Irish Times"}, "author": "Naomi O\u2019Leary", "title": "Coronavirus: Varadkar returns to practicing medicine to help during crisis", "description": "Taoiseach rejoined medical register in March and is set to work one shift a week with HSE", "url": "https://www.irishtimes.com/news/ireland/irish-news/coronavirus-varadkar-returns-to-practicing-medicine-to-help-during-crisis-1.4221463", "urlToImage": "https://www.irishtimes.com/image-creator/?id=1.4221462&origw=1440", "publishedAt": "2020-04-05T16:17:38Z", "content": "Taoiseach Leo Varadkar has rejoined the medical register and is to work a session a week to help out in the Coronavirus crisis, The Irish Times understands.\r\nMr Varadkar studied medicine and worked as a doctor for seven years before leaving the profession for\u2026 [+871 chars]"}, {"source": {"id": "the-irish-times", "name": "The Irish Times"}, "author": "Rodney Edwards", "title": "Coronavirus: Co Tyrone couple buried together after dying 20 hours apart", "description": "Nephew of William and Madge Finlay says \u2018silent killer\u2019 has \u2018robbed us of our loved ones\u2019", "url": "https://www.irishtimes.com/news/ireland/irish-news/coronavirus-co-tyrone-couple-buried-together-after-dying-20-hours-apart-1.4221490", "urlToImage": "https://www.irishtimes.com/image-creator/?id=1.4221489&origw=1440", "publishedAt": "2020-04-05T17:22:13Z", "content": "A Co Tyrone husband and wife have been buried together after both dying from Covid-19 within a period of 20 hours.\r\nWilliam and Madge Finlay, from Ardstraw, were married for more than 50 years and were said to be inseparable. Mr Finlay (84) served in the Ulst\u2026 [+2379 chars]"}, {"source": {"id": "the-irish-times", "name": "The Irish Times"}, "author": "Martin Wall", "title": "An Post to begin free coronavirus \u2018check-in\u2019 on vulnerable persons", "description": "Family members can register for check-in service with customer\u2019s address and eircode", "url": "https://www.irishtimes.com/news/ireland/irish-news/an-post-to-begin-free-coronavirus-check-in-on-vulnerable-persons-1.4221614", "urlToImage": "https://www.irishtimes.com/image-creator/?id=1.4221612&origw=1440", "publishedAt": "2020-04-05T23:04:42Z", "content": "Family members can seek for a local postman or postwoman to check in on an older or vulnerable person during the coronavirus crisis under a new service to be introduced by An Post.\r\nThe postal service is also to put in a place a new newspaper delivery run. Th\u2026 [+2441 chars]"}, {"source": {"id": "the-irish-times", "name": "The Irish Times"}, "author": "Jade Wilson, Conor Gallagher", "title": "Coronavirus: Social distancing on the beach as people \u2018get the message\u2019", "description": "\u2018Before Leo Varadkar announced the tighter restrictions, the beach was busier than in summer\u2019", "url": "https://www.irishtimes.com/news/health/coronavirus-social-distancing-on-the-beach-as-people-get-the-message-1.4221588", "urlToImage": "https://www.irishtimes.com/image-creator/?id=1.4221584&origw=1440", "publishedAt": "2020-04-05T23:25:19Z", "content": "On a bright Sunday afternoon on a near-empty beach in Sutton, north Dublin, Marie Clarke and her sister-in-law Lorraine Clarke say they feel as though theyre living in a twilight zone as they take their daily walk.\r\nIt feels so strange . . . on a sunny spring\u2026 [+3640 chars]"}, {"source": {"id": "the-irish-times", "name": "The Irish Times"}, "author": "Patsy McGarry", "title": "Coronavirus: Consultant fears his patients may \u2018go blind\u2019 due to loss of private care", "description": "Prof Michael O\u2019Keefe says temporary nationalisation during pandemic could lead to deaths", "url": "https://www.irishtimes.com/news/health/coronavirus-consultant-fears-his-patients-may-go-blind-due-to-loss-of-private-care-1.4221471", "urlToImage": "https://www.irishtimes.com/image-creator/?id=1.4221470&origw=1440", "publishedAt": "2020-04-05T16:29:05Z", "content": "A private hospital consultant has warned that some of his patients may go blind and that others could die as a result of the States temporary takeover of the facilities to deal with the coronavirus pandemic.\r\nThe morbidity, even the mortality will rise up. It\u2026 [+1836 chars]"}, {"source": {"id": "the-irish-times", "name": "The Irish Times"}, "author": "Freya McClements", "title": "Coronavirus: Seven more deaths and 91 new cases reported in North", "description": "Total number of confirmed cases rises to 1,089 with 8,486 people tested", "url": "https://www.irishtimes.com/news/health/coronavirus-seven-more-deaths-and-91-new-cases-reported-in-north-1.4221346", "urlToImage": "https://www.irishtimes.com/image-creator/?id=1.4221345&origw=619", "publishedAt": "2020-04-05T13:35:44Z", "content": "Northern Irelands minister of health has warned that people must stick to the rules on social distancing if a ban on outdoor exercise is to be avoided during the coronavirus outbreak.\r\nRobin Swann said on Sunday that no one would want to take such a measure i\u2026 [+2768 chars]"}, {"source": {"id": "the-irish-times", "name": "The Irish Times"}, "author": "Paul Cullen, Patsy McGarry", "title": "Coronavirus: HSE says testing to double to 4,500 per day this week", "description": "Reid says ability of health service to sustain higher testing rate is dependent on supplies", "url": "https://www.irishtimes.com/news/ireland/irish-news/coronavirus-hse-says-testing-to-double-to-4-500-per-day-this-week-1.4221417", "urlToImage": "https://www.irishtimes.com/image-creator/?id=1.4221416&origw=1440", "publishedAt": "2020-04-05T15:10:23Z", "content": "The ability of the health service to test for coronavirus will be doubled from next week to around 4,500 per day, according to the HSEs chief executive Paul Reid.\r\nFrom then, testing capacity in laboratories in the State will increase to 4,500 a day, compared\u2026 [+3710 chars]"}, {"source": {"id": "the-irish-times", "name": "The Irish Times"}, "author": "Martin Wall", "title": "Coronavirus: Plans to move 600 consultants into public system hit obstacle", "description": "Concern over private patient care as further 21 die and 390 new cases confirmed", "url": "https://www.irishtimes.com/news/ireland/irish-news/coronavirus-plans-to-move-600-consultants-into-public-system-hit-obstacle-1.4221590", "urlToImage": "https://www.irishtimes.com/image-creator/?id=1.4221589&origw=1440", "publishedAt": "2020-04-05T23:15:00Z", "content": "A key element of the Governments plans for dealing with the Covid-19 crisis the move of up to 600 private hospital medical specialists into the public system remained in doubt on Sunday night as consultants continued to have strong concerns about elements of \u2026 [+4022 chars]"}, {"source": {"id": "the-irish-times", "name": "The Irish Times"}, "author": "Paul Cullen", "title": "Coronavirus: HSE says 20% of PPE delivery not suitable, testing capacity to double", "description": "Paul Reid says number of tests to rise to 4,500 per day from this week", "url": "https://www.irishtimes.com/news/ireland/irish-news/coronavirus-hse-says-20-of-ppe-delivery-not-suitable-testing-capacity-to-double-1.4221278", "urlToImage": "https://www.irishtimes.com/polopoly_fs/1.4221285.1586084007!/image/image.jpg", "publishedAt": "2020-04-05T10:23:56Z", "content": "Around 20 per cent of a consignment of personal protection equipment (PPE) delivered from China last weekend does not meet the Health Service Executives requirements and cannot be dispersed to staff dealing with patients infected with Covid-19. \r\nDuring a bri\u2026 [+1950 chars]"}, {"source": {"id": "the-irish-times", "name": "The Irish Times"}, "author": "Paul Cullen, Patsy McGarry", "title": "Coronavirus: Number of Irish cases nears 5,000 as 21 further deaths confirmed", "description": "HSE says it plans to double the number of Covid-19 tests carried out each day to 4,500", "url": "https://www.irishtimes.com/news/ireland/irish-news/coronavirus-number-of-irish-cases-nears-5-000-as-21-further-deaths-confirmed-1.4221417", "urlToImage": "https://www.irishtimes.com/image-creator/?id=1.4221416&origw=1440", "publishedAt": "2020-04-05T15:10:23Z", "content": "A further 21 people have died of the coronavirus in Ireland and 390 new cases have been confirmed, the National Public Health Emergency Team has said. \r\nA total of 158 people have died in the State after contracting Covid-19, figures released on Sunday evenin\u2026 [+4577 chars]"}, {"source": {"id": "the-irish-times", "name": "The Irish Times"}, "author": "The Irish Times", "title": "New rescue plan for businesses hit by coronavirus crisis", "description": "Seen & heard: Lenders add new Covid-19 conditions to mortgage offers", "url": "https://www.irishtimes.com/business/economy/new-rescue-plan-for-businesses-hit-by-coronavirus-crisis-1.4221280", "urlToImage": "https://www.irishtimes.com/image-creator/?id=1.4221279&origw=1440", "publishedAt": "2020-04-05T10:28:03Z", "content": "Incentives for businesses rather than personal income tax cuts are being examined by Fianna F\u00e1il and Fine Gael as part of a new rescue plan for the Irish economy once Covid-19 is contained, according to the Business Post. The plan is also expected to temporar\u2026 [+2847 chars]"}, {"source": {"id": "the-irish-times", "name": "The Irish Times"}, "author": "Rosita Boland", "title": "Coronavirus: Offer of arts grants \u2018ill-conceived and tone deaf\u2019", "description": "Members of the arts community have further criticised Government measures aimed at helping the sector during the coronavirus pandemic, with an award-winning designer saying last week\u2019s announcement was \u201ctone deaf\u201d. Minister for Culture Josepha Madigan on Frid\u2026", "url": "https://www.irishtimes.com/culture/coronavirus-offer-of-arts-grants-ill-conceived-and-tone-deaf-1.4221564", "urlToImage": "https://www.irishtimes.com/image-creator/?id=1.4221563&origw=1440", "publishedAt": "2020-04-05T19:58:32Z", "content": "Members of the arts community have further criticised Government measures aimed at helping the sector during the coronavirus pandemic, with an award-winning designer saying last weeks announcement was tone deaf.\r\nMinister for Culture Josepha Madigan on Friday\u2026 [+3032 chars]"}, {"source": {"id": "the-irish-times", "name": "The Irish Times"}, "author": "Apoorva Mandavilli", "title": "Infected but feeling fine: the unwitting coronavirus spreaders", "description": "As many as 25 per cent of people infected with the new coronavirus may not show symptoms, the director of the Centers for Disease Control and Prevention in America warned this week \u2013 a startlingly high number that complicates efforts to predict the pandemic\u2019s\u2026", "url": "https://www.irishtimes.com/life-and-style/health-family/infected-but-feeling-fine-the-unwitting-coronavirus-spreaders-1.4218929", "urlToImage": "https://www.irishtimes.com/image-creator/?id=1.4218928&origw=1440", "publishedAt": "2020-04-05T05:01:52Z", "content": "As many as 25 per cent of people infected with the new coronavirus may not show symptoms, the director of the Centers for Disease Control and Prevention in America warned this week a startlingly high number that complicates efforts to predict the pandemics co\u2026 [+7764 chars]"}, {"source": {"id": "the-irish-times", "name": "The Irish Times"}, "author": "Paul Cullen", "title": "Coronavirus: HSE says 20% of protective equipment delivery unsuitable, testing to double", "description": "Paul Reid says number of tests to rise to 4,500 per day from this week", "url": "https://www.irishtimes.com/news/ireland/irish-news/coronavirus-hse-says-20-of-protective-equipment-delivery-unsuitable-testing-to-double-1.4221278", "urlToImage": "https://www.irishtimes.com/polopoly_fs/1.4221285.1586091263!/image/image.jpg", "publishedAt": "2020-04-05T12:04:49Z", "content": "Paul Reid of the HSE has said \u00a0that around 20% of a consignment of personal protection equipment (PPE) delivered from China last weekend does not meet requirements and cannot be dispersed to staff dealing with patients infected with Covid-19."}, {"source": {"id": "the-irish-times", "name": "The Irish Times"}, "author": "The Irish Times", "title": "Coronavirus: Trump warns of \u2018a lot of death\u2019 in United States next week", "description": "Experts have forecast between 100,000 and 240,000 Americans could die in Covid-19 pandemic", "url": "https://www.irishtimes.com/news/world/us/coronavirus-trump-warns-of-a-lot-of-death-in-united-states-next-week-1.4221255", "urlToImage": "https://www.irishtimes.com/image-creator/?id=1.4221254&origw=1440", "publishedAt": "2020-04-05T05:48:09Z", "content": "US president Donald Trump told Americans to brace for a big rise in coronavirus fatalities in the coming days as the country faces what he called the toughest two weeks of the pandemic.\r\nTheres going to be a lot of death, Mr Trump said at a briefing with repo\u2026 [+5041 chars]"}, {"source": {"id": "the-irish-times", "name": "The Irish Times"}, "author": "Paul Cullen", "title": "Coronavirus: 20% of protective equipment delivery from China unsuitable, HSE says", "description": "Paul Reid says number of tests to rise to 4,500 per day from this week", "url": "https://www.irishtimes.com/news/ireland/irish-news/coronavirus-20-of-protective-equipment-delivery-from-china-unsuitable-hse-says-1.4221278", "urlToImage": "https://www.irishtimes.com/polopoly_fs/1.4221285.1586091263!/image/image.jpg", "publishedAt": "2020-04-05T12:04:49Z", "content": "Around 20 per cent of a consignment of personal protection equipment (PPE) delivered from China last weekend does not meet Health Service Executive (HSE) requirements and cannot be distributed to staff dealing with patients infected with Covid-19.\r\nDuring a b\u2026 [+3288 chars]"}, {"source": {"id": "the-irish-times", "name": "The Irish Times"}, "author": "The Irish Times", "title": "Coronavirus: Spain sees fall in confirmed new deaths", "description": "Prime minister says country is starting to see \u2018light at the end of the tunnel\u2019", "url": "https://www.irishtimes.com/news/world/coronavirus-spain-sees-fall-in-confirmed-new-deaths-1.4221291", "urlToImage": "https://www.irishtimes.com/image-creator/?id=1.4221290&origw=1440", "publishedAt": "2020-04-05T11:23:12Z", "content": "The coronavirus pandemic has infected more than one million people worldwide and over 63,000 deaths have been recorded.\r\nSpain recorded 6,023 confirmed new infections on Sunday, taking the national tally to 130,759. That is down from an increase of 7,026 infe\u2026 [+3744 chars]"}, {"source": {"id": "the-irish-times", "name": "The Irish Times"}, "author": "The Irish Times", "title": "Coronavirus: Pope begins holy week events without the public", "description": "Spain sees fall in confirmed new deaths as global cases reach more than 1.2 million", "url": "https://www.irishtimes.com/news/world/coronavirus-pope-begins-holy-week-events-without-the-public-1.4221291", "urlToImage": "https://www.irishtimes.com/image-creator/?id=1.4221290&origw=1440", "publishedAt": "2020-04-05T11:23:12Z", "content": "Pope Francis has begun the first of several Holy Week ceremonies that will be held behind closed doors this year because of the coronavirus pandemic.\r\nNormally, tens of thousands of Romans and pilgrims, clutching olive branches, would have flocked to an outdo\u2026 [+5158 chars]"}, {"source": {"id": "the-irish-times", "name": "The Irish Times"}, "author": null, "title": "Coronavirus: Bodies of victims in Ecuador stored in containers", "description": "Hospitals and morgues full as hundreds of deaths reported in city of Guayaquil", "url": "https://www.irishtimes.com/news/world/asia-pacific/coronavirus-bodies-of-victims-in-ecuador-stored-in-containers-1.4221558", "urlToImage": "https://www.irishtimes.com/image-creator/?id=1.4221556&origw=1440", "publishedAt": "2020-04-05T19:44:24Z", "content": "Ecuadors government has begun storing the bodies of victims of coronavirus in giant refrigerated containers as hundreds of deaths in the city of Guayaquil, the centre of the countrys outbreak, have already filled morgues and hospitals.\r\nEcuador has confirmed \u2026 [+286 chars]"}, {"source": {"id": "the-irish-times", "name": "The Irish Times"}, "author": "The Irish Times", "title": "Coronavirus: Boris Johnson in hospital for tests as symptoms persist", "description": "Downing Street confirms British prime minister still suffering effects of Covid-19", "url": "https://www.irishtimes.com/news/world/uk/coronavirus-boris-johnson-in-hospital-for-tests-as-symptoms-persist-1.4221569", "urlToImage": "https://www.irishtimes.com/image-creator/?id=1.4221568&origw=1440", "publishedAt": "2020-04-05T20:21:45Z", "content": "British prime minister Boris Johnson has been admitted to hospital for tests due to his coronavirus symptoms persisting.\r\nOn the advice of his doctor, the prime minister has tonight been admitted to hospital for tests, Downing Street said in a statement. This\u2026 [+1468 chars]"}, {"source": {"id": "the-irish-times", "name": "The Irish Times"}, "author": "Miles Johnson", "title": "Fewer deaths in Veneto offer clues for fight against coronavirus", "description": "Lombard and its neighbouring region take diverging approaches to virus \u2013 with different results", "url": "https://www.irishtimes.com/news/world/europe/fewer-deaths-in-veneto-offer-clues-for-fight-against-coronavirus-1.4221401", "urlToImage": "https://www.irishtimes.com/image-creator/?id=1.4221399&origw=1440", "publishedAt": "2020-04-05T14:53:43Z", "content": "When, at the end of February, Lombardy and Veneto recorded Italys first local cases of transmission of coronavirus, the two regions quickly erected road blocks, establishing Europes first lockdown and a precedent for the rest of the continent. \r\nSince then th\u2026 [+5091 chars]"}, {"source": {"id": "the-irish-times", "name": "The Irish Times"}, "author": "Daniel McLaughlin", "title": "Coronavirus pandemic deepens despair and danger for Europe\u2019s Roma", "description": "Rights groups warn millions of Roma face increased risks amid spread of Covid-19", "url": "https://www.irishtimes.com/news/world/europe/coronavirus-pandemic-deepens-despair-and-danger-for-europe-s-roma-1.4221540", "urlToImage": "https://www.irishtimes.com/image-creator/?id=1.4221546&origw=1440", "publishedAt": "2020-04-05T18:40:41Z", "content": "Rights groups say the coronavirus pandemic and sweeping countermeasures against it are exposing millions of Roma to increased danger from poverty, social exclusion and sometimes violent prejudice.\r\nMost of Europes 10-12 million Roma live in central and easter\u2026 [+2806 chars]"}, {"source": {"id": "the-irish-times", "name": "The Irish Times"}, "author": "Daniel Trotta and Amanda Becker", "title": "US braces for \u2018hardest, saddest\u2019 week as coronavirus deaths surpass 9,300", "description": "The United States enters one of the most critical weeks so far in the coronavirus crisis with the death toll exploding in New York, Michigan and Louisiana and some governors calling for a national stay-at-home order. New York, the hardest-hit state, reported \u2026", "url": "https://www.irishtimes.com/news/world/us/us-braces-for-hardest-saddest-week-as-coronavirus-deaths-surpass-9-300-1.4221535", "urlToImage": "https://www.irishtimes.com/image-creator/?id=1.4221533&origw=1440", "publishedAt": "2020-04-05T18:34:39Z", "content": "The United States enters one of the most critical weeks so far in the coronavirus crisis with the death toll exploding in New York, Michigan and Louisiana and some governors calling for a national stay-at-home order.\r\nNew York, the hardest-hit state, reported\u2026 [+4803 chars]"}, {"source": {"id": "the-irish-times", "name": "The Irish Times"}, "author": "Simon Carswell", "title": "Coronavirus: HSE advised nursing homes last month to manage their own cases", "description": "Nursing homes were advised by the HSE to manage Covid-19-infected patients in their own facilities and only transfer them to hospitals where it would \u201cconfer additional benefit\u201d. The HSE advised nursing homes in a guidance note on March 25th to discuss in adv\u2026", "url": "https://www.irishtimes.com/news/health/coronavirus-hse-advised-nursing-homes-last-month-to-manage-their-own-cases-1.4221386", "urlToImage": "https://www.irishtimes.com/image-creator/?id=1.4221384&origw=1200", "publishedAt": "2020-04-05T14:37:46Z", "content": "Nursing homes were advised by the HSE to manage Covid-19-infected patients in their own facilities and only transfer them to hospitals where it would confer additional benefit.\r\nThe HSE advised nursing homes in a guidance note on March 25th to discuss in adva\u2026 [+3890 chars]"}, {"source": {"id": "the-irish-times", "name": "The Irish Times"}, "author": "Freya McClements", "title": "Coronavirus: Seven more deaths and 91 new cases reported in Northern Ireland", "description": "Seven more patients with coronavirus have died in Northern Ireland. A total of 63 people who had been diagnosed with coronavirus, also known as Covid-19, have now died in the North. The latest figures, released on Sunday afternoon, also reported a further 91 \u2026", "url": "https://www.irishtimes.com/news/health/coronavirus-seven-more-deaths-and-91-new-cases-reported-in-northern-ireland-1.4221346", "urlToImage": "https://www.irishtimes.com/image-creator/?id=1.4221345&origw=619", "publishedAt": "2020-04-05T13:35:44Z", "content": "Seven more patients with coronavirus have died in Northern Ireland.\r\nA total of 63 people who had been diagnosed with coronavirus, also known as Covid-19, have now died in the North.\r\nThe latest figures, released on Sunday afternoon, also reported a further 9\u2026 [+198 chars]"}, {"source": {"id": "the-irish-times", "name": "The Irish Times"}, "author": "The Irish Times", "title": "Scotland\u2019s chief medic \u2018sorry\u2019 for breaching coronavirus rules to visit second home", "description": "Catherine Calderwood warned by police after paper reported her trips to property", "url": "https://www.irishtimes.com/news/world/uk/scotland-s-chief-medic-sorry-for-breaching-coronavirus-rules-to-visit-second-home-1.4221500", "urlToImage": "https://www.irishtimes.com/image-creator/?id=1.4221499&origw=1440", "publishedAt": "2020-04-05T17:34:52Z", "content": "Police issued a warning to Scotlands chief medical officer Dr Catherine Calderwood on Sunday after she broke her own advice on social distancing and visited her second home this weekend and last.\r\nScotlands first minister Nicola Sturgeon said Dr Calderwood wo\u2026 [+1784 chars]"}, {"source": {"id": "the-irish-times", "name": "The Irish Times"}, "author": "The Irish Times", "title": "Coronavirus: UK cases rise to almost 50,000 as Pope begins holy week without public", "description": "Spain sees fall in confirmed new deaths as global cases reach more than 1.2 million", "url": "https://www.irishtimes.com/news/world/coronavirus-uk-cases-rise-to-almost-50-000-as-pope-begins-holy-week-without-public-1.4221291", "urlToImage": "https://www.irishtimes.com/image-creator/?id=1.4221290&origw=1440", "publishedAt": "2020-04-05T11:23:12Z", "content": "Pope Francis has begun the first of several Holy Week ceremonies that will be held behind closed doors this year because of the coronavirus pandemic.\r\nNormally, tens of thousands of Romans and pilgrims, clutching olive branches, would have flocked to an outdo\u2026 [+4864 chars]"}]}