{"status": "ok", "totalResults": 75, "articles": [{"source": {"id": "the-irish-times", "name": "The Irish Times"}, "author": "Martin Wall", "title": "Coronavirus: Work in construction sector likely to continue", "description": "HSE social distancing guidelines being applied on outdoor sites, say industry sources", "url": "https://www.irishtimes.com/news/ireland/irish-news/coronavirus-work-in-construction-sector-likely-to-continue-1.4205954", "urlToImage": "https://www.irishtimes.com/polopoly_fs/1.4205953.1584545151!/image/image.jpg", "publishedAt": "2020-03-18T15:26:05Z", "content": "There are no indications at present of outdoor construction sites closing down on foot of the coronavirus outbreak.\r\nHighly placed sources said building work on these sites was likely to continue unless the client concerned sought for construction to be halte\u2026 [+1181 chars]"}, {"source": {"id": "the-irish-times", "name": "The Irish Times"}, "author": "Conor Pope", "title": "Coronavirus: Brown Thomas and Arnotts to close from 5pm today", "description": "In letter to staff, managing director said decision taken \u2018after utmost consideration to team members well-being\u2019", "url": "https://www.irishtimes.com/news/ireland/irish-news/coronavirus-brown-thomas-and-arnotts-to-close-from-5pm-today-1.4205768", "urlToImage": "https://www.irishtimes.com/polopoly_fs/1.4205767.1584534539!/image/image.jpg", "publishedAt": "2020-03-18T12:25:01Z", "content": "Both Brown Thomas and Arnotts are to close from 5pm on Wednesday evening as the impact of coronavirus continues to send shock waves through the retail sector and society at large. \r\nIn a letter to staff, the managing director of both shops Donald McDonald con\u2026 [+1643 chars]"}, {"source": {"id": "the-irish-times", "name": "The Irish Times"}, "author": "Jack Horgan-Jones", "title": "Coronavirus: Many dental practices scale back services as virus spreads", "description": "Dentists say they are seeing widespread cancellations of appointments", "url": "https://www.irishtimes.com/news/health/coronavirus-many-dental-practices-scale-back-services-as-virus-spreads-1.4206053", "urlToImage": "https://www.irishtimes.com/image-creator/?id=1.4206052&origw=907", "publishedAt": "2020-03-18T17:25:06Z", "content": "A group representing dentists has said almost one fifth of dental practices have scaled back services in some form amid warnings that the profession is on the brink of collapse due to the Covid-19 outbreak in the state.\r\nThe Irish Dental Association (IDA) tod\u2026 [+2734 chars]"}, {"source": {"id": "the-irish-times", "name": "The Irish Times"}, "author": "Conor Pope", "title": "Supermarkets to limit customer numbers to slow coronavirus spread", "description": "Retailers introduce increased sanitation and reduce reliance on \u2018high contact surfaces\u2019", "url": "https://www.irishtimes.com/news/ireland/irish-news/supermarkets-to-limit-customer-numbers-to-slow-coronavirus-spread-1.4205966", "urlToImage": "https://www.irishtimes.com/image-creator/?id=1.4205963&origw=1440", "publishedAt": "2020-03-18T15:45:26Z", "content": "Supermarkets across the State have started rolling out measures aimed at protecting customers and staff and ensuring there will continue to be sufficient supplies for all customers who need them.\r\nAmongst the most visible steps being taken are moves to ensure\u2026 [+3542 chars]"}, {"source": {"id": "the-irish-times", "name": "The Irish Times"}, "author": "Colm Keena", "title": "Coronavirus: Court hearings and trials slow to a trickle", "description": "Adjournments and jury member absences bring legal system activity to a near-halt", "url": "https://www.irishtimes.com/news/crime-and-law/coronavirus-court-hearings-and-trials-slow-to-a-trickle-1.4206074", "urlToImage": "https://www.irishtimes.com/image-creator/?id=1.4206072&origw=959", "publishedAt": "2020-03-18T17:50:55Z", "content": "There was no problem obeying the social distancing rules at midday on Wednesday in the Round Hall of the Four Courts in Dublin, but only because there were few people standing in .\r\nTwo groups of three men stood chatting about separate High Court cases. One g\u2026 [+2761 chars]"}, {"source": {"id": "the-irish-times", "name": "The Irish Times"}, "author": null, "title": "Coronavirus: Concern over lack of social distancing during outdoor walks", "description": "Increase in congregated groups out walking in national parks in recent days", "url": "https://www.irishtimes.com/news/ireland/irish-news/coronavirus-concern-over-lack-of-social-distancing-during-outdoor-walks-1.4205805", "urlToImage": "https://www.irishtimes.com/polopoly_fs/1.4205804.1584535797!/image/image.jpg", "publishedAt": "2020-03-18T12:51:01Z", "content": "The National Parks and Wildlife Service has raised concerns that people out walking in parks and elsewhere outdoors are failing to maintain advised social distancing to prevent the spread of the coronavirus.\r\nHealth Service Executive (HSE) guidelines recommen\u2026 [+120 chars]"}, {"source": {"id": "the-irish-times", "name": "The Irish Times"}, "author": "Jack Horgan-Jones", "title": "Coronavirus: Facebook forced to restore Covid-19 posts following complaints", "description": "Social network says posts on coronavirus were incorrectly removed from platform", "url": "https://www.irishtimes.com/news/health/coronavirus-facebook-forced-to-restore-covid-19-posts-following-complaints-1.4206006", "urlToImage": "https://www.irishtimes.com/image-creator/?id=1.4206004&origw=1440", "publishedAt": "2020-03-18T16:30:45Z", "content": "Facebook has been forced to restore some posts on its platform about Covid-19 which were incorrectly removed by automated systems that monitor content on the social network.\r\nSome news publishers using the platform had complained that posts linking to article\u2026 [+1137 chars]"}, {"source": {"id": "the-irish-times", "name": "The Irish Times"}, "author": "Paul Cullen", "title": "Testing delays a dangerous obstacle in battle against coronavirus", "description": "Glitches, \u2018pinch-points\u2019 and shortages must be solved as this week vital to Ireland\u2019s health", "url": "https://www.irishtimes.com/news/health/testing-delays-a-dangerous-obstacle-in-battle-against-coronavirus-1.4205359", "urlToImage": "https://www.irishtimes.com/image-creator/?id=1.4205357&origw=1440", "publishedAt": "2020-03-18T00:21:16Z", "content": "Long delays in the time it takes to test people for coronavirus and then tell them their result threaten to undermine our strategy for fighting the disease at one of the first steps.\r\nTake the experience of these patients. The first fell ill last Thursday and\u2026 [+2430 chars]"}, {"source": {"id": "the-irish-times", "name": "The Irish Times"}, "author": "Paul O'Neill", "title": "Coronavirus: A message from 'Irish Times' Editor Paul O'Neill", "description": "", "url": "https://www.irishtimes.com/news/ireland/irish-news/coronavirus-a-message-from-irish-times-editor-paul-o-neill-1.4205247", "urlToImage": "https://www.irishtimes.com/polopoly_fs/1.4205239.1584464993!/image/image.jpg", "publishedAt": "2020-03-18T06:00:00Z", "content": "Weve been doing things differently in recent days and, unusually, wed be happier if you havent noticed any changes. Since the middle of last week, irishtimes.com has been produced entirely from the homes of Irish Times journalists, and yesterdays newspaper fo\u2026 [+2458 chars]"}, {"source": {"id": "the-irish-times", "name": "The Irish Times"}, "author": "Paul Cullen", "title": "Coronavirus: 22% of first 271 cases were community transmission", "description": "Emergency team publishes analysis while total number of people infected rises to 366", "url": "https://www.irishtimes.com/news/health/coronavirus-22-of-first-271-cases-were-community-transmission-1.4206242", "urlToImage": "https://www.irishtimes.com/image-creator/?id=1.4206240&origw=1440", "publishedAt": "2020-03-18T21:56:51Z", "content": "A further 74 cases of Covid-19 were confirmed by the National Public Health Emergency Team on Wednesday night. The new cases involve 29 women and 45 men. The total number of cases in the Republic is now 366.\r\nIt also published an analysis of the first 271 cas\u2026 [+2649 chars]"}, {"source": {"id": "the-irish-times", "name": "The Irish Times"}, "author": "Jack Power", "title": "Coronavirus: Donohoe to discuss economic fallout with banks as demand for Covid-19 tests surges", "description": "Latest figures show there are now 292 confirmed cases of coronavirus in State", "url": "https://www.irishtimes.com/news/ireland/irish-news/coronavirus-donohoe-to-discuss-economic-fallout-with-banks-as-demand-for-covid-19-tests-surges-1.4205686", "urlToImage": "https://www.irishtimes.com/image-creator/?id=1.4205685&origw=1200", "publishedAt": "2020-03-18T09:15:59Z", "content": "Minister for Finance Paschal Donohoe is to meet bank chief executives on Wednesday to discuss the financial fallout from the coronavirus pandemic,\r\nThe health service is continuing to struggle following a large surge in people referred for testing for the cor\u2026 [+2902 chars]"}, {"source": {"id": "the-irish-times", "name": "The Irish Times"}, "author": "Jack Power, Martin Wall", "title": "Coronavirus: Some 24,000 people apply for health jobs to tackle outbreak", "description": "Latest figures show there are now 292 confirmed cases of coronavirus in State", "url": "https://www.irishtimes.com/news/ireland/irish-news/coronavirus-some-24-000-people-apply-for-health-jobs-to-tackle-outbreak-1.4205686", "urlToImage": "https://www.irishtimes.com/image-creator/?id=1.4205685&origw=1200", "publishedAt": "2020-03-18T09:15:59Z", "content": "About 24,000 people have contacted the HSE in the last 24 hours regarding taking up posts in the health service to deal with the expected surge in demand for care arising from the coronavirus outbreak, Minister for Health Simon Harris has said.\r\nThe Governmen\u2026 [+3591 chars]"}, {"source": {"id": "the-irish-times", "name": "The Irish Times"}, "author": "Jack Power", "title": "Coronavirus: P&O Ferries to provide single cabins for haulage drivers", "description": "Haulage Association calls for other ferry operators to follow suit", "url": "https://www.irishtimes.com/news/ireland/irish-news/coronavirus-p-o-ferries-to-provide-single-cabins-for-haulage-drivers-1.4205776", "urlToImage": "https://www.irishtimes.com/image-creator/?id=1.4205775&origw=723", "publishedAt": "2020-03-18T12:27:09Z", "content": "P&amp;O Ferries, who operate a major freight link between Dublin and Liverpool, and Britain and mainland Europe, has moved to provide haulage drivers with single occupancy cabins to reduce risks of the coronavirus affecting supply chains. \r\nIn recent days the\u2026 [+1715 chars]"}, {"source": {"id": "the-irish-times", "name": "The Irish Times"}, "author": "Colin Gleeson", "title": "Coronavirus: Irish Distillers to provide large-scale quantities of alcohol gel", "description": "Producer of the Jameson and Powers whiskey labels offer to help the HSE meet demand", "url": "https://www.irishtimes.com/news/health/coronavirus-irish-distillers-to-provide-large-scale-quantities-of-alcohol-gel-1.4206218", "urlToImage": "https://www.irishtimes.com/image-creator/?id=1.4206217&origw=1440", "publishedAt": "2020-03-18T20:52:01Z", "content": "The producer of the Jameson and Powers whiskey labels is to provide healthcare authorities with large-scale quantities of alcohol gel to cope with unprecedented demand due to the coronavirus pandemic.\r\nAlcohol gel plays a vital part in the frontline efforts o\u2026 [+1383 chars]"}, {"source": {"id": "the-irish-times", "name": "The Irish Times"}, "author": "Vivienne Clarke", "title": "Coronavirus: Radio presenter Ciara Kelly tells listeners she has Covid-19", "description": "\u2018A lovely paramedic came, in full gear, to my house and swabbed my throat and my nose\u2019", "url": "https://www.irishtimes.com/news/health/coronavirus-radio-presenter-ciara-kelly-tells-listeners-she-has-covid-19-1.4205833", "urlToImage": "https://www.irishtimes.com/image-creator/?id=1.4205832&origw=1440", "publishedAt": "2020-03-18T13:15:45Z", "content": "Newstalk presenter Ciara Kelly has announced on air that she has been diagnosed with Covid-19.\r\nShe told listeners she had something personal to tell them at the beginning of her show. I have the coronavirus and I have been broadcasting from the hot press for\u2026 [+2184 chars]"}, {"source": {"id": "the-irish-times", "name": "The Irish Times"}, "author": "Paul Cullen", "title": "Coronavirus: analysis of Irish cases shows two-thirds were among the under 55s", "description": "Regional breakdown: Emergency team publishes analysis showing highest number of cases are in Dublin, Cork and Limerick", "url": "https://www.irishtimes.com/news/health/coronavirus-analysis-of-irish-cases-shows-two-thirds-were-among-the-under-55s-1.4206242", "urlToImage": "https://www.irishtimes.com/image-creator/?id=1.4206240&origw=1440", "publishedAt": "2020-03-18T21:56:51Z", "content": "A further 74 cases of Covid-19 were confirmed by the National Public Health Emergency Team on Wednesday night. The new cases involve 29 women and 45 men. The total number of cases in the Republic is now 366.\r\nIt also published an analysis of the first 271 cas\u2026 [+2649 chars]"}, {"source": {"id": "the-irish-times", "name": "The Irish Times"}, "author": "Barry Roche", "title": "Coronavirus: More than 800 sign up to deliver groceries to elderly and those at risk", "description": "Volunteer group has divided Cork city into five electoral wards", "url": "https://www.irishtimes.com/news/ireland/irish-news/coronavirus-more-than-800-sign-up-to-deliver-groceries-to-elderly-and-those-at-risk-1.4205826", "urlToImage": "https://www.irishtimes.com/polopoly_fs/1.4205825.1584536807!/image/image.jpg", "publishedAt": "2020-03-18T13:06:50Z", "content": "More than 800 people have signed up with a new voluntary group in Cork to help deliver groceries and other essentials to elderly and at-risk people unable to leave their homes over fears of contracting coronavirus.\r\nCork Covid-19 Volunteers for the Elderly is\u2026 [+1818 chars]"}, {"source": {"id": "the-irish-times", "name": "The Irish Times"}, "author": "Paul Cullen", "title": "Coronavirus: Some HSE home care may be withdrawn because of pandemic", "description": "With increasing number of carers and older people going into self-isolation, industry is seeking emergency measures for sector", "url": "https://www.irishtimes.com/news/health/coronavirus-some-hse-home-care-may-be-withdrawn-because-of-pandemic-1.4205932", "urlToImage": "https://www.irishtimes.com/image-creator/?id=1.4205930&origw=881", "publishedAt": "2020-03-18T15:08:17Z", "content": "Home care providers have warned of a serious threat to the viability of the sector arising from the Covid-19 pandemic.\r\nWith increasing number of carers, and of older people receiving care, going into self-isolation, the industry is seeking emergency measures\u2026 [+1852 chars]"}, {"source": {"id": "the-irish-times", "name": "The Irish Times"}, "author": "Jack Power", "title": "Coronavirus: Health service tackles testing surge, Donohoe to meet bank CEOs", "description": "Latest figures show there are now 292 confirmed cases of coronavirus in State", "url": "https://www.irishtimes.com/news/ireland/irish-news/coronavirus-health-service-tackles-testing-surge-donohoe-to-meet-bank-ceos-1.4205686", "urlToImage": "https://www.irishtimes.com/image-creator/?id=1.4205685&origw=1200", "publishedAt": "2020-03-18T09:15:59Z", "content": "Minister for Finance Paschal Donohoe is to meet bank chief executives on Wednesday to discuss the financial fallout from the coronavirus pandemic, \r\nThe health service is continuing to struggle following a large surge in people referred for testing for the co\u2026 [+2148 chars]"}, {"source": {"id": "the-irish-times", "name": "The Irish Times"}, "author": "Paul Cullen", "title": "Coronavirus Irish data: Two-thirds of first 271 cases are people under 55", "description": "Regional breakdown: Emergency team publishes analysis showing highest number of cases are in Dublin, Cork and Limerick", "url": "https://www.irishtimes.com/news/health/coronavirus-irish-data-two-thirds-of-first-271-cases-are-people-under-55-1.4206242", "urlToImage": "https://www.irishtimes.com/image-creator/?id=1.4206240&origw=1440", "publishedAt": "2020-03-18T21:56:51Z", "content": "A further 74 cases of Covid-19 were confirmed by the National Public Health Emergency Team on Wednesday night. The new cases involve 29 women and 45 men. The total number of cases in the Republic is now 366.\r\nIt also published an analysis of the first 271 cas\u2026 [+2598 chars]"}, {"source": {"id": "the-irish-times", "name": "The Irish Times"}, "author": "Barry Roche", "title": "Coronavirus: Naval ships to become test centres; P\u00e1irc U\u00ed Chaoimh also offered", "description": "Ships will dock off Dublin, Cork and Galway for Covid-19 testing as growing numbers expected to present with symptoms", "url": "https://www.irishtimes.com/news/health/coronavirus-naval-ships-to-become-test-centres-p%C3%A1irc-u%C3%AD-chaoimh-also-offered-1.4206168", "urlToImage": "https://www.irishtimes.com/image-creator/?id=1.4206167&origw=1440", "publishedAt": "2020-03-18T19:39:50Z", "content": "The HSE has enlisted the help of the Naval Service in setting up test centres in Dublin, Cork and Galway to cater for the growing number of people expected to present with Covid 19 symptoms over the coming days.\r\nThe Naval Service has responded by providing t\u2026 [+4998 chars]"}, {"source": {"id": "the-irish-times", "name": "The Irish Times"}, "author": "Jack Power", "title": "Coronavirus: Donohoe to meet bank CEOs as health service tackles testing surge", "description": "Latest figures show there are now 292 confirmed cases of coronavirus in State", "url": "https://www.irishtimes.com/news/ireland/irish-news/coronavirus-donohoe-to-meet-bank-ceos-as-health-service-tackles-testing-surge-1.4205686", "urlToImage": "https://www.irishtimes.com/image-creator/?id=1.4205685&origw=1200", "publishedAt": "2020-03-18T09:15:59Z", "content": "Minister for Finance Paschal Donohoe is to meet bank chief executives on Wednesday to discuss the financial fallout from the coronavirus pandemic, \r\nThe health service is continuing to struggle following a large surge in people referred for testing for the co\u2026 [+2148 chars]"}, {"source": {"id": "the-irish-times", "name": "The Irish Times"}, "author": "Carl O'Brien", "title": "Coronavirus: Call for clarity on future of State exams to ease students\u2019 anxiety", "description": "Contingency plans for Junior and Leaving Certs being worked on, department says", "url": "https://www.irishtimes.com/news/education/coronavirus-call-for-clarity-on-future-of-state-exams-to-ease-students-anxiety-1.4206027", "urlToImage": "https://www.irishtimes.com/image-creator/?id=1.4206025&origw=1440", "publishedAt": "2020-03-18T16:59:47Z", "content": "School management bodies have urged the Department of Education to provide greater clarity over the future of the State exams in an effort to ease students anxiety levels.\r\nEducation partners took part in a conference call with senior department officials on \u2026 [+3049 chars]"}, {"source": {"id": "the-irish-times", "name": "The Irish Times"}, "author": "Olivia Kelly", "title": "Coronavirus pandemic: City council chief warns against blanket rates and rents freeze", "description": "Cash from commercial rates, social housing rents key to running city, says Owen Keegan", "url": "https://www.irishtimes.com/news/ireland/irish-news/coronavirus-pandemic-city-council-chief-warns-against-blanket-rates-and-rents-freeze-1.4205297", "urlToImage": "https://www.irishtimes.com/polopoly_fs/1.4205296.1584476381!/image/image.jpg", "publishedAt": "2020-03-18T00:41:11Z", "content": "Dublin City Council has warned it will not have enough money to run the city if a blanket moratorium on commercial rates and social housing rents is implemented during the coronavirus pandemic, \u00a0council chief executive Owen Keegan has warned.\r\nMr Keegan has u\u2026 [+3041 chars]"}, {"source": {"id": "the-irish-times", "name": "The Irish Times"}, "author": "Jack Horgan-Jones, Paul Cullen", "title": "Coronavirus: 300 dentists criticise guidance and seek halt to elective services", "description": "Many dental practices scale back amid warnings the profession is \u2018on the brink of collapse\u2019", "url": "https://www.irishtimes.com/news/health/coronavirus-300-dentists-criticise-guidance-and-seek-halt-to-elective-services-1.4206053", "urlToImage": "https://www.irishtimes.com/image-creator/?id=1.4206052&origw=907", "publishedAt": "2020-03-18T17:25:06Z", "content": "Over 300 dentists have signed a letter criticising official guidance on Covid-19 and calling for all elective dentistry to stop due to the threat posed by the disease.\r\nSeparately, the Irish Dental Association has said almost one-fifth of dental practices hav\u2026 [+3195 chars]"}, {"source": {"id": "the-irish-times", "name": "The Irish Times"}, "author": "Paul Cullen", "title": "Coronavirus Irish data: Two-thirds are under 55 and only three counties have no cases so far", "description": "Regional breakdown: Emergency team publishes analysis showing highest number of cases are in Dublin, Cork and Limerick", "url": "https://www.irishtimes.com/news/health/coronavirus-irish-data-two-thirds-are-under-55-and-only-three-counties-have-no-cases-so-far-1.4206242", "urlToImage": "https://www.irishtimes.com/image-creator/?id=1.4206240&origw=1440", "publishedAt": "2020-03-18T21:56:51Z", "content": "A further 74 cases of Covid-19 were confirmed by the National Public Health Emergency Team on Wednesday night. The new cases involve 29 women and 45 men. The total number of cases in the Republic is now 366.\r\nIt also published an analysis of the first 271 cas\u2026 [+2649 chars]"}, {"source": {"id": "the-irish-times", "name": "The Irish Times"}, "author": "Cliff Taylor", "title": "Coronavirus: ECB launches \u20ac750bn bond buying programme", "description": "ECB promises massive intervention to try to calm fears of financial turmoil", "url": "https://www.irishtimes.com/business/economy/coronavirus-ecb-launches-750bn-bond-buying-programme-1.4206267", "urlToImage": "https://www.irishtimes.com/image-creator/?id=1.4206265&origw=1440", "publishedAt": "2020-03-18T23:09:49Z", "content": "The European Central Bank has announced a massive 750 billion programme of bond buying after a late night emergency phone conference of its governing council. The move is to try to fight off pressures emerging in euro-zone government bond markets and prevent \u2026 [+2621 chars]"}, {"source": {"id": "the-irish-times", "name": "The Irish Times"}, "author": "Ciara O'Brien", "title": "Greencore says business holding up well as coronavirus crisis hits", "description": "But company says it is too early to predict final impact on 2020 results", "url": "https://www.irishtimes.com/business/agribusiness-and-food/greencore-says-business-holding-up-well-as-coronavirus-crisis-hits-1.4205683", "urlToImage": "https://www.irishtimes.com/image-creator/?id=1.4205682&origw=1440", "publishedAt": "2020-03-18T09:01:31Z", "content": "Food group Greencore said its volumes were continuing to hold up well as the ongoing coronavirus crisis continued, but warned it was too early to predict the impact on 2020 results. \r\nThe group said its current trading for the year was broadly in line with ex\u2026 [+1392 chars]"}, {"source": {"id": "the-irish-times", "name": "The Irish Times"}, "author": "The Irish Times", "title": "Gap, Neiman Marcus temporarily shut stores over coronavirus", "description": "Websites will remain open for shoppers", "url": "https://www.irishtimes.com/business/retail-and-services/gap-neiman-marcus-temporarily-shut-stores-over-coronavirus-1.4205772", "urlToImage": "https://www.irishtimes.com/image-creator/?id=1.4205771&origw=1440", "publishedAt": "2020-03-18T12:25:39Z", "content": "US clothing retailer Gap and luxury department store operator Neiman Marcus will close their stores for two weeks, joining other retailers in a vast effort to stem the spread of the novel coronavirus.\r\nGap will temporarily shut all Old Navy, Athleta, Banana R\u2026 [+1176 chars]"}, {"source": {"id": "the-irish-times", "name": "The Irish Times"}, "author": "The Irish Times", "title": "Oil falls for third day as coronavirus travel bans escalate", "description": "Outlook for fuel demand darkens as coronavirus triggers epidemic", "url": "https://www.irishtimes.com/business/markets/oil-falls-for-third-day-as-coronavirus-travel-bans-escalate-1.4205674", "urlToImage": "https://www.irishtimes.com/image-creator/?id=1.4205673&origw=1440", "publishedAt": "2020-03-18T08:27:54Z", "content": "Oil prices fell for a third session on Wednesday to be down about 17 per cent so far this week as the outlook for fuel demand darkened amid travel and social lockdowns triggered by the coronavirus epidemic.\r\nBrent crude was trading down 43 cents, or 1.5 per c\u2026 [+2684 chars]"}, {"source": {"id": "the-irish-times", "name": "The Irish Times"}, "author": "Barry O'Halloran", "title": "Coronavirus sparks a rush for gold and safety deposit boxes", "description": "Some are concerned that burglaries could increase in the outbreak\u2019s wake", "url": "https://www.irishtimes.com/business/financial-services/coronavirus-sparks-a-rush-for-gold-and-safety-deposit-boxes-1.4205972", "urlToImage": "https://www.irishtimes.com/image-creator/?id=1.4205971&origw=1440", "publishedAt": "2020-03-18T15:54:10Z", "content": "The coronavirus crisis has sparked a rush for gold and safety deposit boxes, says one Irish business.\r\nMerrion Vaults, which rents out safety deposit boxes in the Republic and UK, and buys gold for clients, is experiencing unprecedented demand from businesses\u2026 [+1210 chars]"}, {"source": {"id": "the-irish-times", "name": "The Irish Times"}, "author": "The Irish Times", "title": "Governments offer airlines aid as coronavirus drives deeper flight cuts", "description": "Australia and Taiwan join countries offering financial aid to ailing aviation sectors", "url": "https://www.irishtimes.com/business/transport-and-tourism/governments-offer-airlines-aid-as-coronavirus-drives-deeper-flight-cuts-1.4205762", "urlToImage": "https://www.irishtimes.com/image-creator/?id=1.4205761&origw=1440", "publishedAt": "2020-03-18T12:07:23Z", "content": "Australia and Taiwan joined a growing list of countries offering financial aid to their ailing aviation sectors as global airlines announced deeper capacity cuts due to plummeting demand and stricter border controls associated with the coronavirus.\r\nWith airl\u2026 [+4342 chars]"}, {"source": {"id": "the-irish-times", "name": "The Irish Times"}, "author": "The Irish Times", "title": "Global stocks tumble as investors flee risk on coronavirus fears", "description": "Pandemic worries eclipse hopes broad policy support would combat the economic fallout", "url": "https://www.irishtimes.com/business/markets/global-stocks-tumble-as-investors-flee-risk-on-coronavirus-fears-1.4205662", "urlToImage": "https://www.irishtimes.com/image-creator/?id=1.4205661&origw=1440", "publishedAt": "2020-03-18T07:32:45Z", "content": "Global stock futures and Asian shares tumbled in choppy trade on Wednesday, as worries about the coronavirus pandemic eclipsed hopes broad policy support would combat the economic fallout from the outbreak.\r\nMost traditional safe-haven assets were also under \u2026 [+4017 chars]"}, {"source": {"id": "the-irish-times", "name": "The Irish Times"}, "author": "Lanre Bakare", "title": "Glastonbury cancelled because of coronavirus outbreak", "description": "Festival says 2020 event, with Paul McCartney and Kendrick Lamar, moving to 2021", "url": "https://www.irishtimes.com/culture/music/glastonbury-cancelled-because-of-coronavirus-outbreak-1.4206115", "urlToImage": "https://www.irishtimes.com/image-creator/?id=1.4206112&origw=1200", "publishedAt": "2020-03-18T18:29:56Z", "content": "The Glastonbury festival, which was due to celebrate its 50th anniversary year in 2020 with headliners including Taylor Swift, Paul McCartney and Kendrick Lamar, has been cancelled as a result of the coronavirus pandemic.\r\nThe festival confirmed via Twitter o\u2026 [+2513 chars]"}, {"source": {"id": "the-irish-times", "name": "The Irish Times"}, "author": "Ronan McGreevy", "title": "Coronavirus: Eurovision Song Contest 2020 cancelled", "description": "Event in Rotterdam in May now impossible to stage, says European Broadcasting Union", "url": "https://www.irishtimes.com/culture/music/coronavirus-eurovision-song-contest-2020-cancelled-1.4205929", "urlToImage": "https://www.irishtimes.com/image-creator/?id=1.4205928&origw=620", "publishedAt": "2020-03-18T15:05:59Z", "content": "Eurovision 2020 has been cancelled as a result of the coronavirus threat.\r\nThe European Broadcasting Union, which runs the contest, said it had looked at alternative arrangements, but none were suitable. It was due to have taken place in Rotterdam in May. \r\nT\u2026 [+992 chars]"}, {"source": {"id": "the-irish-times", "name": "The Irish Times"}, "author": "Dick Ahlstrom", "title": "Garlic water won\u2019t cure coronavirus, no matter what the internet says", "description": "Avoid online advice from dodgy sources, the situation is scary enough without fake news", "url": "https://www.irishtimes.com/business/innovation/garlic-water-won-t-cure-coronavirus-no-matter-what-the-internet-says-1.4205782", "urlToImage": "https://www.irishtimes.com/image-creator/?id=1.4205781&origw=1424", "publishedAt": "2020-03-18T16:00:00Z", "content": "The purveyors of snake oil and phony medical treatments are alive and well and making their latest buck on the back of the Corvid-19 pandemic. The hucksters of old showed up at country fairs or landed into small towns carrying bottles of a near magical substa\u2026 [+4923 chars]"}, {"source": {"id": "the-irish-times", "name": "The Irish Times"}, "author": "Joe Brennan", "title": "Coronavirus: Banks to offer mortgage holidays and defer cases against defaulting borrowers", "description": "Irish bank chiefs set to meet Minister for Finance on Wednesday", "url": "https://www.irishtimes.com/business/financial-services/coronavirus-banks-to-offer-mortgage-holidays-and-defer-cases-against-defaulting-borrowers-1.4205750", "urlToImage": "https://www.irishtimes.com/image-creator/?id=1.4205907&origw=1440", "publishedAt": "2020-03-18T11:44:41Z", "content": "Irish bank chiefs are preparing to sign up to a three-month deferral of current legal proceedings against borrowers in default as they meet the Minister for Finance on Wednesday afternoon to discuss measures being taken to ease the pressure on borrowers amid \u2026 [+4119 chars]"}, {"source": {"id": "the-irish-times", "name": "The Irish Times"}, "author": "Joe Brennan", "title": "Coronavirus: Banks agree mortgage breaks and repossession deferrals amid Covid-19", "description": "Contactless payment threshold is also to be raised from \u20ac30 to \u20ac50", "url": "https://www.irishtimes.com/business/financial-services/coronavirus-banks-agree-mortgage-breaks-and-repossession-deferrals-amid-covid-19-1.4205750", "urlToImage": "https://www.irishtimes.com/image-creator/?id=1.4205907&origw=1440", "publishedAt": "2020-03-18T11:44:41Z", "content": "The heads of the States five banks vowed in a meeting with the Minister for Finance on Wednesday to defer legal proceedings and repossessions against borrowers in default and extend payment holidays to homeowners and businesses hit by the economic crisis spar\u2026 [+3763 chars]"}, {"source": {"id": "the-irish-times", "name": "The Irish Times"}, "author": "Simon Carswell", "title": "Coronavirus: Varadkar\u2019s call-to-arms vests power in public action", "description": "Clear messages and sense of collective survival key to behaviour change, experts say", "url": "https://www.irishtimes.com/news/politics/coronavirus-varadkar-s-call-to-arms-vests-power-in-public-action-1.4206147", "urlToImage": "https://www.irishtimes.com/image-creator/?id=1.4206142&origw=1440", "publishedAt": "2020-03-18T19:13:59Z", "content": "Think movies. Think Superman II or Independence Day. \r\nOne social psychologist likened the collective spirit that Taoiseach Leo Varadkar tried to stir in people on Tuesday night in the fight against coronavirus to the citizens of Metropolis helping Superman f\u2026 [+3964 chars]"}, {"source": {"id": "the-irish-times", "name": "The Irish Times"}, "author": "Cliff Taylor", "title": "Coronavirus: Interest rate on Irish bonds rises sharply", "description": "Markets seeing mass sell-off as investors seek refuge in cash", "url": "https://www.irishtimes.com/business/economy/coronavirus-interest-rate-on-irish-bonds-rises-sharply-1.4205764", "urlToImage": "https://www.irishtimes.com/image-creator/?id=1.4205763&origw=1440", "publishedAt": "2020-03-18T12:15:30Z", "content": "The interest rate on Irish government debt has risen sharply as bonds are hit in the latest wave of selling on international markets. \r\nAs governments across the world unveil plans to spend massively to combat the economic impact of the coronavirus, the cost \u2026 [+2803 chars]"}, {"source": {"id": "the-irish-times", "name": "The Irish Times"}, "author": "Se\u00e1n Moran", "title": "Coronavirus: Galway\u2019s clash with New York postponed", "description": "Fixture may be cancelled altogether with uncertainty as to how schedule can be redrawn", "url": "https://www.irishtimes.com/sport/gaelic-games/gaelic-football/coronavirus-galway-s-clash-with-new-york-postponed-1.4206031", "urlToImage": "https://www.irishtimes.com/image-creator/?id=1.4206030&origw=1440", "publishedAt": "2020-03-18T17:05:56Z", "content": "Galway footballers trip to New York in May has become the first championship casualty of the coronavirus pandemic. A statement from the GAA on Wednesday said that the Connacht championship fixture, scheduled for Gaelic Park on May 3rd, had been postponed.\r\nTh\u2026 [+890 chars]"}, {"source": {"id": "the-irish-times", "name": "The Irish Times"}, "author": "The Irish Times", "title": "Lampard: Callum Hudson-Odoi recovering well from coronavirus", "description": "Blues to open Millennium Hotel at Stamford Bridge to NHS staff to help medical response", "url": "https://www.irishtimes.com/sport/soccer/english-soccer/lampard-callum-hudson-odoi-recovering-well-from-coronavirus-1.4205747", "urlToImage": "https://www.irishtimes.com/image-creator/?id=1.4205744&origw=1440", "publishedAt": "2020-03-18T11:36:53Z", "content": "Callum Hudson-Odoi is making great progress in his recovery from coronavirus, according to Chelsea boss Frank Lampard.\r\nThe England winger tested positive for Covid-19 last week and Chelsea closed their Cobham training centre on Thursday night.\r\nChelsea have \u2026 [+3095 chars]"}, {"source": {"id": "the-irish-times", "name": "The Irish Times"}, "author": "Ian O'Riordan", "title": "Coronavirus: Sport Ireland to maintain anti-doping programme", "description": "Testing priority will be on athletes training towards Tokyo Olympics and Paralympics", "url": "https://www.irishtimes.com/sport/other-sports/coronavirus-sport-ireland-to-maintain-anti-doping-programme-1.4205740", "urlToImage": "https://www.irishtimes.com/image-creator/?id=1.4205739&origw=1440", "publishedAt": "2020-03-18T11:24:19Z", "content": "Sport Ireland will be maintaining their national anti-doping programme during the coronavirus crisis but the testing priority will be on athletes still training towards the Tokyo Olympics and Paralympics later this summer.\r\nOther national anti-doping programm\u2026 [+4722 chars]"}, {"source": {"id": "the-irish-times", "name": "The Irish Times"}, "author": "The Irish Times", "title": "Crystal Palace give staff assurance over pay during coronavirus outbreak", "description": "Chairman Steve Parish says anyone affected will still receive full pay instead of sick pay", "url": "https://www.irishtimes.com/sport/soccer/english-soccer/crystal-palace-give-staff-assurance-over-pay-during-coronavirus-outbreak-1.4205838", "urlToImage": "https://www.irishtimes.com/image-creator/?id=1.4205837&origw=1440", "publishedAt": "2020-03-18T13:19:06Z", "content": "Crystal Palace have offered staff assurances over pay following the outbreak of coronavirus.\r\nWith the leagues shut down until at least April 3rd, and many expecting it to be for much longer, the finances of clubs up and down the country have been hit, with n\u2026 [+1130 chars]"}, {"source": {"id": "the-irish-times", "name": "The Irish Times"}, "author": "The Irish Times", "title": "John Obi Mikel\u2019s contract terminated after coronavirus protest on Instagram", "description": "Mikel and Trabzonspor part company by mutual consent as Turkish league continues", "url": "https://www.irishtimes.com/sport/john-obi-mikel-s-contract-terminated-after-coronavirus-protest-on-instagram-1.4205710", "urlToImage": "https://www.irishtimes.com/image-creator/?id=1.4205709&origw=1440", "publishedAt": "2020-03-18T10:37:27Z", "content": "John Obi Mikel has had his Trabzonspor contract terminated by mutual consent after the former Chelsea midfielder took to Instagram to protest that matches in Turkey were still going ahead despite the coronavirus pandemic.\r\nThe Turkish Super Lig is one of the \u2026 [+620 chars]"}, {"source": {"id": "the-irish-times", "name": "The Irish Times"}, "author": "The Irish Times", "title": "The Irish Times view on fake news and coronavirus: careless talk can cost lives", "description": "Social media is a perfect transmission vehicle for myths about the virus", "url": "https://www.irishtimes.com/opinion/editorial/the-irish-times-view-on-fake-news-and-coronavirus-careless-talk-can-cost-lives-1.4205356", "urlToImage": "https://www.irishtimes.com/polopoly_fs/1.2302052.1438259328!/image/image.png", "publishedAt": "2020-03-18T00:15:00Z", "content": "Rumour, like fake news, is contagious. And the bigger the lie, the faster and the further it spreads. Not least on the social media platforms whose role as the most efficient mediums of transmission make them perfect, global coronavirus myth-machines. \r\nPubli\u2026 [+2446 chars]"}, {"source": {"id": "the-irish-times", "name": "The Irish Times"}, "author": "Patrick Honohan", "title": "Patrick Honohan: Coronavirus is no excuse for repeating errors of financial crisis", "description": "In 2010, EU policymakers hesitated \u2013 with Covid-19, they must act decisively", "url": "https://www.irishtimes.com/opinion/patrick-honohan-coronavirus-is-no-excuse-for-repeating-errors-of-financial-crisis-1.4205205", "urlToImage": "https://www.irishtimes.com/image-creator/?id=1.4205204&origw=1440", "publishedAt": "2020-03-18T05:20:00Z", "content": "In facing the sharp economic crisis that is spinning out of the pandemic, European fiscal and monetary policymakers must not forget lessons learned in the 10 years since the euro area crisis got under way. There can be no excuse for repeating the errors that \u2026 [+4818 chars]"}, {"source": {"id": "the-irish-times", "name": "The Irish Times"}, "author": "The Irish Times", "title": "The Irish Times view on politics of coronavirus: Government in uncharted waters", "description": "Caretaker administration has communicated well but lack mandate for longer term", "url": "https://www.irishtimes.com/opinion/editorial/the-irish-times-view-on-politics-of-coronavirus-government-in-uncharted-waters-1.4206253", "urlToImage": "https://www.irishtimes.com/image-creator/?id=1.4206252&origw=1440", "publishedAt": "2020-03-19T00:00:00Z", "content": "Any lingering doubt about the scale of the challenge faced by our society will have been dispelled by the extraordinary, historic broadcast by the Taoiseach Leo Varadkar on St Patricks night. Varadkars speech to the nation well-judged in tone and content made\u2026 [+2604 chars]"}, {"source": {"id": "the-irish-times", "name": "The Irish Times"}, "author": "Se\u00e1n Moran", "title": "Se\u00e1n Moran: Could coronavirus give the GAA a chance to take stock and reset?", "description": "A truncated 2020 Championship has pragmatic appeal but also financial drawbacks", "url": "https://www.irishtimes.com/sport/gaelic-games/se%C3%A1n-moran-could-coronavirus-give-the-gaa-a-chance-to-take-stock-and-reset-1.4205192", "urlToImage": "https://www.irishtimes.com/image-creator/?id=1.4205187&origw=1440", "publishedAt": "2020-03-18T07:00:00Z", "content": "The material damage of whats happening in the country is all around us in the health implications for so many, as well as the collapse of economic activity and its consequences for employment.\r\nThere are also mental and psychological impacts from such catastr\u2026 [+6077 chars]"}, {"source": {"id": "the-irish-times", "name": "The Irish Times"}, "author": "The Irish Times", "title": "P\u00e1draig Harrington expects 2020 Ryder Cup to go ahead despite coronavirus", "description": "\u2018September is a long way off so there\u2019s no change to the situation at all at this stage\u2019", "url": "https://www.irishtimes.com/sport/golf/p%C3%A1draig-harrington-expects-2020-ryder-cup-to-go-ahead-despite-coronavirus-1.4205797", "urlToImage": "https://www.irishtimes.com/image-creator/?id=1.4205796&origw=1440", "publishedAt": "2020-03-18T12:38:56Z", "content": "European captain P\u00e1draig Harrington expects this years Ryder Cup to go ahead as planned, despite the sporting calendar being decimated by the coronavirus pandemic.\r\nThe years first two majors, the Masters and the US PGA Championship, have been postponed due t\u2026 [+1811 chars]"}, {"source": {"id": "the-irish-times", "name": "The Irish Times"}, "author": "The Irish Times", "title": "Coronavirus \u2013 caring for the vulnerable", "description": "Sir, \u2013 In this unprecedented crisis where governments worldwide are at a loss to know what to do, our Government will do many things right. But it will surely also, as we will only see with the luxury of hindsight, get many things wrong. Under the circumstanc\u2026", "url": "https://www.irishtimes.com/opinion/letters/coronavirus-caring-for-the-vulnerable-1.4205246", "urlToImage": "https://www.irishtimes.com/polopoly_fs/1.3619339.1536160376!/image/image.jpg", "publishedAt": "2020-03-18T00:11:00Z", "content": "Sir, In this unprecedented crisis where governments worldwide are at a loss to know what to do, our Government will do many things right. But it will surely also, as we will only see with the luxury of hindsight, get many things wrong. Under the circumstances\u2026 [+3822 chars]"}, {"source": {"id": "the-irish-times", "name": "The Irish Times"}, "author": "Conor Pope", "title": "Coronavirus: Brown Thomas, Arnotts and Penneys closing until further notice", "description": "Retail Ireland calls for emergency support for shops \u2018devastated\u2019 by Covid-19 pandemic", "url": "https://www.irishtimes.com/news/ireland/irish-news/coronavirus-brown-thomas-arnotts-and-penneys-closing-until-further-notice-1.4205768", "urlToImage": "https://www.irishtimes.com/polopoly_fs/1.4205767.1584557788!/image/image.jpg", "publishedAt": "2020-03-18T12:25:01Z", "content": "Both Brown Thomas and Arnotts closed at 5pm on Wednesday evening as the impact of coronavirus continues to send shock waves through the retail sector and society at large. \r\nPenneys said it was also closing until further notice. It said it was acting out of c\u2026 [+2838 chars]"}, {"source": {"id": "the-irish-times", "name": "The Irish Times"}, "author": "Sorcha Pollak", "title": "Coronavirus: Clamping suspended by major parking management firm", "description": "Euro Car Parks director says clamping is \u2018the last thing we need\u2019 amid outbreak", "url": "https://www.irishtimes.com/news/consumer/coronavirus-clamping-suspended-by-major-parking-management-firm-1.4206192", "urlToImage": "https://www.irishtimes.com/image-creator/?id=1.4206191&origw=1440", "publishedAt": "2020-03-18T20:11:45Z", "content": "One of the States main parking management operators has said it is suspending all clamping until further notice to help alleviate pressure on the public while dealing with the coronavirus pandemic.\r\nDave Cullen, managing director of Euro Car Parks, said he ha\u2026 [+1964 chars]"}, {"source": {"id": "the-irish-times", "name": "The Irish Times"}, "author": "Denis Staunton", "title": "Schools across Britain to close from Friday due to coronavirus", "description": "Children of healthcare workers, emergency personnel and delivery drivers among those who will continue to go to school", "url": "https://www.irishtimes.com/news/world/uk/schools-across-britain-to-close-from-friday-due-to-coronavirus-1.4206181", "urlToImage": "https://www.irishtimes.com/image-creator/?id=1.4206179&origw=1440", "publishedAt": "2020-03-18T19:50:06Z", "content": "Schools across Britain will close on Friday in response to coronavirus, but children of key workers will continue to attend classes. Boris Johnson said children of healthcare workers, police and emergency personnel and delivery drivers were among those who wo\u2026 [+2189 chars]"}, {"source": {"id": "the-irish-times", "name": "The Irish Times"}, "author": "Jack Power, Martin Wall, Gerry Moriarty, Harry McGee", "title": "Coronavirus: 74 new cases confirmed in the Republic", "description": "Northern Ireland to close schools, as Minister warns \u2018many more\u2019 will become unemployed", "url": "https://www.irishtimes.com/news/health/coronavirus-74-new-cases-confirmed-in-the-republic-1.4205686", "urlToImage": "https://www.irishtimes.com/image-creator/?id=1.4206158&origw=1200", "publishedAt": "2020-03-18T09:15:59Z", "content": "Seventy-four new cases of coronavirus have been confirmed in the State, the Department of Health announced on Wednesday night, bringing the total number of cases here to 366. \r\nThe cases are made up of 29 females and 45 males.\r\nResponding to the figures, Dr T\u2026 [+7520 chars]"}, {"source": {"id": "the-irish-times", "name": "The Irish Times"}, "author": "The Irish Times", "title": "Coronavirus: Number of deaths approaches 10,000 worldwide", "description": "More than 198,300 people have been infected by the coronavirus across the world and 8,419 have died, with cases and deaths outside China overtaking those in the country where the outbreak began, according to a Reuters tally. Infections outside China have been\u2026", "url": "https://www.irishtimes.com/news/world/coronavirus-number-of-deaths-approaches-10-000-worldwide-1.4205664", "urlToImage": "https://www.irishtimes.com/image-creator/?id=1.4205663&origw=1440", "publishedAt": "2020-03-18T07:38:30Z", "content": "More than 198,300 people have been infected by the coronavirus across the world and 8,419 have died, with cases and deaths outside China overtaking those in the country where the outbreak began, according to a Reuters tally. Infections outside China have been\u2026 [+4864 chars]"}, {"source": {"id": "the-irish-times", "name": "The Irish Times"}, "author": "Marie Claire Digby", "title": "Coronavirus: What happens when a restaurant becomes a greengrocer", "description": "\u201cAre you waiting for the pub to open?\u201d There was a definite note of longing in the voice of the tourist addressing people in the queue outside the Sussex pub in Dublin 4 on Tuesday afternoon. But those in the line weren\u2019t looking for a pint, they were waiting\u2026", "url": "https://www.irishtimes.com/life-and-style/food-and-drink/coronavirus-what-happens-when-a-restaurant-becomes-a-greengrocer-1.4205793", "urlToImage": "https://www.irishtimes.com/image-creator/?id=1.4205792&origw=1440", "publishedAt": "2020-03-18T12:41:24Z", "content": "Are you waiting for the pub to open? There was a definite note of longing in the voice of the tourist addressing people in the queue outside the Sussex pub in Dublin 4 on Tuesday afternoon. But those in the line werent looking for a pint, they were waiting to\u2026 [+6494 chars]"}, {"source": {"id": "the-irish-times", "name": "The Irish Times"}, "author": "The Irish Times", "title": "Volkswagen halts output at three Polish plants over coronavirus", "description": "Volkswagen will halt the production of commercial vehicles at its plants in Poznan, Swarzedz and Wrzesnia in Poland starting on Thursday, the company said in a statement late on Wednesday. \u201cThe pandemic caused by coronavirus clearly impacts our whole operatio\u2026", "url": "https://www.irishtimes.com/business/transport-and-tourism/volkswagen-halts-output-at-three-polish-plants-over-coronavirus-1.4205666", "urlToImage": "https://www.irishtimes.com/image-creator/?id=1.4205665&origw=1440", "publishedAt": "2020-03-18T07:52:19Z", "content": "Volkswagen will halt the production of commercial vehicles at its plants in Poznan, Swarzedz and Wrzesnia in Poland starting on Thursday, the company said in a statement late on Wednesday.\r\nThe pandemic caused by coronavirus clearly impacts our whole operatio\u2026 [+366 chars]"}, {"source": {"id": "the-irish-times", "name": "The Irish Times"}, "author": "Derek Scally", "title": "Coronavirus greatest challenge since second World War, Merkel says", "description": "Chancellor Angela Merkel has described the growing coronavirus crisis as the most serious challenge Germany has faced since the second World War. In a grim broadcast to the nation \u2013 a rarity in Germany \u2013 the chancellor said the success of government restricti\u2026", "url": "https://www.irishtimes.com/news/world/europe/coronavirus-greatest-challenge-since-second-world-war-merkel-says-1.4206097", "urlToImage": "https://www.irishtimes.com/polopoly_fs/1.2302052.1438259328!/image/image.png", "publishedAt": "2020-03-18T18:22:50Z", "content": "Chancellor Angela Merkel has described the growing coronavirus crisis as the most serious challenge Germany has faced since the second World War.\r\nIn a grim broadcast to the nation a rarity in Germany the chancellor said the success of government restrictions\u2026 [+2657 chars]"}, {"source": {"id": "the-irish-times", "name": "The Irish Times"}, "author": "Jack Power, Martin Wall, Gerry Moriarty, Harry McGee", "title": "Coronavirus: Minister says \u2018many more\u2019 will become unemployed due to Covid-19", "description": "Northern Ireland to close schools, while latest figures show 292 cases of coronavirus in State", "url": "https://www.irishtimes.com/news/health/coronavirus-minister-says-many-more-will-become-unemployed-due-to-covid-19-1.4205686", "urlToImage": "https://www.irishtimes.com/image-creator/?id=1.4205685&origw=1200", "publishedAt": "2020-03-18T09:15:59Z", "content": "All schools in Northern Ireland are to close from Monday in response to the coronavirus crisis.\r\nThe DUP First Minister Arlene Foster made the announcement on Wednesday evening. She said it was an unprecedented step and one that was likely to mean schools wil\u2026 [+6572 chars]"}, {"source": {"id": "the-irish-times", "name": "The Irish Times"}, "author": "The Irish Times", "title": "Coronavirus: Number of worldwide cases passes 200,000", "description": "China and South Korea continue to slow down spread of Covid-19", "url": "https://www.irishtimes.com/news/world/coronavirus-number-of-worldwide-cases-passes-200-000-1.4205664", "urlToImage": "https://www.irishtimes.com/image-creator/?id=1.4205829&origw=1440", "publishedAt": "2020-03-18T07:38:30Z", "content": "Johns Hopkins University has said the total number of confirmed cases of coronavirus worldwide has passed 200,000. The Johns Hopkins Centre for Systems Science and Engineerings online tally showed 201,436 cases, with 8,006 deaths, and 82,032 patients listed a\u2026 [+6023 chars]"}, {"source": {"id": "the-irish-times", "name": "The Irish Times"}, "author": "The Irish Times", "title": "Coronavirus: Italy\u2019s death toll surges by 475 as over 200,000 cases reported worldwide", "description": "US-Canada border set to close, while Iran sees another jump in fatalities", "url": "https://www.irishtimes.com/news/world/coronavirus-italy-s-death-toll-surges-by-475-as-over-200-000-cases-reported-worldwide-1.4205664", "urlToImage": "https://www.irishtimes.com/image-creator/?id=1.4205829&origw=1440", "publishedAt": "2020-03-18T07:38:30Z", "content": "Johns Hopkins University said on Wednesday that the total number of confirmed cases of coronavirus worldwide has passed 200,000. The Johns Hopkins Centre for Systems Science and Engineerings online tally showed 201,436 cases, with 8,006 deaths, and 82,032 pat\u2026 [+6829 chars]"}, {"source": {"id": "the-irish-times", "name": "The Irish Times"}, "author": "Neil Briscoe", "title": "Coronavirus: How to keep your car a safe haven during the crisis", "description": "Your car will be vital during the crisis but to protect yourself and your family the same cleanliness rules apply - and take caution on the forecourts", "url": "https://www.irishtimes.com/life-and-style/motors/coronavirus-how-to-keep-your-car-a-safe-haven-during-the-crisis-1.4205729", "urlToImage": "https://www.irishtimes.com/image-creator/?id=1.4205733&origw=813", "publishedAt": "2020-03-18T11:07:10Z", "content": "Clearly, were going to have to get out of the house sometimes, and use our cars. Even if tighter restrictions are put i place, some economic activity must continue, and some of that will mean driving. Even the delivery companies and emergency service personne\u2026 [+3850 chars]"}, {"source": {"id": "the-irish-times", "name": "The Irish Times"}, "author": "Lara Marlowe", "title": "Coping with coronavirus: \u2018Wars always end, sooner or later\u2019", "description": "Paris Letter: Small comforts are a survival mechanism and laughter is the best antidote", "url": "https://www.irishtimes.com/news/world/europe/coping-with-coronavirus-wars-always-end-sooner-or-later-1.4205738", "urlToImage": "https://www.irishtimes.com/image-creator/?id=1.4205735&origw=1440", "publishedAt": "2020-03-18T11:25:00Z", "content": "War has become the favourite metaphor for the coronavirus epidemic. We are at war, Emmanuel Macron repeated a half dozen times when he announced the French lockdown.\r\nBichat hospital in Paris is practising war medicine. Everyone in hazmat suits and masks, mos\u2026 [+4248 chars]"}, {"source": {"id": "the-irish-times", "name": "The Irish Times"}, "author": null, "title": "Coronavirus: US-China tensions ramped up as American journalists expelled", "description": "Beijing accused of spreading false story of US military involvement in Covid-19 outbreak", "url": "https://www.irishtimes.com/news/world/asia-pacific/coronavirus-us-china-tensions-ramped-up-as-american-journalists-expelled-1.4205985", "urlToImage": "https://www.irishtimes.com/image-creator/?id=1.4205984&origw=1440", "publishedAt": "2020-03-18T16:20:53Z", "content": "China on Wednesday expelled American journalists working for three major news organisations, in a sharp escalation of tensions between the two major powers.\r\nThe move comes as Beijing and Washington are engaging in an increasingly bitter row over the origins \u2026 [+143 chars]"}, {"source": {"id": "the-irish-times", "name": "The Irish Times"}, "author": "Derek Scally", "title": "Panic-buying of gold as Germany goes into coronavirus lockdown", "description": "Berlin Letter: \u2018At times like this you need to diversify ... gold is always a safe investment\u2019", "url": "https://www.irishtimes.com/news/world/europe/panic-buying-of-gold-as-germany-goes-into-coronavirus-lockdown-1.4205844", "urlToImage": "https://www.irishtimes.com/image-creator/?id=1.4205840&origw=1440", "publishedAt": "2020-03-18T16:00:00Z", "content": "On a leafy side-street in western Berlin, the 26th person joins a queue outside the shop. Its not a supermarket, nor is it a chemist. Its a gold shop.\r\nWith the number of confirmed cases nearing 10,000, Germany is entering the second phase of a new coronaviru\u2026 [+3572 chars]"}, {"source": {"id": "the-irish-times", "name": "The Irish Times"}, "author": "The Irish Times", "title": "Coronavirus: Huge traffic jams as EU countries close borders", "description": "Vehicles backed up for 60km at border crossing between Germany and Poland", "url": "https://www.irishtimes.com/news/world/europe/coronavirus-huge-traffic-jams-as-eu-countries-close-borders-1.4205846", "urlToImage": "https://www.irishtimes.com/image-creator/?id=1.4205842&origw=1440", "publishedAt": "2020-03-18T13:32:58Z", "content": "Desperate travellers in cars and trucks are choking European borders, creating huge traffic jams as they try to get home before borders shut, or to deliver critical supplies to help nations cope with the quickly spreading coronavirus.\r\nIt came as Johns Hopkin\u2026 [+1578 chars]"}, {"source": {"id": "the-irish-times", "name": "The Irish Times"}, "author": "Frank McNally", "title": "Tippling Point \u2013 Frank McNally on similarities between the coronavirus crisis and the Great Plague of 1665", "description": "Investigating the strange situation London pubs found themselves in on St Patrick\u2019s Day, a Guardian reporter visited The Tipperary on Fleet Street, one of the oldest bars in the city. Business was bad. The \u201clandlord\u201d expected to be down \u00a310,000 on a normal Ma\u2026", "url": "https://www.irishtimes.com/opinion/tippling-point-frank-mcnally-on-similarities-between-the-coronavirus-crisis-and-the-great-plague-of-1665-1.4206119", "urlToImage": "https://www.irishtimes.com/image-creator/?id=1.4206114&origw=1440", "publishedAt": "2020-03-18T19:01:00Z", "content": "Investigating the strange situation London pubs found themselves in on St Patricks Day, a Guardian reporter visited The Tipperary on Fleet Street, one of the oldest bars in the city. Business was bad. The landlord expected to be down \u00a310,000 on a normal March\u2026 [+4174 chars]"}, {"source": {"id": "the-irish-times", "name": "The Irish Times"}, "author": "The Irish Times", "title": "Would you return to a job in health in Ireland to help with the coronavirus crisis?", "description": "Ireland is preparing for the expected surge in demand for care arising from the coronavirus outbreak in a healthcare recruitment initiative. The Government said this week it would recruit everyone available with qualifications for roles in the health service \u2026", "url": "https://www.irishtimes.com/life-and-style/abroad/would-you-return-to-a-job-in-health-in-ireland-to-help-with-the-coronavirus-crisis-1.4206227", "urlToImage": "https://www.irishtimes.com/image-creator/?id=1.4206226&origw=1440", "publishedAt": "2020-03-18T21:21:13Z", "content": "Ireland is preparing for the expected surge in demand for care arising from the coronavirus outbreak in a healthcare recruitment initiative. The Government said this week it would recruit everyone available with qualifications for roles in the health service \u2026 [+1040 chars]"}, {"source": {"id": "the-irish-times", "name": "The Irish Times"}, "author": null, "title": "Jennifer O'Connell: Sole weapon to beat coronavirus is our safe togetherness", "description": "We\u2019ve spent much of the past decade creating a world in which it was possible to retreat into total isolation behind a screen. Now that world is here, we\u2019ve had enough. Some people have been relieving the tedium and the terror by making stuff up: memes, spuri\u2026", "url": "https://www.irishtimes.com/opinion/jennifer-o-connell-sole-weapon-to-beat-coronavirus-is-our-safe-togetherness-1.4205185", "urlToImage": "https://www.irishtimes.com/image-creator/?id=1.4205184&origw=1440", "publishedAt": "2020-03-18T01:00:00Z", "content": "Weve spent much of the past decade creating a world in which it was possible to retreat into total isolation behind a screen. Now that world is here, weve had enough.\r\nSome people have been relieving the tedium and the terror by making stuff up: memes, spurio\u2026 [+162 chars]"}, {"source": {"id": "the-irish-times", "name": "The Irish Times"}, "author": "Carl O'Brien", "title": "Coronavirus: Hundreds of medicine students fast-tracked into fight against Covid-19", "description": "Earlier this month Anthony Jared Machikan was studying hard for his final year medical exams that take place in May. Then the Royal College of Surgeons in Ireland (RCSI) announced it was fast-tracking the exams due to the coronavirus threat, cutting study tim\u2026", "url": "https://www.irishtimes.com/news/education/coronavirus-hundreds-of-medicine-students-fast-tracked-into-fight-against-covid-19-1.4205676", "urlToImage": "https://www.irishtimes.com/image-creator/?id=1.4205675&origw=1440", "publishedAt": "2020-03-18T08:34:28Z", "content": "Earlier this month Anthony Jared Machikan was studying hard for his final year medical exams that take place in May.\r\nThen the Royal College of Surgeons in Ireland (RCSI) announced it was fast-tracking the exams due to the coronavirus threat, cutting study ti\u2026 [+3725 chars]"}, {"source": {"id": "the-irish-times", "name": "The Irish Times"}, "author": "Sorcha Pollak", "title": "Coronavirus: HSE calls for hospitals to suspend parking charges for staff", "description": "The HSE has called on all hospitals and healthcare facilities to immediately suspend parking charges for staff for the duration of the coronavirus crisis. In a statement on Thursday afternoon, HSE chief executive Paul Reid said he had directed that parking ch\u2026", "url": "https://www.irishtimes.com/news/consumer/coronavirus-hse-calls-for-hospitals-to-suspend-parking-charges-for-staff-1.4206192", "urlToImage": "https://www.irishtimes.com/image-creator/?id=1.4206191&origw=1440", "publishedAt": "2020-03-18T20:11:45Z", "content": "The HSE has called on all hospitals and healthcare facilities to immediately suspend parking charges for staff for the duration of the coronavirus crisis. \r\nIn a statement on Thursday afternoon, HSE chief executive Paul Reid said he had directed that parking \u2026 [+2683 chars]"}, {"source": {"id": "the-irish-times", "name": "The Irish Times"}, "author": "Jack Power, Martin Wall", "title": "Coronavirus: North\u2019s schools to close; 24,000 apply for health jobs to tackle outbreak", "description": "Schools in Northern Ireland will close to pupils from 5pm on Wednesday, although teachers will attend for another two days, Stormont sources have said. The move follows similar closures in Scotland and Wales. Meanwhile, about 24,000 people have contacted the \u2026", "url": "https://www.irishtimes.com/news/health/coronavirus-north-s-schools-to-close-24-000-apply-for-health-jobs-to-tackle-outbreak-1.4205686", "urlToImage": "https://www.irishtimes.com/image-creator/?id=1.4205685&origw=1200", "publishedAt": "2020-03-18T09:15:59Z", "content": "Schools in Northern Ireland will close to pupils from 5pm on Wednesday, although teachers will attend for another two days, Stormont sources have said.\r\nThe move comes as Britain ordered the closure of schools from Friday until further notice, with British PM\u2026 [+4050 chars]"}, {"source": {"id": "the-irish-times", "name": "The Irish Times"}, "author": "Jennifer Bray", "title": "Coronavirus crisis: Harris dismisses Green Party\u2019s call for national unity government", "description": "Stable government must be formed to deal with Covid-19 crisis, says Simon Harris", "url": "https://www.irishtimes.com/news/politics/coronavirus-crisis-harris-dismisses-green-party-s-call-for-national-unity-government-1.4205328", "urlToImage": "https://www.irishtimes.com/image-creator/?id=1.4205320&origw=1440", "publishedAt": "2020-03-18T00:25:36Z", "content": "Minister for Health Simon Harris has said that a stable government with a workable majority must be formed in order to deal with the coronavirus crisis and economic fallout.\r\nFine Gael and Fianna F\u00e1il are due to resume government formation talks on Wednesday \u2026 [+2880 chars]"}, {"source": {"id": "the-irish-times", "name": "The Irish Times"}, "author": "The Irish Times", "title": "Coronavirus: US-Canada border to close as number of worldwide cases passes 200,000", "description": "China and South Korea continue to slow down spread of Covid-19", "url": "https://www.irishtimes.com/news/world/coronavirus-us-canada-border-to-close-as-number-of-worldwide-cases-passes-200-000-1.4205664", "urlToImage": "https://www.irishtimes.com/image-creator/?id=1.4205829&origw=1440", "publishedAt": "2020-03-18T07:38:30Z", "content": "Johns Hopkins University has said the total number of confirmed cases of coronavirus worldwide has passed 200,000. The Johns Hopkins Centre for Systems Science and Engineerings online tally showed 201,436 cases, with 8,006 deaths, and 82,032 patients listed a\u2026 [+6440 chars]"}]}