{"status": "ok", "totalResults": 38, "articles": [{"source": {"id": "the-irish-times", "name": "The Irish Times"}, "author": "Simon Carswell", "title": "Coronavirus: Ten more deaths reported in Republic", "description": "Citywest hotel and conference centre now a facility ready to accept patients who cannot self-isolate at home", "url": "https://www.irishtimes.com/news/ireland/irish-news/coronavirus-ten-more-deaths-reported-in-republic-1.4215029", "urlToImage": "https://www.irishtimes.com/image-creator/?id=1.4215030&origw=1440", "publishedAt": "2020-03-29T12:02:09Z", "content": "A further 10 people have died as a result of coronavirus, bringing the death toll from the disease in the Republic to 46.\r\nEight men and two women died from Covid-19, according to the latest figures released by the States National Public Health Emergency Team\u2026 [+6679 chars]"}, {"source": {"id": "the-irish-times", "name": "The Irish Times"}, "author": "Simon Carswell", "title": "New measures planned to tackle coronavirus in nursing homes", "description": "Concern expressed as 17 clusters of Covid-19 infection are identified in nursing homes", "url": "https://www.irishtimes.com/news/health/new-measures-planned-to-tackle-coronavirus-in-nursing-homes-1.4215266", "urlToImage": "https://www.irishtimes.com/image-creator/?id=1.4215265&origw=1440", "publishedAt": "2020-03-29T18:24:53Z", "content": "The Government will introduce specific measures to stem the outbreak of coronavirus in nursing homes, Minister for Health Simon Harris has said.\r\nThe increased number of Covid-19 infections in nursing and care homes has become a source of concern, putting pre\u2026 [+2655 chars]"}, {"source": {"id": "the-irish-times", "name": "The Irish Times"}, "author": "Jack Horgan-Jones", "title": "Coronavirus: Creches under pressure could receive fast-tracked financial support", "description": "Potential extra funding for creches still in financial difficulty could come from the Early Learning and Care Sustainability Fund", "url": "https://www.irishtimes.com/news/ireland/irish-news/coronavirus-creches-under-pressure-could-receive-fast-tracked-financial-support-1.4215153", "urlToImage": "https://www.irishtimes.com/polopoly_fs/1.4215152.1585497875!/image/image.jpg", "publishedAt": "2020-03-29T16:04:39Z", "content": "Creches facing financial pressure could receive fast-tracked financial support under proposals being considered by the Government.\r\nThe development comes after Siptu, the States largest trade union, called for access to a fund usually dedicated to assisting t\u2026 [+2614 chars]"}, {"source": {"id": "the-irish-times", "name": "The Irish Times"}, "author": "Simon Carswell", "title": "Coronavirus: Ten more deaths confirmed in Republic", "description": "Death toll rises to 46 as HSE prepares for surge in cases over next two weeks", "url": "https://www.irishtimes.com/news/ireland/irish-news/coronavirus-ten-more-deaths-confirmed-in-republic-1.4215029", "urlToImage": "https://www.irishtimes.com/image-creator/?id=1.4215231&origw=1440", "publishedAt": "2020-03-29T12:02:09Z", "content": "A further 10 people have died as a result of the coronavirus, bringing the death toll in the Republic to 46.\r\nEight men and two women died from the virus, which is also known as Covid-19, according to the latest figures released by the States National Public \u2026 [+7118 chars]"}, {"source": {"id": "the-irish-times", "name": "The Irish Times"}, "author": "The Irish Times", "title": "Coronavirus: Man who allegedly spat at garda brought to court by garda\u00ed in protective gear", "description": "Two officers self-isolating as result of Adam Olden\u2019s behaviour, special sitting of Cork district court hears", "url": "https://www.irishtimes.com/news/crime-and-law/courts/district-court/coronavirus-man-who-allegedly-spat-at-garda-brought-to-court-by-garda%C3%AD-in-protective-gear-1.4215008", "urlToImage": "https://www.irishtimes.com/image-creator/?id=1.4215084&origw=1155", "publishedAt": "2020-03-29T09:32:27Z", "content": "A 19-year-old man has been released on bail after he was charged with assaulting a garda whom he allegedly spat at and told he was suffering from Coronavirus. \r\nAdam Olden of Leamlara Close, Togher, Cork, accompanied by garda\u00ed wearing protective clothing, was\u2026 [+3150 chars]"}, {"source": {"id": "the-irish-times", "name": "The Irish Times"}, "author": "Simon Carswell", "title": "Coronavirus: Managing the surge in cases is a day-to-day battle", "description": "Flattening the curve means doing all that can be done to prevent people needing limited ICU beds", "url": "https://www.irishtimes.com/news/health/coronavirus-managing-the-surge-in-cases-is-a-day-to-day-battle-1.4215145", "urlToImage": "https://www.irishtimes.com/polopoly_fs/1.4215143.1585496921!/image/image.jpg", "publishedAt": "2020-03-29T15:48:32Z", "content": "The best explanation to understand how Covid-19 threatens the States ability to offer an intensive care bed to the seriously ill is the riddle of the doubling lily pads. \r\nThe lily pad doubles every day. On day one there is a single lily pad; on day two there\u2026 [+3751 chars]"}, {"source": {"id": "the-irish-times", "name": "The Irish Times"}, "author": "Rodney Edwards", "title": "Coronavirus: \u2018Last time I saw her was when she was put into the ambulance\u2019", "description": "Anne Best died of Covid-19. Her husband Tom could not go to hospital or the funeral", "url": "https://www.irishtimes.com/news/ireland/irish-news/coronavirus-last-time-i-saw-her-was-when-she-was-put-into-the-ambulance-1.4215100", "urlToImage": "https://www.irishtimes.com/image-creator/?id=1.4215093&origw=1440", "publishedAt": "2020-03-29T14:51:27Z", "content": "Retired Fermanagh civil servant Tom Best last saw his wife of 51 years alive when she was being placed in an ambulance and driven away from the couples Derrylin, Co Fermanagh, home last Wednesday afternoon.\r\nSeventy-two-year-old Anne began to complain of seve\u2026 [+3739 chars]"}, {"source": {"id": "the-irish-times", "name": "The Irish Times"}, "author": "Jack Horgan-Jones", "title": "Coronavirus: Smartphone app to facilitate contact tracing to be rolled out, HSE says", "description": "Data protection experts caution design should be compliant with privacy and data processing standards", "url": "https://www.irishtimes.com/news/ireland/irish-news/coronavirus-smartphone-app-to-facilitate-contact-tracing-to-be-rolled-out-hse-says-1.4215036", "urlToImage": "https://www.irishtimes.com/polopoly_fs/1.4215035.1585486159!/image/image.jpg", "publishedAt": "2020-03-29T12:49:22Z", "content": "The Health Service Executive (HSE) has said it is likely that a smartphone app to facilitate contact tracing will be rolled out in the next 10 days.\r\nThe app will reportedly use bluetooth technology, which is a feature of most smartphones, to detect when devi\u2026 [+3026 chars]"}, {"source": {"id": "the-irish-times", "name": "The Irish Times"}, "author": "Simon Carswell", "title": "Coronavirus: New measures for nursing homes amid concern over 17 clusters", "description": "Concern expressed as 17 clusters of Covid-19 infection are identified in nursing homes", "url": "https://www.irishtimes.com/news/health/coronavirus-new-measures-for-nursing-homes-amid-concern-over-17-clusters-1.4215266", "urlToImage": "https://www.irishtimes.com/image-creator/?id=1.4215265&origw=1440", "publishedAt": "2020-03-29T18:24:53Z", "content": "The Government will introduce specific measures to stem the outbreak of coronavirus in nursing homes, Minister for Health Simon Harris has said.\r\nThe increased number of Covid-19 infections in nursing and care homes has become a source of concern, putting pre\u2026 [+2655 chars]"}, {"source": {"id": "the-irish-times", "name": "The Irish Times"}, "author": "The Irish Times", "title": "Man who spat at garda and said he had coronavirus due in Cork court", "description": "Special sitting of Anglesea Street District Court to take place at 12.30pm", "url": "https://www.irishtimes.com/news/crime-and-law/courts/district-court/man-who-allegedly-spat-at-garda-and-said-he-had-coronavirus-due-in-cork-court-1.4215008", "urlToImage": "https://www.irishtimes.com/polopoly_fs/1.4215007.1585474543!/image/image.jpg", "publishedAt": "2020-03-29T09:32:27Z", "content": "A man is due to appear before a special court sitting in Cork this afternoon.\r\nGarda\u00ed in Togher attended a domestic incident at Deanrock Estate, Togher in the early hours of this morning.\r\nAccording to garda\u00ed, at approximately 2.30am, a 19-year-old was leavin\u2026 [+372 chars]"}, {"source": {"id": "the-irish-times", "name": "The Irish Times"}, "author": "The Irish Times", "title": "Former Turkey \u2018keeper Rustu Recber hospitalised with coronavirus", "description": "Wife of former Barcelona and Fenerbahce goalkeeper says he is in a \u2018critical period\u2019", "url": "https://www.irishtimes.com/sport/soccer/international/former-turkey-keeper-rustu-recber-hospitalised-with-coronavirus-1.4215045", "urlToImage": "https://www.irishtimes.com/image-creator/?id=1.4215044&origw=1440", "publishedAt": "2020-03-29T13:14:36Z", "content": "Former Turkey goalkeeper Rustu Recber has been taken to hospital after testing positive for the coronavirus and is currently in a critical period, his wife said late on Saturday.\r\nWe have taken my husband Rustu to hospital with a COVID-19 diagnosis. While eve\u2026 [+1311 chars]"}, {"source": {"id": "the-irish-times", "name": "The Irish Times"}, "author": "The Irish Times", "title": "Former Turkey goalkeeper Rustu Recber hospitalised with coronavirus", "description": "Wife of former Barcelona and Fenerbahce goalkeeper says he is in a \u2018critical period\u2019", "url": "https://www.irishtimes.com/sport/soccer/international/former-turkey-goalkeeper-rustu-recber-hospitalised-with-coronavirus-1.4215045", "urlToImage": "https://www.irishtimes.com/image-creator/?id=1.4215044&origw=1440", "publishedAt": "2020-03-29T13:14:36Z", "content": "Former Turkey goalkeeper Rustu Recber has been taken to hospital after testing positive for the coronavirus and is currently in a critical period, his wife said late on Saturday.\r\nWe have taken my husband Rustu to hospital with a COVID-19 diagnosis. While eve\u2026 [+1311 chars]"}, {"source": {"id": "the-irish-times", "name": "The Irish Times"}, "author": "The Irish Times", "title": "The Irish Times view on coronavirus in Africa: The rich world\u2019s responsibilities", "description": "", "url": "https://www.irishtimes.com/opinion/editorial/the-irish-times-view-on-coronavirus-in-africa-the-rich-world-s-responsibilities-1.4215292", "urlToImage": "https://www.irishtimes.com/image-creator/?id=1.4215290&origw=1440", "publishedAt": "2020-03-29T23:05:00Z", "content": "It is perhaps inevitable that we are preoccupied by the news of the pandemics progress closest to home. These are our people, our family, our colleagues, who are becoming infected, and dying. And this island is where we, and our Government, are working to con\u2026 [+2535 chars]"}, {"source": {"id": "the-irish-times", "name": "The Irish Times"}, "author": "Simon Carswell", "title": "Coronavirus: HSE preparing for surge of coronavirus cases with 1,200 ICU beds", "description": "Currently 88 critically ill patients with Covid-19 in ICU beds, of which 66 per cent are in Dublin hospitals", "url": "https://www.irishtimes.com/news/ireland/irish-news/coronavirus-hse-braces-for-possible-coronavirus-cases-peak-in-mid-april-1.4215029", "urlToImage": "https://www.irishtimes.com/image-creator/?id=1.4215028&origw=1440", "publishedAt": "2020-03-29T12:02:09Z", "content": "The HSE is preparing for a surge of coronavirus cases with 1,200 critical care beds but is unsure by how much the States intensive care unit (ICU) capacity will be exceeded when the pandemic peaks here.\r\nThe States highest-ranking healthcare officials, briefi\u2026 [+252 chars]"}, {"source": {"id": "the-irish-times", "name": "The Irish Times"}, "author": "The Irish Times", "title": "Trump abandons quarantine idea as coronavirus spreads", "description": "Travel advisory for New York, New Jersey and Connecticut issued instead of quarantine", "url": "https://www.irishtimes.com/news/world/uk/trump-abandons-quarantine-idea-as-coronavirus-spreads-1.4214998", "urlToImage": "https://www.irishtimes.com/image-creator/?id=1.4214997&origw=1440", "publishedAt": "2020-03-29T07:15:43Z", "content": "US President Donald Trump considered then abandoned ordering a quarantine for the coronavirus hotspots of New York, New Jersey and Connecticut. \r\nMr Trump announced in a tweet that the quarantine, which it was unclear if he had the power to order, would not g\u2026 [+2682 chars]"}, {"source": {"id": "the-irish-times", "name": "The Irish Times"}, "author": "Peter Goff", "title": "Wuhan\u2019s Irish emerge blinking in sunlight as coronavirus controls ease", "description": "As Hubei province creaked open its gates this week after more than two months of stringent shutdown, the first walk many residents took was to the local funeral home to collect the ashes of their loved ones. Winding, well-spaced queues formed outside the city\u2026", "url": "https://www.irishtimes.com/news/world/asia-pacific/wuhan-s-irish-emerge-blinking-in-sunlight-as-coronavirus-controls-ease-1.4215168", "urlToImage": "https://www.irishtimes.com/image-creator/?id=1.4215165&origw=1440", "publishedAt": "2020-03-29T16:50:00Z", "content": "As Hubei province creaked open its gates this week after more than two months of stringent shutdown, the first walk many residents took was to the local funeral home to collect the ashes of their loved ones.\r\nWinding, well-spaced queues formed outside the cit\u2026 [+7328 chars]"}, {"source": {"id": "the-irish-times", "name": "The Irish Times"}, "author": "The Irish Times", "title": "Coronavirus: World\u2019s oldest man marks 112th birthday in isolation", "description": "The man believed to be the world\u2019s oldest man has said celebrations for his 112th birthday are a \u201cdead loss\u201d after they had to be cancelled because of the coronavirus outbreak. Bob Weighton, from Alton, Hampshire in Britain, took up the title of the oldest ma\u2026", "url": "https://www.irishtimes.com/news/world/uk/coronavirus-world-s-oldest-man-marks-112th-birthday-in-isolation-1.4215002", "urlToImage": "https://www.irishtimes.com/image-creator/?id=1.4215001&origw=1440", "publishedAt": "2020-03-29T08:32:11Z", "content": "The man believed to be the worlds oldest man has said celebrations for his 112th birthday are a dead loss after they had to be cancelled because of the coronavirus outbreak.\r\nBob Weighton, from Alton, Hampshire in Britain, took up the title of the oldest man \u2026 [+3630 chars]"}, {"source": {"id": "the-irish-times", "name": "The Irish Times"}, "author": "Peter McGuire", "title": "Coronavirus: My anxiety tiger is back on the prowl", "description": "I\u2019ve named him Blossom, and he is an anxiety tiger. He\u2019s nothing special: nearly everyone seems to have an anxiety tiger in these virus-ridden days. Blossom showed up on Friday, March 13th, the day after Taoiseach Leo Varadkar announced school closures. But B\u2026", "url": "https://www.irishtimes.com/life-and-style/health-family/coronavirus-my-anxiety-tiger-is-back-on-the-prowl-1.4211976", "urlToImage": "https://www.irishtimes.com/image-creator/?id=1.4211975&origw=1440", "publishedAt": "2020-03-29T05:01:00Z", "content": "Ive named him Blossom, and he is an anxiety tiger. Hes nothing special: nearly everyone seems to have an anxiety tiger in these virus-ridden days.\r\nBlossom showed up on Friday, March 13th, the day after Taoiseach Leo Varadkar announced school closures. But Bl\u2026 [+16881 chars]"}, {"source": {"id": "the-irish-times", "name": "The Irish Times"}, "author": "Rodney Edwards", "title": "Coronavirus: Husband unable to say farewell to wife of 51 years", "description": "Anne Best died of Covid-19. Her husband Tom could not attend hospital and there was no funeral", "url": "https://www.irishtimes.com/news/ireland/irish-news/coronavirus-husband-unable-to-say-farewell-to-wife-of-51-years-1.4215100", "urlToImage": "https://www.irishtimes.com/image-creator/?id=1.4215093&origw=1440", "publishedAt": "2020-03-29T14:51:27Z", "content": "Retired Fermanagh civil servant Tom Best last saw his wife of 51 years alive when she was being placed in an ambulance and driven away from the couples Derrylin, Co Fermanagh, home last Wednesday afternoon.\r\nSeventy-two-year-old Anne began to complain of seve\u2026 [+3736 chars]"}, {"source": {"id": "the-irish-times", "name": "The Irish Times"}, "author": "Ronan McGreevy", "title": "Coronavirus: \u2018We are not here to go and hide in the Garda Station\u2019", "description": "Garda\u00ed are reaching out to those stranded in their homes due to the national lockdown", "url": "https://www.irishtimes.com/news/ireland/irish-news/coronavirus-we-are-not-here-to-go-and-hide-in-the-garda-station-1.4215107", "urlToImage": "https://www.irishtimes.com/image-creator/?id=1.4215105&origw=1440", "publishedAt": "2020-03-29T15:06:00Z", "content": "Dublin city centre is so quiet on Saturday at midday, the first day of the national lockdown, that you can hear the church bells without the muffled constraints of endless traffic. \r\nThere is nobody else on Townsend Street when Susan Lawlor and Mark Walsh, tw\u2026 [+3722 chars]"}, {"source": {"id": "the-irish-times", "name": "The Irish Times"}, "author": "The Irish Times", "title": "Trump abandons quarantine idea as coronavirus spreads", "description": "Travel advisory for New York, New Jersey and Connecticut issued instead of quarantine", "url": "https://www.irishtimes.com/news/world/us/trump-abandons-quarantine-idea-as-coronavirus-spreads-1.4214998", "urlToImage": "https://www.irishtimes.com/image-creator/?id=1.4214997&origw=1440", "publishedAt": "2020-03-29T07:15:43Z", "content": "US President Donald Trump considered then abandoned ordering a quarantine for the coronavirus hotspots of New York, New Jersey and Connecticut. \r\nMr Trump announced in a tweet that the quarantine, which it was unclear if he had the power to order, would not g\u2026 [+2682 chars]"}, {"source": {"id": "the-irish-times", "name": "The Irish Times"}, "author": "The Irish Times", "title": "Trump abandons quarantine proposal as coronavirus spreads", "description": "Travel advisory for New York, New Jersey and Connecticut issued instead of quarantine", "url": "https://www.irishtimes.com/news/world/us/trump-abandons-quarantine-proposal-as-coronavirus-spreads-1.4214998", "urlToImage": "https://www.irishtimes.com/image-creator/?id=1.4214997&origw=1440", "publishedAt": "2020-03-29T07:15:43Z", "content": "US President Donald Trump considered then abandoned ordering a quarantine for the coronavirus hotspots of New York, New Jersey and Connecticut. \r\nMr Trump announced in a tweet that the quarantine, which it was unclear if he had the power to order, would not g\u2026 [+2682 chars]"}, {"source": {"id": "the-irish-times", "name": "The Irish Times"}, "author": "The Irish Times", "title": "Coronavirus: New Zealand reports first death as German cases rise", "description": "World round-up: Italy death toll tops 10,000; Canadian PM\u2019s wife recovers from virus", "url": "https://www.irishtimes.com/news/world/coronavirus-new-zealand-reports-first-death-as-german-cases-rise-1.4215000", "urlToImage": "https://www.irishtimes.com/image-creator/?id=1.4214999&origw=1440", "publishedAt": "2020-03-29T08:10:05Z", "content": "New Zealand has reported its first death from Covid-19. Health authorities said Sunday the victim was a woman in her 70s. She was admitted to a west coast hospital last week with what they initially thought was flu, and hospital staff did not wear full protec\u2026 [+8396 chars]"}, {"source": {"id": "the-irish-times", "name": "The Irish Times"}, "author": "The Irish Times", "title": "Coronavirus: World\u2019s oldest man marks 112th birthday in isolation", "description": "Bob Weighton\u2019s celebrations cancelled because of Covid-19 pandemic", "url": "https://www.irishtimes.com/news/world/uk/coronavirus-world-s-oldest-man-marks-112th-birthday-in-isolation-1.4215002", "urlToImage": "https://www.irishtimes.com/image-creator/?id=1.4215001&origw=1440", "publishedAt": "2020-03-29T08:32:11Z", "content": "The man believed to be the worlds oldest man has said celebrations for his 112th birthday are a dead loss after they had to be cancelled because of the coronavirus outbreak.\r\nBob Weighton, from Alton, Hampshire in Britain, took up the title of the oldest man \u2026 [+3700 chars]"}, {"source": {"id": "the-irish-times", "name": "The Irish Times"}, "author": "Conor Pope", "title": "Are the travel industry and airlines playing fair in coronavirus crisis?", "description": "With thousands of people falling ill in Ireland in recent days and far too many people losing their lives as a result of the coronavirus pandemic at home and abroad, the crisis that has engulfed our world is, first and foremost, a public health one. It is als\u2026", "url": "https://www.irishtimes.com/news/consumer/are-the-travel-industry-and-airlines-playing-fair-in-coronavirus-crisis-1.4211861", "urlToImage": "https://www.irishtimes.com/image-creator/?id=1.4211826&origw=1440", "publishedAt": "2020-03-29T23:00:00Z", "content": "With thousands of people falling ill in Ireland in recent days and far too many people losing their lives as a result of the coronavirus pandemic at home and abroad, the crisis that has engulfed our world is, first and foremost, a public health one.\r\nIt is al\u2026 [+16113 chars]"}, {"source": {"id": "the-irish-times", "name": "The Irish Times"}, "author": "Maureen Dowd", "title": "Maureen Dowd: Coronavirus has made a national shrink of Andrew Cuomo", "description": "It\u2019s no wonder that watching Andrew Cuomo\u2019s daily briefings can make some people crave Chianti and meatballs. Besides coolly explaining the facts in this terrifying and stultifying plague season, the governor of New York evokes the feeling of a big Italian fa\u2026", "url": "https://www.irishtimes.com/news/world/us/maureen-dowd-coronavirus-has-made-a-national-shrink-of-andrew-cuomo-1.4215083", "urlToImage": "https://www.irishtimes.com/image-creator/?id=1.4215078&origw=1440", "publishedAt": "2020-03-29T14:30:40Z", "content": "Its no wonder that watching Andrew Cuomos daily briefings can make some people crave Chianti and meatballs. Besides coolly explaining the facts in this terrifying and stultifying plague season, the governor of New York evokes the feeling of a big Italian fami\u2026 [+17513 chars]"}, {"source": {"id": "the-irish-times", "name": "The Irish Times"}, "author": "Simon Carswell", "title": "Coronavirus: HSE braces for possible peak of Covid-19 cases in mid-April", "description": "The HSE is preparing for a surge of coronavirus cases with 1,200 critical care beds but is unsure by how much the State\u2019s intensive care unit (ICU) capacity will be exceeded when the pandemic peaks here. The State\u2019s highest-ranking healthcare officials, at a \u2026", "url": "https://www.irishtimes.com/news/ireland/irish-news/coronavirus-hse-braces-for-possible-peak-of-covid-19-cases-in-mid-april-1.4215029", "urlToImage": "https://www.irishtimes.com/image-creator/?id=1.4215028&origw=1440", "publishedAt": "2020-03-29T12:02:09Z", "content": "The HSE is preparing for a surge of coronavirus cases with 1,200 critical care beds but is unsure by how much the States intensive care unit (ICU) capacity will be exceeded when the pandemic peaks here.\r\nThe States highest-ranking healthcare officials, at a b\u2026 [+2974 chars]"}, {"source": {"id": "the-irish-times", "name": "The Irish Times"}, "author": "Sally Hayden", "title": "Coronavirus in Uganda: \u2018Before the sickness comes to kill us we will die from hunger\u2019", "description": "Beside a petrol station in Gulu, a city in northern Uganda, boda boda motorbike drivers lined up, scouting for passengers. They were breaking the law, but argued they had no other choice. \u201cIt looks like we\u2019re not listening but we\u2019re not able to,\u201d says Lubanga\u2026", "url": "https://www.irishtimes.com/news/world/africa/coronavirus-in-uganda-before-the-sickness-comes-to-kill-us-we-will-die-from-hunger-1.4215132", "urlToImage": "https://www.irishtimes.com/image-creator/?id=1.4215126&origw=1440", "publishedAt": "2020-03-29T17:00:00Z", "content": "Beside a petrol station in Gulu, a city in northern Uganda, boda boda motorbike drivers lined up, scouting for passengers. They were breaking the law, but argued they had no other choice.\r\nIt looks like were not listening but were not able to, says Lubangaken\u2026 [+4086 chars]"}, {"source": {"id": "the-irish-times", "name": "The Irish Times"}, "author": "The Irish Times", "title": "The Irish Times view on banks\u2019 response to coronavirus: Scrap the dividend", "description": "The banks are not responsible this time for the economic crisis that has engulfed Ireland and the rest of the world. But how they behave will play a critical part in how households and businesses get through the emergency. The speed with which banks in Irelan\u2026", "url": "https://www.irishtimes.com/opinion/editorial/the-irish-times-view-on-banks-response-to-coronavirus-scrap-the-dividend-1.4215295", "urlToImage": "https://www.irishtimes.com/image-creator/?id=1.4215293&origw=1440", "publishedAt": "2020-03-29T23:03:00Z", "content": "The banks are not responsible this time for the economic crisis that has engulfed Ireland and the rest of the world. But how they behave will play a critical part in how households and businesses get through the emergency. The speed with which banks in Irelan\u2026 [+1840 chars]"}, {"source": {"id": "the-irish-times", "name": "The Irish Times"}, "author": "Shane Stokes", "title": "Coronavirus: \u2018you may have heard of a game called Plague Inc\u2019", "description": "Ashley Arabasadi is senior external affairs manager and former health security policy adviser at Management Sciences for Health, an American-based nonprofit global health organisation. She was also campaign manager for its No More Epidemics campaign. She is c\u2026", "url": "https://www.irishtimes.com/life-and-style/health-family/coronavirus-you-may-have-heard-of-a-game-called-plague-inc-1.4207808", "urlToImage": "https://www.irishtimes.com/polopoly_fs/1.4207807.1585052435!/image/image.jpg", "publishedAt": "2020-03-29T05:01:00Z", "content": "Ashley Arabasadi is senior external affairs manager and former health security policy adviser at Management Sciences for Health, an American-based nonprofit global health organisation. She was also campaign manager for its No More Epidemics campaign. She is c\u2026 [+13726 chars]"}, {"source": {"id": "the-irish-times", "name": "The Irish Times"}, "author": null, "title": "Una Mullally: Coronavirus response is like providing fire exits only during a blaze", "description": "In a crisis smart people tend not to reach for bad ideas. Our country\u2019s de facto leaders, and the expert officials who are informing their actions, have chosen equitable societal instruments to guide us through the Covid-19 pandemic emergency: a single-tier h\u2026", "url": "https://www.irishtimes.com/opinion/una-mullally-coronavirus-response-is-like-providing-fire-exits-only-during-a-blaze-1.4215075", "urlToImage": "https://www.irishtimes.com/polopoly_fs/1.4215073.1585491733!/image/image.jpg", "publishedAt": "2020-03-30T00:00:00Z", "content": "In a crisis smart people tend not to reach for bad ideas. Our countrys de facto leaders, and the expert officials who are informing their actions, have chosen equitable societal instruments to guide us through the Covid-19 pandemic emergency: a single-tier he\u2026 [+388 chars]"}, {"source": {"id": "the-irish-times", "name": "The Irish Times"}, "author": null, "title": "Coronavirus: 16 tips to help you cope in the new world we live in", "description": "Covid-19 has upended our lives completely. We now find ourselves in a new world of reduced social contacts, struggles to keep work going at home and losing jobs and keeping our distance from other people. While this might have been an interesting experiment f\u2026", "url": "https://www.irishtimes.com/life-and-style/health-family/parenting/coronavirus-16-tips-to-help-you-cope-in-the-new-world-we-live-in-1.4211871", "urlToImage": "https://www.irishtimes.com/image-creator/?id=1.4211870&origw=1440", "publishedAt": "2020-03-29T05:01:00Z", "content": "Covid-19 has upended our lives completely. We now find ourselves in a new world of reduced social contacts, struggles to keep work going at home and losing jobs and keeping our distance from other people. While this might have been an interesting experiment f\u2026 [+157 chars]"}, {"source": {"id": "the-irish-times", "name": "The Irish Times"}, "author": "Marie O'Halloran", "title": "Coronavirus: Fianna F\u00e1il Seanad candidates to stay away from count centre", "description": "Candidates agree to avoid spread of Covid-19 after appeal from Cathaoirleach", "url": "https://www.irishtimes.com/news/politics/coronavirus-fianna-f%C3%A1il-seanad-candidates-to-stay-away-from-count-centre-1.4215332", "urlToImage": "https://www.irishtimes.com/image-creator/?id=1.4215331&origw=1440", "publishedAt": "2020-03-29T21:27:49Z", "content": "Fianna F\u00e1il candidates contesting the first Seanad election panel to be counted have agreed to stay away from the count centre as part of efforts to prevent the spread of Covid-19.\r\nThe eight party candidates for the Cultural and Educational panel have decide\u2026 [+2961 chars]"}, {"source": {"id": "the-irish-times", "name": "The Irish Times"}, "author": "The Irish Times", "title": "Coronavirus: Spain\u2019s death toll rises by record 838 overnight to 6,528", "description": "World round-up: Italy death toll tops 10,000; NZ reports first death; German cases rise", "url": "https://www.irishtimes.com/news/world/coronavirus-spain-s-death-toll-rises-by-record-838-overnight-to-6-528-1.4215000", "urlToImage": "https://www.irishtimes.com/image-creator/?id=1.4214999&origw=1440", "publishedAt": "2020-03-29T08:10:05Z", "content": "Spain awoke to its third week under near-total lockdown on Sunday, as the government met to approve a strengthening of measures and the coronavirus death toll rose by a record 838 cases overnight to 6,528. Second only to Italy in fatalities, Spain also saw in\u2026 [+10607 chars]"}, {"source": {"id": "the-irish-times", "name": "The Irish Times"}, "author": "Michael Jansen", "title": "Iran to open 2,000-bed field hospital as it struggles to counter coronavirus", "description": "Trump under pressure to ease sanctions on country lacking funds to buy medical supplies", "url": "https://www.irishtimes.com/news/world/middle-east/iran-to-open-2-000-bed-field-hospital-as-it-struggles-to-counter-coronavirus-1.4215268", "urlToImage": "https://www.irishtimes.com/image-creator/?id=1.4215267&origw=1440", "publishedAt": "2020-03-29T18:38:02Z", "content": "A 2,000-bed Iranian military field hospital will open in an exhibition centre in Tehran this week to treat patients recovering from coronavirus as the isolated and sanctioned country struggles to counter the disease.\r\nWhile the government has announced it wil\u2026 [+2939 chars]"}, {"source": {"id": "the-irish-times", "name": "The Irish Times"}, "author": "Denis Staunton", "title": "Coronavirus: UK will not return to normal for \u2018at least six months\u2019", "description": "Michael Gove says judgment of UK\u2019s testing regime should wait until pandemic is over", "url": "https://www.irishtimes.com/news/world/uk/coronavirus-uk-will-not-return-to-normal-for-at-least-six-months-1.4215217", "urlToImage": "https://www.irishtimes.com/image-creator/?id=1.4215216&origw=1440", "publishedAt": "2020-03-29T17:25:33Z", "content": "It will be at least six months before Britain gets back to normal by lifting the restrictions imposed because of coronavirus, the countrys deputy chief medical officer has said. Jenny Harries told a press conference in Downing Street that it would take a coup\u2026 [+2830 chars]"}, {"source": {"id": "the-irish-times", "name": "The Irish Times"}, "author": "Suzanne Lynch", "title": "Trump boasts of coronavirus \u2018ratings\u2019 as top expert warns of up to 200,000 US deaths", "description": "Anthony Fauci says figures a \u2018moving target\u2019 as president pulls back from idea of quarantining New York", "url": "https://www.irishtimes.com/news/world/us/trump-boasts-of-coronavirus-ratings-as-top-expert-warns-of-up-to-200-000-us-deaths-1.4215280", "urlToImage": "https://www.irishtimes.com/image-creator/?id=1.4215279&origw=1440", "publishedAt": "2020-03-29T19:27:34Z", "content": "Coronavirus cases in the United States continued to rise over the weekend, as the countrys top immunologist warned that deaths from the virus could hit 200,000.\r\nDr Anthony Fauci, head of the national institute of allergy and infectious diseases, said that wh\u2026 [+3084 chars]"}, {"source": {"id": "the-irish-times", "name": "The Irish Times"}, "author": "The Irish Times", "title": "Coronavirus: New Zealand reports first death as global cases surpass 660,000", "description": "World round-up: Italy death toll tops 10,000; Canadian PM\u2019s wife recovers from virus", "url": "https://www.irishtimes.com/news/world/coronavirus-new-zealand-reports-first-death-as-global-cases-surpass-660-000-1.4215000", "urlToImage": "https://www.irishtimes.com/image-creator/?id=1.4214999&origw=1440", "publishedAt": "2020-03-29T08:10:05Z", "content": "New Zealand has reported its first death from Covid-19. Health authorities said Sunday the victim was a woman in her 70s. She was admitted to a west coast hospital last week with what they initially thought was flu, and hospital staff did not wear full protec\u2026 [+10064 chars]"}]}