{"status": "ok", "totalResults": 23, "articles": [{"source": {"id": "the-irish-times", "name": "The Irish Times"}, "author": null, "title": "Footballers take precautions after coronavirus confirmation", "description": "Three new cases of Covid-19 in NI but health staff working to prevent spread of the virus", "url": "https://www.irishtimes.com/news/ireland/irish-news/footballers-take-precautions-after-coronavirus-confirmation-1.4196933", "urlToImage": "https://www.irishtimes.com/image-creator/?id=1.4196931&origw=1440", "publishedAt": "2020-03-08T21:38:53Z", "content": "Players from two Northern Ireland football clubs have been advised to take precautionary action as the number of confirmed coronavirus cases in the North rose to seven at the weekend.\r\nOn Saturday the Norths Department of Health reported that three more peopl\u2026 [+36 chars]"}, {"source": {"id": "the-irish-times", "name": "The Irish Times"}, "author": "Gerry Moriarty", "title": "Coronavirus: Three new cases identified in Northern Ireland", "description": "Latest cases bring total to seven and are linked to previously confirmed case", "url": "https://www.irishtimes.com/news/ireland/irish-news/coronavirus-three-new-cases-identified-in-northern-ireland-1.4196599", "urlToImage": "https://www.irishtimes.com/image-creator/?id=1.4196598&origw=1440", "publishedAt": "2020-03-08T07:37:56Z", "content": "Three new cases of coronavirus in Northern Ireland have been registered bringing the total number in the North to seven.\r\nThe latest three cases are all adults who had recently travelled from Italy and are linked to a previously confirmed positive case,the No\u2026 [+572 chars]"}, {"source": {"id": "the-irish-times", "name": "The Irish Times"}, "author": "Gerry Moriarty", "title": "Coronavirus: Footballer diagnosed after match in Northern Ireland", "description": "Both teams taking precautions as number of cases in NI rises to seven", "url": "https://www.irishtimes.com/news/ireland/irish-news/coronavirus-footballer-diagnosed-after-match-in-northern-ireland-1.4196599", "urlToImage": "https://www.irishtimes.com/image-creator/?id=1.4196598&origw=1440", "publishedAt": "2020-03-08T07:37:56Z", "content": "Two football teams in Northern Ireland have been told to take precautionary measures after a player tested positive for coronavirus after a match. \r\nIn a statement, Hanover Football Club in Co Armagh confirmed that one of its players was diagnosed with Covid-\u2026 [+1997 chars]"}, {"source": {"id": "the-irish-times", "name": "The Irish Times"}, "author": "Carl O'Brien", "title": "Irish universities face financial black hole over coronavirus", "description": "Colleges fear losing millions as foreign students may be obliged to cancel enrolment", "url": "https://www.irishtimes.com/news/education/irish-universities-face-financial-black-hole-over-coronavirus-1.4196754", "urlToImage": "https://www.irishtimes.com/polopoly_fs/1.4196753.1583687394!/image/image.jpg", "publishedAt": "2020-03-08T17:10:27Z", "content": "Irish universities face losing tens of millions of euro in tuition fees from the impact of coronavirus due to large numbers of international students from China and elsewhere being forced to cancel or postpone enrolments.\r\nSources across several universities \u2026 [+3480 chars]"}, {"source": {"id": "the-irish-times", "name": "The Irish Times"}, "author": "Martin Wall", "title": "Coronavirus: Number of confirmed cases rises to 21", "description": "HSE chief \u2018cannot dispute\u2019 forecast of 1.9m people falling ill", "url": "https://www.irishtimes.com/news/health/coronavirus-number-of-confirmed-cases-rises-to-21-1.4196613", "urlToImage": "https://www.irishtimes.com/image-creator/?id=1.4196612&origw=1440", "publishedAt": "2020-03-08T10:15:45Z", "content": "Two new cases of the coronavirus Covid-19 have been confirmed by the HSE, bringing to 21 the number of confirmed cases in the Republic to date.\r\nBoth of the new cases were community transmissions.\r\nOne involves a female in the east of the country.\r\nThe other \u2026 [+4825 chars]"}, {"source": {"id": "the-irish-times", "name": "The Irish Times"}, "author": "Conor Pope", "title": "Coronavirus: Irish residents advised against \u2018non-essential travel\u2019 to northern Italy", "description": "Advice, covering Milan and Venice, comes after strict measures announced in response to outbreak", "url": "https://www.irishtimes.com/news/ireland/irish-news/coronavirus-irish-residents-advised-against-non-essential-travel-to-northern-italy-1.4196739", "urlToImage": "https://www.irishtimes.com/image-creator/?id=1.4196738&origw=1440", "publishedAt": "2020-03-08T16:52:09Z", "content": "The Department of Foreign Affairs has warned Irish people against non-essential travel to parts of northern Italy, including Milan and Venice, after emergency measures to deal with the coronavirus outbreak were announced. \r\nThe departments updated travel advi\u2026 [+3047 chars]"}, {"source": {"id": "the-irish-times", "name": "The Irish Times"}, "author": "Martin Wall", "title": "Coronavirus: HSE chief \u2018cannot dispute\u2019 forecast of 1.9m people falling ill", "description": "Number of cases recorded across island rises to 26, with most linked to travel to Italy", "url": "https://www.irishtimes.com/news/health/coronavirus-hse-chief-cannot-dispute-forecast-of-1-9m-people-falling-ill-1.4196613", "urlToImage": "https://www.irishtimes.com/image-creator/?id=1.4196612&origw=1440", "publishedAt": "2020-03-08T10:15:45Z", "content": "The health service cannot dispute cannot dispute reported projections that up to 1.9 million people could become sick as a result of contracting the coronavirus, the HSE chief executive has said.\r\nHowever, Paul Reid said modelling work on how the Covid-19 out\u2026 [+4492 chars]"}, {"source": {"id": "the-irish-times", "name": "The Irish Times"}, "author": "John Holden", "title": "Austin cancels SxSW festival over coronavirus fears", "description": "Major participants such as Apple, Facebook, Twitter and TikTok pull out", "url": "https://www.irishtimes.com/business/technology/austin-cancels-sxsw-festival-over-coronavirus-fears-1.4196708", "urlToImage": "https://www.irishtimes.com/image-creator/?id=1.4196706&origw=1271", "publishedAt": "2020-03-08T16:15:37Z", "content": "The 34th annual South By Southwest festival of tech, music and film in Austin Texas is the latest victim of the coronavirus as it was announced by city officials on Friday that the event was being cancelled over concerns about the spread of Covid-19.\r\nDue to \u2026 [+1851 chars]"}, {"source": {"id": "the-irish-times", "name": "The Irish Times"}, "author": "John Holden", "title": "Austin cancels South by Southwest festival over coronavirus fears", "description": "Major participants such as Apple, Facebook, Twitter and TikTok pull out", "url": "https://www.irishtimes.com/business/technology/austin-cancels-south-by-southwest-festival-over-coronavirus-fears-1.4196708", "urlToImage": "https://www.irishtimes.com/image-creator/?id=1.4196706&origw=1271", "publishedAt": "2020-03-08T16:15:37Z", "content": "The 34th annual South By Southwest festival of tech, music and film in Austin Texas is the latest victim of the coronavirus as it was announced by city officials on Friday that the event was being cancelled over concerns about the spread of Covid-19.\r\nDue to \u2026 [+1851 chars]"}, {"source": {"id": "the-irish-times", "name": "The Irish Times"}, "author": "Anne Lucey", "title": "Killarney St Patrick\u2019s Day festival \u2018to go ahead\u2019 despite coronavirus fears", "description": "Organisers finalising parade arrangements as decision draws mixed views in Kerry town", "url": "https://www.irishtimes.com/business/transport-and-tourism/killarney-st-patrick-s-day-festival-to-go-ahead-despite-coronavirus-fears-1.4196729", "urlToImage": "https://www.irishtimes.com/image-creator/?id=1.4196728&origw=684", "publishedAt": "2020-03-08T16:48:27Z", "content": "The Killarney St Patricks Day festival, a six-day series of events, which kicks off the main tourism season in the Co Kerry town, is to go ahead, organisers said.\r\nThe festival committee said it was receiving lots of calls and inquiries as to whether the para\u2026 [+2063 chars]"}, {"source": {"id": "the-irish-times", "name": "The Irish Times"}, "author": "Simon Carswell", "title": "Portmarnock Golf Club to remain open after member diagnosed with coronavirus", "description": "North Dublin golf club says \u2018it has activated all appropriate protocols\u2019", "url": "https://www.irishtimes.com/sport/golf/portmarnock-golf-club-to-remain-open-after-member-diagnosed-with-coronavirus-1.4196921", "urlToImage": "https://www.irishtimes.com/image-creator/?id=1.4196919&origw=1440", "publishedAt": "2020-03-08T21:31:14Z", "content": "Portmarnock Golf Club has said it will remain open after the Health Service Executive informed the north Co Dublin club on Saturday that a member had been diagnosed with the coronavirus Covid-19.\r\nAndrew Whitelaw, the clubs general manager, said the HSE was f\u2026 [+517 chars]"}, {"source": {"id": "the-irish-times", "name": "The Irish Times"}, "author": "The Irish Times", "title": "Coronavirus: Italy imposes quarantine on millions", "description": "Italy says number of cases rose by 1,247 in the last 24 hours, taking total to 5,883", "url": "https://www.irishtimes.com/news/world/europe/coronavirus-italy-imposes-quarantine-on-millions-1.4196601", "urlToImage": "https://www.irishtimes.com/image-creator/?id=1.4196600&origw=1440", "publishedAt": "2020-03-08T07:53:25Z", "content": "More than a quarter of Italys population have been placed in mandatory quarantine as the government attempts to stem the spread of the coronavirus.\r\nItalys prime minister Giuseppe Conte signed a decree just after midnight, which affects about 16 million peopl\u2026 [+6696 chars]"}, {"source": {"id": "the-irish-times", "name": "The Irish Times"}, "author": "The Irish Times", "title": "Coronavirus: Cork University Hospital reducing appointments", "description": "Number of cases recorded across island rises to 26, with most linked to travel to Italy", "url": "https://www.irishtimes.com/news/health/coronavirus-cork-university-hospital-reducing-appointments-1.4196613", "urlToImage": "https://www.irishtimes.com/image-creator/?id=1.4196612&origw=1440", "publishedAt": "2020-03-08T10:15:45Z", "content": "Cork University Hospital (CUH) on Sunday said it would be reducing and rescheduling outpatient appointments between Monday and Wednesday as a result of the coronavirus (Covid-19) outbreak. \r\nThe measures follow the identification of the virus in a middle aged\u2026 [+4693 chars]"}, {"source": {"id": "the-irish-times", "name": "The Irish Times"}, "author": "Jenny Gross", "title": "Coronavirus: Four tips to help you stop touching your face", "description": "Now that we know that it\u2019s bad to touch our faces, how do we break a habit that most of us didn\u2019t know we had? Throughout the day, we touch a lot of surfaces \u2013 doorknobs, elevator buttons, handrails on stairs \u2013 where viruses, including the new coronavirus, ca\u2026", "url": "https://www.irishtimes.com/life-and-style/health-family/coronavirus-four-tips-to-help-you-stop-touching-your-face-1.4195099", "urlToImage": "https://www.irishtimes.com/image-creator/?id=1.4195098&origw=1440", "publishedAt": "2020-03-08T06:01:39Z", "content": "Now that we know that its bad to touch our faces, how do we break a habit that most of us didnt know we had?\r\nThroughout the day, we touch a lot of surfaces doorknobs, elevator buttons, handrails on stairs where viruses, including the new coronavirus, can lin\u2026 [+3306 chars]"}, {"source": {"id": "the-irish-times", "name": "The Irish Times"}, "author": "The Irish Times", "title": "Coronavirus: Italy imposes quarantine on millions amid \u2018national emergency\u2019", "description": "Italy has ordered a virtual lockdown across a large part of the north of the country, including the financial capital Milan, in a major attempt to try to contain the rapidly growing outbreak of coronavirus. The unprecedented restrictions, which will effective\u2026", "url": "https://www.irishtimes.com/news/world/europe/coronavirus-italy-imposes-quarantine-on-millions-amid-national-emergency-1.4196601", "urlToImage": "https://www.irishtimes.com/image-creator/?id=1.4196622&origw=1440", "publishedAt": "2020-03-08T07:53:25Z", "content": "Italy has ordered a virtual lockdown across a large part of the north of the country, including the financial capital Milan, in a major attempt to try to contain the rapidly growing outbreak of coronavirus.\r\nThe unprecedented restrictions, which will effectiv\u2026 [+7500 chars]"}, {"source": {"id": "the-irish-times", "name": "The Irish Times"}, "author": "The Irish Times", "title": "Coronavirus: Ten dead and 23 trapped as China quarantine site collapses", "description": "Authorities say 71 people inside hotel at time of collapse, 58 were under quarantine", "url": "https://www.irishtimes.com/news/world/asia-pacific/coronavirus-ten-dead-and-23-trapped-as-china-quarantine-site-collapses-1.4196605", "urlToImage": "https://www.irishtimes.com/image-creator/?id=1.4196604&origw=1440", "publishedAt": "2020-03-08T08:38:22Z", "content": "Ten people have died and 23 remain trapped after the collapse of a hotel that was being used to quarantine people under observation for the coronavirus in the Chinese city of Quanzhou, authorities said on Sunday.\r\nMore than 70 people were believed to have bee\u2026 [+2360 chars]"}, {"source": {"id": "the-irish-times", "name": "The Irish Times"}, "author": "The Irish Times", "title": "Italy quarantines millions as coronavirus fatalities jump", "description": "Global infections now exceeds 107,000 while  death toll  reaches 3,600 fatalities", "url": "https://www.irishtimes.com/news/world/europe/italy-quarantines-millions-as-coronavirus-fatalities-jump-1.4196857", "urlToImage": "https://www.irishtimes.com/image-creator/?id=1.4196856&origw=1440", "publishedAt": "2020-03-08T19:58:01Z", "content": "Italy has ordered a virtual lockdown across a swathe of its wealthy north on Sunday, including financial capital Milan, in a drastic attempt to contain the coronavirus outbreak there. The death toll has risen by 133 to 366, the Civil Protection Agency said, b\u2026 [+3611 chars]"}, {"source": {"id": "the-irish-times", "name": "The Irish Times"}, "author": "Maureen Dowd", "title": "Maureen Dowd: Coronavirus exposes mental inadequacies of Trump", "description": "US president psychologically incapable of responding to complex and uncertain virus", "url": "https://www.irishtimes.com/news/world/us/maureen-dowd-coronavirus-exposes-mental-inadequacies-of-trump-1.4196796", "urlToImage": "https://www.irishtimes.com/image-creator/?id=1.4196795&origw=1200", "publishedAt": "2020-03-08T18:14:17Z", "content": "The cruel insults to Joe Bidens mental acuity are flying fast and ferocious on Fox News. How can we trust the nuclear codes to someone so incoherent, Fox chatterers cry, who doesnt always seem to know what day it is or what office hes running for?\r\nThats no s\u2026 [+5546 chars]"}, {"source": {"id": "the-irish-times", "name": "The Irish Times"}, "author": "The Irish Times", "title": "Coronavirus: Cruise ship hit by outbreak bound for Oakland port", "description": "At least fourt Irish people among those stranded on vessel off California coast", "url": "https://www.irishtimes.com/news/world/us/coronavirus-cruise-ship-hit-by-outbreak-bound-for-oakland-port-1.4196617", "urlToImage": "https://www.irishtimes.com/image-creator/?id=1.4196616&origw=703", "publishedAt": "2020-03-08T10:23:35Z", "content": "The cruise ship Grand Princess, held at sea and barred from returning to San Francisco last week due to a coronavirus outbreak aboard the vessel, has been directed to the nearby port of Oakland, the cruise line said on Saturday, presumably to be placed under \u2026 [+3319 chars]"}, {"source": {"id": "the-irish-times", "name": "The Irish Times"}, "author": "The Irish Times", "title": "Cruise ship hit by coronavirus outbreak bound for Oakland, California", "description": "Ship has been linked with at least four coronavirus cases from an earlier voyage", "url": "https://www.irishtimes.com/news/world/us/cruise-ship-hit-by-coronavirus-outbreak-bound-for-oakland-california-1.4196617", "urlToImage": "https://www.irishtimes.com/image-creator/?id=1.4196616&origw=703", "publishedAt": "2020-03-08T10:23:35Z", "content": "The cruise ship Grand Princess, held at sea and barred from returning to San Francisco last week due to a coronavirus outbreak aboard the vessel, has been directed to the nearby port of Oakland, the cruise line said on Saturday, presumably to be placed under \u2026 [+2238 chars]"}, {"source": {"id": "the-irish-times", "name": "The Irish Times"}, "author": "The Irish Times", "title": "Coronavirus: US army restricts travel to Italy, South Korea", "description": "Italy imposes quarantine on millions amid \u2018national emergency\u2019", "url": "https://www.irishtimes.com/news/world/europe/coronavirus-us-army-restricts-travel-to-italy-south-korea-1.4196601", "urlToImage": "https://www.irishtimes.com/image-creator/?id=1.4196622&origw=1440", "publishedAt": "2020-03-08T07:53:25Z", "content": "The US army said on Sunday it has decided to restrict travel to and from Italy and South Korea due to coronavirus outbreaks, and will also prohibit foreign troops from participating in US exercises, exchanges and visits in the most affected nations.\r\nThe deci\u2026 [+5061 chars]"}, {"source": {"id": "the-irish-times", "name": "The Irish Times"}, "author": "The Irish Times", "title": "UK shops begin food rationing as result of coronavirus panic buying", "description": "UK supermarkets have begun rationing food for the first time as a result of coronavirus panic buying, according to a report in the Sunday Telegraph. Tesco is limiting the amount of baked beans, dry pasta and UHT milk its customers can buy to ensure it has sup\u2026", "url": "https://www.irishtimes.com/business/economy/uk-shops-begin-food-rationing-as-result-of-coronavirus-panic-buying-1.4196651", "urlToImage": "https://www.irishtimes.com/image-creator/?id=1.4196650&origw=1440", "publishedAt": "2020-03-08T14:24:51Z", "content": "UK supermarkets have begun rationing food for the first time as a result of coronavirus panic buying, according to a report in the Sunday Telegraph. Tesco is limiting the amount of baked beans, dry pasta and UHT milk its customers can buy to ensure it has sup\u2026 [+2811 chars]"}, {"source": {"id": "the-irish-times", "name": "The Irish Times"}, "author": "The Irish Times", "title": "Italy orders lockdown for 16m people in north as coronavirus deaths soar", "description": "Global infections now exceed 107,000 while the death toll has reached 3,600 fatalities", "url": "https://www.irishtimes.com/news/world/europe/italy-orders-lockdown-for-16m-people-in-north-as-coronavirus-deaths-soar-1.4196857", "urlToImage": "https://www.irishtimes.com/image-creator/?id=1.4196856&origw=1440", "publishedAt": "2020-03-08T19:58:01Z", "content": "Italy ordered a virtual lockdown across a swathe of its northern region on Sunday, including the financial capital Milan, in a drastic attempt to contain the coronavirus outbreak there.\r\nThe death toll has risen by 133 to 366, the Civil Protection Agency said\u2026 [+4589 chars]"}]}