{"status": "ok", "totalResults": 39, "articles": [{"source": {"id": "the-irish-times", "name": "The Irish Times"}, "author": "Sarah Burns", "title": "Coronavirus: Government publishes list of essential services", "description": "Farmers, transport workers, journalists among those exempt from some travel restrictions", "url": "https://www.irishtimes.com/news/ireland/irish-news/coronavirus-government-publishes-list-of-essential-services-1.4214978", "urlToImage": "https://www.irishtimes.com/image-creator/?id=1.4214976&origw=1440", "publishedAt": "2020-03-28T19:40:46Z", "content": "The Government has published a list of workers who provide an essential service and can therefore continue to go to work despite restrictions introduced on Friday night.\r\nAmong the list of professions included are farmers, farm labourers, manufacturers of foo\u2026 [+10593 chars]"}, {"source": {"id": "the-irish-times", "name": "The Irish Times"}, "author": "Paul Cullen, Pat Leahy", "title": "Coronavirus: Construction sites should close immediately, industry body says", "description": "Criticism of delay in publication of full list of essential workers exempted from new restrictions to be announced by Government \u2018early\u2019 today", "url": "https://www.irishtimes.com/news/ireland/irish-news/coronavirus-construction-sites-should-close-immediately-industry-body-says-1.4214927", "urlToImage": "https://www.irishtimes.com/image-creator/?id=1.4214928&origw=1440", "publishedAt": "2020-03-28T10:12:00Z", "content": "The Government has moved to clarify that people can travel beyond 2km of their homes to buy food.\r\nA spokesman stressed that there was no need to panic buy or stockpile groceries and other supplies.\r\nMembers of the public are advised that, under the new restr\u2026 [+8426 chars]"}, {"source": {"id": "the-irish-times", "name": "The Irish Times"}, "author": "The Irish Times", "title": "Coronavirus: The businesses allowed to stay open under new measures", "description": "Emergency call-out or delivery services allowed in certain restricted circumstances", "url": "https://www.irishtimes.com/news/ireland/irish-news/coronavirus-the-businesses-allowed-to-stay-open-under-new-measures-1.4214922", "urlToImage": "https://www.irishtimes.com/polopoly_fs/1.4214921.1585382348!/image/image.jpg", "publishedAt": "2020-03-28T07:36:11Z", "content": "A list of so-called essential retail outlets that will be allowed to stay open during the coronavirus outbreak has been published by the Government. \r\nPeople have been told to stay at home in virtually all circumstances and all public and private gatherings h\u2026 [+2940 chars]"}, {"source": {"id": "the-irish-times", "name": "The Irish Times"}, "author": "The Irish Times", "title": "Coronavirus restrictions: Full text of Leo Varadkar\u2019s announcement", "description": "Taoiseach introduces sweeping new measures on social and commercial activity", "url": "https://www.irishtimes.com/news/ireland/irish-news/coronavirus-restrictions-full-text-of-leo-varadkar-s-announcement-1.4214267", "urlToImage": "https://www.irishtimes.com/image-creator/?id=1.4214266&origw=1440", "publishedAt": "2020-03-28T00:07:40Z", "content": "On Friday night, Taoiseach Leo Varadkar announced a range of new restrictions aimed at curbing the spread of coronavirus. Here is his speech in full:\r\nGood evening,\r\nTonight, I want to speak to you about the next stage in our national response to the coronavi\u2026 [+7394 chars]"}, {"source": {"id": "the-irish-times", "name": "The Irish Times"}, "author": "Kitty Holland", "title": "Coronavirus: No funeral Masses to be held in Clogher diocese", "description": "Bishop announces bodies of the dead will be taken directly to the burial ground", "url": "https://www.irishtimes.com/news/social-affairs/coronavirus-no-funeral-masses-to-be-held-in-clogher-diocese-1.4214992", "urlToImage": "https://www.irishtimes.com/image-creator/?id=1.4214991&origw=711", "publishedAt": "2020-03-28T22:03:59Z", "content": "Funeral Masses will no longer be held, while baptism and marriages will not be celebrated until further notice in the diocese of Clogher. \r\nBishop Larry Duffy said he was saddened to have to take this course of action, but in the prevailing circumstances, he \u2026 [+3054 chars]"}, {"source": {"id": "the-irish-times", "name": "The Irish Times"}, "author": "Amanda Ferguson", "title": "Coronavirus: Two deaths in Northern Ireland take total to 15", "description": "Officials says another 49 positive tests recorded, with total number infected now 324", "url": "https://www.irishtimes.com/news/ireland/irish-news/coronavirus-two-deaths-in-northern-ireland-take-total-to-15-1.4214952", "urlToImage": "https://www.irishtimes.com/image-creator/?id=1.4214950&origw=1440", "publishedAt": "2020-03-28T14:31:24Z", "content": "Two further people with Covid-19 have died in Northern Ireland, taking the death toll to 15, the regions Public Health Agency has said. \r\nThere were 49 new positive cases of coronavirus confirmed on Saturday in the North, bringing the total number of known ca\u2026 [+3247 chars]"}, {"source": {"id": "the-irish-times", "name": "The Irish Times"}, "author": "Keith Duggan", "title": "Coronavirus: Galwegians adjust to a new traffic-free reality", "description": "On a sunny Thursday in Salthill\u2019s near-empty promenade, the mood is quiet and terse", "url": "https://www.irishtimes.com/news/ireland/irish-news/coronavirus-galwegians-adjust-to-a-new-traffic-free-reality-1.4213884", "urlToImage": "https://www.irishtimes.com/image-creator/?id=1.4213881&origw=1440", "publishedAt": "2020-03-28T06:00:54Z", "content": "For years, city planners fretted over how to solve Galways absurd traffic problem, one which sees\u00a0cars and trucks grinding slowly through narrow streets, before heading out to Salthill.\r\nNobody thought of a pandemic. On Thursday, a day gorgeous and mild, no b\u2026 [+7647 chars]"}, {"source": {"id": "the-irish-times", "name": "The Irish Times"}, "author": "The Irish Times", "title": "Leading Northern Ireland lawyer in critical condition because of coronavirus", "description": "Niall Murphy in hospital since last week", "url": "https://www.irishtimes.com/news/ireland/irish-news/leading-northern-ireland-lawyer-in-critical-condition-because-of-coronavirus-1.4214993", "urlToImage": "https://www.irishtimes.com/polopoly_fs/1.2302052.1438259328!/image/image.png", "publishedAt": "2020-03-28T22:08:21Z", "content": "By David Young, PA\r\nOne of Northern Irelands most well-known solicitors is in a critical condition in hospital with coronavirus, his law firm has said.\r\nNiall Murphy, 43, has been involved in many high-profile criminal trials and civil court cases, often repr\u2026 [+2108 chars]"}, {"source": {"id": "the-irish-times", "name": "The Irish Times"}, "author": "Kitty Holland", "title": "Coronavirus: Ireland suffers highest daily death toll", "description": "Further 14 people die in Republic while 294 more cases reported bringing total to 2,415", "url": "https://www.irishtimes.com/news/health/coronavirus-ireland-suffers-highest-daily-death-toll-1.4214989", "urlToImage": "https://www.irishtimes.com/image-creator/?id=1.4214988&origw=1440", "publishedAt": "2020-03-28T20:54:04Z", "content": "A total of 14 people diagnosed with coronavirus have died in the Republic in the last 24 hours.\r\nThe highest daily toll since the start of the pandemic brings to 36 the number of people who have died of the illness.\r\nAs of 1pm on Saturday the Health Protectio\u2026 [+2210 chars]"}, {"source": {"id": "the-irish-times", "name": "The Irish Times"}, "author": null, "title": "Coronavirus: The businesses allowed open under new measures", "description": "Businesses such as opticians, hardware allowed to provide emergency call-out or delivery services only", "url": "https://www.irishtimes.com/news/ireland/irish-news/coronavirus-the-essential-businesses-allowed-to-stay-open-under-new-measures-1.4214922", "urlToImage": "https://www.irishtimes.com/polopoly_fs/1.4214921.1585382009!/image/image.jpg", "publishedAt": "2020-03-28T07:36:11Z", "content": "A list of so-called essential retail outlets that will be allowed to stay open during the coronavirus outbreak has been published by the Government. \r\nPeople have been told to stay at home in virtually all circumstances and all public and private gatherings h\u2026 [+91 chars]"}, {"source": {"id": "the-irish-times", "name": "The Irish Times"}, "author": "Sarah Burns", "title": "Coronavirus: Essential workers should carry indentification, Garda Commissioner says", "description": "Drew Harris: \u2018We will stop individuals and be making sure their journey is essential\u2019", "url": "https://www.irishtimes.com/news/crime-and-law/coronavirus-essential-workers-should-carry-indentification-garda-commissioner-says-1.4214942", "urlToImage": "https://www.irishtimes.com/image-creator/?id=1.4214939&origw=620", "publishedAt": "2020-03-28T11:59:58Z", "content": "Over 2,500 garda\u00ed are currently on duty across the country to ensure that people are observing the latest restriction measures to limit the spread of Covid-19, Garda Commissioner Drew Harris has said.\r\nMr Harris said garda\u00ed will be stopping people to make sur\u2026 [+1838 chars]"}, {"source": {"id": "the-irish-times", "name": "The Irish Times"}, "author": "Paul Cullen, Pat Leahy", "title": "Coronavirus: Travel beyond 2km permitted for food shopping", "description": "Taoiseach and Minister for Health to speak with medical leaders today", "url": "https://www.irishtimes.com/news/ireland/irish-news/coronavirus-travel-beyond-2km-permitted-for-food-shopping-1.4214927", "urlToImage": "https://www.irishtimes.com/image-creator/?id=1.4214928&origw=1440", "publishedAt": "2020-03-28T10:12:00Z", "content": "The Government has moved to clarify that people can travel beyond 2km of their homes to buy food.\r\nA spokesman stressed that there was no need to panic buy or stockpile groceries and other supplies.\r\nMembers of the public are advised that, under the new restr\u2026 [+5617 chars]"}, {"source": {"id": "the-irish-times", "name": "The Irish Times"}, "author": "Paul Cullen, Pat Leahy", "title": "Coronavirus: Travel beyond 2km permitted for food shopping as construction workers confirmed \u2018non-essential\u2019", "description": "Full list of essential workers exempted from new restrictions to be announced by Government today", "url": "https://www.irishtimes.com/news/ireland/irish-news/coronavirus-travel-beyond-2km-permitted-for-food-shopping-as-construction-workers-confirmed-non-essential-1.4214927", "urlToImage": "https://www.irishtimes.com/image-creator/?id=1.4214928&origw=1440", "publishedAt": "2020-03-28T10:12:00Z", "content": "The Government has moved to clarify that people can travel beyond 2km of their homes to buy food.\r\nA spokesman stressed that there was no need to panic buy or stockpile groceries and other supplies.\r\nMembers of the public are advised that, under the new restr\u2026 [+6323 chars]"}, {"source": {"id": "the-irish-times", "name": "The Irish Times"}, "author": "Amanda Ferguson", "title": "Coronavirus: Six more deaths in North as sweeping powers come into force", "description": "Further 86 cases of Covid-19 reported following announcement of restrictions", "url": "https://www.irishtimes.com/news/ireland/irish-news/coronavirus-six-more-deaths-in-north-as-sweeping-powers-come-into-force-1.4214952", "urlToImage": "https://www.irishtimes.com/image-creator/?id=1.4214996&origw=1440", "publishedAt": "2020-03-28T14:31:24Z", "content": "Six more people have died from coronavirus in Northern Ireland in the last 24 hours, the Public Health Agency said on Sunday.\r\nIt reported a further 86 cases of the virus, also known as Covid-19, bringing the total in the region to 410. Twenty-one people have\u2026 [+5136 chars]"}, {"source": {"id": "the-irish-times", "name": "The Irish Times"}, "author": "Gerry Moriarty, Amanda Ferguson", "title": "Coronavirus: Six more deaths as sweeping powers come into force in North", "description": "Further 86 cases of Covid-19 reported following announcement of restrictions", "url": "https://www.irishtimes.com/news/ireland/irish-news/coronavirus-six-more-deaths-as-sweeping-powers-come-into-force-in-north-1.4214952", "urlToImage": "https://www.irishtimes.com/image-creator/?id=1.4214996&origw=1440", "publishedAt": "2020-03-28T14:31:24Z", "content": "Six more people have died from coronavirus in Northern Ireland in the last 24 hours, the Public Health Agency said on Sunday.\r\nIt reported a further 86 cases of the virus, also known as Covid-19, bringing the total in the region to 410. Twenty-one people have\u2026 [+5137 chars]"}, {"source": {"id": "the-irish-times", "name": "The Irish Times"}, "author": "Conor Gallagher", "title": "Estranged couples do not have to stick to court orders during coronavirus crisis", "description": "If both parties agree, orders on visitation and maintenance can be altered", "url": "https://www.irishtimes.com/news/crime-and-law/estranged-couples-do-not-have-to-stick-to-court-orders-during-coronavirus-crisis-1.4214098", "urlToImage": "https://www.irishtimes.com/image-creator/?id=1.4214096&origw=1440", "publishedAt": "2020-03-28T01:58:10Z", "content": "The president of the District Court has said estranged couples are free to vary family court orders during the coronavirus crisis as long as both parties agree.\r\nDistrict Court president Judge Colin Daly urged parents to communicate with each other and use vi\u2026 [+2879 chars]"}, {"source": {"id": "the-irish-times", "name": "The Irish Times"}, "author": "Amanda Ferguson", "title": "Coronavirus: Sweeping powers with fines of up to \u00a35,000 come into force in North", "description": "Restrctions on movement after after 15th death and another 49 positive tests recorded", "url": "https://www.irishtimes.com/news/ireland/irish-news/coronavirus-sweeping-powers-with-fines-of-up-to-5-000-come-into-force-in-north-1.4214952", "urlToImage": "https://www.irishtimes.com/image-creator/?id=1.4214996&origw=1440", "publishedAt": "2020-03-28T14:31:24Z", "content": "Sweeping powers to restrict the movement of people to help curb the spread of coronavirus in Northern Ireland have come into force in Northern Ireland.\r\nIn a statement issued on Saturday night, the Stormont Executive said it had agreed to adopt the powers in \u2026 [+5324 chars]"}, {"source": {"id": "the-irish-times", "name": "The Irish Times"}, "author": "The Irish Times", "title": "British exceptionalism backfires in style as Johnson tests positive for coronavirus", "description": "Brexiteer PM now finds himself trapped in Downing Street office, cut off from staff", "url": "https://www.irishtimes.com/business/economy/british-exceptionalism-backfires-in-style-as-johnson-tests-positive-for-coronavirus-1.4214158", "urlToImage": "https://www.irishtimes.com/image-creator/?id=1.4214156&origw=1440", "publishedAt": "2020-03-28T05:30:10Z", "content": "The UK governments 360-degree turn on coronavirus was metaphorically completed yesterday when the prime minister, Boris Johnson, his health minster, Matt Hancock, and his chief medical officer, Chris Whitty, revealed they had all tested positive for the virus\u2026 [+1886 chars]"}, {"source": {"id": "the-irish-times", "name": "The Irish Times"}, "author": "Cliff Taylor", "title": "Coronavirus: Construction sector most significant part of new shutdown", "description": "Much of manufacturing to remain open, but more offices and local services will also close", "url": "https://www.irishtimes.com/business/economy/coronavirus-construction-sector-most-significant-part-of-new-shutdown-1.4214984", "urlToImage": "https://www.irishtimes.com/image-creator/?id=1.4214981&origw=723", "publishedAt": "2020-03-28T20:30:59Z", "content": "Another significant part of the economy is to shut completely for at least the next two weeks including most of the construction sector and parts of the retail and local services sector not already closed. Some offices which have remained open in sector like \u2026 [+4800 chars]"}, {"source": {"id": "the-irish-times", "name": "The Irish Times"}, "author": "Paul Cullen, Pat Leahy", "title": "Coronavirus: Local authorities to lead support service for people cocooning", "description": "Ireland\u2019s ICU capacity situation is \u2018very concerning\u2019, says Harris", "url": "https://www.irishtimes.com/news/ireland/irish-news/coronavirus-14-more-deaths-as-list-of-essential-workers-published-by-the-government-1.4214927", "urlToImage": "https://www.irishtimes.com/image-creator/?id=1.4214961&origw=1440", "publishedAt": "2020-03-28T10:12:00Z", "content": "There have been 14 more deaths of people with Covid-19 and 294 new cases, according to new figures released on Saturday.\r\nMeanwhile the Government has published its list of 16 categories of essential workers under the new restrictions , categorised as follows\u2026 [+11709 chars]"}, {"source": {"id": "the-irish-times", "name": "The Irish Times"}, "author": "Pat Leahy", "title": "Inside the Government's battle against coronavirus", "description": "The black humour, by all accounts, is of a pretty high standard. Those in and around government, who have participated in recent weeks in events and decisions previously never imagined, report that the jokes are constant and the levity ever-present. Of course\u2026", "url": "https://www.irishtimes.com/news/politics/inside-the-government-s-battle-against-coronavirus-1.4214021", "urlToImage": "https://www.irishtimes.com/image-creator/?id=1.4214020&origw=1440", "publishedAt": "2020-03-28T01:00:00Z", "content": "The black humour, by all accounts, is of a pretty high standard. Those in and around government, who have participated in recent weeks in events and decisions previously never imagined, report that the jokes are constant and the levity ever-present. Of course\u2026 [+9425 chars]"}, {"source": {"id": "the-irish-times", "name": "The Irish Times"}, "author": "The Irish Times", "title": "Coronavirus \u2013 a time for working together", "description": "Sir, \u2013 The Covid-19 pandemic is a crisis of grave magnitude facing the entire globe. The virus knows no borders. Like many other countries, Iran is exhausted by this pandemic. Nonetheless, its response has been responsible and decisive. World Health Organisat\u2026", "url": "https://www.irishtimes.com/opinion/letters/coronavirus-a-time-for-working-together-1.4214135", "urlToImage": "https://www.irishtimes.com/polopoly_fs/1.3619339.1536160376!/image/image.jpg", "publishedAt": "2020-03-28T00:11:00Z", "content": "Sir, The Covid-19 pandemic is a crisis of grave magnitude facing the entire globe. The virus knows no borders.\r\nLike many other countries, Iran is exhausted by this pandemic. Nonetheless, its response has been responsible and decisive. World Health Organisati\u2026 [+3336 chars]"}, {"source": {"id": "the-irish-times", "name": "The Irish Times"}, "author": "Jack Horgan-Jones, Naomi O\u2019Leary", "title": "Coronavirus: Oxygen equipment meant for Ireland held back by Italy", "description": "Crucial medical supplies for Covid-19 patients in Ireland have been held back by a major supplier, citing restrictions on exports imposed by Italian authorities. This is despite a European Union deal to drop export bans on medical equipment within Europe earl\u2026", "url": "https://www.irishtimes.com/news/ireland/irish-news/coronavirus-oxygen-equipment-meant-for-ireland-held-back-by-italy-1.4214229", "urlToImage": "https://www.irishtimes.com/image-creator/?id=1.4214228&origw=1440", "publishedAt": "2020-03-28T01:00:59Z", "content": "Crucial medical supplies for Covid-19 patients in Ireland have been held back by a major supplier, citing restrictions on exports imposed by Italian authorities.\r\nThis is despite a European Union deal to drop export bans on medical equipment within Europe ear\u2026 [+3237 chars]"}, {"source": {"id": "the-irish-times", "name": "The Irish Times"}, "author": "Sarah Burns", "title": "Coronavirus: Essential workers should carry identification, says Garda Commissioner", "description": "Over 2,500 garda\u00ed are currently on duty across the country to ensure that people are observing the latest restriction measures to limit the spread of Covid-19, Garda Commissioner Drew Harris has said. Mr Harris said garda\u00ed will be stopping people to make sure\u2026", "url": "https://www.irishtimes.com/news/crime-and-law/coronavirus-essential-workers-should-carry-identification-says-garda-commissioner-1.4214942", "urlToImage": "https://www.irishtimes.com/image-creator/?id=1.4214939&origw=620", "publishedAt": "2020-03-28T11:59:58Z", "content": "Over 2,500 garda\u00ed are currently on duty across the country to ensure that people are observing the latest restriction measures to limit the spread of Covid-19, Garda Commissioner Drew Harris has said.\r\nMr Harris said garda\u00ed will be stopping people to make sur\u2026 [+1838 chars]"}, {"source": {"id": "the-irish-times", "name": "The Irish Times"}, "author": "Paul Cullen, Pat Leahy", "title": "Coronavirus: Ireland\u2019s ICU capacity situation is \u2018very concerning\u2019, says Harris", "description": "Minister for Health Simon Harris has said Ireland is seeing \u201c a very concerning situation regarding ICU capacity\u201d during the ongoing coronavirus pandemic. Speaking at a briefing at his Department on Saturday afternoon, he said there were 71 people in ICU with\u2026", "url": "https://www.irishtimes.com/news/ireland/irish-news/coronavirus-ireland-s-icu-capacity-situation-is-very-concerning-says-harris-1.4214927", "urlToImage": "https://www.irishtimes.com/image-creator/?id=1.4214928&origw=1440", "publishedAt": "2020-03-28T10:12:00Z", "content": "Minister for Health Simon Harris has said Ireland is seeing a very concerning situation regarding ICU capacity during the ongoing coronavirus pandemic.\r\nSpeaking at a briefing at his Department on Saturday afternoon, he said there were 71 people in ICU with C\u2026 [+9876 chars]"}, {"source": {"id": "the-irish-times", "name": "The Irish Times"}, "author": "The Irish Times", "title": "Coronavirus: Spain\u2019s death toll rises by 832 overnight", "description": "Spain\u2019s coronavirus death toll rose by 832 cases overnight to 5,690, the health ministry said on Saturday, marking a new high in the daily rise in fatalities. The total number of those infected rose to 72,248 from 64,059 on Friday. Both Italy and Spain countr\u2026", "url": "https://www.irishtimes.com/news/world/coronavirus-spain-s-death-toll-rises-by-832-overnight-1.4214924", "urlToImage": "https://www.irishtimes.com/image-creator/?id=1.4214923&origw=1440", "publishedAt": "2020-03-28T08:28:09Z", "content": "Spains coronavirus death toll rose by 832 cases overnight to 5,690, the health ministry said on Saturday, marking a new high in the daily rise in fatalities. The total number of those infected rose to 72,248 from 64,059 on Friday. \r\nSpain has been in almost t\u2026 [+7503 chars]"}, {"source": {"id": "the-irish-times", "name": "The Irish Times"}, "author": "The Irish Times", "title": "Coronavirus: Two deaths in Northern Ireland taking total to 15", "description": "Two further people with Covid-19 have died in Northern Ireland, taking the toll to 15, the region\u2019s Public Health Agency has said. There were 49 new positive cases of coronavirus confirmed on Saturday in the North, bringing the total number of known cases the\u2026", "url": "https://www.irishtimes.com/news/ireland/irish-news/coronavirus-two-deaths-in-northern-ireland-taking-total-to-15-1.4214952", "urlToImage": "https://www.irishtimes.com/image-creator/?id=1.4214950&origw=1440", "publishedAt": "2020-03-28T14:31:24Z", "content": "Two further people with Covid-19 have died in Northern Ireland, taking the toll to 15, the regions Public Health Agency has said. \r\nThere were 49 new positive cases of coronavirus confirmed on Saturday in the North, bringing the total number of known cases th\u2026 [+13 chars]"}, {"source": {"id": "the-irish-times", "name": "The Irish Times"}, "author": "Simon Carswell, Conor Gallagher", "title": "Coronavirus: Motorists must slow down to avoid overburdening hospitals \u2013 RSA", "description": "Motorists should avoiding speeding amid reduced road congestion during the coronavirus pandemic to shield overburdened hospitals from road traffic incidents, Road Safety Authority chairwoman Liz O\u2019Donnell said. Ms O\u2019Donnell said that there has been anecdotal \u2026", "url": "https://www.irishtimes.com/news/health/coronavirus-motorists-must-slow-down-to-avoid-overburdening-hospitals-rsa-1.4214236", "urlToImage": "https://www.irishtimes.com/image-creator/?id=1.4214234&origw=1440", "publishedAt": "2020-03-28T01:00:50Z", "content": "Motorists should avoiding speeding amid reduced road congestion during the coronavirus pandemic to shield overburdened hospitals from road traffic incidents, Road Safety Authority chairwoman Liz ODonnell said. \r\nMs ODonnell said that there has been anecdotal \u2026 [+4886 chars]"}, {"source": {"id": "the-irish-times", "name": "The Irish Times"}, "author": "The Irish Times", "title": "Coronavirus: The list of businesses allowed to stay open under new measures", "description": "Emergency call-out or delivery services allowed in certain restricted circumstances", "url": "https://www.irishtimes.com/news/ireland/irish-news/coronavirus-the-list-of-businesses-allowed-to-stay-open-under-new-measures-1.4214922", "urlToImage": "https://www.irishtimes.com/polopoly_fs/1.4214921.1585382348!/image/image.jpg", "publishedAt": "2020-03-28T07:36:11Z", "content": "A list of so-called essential retail outlets that will be allowed to stay open during the coronavirus outbreak has been published by the Government. \r\nPeople have been told to stay at home in virtually all circumstances and all public and private gatherings h\u2026 [+2940 chars]"}, {"source": {"id": "the-irish-times", "name": "The Irish Times"}, "author": "The Irish Times", "title": "Coronavirus: Italy\u2019s death toll passes 10,000", "description": "World round-up: Fatalities surge in UK while Spain reports 832 further deaths", "url": "https://www.irishtimes.com/news/world/coronavirus-italy-s-death-toll-passes-10-000-1.4214924", "urlToImage": "https://www.irishtimes.com/image-creator/?id=1.4214945&origw=1440", "publishedAt": "2020-03-28T08:28:09Z", "content": "Italys coronavirus deaths surpassed 10,000 on Saturday with 889 new fatalities in the last 24 hours, health authorities said. New cases rose marginally to 5,974, bringing the total count of patients in the country to 92,472.\r\nOn Friday, A record 919 people di\u2026 [+9917 chars]"}, {"source": {"id": "the-irish-times", "name": "The Irish Times"}, "author": "The Irish Times", "title": "Coronavirus: UK death toll exeeds 1,000 as more than 17,000 test positive", "description": "World round-up: US records more infections than anywhere in world; India needs 38m masks", "url": "https://www.irishtimes.com/news/world/coronavirus-uk-death-toll-exceeds-1-000-as-more-than-17-000-test-positive-1.4214924", "urlToImage": "https://www.irishtimes.com/image-creator/?id=1.4214923&origw=1440", "publishedAt": "2020-03-28T08:28:09Z", "content": "The coronavirus death toll in the UK is now 1,019 after a further 260 deaths were reported on Saturday. A total of 120,776 people have been tested for coronavirus in the UK as of 9am on Saturday, the department of health said, with 17,089 positive results. Br\u2026 [+9047 chars]"}, {"source": {"id": "the-irish-times", "name": "The Irish Times"}, "author": "Suzanne Lynch", "title": "Trump considering mandatory quarantine in New York as coronavirus spreads", "description": "A lot of states who don\u2019t have a big problem have asked me about it, US president says", "url": "https://www.irishtimes.com/news/world/us/trump-considering-mandatory-quarantine-in-new-york-as-coronavirus-spreads-1.4214963", "urlToImage": "https://www.irishtimes.com/image-creator/?id=1.4214962&origw=1440", "publishedAt": "2020-03-28T17:38:51Z", "content": "US president Donald Trump has said he is considering introducing a mandatory quarantine in New York, parts of New Jersey and Connecticut as the coronavirus continues to spread across the United States. \r\nWere looking at it and well be making decision. A lot o\u2026 [+3411 chars]"}, {"source": {"id": "the-irish-times", "name": "The Irish Times"}, "author": "The Irish Times", "title": "Coronavirus: US records more than 100,000 cases with 1,600 dead", "description": "World round-up: Italy records highest daily death toll; Japan confirms more cases", "url": "https://www.irishtimes.com/news/world/coronavirus-us-records-more-than-100-000-cases-with-1-600-dead-1.4214924", "urlToImage": "https://www.irishtimes.com/image-creator/?id=1.4214923&origw=1440", "publishedAt": "2020-03-28T08:28:09Z", "content": "Doctors and nurses on the front lines of the US coronavirus crisis pleaded on Friday for more protective gear and equipment to treat waves of patients expected to overwhelm hospitals as the sum of known US infections climbed well past 100,000, with more than \u2026 [+5686 chars]"}, {"source": {"id": "the-irish-times", "name": "The Irish Times"}, "author": null, "title": "Coronavirus: UK death toll exceeds 1,000 with more than 17,000 cases", "description": "The UK has said 1,019 people have died after testing positive for coronavirus by 5pm on Friday, a rise of 260 on the total 24 hours earlier. A total of 120,776 people had been tested for coronavirus in the UK as of 9am on Saturday, the department of health sa\u2026", "url": "https://www.irishtimes.com/news/world/coronavirus-uk-death-toll-exceeds-1-000-with-more-than-17-000-cases-1.4214924", "urlToImage": "https://www.irishtimes.com/image-creator/?id=1.4214923&origw=1440", "publishedAt": "2020-03-28T08:28:09Z", "content": "The UK has said 1,019 people have died after testing positive for coronavirus by 5pm on Friday, a rise of 260 on the total 24 hours earlier. \r\nA total of 120,776 people had been tested for coronavirus in the UK as of 9am on Saturday, the department of health \u2026 [+34 chars]"}, {"source": {"id": "the-irish-times", "name": "The Irish Times"}, "author": "Colm Keena", "title": "Coronavirus: Nursing home staff will not \u2018just walk out\u2019 on residents", "description": "The health system will \u201ccrumble\u201d if the nursing home sector is not supported, the chief executive of Nursing Homes Ireland has said. The sector has 25,000 beds, or more than twice the number of acute hospital beds in the health system, and is facing into a hu\u2026", "url": "https://www.irishtimes.com/news/health/coronavirus-nursing-home-staff-will-not-just-walk-out-on-residents-1.4214077", "urlToImage": "https://www.irishtimes.com/image-creator/?id=1.4214076&origw=1440", "publishedAt": "2020-03-28T01:00:24Z", "content": "The health system will crumble if the nursing home sector is not supported, the chief executive of Nursing Homes Ireland has said.\r\nThe sector has 25,000 beds, or more than twice the number of acute hospital beds in the health system, and is facing into a hug\u2026 [+3751 chars]"}, {"source": {"id": "the-irish-times", "name": "The Irish Times"}, "author": "Kitty Holland", "title": "Coronavirus: Older people who leave houses may be asked to go home- Harris", "description": "Older people who leave their homes in the next fortnight could be asked by garda\u00ed to go home, Minister for Health Simon Harris has warned. He said further restrictions on people movements, announced by the Taoiseach Leo Vardakar on Friday were, \u201cso restrictiv\u2026", "url": "https://www.irishtimes.com/news/social-affairs/coronavirus-older-people-who-leave-houses-may-be-asked-to-go-home-harris-1.4214975", "urlToImage": "https://www.irishtimes.com/image-creator/?id=1.4214973&origw=732", "publishedAt": "2020-03-28T19:33:55Z", "content": "Older people who leave their homes in the next fortnight could be asked by garda\u00ed to go home, Minister for Health Simon Harris has warned. \r\nHe said further restrictions on people movements, announced by the Taoiseach Leo Vardakar on Friday were, so restricti\u2026 [+2759 chars]"}, {"source": {"id": "the-irish-times", "name": "The Irish Times"}, "author": "Dr Muiris Houston", "title": "Coronavirus \u2018cocooning\u2019: the community wraps a soft blanket around its most vulnerable", "description": "In his widely praised St Patrick\u2019s Day address to the nation, outlining the challenge we face as a result of the coronavirus pandemic, Taoiseach Leo Varadkar used a term that many people had never heard of before, at least in a health context: cocooning. \u201cAt \u2026", "url": "https://www.irishtimes.com/life-and-style/health-family/coronavirus-cocooning-the-community-wraps-a-soft-blanket-around-its-most-vulnerable-1.4209816", "urlToImage": "https://www.irishtimes.com/image-creator/?id=1.4209815&origw=1200", "publishedAt": "2020-03-28T12:30:00Z", "content": "In his widely praised St Patricks Day address to the nation, outlining the challenge we face as a result of the coronavirus pandemic, Taoiseach Leo Varadkar used a term that many people had never heard of before, at least in a health context: cocooning.\r\nAt a\u2026 [+3757 chars]"}, {"source": {"id": "the-irish-times", "name": "The Irish Times"}, "author": "The Irish Times", "title": "Coronavirus: Spain\u2019s death toll rises by 832 as global cases exceed 600,000", "description": "World round-up: US records more infections than anywhere in world; India needs 38m masks", "url": "https://www.irishtimes.com/news/world/coronavirus-spain-s-death-toll-rises-by-832-as-global-cases-exceed-600-000-1.4214924", "urlToImage": "https://www.irishtimes.com/image-creator/?id=1.4214945&origw=1440", "publishedAt": "2020-03-28T08:28:09Z", "content": "Spains coronavirus death toll rose by 832 cases overnight to 5,690, the health ministry said on Saturday, marking a new high in the daily rise in fatalities. The total number of those infected rose to 72,248 from 64,059 on Friday.\r\nSpain has been in almost to\u2026 [+9193 chars]"}, {"source": {"id": "the-irish-times", "name": "The Irish Times"}, "author": "Brenda Goh", "title": "Coronavirus: Wuhan begins to lift lockdown allowing some normality to return", "description": "Reopening of city where epidemic first erupted marks turning point in China's fight against virus", "url": "https://www.irishtimes.com/news/world/coronavirus-wuhan-begins-to-lift-lockdown-allowing-some-normality-to-return-1.4214937", "urlToImage": "https://www.irishtimes.com/image-creator/?id=1.4214935&origw=1440", "publishedAt": "2020-03-28T11:51:16Z", "content": "The Chinese city of Wuhan, where the coronavirus outbreak first emerged, began lifting a two-month lockdown on Saturday by restarting some metro services and reopening borders, allowing some semblance of normality to return and families to reunite.\r\nAfter bei\u2026 [+4072 chars]"}]}