{"status": "ok", "totalResults": 4, "articles": [{"source": {"id": "rte", "name": "RTE"}, "author": "Fergal Bowers", "title": "Latest coronavirus case brings total to 19 in Republic", "description": "One more confirmed case of Covid-19 has been reported by the National Public Health Emergency Team. It brings the total number of confirmed cases in the Republic of Ireland to 19.", "url": "https://www.rte.ie/news/2020/0307/1120851-covid-19-case/", "urlToImage": "https://img.rasset.ie/0013d791-1600.jpg", "publishedAt": "2020-03-07T17:56:40Z", "content": "One more confirmed case of Covid-19 has been reported by the National Public Health Emergency Team.\r\nIt involves a male in the East of the country who returned from Italy.\r\nIt brings the total number of confirmed cases in the Republic of Ireland to 19.\r\nThe c\u2026 [+2400 chars]"}, {"source": {"id": "rte", "name": "RTE"}, "author": "RT\u00c9 News", "title": "Death toll from coronavirus in Italy reaches 233", "description": "Italy's death toll from the novel coronavirus rose by 36 to 233 on Saturday while the number of infections shot up by a single-day record of 1,247 to hit 5,883.", "url": "https://www.rte.ie/news/coronavirus/2020/0307/1120848-italy-coronavirus-death-toll/", "urlToImage": "https://img.rasset.ie/0013c454-1600.jpg", "publishedAt": "2020-03-07T17:42:04Z", "content": "Italy's death toll from the novel coronavirus rose by 36 to 233 on Saturday while the number of infections shot up by a single-day record of 1,247 to hit 5,883.\r\nItaly has recorded the most deaths of any country outside China and the third-most Covid-19 infec\u2026 [+1456 chars]"}, {"source": {"id": "rte", "name": "RTE"}, "author": "RT\u00c9 News", "title": "US announces 21 coronavirus cases on cruise ship", "description": "In the US, 21 people on board a cruise ship stranded off the coast of San Francisco have tested positive for the coronavirus, while 28 new deaths connected to the virus have been reported in China.", "url": "https://www.rte.ie/news/coronavirus/2020/0307/1120767-coronavirus/", "urlToImage": "https://img.rasset.ie/0013d6f2-1600.jpg", "publishedAt": "2020-03-07T07:44:57Z", "content": "In the US, 21 people on board a cruise ship stranded off the coast of San Francisco have tested positive for the coronavirus.\r\nThe vessel \u2013 the Grand Princess - had been linked to infections from an earlier voyage.\r\n\"Among those positive for coronavirus were \u2026 [+2524 chars]"}, {"source": {"id": "rte", "name": "RTE"}, "author": "RT\u00c9 Sport", "title": "PSG match latest event hit by coronavirus", "description": "Paris Saint-Germain's Ligue 1 game away to Strasbourg has been postponed following a \"prefectural order\" issued on Friday by the Grand Est region where Strasbourg are based.", "url": "https://www.rte.ie/sport/soccer/2020/0307/1120781-psg-match-latest-event-hit-by-coronavirus/", "urlToImage": "https://img.rasset.ie/0013d6fa-1600.jpg", "publishedAt": "2020-03-07T09:32:11Z", "content": "Paris Saint-Germain's Ligue 1 game away to Strasbourg has been postponed following a \"prefectural order\" issued on Friday by the Grand Est region where Strasbourg are based.\r\nItaly's Six Nations matches against Ireland and England have been postponed, while S\u2026 [+3935 chars]"}]}