{"status": "ok", "totalResults": 4, "articles": [{"source": {"id": "rte", "name": "RTE"}, "author": "Sean Whelan", "title": "Coronavirus: What are the British up to?", "description": "The British are taking a different approach to managing the coronavirus outbreak - or are they?", "url": "https://www.rte.ie/news/analysis-and-comment/2020/0314/1123204-britain-coronavirus/", "urlToImage": "https://img.rasset.ie/0012596e-1600.jpg", "publishedAt": "2020-03-14T07:00:00Z", "content": "The British are taking a different approach to managing the coronavirus outbreak \u2013 or are they?\r\nThey say timing is the essence of comedy. It may also be the key to understanding why different countries are taking different approaches to managing the coronavi\u2026 [+11062 chars]"}, {"source": {"id": "rte", "name": "RTE"}, "author": "James McMahon", "title": "Making sense of it all in a post-coronavirus world", "description": "Any lengthy disruption to the fixture calendar as a result of the coronavirus will no doubt result in some difficult decisions for organisers, writes James McMahon.", "url": "https://www.rte.ie/sport/gaa/2020/0314/1123281-making-sense-of-it-all-in-a-post-coronavirus-world/", "urlToImage": "https://img.rasset.ie/0013e7bf-1600.jpg", "publishedAt": "2020-03-14T16:51:58Z", "content": "We face a period of uncertainty in not knowing how long the coronavirus will impact daily living.\r\nIt's a serious situation and while sports fans will lament at the near shutdown of all activity across the globe, those educated will know that its absence is w\u2026 [+7470 chars]"}, {"source": {"id": "rte", "name": "RTE"}, "author": "RT\u00c9 Entertainment", "title": "The Coronas discuss the impact of the Coronavirus", "description": "The Irish band, The Coronas, are questioning the choice of the name of their band, and how touring with such a name is proving challenging\u00a0while the world is in the grip of the coronavirus.", "url": "https://www.rte.ie/entertainment/2020/0314/1123260-the-coronas/", "urlToImage": "https://img.rasset.ie/0013e6fd-1600.jpg", "publishedAt": "2020-03-14T14:43:32Z", "content": "The Irish band, The Coronas, are questioning the choice of the name of their band, and how touring with such a name is proving challenging\u00a0while the world is in the grip of the coronavirus.\r\nThe band have cheekily reached out to the bottled beer manufacturer \u2026 [+790 chars]"}, {"source": {"id": "rte", "name": "RTE"}, "author": "RT\u00c9 News", "title": "US extends travel ban to Ireland, UK over coronavirus", "description": "Vice President Mike Pence has announced that a travel ban imposed on European nations over the coronavirus pandemic would be extended to Ireland and the United Kingdom.", "url": "https://www.rte.ie/news/coronavirus/2020/0314/1123284-us-imposes-europe-travel-ban/", "urlToImage": "https://img.rasset.ie/0013e722-1600.jpg", "publishedAt": "2020-03-14T17:30:46Z", "content": "Vice President Mike Pence has announced that a travel ban imposed on European nations over the coronavirus pandemic would be extended to Ireland and the United Kingdom.\r\nThe ban will come into effect at 4am (Irish time) on Tuesday.\r\n\"Americans in the UK or Ir\u2026 [+4042 chars]"}]}