{"status": "ok", "totalResults": 10, "articles": [{"source": {"id": "rte", "name": "RTE"}, "author": "RT\u00c9 News", "title": "Merkel tests negative for coronavirus", "description": "Angela Merkel's initial test for coronavirus has returned a negative result, but the German leader's spokesman, Steffen Seibert, told news agency Deutsche Presse-Agentur that \"further tests will be conducted in the coming days\".", "url": "https://www.rte.ie/news/coronavirus/2020/0323/1124905-angela-merkel/", "urlToImage": "https://img.rasset.ie/0013ddf1-1600.jpg", "publishedAt": "2020-03-23T16:15:44Z", "content": "Angela Merkel's initial test for coronavirus has returned a negative result, but the German leader's spokesman, Steffen Seibert, told news agency Deutsche Presse-Agentur\u00a0that \"further tests will be conducted in the coming days\".\r\nChancellor Merkel went into q\u2026 [+949 chars]"}, {"source": {"id": "rte", "name": "RTE"}, "author": "RT\u00c9 News", "title": "Harvey Weinstein reported to have coronavirus", "description": "Disgraced Hollywood mogul Harvey Weinstein has tested positive for the novel coronavirus, US media has reported.", "url": "https://www.rte.ie/news/coronavirus/2020/0323/1124751-coronavirus-covid19-hollywood/", "urlToImage": "https://img.rasset.ie/0013b362-1600.jpg", "publishedAt": "2020-03-23T06:39:13Z", "content": "Disgraced Hollywood mogul Harvey Weinstein has tested positive for the novel coronavirus, US media has reported.\u00a0\r\nWeinstein, 68, is in prison in northern New York state after being sentenced to 23 years in jail for rape and sexual assault.\u00a0\r\nThe fallen film \u2026 [+2508 chars]"}, {"source": {"id": "rte", "name": "RTE"}, "author": "RT\u00c9 News", "title": "Indian skies clear due to coronavirus lockdown", "description": "Indians breathed easier as lockdowns ordered to combat the spread of the coronavirus in India's megacities kept cars off the road, letting people see blue skies instead of heavy grey smog.", "url": "https://www.rte.ie/news/2020/0323/1124803-india-coronavirus/", "urlToImage": "https://img.rasset.ie/0013f232-1600.jpg", "publishedAt": "2020-03-23T10:00:50Z", "content": "Indians breathed easier as lockdowns ordered to combat the spread of the coronavirus in India's megacities kept cars off the road and closed factories, improving air quality and letting people see blue skies instead of heavy grey smog.\r\nLast year, India accou\u2026 [+1887 chars]"}, {"source": {"id": "rte", "name": "RTE"}, "author": "RT\u00c9 News", "title": "Tributes to French doctor who died of coronavirus", "description": "A French doctor caring for coronavirus patients has died from the virus, health authorities said, the first such death in the country that is grappling with the mushrooming outbreak.", "url": "https://www.rte.ie/news/coronavirus/2020/0323/1124767-coronavirus-france/", "urlToImage": "https://img.rasset.ie/0013f202-1600.jpg", "publishedAt": "2020-03-23T07:35:36Z", "content": "A French doctor caring for coronavirus patients has died of the illness, health authorities said, the first such death in the country that is grappling with the mushrooming outbreak.\r\nThe 67-year-old emergency room medic worked at Compiegne hospital, north of\u2026 [+1886 chars]"}, {"source": {"id": "rte", "name": "RTE"}, "author": "Conor Kane", "title": "Increase in the number of coronavirus testing centres", "description": "Dozens of new testing centres for the coronavirus are opening around the country, many in venues usually used for social or sporting purposes.", "url": "https://www.rte.ie/news/coronavirus/2020/0323/1124832-increase-in-the-number-of-coronavirus-testing-centres/", "urlToImage": "https://img.rasset.ie/0013ec9e-1600.jpg", "publishedAt": "2020-03-23T11:57:43Z", "content": "Dozens of new testing centres for the coronavirus are opening around the country, many in venues usually used for social or sporting purposes.\r\nGAA stadiums and grounds are a common site for drive-through testing, including Croke Park, P\u00e1irc U\u00ed Chaoimh in Cor\u2026 [+2710 chars]"}, {"source": {"id": "rte", "name": "RTE"}, "author": "RT\u00c9 Sport", "title": "Mikel Arteta confirms recovery from coronavirus", "description": "Arsenal boss Mikel Arteta says he has now fully recovered from coronavirus and outlines the timeline from his diagnosis to recovery.", "url": "https://www.rte.ie/sport/soccer/2020/0323/1124846-mikel-arteta-confirms-recovery-from-coronavirus/", "urlToImage": "https://img.rasset.ie/0013c456-1600.jpg", "publishedAt": "2020-03-23T12:57:51Z", "content": "Arsenal boss Mikel Arteta says he has now fully recovered from coronavirus.\r\nThe 37-year-old tested positive for the virus 10 days ago, just before the Premier League postponed all its fixtures.\r\nPlayers and staff at Arsenal have been self-isolating since Art\u2026 [+1985 chars]"}, {"source": {"id": "rte", "name": "RTE"}, "author": "RT\u00c9 News", "title": "Ireland can't tap Apple tax fund for coronavirus fight", "description": "The Government can not use the more than \u20ac14 billion in disputed taxes it has collected from Apple pending a European court appeal to boost the economy in the fight against coronavirus, Taoiseach Leo Varadkar said today.", "url": "https://www.rte.ie/news/business/2020/0323/1124856-varadkar-on-apple-tax-money/", "urlToImage": "https://img.rasset.ie/0013e056-1600.jpg", "publishedAt": "2020-03-23T13:38:22Z", "content": "The Government can not use the more than \u20ac14 billion in disputed taxes it has collected from Apple pending a European court appeal to boost the economy in the fight against coronavirus, Taoiseach Leo Varadkar said today.\u00a0\r\nApple is one of the country's larges\u2026 [+1606 chars]"}, {"source": {"id": "rte", "name": "RTE"}, "author": "RT\u00c9 News", "title": "ITV pulls its dividend and outlook as coronavirus hits", "description": "ITV, Britain's biggest commercial free-to-air broadcaster, said today that advertisers across all categories were deferring campaigns.", "url": "https://www.rte.ie/news/business/2020/0323/1124783-itv-on-coronavirus/", "urlToImage": "https://img.rasset.ie/000be349-1600.jpg", "publishedAt": "2020-03-23T08:48:35Z", "content": "ITV, Britain's biggest commercial free-to-air broadcaster, said today that advertisers across all categories were deferring campaigns.\r\nThe rapidly changing situation meant it could no longer forecast its ad sales or yearly outcome, the company added.\r\nITV sa\u2026 [+808 chars]"}, {"source": {"id": "rte", "name": "RTE"}, "author": "RT\u00c9 News", "title": "European shares sink again as coronavirus deaths mount", "description": "European shares saw further steep falls again this morning after several countries expanded measures to curtail the spread of the coronavirus pandemic, with Italy banning even domestic travel as the number of fatalitiest here topped 5,400.", "url": "https://www.rte.ie/news/business/2020/0323/1124782-world-stock-markets/", "urlToImage": "https://img.rasset.ie/0013ebe9-1600.jpg", "publishedAt": "2020-03-23T08:41:30Z", "content": "European shares saw further steep falls again this morning after several countries expanded measures to curtail the spread of the coronavirus pandemic, with Italy banning even domestic travel as the number of fatalitiest here topped 5,400.\u00a0\r\nLondon's FTSE ind\u2026 [+935 chars]"}, {"source": {"id": "rte", "name": "RTE"}, "author": "RT\u00c9 Sport", "title": "La Liga postponed indefinitely due to coronavirus", "description": "The Spanish soccer calendar has been postponed until further notice, La Liga and the Spanish soccer federation said in a joint statement on Monday.", "url": "https://www.rte.ie/sport/soccer/2020/0323/1124829-la-liga-postponed-indefinitely-due-to-coronavirus/", "urlToImage": "https://img.rasset.ie/0013abc6-1600.jpg", "publishedAt": "2020-03-23T11:52:21Z", "content": "The Spanish soccer calendar has been postponed until further notice, La Liga and the Spanish soccer federation (RFEF) said in a joint statement on Monday.\r\nAll organised soccer in Spain had been postponed for two weeks due to the spread of the coronavirus but\u2026 [+972 chars]"}]}