{"status": "ok", "totalResults": 5, "articles": [{"source": {"id": "rte", "name": "RTE"}, "author": "Jackie Fox", "title": "Anxiety over threat of coronavirus in Africa", "description": "Africa could be devastated by Covid-19 if it spreads across the continent like the way it has in Europe, according to the deputy director for Africa with the International Committee of the Red Cross.", "url": "https://www.rte.ie/news/coronavirus/2020/0327/1126888-anxiety-over-threat-of-coronavirus-in-africa/", "urlToImage": "https://img.rasset.ie/0014030f-1600.jpg", "publishedAt": "2020-03-27T18:44:09Z", "content": "Africa could be devastated by Covid-19 if it spreads across the continent like the way it has in Europe, according to the deputy director for Africa with the International Committee of the Red Cross.\r\nPatrick Youssef told RT\u00c9\u00a0News that the humanitarian instit\u2026 [+3316 chars]"}, {"source": {"id": "rte", "name": "RTE"}, "author": "Eleanor Mannion", "title": "Coronavirus 'drive-by' party for Sligo girl's birthday", "description": "The friends of a 12-year-old girl held a surprise 'drive-by' party to celebrate her birthday.", "url": "https://www.rte.ie/news/newslens/2020/0327/1126849-coronavirus-drive-by-party-for-sligo-girls-birthday/", "urlToImage": "https://img.rasset.ie/001402aa-1600.jpg", "publishedAt": "2020-03-27T15:55:51Z", "content": "The friends of a 12-year-old girl held a surprise 'drive-by' party to celebrate her birthday.\r\nKatie Regan was unable to have a birthday party because of social distancing rules aimed at tackling the spread of coronavirus.\r\nThe birthday girl from Rathcormac i\u2026 [+780 chars]"}, {"source": {"id": "rte", "name": "RTE"}, "author": "RT\u00c9 News", "title": "Irish man helping in NYC's fight against coronavirus", "description": "Irish man Michael Dowling, the owner of Northwell Health, a major health company in New York, is helping in the US city's fight against Covid-19.", "url": "https://www.rte.ie/news/us/2020/0327/1126809-new-york-michael-dowling/", "urlToImage": "https://img.rasset.ie/00140249-1600.jpg", "publishedAt": "2020-03-27T13:34:32Z", "content": "Irish man Michael Dowling, the owner of Northwell Health, a major health company in New York, is helping in the US city's fight against Covid-19.\r\nWhen he received a call from New York Governor Andrew Cuomo, asking for help in co-ordinating the hospital respo\u2026 [+2120 chars]"}, {"source": {"id": "rte", "name": "RTE"}, "author": "RT\u00c9 News", "title": "US coronavirus cases surpass both China and Italy", "description": "The United States has taken the grim title of the country with the most coronavirus infections, as the number of officially recorded cases around the world passed the grim milestone of half a million.", "url": "https://www.rte.ie/news/coronavirus/2020/0327/1126689-united-states-coronavirus/", "urlToImage": "https://img.rasset.ie/001401ab-1600.jpg", "publishedAt": "2020-03-27T03:26:04Z", "content": "The United States has taken\u00a0the grim title of the country with the most coronavirus infections, as the number of officially recorded\u00a0cases around the world\u00a0passed the grim milestone of half a million.\r\nThe number of infections is overwhelming healthcare syste\u2026 [+5499 chars]"}, {"source": {"id": "rte", "name": "RTE"}, "author": "Philip Bromwell", "title": "New Dublin street art a response to coronavirus", "description": "A new mural has appeared in Dublin as a response to the coronavirus pandemic.", "url": "https://www.rte.ie/news/2020/0327/1126783-street-art-coronavirus/", "urlToImage": "https://img.rasset.ie/00140224-1600.jpg", "publishedAt": "2020-03-27T12:26:39Z", "content": "A new mural has appeared in Dublin as a response to the coronavirus pandemic.\r\nIt was painted\u00a0in Rathmines by artist collective SUBSET.\r\nThe group is known for works tackling a range of social issues.\r\nThe striking mural is on Richmond Hill in Rathmines\r\nThe \u2026 [+410 chars]"}]}