{"status": "ok", "totalResults": 2, "articles": [{"source": {"id": "rte", "name": "RTE"}, "author": "RT\u00c9 News", "title": "HSE expects surge in coronavirus tests", "description": "The Chief Operations Officer of the HSE has said there will be a \"significant\" surge in the number of people to be tested for Covid-19 over the coming week.", "url": "https://www.rte.ie/news/coronavirus/2020/0315/1123390-hse-coronavirus/", "urlToImage": "https://img.rasset.ie/0013d791-1600.jpg", "publishedAt": "2020-03-15T14:14:35Z", "content": "The Chief Operations Officer of the HSE has said there will be a \"significant\" surge in the number of people to be tested for Covid-19 over the coming week.\r\nSpeaking on RT\u00c9's This Week programme, Anne O'Connor said in terms of testing to date, tests have bee\u2026 [+2510 chars]"}, {"source": {"id": "rte", "name": "RTE"}, "author": "RT\u00c9 Sport", "title": "Super Rugby season suspended due to coronavirus", "description": "Super Rugby has been put on hold in the wake of New Zealand announcing that travellers entering the country must self-isolate for 14 days due to fears over the coronavirus outbreak.", "url": "https://www.rte.ie/sport/rugby/2020/0315/1123389-super-rugby-season-suspended-due-to-coronavirus/", "urlToImage": "https://img.rasset.ie/0013e798-1600.jpg", "publishedAt": "2020-03-15T14:11:24Z", "content": "Super Rugby has been put on hold in the wake of New Zealand announcing that travellers entering the country must self-isolate for 14 days due to fears over the coronavirus outbreak.\r\nSANZAAR, who run the southern hemisphere club competition, said it \"has no o\u2026 [+3015 chars]"}]}