{"status": "ok", "totalResults": 10, "articles": [{"source": {"id": "rte", "name": "RTE"}, "author": "Vincent Kearney", "title": "Foster not briefed about Republic's coronavirus plans", "description": "Northern Ireland's First Minister has said the Stormont Assembly is disappointed it was not given any prior notice of Leo Varadkar's announcement of a range of new measures to tackle Covid-19.", "url": "https://www.rte.ie/news/coronavirus/2020/0312/1121934-foster-northern-ireland-covid-19/", "urlToImage": "https://img.rasset.ie/00135619-1600.jpg", "publishedAt": "2020-03-12T18:56:25Z", "content": "Northern Ireland's First Minister has said the Stormont Assembly is disappointed it was not given any prior notice of Taoiseach Leo Varadkar's announcement of a range of new measures to tackle Covid-19.\u00a0\r\nArlene Foster was speaking after a meeting of the Stor\u2026 [+1961 chars]"}, {"source": {"id": "rte", "name": "RTE"}, "author": "Sin\u00e9ad Brennan", "title": "Coronavirus helpline sees surge in elderly callers", "description": "A helpline for older people manned by older volunteers, has seen a surge in concerned calls about the coronavirus pandemic.", "url": "https://www.rte.ie/news/2020/0312/1121913-coronavirus-helpline-sees-surge-in-elderly-callers/", "urlToImage": "https://img.rasset.ie/0013e0c8-1600.jpg", "publishedAt": "2020-03-12T17:14:54Z", "content": "A helpline for older people has seen a surge in concerned calls about the coronavirus pandemic.\r\nSenior Line - manned by older volunteers and run by the Third Age Foundation - has noted an estimated 85% increase in calls, with the coronavirus the main topic o\u2026 [+708 chars]"}, {"source": {"id": "rte", "name": "RTE"}, "author": "RT\u00c9 News", "title": "Taoiseach: 'I need to speak to you about Coronavirus'", "description": "The full text of Taoiseach Leo Varadkar's statement, as he announces that schools, colleges and childcare facilities will close until 29 of March because of Covid-19.", "url": "https://www.rte.ie/news/coronavirus/2020/0312/1121849-taoiseach-full-statement-coronavirus-ireland/", "urlToImage": "https://img.rasset.ie/0013e049-1600.jpg", "publishedAt": "2020-03-12T12:00:30Z", "content": "Taoiseach Leo Varadkar has announced that schools, colleges and childcare facilities will close until 29 of March because of Covid-19.\r\nBut he said shops are to remain open.\r\nHe said restaurants should consider how best to introduce social distancing.\r\nSpeaki\u2026 [+4892 chars]"}, {"source": {"id": "rte", "name": "RTE"}, "author": "RT\u00c9 Sport", "title": "Latest sports coronavirus updates", "description": "As the news regarding coronavirus and the sporting world changes by the hour, we'll keep you up to date with all the latest happenings here.", "url": "https://www.rte.ie/sport/other-sport/2020/0312/1121787-latest-sports-coronavirus-updates/", "urlToImage": "https://img.rasset.ie/0013df10-1600.jpg", "publishedAt": "2020-03-12T08:03:18Z", "content": "RT\u00c9.ie is the website of Raidi\u00f3 Teilif\u00eds \u00c9ireann, Ireland's National Public Service Broadcaster.RT\u00c9 is not responsible for the content of external internet sites. Images courtesy of Sportsfile and Getty Images\r\n\u00a9 RT\u00c9 2020"}, {"source": {"id": "rte", "name": "RTE"}, "author": "RT\u00c9 Sport", "title": "Three Leicester players showing symptoms of coronavirus", "description": "Three Leicester players have shown symptoms of the coronavirus and have been kept away from the squad, manager Brendan Rodgers has said.", "url": "https://www.rte.ie/sport/soccer/2020/0312/1121887-three-leicester-players-showing-symptoms-of-coronavirus/", "urlToImage": "https://img.rasset.ie/0013e08b-1600.jpg", "publishedAt": "2020-03-12T15:10:51Z", "content": "Three Leicester players have shown symptoms of the coronavirus and have been kept away from the squad, manager Brendan Rodgers has said.\r\nThe Foxes are scheduled to face Watford at Vicarage Road in the Premier League in a lunchtime kick-off on Saturday.\r\nRodg\u2026 [+832 chars]"}, {"source": {"id": "rte", "name": "RTE"}, "author": "RT\u00c9 Sport", "title": "NBA suspends season after players tests for coronavirus", "description": "The National Basketball Association is suspending the season until further notice after a Utah Jazz player tested positive for the coronavirus.", "url": "https://www.rte.ie/sport/basketball/2020/0312/1121771-nba-suspends-season-after-players-tests-for-coronavirus/", "urlToImage": "https://img.rasset.ie/0013dfe8-1600.jpg", "publishedAt": "2020-03-12T07:06:48Z", "content": "The NBA season has been suspended \"until further notice\" after an unnamed played from the Utah Jazz tested positive for coronavirus.\r\nThe NBA became the latest major sporting league to take measures to curb the spread of the virus as it called a halt to actio\u2026 [+1676 chars]"}, {"source": {"id": "rte", "name": "RTE"}, "author": "RT\u00c9 Sport", "title": "Man City player self-isolating due to coronavirus risk", "description": "Manchester City have confirmed one of their senior players is currently self-isolating due to the risk of the coronavirus.", "url": "https://www.rte.ie/sport/soccer/2020/0312/1121959-man-city-player-self-isolating-due-to-coronavirus-risk/", "urlToImage": "https://img.rasset.ie/0011c1b2-1600.jpg", "publishedAt": "2020-03-12T21:51:27Z", "content": "Manchester City have confirmed one of their senior players is currently self-isolating due to the risk of the coronavirus.\r\nThe player is taking the precaution after a family member was taken ill with symptoms of respiratory illness and is being treated in ho\u2026 [+698 chars]"}, {"source": {"id": "rte", "name": "RTE"}, "author": "RT\u00c9 News", "title": "WH Smith sees \u00a340m profit hit from coronavirus", "description": "Retailer WH Smith said the impact of coronavirus on its stores in airports, stations and the high street could hit its full-year underlying profit by between \u00a330m and \u00a340m.", "url": "https://www.rte.ie/news/business/2020/0312/1121799-wh-smith-virus-impact/", "urlToImage": "https://img.rasset.ie/00086611-1600.jpg", "publishedAt": "2020-03-12T08:43:51Z", "content": "Retailer WH Smith said the impact of coronavirus on its stores in airports, stations and the high street could hit its full-year underlying profit by between \u00a330m and \u00a340m.\u00a0\r\nThe company said today that revenue in its British airport stores was expected to be\u2026 [+263 chars]"}, {"source": {"id": "rte", "name": "RTE"}, "author": "RT\u00c9 Sport", "title": "Arsenal boss Arteta tests positive for coronavirus", "description": "Arsenal coach Mikel Arteta has tested positive for coronavirus, the Premier League club have announced.", "url": "https://www.rte.ie/sport/soccer/2020/0312/1121967-arsenal-boss-arteta-tests-positive-for-coronavirus/", "urlToImage": "https://img.rasset.ie/0013da87-1600.jpg", "publishedAt": "2020-03-12T22:25:36Z", "content": "RT\u00c9.ie is the website of Raidi\u00f3 Teilif\u00eds \u00c9ireann, Ireland's National Public Service Broadcaster.RT\u00c9 is not responsible for the content of external internet sites. Images courtesy of Sportsfile and Getty Images\r\n\u00a9 RT\u00c9 2020"}, {"source": {"id": "rte", "name": "RTE"}, "author": "Paul Reynolds", "title": "Special policing plan to deal with coronavirus outbreak", "description": "Garda\u00ed say they are increasing high visibility patrols all over the country in response to the coronavirus.", "url": "https://www.rte.ie/news/coronavirus/2020/0312/1121949-garda-coronavirus/", "urlToImage": "https://img.rasset.ie/00134c23-1600.jpg", "publishedAt": "2020-03-12T20:48:00Z", "content": "Garda\u00ed say they are increasing high visibility patrols all over the country in response to the coronavirus.\r\nThe Garda Commissioner is due to announce a special policing plan tomorrow to help deal with the crisis.\r\nAdditional garda\u00ed are to be deployed to supp\u2026 [+1736 chars]"}]}