{"status": "ok", "totalResults": 7, "articles": [{"source": {"id": "rte", "name": "RTE"}, "author": "RT\u00c9 News", "title": "Over 300,000 global coronavirus infections", "description": "Follow our live blog on the latest Covid-19 developments both at home and abroad.", "url": "https://www.rte.ie/news/coronavirus/2020/0322/1124644-coronavirus-tracker-updates/", "urlToImage": "https://img.rasset.ie/0013f168-1600.jpg", "publishedAt": "2020-03-22T09:12:10Z", "content": "RT\u00c9.ie is the website of Raidi\u00f3 Teilif\u00eds \u00c9ireann, Ireland's National Public Service Broadcaster.RT\u00c9 is not responsible for the content of external internet sites. Images courtesy of Sportsfile and Getty Images\r\n\u00a9 RT\u00c9 2020"}, {"source": {"id": "rte", "name": "RTE"}, "author": "RT\u00c9 News", "title": "First French medic dies of coronavirus", "description": "A French doctor caring for coronavirus patients has died of the illness, the first such death in the country that is grappling with the surging Covid-19 outbreak.", "url": "https://www.rte.ie/news/world/2020/0322/1124697-french-doctor-covid-death/", "urlToImage": "https://img.rasset.ie/0013f189-1600.jpg", "publishedAt": "2020-03-22T16:04:15Z", "content": "A French doctor caring for coronavirus patients has died of the illness, the first such death in the country that is grappling with the surging Covid-19\u00a0outbreak.\r\nThe 67-year-old emergency room medic worked at Compiegne hospital, north of Paris, the town's m\u2026 [+1207 chars]"}, {"source": {"id": "rte", "name": "RTE"}, "author": "RT\u00c9 News", "title": "Lockdown not enough to defeat coronavirus - WHO", "description": "Countries can not simply lockdown their societies to defeat coronavirus, the World Health Organization's top emergency expert said, adding that public health measures are needed to avoid a resurgence of the virus later on.", "url": "https://www.rte.ie/news/2020/0322/1124657-who-coronavirus/", "urlToImage": "https://img.rasset.ie/00138a95-1600.jpg", "publishedAt": "2020-03-22T11:13:36Z", "content": "Countries can not simply lockdown their societies to defeat coronavirus, the World Health Organization's top emergency expert said, adding that public health measures are needed to avoid a resurgence of the virus later on.\r\nDr Mike Ryan said: \"What we really \u2026 [+1715 chars]"}, {"source": {"id": "rte", "name": "RTE"}, "author": "RT\u00c9 Sport", "title": "Dubai World Cup postponed due to coronavirus", "description": "The Dubai World Cup, one of the world's richest horse races and a premier annual sporting event in the United Arab Emirates, will not go ahead this year amid the worsening coronavirus pandemic.", "url": "https://www.rte.ie/sport/racing/2020/0322/1124702-dubai-world-cup-postponed-due-to-coronavirus/", "urlToImage": "https://img.rasset.ie/0011d582-1600.jpg", "publishedAt": "2020-03-22T16:40:17Z", "content": "The Dubai World Cup, one of the world's richest horse races and a premier annual sporting event in the United Arab Emirates, will not go ahead this year amid the worsening coronavirus pandemic.\r\nThe 25th edition of the multi-race meet, scheduled for 28 March,\u2026 [+884 chars]"}, {"source": {"id": "rte", "name": "RTE"}, "author": "RT\u00c9 Sport", "title": "Aussie Rules suspends season due to coronavirus", "description": "The Australian Football League's attempt to forge on with the season despite the coronavirus outbreak lasted just one round before it was shut down on Sunday in the wake of a government crackdown on non-essential travel.", "url": "https://www.rte.ie/sport/other-sport/2020/0322/1124637-aussie-rules-suspends-season-due-to-coronavirus/", "urlToImage": "https://img.rasset.ie/0012c2f3-1600.jpg", "publishedAt": "2020-03-22T08:43:23Z", "content": "The Australian Football League's attempt to forge on with the season despite the coronavirus outbreak lasted just one round before it was shut down on Sunday in the wake of a government crackdown on non-essential travel.\r\nThe AFL, which runs the top flight Au\u2026 [+2521 chars]"}, {"source": {"id": "rte", "name": "RTE"}, "author": "RT\u00c9 Sport", "title": "Marouane Fellaini tests positive for coronavirus", "description": "Former Manchester United midfielder Marouane Fellaini has tested positive for coronavirus, his Chinese club Shandong Luneng have announced.", "url": "https://www.rte.ie/sport/soccer/2020/0322/1124650-marouane-fellaini-tests-positive-for-coronavirus/", "urlToImage": "https://img.rasset.ie/0011b816-1600.jpg", "publishedAt": "2020-03-22T10:17:45Z", "content": "Former Manchester United midfielder Marouane Fellaini has tested positive for coronavirus, his Chinese club Shandong Luneng have announced.\r\nChinese media is reporting that the 32-year-old is in isolation at Jinan hospital, which specialises in infectious dis\u2026 [+525 chars]"}, {"source": {"id": "rte", "name": "RTE"}, "author": "RT\u00c9 Sport", "title": "Coronavirus presents dope test hurdle for Tokyo Games", "description": "Restrictions imposed due to the coronavirus pandemic have reduced the number of doping tests to a minimum, creating another hurdle for the Tokyo Olympics to clear to go ahead on time.", "url": "https://www.rte.ie/sport/olympics/2020/0322/1124696-coronavirus-presents-dope-test-hurdle-for-tokyo-games/", "urlToImage": "https://img.rasset.ie/000cf70f-1600.jpg", "publishedAt": "2020-03-22T15:53:08Z", "content": "Restrictions imposed due to the coronavirus pandemic have reduced the number of doping tests to a minimum, creating another hurdle for the Tokyo Olympics to clear to go ahead on time.\r\nThe Games are scheduled for Tokyo from\u00a0 24 July to 9 August, but, since Fr\u2026 [+3863 chars]"}]}