{"status": "ok", "totalResults": 7, "articles": [{"source": {"id": "rte", "name": "RTE"}, "author": "RT\u00c9 News", "title": "Spain's coronavirus death toll overtakes China's", "description": "Spain's coronavirus death toll has overtaken that of China, rising to 3,434 after 738 people died over the past 24 hours.", "url": "https://www.rte.ie/news/coronavirus/2020/0325/1126275-spain-deaths/", "urlToImage": "https://img.rasset.ie/0013f175-1600.jpg", "publishedAt": "2020-03-25T11:28:40Z", "content": "Spain's coronavirus death toll has overtaken that of China, rising to 3,434 after 738 people died over the past 24 hours, the government said.\r\nAcross the world, only Italy now has a higher death toll than that of Spain. In China, where the virus emerged late\u2026 [+1443 chars]"}, {"source": {"id": "rte", "name": "RTE"}, "author": "RT\u00c9 News", "title": "China reports drop in new imported coronavirus cases", "description": "Mainland China has reported a drop in new confirmed coronavirus cases as imported infections fell and no locally transmitted infections were reported.", "url": "https://www.rte.ie/news/coronavirus/2020/0325/1126200-china-coronavirus-covid19/", "urlToImage": "https://img.rasset.ie/0013fd67-1600.jpg", "publishedAt": "2020-03-25T06:18:18Z", "content": "Mainland China has reported a drop in new confirmed coronavirus cases as imported infections fell and no locally transmitted infections were reported, including in central Hubei province, the epicentre of the outbreak in China.\r\nChina is ramping up quarantine\u2026 [+1906 chars]"}, {"source": {"id": "rte", "name": "RTE"}, "author": "RT\u00c9 News", "title": "Number of NI coronavirus deaths rises to seven", "description": "The number of deaths of patients who tested positive for Covid-19 in Northern Ireland has risen to seven.", "url": "https://www.rte.ie/news/ulster/2020/0325/1126361-northern-ireland-coronavirus/", "urlToImage": "https://img.rasset.ie/0013f391-1600.jpg", "publishedAt": "2020-03-25T15:56:09Z", "content": "The number of deaths of patients who tested positive for Covid-19 in Northern Ireland has risen to seven.\r\nIn today's daily update, the Public Health Agency said there were 37 confirmed new cases of the virus in the region following 383 tests.\r\nMeanwhile, Amn\u2026 [+1883 chars]"}, {"source": {"id": "rte", "name": "RTE"}, "author": "RT\u00c9 News", "title": "Irish Tech tackles coronavirus", "description": "Health and technology experts across Ireland are working together to tackle the spread of coronavirus.", "url": "https://www.rte.ie/news/business/2020/0325/1126217-irish-tech-tackles-coronavirus/", "urlToImage": "https://img.rasset.ie/0013f114-1600.jpg", "publishedAt": "2020-03-25T08:13:53Z", "content": "Health and technology experts across Ireland are working together to tackle the spread of coronavirus.\r\nMartin Curley, Digital Lead at the HSE, Conor McGinn of Akara, Sonia Neary, CEO of Wellola; and Eamonn Costello of Patient M Power tell the business how\u00a0th\u2026 [+48 chars]"}, {"source": {"id": "rte", "name": "RTE"}, "author": "RT\u00c9 News", "title": "Zalando says coronavirus shutdown limiting demand", "description": "German online fashion retailer Zalando said today that restrictions on public life were resulting in lower demand for its products.", "url": "https://www.rte.ie/news/business/2020/0325/1126354-zalando-seeing-reduced-demand/", "urlToImage": "https://img.rasset.ie/0010a362-1600.jpg", "publishedAt": "2020-03-25T15:11:51Z", "content": "German online fashion retailer Zalando said today that restrictions on public life were resulting in lower demand for its products.\u00a0\r\nZalando said in a statement it had not seen any major impact from the coronavirus until shutdowns were imposed in several of \u2026 [+680 chars]"}, {"source": {"id": "rte", "name": "RTE"}, "author": "RT\u00c9 Sport", "title": "Cork Racecourse set to open as coronavirus test centre", "description": "The HSE is working with Horse Racing Ireland to turn Cork Racecourse in Mallow into a testing centre for the coronavirus.", "url": "https://www.rte.ie/sport/racing/2020/0325/1126326-cork-racecourse-set-to-open-as-coronavirus-test-centre/", "urlToImage": "https://img.rasset.ie/0009b472-1600.jpg", "publishedAt": "2020-03-25T13:54:27Z", "content": "The HSE is working with Horse Racing Ireland to turn Cork Racecourse in Mallow into a testing centre for the coronavirus.\r\nThe racing calendar came to a halt as a result of Tuesday's Government announcement in relation to the suspension of all sport, and thei\u2026 [+1221 chars]"}, {"source": {"id": "rte", "name": "RTE"}, "author": "RT\u00c9 News", "title": "Coronavirus: Guide to symptoms, testing and protection", "description": "A look at the coronavirus symptoms, how you can protect yourself and the testing procedures in place in Ireland.", "url": "https://www.rte.ie/news/coronavirus/2020/0325/1126233-coronavirus-guide-to-symptoms-testing-and-protection/", "urlToImage": "https://img.rasset.ie/0013dac5-1600.jpg", "publishedAt": "2020-03-25T10:04:03Z", "content": "As things stand, there are 375,498 confirmed positive cases of Covid-19 worldwide, with more than 16,000 deaths. There have been 1,329 cases of the virus in Ireland with seven deaths.\r\nHow do I protect myself?\r\nWash your hands regularly and thoroughly through\u2026 [+2567 chars]"}]}