{"status": "ok", "totalResults": 8, "articles": [{"source": {"id": "rte", "name": "RTE"}, "author": "RT\u00c9 News", "title": "France passes 4,000 coronavirus deaths", "description": "French health authorities reported 509 new deaths from the coronavirus on Wednesday, taking the total to 4,032.", "url": "https://www.rte.ie/news/2020/0401/1127926-france-passes-4-000-coronavirus-deaths/", "urlToImage": "https://img.rasset.ie/0013f203-1600.jpg", "publishedAt": "2020-04-01T18:39:27Z", "content": "French health authorities reported 509 new deaths from the coronavirus on Wednesday, taking the total to 4,032.\r\nThere are now 24,639 people hospitalised in France with Covid-19, with 6,017 of them in intensive care, health official Jerome Salomon told report\u2026 [+1955 chars]"}, {"source": {"id": "rte", "name": "RTE"}, "author": "Juliette Gash", "title": "Coronavirus and the developing world", "description": "Countries around the world are facing their own battles with coronavirus, with differing approaches and outcomes.", "url": "https://www.rte.ie/news/coronavirus/2020/0401/1127730-coronavirus-covid19-developing-world/", "urlToImage": "https://img.rasset.ie/001409b8-1600.jpg", "publishedAt": "2020-04-01T06:25:03Z", "content": "Countries around the world are facing their own battles with coronavirus, with differing approaches and outcomes.\r\nThe World Health Organization reports that over 200 countries or territories have confirmed cases, virtually everywhere in the world, but in som\u2026 [+9205 chars]"}, {"source": {"id": "rte", "name": "RTE"}, "author": "RT\u00c9 News", "title": "Coronavirus transforms New York as US deaths top 4,000", "description": "Emergency field hospitals were set up in New York's Central Park and at the home of the US Open tennis tournament as the number of American deaths from the coronavirus pandemic surged past 4,000 - higher than the toll in China.", "url": "https://www.rte.ie/news/coronavirus/2020/0401/1127723-us-coronavirus-covid19/", "urlToImage": "https://img.rasset.ie/001409b3-1600.jpg", "publishedAt": "2020-04-01T05:41:49Z", "content": "Emergency field hospitals were set up in New York's Central Park and at the home of the US Open tennis tournament as the number of American deaths from the coronavirus pandemic surged past 4,000 -\u00a0higher than the toll in China.\r\nThe pandemic has killed more t\u2026 [+3226 chars]"}, {"source": {"id": "rte", "name": "RTE"}, "author": "RT\u00c9 News", "title": "Italy sees fewer coronavirus deaths but new cases grow", "description": "The death toll from an outbreak of coronavirus in Italy has climbed by 727 to 13,155, the Civil Protection Agency said, a significantly smaller increase than seen on Tuesday and the lowest daily tally since 26 March.", "url": "https://www.rte.ie/news/coronavirus/2020/0401/1127905-italy-sees-fewer-coronavirus-deaths-but-new-cases-grow/", "urlToImage": "https://img.rasset.ie/0013fcd7-1600.jpg", "publishedAt": "2020-04-01T16:38:08Z", "content": "The death toll from an outbreak of coronavirus in Italy has climbed by 727 to 13,155, the Civil Protection Agency said, a significantly smaller increase than seen on Tuesday and the lowest daily tally since 26 March.\r\nHowever, the number of new cases rose mor\u2026 [+818 chars]"}, {"source": {"id": "rte", "name": "RTE"}, "author": "RT\u00c9 News", "title": "European shares tumble as coronavirus damage revealed", "description": "European shares fell this morning in their first trading session of the quarter, as dismal economic data from Asia underpinned the ongoing damage from the coronavirus pandemic and fanned fears of a deep global recession.", "url": "https://www.rte.ie/news/business/2020/0401/1127753-world-markets-fall/", "urlToImage": "https://img.rasset.ie/0013bdcb-1600.jpg", "publishedAt": "2020-04-01T07:35:54Z", "content": "European shares fell this morning in their first trading session of the quarter, as dismal economic data from Asia underpinned the ongoing damage from the coronavirus pandemic and fanned fears of a deep global recession.\u00a0\r\nThe pan-European STOXX 600 index was\u2026 [+897 chars]"}, {"source": {"id": "rte", "name": "RTE"}, "author": "RT\u00c9 News", "title": "UK banks scrap dividends on coronavirus fears", "description": "The UK's top banks have said they would suspend dividend payments after pressure from the regulator, saving their capital as a buffer against expected losses from the economic fallout from the coronavirus.", "url": "https://www.rte.ie/news/business/2020/0401/1127740-uk-bank-dividends/", "urlToImage": "https://img.rasset.ie/0007c005-1600.jpg", "publishedAt": "2020-04-01T06:24:53Z", "content": "The UK's top banks have said they would suspend dividend payments after pressure from the regulator, saving their capital as a buffer against expected losses from the economic fallout from the coronavirus.\u00a0\r\nBarclays, HSBC, Lloyds Banking Group, Royal Bank of\u2026 [+2959 chars]"}, {"source": {"id": "rte", "name": "RTE"}, "author": "Colman O'Sullivan", "title": "Bike shops remain active during coronavirus shutdown", "description": "The Covid-19 pandemic was at first a boost for bike shops as some people bought bikes as an alternative to public transport or dragged out their old bike for a service as they sought to get some exercise.", "url": "https://www.rte.ie/news/ireland/2020/0327/1126833-cycling-coronavirus/", "urlToImage": "https://img.rasset.ie/00140adf-1600.jpg", "publishedAt": "2020-04-01T20:58:38Z", "content": "The Covid-19 pandemic was at first a boost for bike shops as some people bought bikes as an alternative to public transport or dragged out their old bike for a service as they sought to get some exercise.\r\nMany families have taken to their bikes as way to get\u2026 [+2358 chars]"}, {"source": {"id": "rte", "name": "RTE"}, "author": "Laura Hogan", "title": "Breakdown of coronavirus cases in Ireland", "description": "For the first time since the outbreak of Covid-19 in Ireland, health officials have provided a detailed breakdown of the people who have lost their lives.", "url": "https://www.rte.ie/news/coronavirus/2020/0401/1127725-coronavirus-covid19-ireland/", "urlToImage": "https://img.rasset.ie/0013f3e5-1600.jpg", "publishedAt": "2020-04-01T09:51:13Z", "content": "For the first time since the outbreak of Covid-19 in Ireland, health officials have provided a detailed breakdown of the people who have died.\r\nLast night, 17 additional deaths were reported; the biggest daily increase in this figure.\u00a0\r\nA total of 71 people w\u2026 [+2944 chars]"}]}