{"status": "ok", "totalResults": 4, "articles": [{"source": {"id": "rte", "name": "RTE"}, "author": "RT\u00c9 News", "title": "Graphic shows visual representation of coronavirus", "description": "A video graphic has been published showing a representation of the coronavirus that is sweeping the planet.", "url": "https://www.rte.ie/news/newslens/2020/0317/1123721-graphic/", "urlToImage": "https://img.rasset.ie/0013eadb-1600.jpg", "publishedAt": "2020-03-17T14:04:26Z", "content": "A video graphic has been published showing a representation of\u00a0the coronavirus that is sweeping the planet.\r\nSo far the virus has\u00a0infected more than 180,000 people and killed more than 7,100\u00a0worldwide, according to a Reuters tally.\r\nThe graphic was produced b\u2026 [+859 chars]"}, {"source": {"id": "rte", "name": "RTE"}, "author": "RT\u00c9 News", "title": "Aviation battles coronavirus cash crunch", "description": "Boeing and other U.S. aviation companies are seeking billions of dollars in aid as they battle to survive a plunge in demand caused by the coronavirus pandemic, while Airbus is pausing production at two sites to bolster health and safety measures.", "url": "https://www.rte.ie/news/business/2020/0317/1123678-aviation-battles-coronavirus-cash-crunch/", "urlToImage": "https://img.rasset.ie/0004e306-1600.jpg", "publishedAt": "2020-03-17T10:27:52Z", "content": "Boeing and other U.S. aviation companies are seeking billions of dollars in aid as they battle to survive a plunge in demand caused by the coronavirus pandemic, while Airbus is pausing production at two sites to bolster health and safety measures.\r\nThe rapid \u2026 [+3100 chars]"}, {"source": {"id": "rte", "name": "RTE"}, "author": "RT\u00c9 Sport", "title": "Juventus' Blaise Matuidi tests positive for coronavirus", "description": "Juventus and France midfielder Blaise Matuidi has tested positive for coronavirus.", "url": "https://www.rte.ie/sport/soccer/2020/0317/1123765-juventus-blaise-matuidi-tests-positive-for-coronavirus/", "urlToImage": "https://img.rasset.ie/0013eb10-1600.jpg", "publishedAt": "2020-03-17T18:44:00Z", "content": "Juventus and France midfielder Blaise Matuidi has tested positive for the coronavirus.\r\nA statement on the club's website read: \"Blaise Matuidi has undergone medical tests that have revealed his positivity to the Coronavirus-COVID-19.\r\n\"The player, as of Wedn\u2026 [+518 chars]"}, {"source": {"id": "rte", "name": "RTE"}, "author": "RT\u00c9 Sport", "title": "Halep donates funds to aid in fight against coronavirus", "description": "Wimbledon champion and world number two Simona Halep said she was donating money to pay for medical equipment in Romania as the country deals with the coronavirus pandemic.", "url": "https://www.rte.ie/sport/tennis/2020/0317/1123778-halep-donation/", "urlToImage": "https://img.rasset.ie/0013eb22-1600.jpg", "publishedAt": "2020-03-17T20:58:06Z", "content": "Wimbledon champion and world number two Simona Halep said she was donating money to pay for medical equipment in Romania as the country deals with the coronavirus pandemic.\r\nIn a message posted on her Facebook page, the 28-year-old said she hoped to help hosp\u2026 [+874 chars]"}]}