{"status": "ok", "totalResults": 14, "articles": [{"source": {"id": "rte", "name": "RTE"}, "author": "James Beattie", "title": "Coronavirus: Pharmacies on the frontline", "description": "As Irish pharmacies struggle to meet the demand for antibacterial hand gel, the Irish Pharmacy Union is reassuring patients that there is no need to order extra quantities of medicines.", "url": "https://www.rte.ie/news/2020/0309/1121249-coronavirus-pharmacies-on-the-frontline/", "urlToImage": "https://img.rasset.ie/0013dad9-1600.jpg", "publishedAt": "2020-03-10T07:00:00Z", "content": "As Irish pharmacies struggle to meet the demand for antibacterial hand gel, the Irish Pharmacy Union is reassuring patients that there is no need to order extra quantities of medicines.\r\nIn a statement, the IPU said: \"Doing so will disrupt existing stock leve\u2026 [+1133 chars]"}, {"source": {"id": "rte", "name": "RTE"}, "author": "RT\u00c9 News", "title": "The global spread of coronavirus", "description": "The number of people infected with coronavirus passed 110,000 across the world yesterday. Over 3,800 people have died, as the outbreak reaches more countries and causes more economic damage.", "url": "https://www.rte.ie/news/newslens/2020/0310/1121311-coronavirus-spread/", "urlToImage": "https://img.rasset.ie/0013db51-1600.jpg", "publishedAt": "2020-03-10T08:45:44Z", "content": "The number of people infected with coronavirus passed 110,000 across the world yesterday. Over\u00a03,800 people have died, as the outbreak reaches\u00a0more countries and causes\u00a0more economic damage.\r\nThe flu-like virus was first detected in the city of Wuhan late las\u2026 [+719 chars]"}, {"source": {"id": "rte", "name": "RTE"}, "author": "RT\u00c9 News", "title": "Dutch PM breaks own coronavirus handshake rule", "description": "Dutch Prime Minister Mark Rutte was caught shaking hands on television just moments after telling the country to avoid the traditional greeting to halt the spread of coronavirus.", "url": "https://www.rte.ie/news/newslens/2020/0310/1121482-dutch-pm-handshake/", "urlToImage": "https://img.rasset.ie/0013dcf6-1600.jpg", "publishedAt": "2020-03-10T19:09:19Z", "content": "Dutch Prime Minister Mark Rutte was caught shaking hands on television just moments after telling the country to avoid the traditional greeting to halt the spread of coronavirus.\r\n\"We're not allowed to do that any more. Sorry sorry!\" a laughing Mr Rutte said \u2026 [+931 chars]"}, {"source": {"id": "rte", "name": "RTE"}, "author": "RT\u00c9 News", "title": "Stay at home: Italy's coronavirus quarantine rules", "description": "Italians have been told to stay at home and avoid all non-essential travel as quarantine measures were extended to the whole country to stop the spread of the coronavirus.", "url": "https://www.rte.ie/news/coronavirus/2020/0310/1121285-italy-quarantine-rules/", "urlToImage": "https://img.rasset.ie/0013db32-1600.jpg", "publishedAt": "2020-03-10T06:42:02Z", "content": "Italians have been told to stay at home and avoid all non-essential travel as quarantine measures were extended to the whole country to stop the spread of the coronavirus.\u00a0\r\nHere are the main points of a government decree signed on Monday night that brings th\u2026 [+2112 chars]"}, {"source": {"id": "rte", "name": "RTE"}, "author": "RT\u00c9 News", "title": "Why is Italy so affected by coronavirus?", "description": "Italy has the largest number of coronavirus cases outside China, where the outbreak started. Here are some the factors that might have contributed to that.", "url": "https://www.rte.ie/news/coronavirus/2020/0310/1121368-italy-coronavirus-outbreak/", "urlToImage": "https://img.rasset.ie/0013dbff-1600.jpg", "publishedAt": "2020-03-10T12:01:28Z", "content": "Italy has the largest number of coronavirus cases outside China, where the outbreak started.\u00a0Here\u00a0are some the\u00a0factors that might have contributed to that.\u00a0\r\nHow\u00a0bad is the situation in Italy?\u00a0\r\nItaly's total number of confirmed coronavirus cases is creeping \u2026 [+3127 chars]"}, {"source": {"id": "rte", "name": "RTE"}, "author": "RT\u00c9 Brainstorm", "title": "10 reasons not to panic about the coronavirus", "description": "There are causes for optimism and reasons to think there may be ways to contain and defeat this virus", "url": "https://www.rte.ie/brainstorm/2020/0310/1121444-10-reasons-not-to-panic-about-the-coronavirus/", "urlToImage": "https://img.rasset.ie/0013dd6b-1600.jpg", "publishedAt": "2020-03-10T16:28:34Z", "content": "Opinion: There are causes for optimism and reasons to think there may be ways to contain and defeat this virus\r\nBy\u00a0Ignacio L\u00f3pez-Go\u00f1i, Universidad de Navarra\r\nRegardless of whether we classify the new coronavirus as a pandemic, it is a serious issue. In less \u2026 [+6689 chars]"}, {"source": {"id": "rte", "name": "RTE"}, "author": "RT\u00c9 News", "title": "Xi visits epicentre of coronavirus outbreak in Wuhan", "description": "Chinese President Xi Jinping arrived in Wuhan this morning for his first visit to the epicentre of the coronavirus epidemic since the crisis erupted in January.", "url": "https://www.rte.ie/news/2020/0310/1121281-coronavirus-world/", "urlToImage": "https://img.rasset.ie/001397f8-1600.jpg", "publishedAt": "2020-03-10T06:08:37Z", "content": "Chinese President Xi Jinping arrived in Wuhan this morning for his first visit to the\u00a0epicentre\u00a0of the coronavirus epidemic since the crisis erupted in January.\u00a0\r\nThe visit is seen as a\u00a0major sign that officials believe the outbreak is under control.\u00a0\r\nMr\u00a0Xi'\u2026 [+3463 chars]"}, {"source": {"id": "rte", "name": "RTE"}, "author": "RT\u00c9 News", "title": "EU leaders hold conference call on coronavirus response", "description": "EU leaders held emergency talks by videoconference today as they scrambled to coordinate a Europe-wide response to the coronavirus epidemic, which has roiled markets and put Italy on lockdown.", "url": "https://www.rte.ie/news/coronavirus/2020/0310/1121456-eu-conference-call-covid-19/", "urlToImage": "https://img.rasset.ie/0011cadd-1600.jpg", "publishedAt": "2020-03-10T17:13:26Z", "content": "EU leaders held emergency talks by videoconference today as they scrambled to coordinate a Europe-wide response to the coronavirus epidemic, which has roiled markets and put Italy on lockdown.\r\nAs some Asian nations voiced hope their outbreaks were abating, t\u2026 [+2599 chars]"}, {"source": {"id": "rte", "name": "RTE"}, "author": "RT\u00c9 Entertainment", "title": "Peter Rabbit 2 postponed due to coronavirus concerns", "description": "Peter Rabbit 2 has become the latest victim of the coronavirus as the film has been postponed in the wake of increasing concerns.", "url": "https://www.rte.ie/entertainment/2020/0310/1121432-peter-rabbit-2-postponed-due-to-coronavirus-concerns/", "urlToImage": "https://img.rasset.ie/000d7846-1600.jpg", "publishedAt": "2020-03-10T16:07:51Z", "content": "Peter Rabbit 2 has become the latest victim of the coronavirus as the film has been postponed in the wake of increasing concerns.\r\nThe sequel had been set to arrive at\u00a0European cinemas on March 27, and open in the US on April 3. Instead, Sony said the sequel \u2026 [+527 chars]"}, {"source": {"id": "rte", "name": "RTE"}, "author": "RT\u00c9 Entertainment", "title": "Katy Perry's parents avoid her over coronavirus fears", "description": "Katy Perry's parents are avoiding contact with their daughter, who is pregnant, due to fears surrounding the fast-spreading coronavirus.", "url": "https://www.rte.ie/entertainment/2020/0310/1121400-katy-perrys-parents-avoid-her-over-coronavirus-fears/", "urlToImage": "https://img.rasset.ie/0013d3f9-1600.jpg", "publishedAt": "2020-03-10T14:06:34Z", "content": "Katy Perry's parents are avoiding contact with their daughter, who is pregnant,\u00a0due to fears surrounding the fast-spreading coronavirus.\r\nThe singer is expecting her first child with her fiance, Orlando Bloom.\r\nWhen she appeared on Australian radio show Hughe\u2026 [+995 chars]"}, {"source": {"id": "rte", "name": "RTE"}, "author": "RT\u00c9 Sport", "title": "PSG restrict media access over coronavirus concerns", "description": "Media access for Paris Saint-Germain's Champions League last-16 return leg against Borussia Dortmund on Wednesday has been cut to the bare minimum over coronavirus concerns.", "url": "https://www.rte.ie/sport/soccer/2020/0310/1121321-psg-restrict-media-access-over-coronavirus-concerns/", "urlToImage": "https://img.rasset.ie/0013db6c-1600.jpg", "publishedAt": "2020-03-10T09:44:32Z", "content": "Media access for Paris Saint-Germain's Champions League last-16 return leg against Borussia Dortmund on Wednesday has been cut to the bare minimum over coronavirus concerns, the French club said.\r\nThe game at the Parc des Princes stadium will be played behind\u2026 [+652 chars]"}, {"source": {"id": "rte", "name": "RTE"}, "author": "RT\u00c9 Sport", "title": "Linfield player tests positive for coronavirus", "description": "A Linfield player has tested positive for coronavirus, the club confirmed in a statement this evening.", "url": "https://www.rte.ie/sport/soccer/2020/0310/1121472-linfield-player-tests-positive-for-coronavirus/", "urlToImage": "https://img.rasset.ie/0013dce8-1600.jpg", "publishedAt": "2020-03-10T18:40:17Z", "content": "Linfield, the reigning champions of Danske Bank Premiership, confirmed on Tuesday evening that a member of their squad had tested positive for COVID-19.\r\n\"Linfield FC can confirm that one of our players has tested positive for coronavirus,\" the league leaders\u2026 [+712 chars]"}, {"source": {"id": "rte", "name": "RTE"}, "author": "RT\u00c9 Sport", "title": "Nottingham Forest owner has contracted coronavirus", "description": "Nottingham Forest majority owner Evangelos Marinakis has taken to Instagram to announce that he has contracted coronavirus.", "url": "https://www.rte.ie/sport/soccer/2020/0310/1121399-nottingham-forest-owner-has-contracted-coronavirus/", "urlToImage": "https://img.rasset.ie/0013dc38-1600.jpg", "publishedAt": "2020-03-10T13:40:59Z", "content": "Nottingham Forest majority owner Evangelos Marinakis has announced he has contracted coronavirus.\r\nThe Greek businessman - also owner of Olympiacos, who are due to play Wolves behind closed doors in the Europa League on Thursday - attended Friday night's Sky \u2026 [+1982 chars]"}, {"source": {"id": "rte", "name": "RTE"}, "author": "RT\u00c9 Sport", "title": "Coronavirus lockdown to keep Ramsey out of Wales action", "description": "Juventus midfielder Aaron Ramsey is unlikely to play in Wales' friendlies this month due to the coronavirus lockdown in Italy.", "url": "https://www.rte.ie/sport/soccer/2020/0310/1121345-coronavirus-lockdown-to-keep-ramsey-out-of-wales-action/", "urlToImage": "https://img.rasset.ie/0013dbc2-1600.jpg", "publishedAt": "2020-03-10T11:00:28Z", "content": "Juventus midfielder Aaron Ramsey is unlikely to play in Wales' friendlies this month due to the coronavirus lockdown in Italy.\r\nThe PA news agency understands that Ramsey will not make the trip back to Wales for the home games with Austria and the United Stat\u2026 [+2054 chars]"}]}