{"status": "ok", "totalResults": 38, "articles": [{"source": {"id": "the-times-of-india", "name": "The Times of India"}, "author": "Times Of India", "title": "PM Narendra Modi endorses TOI's #MaskIndia campaign - Times of India", "description": "India News: Prime Minister Narendra Modi on Tuesday endorsed The Times of India's #MaskIndia campaign that encourages all Indian to wear simple, homemade masks to", "url": "https://timesofindia.indiatimes.com/india/pm-narendra-modi-endorses-tois-mask-india-campaign/articleshow/75025046.cms", "urlToImage": "https://static.toiimg.com/thumb/msid-75025114,width-1070,height-580,imgsize-478734,resizemode-75,overlay-toi_sw,pt-32,y_pad-40/photo.jpg", "publishedAt": "2020-04-07T14:31:49Z", "content": "Always better to take that extra precaution. Will help you and those around you.I commend the @timesofindia group https://t.co/j7ds0uVXC1\r\n\u2014 Narendra Modi (@narendramodi) 1586244440000"}, {"source": {"id": "the-times-of-india", "name": "The Times of India"}, "author": "Times Of India", "title": "A COVID-19 patient can infect 406 people in 30 days if preventive measures not in place: ICMR study - Times of India", "description": "India News: An ICMR study has found that a COVID-19 patient can infect 406 people in 30 days if preventive measures such as lockdown and social distancing are not", "url": "https://timesofindia.indiatimes.com/india/a-covid-19-patient-can-infect-406-people-in-30-days-if-preventive-measures-not-in-place-icmr-study/articleshow/75029922.cms", "urlToImage": "https://static.toiimg.com/thumb/msid-75030219,width-1070,height-580,imgsize-2193669,resizemode-75,overlay-toi_sw,pt-32,y_pad-40/photo.jpg", "publishedAt": "2020-04-07T14:28:49Z", "content": "Subscribe\r\nStart Your Daily Mornings with Times of India Newspaper!Order Now"}, {"source": {"id": null, "name": "Thenewsminute.com"}, "author": null, "title": "Ajith donates Rs 1.25 cr for COVID-19 relief to Centre, state and film industry - The News Minute", "description": "Actor Ajith on April 7 made donations to national and state relief funds set by the Central and state governments. The actor donated Rs 50 lakh each to PM CARES (Prime Minister\u2019s Citizen Assistance and Relief in Emergency Situations) Fund and Tamil Nadu Chief\u2026", "url": "https://www.thenewsminute.com/article/ajith-donates-rs-125-cr-covid-19-relief-centre-state-and-film-industry-122074", "urlToImage": "https://www.thenewsminute.com/sites/default/files/AjithBlueShirt750.jpg", "publishedAt": "2020-04-07T14:22:24Z", "content": "The actor donated Rs 50 lakh each to the two government relief funds and Rs 25 lakh to FEFSI.Actor Ajith on April 7 made donations to national and state relief funds set by the Central and state governments. The actor donated Rs 50 lakh each to PM CARES (Prim\u2026 [+1627 chars]"}, {"source": {"id": null, "name": "Hindustantimes.com"}, "author": "HT Correspondent", "title": "Purab Kohli says he, his entire family were \u2018down with Covid-19\u2019 - Hindustan Times", "description": "Actor Purab Kohli has said that according to his general physician, all four members of his family had contracted the coronavirus.", "url": "https://www.hindustantimes.com/bollywood/purab-kohli-says-he-entire-family-are-down-with-covid-19-according-to-his-doctor/story-eKNgfT5FHzH78isqdVeq3L.html", "urlToImage": "https://www.hindustantimes.com/rf/image_size_960x540/HT/p2/2020/04/07/Pictures/_f9b6a338-78cd-11ea-b578-8bb50559d90e.JPG", "publishedAt": "2020-04-07T14:08:00Z", "content": "Actor Purab Kohli in his latest Instagram post has said that he and his family were probably down with the coronavirus, given their symptoms. The actor and his wife Lucy Payton, and their two children, were all in a self-imposed quarantine for two weeks. \r\n\u201cH\u2026 [+2214 chars]"}, {"source": {"id": null, "name": "Livemint.com"}, "author": "Aparna Banerjea", "title": "Coronavirus update: Confirmed cases in India near 4,800-mark, death toll at 124. State-wise tally here - Livemint", "description": "The total number of active Covid-19 cases rose to 4,312; Maharashtra is the worst-hit with 868 cases and 48 deaths.A recent ICMR study shows that if one Covid-19 patient doesn't follow lockdown orders or practice social distancing, then the patient can infect\u2026", "url": "https://www.livemint.com/news/india/coronavirus-update-confirmed-cases-in-india-near-4-800-mark-death-toll-at-124-state-wise-tally-here-11586261588754.html", "urlToImage": "https://images.livemint.com/img/2020/04/07/600x338/2020-04-05T092847Z_1_LYNXMPEG34068_RTROPTP_3_HEALTH-CORONAVIRUS-SOUTHASIA_1586090666146_1586263976547.JPG", "publishedAt": "2020-04-07T13:49:21Z", "content": "With 368 more new cases on Tuesday, India's novel coronavirus cases rose to 4,789, according to the Union Health Ministry data. The death toll has increased to 124, while 352 patients have been discharged or recovered from the highly contagious disease. One h\u2026 [+2637 chars]"}, {"source": {"id": null, "name": "Youtube.com"}, "author": null, "title": "COVID-19 blood plasma treatment - ARIRANG NEWS", "description": "\uc911\uc99d \ucf54\ub85c\ub09819\uc5d0 \ud608\uc7a5\uce58\ub8cc \ud6a8\uacfc Two patients in the nation recovered from the virus after receiving blood plasma treatment. According to the Journal of Korean Medical Scie...", "url": "https://www.youtube.com/watch?v=R_vCJGRjD6k", "urlToImage": "https://i.ytimg.com/vi/R_vCJGRjD6k/maxresdefault.jpg", "publishedAt": "2020-04-07T13:41:09Z", "content": "19 \r\nTwo patients in the nation recovered from the virus after receiving blood plasma treatment.According to the Journal of Korean Medical Science the two seniors with pre-existing illnesses were cured using the treatment at Yonsei Severance Hospital.The proc\u2026 [+556 chars]"}, {"source": {"id": null, "name": "Moneycontrol.com"}, "author": null, "title": "SBI trims MCLR; savings account interest rate cut to 2.75% - Moneycontrol", "description": "The bank said in a release that the one-year MCLR has now comes down to 7.40 percent from the earlier 7.75 percent per annum, starting April 10, 2020.", "url": "https://www.moneycontrol.com/news/business/sbi-cuts-mclr-savings-account-interest-rate-down-to-2-75-5117411.html", "urlToImage": "https://static-news.moneycontrol.com/static-mcnews/2019/10/sbi_aug29-770x433.jpg", "publishedAt": "2020-04-07T13:00:04Z", "content": "The State Bank of India (SBI) on April 7 announced a reduction of 35 basis points in its marginal cost of funds-based lending rate (MCLR) across all tenors making home and other retail loans cheaper.\r\nThe bank also revised interest rates on savings accounts l\u2026 [+822 chars]"}, {"source": {"id": null, "name": "Hindustantimes.com"}, "author": "HT Correspondent", "title": "Two Indians in Michael Clarke\u2019s list of seven greatest batsmen he has played with or against - Hindustan Times", "description": "Michael Clarke, who appeared on Big Sports Breakfast, named seven greatest batsmen he played along side and only one Australian appears in that list.", "url": "https://www.hindustantimes.com/cricket/two-indians-in-michael-clarke-s-list-of-seven-greatest-batsmen-he-has-played-with/story-mELUzUGd0ywjTQURVZ2KpM.html", "urlToImage": "https://www.hindustantimes.com/rf/image_size_960x540/HT/p2/2020/04/07/Pictures/michael-clarke_1b250e2e-78c9-11ea-9ef9-f1be7341055a.jpg", "publishedAt": "2020-04-07T13:00:00Z", "content": "Former Australian captain Michael Clarke has bit the bullet. Well, when you have been at the top of international cricket, having captained your team to a World Cup win and scored a plethora of international runs, it ain\u2019t always easy to pick the names of the\u2026 [+2608 chars]"}, {"source": {"id": null, "name": "Bloombergquint.com"}, "author": "Corinne Gretler", "title": "WHO\u2019s Rigid Mask Stance Contrasts With Countries\u2019 Advice - BloombergQuint", "description": "WHO\u2019s Rigid Mask Stance Contrasts With Countries\u2019 Advice", "url": "https://www.bloombergquint.com/onweb/who-s-rigid-mask-stance-contrasts-with-countries-advice", "urlToImage": "https://images.assettype.com/bloombergquint%2F2018-08%2F3a8e2237-2edb-4494-bcf2-231993fb6108%2FBLOOMBERG_LOGO.png?rect=0%2C56%2C1920%2C1008&w=1200&auto=format%2Ccompress&ogImage=true", "publishedAt": "2020-04-07T12:56:57Z", "content": ""}, {"source": {"id": null, "name": "Livemint.com"}, "author": "Staff Writer", "title": "Covid-19: Govt may extend lockdown as multiple states and experts are requesting - Livemint", "description": "Telangana CM on Monday said 'lockdown is the only weapon we have to control the spread of this disease'.Modi has been asking countrymen to be ready for a long battle against the coronavirus pandemic, and exhorted people to not feel tired or defeated", "url": "https://www.livemint.com/news/india/government-thinking-of-extending-covid-19-lockdown-11586254193405.html", "urlToImage": "https://images.livemint.com/img/2020/04/07/600x338/20200407060L_1586254450468_1586254466876.jpg", "publishedAt": "2020-04-07T12:26:37Z", "content": "NEW DELHI :\r\nFollowing requests from several state governments and experts, the central government is now planning whether the 21-day nationwide lockdown that is scheduled to end on 14 April, Hindustan Times reported quoting government sources. Many state gov\u2026 [+3892 chars]"}, {"source": {"id": null, "name": "Firstpost.com"}, "author": null, "title": "Tussle over Hydroxychloroquine puts India's neighbourhood first policy at odds with efforts to appease Trump - Firstpost", "description": "On Tuesday, India lifted an export ban on 24 active pharmaceutical ingredients, believed to be critical in the battle against coronavirus", "url": "https://www.firstpost.com/india/coronavirus-outbreak-indias-neighbourhood-first-policy-on-collision-course-with-its-efforts-to-appease-donald-trump-8235151.html", "urlToImage": "https://images.firstpost.com/wp-content/uploads/2020/02/Modi-Trump_1280_PTI.jpg", "publishedAt": "2020-04-07T12:26:19Z", "content": "Imagine being one among the people in attendance at Ahmedabad's Sardar Vallabhbhai Patel Stadium on 24 February for the 'Namaste Trump' event. In doing so, imagine having braved the heat, dust and numerous security checks for the opportunity to hear Donald Tr\u2026 [+9267 chars]"}, {"source": {"id": null, "name": "Ndtv.com"}, "author": null, "title": "WhatsApp Red Ticks Mean Action Against You? Government's Fact Check - NDTV News", "description": "While many across the country are trying to make the most of their downtime during the ongoing nationwide lockdown, there are those who are using the opportunity to spread misinformation.", "url": "https://www.ndtv.com/india-news/whatsapp-red-ticks-mean-action-against-you-governments-fact-check-2207753", "urlToImage": "https://c.ndtvimg.com/2019-02/7mc4ch9o_whatsapp-department-of-telecom-_625x300_25_February_19.jpg", "publishedAt": "2020-04-07T12:21:55Z", "content": "The government has stepped up efforts to counter misinformation during the ongoing coronavirus crisis\r\nNew Delhi: While many across the country are trying to make the most of their downtime during the ongoing nationwide lockdown, there are those who are using\u2026 [+1990 chars]"}, {"source": {"id": "the-verge", "name": "The Verge"}, "author": "Dieter Bohn", "title": "The OnePlus 8 Pro will have super fast, 30W wireless charging - The Verge", "description": "For the first time, a OnePlus phone is getting wireless charging. The OnePlus 8 Pro will launch April 14th. CEO Pete Lau say the system can fill up 50 percent of the battery in 30 minutes.", "url": "https://www.theverge.com/2020/4/7/21211422/oneplus-8-pro-wireless-charging-30w-fast-pete-lau", "urlToImage": "https://cdn.vox-cdn.com/thumbor/g81TLuZSXlNFk4_8Cxu0MfUAnqA=/0x31:660x377/fit-in/1200x630/cdn.vox-cdn.com/uploads/chorus_asset/file/19864590/OnePlus_8_Pro_1585743369_0_12.png", "publishedAt": "2020-04-07T12:11:59Z", "content": "It can fill up 50 percent of the battery in 30 minutes\r\nImage: WinFuture\r\nIn an interview last week, OnePlus CEO Pete Lau told me that his next so-called ultraflagship phone which we all know will be the OnePlus 8 Pro will indeed support wireless charging. It\u2026 [+4658 chars]"}, {"source": {"id": "al-jazeera-english", "name": "Al Jazeera English"}, "author": "Akash Bisht", "title": "How Tablighi Jamaat event became India's worst coronavirus vector - Al Jazeera English", "description": "With nearly a third of cases linked to its New Delhi gathering, Muslim missionary movement comes under intense scrutiny.", "url": "https://www.aljazeera.com/news/2020/04/tablighi-jamaat-event-india-worst-coronavirus-vector-200407052957511.html", "urlToImage": "https://www.aljazeera.com/mritems/Images/2020/4/7/60c66b84ff3b48b69870d55e4112433a_18.jpg", "publishedAt": "2020-04-07T12:07:09Z", "content": "New Delhi, India - On any given day, the headquarters of Muslim missionary movement, the Tablighi Jamaat, in the narrow lanes of capital New Delhi's Nizamuddin area, is full of activity, with hundreds of worshippers streaming in and out of the five-storey bui\u2026 [+9681 chars]"}, {"source": {"id": "the-times-of-india", "name": "The Times of India"}, "author": "Rahul Oberoi", "title": "Sensex rallies 2,500 points to top 30,000: Will the rally sustain? - Economic Times", "description": "Investor wealth rose by Rs 8 lakh cr as market cap of BSE-listed firms increased to Rs 116 lakh cr.", "url": "https://economictimes.indiatimes.com/markets/stocks/news/sensex-rallies-2500-points-to-top-30000-will-the-rally-sustain/articleshow/75027800.cms", "urlToImage": "https://img.etimg.com/thumb/msid-75027780,width-1070,height-580,imgsize-746133,overlay-etmarkets/photo.jpg", "publishedAt": "2020-04-07T11:58:00Z", "content": "Equity benchmarks Sensex and Nifty rallied nearly 9 per cent in Tuesday\u2019s trade, following positive global cues and hope of some easing in the 21-day nationwide lockdown next week.\r\nHowever, market experts believe the rally is unlikely to sustain as uncertain\u2026 [+2112 chars]"}, {"source": {"id": "the-times-of-india", "name": "The Times of India"}, "author": "Reuters", "title": "UK PM Boris Johnson in intensive care, needed oxygen after coronavirus symptoms worsened - Economic Times", "description": "Johnson's personal battle with the virus has shaken the British government just as the United Kingdom enters what scientists say is likely to be one of the most deadly weeks of the pandemic, which has killed 70,000 people worldwide.", "url": "https://economictimes.indiatimes.com/news/international/world-news/uk-pm-boris-johnson-in-intensive-care-needed-oxygen-after-coronavirus-symptoms-worsened/articleshow/75019089.cms", "urlToImage": "https://img.etimg.com/thumb/msid-75019093,width-1070,height-580,imgsize-95950,overlay-economictimes/photo.jpg", "publishedAt": "2020-04-07T11:34:00Z", "content": "LONDON: British PM Boris Johnson was in intensive care on Tuesday after receiving oxygen support when his coronavirus symptoms worsened, leaving his foreign minister to lead the government's response to the accelerating outbreak.\r\nBoris Johnson's personal bat\u2026 [+4550 chars]"}, {"source": {"id": null, "name": "Indiatoday.in"}, "author": null, "title": "Extraction trailer out: Chris Hemsworth rescues drug lord's kidnapped son in new action thriller - India Today", "description": "The trailer of Chris Hemsworth's new film Extraction is out. The film also stars Indian actors like Pankaj Tripathi, Randeep Hooda and Rudhraksh Jaiswal.", "url": "https://www.indiatoday.in/binge-watch/story/extraction-trailer-out-chris-hemsworth-rescues-drug-lord-s-kidnapped-son-in-new-action-thriller-1664323-2020-04-07", "urlToImage": "https://akm-img-a-in.tosshub.com/indiatoday/images/story/202004/extraction-647x363.jpeg?BAhthJ1bUUEBu3ElKEG56Wi0vZ82WF9r", "publishedAt": "2020-04-07T11:24:23Z", "content": "The trailer of Chris Hemsworth's Netflix film Extraction is out. The actor is seen rescuing the son of a drug lord in the new action-thriller set in India and Bangladesh.\r\nDirected by Sam Hargrave, Extraction is about weapon dealers and drug traffickers. The \u2026 [+1480 chars]"}, {"source": {"id": null, "name": "Firstpost.com"}, "author": null, "title": "Collision with Earth-sized object behind unique axis of Uranus reveals study - Firstpost", "description": "Uranus has 27 moons, most of which have icy surfaces and like like Earth\u2019s, may have been formed by a collision with a massive object.", "url": "https://www.firstpost.com/tech/science/collision-earth-sized-object-behind-unique-axis-uranus-reveals-study-8236661.html", "urlToImage": "https://images.firstpost.com/wp-content/uploads/2020/04/1280px-Uranus_Montage-1.jpg", "publishedAt": "2020-04-07T11:22:51Z", "content": "FP TrendingApr 07, 2020 16:42:21 IST\r\nA recent study has revealed the reason behind the unique axis of the planet Uranus. Astronomers who carried out the research have said that Uranus might have been hit by an icy Earth-sized object.\r\nPublished in the journa\u2026 [+1699 chars]"}, {"source": {"id": null, "name": "Moneycontrol.com"}, "author": null, "title": "Coronavirus pandemic | Donald Trump announces 3M deal for millions of masks - Moneycontrol", "description": "We're going to be getting over the next couple of months 166.5 million masks for our frontline healthcare workers, so the 3M saga ends very happily, says Trump", "url": "https://www.moneycontrol.com/news/world/coronavirus-pandemic-donald-trump-announces-3m-deal-for-millions-of-masks-5114601.html", "urlToImage": "https://static-news.moneycontrol.com/static-mcnews/2020/01/Donald-Trump-770x433.png", "publishedAt": "2020-04-07T11:00:02Z", "content": "President Donald Trump on Monday announced a deal with US manufacturing giant 3M to provide millions of facemasks to combat the coronavirus pandemic after a dispute over foreign distribution. \"We have reached a very amicable agreement with 3M for the delivery\u2026 [+1251 chars]"}, {"source": {"id": null, "name": "Livemint.com"}, "author": "Staff Writer", "title": "RBI eases overdraft facility norms for states facing cash crunch - Livemint", "description": "The revised rules will come into force with immediate effect.And will remain valid till September 30, 2020, RBI said.", "url": "https://www.livemint.com/news/india/rbi-eases-overdraft-facility-norms-for-states-facing-cash-crunch-11586251517155.html", "urlToImage": "https://images.livemint.com/img/2020/04/07/600x338/rbi2-ka8D--621x414@LiveMint_1586251779836.jpg", "publishedAt": "2020-04-07T09:32:47Z", "content": "The Reserve Bank of India has provided greater flexibility to states and union territories by easing some rules for availing overdraft facilities. This arrangement will come into force with immediate effect and will remain valid till September 30, 2020.As a t\u2026 [+509 chars]"}, {"source": {"id": null, "name": "Deccanherald.com"}, "author": "PTI", "title": "COVID-19 lockdowns didn't make Earth shake less, but improved quake detection: scientists - Deccan Herald", "description": "The protective self-quarantine and lockdown measures around the world due to COVID-19 scare have reduced the human-caused seismic noise, as a result of which earthquakes of smaller magnitudes can be detected with more accuracy and specificity, say scientists,\u2026", "url": "https://www.deccanherald.com/science-and-environment/covid-19-lockdowns-didnt-make-earth-shake-less-but-improved-quake-detection-scientists-822367.html", "urlToImage": "https://www.deccanherald.com/sites/dh/files/article_images/2020/04/07/PTI28-03-2020_000125A-1586250324.jpg", "publishedAt": "2020-04-07T09:05:24Z", "content": "The protective self-quarantine and lockdown measures around the world due to COVID-19 scare have reduced the human-caused seismic noise, as a result of which earthquakes of smaller magnitudes can be detected with more accuracy and specificity, say scientists,\u2026 [+3981 chars]"}, {"source": {"id": "the-hindu", "name": "The Hindu"}, "author": "Special Correspondent", "title": "To fight COVID-19, Sonia offers five suggestions to govt - The Hindu", "description": "Scrap \u20b920,000-cr. for Central Vista project, ban govt advertisements to media and put on hold all official foreign trips, she says.", "url": "https://www.thehindu.com/news/national/to-fight-covid-19-sonia-offers-5-suggestions-to-govt/article31278193.ece", "urlToImage": "https://www.thehindu.com/news/national/other-states/i37gqy/article31024757.ece/ALTERNATES/LANDSCAPE_615/SONIAGANDHI", "publishedAt": "2020-04-07T09:04:58Z", "content": "In the wake of the COVID-19 outbreak, Congress president Sonia Gandhi on Tuesday wrote to Prime Minister Narendra Modi, offering five suggestions to cut government expenditure, including scrapping the 20,000-crore for the Central Vista project, bannning gover\u2026 [+2690 chars]"}, {"source": {"id": null, "name": "Hindustantimes.com"}, "author": "Agence France-Presse", "title": "Japan to declare state of emergency over coronavirus - Hindustan Times", "description": "Prime Minister Shinzo Abe  announced the plan a day earlier, citing \u201crapid increases of new covid-19 infections, particularly in urban areas like Tokyo and Osaka\u201d.", "url": "https://www.hindustantimes.com/world-news/japan-to-declare-state-of-emergency-over-coronavirus/story-OU3tKjbU0elIggjTXacjtM.html", "urlToImage": "https://www.hindustantimes.com/rf/image_size_960x540/HT/p2/2020/04/07/Pictures/virus-outbreak-japan_0ef893e0-7898-11ea-9ef9-f1be7341055a.jpg", "publishedAt": "2020-04-07T09:01:00Z", "content": "Japan\u2019s Prime Minister Shinzo Abe will on Tuesday declare a state of emergency in parts of the country, including Tokyo, over a spike in coronavirus infections.\r\n\u201cI have decided that a situation gravely affecting people\u2019s life and the economy has occurred. Th\u2026 [+2631 chars]"}, {"source": {"id": null, "name": "Deccanherald.com"}, "author": "PTI", "title": "Decoded: What makes Saturn's atmosphere hot - Deccan Herald", "description": "The outer layer of Saturn, Jupiter, Neptune and Uranus, are hot just like the Earth's likely due to electric current at the planets' poles, according to a study, which is the most complete mapping yet of both temperature and density of a gas giant's upper atm\u2026", "url": "https://www.deccanherald.com/science-and-environment/decoded-what-makes-saturns-atmosphere-hot-822357.html", "urlToImage": "https://www.deccanherald.com/sites/dh/files/article_images/2020/04/07/iStock-1065829230-1586247985.jpg", "publishedAt": "2020-04-07T08:26:25Z", "content": "The outer layer of Saturn, Jupiter, Neptune and Uranus, are hot just like the Earth's likely due to electric current at the planets' poles, according to a study, which is the most complete mapping yet of both temperature and density of a gas giant's upper atm\u2026 [+2819 chars]"}, {"source": {"id": null, "name": "Ndtv.com"}, "author": null, "title": "How Suhana Khan Is Carrying On With Belly Dance Lessons During Lockdown - NDTV News", "description": "Suhana, who studies film and loves acting, is also a fan of belly dancing.", "url": "https://www.ndtv.com/entertainment/how-suhana-khan-is-carrying-on-with-belly-dance-lessons-during-lockdown-2207550", "urlToImage": "https://c.ndtvimg.com/2020-04/dlsad4uo_suhana-instagram_625x300_07_April_20.jpg", "publishedAt": "2020-04-07T08:26:08Z", "content": "Suhana Khan shared this photo (courtesy sanjanamuthreja)\r\nHighlights\r\n<ul><li>Suhana is taking belly dancing lessons on Skype\r\n</li><li>Her instructor shared a screenshot\r\n</li><li>\"Challenging ourselves with rolls,\" she said</li></ul>\r\nNew Delhi: Shah Rukh K\u2026 [+1652 chars]"}, {"source": {"id": null, "name": "Moneycontrol.com"}, "author": null, "title": "Super Pink Moon 2020: Amid coronavirus lockdown, Indians to witness supermoon on April 7 - Moneycontrol", "description": "It will be a spectacular sight to witness as it will be the brightest and the biggest full moon of 2020", "url": "https://www.moneycontrol.com/news/india/super-pink-moon-2020-amid-coronavirus-lockdown-indians-to-witness-supermoon-on-april-7-5115401.html", "urlToImage": "https://static-news.moneycontrol.com/static-mcnews/2020/04/supermoonsuper-pink-moon-770x433.jpg", "publishedAt": "2020-04-07T07:54:51Z", "content": "Amid the 21-day lockdown invoked to control the spread of the novel coronavirus, stargazers can witness the Super Pink Moon on April 7 from their homes.\r\nThe supermoon, which will be a little larger than the usual full moon, will start showing up in the India\u2026 [+1130 chars]"}, {"source": {"id": null, "name": "Moneycontrol.com"}, "author": null, "title": "RBI asks banks to offer 3-month moratorium as default with option to opt out: Report - Moneycontrol", "description": "RBI says moratorium facility should be extended to all unless a borrower chooses to opt out of it", "url": "https://www.moneycontrol.com/news/business/economy/rbi-asks-banks-to-make-3-month-moratorium-default-option-with-opt-out-facility-report-5114721.html", "urlToImage": "https://static-news.moneycontrol.com/static-mcnews/2019/06/RESERVE-bank-of-India-770x433.jpg", "publishedAt": "2020-04-07T07:40:37Z", "content": "The Reserve Bank of India (RBI) has told banks and non-banking financial companies (NBFCs) that all borrowers should get the three-month moratorium and can opt-out if they choose, the Economic Times reported.\r\nBanks had chosen to either make the moratorium a \u2026 [+943 chars]"}, {"source": {"id": null, "name": "Sportingnews.com"}, "author": "Sporting News", "title": "Klopp explains \u2018difficult\u2019 Coutinho call as Liverpool reluctantly sanctioned Barcelona sale - Goal India", "description": "Paris Saint-Germain superstar Neymar said he was deeply affected by the death of Los Angeles Lakers great Kobe Bryant.", "url": "https://www.sportingnews.com/ca/soccer", "urlToImage": "https://images.daznservices.com/di/library/sporting_news/a4/8/sportingnews_blid1xj976d41uqjx0jd6x52p.png", "publishedAt": "2020-04-07T07:05:00Z", "content": "More"}, {"source": {"id": null, "name": "Hindustantimes.com"}, "author": "Utpal Parashar", "title": "Covid-19 update: \u2018Report yourselves or face legal action\u2019, Assam tells Tablighi Jamaat attendees - Hindustan Times", "description": "Except for one case from Guwahati, all other 25 Covid-19 cases detected in the state till date were those with links to the Tablighi Jamaat congregation.", "url": "https://www.hindustantimes.com/india-news/covid-19-update-report-yourselves-or-face-legal-action-assam-tells-tablighi-jamaat-attendees/story-mknqfKI1y0jlIpukvaQ6aN.html", "urlToImage": "https://www.hindustantimes.com/rf/image_size_960x540/HT/p2/2020/04/07/Pictures/delhi-lockdown-covid-19-day-7_8f78cfae-7892-11ea-9ef9-f1be7341055a.jpg", "publishedAt": "2020-04-07T06:15:00Z", "content": "The Assam government has said it will lodge cases against those from the state who attended the Tablighi Jamaat\u2019s religious gatherings in Delhi last month but are yet to report themselves to the authorities.\r\nHealth minister Himanta Biswa Sarma said on Monday\u2026 [+2020 chars]"}, {"source": {"id": null, "name": "Livemint.com"}, "author": "IANS", "title": "Facebook asks for users' data to generate COVID-19 'heat maps' - Livemint", "description": "Some people will see a link at the top of News Feed to an optional, off-Facebook survey to help health researchers better monitor and forecast the spread of COVID-19.Facebook said the Carnegie Mellon researchers will not share individual survey responses with\u2026", "url": "https://www.livemint.com/news/india/facebook-asks-for-users-data-to-generate-covid-19-heat-maps-11586236164682.html", "urlToImage": "https://images.livemint.com/img/2020/04/07/600x338/2019-12-02T174920Z_467783753_RC25ND9X2N0L_RTRMADP_3_EU-FACEBOOK_1575316477461_1586236455637.JPG", "publishedAt": "2020-04-07T05:17:15Z", "content": "SAN FRANCISCO :\r\nFacebook is asking users in the US to participate in a voluntary survey from Carnegie Mellon University to help health researchers generate new insights on how to respond to the crisis, including \"heat maps\" of self-reported symptoms.Some peo\u2026 [+1432 chars]"}, {"source": {"id": null, "name": "Ndtv.com"}, "author": null, "title": "\"Idiot\" New Zealand Minister Demoted, Drove Family To Beach in Lockdown - NDTV News", "description": "New Zealand's health minister has been demoted and a star rugby player condemned for breaching strict nationwide lockdown rules aimed at eradicating the coronavirus.", "url": "https://www.ndtv.com/world-news/idiot-new-zealand-minister-david-clark-demoted-drove-family-to-beach-in-lockdown-2207374", "urlToImage": "https://c.ndtvimg.com/2020-04/cku513lo_davidclark650x400_625x300_07_April_20.jpg", "publishedAt": "2020-04-07T04:44:08Z", "content": "David Clark was demoted and stripped of his role as associate finance minister\r\nNew Zealand's health minister has been demoted and a star rugby player condemned for breaching strict nationwide lockdown rules aimed at eradicating the coronavirus.\r\nJust days af\u2026 [+1502 chars]"}, {"source": {"id": null, "name": "Moneycontrol.com"}, "author": null, "title": "Apple iPhone 9 spotted on Chinese e-tailer website before official launch - Moneycontrol", "description": "Interestingly, the website references the upcoming smartphone as iPhone 9 and not iPhone SE 2020 or iPhone SE 2 as rumoured in the past.", "url": "https://www.moneycontrol.com/news/technology/apple-iphone-9-spotted-on-chinese-e-tailer-website-before-official-launch-5114351.html", "urlToImage": "https://static-news.moneycontrol.com/static-mcnews/2019/04/iphone-8-770x433.jpg", "publishedAt": "2020-04-07T04:02:57Z", "content": "Apples much-rumoured low-cost iPhone SE 2020, aka iPhone 9, has been reportedly spotted on a Chinese e-tailer website before its rumoured launch on April 15.\r\nOne of Chinas first online retailer, JD.com, has put up a placeholder page for the affordable iPhone\u2026 [+1672 chars]"}, {"source": {"id": null, "name": "Sportingnews.com"}, "author": "Sporting News", "title": "Bribes used to secure FIFA 2018 & 2022 World Cup rights, U.S. Dept. of Justice indictment claims - Goal India", "description": "Paris Saint-Germain superstar Neymar said he was deeply affected by the death of Los Angeles Lakers great Kobe Bryant.", "url": "https://www.sportingnews.com/ca/soccer", "urlToImage": "https://images.daznservices.com/di/library/sporting_news/a4/8/sportingnews_blid1xj976d41uqjx0jd6x52p.png", "publishedAt": "2020-04-06T22:45:26Z", "content": "More"}, {"source": {"id": null, "name": "Gizchina.com"}, "author": null, "title": "Redmi K20 Pro screen refresh rate bumped to 75Hz via software - Gizchina.com", "description": "A chinese user managed to root his Redmi K20 Pro and enable a 75Hz refresh rate mode for the display. The solution is also available for global units.", "url": "https://www.gizchina.com/2020/04/06/redmi-k20-pro-screen-refresh-rate-bumped-to-75hz-via-software/", "urlToImage": "https://www.gizchina.com/wp-content/uploads/images/2020/04/20190529090122_1200_675_-_redmi_k20.jpg", "publishedAt": "2020-04-06T22:07:30Z", "content": "Back in 2017, the first Razer Phone came to start a trend among modern devices. Although it saw as a niche smartphone, it came with the innovative idea of equipping a mobile device with a high refresh rate display. The Razer Phone could easily walk between th\u2026 [+1578 chars]"}, {"source": {"id": null, "name": "Hindustantimes.com"}, "author": "Press Trust of India", "title": "India between Stage 2 and 3 of Covid-19 pandemic: Health Ministry - Hindustan Times", "description": "In Stage 2, disease transmission is limited to those with travel history to affected countries or those in contact with the infected persons.", "url": "https://www.hindustantimes.com/india-news/india-between-stage-2-and-3-of-covid-19-pandemic-health-ministry/story-49drkMu0rpUrLo1eM3bi0I.html", "urlToImage": "https://www.hindustantimes.com/rf/image_size_960x540/HT/p2/2020/04/06/Pictures/coronavirus-medics-check-patients_d4237f00-7829-11ea-9ef9-f1be7341055a.jpg", "publishedAt": "2020-04-06T17:14:39Z", "content": "India is between Stage 2 and 3 of coronavirus pandemic with large number of cases being found in particular areas, the Union Health Ministry said on Monday concurring with the AIIMS Director\u2019s remarks that localised community transmission is being observed in\u2026 [+2120 chars]"}, {"source": {"id": null, "name": "News18.com"}, "author": "IANS", "title": "Over 25,000 Tablighi Attendees Quarantined, 1,445 COVID-19 Positive Cases From Congregation: Govt - News18", "description": "A Ministry of Home Affairs official said 25,500 local members of the Tablighi Jamaat and their contacts have been quarantined. Five villages in Haryana where foreign nationals, who were connected with Tablighi Jamaat, lived, have been sealed and quarantined.", "url": "https://www.news18.com/news/india/over-25000-tablighi-attendees-quarantined-1445-covid-19-positive-cases-from-congregation-govt-2566797.html", "urlToImage": "https://images.news18.com/ibnlive/uploads/2020/04/Nizamuddin-Crisis-Tablighi-Quarantines-Attendees-12.jpg", "publishedAt": "2020-04-06T12:41:34Z", "content": "New Delhi: Out of the 4,067 confirmed coronavirus cases in the country, 1,445 have been epidemiologically linked to Tablighi Jamaat congregation at Nizamuddin, while 693 positive cases have been reported in the past 24 hours, the Union Health Ministry said on\u2026 [+1415 chars]"}, {"source": {"id": null, "name": "Hindustantimes.com"}, "author": "HT Correspondent", "title": "Favourite cricketer, best captain, best ODI opener: Hanuma Vihari names his choices - Hindustan Times", "description": "In his short career so far, Vihari has scored 552 runs in nine matches at an average of 36.80 and this includes a century against West Indies.", "url": "https://www.hindustantimes.com/cricket/favourite-cricketer-best-captain-best-odi-opener-hanuma-vihari-names-his-choices/story-oX9AM5DCagqwENtU9cgsUK.html", "urlToImage": "https://www.hindustantimes.com/rf/image_size_960x540/HT/p2/2020/04/06/Pictures/second-test-cricket-match_ca218b9a-77c1-11ea-b578-8bb50559d90e.jpg", "publishedAt": "2020-04-06T05:02:00Z", "content": "Indian batsman Hanuma Vihari has picked Indian batting maestro Sachin Tendulkar as his favourite crickeer of all time. He took to Twitter to answer questions from fans in a Q&amp;A session where he responded to queries such as his favourite ODI opener, his fa\u2026 [+1739 chars]"}, {"source": {"id": null, "name": "Abc7chicago.com"}, "author": null, "title": "LA doctor seeing success with hydroxychloroquine to treat COVID-19 - WLS-TV", "description": "A Los Angeles doctor said he is seeing significant success in prescribing the malaria drug hydroxychloroquine in combination with zinc to treat patients with severe symptoms of COVID-19.", "url": "https://abc7chicago.com/coronavirus-drug-covid-19-malaria-hydroxychloroquine/6079864/", "urlToImage": "https://cdn.abcotvs.com/dip/images/6079912_040520-kabc-skype-cardillo-short-vid.jpg?w=1600", "publishedAt": "2020-04-06T03:31:45Z", "content": "LOS ANGELES -- A Los Angeles doctor said he is seeing significant success in prescribing the malaria drug hydroxychloroquine in combination with zinc to treat patients with severe symptoms of COVID-19.Hydroxychloroquine has been touted as a possible treatment\u2026 [+2889 chars]"}]}