{"status": "ok", "totalResults": 15, "articles": [{"source": {"id": "rte", "name": "RTE"}, "author": "Jackie Fox", "title": "What China did to tackle Covid-19", "description": "", "url": "https://www.rte.ie/news/coronavirus/2020/0319/1124074-china/", "urlToImage": "https://img.rasset.ie/0013ed4e-1600.jpg", "publishedAt": "2020-03-19T08:12:57Z", "content": "One day in February, there were over 15,000 new confirmed cases of Covid-19 in China.\r\nToday, China reported no new local infections. A country of 1.4 billion people has seemingly got this viral outbreak under control while the epicentre of the virus shifts t\u2026 [+6775 chars]"}, {"source": {"id": "rte", "name": "RTE"}, "author": "RT\u00c9 News", "title": "Michel Barnier tests positive for Covid-19", "description": "Michel Barnier, the European Union's chief Brexit negotiator, has tested positive for Covid-19.", "url": "https://www.rte.ie/news/2020/0319/1124103-michel-barnier-tests-positive-for-covid-19/", "urlToImage": "https://img.rasset.ie/0013d34b-1600.jpg", "publishedAt": "2020-03-19T10:36:32Z", "content": "Michel Barnier, the European Union's chief Brexit negotiator, has tested positive for Covid-19.\u00a0\r\nThe 69-year-old tweeted that he was \"doing well and in good spirits\" following the diagnosis.\u00a0\r\nHe said: \"I would like to inform you that I have tested positive \u2026 [+219 chars]"}, {"source": {"id": "rte", "name": "RTE"}, "author": "RT\u00c9 News", "title": "Third death as 191 new Covid-19 cases reported", "description": "There have been 191 new cases of Covid-19 confirmed in Ireland, bringing the total in the country to 557, the Department of Health has said.", "url": "https://www.rte.ie/news/coronavirus/2020/0319/1124218-coronavirus-ireland/", "urlToImage": "https://img.rasset.ie/0013ee64-1600.jpg", "publishedAt": "2020-03-19T17:50:44Z", "content": "A third person who was diagnosed with Covid-19 has died, the Department of Health has said.\r\nThere have also been 191 new cases of Covid-19 confirmed in Ireland, bringing the total in the country to 557.\r\nThere has been an increase in Covid-19 testing here af\u2026 [+3311 chars]"}, {"source": {"id": "rte", "name": "RTE"}, "author": "RT\u00c9 News", "title": "Monaco ruler Prince Albert confirms Covid-19 diagnosis", "description": "Monaco's ruler, Prince Albert II, has tested positive for Covid-19 and has called for conformity with distancing measures.", "url": "https://www.rte.ie/news/coronavirus/2020/0319/1124210-monaco-ruler-prince-albert-confirms-covid-19-diagnosis/", "urlToImage": "https://img.rasset.ie/000fe64d-1600.jpg", "publishedAt": "2020-03-19T17:14:47Z", "content": "Monaco's ruler, Prince Albert II, has tested positive for Covid-19 and has called for conformity with distancing measures.\r\nThe\u00a062-year-old\u00a0appears to be the first head of state who has publicly said he has contracted the virus.\r\nIn a statement, the palace sa\u2026 [+818 chars]"}, {"source": {"id": "rte", "name": "RTE"}, "author": "Eleanor Mannion", "title": "Charities appeal for staff during Covid-19 outbreak", "description": "Homeless and disability groups have issued an urgent appeal for \"ordinary heroes\" to help them continue services during the coronavirus pandemic.", "url": "https://www.rte.ie/news/2020/0318/1123972-charities-staff-coronavirus/", "urlToImage": "https://img.rasset.ie/00134c27-1600.jpg", "publishedAt": "2020-03-19T10:00:00Z", "content": "Homeless and disability groups have issued an urgent appeal for \"ordinary heroes\" to help them continue services during the coronavirus pandemic.\r\nThe Crisis Cover Initiative brings together organisations including Depaul, Novas, Dublin Simon, Walk and Sophia\u2026 [+985 chars]"}, {"source": {"id": "rte", "name": "RTE"}, "author": "Ailbhe Conneely", "title": "Points of contact key for elderly in Covid-19 crisis", "description": "Despite technological advances that make contact possible, there are still many challenges the elderly face during this coronavirus crisis, a situation not helped by the prospect that nursing homes may lose key staff to the HSE recruitment drive.", "url": "https://www.rte.ie/news/coronavirus/2020/0319/1124158-elderly-coronavirus-crisis/", "urlToImage": "https://img.rasset.ie/0013eddf-1600.jpg", "publishedAt": "2020-03-19T14:16:32Z", "content": "Spare a thought for older people in these extraordinary times.\r\nCovid-19 has meant residents of Nursing Homes who are vulnerable to the virus, cannot receive visitors.\r\nJohn Colbert is a resident in Belmont House Nursing Home in Stillorgan. Betty, his wife, h\u2026 [+3572 chars]"}, {"source": {"id": "rte", "name": "RTE"}, "author": "Teresa Mannion", "title": "Covid-19: FB page provides childcare for health staff", "description": "A newly created Facebook page has been created to link up childcare professionals and teachers with healthcare staff in need of support due to the Covid-19 outbreak.", "url": "https://www.rte.ie/news/2020/0319/1124193-chilcare-covid-19/", "urlToImage": "https://img.rasset.ie/0013ee2f-1600.jpg", "publishedAt": "2020-03-19T16:17:49Z", "content": "A newly created Facebook page has been created to link up childcare professionals and teachers with healthcare staff in need of support due to the Covid-19 outbreak.\r\nThe page was created on 13 March and has already\u00a0gathered over 5000 members.\r\nKatie Ann Nic \u2026 [+1237 chars]"}, {"source": {"id": "rte", "name": "RTE"}, "author": "Emma O Kelly", "title": "Leaving Cert oral exams cancelled over Covid-19", "description": "All Leaving Cert students studying languages will receive marks of 100% in lieu of oral assessments that were due to be held in Irish and modern European languages.", "url": "https://www.rte.ie/news/coronavirus/2020/0319/1124108-coronavirus-education/", "urlToImage": "https://img.rasset.ie/00090674-1600.jpg", "publishedAt": "2020-03-19T10:56:52Z", "content": "All Leaving Cert students studying languages will receive marks of 100% in lieu of oral assessments that were due to be held in Irish and modern European languages.\r\nThe measure has been announced by Minister for Education Joe McHugh.\r\nOral exams were due to \u2026 [+364 chars]"}, {"source": {"id": "rte", "name": "RTE"}, "author": "RT\u00c9 News", "title": "Thousands attend Covid-19 prayer session in Bangladesh", "description": "A massive coronavirus prayer session with tens of thousands of devotees has sparked an outcry in Bangladesh.", "url": "https://www.rte.ie/news/2020/0319/1124039-bangladesh-coronavirus/", "urlToImage": "https://img.rasset.ie/0013ed36-1600.jpg", "publishedAt": "2020-03-19T02:34:47Z", "content": "A massive coronavirus prayer session with tens of thousands of devotees sparked an outcry in Bangladesh, as the South Asian nation reported its first death from the virus.\r\nLocal police chief Tota Miah said some 10,000 Muslims gathered in an open field in Rai\u2026 [+1500 chars]"}, {"source": {"id": "rte", "name": "RTE"}, "author": "RT\u00c9 News", "title": "Covid-19: Netflix to reduce streaming quality in Europe", "description": "Netflix has said it will temporarily reduce the quality of videos on its platform to ease pressure on internet service providers during the coronavirus outbreak.", "url": "https://www.rte.ie/news/2020/0319/1124244-netflix-eu/", "urlToImage": "https://img.rasset.ie/00114097-1600.jpg", "publishedAt": "2020-03-19T21:52:23Z", "content": "Netflix has said it will temporarily reduce the quality of videos on its platform to ease pressure on internet service providers during the coronavirus outbreak.\r\nThe platform, which is home to shows including Stranger Things and The Crown, will drop the vide\u2026 [+1369 chars]"}, {"source": {"id": "rte", "name": "RTE"}, "author": "RT\u00c9 Entertainment", "title": "Friends 'must postpone reunion over Covid-19'", "description": "It is reported that the cast of Friends' planned reunion special on US streaming service HBO Max in May has been postponed due to the Covid-19 pandemic.", "url": "https://www.rte.ie/entertainment/2020/0319/1124081-friends/", "urlToImage": "https://img.rasset.ie/00130437-1600.jpg", "publishedAt": "2020-03-19T09:06:09Z", "content": "It is reported that the cast of Friends' planned reunion special on US streaming service HBO Max in May has been postponed due to the Covid-19 pandemic.\u00a0\r\nUS entertainment industry publication The Hollywood Reporter said production on the unscripted special w\u2026 [+724 chars]"}, {"source": {"id": "rte", "name": "RTE"}, "author": "RT\u00c9 News", "title": "More stringent Covid-19 measures 'possible'", "description": "Chief Clinical Officer with the Health Service Executive Dr Colm Henry has said that additional stringent measures were possible, if not probable, to try to combat the spread of the corona virus.", "url": "https://www.rte.ie/news/coronavirus/2020/0319/1124042-coronavirus-ireland/", "urlToImage": "https://img.rasset.ie/0013ece6-1600.jpg", "publishedAt": "2020-03-19T06:28:07Z", "content": "Chief Clinical Officer with the Health Service Executive\u00a0Dr Colm Henry\u00a0has said that additional stringent measures were possible, if not probable, to try to combat the spread of the corona virus.\r\nHis comments came after the HSE said there has been a signific\u2026 [+2679 chars]"}, {"source": {"id": "rte", "name": "RTE"}, "author": "RT\u00c9 Sport", "title": "Everton confident Covid-19 won't delay new stadium", "description": "Building Everton's new stadium later this year will help boost economic confidence and \"unlock potential\" in the wake of the inevitable slowdown because of the coronavirus crisis.", "url": "https://www.rte.ie/sport/soccer/2020/0319/1124133-everton-confident-covid-19-wont-delay-new-stadium/", "urlToImage": "https://img.rasset.ie/00134739-1600.jpg", "publishedAt": "2020-03-19T12:21:51Z", "content": "Building Everton's new stadium later this year will help boost economic confidence and \"unlock potential\" in the wake of the inevitable slowdown because of the coronavirus crisis.\r\nThe club do not envisage any delays on the project despite the current situati\u2026 [+2413 chars]"}, {"source": {"id": "rte", "name": "RTE"}, "author": "Aisling Kenny", "title": "Temporary ban on evictions planned due to Covid-19", "description": "It is understood the Government will announce a temporary ban on evictions for an initial period of three months, while the Covid-19 crisis is ongoing.", "url": "https://www.rte.ie/news/coronavirus/2020/0319/1124168-evictions-ban-coronavirus/", "urlToImage": "https://img.rasset.ie/00107301-1600.jpg", "publishedAt": "2020-03-19T15:11:17Z", "content": "It is\u00a0understood\u00a0the Government will announce a temporary ban on evictions for an initial period of three months, while the Covid-19 crisis is ongoing.\r\nIt is also understood that ministers are considering\u00a0a temporary ban on rent increases for people whose in\u2026 [+1073 chars]"}, {"source": {"id": "rte", "name": "RTE"}, "author": "RT\u00c9 News", "title": "First Covid-19 death in Northern Ireland announced", "description": "Northern Ireland has recorded the first death of a patient with Covid-19.", "url": "https://www.rte.ie/news/2020/0319/1124116-first-covid-19-death-in-northern-ireland-announced/", "urlToImage": "https://img.rasset.ie/001358ca-1600.jpg", "publishedAt": "2020-03-19T11:28:55Z", "content": "Northern Ireland has recorded the first death of a patient with Covid-19.\r\nStormont's Department of Health said the patient, who died in hospital in the greater Belfast area, was elderly and had an underlying health condition.\r\nA total of 68 people have teste\u2026 [+1799 chars]"}]}