{"status": "ok", "totalResults": 6, "articles": [{"source": {"id": "rte", "name": "RTE"}, "author": "Philip Bromwell", "title": "Volunteers helping homeless amid Covid-19 fears", "description": "As cancellations and closures increasingly become part of Ireland's response to the coronavirus outbreak, volunteers are continuing to operate services for some of the most vulnerable members of society.", "url": "https://www.rte.ie/news/2020/0311/1121651-volunteers-helping-homeless-amid-covid-19-fears/", "urlToImage": "https://img.rasset.ie/0013de87-1600.jpg", "publishedAt": "2020-03-11T13:23:10Z", "content": "As cancellations and closures increasingly become part of Ireland's response to the coronavirus outbreak, volunteers are continuing to operate services for some of the most vulnerable members of society.\r\nLast night, soup kitchens were operating in Dublin as \u2026 [+2024 chars]"}, {"source": {"id": "rte", "name": "RTE"}, "author": "Dyane Connor", "title": "Covid-19: The facts and the myths", "description": "Health experts have urged the public to be mindful of where they get information in relation to facts about Covid-19.", "url": "https://www.rte.ie/news/coronavirus/2020/0311/1121715-covid-19-myths-facts/", "urlToImage": "https://img.rasset.ie/0013d68d-1600.jpg", "publishedAt": "2020-03-11T17:59:48Z", "content": "Health experts have urged the public to be mindful of where they get information in relation to facts about Covid-19.\r\nMost are circulated in good faith listing advice from so-called experts ....but the barrage of tweets, texts and emails offer few facts.\r\nAm\u2026 [+1275 chars]"}, {"source": {"id": "rte", "name": "RTE"}, "author": "RT\u00c9 News", "title": "UK minister Nadine Dorries tests positive for Covid -19", "description": "UK's under-secretary of State for Health and Social Care, Nadine Dorries, became the first MP to be diagnosed with coroanvirus,", "url": "https://www.rte.ie/news/2020/0311/1121532-uk-health-minister-coronavirus/", "urlToImage": "https://img.rasset.ie/0013dd56-1600.jpg", "publishedAt": "2020-03-11T06:20:10Z", "content": "Britain's health minister Nadine Dorries has become the first MP to be diagnosed with the new coronavirus.\r\nThe under-secretary of State for Health and Social Care said she has been self-isolating at home after testing positive and her parliamentary office ha\u2026 [+1535 chars]"}, {"source": {"id": "rte", "name": "RTE"}, "author": "RT\u00c9 News", "title": "Individual health message on Covid-19 criticised", "description": "A professor of psychology at University of Limerick has said the public health messaging on Covid-19 is \"not working\" because emphasising an individual health message \"does not work\".", "url": "https://www.rte.ie/news/coronavirus/2020/0311/1121620-coronavirus-psychology/", "urlToImage": "https://img.rasset.ie/00139e6a-1600.jpg", "publishedAt": "2020-03-11T12:12:55Z", "content": "A professor of psychology at University of Limerick has said the public health messaging on Covid-19 is \"not working\" because emphasising an individual health message \"does not work\".\r\nSpeaking on RT\u00c9's Today with Se\u00e1n O'Rourke, Prof Orla Muldoon\u00a0said if this\u2026 [+1607 chars]"}, {"source": {"id": "rte", "name": "RTE"}, "author": "RT\u00c9 News", "title": "More restrictions 'may be needed' to tackle Covid-19", "description": "Minister for Health says more restrictions may be needed if Ireland is to overcome the coronavirus outbreak - follow all the latest developments at home and abroad with our live blog", "url": "https://www.rte.ie/news/2020/0311/1121540-coronavirus-tracker/", "urlToImage": "https://img.rasset.ie/0013dd5e-1600.jpg", "publishedAt": "2020-03-11T07:52:54Z", "content": "RT\u00c9.ie is the website of Raidi\u00f3 Teilif\u00eds \u00c9ireann, Ireland's National Public Service Broadcaster.RT\u00c9 is not responsible for the content of external internet sites. Images courtesy of Sportsfile and Getty Images\r\n\u00a9 RT\u00c9 2020"}, {"source": {"id": "rte", "name": "RTE"}, "author": "Fiachra \u00d3 Cionnaith", "title": "We're going to see a lot more Covid-19 cases - Harris", "description": "Minister for Health Simon Harris has said \"more restrictions\" including the potential widespread closure of schools may be needed if Ireland is to successfully overcome the Covid-19 outbreak.", "url": "https://www.rte.ie/news/2020/0311/1121526-harris-covid-19/", "urlToImage": "https://img.rasset.ie/0013dd54-1600.jpg", "publishedAt": "2020-03-11T01:34:35Z", "content": "Minister for Health Simon Harris has said \"more restrictions\" including the potential widespread closure of schools may be needed if Ireland is to successfully overcome the Covid-19 outbreak.\r\nMr Harris said any new restrictions need to be \"introduced at the \u2026 [+1472 chars]"}]}