{"status": "ok", "totalResults": 11, "articles": [{"source": {"id": "rte", "name": "RTE"}, "author": "RT\u00c9 News", "title": "Covid-19 cases outside China surpass 100,000", "description": "Cases of Covid-19 outside China surpassed 100,000 for the first time overnight, with a majority of infected countries in Europe reporting over 100 cases each. Five countries globally reported over 1,000 new cases each: Italy, Spain, France, Germany and Iran.", "url": "https://www.rte.ie/news/world/2020/0317/1123660-world-coronavirus/", "urlToImage": "https://img.rasset.ie/0013eaa0-1600.jpg", "publishedAt": "2020-03-17T08:41:18Z", "content": "Cases of Covid-19 outside China surpassed 100,000 for the first time overnight, with a majority of infected countries in Europe reporting over 100 cases each. Five countries globally reported over 1,000 new cases each: Italy, Spain, France, Germany and Iran.\r\u2026 [+3611 chars]"}, {"source": {"id": "rte", "name": "RTE"}, "author": "RT\u00c9 News", "title": "Taoiseach to broadcast to country on Covid-19 at 9pm", "description": "The Taoiseach is to make a rare, Ministerial Broadcast, to the country at 9pm.", "url": "https://www.rte.ie/news/2020/0317/1123774-taoiseach-to-broadcast-to-country-on-covid-19-at-9pm/", "urlToImage": "https://img.rasset.ie/0013ea30-1600.jpg", "publishedAt": "2020-03-17T19:48:08Z", "content": "The Taoiseach is to make a rare, Ministerial Broadcast, to the country at 9pm.\r\nAfter a video-conference with European Heads of Government this afternoon, and a tele-conference with the Cabinet to agree emergency Covid-19 legislation this evening, Leo Varadka\u2026 [+899 chars]"}, {"source": {"id": "rte", "name": "RTE"}, "author": "Paul Reynolds", "title": "National Public Order Unit in response to Covid-19", "description": "The Garda\u00ed are setting up a full time National Public Order Unit in response the coronavirus outbreak.", "url": "https://www.rte.ie/news/coronavirus/2020/0317/1123648-garda-coronavirus/", "urlToImage": "https://img.rasset.ie/00134c23-1600.jpg", "publishedAt": "2020-03-17T04:47:09Z", "content": "The Garda\u00ed are setting up a full time National Public Order Unit in response the coronavirus outbreak.\r\nThe unit will be tasked with patrolling key public order risk locations, the protection of life and property, the maintenance of law and order, emergency r\u2026 [+873 chars]"}, {"source": {"id": "rte", "name": "RTE"}, "author": "RT\u00c9 News", "title": "Scottish couple hand out Covid-19 protection parcels", "description": "A grocery store owner and her husband are handing out parcels of hand sanitiser and face masks to the sick and elderly in central Scotland to help protect them against the coronavirus.", "url": "https://www.rte.ie/news/newslens/2020/0317/1123742-virus-package/", "urlToImage": "https://img.rasset.ie/0013eaf1-1600.jpg", "publishedAt": "2020-03-17T16:25:49Z", "content": "A grocery store owner and her husband are handing out parcels of hand sanitiser and face masks to the sick and elderly in central Scotland to help protect them against the coronavirus.\r\nAsiyah Javed started the project after meeting an old woman who was upset\u2026 [+1997 chars]"}, {"source": {"id": "rte", "name": "RTE"}, "author": "M\u00edche\u00e1l Lehane", "title": "Cabinet signs off on emergency Covid-19 legislation", "description": "Measures that would allow people to be detained on foot of a medical recommendation if they have the Covid-19 coronavirus and refuse to self-isolate have been signed off on by the Cabinet.", "url": "https://www.rte.ie/news/politics/2020/0317/1123748-cabinet/", "urlToImage": "https://img.rasset.ie/0013a772-1600.jpg", "publishedAt": "2020-03-17T17:09:32Z", "content": "Measures that would allow people to be detained on foot of a medical recommendation if they have the Covid-19 coronavirus and refuse to self-isolate have been signed off on by the Cabinet.\r\nThe Cabinet\u00a0held an incorporeal meeting this evening to sign off on e\u2026 [+526 chars]"}, {"source": {"id": "rte", "name": "RTE"}, "author": "RT\u00c9 News", "title": "Pharma companies to collaborate on Covid-19 vaccine", "description": "US drugmaker Pfizer has signed a deal with Germany's BioNTech SE to co-develop a potential vaccine for the coronavirus.", "url": "https://www.rte.ie/news/coronavirus/2020/0317/1123658-coronavirus-covid19-vaccine/", "urlToImage": "https://img.rasset.ie/0013ea9f-1600.jpg", "publishedAt": "2020-03-17T08:28:38Z", "content": "US\u00a0drugmaker Pfizer\u00a0has signed a deal with Germany's BioNTech SE to co-develop a potential vaccine for the coronavirus.\r\nThe drugmakers will start the collaboration immediately and have signed a letter of intent for the vaccine's distribution outside China, t\u2026 [+1424 chars]"}, {"source": {"id": "rte", "name": "RTE"}, "author": "Ailbhe Conneely", "title": "Nursing homes launch recruitment drive due to Covid-19", "description": "Nursing Homes Ireland has launched a recruitment drive targeting workers in the hospitality and retail sectors to provide care to older people during the coronavirus emergency.", "url": "https://www.rte.ie/news/coronavirus/2020/0317/1123729-nursing-homes/", "urlToImage": "https://img.rasset.ie/000a15ea-1600.jpg", "publishedAt": "2020-03-17T14:44:46Z", "content": "Nursing Homes Ireland has launched a recruitment drive targeting workers in the hospitality and retail sectors to provide care to older people during the coronavirus emergency.\u00a0\r\nThe NHI says staffing needs will arise for nursing homes in meeting the care nee\u2026 [+851 chars]"}, {"source": {"id": "rte", "name": "RTE"}, "author": "RT\u00c9 Sport", "title": "UFC confirms postponements over COVID-19", "description": "The UFC has postponed its next three fights after US President Donald Trump introduced new measures to attempt to curb its spread.", "url": "https://www.rte.ie/sport/mma/2020/0317/1123664-ufc-confirms-postponements-over-covid-19/", "urlToImage": "https://img.rasset.ie/0013eaa7-1600.jpg", "publishedAt": "2020-03-17T09:13:02Z", "content": "The UFC has postponed its next three events owing to the coronavirus.\r\nDespite White House advice issued last week to limit mass gatherings to 50 people, organisers had planned to move ahead with UFC Fight Night events on 21 March 21, 28 March\u00a0and 11 April.\r\n\u2026 [+1230 chars]"}, {"source": {"id": "rte", "name": "RTE"}, "author": "Will Goodbody", "title": "Most BoI branches remain open during Covid-19 pandemic", "description": "Bank of Ireland has said its response to the coronavirus pandemic will be as strong as possible and almost all its branches are remaining open as normal.", "url": "https://www.rte.ie/news/business/2020/0317/1123700-bank-of-ireland-covid19-coronavirus/", "urlToImage": "https://img.rasset.ie/00040ba0-1600.jpg", "publishedAt": "2020-03-17T11:49:46Z", "content": "Bank of Ireland has said its response to the coronavirus pandemic will be as strong as possible and almost all its branches are remaining open as normal.\r\nIn a statement, the lender said it is committed to supporting customers through the economic difficultie\u2026 [+1176 chars]"}, {"source": {"id": "rte", "name": "RTE"}, "author": "RT\u00c9 News", "title": "Covid-19 updates", "description": "Follow live updates on the latest news on the coronavirus outbreak.", "url": "https://www.rte.ie/news/coronavirus/2020/0317/1123650-coronavirus-live-tracker/", "urlToImage": "https://img.rasset.ie/0013e7a4-1600.jpg", "publishedAt": "2020-03-17T07:34:33Z", "content": "RT\u00c9.ie is the website of Raidi\u00f3 Teilif\u00eds \u00c9ireann, Ireland's National Public Service Broadcaster.RT\u00c9 is not responsible for the content of external internet sites. Images courtesy of Sportsfile and Getty Images\r\n\u00a9 RT\u00c9 2020"}, {"source": {"id": "rte", "name": "RTE"}, "author": "RT\u00c9 Sport", "title": "Hudson-Odoi progressing well after Covid-19 diagnosis", "description": "Chelsea manager Frank Lampard says Callum Hudson-Odoi is progressing well after his coronavirus diagnosis.", "url": "https://www.rte.ie/sport/soccer/2020/0317/1123781-hudson-odoi-progressing-well-after-covid-19-diagnosis/", "urlToImage": "https://img.rasset.ie/0013eb25-1600.jpg", "publishedAt": "2020-03-17T21:28:48Z", "content": "Chelsea coach Frank Lampard says Callum Hudson-Odoi is progressing well after his coronavirus diagnosis.\r\nThe England winger tested positive for the virus on Friday, leading to self-isolation for him and those who had close contact with him and the closure of\u2026 [+1422 chars]"}]}