{"status": "ok", "totalResults": 9, "articles": [{"source": {"id": "rte", "name": "RTE"}, "author": "RT\u00c9 News", "title": "China reports increase in Covid-19 cases", "description": "China has reported 30 new COVID-19 cases on Saturday- up from 19 cases reported the previous day.", "url": "https://www.rte.ie/news/2020/0405/1128581-china-coronavirus-cases-increase/", "urlToImage": "https://img.rasset.ie/0013ed4e-1600.jpg", "publishedAt": "2020-04-05T03:09:35Z", "content": "China has reported 30 new COVID-19 cases on Saturday- up from 19 cases reported the previous day.\r\nThe National Health Commission said that 25 of the latest cases involved people who had entered mainland China from abroad\u00a0compared with 18 such cases a day ear\u2026 [+1122 chars]"}, {"source": {"id": "rte", "name": "RTE"}, "author": "RT\u00c9 News", "title": "China reports increase in Covid-19 cases", "description": "China has reported 30 new COVID-19 cases on Saturday- up from 19 cases reported the previous day.", "url": "https://www.rte.ie/news/2020/0405/1128581-china-coronavirus-covid19/", "urlToImage": "https://img.rasset.ie/0013ed4e-1600.jpg", "publishedAt": "2020-04-05T03:34:46Z", "content": "China has reported 30 new Covid-19 cases yesterday - up from 19 cases reported the previous day.\r\nThe National Health Commission said that 25 of the latest cases involved people who had entered mainland China from abroad\u00a0compared with 18 such cases a day earl\u2026 [+1152 chars]"}, {"source": {"id": "rte", "name": "RTE"}, "author": "RT\u00c9 News", "title": "Latest updates on Covid-19 pandemic", "description": "Follow the latest national and international updates on the coronavirus outbreak.", "url": "https://www.rte.ie/news/2020/0405/1128590-covid19-coronavirus-tracker/", "urlToImage": "https://img.rasset.ie/00140e92-1600.jpg", "publishedAt": "2020-04-05T07:51:11Z", "content": "RT\u00c9.ie is the website of Raidi\u00f3 Teilif\u00eds \u00c9ireann, Ireland's National Public Service Broadcaster.RT\u00c9 is not responsible for the content of external internet sites. Images courtesy of Sportsfile and Getty Images\r\n\u00a9 RT\u00c9 2020"}, {"source": {"id": "rte", "name": "RTE"}, "author": "RT\u00c9 News", "title": "People urged to continue Covid-19 compliance", "description": "People have been urged to continue to comply with guidelines designed to stop the spread of coronavirus.", "url": "https://www.rte.ie/news/coronavirus/2020/0405/1128598-covid19-coronavirus-ireland/", "urlToImage": "https://img.rasset.ie/00140dbc-1600.jpg", "publishedAt": "2020-04-05T08:20:37Z", "content": "People have been urged to continue to comply with guidelines designed to stop the spread of coronavirus.\r\nFrom midnight on 27 March until 12 April everybody must stay at home\u00a0except in specific circumstances.\u00a0\r\nIn particular, people aged over 70 and\u00a0people wh\u2026 [+1460 chars]"}, {"source": {"id": "rte", "name": "RTE"}, "author": "RT\u00c9 News", "title": "Hospitals fighting Covid-19 'at risk of cyber attack'", "description": "Cybercriminals are exploiting the coronavirus crisis and threatening to hold hospitals to ransom despite the life-saving work they are carrying out, Interpol has warned.", "url": "https://www.rte.ie/news/coronavirus/2020/0405/1128591-cybercrime-covid19-coronavirus/", "urlToImage": "https://img.rasset.ie/0013b805-1600.jpg", "publishedAt": "2020-04-05T07:38:13Z", "content": "Cybercriminals are exploiting the coronavirus crisis and threatening to hold hospitals to ransom despite the life-saving work they are carrying out, Interpol has warned.\r\nIt has issued a global alert to health care organisations about the ransomware attacks, \u2026 [+1741 chars]"}, {"source": {"id": "rte", "name": "RTE"}, "author": "RT\u00c9 News", "title": "What will the world look like after Covid-19?", "description": "One day, the battle against the novel coronavirus will be won, but it could reshape society and politics. There are many areas it could impact.", "url": "https://www.rte.ie/news/2020/0405/1128622-what-will-the-world-look-like-after-covid-19/", "urlToImage": "https://img.rasset.ie/00140833-1600.jpg", "publishedAt": "2020-04-05T11:38:04Z", "content": "One day, the battle against the novel coronavirus will be won.\r\nBut the world that emerges may look very different from the one we lived in before the pandemic began.\r\nOver 60,000 people have lost their lives to COVID-19 and there are a more than a million co\u2026 [+4206 chars]"}, {"source": {"id": "rte", "name": "RTE"}, "author": "RT\u00c9 News", "title": "Covid-19: 21 further deaths, 390 new cases in Ireland", "description": "The Department of Health has confirmed the deaths of 21 more people diagnosed with Covid-19, and a further 390 new cases.", "url": "https://www.rte.ie/news/coronavirus/2020/0405/1128657-ireland-virus-figures/", "urlToImage": "https://img.rasset.ie/00140c77-1600.jpg", "publishedAt": "2020-04-05T17:36:12Z", "content": "The Department of Health has confirmed the deaths of\u00a021\u00a0more people diagnosed with Covid-19, and a\u00a0further\u00a0390\u00a0new cases.\u00a0\r\nIt brings the total number of deaths in Ireland to\u00a0158.\r\nThe number of confirmed cases of Covid-19\u00a0now stands at\u00a04,994.\r\n17 of the deat\u2026 [+1562 chars]"}, {"source": {"id": "rte", "name": "RTE"}, "author": "RT\u00c9 News", "title": "Greece quarantines second camp due to Covid-19 case", "description": "Greece has quarantined a second migrant facility on its mainland after a 53-year-old man tested positive for Covid-19, the migration ministry said.", "url": "https://www.rte.ie/news/2020/0405/1128597-europe-coronavirus/", "urlToImage": "https://img.rasset.ie/00140fba-1600.jpg", "publishedAt": "2020-04-05T08:20:37Z", "content": "Greece has quarantined a second migrant facility on its mainland after a 53-year-old man tested positive for Covid-19, the migration ministry said.\r\nThe Afghan man lives with his family at the Malakasa camp along with hundreds of asylum seekers. He has been t\u2026 [+3383 chars]"}, {"source": {"id": "rte", "name": "RTE"}, "author": "RT\u00c9 Sport", "title": "Carton shares uplifting yet 'scary' Covid-19 story", "description": "Former Dublin hurler Mick Carton admits he endured some \"scary\" days in hospital after contracting Covid-19 but says the dedicated medical staff highlighted how to take positives from the experience instead.", "url": "https://www.rte.ie/sport/hurling/2020/0405/1128646-carton-shares-uplifting-yet-scary-covid-19-story/", "urlToImage": "https://img.rasset.ie/00140feb-1600.jpg", "publishedAt": "2020-04-05T15:55:00Z", "content": "Former Dublin hurler Mick Carton admits he endured some \"scary\" days in hospital after contracting Covid-19 but says the dedicated medical staff highlighted how to take positives from the experience instead.\r\nThe HSE has stated that 37,000 tests for Covid-19 \u2026 [+2673 chars]"}]}