{"status": "ok", "totalResults": 7, "articles": [{"source": {"id": "rte", "name": "RTE"}, "author": "RT\u00c9 News", "title": "660,000 cases of Covid-19 confirmed globally", "description": "A mandatory order continues for everyone to stay at home for two-week period until Easter Sunday apart from certain exceptions - follow all the latest Covid-19 developments at home and abroad with our live blog.", "url": "https://www.rte.ie/news/2020/0329/1127082-coronavirus-tracker/", "urlToImage": "https://img.rasset.ie/00140483-1600.jpg", "publishedAt": "2020-03-29T07:28:02Z", "content": "RT\u00c9.ie is the website of Raidi\u00f3 Teilif\u00eds \u00c9ireann, Ireland's National Public Service Broadcaster.RT\u00c9 is not responsible for the content of external internet sites. Images courtesy of Sportsfile and Getty Images\r\n\u00a9 RT\u00c9 2020"}, {"source": {"id": "rte", "name": "RTE"}, "author": "Justin McCarthy", "title": "What South Korea can teach Ireland about Covid-19 fight", "description": "South Korea has been lauded internationally for managing to significantly slow the number of new cases of the virus, despite an early spike.", "url": "https://www.rte.ie/news/2020/0329/1127023-what-south-korea-can-teach-ireland/", "urlToImage": "https://img.rasset.ie/00140402-1600.jpg", "publishedAt": "2020-03-29T05:05:16Z", "content": "Last week, Taoiseach Leo Varadkar said Ireland was following the South Korean model for tackling the coronavirus outbreak.\u00a0\r\nThat was, of course, before tighter restrictions were introduced on Friday night.\u00a0\r\nSouth Korea has been lauded internationally for ma\u2026 [+5557 chars]"}, {"source": {"id": "rte", "name": "RTE"}, "author": "RT\u00c9 News", "title": "Six more Covid-19 deaths in Northern Ireland", "description": "Six further people with coronavirus have died in Northern Ireland, taking the death toll in the region to 21.", "url": "https://www.rte.ie/news/2020/0329/1127145-northern-ireland-figures/", "urlToImage": "https://img.rasset.ie/0013f3e6-1600.jpg", "publishedAt": "2020-03-29T14:50:55Z", "content": "Six further people with coronavirus have died in Northern Ireland, taking the death toll in the region to 21.\r\nWith 86 new cases of the infection reported today, the number of confirmed cases of Covid-19 stands at 410.\r\nThe latest figures were reported by the\u2026 [+3234 chars]"}, {"source": {"id": "rte", "name": "RTE"}, "author": "Sharon Gaffney", "title": "Family of Covid-19 victim urge people to stay home", "description": "The family of a Dublin man who died after contracting Covid-19, has urged people to stay in their homes to save lives and help prevent the spread of the illness.", "url": "https://www.rte.ie/news/2020/0329/1127172-coronavirus-family/", "urlToImage": "https://img.rasset.ie/00140513-1600.jpg", "publishedAt": "2020-03-29T18:43:52Z", "content": "The family of a Dublin man who died after contracting Covid-19, has urged people to stay in their homes to save lives and help prevent the spread of the illness.\r\nMichael Glynn, 78, from Tallaght was a father-of-six and a popular taxi driver.\r\nHe developed co\u2026 [+1910 chars]"}, {"source": {"id": "rte", "name": "RTE"}, "author": "RT\u00c9 Entertainment", "title": "Hanks thanks healthcare workers after Covid-19 recovery", "description": "Tom Hanks has thanked \"everyone in Australia who looked after us\" after spending two weeks in quarantine with his wife Rita Wilson.", "url": "https://www.rte.ie/entertainment/2020/0329/1127096-hanks-thanks-healthcare-workers-after-covid-19-recovery/", "urlToImage": "https://img.rasset.ie/0013e1c2-1600.jpg", "publishedAt": "2020-03-29T09:56:37Z", "content": "Tom Hanks has thanked \"everyone in Australia who looked after us\" after spending two weeks in quarantine with his wife Rita Wilson.\r\nThe 63-year-old actor and his partner were among the first celebrities to announce they had tested positive for coronavirus.\u00a0\r\u2026 [+954 chars]"}, {"source": {"id": "rte", "name": "RTE"}, "author": "Orla O'Donnell", "title": "Covid-19 isolation and stepdown centre for Citywest", "description": "The HSE is preparing to open a coronavirus isolation and stepdown facility at Dublin's Citywest hotel and conference centre with the ability to accommodate over 1,000 people.", "url": "https://www.rte.ie/news/2020/0329/1127114-hse-briefing-covid/", "urlToImage": "https://img.rasset.ie/001404b4-1600.jpg", "publishedAt": "2020-03-29T11:35:17Z", "content": "The HSE is preparing to open a coronavirus isolation\u00a0and stepdown facility at Dublin's\u00a0Citywest hotel and conference centre with the ability to accommodate over 1,000 people.\r\nHSE CEO Paul Reid, HSE chief operations officer Anne O'Connor and Public Health Med\u2026 [+968 chars]"}, {"source": {"id": "rte", "name": "RTE"}, "author": "Orla O'Donnell", "title": "17 clusters of Covid-19 in nursing homes, figures show", "description": "There are now 17 clusters of people with Covid-19 in nursing homes, according to the latest figures published on the website of the Health Protection Surveillance Centre.", "url": "https://www.rte.ie/news/coronavirus/2020/0329/1127176-breakdown-irish-figures/", "urlToImage": "https://img.rasset.ie/000ed7b1-1600.jpg", "publishedAt": "2020-03-29T18:38:43Z", "content": "There are now 17 clusters of people with Covid-19 in nursing homes, according to the latest figures published on the website of the Health Protection Surveillance Centre.\r\nThe figures relate to 1,904 cases analysed up to midnight on Thursday.\u00a0\r\nThere are 16 c\u2026 [+1486 chars]"}]}