{"status": "ok", "totalResults": 14, "articles": [{"source": {"id": "rte", "name": "RTE"}, "author": "Fergal Bowers", "title": "More detail on Covid-19 cases is welcome", "description": "The Republic of Ireland now has 366 confirmed cases of Covid-19.", "url": "https://www.rte.ie/news/coronavirus/2020/0318/1124020-covid-19-cases-analysis/", "urlToImage": "https://img.rasset.ie/0012d2e3-1600.jpg", "publishedAt": "2020-03-18T22:25:39Z", "content": "The Republic of Ireland now has 366 confirmed cases of Covid-19.\u00a0\r\nThe latest increase of 74 cases was lower than expected and that is a positive.\u00a0\r\nBut we have to bear in mind that the projections say we may see 15,000 cases by the end of the month.\u00a0\r\nSo\u00a0wha\u2026 [+1691 chars]"}, {"source": {"id": "rte", "name": "RTE"}, "author": "RT\u00c9 News", "title": "Covid-19: Only urgent court cases go ahead", "description": "Two juries have begun deliberations and two juries continue to hear evidence in four criminal trials which are ongoing in otherwise reduced court sittings in the capital.", "url": "https://www.rte.ie/news/2020/0318/1123987-court-coronavirus/", "urlToImage": "https://img.rasset.ie/0011682d-1600.jpg", "publishedAt": "2020-03-18T18:11:48Z", "content": "Two juries have begun deliberations and two juries continue to hear evidence in four criminal trials which are ongoing in otherwise reduced court sittings in the capital.\r\nIn response to the Covid-19 pandemic and restrictions on social interactions the Courts\u2026 [+2502 chars]"}, {"source": {"id": "rte", "name": "RTE"}, "author": "RT\u00c9 News", "title": "74 new Covid-19 cases confirmed:Total now stands at 366", "description": "There have been 74 new cases of coronavirus confirmed in Ireland, bringing the total to 366.", "url": "https://www.rte.ie/news/coronavirus/2020/0318/1124007-ireland-coronavirus-cases/", "urlToImage": "https://img.rasset.ie/0013ea5b-1600.jpg", "publishedAt": "2020-03-18T20:17:58Z", "content": "There have been 74\u00a0new cases of coronavirus confirmed in Ireland, bringing the total to 366.\r\nThe Department of Health confirmed this evening that 45 of the new cases involved men and 25 are female.\r\nDublin has the highest number of cases at 129, followed by \u2026 [+2407 chars]"}, {"source": {"id": "rte", "name": "RTE"}, "author": "RT\u00c9 News", "title": "Man's home workout regime to beat Covid-19 quaratine", "description": "Around the world, people are sharing different methods of beating the boredom while in quarantine for Covid-19, with some combining it with a passion for fitness.", "url": "https://www.rte.ie/news/newslens/2020/0318/1123948-home-workout/", "urlToImage": "https://img.rasset.ie/0013ec4b-1600.jpg", "publishedAt": "2020-03-18T15:37:53Z", "content": "Around the world, people are sharing different methods of beating the boredom while in quarantine for Covid-19, with some combining it with a passion for fitness.\r\nOne\u00a0South African man has started posted his home workout routines to Twitter.\r\n'Ironside' uses\u2026 [+543 chars]"}, {"source": {"id": "rte", "name": "RTE"}, "author": "RT\u00c9 News", "title": "RT\u00c9 to air daily Mass during Covid-19 emergency", "description": "In response to Covid-19-related restrictions on public gatherings, RT\u00c9 will start, from Thursday 19th March, to air Mass every weekday at 10:30am from St Eunan's and St Columba's Cathedral, Letterkenny, on RT\u00c9 News Now.", "url": "https://www.rte.ie/news/ireland/2020/0318/1123968-rte-to-air-daily-mass-during-covid-19-emergency/", "urlToImage": "https://img.rasset.ie/0013e7c2-1600.jpg", "publishedAt": "2020-03-18T16:29:44Z", "content": "In response to Covid-19 related restrictions on public gatherings, RT\u00c9 will start, from Thursday 19th March, to air Mass every weekday at 10:30am from St Eunan's and St Columba's Cathedral, Letterkenny, on RT\u00c9 News Now.\r\nThe broadcasts will continue at least \u2026 [+1882 chars]"}, {"source": {"id": "rte", "name": "RTE"}, "author": "RT\u00c9 News", "title": "Six new Covid-19 cases in NI, schools to close Friday", "description": "Six new cases of Covid-19 have been confirmed in Northern Ireland, bring the total number of cases in the region to 68.", "url": "https://www.rte.ie/news/coronavirus/2020/0318/1123985-covid-19-northern-ireland/", "urlToImage": "https://img.rasset.ie/0013c8d2-1600.jpg", "publishedAt": "2020-03-18T17:36:35Z", "content": "Six new cases of Covid-19 have been confirmed in Northern Ireland, bring the total number of cases in the region to 68.\r\nThe total number of tests completed in Northern Ireland is 1,482.\r\nNorthern Ireland's Department of Health has again advised that People w\u2026 [+1609 chars]"}, {"source": {"id": "rte", "name": "RTE"}, "author": "RT\u00c9 Sport", "title": "NBA star Kevin Durant tests positive for Covid-19", "description": "NBA player Kevin Durant has been revealed as one of four members of the Brooklyn Nets to test positive for the Covid-19 illness caused by coronavirus.", "url": "https://www.rte.ie/sport/basketball/2020/0318/1123814-nba-star-kevin-durant-tests-positive-for-covid-19/", "urlToImage": "https://img.rasset.ie/0013eb58-1600.jpg", "publishedAt": "2020-03-18T07:05:22Z", "content": "NBA player Kevin Durant has been revealed as one of four members of the Brooklyn Nets to test positive for the Covid-19 illness caused by coronavirus.\r\nThe former league MVP told The Athletic that he is in good spirits and has not yet shown any symptoms of th\u2026 [+1691 chars]"}, {"source": {"id": "rte", "name": "RTE"}, "author": "RT\u00c9 Sport", "title": "McLaren confirm mechanic now free of Covid-19 symptoms", "description": "McLaren have confirmed that the mechanic who contracted coronavirus in Australia is now free of symptoms.", "url": "https://www.rte.ie/sport/motorsport/2020/0318/1123941-mclaren-confirm-mechanic-now-free-of-covid-19-symptoms/", "urlToImage": "https://img.rasset.ie/0013ec32-1600.jpg", "publishedAt": "2020-03-18T15:13:21Z", "content": "McLaren have confirmed that the\u00a0mechanic who contracted coronavirus in Australia is now free of symptoms.\r\nThe British team also revealed that seven other staff members who were tested for the disease while in Melbourne quarantine have all returned negative r\u2026 [+1334 chars]"}, {"source": {"id": "rte", "name": "RTE"}, "author": "RT\u00c9 Entertainment", "title": "Eurovision cancelled over Covid-19 concerns", "description": "The Eurovision Song Contest is the latest major event to be cancelled due to the Covid-19 pandemic.", "url": "https://www.rte.ie/entertainment/2020/0318/1123916-eurovision-cancelled-over-covid-19-concerns/", "urlToImage": "https://img.rasset.ie/0013d388-1600.jpg", "publishedAt": "2020-03-18T13:52:52Z", "content": "The Eurovision Song Contest is the latest major event to be cancelled due to the Covid-19 pandemic.\r\nIn a statement, the EBU said they had taken the \"difficult decision\" to call off this year's contest, which was due to take place in Rotterdam in May, and tha\u2026 [+1166 chars]"}, {"source": {"id": "rte", "name": "RTE"}, "author": "RT\u00c9 Entertainment", "title": "Dr Ciara Kelly opens up about Covid-19 diagnosis", "description": "Presenter Dr Ciara Kelly has spoken about her Covid-19 diagnosis on RT\u00c9 Radio One's Liveline.", "url": "https://www.rte.ie/entertainment/2020/0318/1123963-dr-ciara-kelly-opens-up-about-covid-19-diagnosis/", "urlToImage": "https://img.rasset.ie/000dffa2-1600.jpg", "publishedAt": "2020-03-18T16:23:18Z", "content": "Presenter Dr Ciara Kelly has spoken about her Covid-19 diagnosis on\u00a0RT\u00c9\u00a0Radio One's Liveline.\r\nThe GP-turned-broadcaster said\u00a0she felt unwell at the weekend and was tested on Sunday morning.\r\nShe said a paramedic came to carry out the test at her home.\r\n\"I fe\u2026 [+561 chars]"}, {"source": {"id": "rte", "name": "RTE"}, "author": "RT\u00c9 Entertainment", "title": "Kurylenko 'feeling better' after positive Covid-19 test", "description": "Bond girl Olga Kurylenko has said she's \"feeling better\" after testing positive for Covid-19 two days ago, revealing her \"fever is gone\".", "url": "https://www.rte.ie/entertainment/2020/0318/1124010-kurylenko-feeling-better-after-positive-covid-19-test/", "urlToImage": "https://img.rasset.ie/0013ed03-1600.jpg", "publishedAt": "2020-03-18T21:30:58Z", "content": "Bond girl Olga Kurylenko has said she's \"feeling better\" after testing positive for Covid-19 two days ago, revealing her \"fever is gone\".\r\nThe 40-year-old actress,\u00a0who is best known for starring in Quantum of Solace\u00a0in 2008, took to social media on Wednesday,\u2026 [+1732 chars]"}, {"source": {"id": "rte", "name": "RTE"}, "author": "John Kilraine", "title": "Spring rough sleeping count postponed due to Covid-19", "description": "The annual spring count of people sleeping rough in the Dublin area has been postponed because of the Covid-19 outbreak.", "url": "https://www.rte.ie/news/ireland/2020/0318/1123900-spring-rough-sleeping-count-postponed-due-to-covid-19/", "urlToImage": "https://img.rasset.ie/00134c27-1600.jpg", "publishedAt": "2020-03-18T12:50:48Z", "content": "The annual spring count of people sleeping rough in the Dublin area has been postponed because of the Covid-19 outbreak.\r\nThe Dublin Region Homeless Executive (DRHE) organises a spring count in March and a winter count in November each year carried out by 100\u2026 [+1013 chars]"}, {"source": {"id": "rte", "name": "RTE"}, "author": "RT\u00c9 News", "title": "Dr Ciara Kelly got Covid-19 'in the community'", "description": "Broadcaster Dr Ciara Kelly has said she has been diagnosed with Covid-19 after feeling unwell over the weekend.", "url": "https://www.rte.ie/news/2020/0318/1123944-ciara-kelly-coronavirus/", "urlToImage": "https://img.rasset.ie/0013ec3c-1600.jpg", "publishedAt": "2020-03-18T16:02:37Z", "content": "Broadcaster Dr Ciara Kelly has said she has been diagnosed with Covid-19 after feeling unwell over the weekend.\r\nSpeaking to Joe Duffy on RT\u00c9's Liveline, Dr Kelly said she was tested on Sunday morning when a paramedic came to her home to carry out the test.\r\n\u2026 [+2071 chars]"}, {"source": {"id": "rte", "name": "RTE"}, "author": "Ingrid Miley", "title": "Covid-19: Public servants to be temporarily redeployed", "description": "The Department of Public Expenditure and Reform has published new guidelines on temporary redeployment of public servants to support services under pressure due to the Covid-19.", "url": "https://www.rte.ie/news/coronavirus/2020/0318/1123957-public-servants-covid-19/", "urlToImage": "https://img.rasset.ie/000cb8bd-1600.jpg", "publishedAt": "2020-03-18T16:04:03Z", "content": "The Department of Public Expenditure and Reform has published new guidelines on temporary redeployment of public servants to support services under pressure due to the Covid-19.\r\nIn a circular from the Civil Service HR Division to managers across the public s\u2026 [+1620 chars]"}]}