{"status": "ok", "totalResults": 19, "articles": [{"source": {"id": "rte", "name": "RTE"}, "author": "RT\u00c9 News", "title": "Thousands to receive emergency Covid-19 payment", "description": "90% of applications for the Covid-19 Pandemic Unemployment Payment have been processed and people should be receiving money into their bank accounts today - follow the latest developments on the coronavirus outbreak.", "url": "https://www.rte.ie/news/2020/0331/1127463-coronavirus-tracker/", "urlToImage": "https://img.rasset.ie/001407a9-1600.jpg", "publishedAt": "2020-03-31T06:26:05Z", "content": "RT\u00c9.ie is the website of Raidi\u00f3 Teilif\u00eds \u00c9ireann, Ireland's National Public Service Broadcaster.RT\u00c9 is not responsible for the content of external internet sites. Images courtesy of Sportsfile and Getty Images\r\n\u00a9 RT\u00c9 2020"}, {"source": {"id": "rte", "name": "RTE"}, "author": "RT\u00c9 News", "title": "Explained: The Covid-19 nightly numbers", "description": "With Covid-19, the numbers are coming at us all quickly. Every night there's a update, every day a further briefing.", "url": "https://www.rte.ie/news/primetime/2020/0331/1127626-explained-the-covid-19-nightly-numbers/", "urlToImage": "https://img.rasset.ie/001408c1-1600.jpg", "publishedAt": "2020-03-31T15:09:21Z", "content": "With Covid-19 the numbers are coming at us all constantly. Every night there's an update, every day a further briefing.\r\nMany of us use the numbers of 'confirmed positives' to gauge how the country is handling the crisis. But not every update is equal - on Tu\u2026 [+1267 chars]"}, {"source": {"id": "rte", "name": "RTE"}, "author": "RT\u00c9 News", "title": "Covid-19 hospital partnership 'not totally open-ended'", "description": "Chair of the Private Hospitals Association has said the time frame of the public/private hospital partnership is \"not totally open-ended\" but private hospitals will play their part as required.", "url": "https://www.rte.ie/news/coronavirus/2020/0331/1127482-coronavirus-covid19-health-ireland/", "urlToImage": "https://img.rasset.ie/0013e12e-1600.jpg", "publishedAt": "2020-03-31T08:28:41Z", "content": "Chair of the Private Hospitals Association\u00a0has said the time frame of the public/private hospital partnership is \"not totally open ended\" but private hospitals will play their part as required.\r\nDr Josh Keaveny\u00a0told RT\u00c9's Today with Sean O'Rourke that the ini\u2026 [+5750 chars]"}, {"source": {"id": "rte", "name": "RTE"}, "author": "Will Goodbody", "title": "Banks issue warning about Covid-19 scam attempts", "description": "The banking industry here has warned consumers to be on the lookout for an expected rise in online fraud and scam attempts that try to take advantage of the circumstances around the Covid-19 crisis.", "url": "https://www.rte.ie/news/business/2020/0331/1127574-banks-issue-warning-about-covid-19-scam-attempts/", "urlToImage": "https://img.rasset.ie/0008f803-1600.jpg", "publishedAt": "2020-03-31T11:55:37Z", "content": "The banking industry here has warned consumers to be on the lookout for an expected rise in online fraud and scam attempts that try to take advantage of the circumstances around the Covid-19 crisis.\r\nThe Banking and Payments Federation Ireland (BPFI) FraudSMA\u2026 [+3868 chars]"}, {"source": {"id": "rte", "name": "RTE"}, "author": "RT\u00c9 News", "title": "12-year-old girl in Belgium dies from Covid-19", "description": "A 12-year-old girl confirmed infected with Covid-19 has died in Belgium, health officials have said.", "url": "https://www.rte.ie/news/coronavirus/2020/0331/1127572-covid-19-belgium-girl-death/", "urlToImage": "https://img.rasset.ie/0013ffa9-1600.jpg", "publishedAt": "2020-03-31T12:11:13Z", "content": "A 12-year-old girl confirmed infected with Covid-19 has died in Belgium, health officials have said.\u00a0\r\nA fatality at such a young age \"is a very rare occurrence,\" said government spokesman Dr Emmanuel Andre, adding that her death \"shook us\".\u00a0\r\nThe girl had ha\u2026 [+1342 chars]"}, {"source": {"id": "rte", "name": "RTE"}, "author": "Sin\u00e9ad Crowley", "title": "Covid-19: theatre to offer bursaries worth \u20ac20,000", "description": "Five bursaries worth in excess of \u20ac20,000 are being offered by the Axis Theatre in Ballymun in Dublin to help artists during the Covid-19 pandemic.", "url": "https://www.rte.ie/news/2020/0331/1127669-bursaries-coronavirus/", "urlToImage": "https://img.rasset.ie/00140933-1600.jpg", "publishedAt": "2020-03-31T17:12:13Z", "content": "Five bursaries worth in excess of \u20ac20,000 are being offered by the Axis Theatre in Ballymun in Dublin to help artists during the Covid-19 pandemic.\r\nThere will also be an\u00a0additional \u20ac12,000 worth of 'support in kind' is also available via mentorship, residenc\u2026 [+773 chars]"}, {"source": {"id": "rte", "name": "RTE"}, "author": "RT\u00c9 News", "title": "Work to stop on Children's Hospital during Covid-19", "description": "Construction firm BAM has said work is to cease on the National Children's Hospital as a result of Covid-19 measures.", "url": "https://www.rte.ie/news/coronavirus/2020/0331/1127674-childrens-hospital/", "urlToImage": "https://img.rasset.ie/0014092f-1600.jpg", "publishedAt": "2020-03-31T17:36:38Z", "content": "Construction firm BAM has said work is to cease on the National Children's Hospital as a result of Covid-19 measures.\r\nIn a statement this evening it said it had received confirmation from the National Paediatric Hospital Development Board that work on the ho\u2026 [+724 chars]"}, {"source": {"id": "rte", "name": "RTE"}, "author": "Robert Shortt", "title": "'Substancial' extra borrowing needed in Covid-19 crisis", "description": "The Parliamentary Budget Office (PBO) has said 'substantial' extra borrowing will be required to cover the cost of tackling the Covid-19 pandemic.", "url": "https://www.rte.ie/news/business/2020/0331/1127563-covid-19-borrowing-pbo/", "urlToImage": "https://img.rasset.ie/000c14ac-1600.jpg", "publishedAt": "2020-03-31T11:25:04Z", "content": "The Parliamentary Budget Office (PBO) has said \"substantial\"\u00a0extra borrowing will be required to cover the cost of tackling the Covid-19 pandemic.\u00a0\r\nIn an analysis published today, the PBO says the total cost of the spending already planned by the Government \u2026 [+932 chars]"}, {"source": {"id": "rte", "name": "RTE"}, "author": "RT\u00c9 News", "title": "Covid-19: US Navy captain said carrier faces risk", "description": "The captain of the US aircraft carrier Theodore Roosevelt told the Pentagon that Covid-19 is spreading uncontrollably through his ship and called for immediate help to quarantine its huge crew, two US newspapers reported.", "url": "https://www.rte.ie/news/2020/0331/1127676-us-navy-coronavirus/", "urlToImage": "https://img.rasset.ie/0014093f-1600.jpg", "publishedAt": "2020-03-31T18:09:02Z", "content": "The captain of the US aircraft carrier Theodore Roosevelt told the Pentagon that Covid-19 is spreading uncontrollably through his ship and called for immediate help to quarantine its huge crew, two US newspapers reported.\r\nCaptain Brett Crozier wrote in a fou\u2026 [+5128 chars]"}, {"source": {"id": "rte", "name": "RTE"}, "author": "Laura Hogan", "title": "Covid-19 patients asked to take part in clinical trials", "description": "Critically ill patients with Covid19 in Ireland will be asked to take part in a clinical trial on how to treat the disease.", "url": "https://www.rte.ie/news/coronavirus/2020/0331/1127678-coronavirus-ireland-clinical-trials/", "urlToImage": "https://img.rasset.ie/0013f3e4-1600.jpg", "publishedAt": "2020-03-31T17:57:17Z", "content": "Critically ill patients with Covid19 in Ireland will be asked to take part in a clinical trial on how to treat the disease.\r\nThe trial will test the effects of different interventions for Covid 19 patients, who are being treated in intensive care units.\u00a0\r\nThe\u2026 [+2969 chars]"}, {"source": {"id": "rte", "name": "RTE"}, "author": "Ingrid Miley", "title": "Communicorp to cut staff pay due to Covid-19 impact", "description": "The Communicorp media organisation which owns Newstalk, Today FM, Spin 1038, Spin Southwest and 98FM has announced pay cuts for staff of up to 25% due to the Covid-19 emergency.", "url": "https://www.rte.ie/news/ireland/2020/0331/1127661-communicorp-pay-cuts/", "urlToImage": "https://img.rasset.ie/0009ca83-1600.jpg", "publishedAt": "2020-03-31T16:40:03Z", "content": "The Communicorp media organisation which owns Newstalk, Today FM, Spin 1038, Spin Southwest and 98FM has announced pay cuts for staff of up to 25% due to the Covid-19 emergency.\r\nIt's understood that under the cuts outlined to staff today, the first \u20ac30,000 o\u2026 [+693 chars]"}, {"source": {"id": "rte", "name": "RTE"}, "author": "RT\u00c9 News", "title": "Covid-19 the worst global crisis since WW II - UN chief", "description": "The coronavirus pandemic is the worst global crisis since World War II, UN Secretary-General Antonio Guterres said, expressing concern that it could trigger conflicts around the world.", "url": "https://www.rte.ie/news/2020/0331/1127705-um-coronavirus/", "urlToImage": "https://img.rasset.ie/00140992-1600.jpg", "publishedAt": "2020-03-31T22:07:05Z", "content": "The coronavirus pandemic is the worst global crisis since World War II, UN Secretary-General Antonio Guterres said, expressing concern that it could trigger conflicts around the world.\r\nMr Guterres said that the scale of the crisis was due to \"a disease that \u2026 [+1742 chars]"}, {"source": {"id": "rte", "name": "RTE"}, "author": "RT\u00c9 Sport", "title": "Italy flanker Mbanda aiding Covid-19 patients", "description": "Italy flanker Maxime Mbanda has vowed to push through the fear and keep driving ambulances carrying coronavirus patients to and from hospital.", "url": "https://www.rte.ie/sport/rugby/2020/0331/1127587-italy-flanker-mbanda-aiding-covid-19-patients/", "urlToImage": "https://img.rasset.ie/0014088d-1600.jpg", "publishedAt": "2020-03-31T12:56:31Z", "content": "Italy flanker Maxime Mbanda has vowed to push through the fear and keep driving ambulances carrying coronavirus patients to and from hospital.\r\nThe Zebre back-row forward is volunteering for Italy's Yellow Cross charity, driving Covid-19 patients to hospital \u2026 [+4815 chars]"}, {"source": {"id": "rte", "name": "RTE"}, "author": "RT\u00c9 Sport", "title": "Maracana helping out as hospital for Covid-19 patients", "description": "Lorries and labourers moved into the famous Maracana stadium in Rio de Janeiro on Tuesday to start building a field hospital that will host patients carrying the coronavirus.", "url": "https://www.rte.ie/sport/soccer/2020/0331/1127701-maracana-helping-out-as-hospital-for-ciovid-19-patients/", "urlToImage": "https://img.rasset.ie/00140986-1600.jpg", "publishedAt": "2020-03-31T21:37:53Z", "content": "Lorries and labourers moved into the famous Maracana stadium in Rio de Janeiro on Tuesday to start building a field hospital that will host patients carrying the coronavirus.\r\nThe facility, built in the car park surrounding the 80,000 capacity stadium, will h\u2026 [+1172 chars]"}, {"source": {"id": "rte", "name": "RTE"}, "author": "RT\u00c9 News", "title": "Euro zone inflation slows amid oil price war, Covid-19", "description": "Euro zone inflation slowed sharply in March, a first estimate from Eurostat showed today.", "url": "https://www.rte.ie/news/business/2020/0331/1127519-euro-zone-inflation/", "urlToImage": "https://img.rasset.ie/000986bb-1600.jpg", "publishedAt": "2020-03-31T09:37:40Z", "content": "Euro zone inflation slowed sharply in March, a first estimate from Eurostat showed today.\r\nThis comes as an oil price war between Russia and Saudi Arabia slashed energy prices and the coronavirus pandemic brought economic activity acrossthe bloc almost to a h\u2026 [+935 chars]"}, {"source": {"id": "rte", "name": "RTE"}, "author": "RT\u00c9 Entertainment", "title": "7 major movies delayed amid Covid-19 pandemic", "description": "Sony has delayed the release of 7 major movies, including the latest Ghostbusters instalment and the Spider-Man spin-off, Moribus.", "url": "https://www.rte.ie/entertainment/2020/0331/1127475-7-major-movies-delayed-amid-covid-19-pandemic/", "urlToImage": "https://img.rasset.ie/001407b0-1600.jpg", "publishedAt": "2020-03-31T07:21:55Z", "content": "Sony has delayed the release of 7 major movies, including the latest Ghostbusters instalment and the Spider-Man spin-off, Moribus.\r\nThe Hollywood studio has decided to postpone the release of seven upcoming big titles as the coronavirus continues to devastate\u2026 [+1727 chars]"}, {"source": {"id": "rte", "name": "RTE"}, "author": "RT\u00c9 Entertainment", "title": "Morrison teases new music amid Covid-19 isolation", "description": "Van Morrison has admitted he's feeling ''lazy'' and said he is ''trying to get back into writing''.", "url": "https://www.rte.ie/entertainment/2020/0331/1127527-morrison-teases-new-music-amid-covid-19-isolation/", "urlToImage": "https://img.rasset.ie/001407f6-1600.jpg", "publishedAt": "2020-03-31T10:24:51Z", "content": "EVan Morrison has admitted he's feeling ''lazy'' and said he is ''trying to get back into writing''.\r\nThe 74-year-old singer is hoping to put pen to paper and create new tunes during the Covid-19 isolation period.\r\nSpeaking to\u00a0The Independent newspaper, he sa\u2026 [+780 chars]"}, {"source": {"id": "rte", "name": "RTE"}, "author": "RT\u00c9 Entertainment", "title": "Star Wars actor Andrew Jack dies from Covid-19", "description": "Star Wars actor and Hollywood voice coach Andrew Jack has died from complications related to coronavirus.", "url": "https://www.rte.ie/entertainment/2020/0331/1127671-star-wars/", "urlToImage": "https://img.rasset.ie/0014093e-1600.jpg", "publishedAt": "2020-03-31T18:31:20Z", "content": "Star Wars actor and Hollywood voice coach Andrew Jack has died from complications related to coronavirus.\r\nA representative for the actor Jill McCullough, told online entertainment site TMZ\u00a0that he had died\u00a0this morning in a hospital close to London. His wife\u2026 [+1622 chars]"}, {"source": {"id": "rte", "name": "RTE"}, "author": "RT\u00c9 Entertainment", "title": "Fair City's Jim Bartley on Covid-19: 'This is a war'", "description": "As he continues his cocooning away from the danger of Covid-19, Fair City star Jim Bartley has told RT\u00c9 One's Claire Byrne Live: \"This is a war, and we need to behave like it is a war.\"", "url": "https://www.rte.ie/entertainment/2020/0331/1127491-fair-citys-jim-bartley-on-covid-19-this-is-a-war/", "urlToImage": "https://img.rasset.ie/001407c4-1600.jpg", "publishedAt": "2020-03-31T08:32:50Z", "content": "As he continues his cocooning away from the danger of Covid-19, Fair City star Jim Bartley has told RT\u00c9 One's Claire Byrne Live: \"This is a war, and we need to behave like it is a war.\"\r\nThe Carrigstown stalwart joined the Covid-19 discussion from his home on\u2026 [+757 chars]"}]}