{"status": "ok", "totalResults": 25, "articles": [{"source": {"id": "rte", "name": "RTE"}, "author": "RT\u00c9 News", "title": "Covid-19: Italy's death toll reaches 8,215", "description": "Doctors and nurses in overwhelmed hospitals in northern Italy have welcomed a slight stabilising in the number of infections, but fears are rising that the coronavirus is still silently spreading in the south two weeks into the nationwide shutdown as the deat\u2026", "url": "https://www.rte.ie/news/coronavirus/2020/0327/1126819-covid-19-italys-death-toll-reaches-8-215/", "urlToImage": "https://img.rasset.ie/00140272-1600.jpg", "publishedAt": "2020-03-27T14:10:11Z", "content": "Doctors and nurses in overwhelmed hospitals in northern Italy have welcomed a slight stabilising in the number of infections, but fears are rising that the coronavirus is still silently spreading in the south two weeks into the nationwide shutdown.\r\nVirologis\u2026 [+1492 chars]"}, {"source": {"id": "rte", "name": "RTE"}, "author": "RT\u00c9 News", "title": "Minister answers children's questions on Covid-19", "description": "Many children have questions about what is happening, so RT\u00c9 news2day - RT\u00c9's new programme aimed at younger viewers - invited them to send in their questions for the Minister for Health, Simon Harris, to answer.", "url": "https://www.rte.ie/news/coronavirus/2020/0327/1126758-news2day/", "urlToImage": "https://img.rasset.ie/00140208-1600.jpg", "publishedAt": "2020-03-27T10:47:09Z", "content": "A\u00a0few months ago, we had not heard about coronavirus, Covid-19.\r\nNow it seems it is the only thing being talked about.\r\nMany children have questions about what is happening, so RT\u00c9 news2day -\u00a0RT\u00c9's new programme aimed at younger viewers -\u00a0invited them to send\u2026 [+553 chars]"}, {"source": {"id": "rte", "name": "RTE"}, "author": "RT\u00c9 News", "title": "New Covid-19 update from Taoiseach", "description": "Taoiseach Leo Varadkar is set to give the public a further update on the\u00a0Government's response to the coronavirus pandemic.", "url": "https://www.rte.ie/news/2020/0327/1126904-leo-new-update/", "urlToImage": "https://img.rasset.ie/0013fcbc-1600.jpg", "publishedAt": "2020-03-27T19:59:08Z", "content": "Taoiseach Leo Varadkar is set to give the public a further update on the\u00a0Government's response to the coronavirus pandemic.\r\nThe briefing will be live on RT\u00c9 One and RT\u00c9 News Now at 8.30pm.\r\nMr Varadkar tweeted: \"I'll give a further update on the Government\u2019s\u2026 [+225 chars]"}, {"source": {"id": "rte", "name": "RTE"}, "author": "RT\u00c9 News", "title": "Covid-19: Taoiseach announces further restrictions", "description": "Taoiseach Leo Varadkar has said that from midnight tonight and for a two-week period, everybody must stay at home, except in specific circumstances.", "url": "https://www.rte.ie/news/2020/0327/1126904-taoiseach-announces-restrictions/", "urlToImage": "https://img.rasset.ie/00140321-1600.jpg", "publishedAt": "2020-03-27T19:59:08Z", "content": "Taoiseach Leo Varadkar has said that from midnight tonight until 12 April, everybody must stay at home except in specific circumstances.\r\nHe made the announcement in an update on the\u00a0Government's response to the coronavirus pandemic at a press conference at G\u2026 [+4045 chars]"}, {"source": {"id": "rte", "name": "RTE"}, "author": "George Lee", "title": "Covid-19: Who are the essential workers?", "description": "The list of essential workers and those who will be free to travel for work purposes following the new Covid-19 restrictions will be published in full by the Government tomorrow.", "url": "https://www.rte.ie/news/2020/0327/1126921-essential-workers-ireland/", "urlToImage": "https://img.rasset.ie/000650de-1600.jpg", "publishedAt": "2020-03-27T22:48:46Z", "content": "The list of essential workers and those who will be free to travel for work purposes following the new Covid-19 restrictions will be published in full by the Government tomorrow.\r\nHowever, RT\u00c9 News understands that the broad categories include\u00a0those who work \u2026 [+607 chars]"}, {"source": {"id": "rte", "name": "RTE"}, "author": "Fiachra \u00d3 Cionnaith", "title": "Irish citizens stuck on cruise during Covid-19 outbreak", "description": "Up to a dozen Irish citizens are on board a cruise liner which is being refused entry to Panama after four passengers died from coronavirus and more than 140 others contracted the virus.", "url": "https://www.rte.ie/news/coronavirus/2020/0327/1126880-cruise-ship-irish-covid-19/", "urlToImage": "https://img.rasset.ie/001402f4-1600.jpg", "publishedAt": "2020-03-27T18:14:19Z", "content": "Up to a dozen Irish citizens are on board a cruise liner which is being refused entry to Panama after four passengers died from coronavirus and more than 140 others contracted the virus.\r\nRT\u00c9 News understands the Irish passengers are on board the Seattle-base\u2026 [+1447 chars]"}, {"source": {"id": "rte", "name": "RTE"}, "author": "Cian McCormack", "title": "Calls for seasonal workers to get Covid-19 payment", "description": "Thousands of seasonal workers in the tourism industry, who lost their jobs before they were about to start them, do not qualify for new Covid-19 unemployment payments.", "url": "https://www.rte.ie/news/ireland/2020/0327/1126709-calls-for-seasonal-workers-to-get-covid-19-payment/", "urlToImage": "https://img.rasset.ie/0003b858-1600.jpg", "publishedAt": "2020-03-27T08:17:44Z", "content": "Thousands of seasonal workers in the tourism industry, who lost their jobs before they were about to start them, do not qualify for new Covid-19 unemployment payments.\r\nThat's according to the Irish Hotel's Federation who is calling on the government for 'sec\u2026 [+7945 chars]"}, {"source": {"id": "rte", "name": "RTE"}, "author": "Ingrid Miley", "title": "Part-time workers can avail of Covid-19 payment", "description": "The Department of Employment Affairs and Social Protection has said that part-time workers can avail of the new emergency Covid-19 Pandemic Unemployment Payment.", "url": "https://www.rte.ie/news/2020/0327/1126835-covid-19-payment-part-time-workers/", "urlToImage": "https://img.rasset.ie/0013ff16-1600.jpg", "publishedAt": "2020-03-27T15:18:27Z", "content": "The Department of Employment Affairs and Social Protection has said that part-time workers can avail of the new emergency Covid-19 Pandemic Unemployment Payment.\r\nThe Department said the income support can be claimed by people aged between 18 and 66, who are \u2026 [+1756 chars]"}, {"source": {"id": "rte", "name": "RTE"}, "author": "RT\u00c9 News", "title": "Covid-19: UK experiences record increase in death toll", "description": "Official figures released on Friday morning revealed that deaths attributed to the coronavirus in the UK have risen by 181 to 759.", "url": "https://www.rte.ie/news/coronavirus/2020/0327/1126827-covid-19-uk-experiences-record-increase-in-death-toll/", "urlToImage": "https://img.rasset.ie/0014029a-1600.jpg", "publishedAt": "2020-03-27T14:56:21Z", "content": "Official figures released on Friday morning revealed that deaths attributed to the coronavirus in the UK have risen by 181 to 759.\r\nAs of 9am, a total of\u00a0113,777 people had been tested in the UK, with 99,198 returning negative results, while 14,579 tested pos\u2026 [+1932 chars]"}, {"source": {"id": "rte", "name": "RTE"}, "author": "Vincent Kearney", "title": "Bells of hope: Churches ring out during Covid-19 crisis", "description": "Churches across Northern Ireland rang their bells at midday to acknowledge the efforts of healthcare workers on the frontline during the coronavirus crisis.", "url": "https://www.rte.ie/news/coronavirus/2020/0327/1126794-church-bells/", "urlToImage": "https://img.rasset.ie/00140235-1600.jpg", "publishedAt": "2020-03-27T12:25:48Z", "content": "Churches across Northern Ireland rang their bells at midday\u00a0to acknowledge the efforts of healthcare workers on the frontline during the coronavirus crisis.\r\nThe initiative also aims to give people a sense of hope in the weeks and months ahead.\r\nAt noon today\u2026 [+605 chars]"}, {"source": {"id": "rte", "name": "RTE"}, "author": "RT\u00c9 News", "title": "US Navy deploying hospital ships to assist Covid fight", "description": "The US Navy is deploying hospital ships as part of the country's fight against the Covid-19 pandemic.", "url": "https://www.rte.ie/news/newslens/2020/0327/1126704-navy-hospital-ships/", "urlToImage": "https://img.rasset.ie/001401d4-1600.jpg", "publishedAt": "2020-03-27T07:54:00Z", "content": "The US Navy is deploying hospital ships as part of the country's fight against the Covid-19 pandemic.\r\nThe ships will act as referral hospitals for non-Covid-19 patients who have been admitted to regular, shore-based hospitals.\r\nThis will allow these hospital\u2026 [+779 chars]"}, {"source": {"id": "rte", "name": "RTE"}, "author": "George Lee", "title": "Emergency group to meet as Covid-19 deaths double", "description": "The National Public Health Emergency Team will meet today for the third time this week as the numbers of people in Ireland contracting and dying from coronavirus continues to grow.", "url": "https://www.rte.ie/news/coronavirus/2020/0327/1126691-coronavirus-ireland/", "urlToImage": "https://img.rasset.ie/001401c3-1600.jpg", "publishedAt": "2020-03-27T06:32:37Z", "content": "The National Public Health Emergency Team will meet today for the third time this week as the numbers of people in Ireland contracting and dying from coronavirus continues to grow.\r\nYesterday, the Department of Health confirmed the deaths of a further ten peo\u2026 [+3403 chars]"}, {"source": {"id": "rte", "name": "RTE"}, "author": "RT\u00c9 News", "title": "British PM Boris Johnson tests positive for Covid-19", "description": "British Prime Minister Boris Johnson has tested positive for coronavirus and is self-isolating.", "url": "https://www.rte.ie/news/uk/2020/0327/1126767-british-pm-boris-johnson-tests-positive-for-covid-19/", "urlToImage": "https://img.rasset.ie/0013ffbc-1600.jpg", "publishedAt": "2020-03-27T11:23:09Z", "content": "British Prime Minister Boris Johnson has tested positive for coronavirus and is self-isolating.\r\nMr Johnson said he will still lead the government's response to the outbreak.\r\n\"Over the last 24 hours I have developed mild symptoms and tested positive for coro\u2026 [+985 chars]"}, {"source": {"id": "rte", "name": "RTE"}, "author": "RT\u00c9 News", "title": "Covid-19: France death toll rises to 1,696", "description": "A jump in coronavirus cases will put France under huge pressure in coming days, its prime minister said on Friday, after reporting its highest daily death toll, with officials fearing hospitals in and around Paris could be saturated in 48 hours.", "url": "https://www.rte.ie/news/coronavirus/2020/0327/1126864-covid-19-france-death-toll-rises-to-1-696/", "urlToImage": "https://img.rasset.ie/001402d1-1600.jpg", "publishedAt": "2020-03-27T16:58:54Z", "content": "A jump in coronavirus cases will put France under huge pressure in coming days, its prime minister said on Friday, after reporting its highest daily death toll, with officials fearing hospitals in and around Paris could be saturated in 48 hours.\r\nParis and it\u2026 [+2151 chars]"}, {"source": {"id": "rte", "name": "RTE"}, "author": "RT\u00c9 News", "title": "More interesting things to dream about during Covid-19", "description": "Life in lockdown could be causing people to have longer, more memorable and more intense or emotional dreams, an expert has said.", "url": "https://www.rte.ie/news/coronavirus/2020/0327/1126749-more-interesting-things-to-dream-about-during-covid-19/", "urlToImage": "https://img.rasset.ie/00140203-1600.jpg", "publishedAt": "2020-03-27T10:25:42Z", "content": "Life in lockdown could be causing people to have longer, more memorable and more intense or emotional dreams, an expert has said.\r\nIncreased financial pressures, cabin fever, and a lack of stimulation caused by staying at home for days on end could all result\u2026 [+2416 chars]"}, {"source": {"id": "rte", "name": "RTE"}, "author": "RT\u00c9 News", "title": "Covid-19: Spain virus death toll rises by 769 in a day", "description": "The death toll in Spain soared over 4,800 after 769 people died in 24 hours, in what was a record one-day figure for fatalities in the country.", "url": "https://www.rte.ie/news/2020/0327/1126772-spain-covid-19/", "urlToImage": "https://img.rasset.ie/00140218-1600.jpg", "publishedAt": "2020-03-27T11:39:12Z", "content": "The death toll in Spain soared over 4,800 after 769 people died in 24 hours, in what was a record one-day figure for fatalities in the country.\r\nSpain has the world's second-highest death toll after Italy, and has so far suffered 4,858 deaths, while the numbe\u2026 [+1067 chars]"}, {"source": {"id": "rte", "name": "RTE"}, "author": "RT\u00c9 News", "title": "Total Produce trading 'satisfactorily' despite Covid-19", "description": "Fresh produce provider Total Produce has said that while it is still too early to predict the full effects of Covid-19, it is continuing to trade satisfactorily considering the challenging economic environment.", "url": "https://www.rte.ie/news/business/2020/0327/1126701-total-produce-trading-update/", "urlToImage": "https://img.rasset.ie/000a1bdf-1600.jpg", "publishedAt": "2020-03-27T07:44:53Z", "content": "Fresh produce provider Total Produce has said that while it is still too early to predict the full effects of Covid-19, it is continuing to trade satisfactorily considering the challenging economic environment.\r\nIn a trading update, Total Produce said it reco\u2026 [+1366 chars]"}, {"source": {"id": "rte", "name": "RTE"}, "author": "RT\u00c9 Sport", "title": "Dybala feeling 'much better' after Covid-19 diagnosis", "description": "Juventus forward Paulo Dybala says he feels \"much better\" and is ready to restart a training regime after his coronavirus diagnosis.", "url": "https://www.rte.ie/sport/soccer/2020/0327/1126884-dybala-feeling-much-better-after-covid-19-diagnosis/", "urlToImage": "https://img.rasset.ie/001402f8-1600.jpg", "publishedAt": "2020-03-27T18:25:39Z", "content": "Juventus forward Paulo Dybala says he feels \"much better\" and is ready to restart a training regime after his coronavirus diagnosis.\r\nThe 26-year-old Argentina international announced last week that he and his girlfriend Oriana Sabatini had both tested positi\u2026 [+1062 chars]"}, {"source": {"id": "rte", "name": "RTE"}, "author": "RT\u00c9 Sport", "title": "F1 teams producing ventilators for Covid-19 treatment", "description": "Seven Formula One teams are working on manufacturing ventilators to assist with the treatment of the coronavirus.", "url": "https://www.rte.ie/sport/motorsport/2020/0327/1126919-f1-teams-producing-ventilators-for-covid-19-treatment/", "urlToImage": "https://img.rasset.ie/00140337-1600.jpg", "publishedAt": "2020-03-27T22:37:09Z", "content": "Seven Formula One teams are working on manufacturing ventilators to assist with the treatment of the coronavirus.\r\nMercedes, McLaren, Red Bull, Racing Point, Haas, Renault and Williams are collectively part of 'Project Pitlane', seeking to pool their engineer\u2026 [+1066 chars]"}, {"source": {"id": "rte", "name": "RTE"}, "author": "Will Goodbody", "title": "Irish firm offers home testing for Covid-19 to HSE", "description": "Irish firm, LetsGetChecked, has written to the HSE and Minister for Health to offer its testing kits direct to consumers so that they can test themselves for Covid-19 at home.", "url": "https://www.rte.ie/news/business/2020/0327/1126828-irish-firm-offers-home-testing-for-covid-19-to-hse/", "urlToImage": "https://img.rasset.ie/0014027f-1600.jpg", "publishedAt": "2020-03-27T14:59:28Z", "content": "Irish firm, LetsGetChecked, has written to the HSE and Minister for Health to offer its testing kits direct to consumers so that they can test themselves for Covid-19 at home.\u00a0\r\nThe Dublin headquartered firm has developed a two-part test for coronavirus and c\u2026 [+1063 chars]"}, {"source": {"id": "rte", "name": "RTE"}, "author": "Vincent Kearney", "title": "NI ministers praise companies for aid in Covid-19 fight", "description": "The Stormont Assembly has praised nearly 100 companies in Northern Ireland for helping the health service source vital equipment to combat the impact of Covid-19.", "url": "https://www.rte.ie/news/coronavirus/2020/0327/1126669-coronavirus-northern-ireland/", "urlToImage": "https://img.rasset.ie/00133aa4-1600.jpg", "publishedAt": "2020-03-27T06:00:07Z", "content": "The Stormont Assembly has praised nearly 100 companies in Northern Ireland for helping the health service source vital equipment to combat the impact Covid-19.\r\nMinisters with responsibility for health, finance and the economy issued a joint statement thankin\u2026 [+1606 chars]"}, {"source": {"id": "rte", "name": "RTE"}, "author": "Aisling Kenny", "title": "Emergency Covid-19 bill passes all stages in Seanad", "description": "The Emergency Measures in the Public Interest Bill has passed all stages in the Seanad without a vote.", "url": "https://www.rte.ie/news/politics/2020/0327/1126875-politics-emergency-measures-bill-covid-19/", "urlToImage": "https://img.rasset.ie/00133653-1600.jpg", "publishedAt": "2020-03-27T18:11:37Z", "content": "The Emergency Measures in the Public Interest Bill has passed all stages in the Seanad without a vote.\r\nIt now goes to\u00a0President Michael D Higgins to be signed into law.\r\nThe proposed legislation provides for regulations and income supports, aimed at reducing\u2026 [+622 chars]"}, {"source": {"id": "rte", "name": "RTE"}, "author": "RT\u00c9 News", "title": "Covid-19: Three more deaths, 302 new cases in Republic", "description": "Three more people have died from Covid-19 in the Republic of Ireland, the National Public Health Emergency Team has revealed.", "url": "https://www.rte.ie/news/2020/0327/1126887-ireland-covid19-update/", "urlToImage": "https://img.rasset.ie/0013ffb0-1600.jpg", "publishedAt": "2020-03-27T18:53:39Z", "content": "Three more people have died from Covid-19 in the Republic of Ireland, the\u00a0National Public Health Emergency Team\u00a0has revealed.\r\nOne was a male\u00a0in the north-west of the country, alongside\u00a0two female patients\u00a0in the east.\r\nThere have now been 22 coronavirus-rela\u2026 [+989 chars]"}, {"source": {"id": "rte", "name": "RTE"}, "author": "Philip Bromwell", "title": "Covid-19 patient pays tribute to Tallaght nurses", "description": "A physical therapist from Dublin has paid tribute to the nurses who looked after him while he was in hospital with Covid-19.", "url": "https://www.rte.ie/news/2020/0327/1126890-covid-19-patient-pays-tribute-to-tallaght-nurses/", "urlToImage": "https://img.rasset.ie/00140304-1600.jpg", "publishedAt": "2020-03-27T19:55:26Z", "content": "A physical therapist from Dublin has paid tribute to the nurses who looked after him while he was in\u00a0hospital\u00a0with Covid-19.\r\nIn a video posted on LinkedIn, Stephen McDonald described staff at Tallaght Hospital as \"the cream of our society\".\r\nMr\u00a0McDonald said\u2026 [+921 chars]"}, {"source": {"id": "rte", "name": "RTE"}, "author": "Paschal Sheehy", "title": "Volvo Cork Week cancelled due to Covid-19 pandemic", "description": "The Volvo Cork Week 2020 sailing regatta has been cancelled due to the coronavirus pandemic.", "url": "https://www.rte.ie/news/2020/0327/1126877-volvo-cork-week-cancelled/", "urlToImage": "https://img.rasset.ie/001402e6-1600.jpg", "publishedAt": "2020-03-27T18:06:47Z", "content": "The Volvo Cork Week 2020 sailing regatta has been cancelled due to the coronavirus pandemic.\r\nIt is one of a number of events being organised for July by the Royal Cork Yacht Club to celebrate its tricentenary.\r\nAll events for the month have now been cancelle\u2026 [+2535 chars]"}]}