{"status": "ok", "totalResults": 8, "articles": [{"source": {"id": "rte", "name": "RTE"}, "author": "RT\u00c9 News", "title": "Covid-19: Electronic testing available to GPs", "description": "Pubs and bars have joined the list of venues around the country to close amid measures to combat the spread of coronavirus - follow updates on developments at home and abroad on our live blog.", "url": "https://www.rte.ie/news/2020/0316/1123464-coronavirus-tracker/", "urlToImage": "https://img.rasset.ie/0013e859-1600.jpg", "publishedAt": "2020-03-16T06:50:08Z", "content": "RT\u00c9.ie is the website of Raidi\u00f3 Teilif\u00eds \u00c9ireann, Ireland's National Public Service Broadcaster.RT\u00c9 is not responsible for the content of external internet sites. Images courtesy of Sportsfile and Getty Images\r\n\u00a9 RT\u00c9 2020"}, {"source": {"id": "rte", "name": "RTE"}, "author": "Fergal Bowers", "title": "Croke Park to be used as Covid-19 testing centre", "description": "Croke Park is to be used as a Covid-19 drive-though testing centre,\u00a0as new figures to be published this evening will show a significant increase in confirmed cases in the Republic of Ireland.", "url": "https://www.rte.ie/news/coronavirus/2020/0316/1123602-croke-park-to-be-used-as-covid-19-testing-centre/", "urlToImage": "https://img.rasset.ie/0013982f-1600.jpg", "publishedAt": "2020-03-16T18:03:10Z", "content": "Croke Park is to be used as a Covid-19 drive-though testing centre, as new figures to be published this evening will show a significant increase in confirmed cases in the Republic of Ireland, RT\u00c9 has learned.\r\nThe GAA\u00a0has offered its national stadium\u00a0for test\u2026 [+990 chars]"}, {"source": {"id": "rte", "name": "RTE"}, "author": "Tommie Gorman", "title": "NI Covid-19 policy on school closures to be challenged", "description": "Northern Ireland's policy of not closing schools despite the worsening coronavirus problem will be challenged at a meeting of the power-sharing executive at Stormont this morning.", "url": "https://www.rte.ie/news/coronavirus/2020/0316/1123469-coronavirus-northern-ireland/", "urlToImage": "https://img.rasset.ie/0013e85c-1600.jpg", "publishedAt": "2020-03-16T07:13:25Z", "content": "Northern Ireland's policy of not closing schools despite the worsening coronavirus problem will be challenged at a meeting of the power-sharing executive at Stormont this morning. \u00a0\r\nSinn F\u00e9in and SDLP ministers want to immediately shut schools but DUP and Ul\u2026 [+1629 chars]"}, {"source": {"id": "rte", "name": "RTE"}, "author": "Robert Shortt", "title": "Normal rules do not apply in the new Covid-19 economy", "description": "This week, tens of thousands of hard working people will find themselves grappling with the economic impact of the coronavirus pandemic.", "url": "https://www.rte.ie/news/coronavirus/2020/0316/1123528-robert-shortt/", "urlToImage": "https://img.rasset.ie/00125970-1600.jpg", "publishedAt": "2020-03-16T11:39:32Z", "content": "This week, tens of thousands of hard working people will find themselves grappling with the economic impact of the coronavirus pandemic.\r\nPeople working in the travel industry as well as pubs and catering will face lay-offs.\r\nMeanwhile healthcare workers, far\u2026 [+2861 chars]"}, {"source": {"id": "rte", "name": "RTE"}, "author": "RT\u00c9 Sport", "title": "Kiely calls for 'solidarity' during COVID-19 emergency", "description": "Limerick hurling manager John Kiely has called for 'solidarity' on RT\u00c9 Radio 1's Morning Ireland as the country attempts to deal with the the COVID-19 outbreak.", "url": "https://www.rte.ie/sport/gaa/2020/0316/1123486-kiely-calls-for-solidarity-during-covid-19-emergency/", "urlToImage": "https://img.rasset.ie/0012d42b-1600.jpg", "publishedAt": "2020-03-16T08:35:32Z", "content": "Limerick hurling manager John Kiely has called for 'solidarity' as the country attempts to deal with the the COVID-19 outbreak.\r\nAll GAA matches and collective training have been suspended until 29 March, at the earliest, with questions remaining over what fo\u2026 [+2161 chars]"}, {"source": {"id": "rte", "name": "RTE"}, "author": "RT\u00c9 Entertainment", "title": "Idris Elba tests positive for Covid-19", "description": "Idris Elba has announced that he has tested positive for Covid-19.", "url": "https://www.rte.ie/entertainment/2020/0316/1123611-idris-elba-tests-positive-for-covid-19/", "urlToImage": "https://img.rasset.ie/00106b22-1600.jpg", "publishedAt": "2020-03-16T19:01:05Z", "content": "Idris Elba has announced that he has tested positive for Covid-19.\r\nThe actor took to Twitter to announce that he tested positive for the virus on Friday, after coming into contact with someone who had it.\r\nThe Luther star has been in isolation since finding \u2026 [+1621 chars]"}, {"source": {"id": "rte", "name": "RTE"}, "author": "Emma O Kelly", "title": "Trinity closing campus accommodation over Covid-19", "description": "Trinity College is closing its on campus accommodation after at least eight student residents tested positive for Covid-19.", "url": "https://www.rte.ie/news/education/2020/0316/1123621-trinity-college/", "urlToImage": "https://img.rasset.ie/0013e11f-1600.jpg", "publishedAt": "2020-03-16T20:38:36Z", "content": "Trinity College is closing its on campus accommodation after at least eight student residents tested positive for Covid-19.\r\nThe university has told all students living on campus that they must leave, unless they are self-isolating or will experience homeless\u2026 [+1629 chars]"}, {"source": {"id": "rte", "name": "RTE"}, "author": "Rob Wright", "title": "Covid-19 and the Premier League: what they really think", "description": "", "url": "https://www.rte.ie/sport/soccer/2020/0316/1123572-covid-19-and-the-premier-league-what-they-really-think/", "urlToImage": "https://img.rasset.ie/0013b87e-1600.jpg", "publishedAt": "2020-03-16T14:59:26Z", "content": "Liverpool publicly (Jurgen Klopp)\r\n\"I've said before that football always seems the most important of the least important things. Today, football and football matches really aren't important at all.\r\n\"Of course, we don\u2019t want to play in front of an empty stad\u2026 [+16340 chars]"}]}