{"status": "ok", "totalResults": 7, "articles": [{"source": {"id": "rte", "name": "RTE"}, "author": "RT\u00c9 News", "title": "Governments braced as Covid-19 cases surpass 300,000", "description": "Governments around the world rolled out tougher measures to halt the rapid spread of the coronavirus pandemic as global cases surged past 300,000 today.", "url": "https://www.rte.ie/news/world/2020/0322/1124673-governments-braced-as-covid-19-cases-surpass-300-000/", "urlToImage": "https://img.rasset.ie/0013f17b-1600.jpg", "publishedAt": "2020-03-22T13:12:59Z", "content": "From Italy to India to the United States, governments rolled out tougher measures to halt the rapid spread of the coronavirus pandemic as global cases surged past 300,000 today and Asia braced for a possible second wave of infections.\r\nNearly one billion peop\u2026 [+6017 chars]"}, {"source": {"id": "rte", "name": "RTE"}, "author": "Karen Creed", "title": "Government to introduce new Covid-19 economic package", "description": "The T\u00e1naiste and Minister for Foreign Affairs Simon Coveney said the Government will introduce an economic package that will go \"well beyond what they have announced to date.\"", "url": "https://www.rte.ie/news/2020/0322/1124678-coronavirus/", "urlToImage": "https://img.rasset.ie/0013ea48-1600.jpg", "publishedAt": "2020-03-22T13:27:00Z", "content": "The T\u00e1naiste and Minister for Foreign Affairs Simon Coveney said\u00a0the Government will introduce an economic package that will go \"well beyond what they have announced to date.\"\r\nSpeaking on RT\u00c9's This Week he added\u00a0that it will treat everyone equally.\r\n\"It wil\u2026 [+1817 chars]"}, {"source": {"id": "rte", "name": "RTE"}, "author": "RT\u00c9 News", "title": "Italian Covid-19 death toll rises to 5,476", "description": "The death toll from the coronavirus pandemic in Italy has risen by 651 to 5,476, an increase of 13.5% but down on Saturday's figure when some 793 people died.", "url": "https://www.rte.ie/news/world/2020/0322/1124706-italy-new-death-toll/", "urlToImage": "https://img.rasset.ie/0013f18f-1600.jpg", "publishedAt": "2020-03-22T17:14:28Z", "content": "The death toll from the coronavirus pandemic\u00a0in Italy has risen by 651 to 5,476.\r\nThis is an increase of 13.5% but down on yesterday's figure when 793 people died.\r\nThe total number of cases in Italy rose to 59,138 from a previous 53,578, an increase of 10.4%\u2026 [+477 chars]"}, {"source": {"id": "rte", "name": "RTE"}, "author": "Colm \u00d3 Mong\u00e1in", "title": "Why were pandemic warnings ignored before Covid-19?", "description": "Multiple reports in recent years have warned of the likely outbreak of a dangerous virus but governments, particularly in the west, were still left unprepared for Covid-19.", "url": "https://www.rte.ie/news/coronavirus/2020/0321/1124579-should-we-have-been-caught-off-guard-by-covid-19/", "urlToImage": "https://img.rasset.ie/0013f100-1600.jpg", "publishedAt": "2020-03-22T07:00:00Z", "content": "\"Never will so many ask so much of so few.\"\u00a0\r\nIn his choice of language on St Patrick's Day to pay tribute to healthcare workers, Taoiseach Leo Varadkar's echo of Winston Churchill\u2019s wartime words added him to a growing number of national leaders using bellic\u2026 [+11196 chars]"}, {"source": {"id": "rte", "name": "RTE"}, "author": "RT\u00c9 News", "title": "China scrambles to stop rise in imported Covid-19 cases", "description": "China reported 46 new cases of coronavirus, the fourth straight day with an increase, with all but one of those imported from overseas.", "url": "https://www.rte.ie/news/2020/0322/1124651-china-coronavirus/", "urlToImage": "https://img.rasset.ie/0013f16e-1600.jpg", "publishedAt": "2020-03-22T10:17:59Z", "content": "China reported 46 new cases of coronavirus, the fourth straight day with an increase, with all but one of those imported from overseas.\r\nIt has\u00a0further stepped up measures to intercept cases from abroad as the outbreak worsens globally.\r\nWhile China says it h\u2026 [+3714 chars]"}, {"source": {"id": "rte", "name": "RTE"}, "author": "Eleanor Burnhill", "title": "Fears of Covid-19 spike as Iran celebrates New Year", "description": "Millions of Iranians were ordered to stay within their own walls for the New Year celebrations but many people have defied these warnings, according to police.", "url": "https://www.rte.ie/news/world/2020/0321/1124580-iran-eleanor-burnhill/", "urlToImage": "https://img.rasset.ie/0013f0fa-1600.jpg", "publishedAt": "2020-03-22T07:00:00Z", "content": "Iran's death toll from the coronavirus outbreak has risen to over\u00a01,500 with the total number of people infected now exceeding\u00a020,000, according to a health ministry official.\r\nLike in Ireland, Iran's battle with Covid-19 has coincided with a massive public h\u2026 [+10374 chars]"}, {"source": {"id": "rte", "name": "RTE"}, "author": "RT\u00c9 Sport", "title": "Former LOI player Duffy recovering from Covid-19", "description": "Former Longford Town and Drogheda United forward Lee Duffy is recovering from the coronavirus, having spent several days in hospital with the illness.", "url": "https://www.rte.ie/sport/soccer/2020/0322/1124682-former-loi-player-duffy-recovering-from-covid-19/", "urlToImage": "https://img.rasset.ie/0013f17d-1600.jpg", "publishedAt": "2020-03-22T13:59:10Z", "content": "Former Longford Town and Drogheda United forward Lee Duffy is recovering from the coronavirus, having spent several days in hospital with the illness.\r\nThe 28-year-old posted an update on his Twitter account on Saturday, revealing that he had spent eight days\u2026 [+1780 chars]"}]}