{"status": "ok", "totalResults": 7, "articles": [{"source": {"id": "rte", "name": "RTE"}, "author": "RT\u00c9 News", "title": "Covid-19: 17 more deaths, 331 new cases in Ireland", "description": "The Department of Health has reported 17 more deaths from Covid-19 in Ireland, bringing the overall death toll to 137.", "url": "https://www.rte.ie/news/coronavirus/2020/0404/1128531-ireland-daily-figures/", "urlToImage": "https://img.rasset.ie/00140e8a-1600.jpg", "publishedAt": "2020-04-04T16:15:28Z", "content": "The Department of Health has reported 17\u00a0more deaths from Covid-19 in Ireland, bringing the overall death toll to 137.\r\nIt said 331\u00a0more cases of the coronavirus had\u00a0also been diagnosed, bringing the number of confirmed cases to 4,604.\r\nEarlier today, Ministe\u2026 [+1192 chars]"}, {"source": {"id": "rte", "name": "RTE"}, "author": "Brian Finn", "title": "Innovation in a crisis; businesses respond to Covid-19", "description": "Necessity is the mother of invention and there's no time like a crisis or a recession to force a business to look very frankly at its future strategy and consider where it's going to be when the storm has passed.", "url": "https://www.rte.ie/news/business/2020/0403/1128372-innovation-in-a-crisis-businesses-respond-to-covid-19/", "urlToImage": "https://img.rasset.ie/000e077c-1600.jpg", "publishedAt": "2020-04-04T05:07:12Z", "content": "Necessity is the mother of invention and there's no time like a crisis or a recession to force a business to look very frankly at its future strategy and consider where it's going to be when the storm has passed. The pace at which the 'corona crisis' has hit \u2026 [+10580 chars]"}, {"source": {"id": "rte", "name": "RTE"}, "author": "RT\u00c9 News", "title": "Ray of hope as Covid-19 cases in Europe begin to slow", "description": "Official figures for Europe suggest unprecedented measures to restrict people's movements are working and that the peak may have hit on the continent.", "url": "https://www.rte.ie/news/2020/0404/1128515-europe-coronavirus/", "urlToImage": "https://img.rasset.ie/00140f49-1600.jpg", "publishedAt": "2020-04-04T12:53:15Z", "content": "Official figures for\u00a0Europe suggest\u00a0unprecedented measures to restrict people's movements are working and that the peak may have hit on the continent.\r\nHowever,\u00a0Italy and Spain continue to bear the brunt of a pandemic that has kept millions of citizens confin\u2026 [+1852 chars]"}, {"source": {"id": "rte", "name": "RTE"}, "author": "RT\u00c9 Sport", "title": "Liverpool furlough staff amid Covid-19 pandemic", "description": "Premier League leaders Liverpool have furloughed some of their staff due to the Covid-19 pandemic and are holding talks about the prospect of salary deductions for players and senior staff.", "url": "https://www.rte.ie/sport/soccer/2020/0404/1128528-liverpool-furlough-staff-amid-covid-19-pandemic/", "urlToImage": "https://img.rasset.ie/00134a39-1600.jpg", "publishedAt": "2020-04-04T14:52:44Z", "content": "Premier League leaders Liverpool have furloughed some of their staff due to the Covid-19 pandemic and are holding talks about the prospect of salary deductions for players and senior staff.\r\nLiverpool added on their website that the furloughed staff would con\u2026 [+903 chars]"}, {"source": {"id": "rte", "name": "RTE"}, "author": "RT\u00c9 Entertainment", "title": "Elton's COVID-19 Emergency Fund for marginalised people", "description": "Elton John has announced that his Foundation EJAF (Elton John Aids Foundation) is launching a $1million COVID-19 Emergency Fund", "url": "https://www.rte.ie/entertainment/2020/0404/1128506-eltons-covid-19-emergency-fund-for-marginalised-people/", "urlToImage": "https://img.rasset.ie/000f0e96-1600.jpg", "publishedAt": "2020-04-04T12:23:46Z", "content": "Elton John announces that his\u00a0Foundation, EJAF, is launching a $1 million COVID-19 Emergency Fund (almost \u20ac9 million) to make sure that front-line partners can respond to the effects of COVID-19 on HIV care for the most marginalised communities around the wor\u2026 [+1826 chars]"}, {"source": {"id": "rte", "name": "RTE"}, "author": "George Lee", "title": "Nursing home Covid-19 measures to be stepped up", "description": "Efforts to reduce the number Covid-19 infections in nursing homes are being stepped today up following yesterday's meeting of the National Public Health Emergency Team.", "url": "https://www.rte.ie/news/ireland/2020/0403/1128437-nursing-home-measures-to-be-stepped-up/", "urlToImage": "https://img.rasset.ie/001406f4-1600.jpg", "publishedAt": "2020-04-04T05:01:03Z", "content": "Efforts to reduce the number Covid-19 infections in nursing homes are being stepped today up following yesterday's meeting of the National Public Health Emergency Team.\r\nThe Chief Medical Officer Dr Tony Holohan said he wants to see continuous action as nursi\u2026 [+982 chars]"}, {"source": {"id": "rte", "name": "RTE"}, "author": "RT\u00c9 News", "title": "Concern over Covid-19 cases in nursing homes", "description": "Follow updates for the latest on Covid-19 as 120 people have now died and 4,273 cases of coronavirus have been confirmed.", "url": "https://www.rte.ie/news/coronavirus/2020/0404/1128465-covid19-coronavirus-tracker/", "urlToImage": "https://img.rasset.ie/0014057c-1600.jpg", "publishedAt": "2020-04-04T07:38:24Z", "content": "RT\u00c9.ie is the website of Raidi\u00f3 Teilif\u00eds \u00c9ireann, Ireland's National Public Service Broadcaster.RT\u00c9 is not responsible for the content of external internet sites. Images courtesy of Sportsfile and Getty Images\r\n\u00a9 RT\u00c9 2020"}]}