{"status": "ok", "totalResults": 19, "articles": [{"source": {"id": "rte", "name": "RTE"}, "author": "Ingrid Miley", "title": "Staff redeployed to process Covid-19 welfare claims", "description": "Around 205 civil and public servants have been redeployed to the Department of Employment Affairs and Social Protection to help process an \"unprecedented\" flood of welfare claims due to the Covid-19 virus.", "url": "https://www.rte.ie/news/coronavirus/2020/0330/1127404-virus-welfare-claims/", "urlToImage": "https://img.rasset.ie/00081ea9-1600.jpg", "publishedAt": "2020-03-30T17:06:04Z", "content": "Around 205 civil and public servants have been redeployed to the Department of Employment Affairs and Social Protection to help process an \"unprecedented\" flood of welfare claims due to the Covid-19 virus.\r\nIn a statement, the Department confirmed that it has\u2026 [+1679 chars]"}, {"source": {"id": "rte", "name": "RTE"}, "author": "RT\u00c9 News", "title": "Eight more Covid-19 deaths, 295 new cases diagnosed", "description": "Eight more people have died from Covid-19 in Ireland and 295 new cases have been diagnosed today.", "url": "https://www.rte.ie/news/2020/0330/1127409-irish-virus-figures/", "urlToImage": "https://img.rasset.ie/0013f3e6-1600.jpg", "publishedAt": "2020-03-30T18:32:07Z", "content": "Eight more people have died from Covid-19 in Ireland and 295 new cases have been diagnosed today.\r\nThere have now been 54\u00a0Covid-19 related deaths in Ireland.\r\nThere\u00a0are now 2,910 confirmed cases of Covid-19 in the Republic.\r\nNorthern Ireland's Department of H\u2026 [+3495 chars]"}, {"source": {"id": "rte", "name": "RTE"}, "author": "Jennie O'Sullivan", "title": "Cork and Kerry councils set up Covid-19 helplines", "description": "Local authorities in Kerry & Cork have launched dedicated Covid-19 Community Response freephone helplines.", "url": "https://www.rte.ie/news/munster/2020/0330/1127356-cork-kerry-helplines/", "urlToImage": "https://img.rasset.ie/00122e85-1600.jpg", "publishedAt": "2020-03-30T13:51:18Z", "content": "Local authorities in Kerry &amp; Cork have launched dedicated Covid-19 Community Response freephone helplines.\r\nThese are to help the public access non-emergency and non-medical services and to provide support and advice.\r\nKerry County Council's freephone hel\u2026 [+2117 chars]"}, {"source": {"id": "rte", "name": "RTE"}, "author": "RT\u00c9 News", "title": "Covid-19: First full week of further restrictions", "description": "The emergency services, households and businesses around the country are beginning the first full week living and working under further restrictions aimed at curbing the spread of coronavirus.", "url": "https://www.rte.ie/news/coronavirus/2020/0330/1127215-covid-19-ireland/", "urlToImage": "https://img.rasset.ie/0014057a-1600.jpg", "publishedAt": "2020-03-30T06:05:21Z", "content": "The emergency services, households and businesses around the country are beginning the first full week living and working under further restrictions aimed at curbing the spread of coronavirus.\r\nOn Friday night, Taoiseach Leo Varadkar\u00a0said people would be allo\u2026 [+1269 chars]"}, {"source": {"id": "rte", "name": "RTE"}, "author": "Eileen Magnier", "title": "Sligo village shows solidarity with Covid-19 countries", "description": "People living in a seaside village in Co Sligo have been erecting flags from all over the world to show solidarity with other countries affected by Covid-19.", "url": "https://www.rte.ie/news/ulster/2020/0330/1127307-covid19-coronavirus-sligo/", "urlToImage": "https://img.rasset.ie/00140626-1600.jpg", "publishedAt": "2020-03-30T11:36:50Z", "content": "People living in a seaside village in Co\u00a0Sligo have been erecting flags from all over the world to show solidarity with other countries affected by Covid-19.\u00a0\r\nThe initiative by the Rosses Point Development Association has seen flags raised on poles along the\u2026 [+528 chars]"}, {"source": {"id": "rte", "name": "RTE"}, "author": "Tommie Gorman", "title": "Northern Ireland Covid-19 field hospital plan examined", "description": "Northern Ireland's authorities are exploring the feasibility of building an emergency field hospital at the huge site near Lisburn, where the annual Balmorral Show takes place and where the Maze Prison was once located.", "url": "https://www.rte.ie/news/2020/0330/1127323-northern-ireland-prisoners-field-hospital/", "urlToImage": "https://img.rasset.ie/0007bc0b-1600.jpg", "publishedAt": "2020-03-30T12:10:34Z", "content": "Northern Ireland's authorities are exploring the feasibility of building an emergency field hospital at the huge site near\u00a0Lisburn, where the annual\u00a0Balmorral\u00a0Show takes place and where the Maze Prison was once located.\r\nAdditional facilities are likely to be\u2026 [+2189 chars]"}, {"source": {"id": "rte", "name": "RTE"}, "author": "RT\u00c9 News", "title": "Covid-19 human vaccine trials to begin in coming months", "description": "Johnson and Johnson will start coronavirus vaccine trials in humans later this year and the pharmaceutical company says it hopes the drug will be ready for emergency use by early next year.", "url": "https://www.rte.ie/news/coronavirus/2020/0330/1127390-covid-19-human-vaccine-trials-to-begin-in-coming-months/", "urlToImage": "https://img.rasset.ie/00140716-1600.jpg", "publishedAt": "2020-03-30T15:58:14Z", "content": "Johnson and Johnson will start coronavirus vaccine trials in humans later this year and the pharmaceutical company says it hopes the drug will be ready for emergency use by early next year.\r\nScientists across the world are working to create a vaccine for Covi\u2026 [+798 chars]"}, {"source": {"id": "rte", "name": "RTE"}, "author": "RT\u00c9 News", "title": "ECB asks banks to halt dividends over Covid-19 crisis", "description": "The European Central Bank has asked euro zone banks to freeze dividend payments \"until at least October 2020\" to preserve liquidity that can be used to help households and companies through the coronavirus crisis.", "url": "https://www.rte.ie/news/business/2020/0330/1127233-ecb-on-dividends/", "urlToImage": "https://img.rasset.ie/000e5d2b-1600.jpg", "publishedAt": "2020-03-30T07:36:48Z", "content": "The European Central Bank has asked euro zone banks to freeze dividend payments \"until at least October 2020\" to preserve liquidity that can be used to help households and companies through the coronavirus crisis.\r\nThe Frankfurt institution also asked banks n\u2026 [+3196 chars]"}, {"source": {"id": "rte", "name": "RTE"}, "author": "RT\u00c9 News", "title": "Economic Pulse plunges to four-year low amid Covid-19", "description": "An index tracking consumer and business confidence crashed to a new low in March as the effects of the Covid-19 outbreak hit sentiment.", "url": "https://www.rte.ie/news/business/2020/0330/1127243-bank-of-ireland-economic-pulse/", "urlToImage": "https://img.rasset.ie/0014057a-1600.jpg", "publishedAt": "2020-03-30T08:36:43Z", "content": "An index tracking consumer and business confidence crashed to a new low in March as the effects of the Covid-19 outbreak hit sentiment. \u00a0\r\nBank of Ireland's Economic Pulse registered a bigger monthly drop in March than that after the Brexit referendum result \u2026 [+1748 chars]"}, {"source": {"id": "rte", "name": "RTE"}, "author": "RT\u00c9 News", "title": "Dunnes Stores agree to pay workers Covid-19 premium", "description": "Management in Dunnes Stores have confirmed the company will pay workers a 10% Covid-19 premium payment backdated to March 9.", "url": "https://www.rte.ie/news/business/2020/0330/1127359-dunnes-stores-covid-premium-payment/", "urlToImage": "https://img.rasset.ie/000cb85f-1600.jpg", "publishedAt": "2020-03-30T13:52:54Z", "content": "Management in Dunnes Stores have confirmed the company will pay workers a 10% Covid-19 premium payment backdated to March 9.\r\nThis follows pressure from a Mandate Trade Union petition signed by more than 3,000 workers.\u00a0\r\nThe 10% premium payment also brings Du\u2026 [+680 chars]"}, {"source": {"id": "rte", "name": "RTE"}, "author": "RT\u00c9 News", "title": "Euro zone sentiment in record plunge as Covid-19 hits", "description": "Euro zone sentiment suffered its steepest ever monthly decline in March as the coronavirus led to declining confidence among consumers and all sectors of the economy.", "url": "https://www.rte.ie/news/business/2020/0330/1127264-euro-zone-sentiment/", "urlToImage": "https://img.rasset.ie/0013b858-1600.jpg", "publishedAt": "2020-03-30T09:35:07Z", "content": "Euro zone sentiment suffered its steepest ever monthly decline in March as the coronavirus led to declining confidence among consumers and all sectors of the economy.\r\nIn many cases the declines were evident even before crippling lockdowns were imposed.\u00a0\r\nEco\u2026 [+1660 chars]"}, {"source": {"id": "rte", "name": "RTE"}, "author": "RT\u00c9 News", "title": "German economy could shrink by 5.4% due to Covid-19", "description": "The coronavirus outbreak will push Germany into recession in the first half of this year and could result in output in Europe's largest economy contracting by up to 5.4% this year, Germany's council of economic advisers said today.", "url": "https://www.rte.ie/news/business/2020/0330/1127328-german-economic-outlook/", "urlToImage": "https://img.rasset.ie/0008f889-1600.jpg", "publishedAt": "2020-03-30T12:27:51Z", "content": "The coronavirus outbreak will push Germany into recession in the first half of this year and could result in output in Europe's largest economy contracting by up to 5.4% this year, Germany's council of economic advisers said today.\u00a0\r\nGermany is in virtual loc\u2026 [+2874 chars]"}, {"source": {"id": "rte", "name": "RTE"}, "author": "RT\u00c9 News", "title": "283,000 more people apply for Covid-19 income payment", "description": "The Minister for Employment Affairs and Social Protection has said that by close of business on Friday, another 283,000 people had applied for the Covid-19 emergency income payment from the Department of Social Protection.", "url": "https://www.rte.ie/news/business/2020/0330/1127238-283-000-more-people-apply-for-covid-19-income-payment/", "urlToImage": "https://img.rasset.ie/0013ee4a-1600.jpg", "publishedAt": "2020-03-30T08:06:40Z", "content": "The Minister for Employment Affairs and Social Protection has said that by close of business on Friday, another 283,000 people had applied for the Covid-19 emergency income payment from the Department of Social Protection.\r\nSpeaking on Morning Ireland, Regina\u2026 [+1016 chars]"}, {"source": {"id": "rte", "name": "RTE"}, "author": "RT\u00c9 News", "title": "Covid-19 loan deferrals will not impact credit record", "description": "Any Covid-19-related payment break on a loan or mortgage will not be marked as a missed payment on the Central Credit Register, the Central Bank has confirmed.", "url": "https://www.rte.ie/news/business/2020/0330/1127376-covid-payment-deferral/", "urlToImage": "https://img.rasset.ie/000eb548-1600.jpg", "publishedAt": "2020-03-30T15:27:52Z", "content": "Any Covid-19-related payment break on a loan or mortgage will not be marked as a missed payment on the Central Credit Register, the Central Bank has confirmed.\r\nThat means that customers will not see their credit record negatively affected if they temporarily\u2026 [+1421 chars]"}, {"source": {"id": "rte", "name": "RTE"}, "author": "RT\u00c9 Entertainment", "title": "Ryan Tubridy tests positive for Covid-19", "description": "Ryan Tubridy has confirmed that he has tested positive for Covid-19.", "url": "https://www.rte.ie/entertainment/2020/0330/1127403-ryan-tubridy-tests-positive-for-covid-19/", "urlToImage": "https://img.rasset.ie/0013a3ab-1600.jpg", "publishedAt": "2020-03-30T16:50:19Z", "content": "Ryan Tubridy has confirmed that he has tested positive for Covid-19.\u00a0\r\nIn a statement issued on Monday evening, the broadcaster\u00a0said:\u00a0\"Like so many other people in Ireland, I tested positive, but I was in the very fortunate position to have a very unintrusive\u2026 [+620 chars]"}, {"source": {"id": "rte", "name": "RTE"}, "author": "RT\u00c9 Entertainment", "title": "Country star Prine in critical condition with Covid-19", "description": "American singer-songwriter John Prine has been hospitalised and is in a \"critical condition\" following the sudden onset of Covid-19 symptoms.", "url": "https://www.rte.ie/entertainment/2020/0330/1127225-country-star-prine-in-critical-condition-with-covid-19/", "urlToImage": "https://img.rasset.ie/00140584-1600.jpg", "publishedAt": "2020-03-30T07:25:11Z", "content": "American singer-songwriter John Prine has been hospitalised and is in a \"critical condition\" following the sudden onset of Covid-19 symptoms.\r\nThe 73-year-old singer's family confirmed that he had been hospitalised last Thursday and that his condition worsene\u2026 [+1191 chars]"}, {"source": {"id": "rte", "name": "RTE"}, "author": "RT\u00c9 Entertainment", "title": "Ex-Beatle Ringo Starr postpones tour due to Covid-19", "description": "Beatles musician Ringo Starr has postponed his All-Starr Band tour until Spring 2021.", "url": "https://www.rte.ie/entertainment/2020/0330/1127299-ex-beatle-ringo-starr-postpones-tour-due-to-covid-19/", "urlToImage": "https://img.rasset.ie/00128b81-1600.jpg", "publishedAt": "2020-03-30T10:57:40Z", "content": "Beatles musician Ringo Starr has postponed his All-Starr Band tour until Spring 2021.\r\nAn official announcement from the legendary drummer and singer-songwriter reads as follows: \"This is very difficult for me. In 30 years I think I've only missed two or thre\u2026 [+682 chars]"}, {"source": {"id": "rte", "name": "RTE"}, "author": "Eileen Magnier", "title": "Sligo village shows solidarity with Covid-19 countries", "description": "People living in a seaside village in Co Sligo have been erecting flags from all over the world to show solidarity with other countries affected by Covid-19.", "url": "https://www.rte.ie/news/ulster/2020/0330/1127307-covid19-coronavirus-donegal/", "urlToImage": "https://img.rasset.ie/00140626-1600.jpg", "publishedAt": "2020-03-30T11:20:21Z", "content": "People living in a seaside village in Co\u00a0Sligo have been erecting flags from all over the world to show solidarity with other countries affected by Covid-19.\u00a0\r\nThe initiative by the Rosses Point Development Association has seen flags raised on poles along the\u2026 [+528 chars]"}, {"source": {"id": "rte", "name": "RTE"}, "author": "Laura Hogan", "title": "Covid-19: Data shows 22 clusters in nursing homes", "description": "New data on Covid-19 from the Health Protection Surveillance Centre shows that there are 22 clusters in nursing homes and 19 in hospitals.", "url": "https://www.rte.ie/news/coronavirus/2020/0330/1127300-coronavirus-analysis-ireland-cases/", "urlToImage": "https://img.rasset.ie/000d6e49-1600.jpg", "publishedAt": "2020-03-30T11:17:11Z", "content": "New data on Covid-19 from the Health Protection Surveillance Centre (HPSC) shows that there are 22 clusters in nursing homes and 19 in hospitals in the Republic of Ireland.\r\nOther clusters were in private homes, related to travel, workplaces and in residentia\u2026 [+1840 chars]"}]}