{"status": "ok", "totalResults": 11, "articles": [{"source": {"id": "rte", "name": "RTE"}, "author": "Aisling Kenny", "title": "Political leaders welcome Govt's Covid-19 measures", "description": "Political leaders met at Government Buildings today to discuss the evolving situation in relation to Covid-19.", "url": "https://www.rte.ie/news/2020/0312/1121924-political-leaders-welcome-govts-covid-19-measures/", "urlToImage": "https://img.rasset.ie/00114401-1600.jpg", "publishedAt": "2020-03-12T18:06:32Z", "content": "Political leaders met at Government Buildings today to discuss the evolving situation in relation to Covid-19.\u00a0\r\nPoliticians across all parties welcomed the measures announced by the Government.\u00a0\r\nFianna F\u00e1il leader Michael Martin said the Government's decisi\u2026 [+2260 chars]"}, {"source": {"id": "rte", "name": "RTE"}, "author": "David Murphy", "title": "Podcast: Covid-19: Ireland pulls down shutters", "description": "As the scale of the public health emergency became clear as the Government recommended that schools, colleges and creches shut. On the Your Politics podcast the RT\u00c9 team analyse the the dramatic announcement and look ahead to the potential effects.", "url": "https://www.rte.ie/news/politics/2020/0312/1121929-your-politics-episode-83/", "urlToImage": "https://img.rasset.ie/001336ef-1600.jpg", "publishedAt": "2020-03-12T18:24:36Z", "content": "As the scale of the public health emergency became clear as the Government recommended that schools, colleges and creches shut. On the Your Politics podcast the RT\u00c9 team analyse the the dramatic announcement and look ahead to the potential effects.\r\nHost Magg\u2026 [+186 chars]"}, {"source": {"id": "rte", "name": "RTE"}, "author": "RT\u00c9 News", "title": "Trump declares Covid-19 travel ban from most of Europe", "description": "President Donald Trump has announced the suspension of all travel to the United States from the majority of European nations for 30 days, in a bid to combat the spread of the coronavirus.", "url": "https://www.rte.ie/news/world/2020/0312/1121759-coronavirus/", "urlToImage": "https://img.rasset.ie/0013dfe4-1600.jpg", "publishedAt": "2020-03-12T02:30:29Z", "content": "President Donald Trump has announced the suspension of\u00a0all travel to the United States from the majority of European nations for 30 days, in a bid to combat the spread of the coronavirus.\u00a0\u00a0\r\nThe travel restrictions, will apply to the 22 members of the Schenge\u2026 [+4289 chars]"}, {"source": {"id": "rte", "name": "RTE"}, "author": "RT\u00c9 News", "title": "Tom Hanks in hospital after contracting Covid-19", "description": "Oscar-winning actor Tom Hanks and his wife Rita Wilson have tested positive for coronavirus while in Australia for a film project.", "url": "https://www.rte.ie/news/2020/0312/1121761-hanks-covid-19/", "urlToImage": "https://img.rasset.ie/0013dfe5-1600.jpg", "publishedAt": "2020-03-12T02:55:42Z", "content": "Oscar-winning actor Tom Hanks and his wife Rita Wilson have tested positive for coronavirus while in Australia for a film project.\r\nHanks and Wilson, both 63, were in isolation in hospital on the Gold Coast in eastern Australia after being confirmed with the \u2026 [+1327 chars]"}, {"source": {"id": "rte", "name": "RTE"}, "author": "RT\u00c9 News", "title": "Man sentenced over Covid-19 hoax on Aer Lingus flight", "description": "A man who caused \"pandemonium\" on an Aer Lingus flight to Dublin yesterday when he made a hoax coronavirus claim, has been given a two-month prison sentence.", "url": "https://www.rte.ie/news/2020/0312/1121915-hoax-covid-19-aer-lingus/", "urlToImage": "https://img.rasset.ie/0013e0c6-1600.jpg", "publishedAt": "2020-03-12T17:21:03Z", "content": "A man who caused \"pandemonium\" on an Aer Lingus flight to Dublin yesterday when he made a hoax coronavirus claim, has been given a two-month prison sentence.\u00a0\r\n30-year-old, Job van den\u00a0Broek, from the Netherlands pleaded guilty to an air rage\u00a0charge after he \u2026 [+3431 chars]"}, {"source": {"id": "rte", "name": "RTE"}, "author": "RT\u00c9 News", "title": "Covid-19: UK set to move to 'delay phase' of response", "description": "Donald Trump announces travel ban affecting most European countries, and the UK is set to move to the \"delay phase\" in its response to the coronavirus outbreak - follow all the latest developments with our live blog", "url": "https://www.rte.ie/news/2020/0312/1121769-coronavirus-tracker/", "urlToImage": "https://img.rasset.ie/0013dfea-1600.jpg", "publishedAt": "2020-03-12T07:01:49Z", "content": "RT\u00c9.ie is the website of Raidi\u00f3 Teilif\u00eds \u00c9ireann, Ireland's National Public Service Broadcaster.RT\u00c9 is not responsible for the content of external internet sites. Images courtesy of Sportsfile and Getty Images\r\n\u00a9 RT\u00c9 2020"}, {"source": {"id": "rte", "name": "RTE"}, "author": "RT\u00c9 Sport", "title": "Olympic torch is lit amid COVID-19 cancellation fear", "description": "The Tokyo 2020 Olympics torch was lit by the rays of the sun in ancient Olympia on Thursday to mark the final step towards Games, which are currently in question because of the coronavirus pandemic.", "url": "https://www.rte.ie/sport/olympics/2020/0312/1121823-olympic-torch-is-lit-amid-covid-19-cancellation-fear/", "urlToImage": "https://img.rasset.ie/0013e019-1600.jpg", "publishedAt": "2020-03-12T10:33:02Z", "content": "The Tokyo 2020 Olympics torch was lit by the rays of the sun in ancient Olympia on Thursday to mark the final step towards the 24 July- 9 August\u00a0Games, currently in question because of the coronavirus pandemic.\r\nActress Xanthi Georgiou, in the role of high pr\u2026 [+1868 chars]"}, {"source": {"id": "rte", "name": "RTE"}, "author": "RT\u00c9 News", "title": "Business, employers' groups react to Covid-19 measures", "description": "Business and worker representative bodies have been reacting to the Government's decision to close schools and cultural institutions, as well as limit large gatherings of people.", "url": "https://www.rte.ie/news/business/2020/0312/1121861-business-reaction-covid/", "urlToImage": "https://img.rasset.ie/0013c8b0-1600.jpg", "publishedAt": "2020-03-12T12:50:12Z", "content": "Business and worker representative bodies have been reacting to the Government's decision to close schools and cultural institutions, as well as limit large gatherings of people.\r\nThere has been broad support for the move - though some have raised questions a\u2026 [+2487 chars]"}, {"source": {"id": "rte", "name": "RTE"}, "author": "RT\u00c9 News", "title": "Covid-19 terminology - from containment to mitigation", "description": "As the coronavirus continues to dominate headlines around the world, here is a glossary of common words and terms used in connection with the disease.", "url": "https://www.rte.ie/news/coronavirus/2020/0312/1121884-covid-19-terms-delay-phase/", "urlToImage": "https://img.rasset.ie/0013d68b-1600.jpg", "publishedAt": "2020-03-12T15:35:13Z", "content": "As the coronavirus continues to dominate headlines around the world, here is a glossary of common words and terms used in connection with the disease.\u00a0\r\nCoronaviruses: A group of viruses that causes a variety of illnesses, including the common cold and more s\u2026 [+2371 chars]"}, {"source": {"id": "rte", "name": "RTE"}, "author": "RT\u00c9 News", "title": "27 new cases of Covid-19 in Ireland", "description": "27 new cases of Covid-19 have been confirmed in Ireland, according to the Department of Health.", "url": "https://www.rte.ie/news/coronavirus/2020/0312/1121920-covid-19-cases/", "urlToImage": "https://img.rasset.ie/0013d68b-1600.jpg", "publishedAt": "2020-03-12T18:19:12Z", "content": "27 new cases of Covid-19 have been confirmed in Ireland, according to the Department of Health.\r\nThe majority of cases, 22, are associated with local transmission.\r\nTwo cases were due to community transmission and three were associated with travel.\r\nThere are\u2026 [+146 chars]"}, {"source": {"id": "rte", "name": "RTE"}, "author": "Sin\u00e9ad Crowley", "title": "RT\u00c9 to drop audiences for programming due to Covid-19", "description": "There will be no audiences at RT\u00c9 programmes from tomorrow, until further notice. The announcement was made in an email to all staff today.", "url": "https://www.rte.ie/news/2020/0312/1121848-rte-audience/", "urlToImage": "https://img.rasset.ie/000e4d62-1600.jpg", "publishedAt": "2020-03-12T12:12:49Z", "content": "There will be no audiences at RT\u00c9 programmes from tomorrow, until further notice. The announcement was made in an email to all staff today.\r\nThe broadcaster said all measures are being taken to protect staff, while keeping vital services on air at a time when\u2026 [+623 chars]"}]}