{"status": "ok", "totalResults": 15, "articles": [{"source": {"id": "rte", "name": "RTE"}, "author": "RT\u00c9 News", "title": "HSE to double Covid-19 test capacity", "description": "The Health Service Executive has said the capacity to test for the cornavirus will be doubled from this week, to around 4,500 tests a day.", "url": "https://www.rte.ie/news/coronavirus/2020/0406/1128703-coronavirus-ireland/", "urlToImage": "https://img.rasset.ie/0013fea7-1600.jpg", "publishedAt": "2020-04-06T06:22:55Z", "content": "The Health Service Executive\u00a0has said\u00a0the capacity to test for the\u00a0cornavirus\u00a0will be doubled from this week,\u00a0to around 4,500 tests a day.\u00a0\r\nA\u00a0network of laboratories\u00a0and 50\u00a0community test\u00a0centres\u00a0have been set up across the country.\u00a0\r\nThe HSE said\u00a0it has man\u2026 [+1043 chars]"}, {"source": {"id": "rte", "name": "RTE"}, "author": "Ailbhe Conneely", "title": "PCI Moderator calls for hope for those with Covid-19", "description": "The Moderator of the Presbyterian Church in Ireland has called for hope for those suffering from Covid-19 this Easter.", "url": "https://www.rte.ie/news/2020/0406/1128835-pci-moderator-calls-for-hope-for-those-with-covid-19/", "urlToImage": "https://img.rasset.ie/001410ff-1600.jpg", "publishedAt": "2020-04-06T12:56:31Z", "content": "The Moderator of the Presbyterian Church in Ireland has called for hope for those suffering from Covid-19 this Easter.\u00a0\r\nRt Rev Dr William Henry says the peak number of confirmed virus cases is estimated to occur over the Easter weekend, which is the peak of \u2026 [+1011 chars]"}, {"source": {"id": "rte", "name": "RTE"}, "author": "RT\u00c9 News", "title": "Twelfth of July parades cancelled due to Covid-19", "description": "The Orange Order has announced that this year's annual Twelfth of July parades have been cancelled due to Covid-19.", "url": "https://www.rte.ie/news/ulster/2020/0406/1128808-coronavirus-orange-parades/", "urlToImage": "https://img.rasset.ie/00125bb0-1600.jpg", "publishedAt": "2020-04-06T11:37:52Z", "content": "The Orange Order has announced that this year's annual Twelfth of\u00a0July parades have been cancelled due to Covid-19.\r\nGrand Master Edward Stevenson said the decision was taken in light of the ongoing pandemic and follows consultation with the Grand Masters of \u2026 [+1517 chars]"}, {"source": {"id": "rte", "name": "RTE"}, "author": "RT\u00c9 News", "title": "Tiger at Bronx Zoo tests positive for Covid-19", "description": "A tiger at New York's Bronx Zoo has tested positive for COVID-19 and it is believed to have contracted the virus from a caretaker who was asymptomatic at the time.", "url": "https://www.rte.ie/news/coronavirus/2020/0406/1128701-tiger-bronx-zoo/", "urlToImage": "https://img.rasset.ie/00141024-1600.jpg", "publishedAt": "2020-04-06T06:09:32Z", "content": "A tiger at New York's Bronx Zoo has tested positive for COVID-19, the institution said over the weekend.\r\nIt is believed to have contracted the virus from a caretaker who was asymptomatic at the time.\r\nThe four-year-old Malayan tiger named Nadia along with he\u2026 [+2122 chars]"}, {"source": {"id": "rte", "name": "RTE"}, "author": "RT\u00c9 News", "title": "COVID-19: US facing toughest week- surgeon general", "description": "The United States is entering what a senior official warned would be the \"hardest\" week of the coronavirus crisis.", "url": "https://www.rte.ie/news/2020/0406/1128696-virus-us-surgeon-deaths/", "urlToImage": "https://img.rasset.ie/0010e38f-1600.jpg", "publishedAt": "2020-04-06T03:47:16Z", "content": "The United States is entering what a senior official warned \u00a0would be the \"hardest\" week of the coronavirus crisis.\r\nWith health authorities recording 1,200 new deaths from the virus in a 24 hour period, the Surgeon General, Jerome Adams, said the country is \u2026 [+1999 chars]"}, {"source": {"id": "rte", "name": "RTE"}, "author": "RT\u00c9 News", "title": "Spain to widen testing for Covid-19 as death rate drops", "description": "Spain is planning to widen coronavirus testing to include people without symptoms as a first step towards slowly easing a lockdown in the nation with the second highest death toll from the global pandemic.", "url": "https://www.rte.ie/news/2020/0406/1128795-spain-to-widen-testing-for-covid-19-as-death-rate-drops/", "urlToImage": "https://img.rasset.ie/001410de-1600.jpg", "publishedAt": "2020-04-06T11:37:52Z", "content": "Spain is planning to widen coronavirus testing to include people without symptoms as a first step towards slowly easing a lockdown in the nation with the second highest death toll from the global pandemic.\r\nAs with worst-hit Italy, Spain has seen the rate of \u2026 [+2212 chars]"}, {"source": {"id": "rte", "name": "RTE"}, "author": "RT\u00c9 News", "title": "South Korea records fewer than 50 new cases of Covid-19", "description": "South Korea has reported fewer than 50 new coronavirus cases for the first time since its peak at the end of February as daily infections in Asia's largest outbreak outside China continued to trend downward.", "url": "https://www.rte.ie/news/2020/0406/1128713-south-korea-records-less-than-50-new-cases-of-covid-19/", "urlToImage": "https://img.rasset.ie/0014102e-1600.jpg", "publishedAt": "2020-04-06T07:23:57Z", "content": "South Korea has reported fewer than 50 new coronavirus cases for the first time since its peak at the end of February as daily infections in Asia's largest outbreak outside China continued to trend downward.\r\nThe Korea Centers for Disease Control and Preventi\u2026 [+5622 chars]"}, {"source": {"id": "rte", "name": "RTE"}, "author": "RT\u00c9 Sport", "title": "City report Pep Guardiola's mother dies from Covid-19", "description": "Manchester City have announced that Pep Guardiola's mother has died from Covid-19.", "url": "https://www.rte.ie/sport/soccer/2020/0406/1128744-city-report-pep-guardiolas-mother-dies-from-covid-19/", "urlToImage": "https://img.rasset.ie/0013495b-1600.jpg", "publishedAt": "2020-04-06T09:26:14Z", "content": "Manchester City have announced that Pep Guardiola's mother has died from Covid-19.\r\nDolors Sala Carrio has passed away in Barcelona aged 82.\r\nIn a statement on Twitter, the club wrote:\u00a0\"The\u00a0Manchester City\u00a0family are devastated to report the death today of Pe\u2026 [+915 chars]"}, {"source": {"id": "rte", "name": "RTE"}, "author": "RT\u00c9 Sport", "title": "Nigel Benn mourns death of brother from Covid-19", "description": "British boxing great Nigel Benn has revealed on Instagram that one of his brother's has died of Covid-19.", "url": "https://www.rte.ie/sport/boxing/2020/0406/1128757-nigel-benn-mourns-death-of-brother-from-covid-19/", "urlToImage": "https://img.rasset.ie/0012ecbf-1600.jpg", "publishedAt": "2020-04-06T09:27:56Z", "content": "British boxing great Nigel Benn has revealed on Instagram that one of his brother's has died of Covid-19.\r\nThe 56-year-old said Mark Benn had been the \"joker\" of the family.\r\nIt came as the number of UK coronavirus-related deaths climbed by 621 to 4,934 and i\u2026 [+846 chars]"}, {"source": {"id": "rte", "name": "RTE"}, "author": "RT\u00c9 News", "title": "Ladbrokes owner sees \u00a350m monthly profit hit from Covid", "description": "Ladbrokes and bwin owner GVC said today it expects to lose \u00a350m in core profit every month from the coronavirus lockdown and resulting halts in international sports.", "url": "https://www.rte.ie/news/business/2020/0406/1128718-ladbrokes-owner-gvc/", "urlToImage": "https://img.rasset.ie/000ae63f-1600.jpg", "publishedAt": "2020-04-06T07:05:24Z", "content": "Ladbrokes and bwin owner GVC said today it expects to lose \u00a350m in core profit every month from the coronavirus lockdown and resulting halts in international sports.\r\nThis was\u00a0half its previous damage estimate but still sharply lower\u00a0expectations for profit t\u2026 [+226 chars]"}, {"source": {"id": "rte", "name": "RTE"}, "author": "RT\u00c9 News", "title": "Euro zone investor morale hits all-time low on Covid-19", "description": "Investor morale in the euro zone fell to an all-time low in April and the bloc's economy is in deep recession due to the coronavirus, which is \"holding the world economy in a stranglehold\", a new survey showed today.", "url": "https://www.rte.ie/news/business/2020/0406/1128815-sentix-index-slumps/", "urlToImage": "https://img.rasset.ie/00140a2d-1600.jpg", "publishedAt": "2020-04-06T11:57:06Z", "content": "Investor morale in the euro zone fell to an all-time low in April and the bloc's economy is in deep recession due to the coronavirus, which is \"holding the world economy in a stranglehold\", a new survey showed today.\u00a0\r\nSentix's index for the euro zone fell to\u2026 [+965 chars]"}, {"source": {"id": "rte", "name": "RTE"}, "author": "RT\u00c9 Entertainment", "title": "Pink reveals son's Covid-19 symptoms 'got really scary'", "description": "Grammy-winning artist Pink has told fans that she and her three-year-old son, Jameson, were \"really, really sick\" with Covid-19 and that he \"had the worst of it\".", "url": "https://www.rte.ie/entertainment/2020/0406/1128716-pink-reveals-sons-covid-19-symptoms-got-really-scary/", "urlToImage": "https://img.rasset.ie/0014102f-1600.jpg", "publishedAt": "2020-04-06T07:19:42Z", "content": "Grammy-winning artist Pink has told fans that she and her three-year-old son, Jameson, were \"really, really sick\" with Covid-19 and that he \"had the worst of it\".\r\nDuring an Instagram live with her friend and author Jen Pastiloff, the What About Us singer adm\u2026 [+2036 chars]"}, {"source": {"id": "rte", "name": "RTE"}, "author": "RT\u00c9 Entertainment", "title": "Jaws actress Lee Fierro dies from Covid-19, aged 91", "description": "The actress and drama teacher starred as Mrs. Kinter in Steven Spielberg's 1975 shark epic, Jaws, and it's 1987 sequel Jaws: The Revenge.", "url": "https://www.rte.ie/entertainment/2020/0406/1128708-jaws-actress-lee-fierro-dies-from-covid-19-aged-91/", "urlToImage": "https://img.rasset.ie/00141026-1600.jpg", "publishedAt": "2020-04-06T06:44:13Z", "content": "The actress and drama teacher starred as Mrs. Kinter in Steven Spielberg's 1975 shark epic, Jaws, and it\u2019s 1987 sequel Jaws: The Revenge.\u00a0\r\nLee Fierro was living in an assisted care facility in Ohio when she died of Covid-19 complications reports Variety.\u00a0\r\nF\u2026 [+587 chars]"}, {"source": {"id": "rte", "name": "RTE"}, "author": "RT\u00c9 News", "title": "16 more deaths from Covid-19, 370 new cases diagnosed", "description": "Sixteen more people have died from Covid-19 in Ireland bringing the overall death toll to 174.", "url": "https://www.rte.ie/news/2020/0406/1128865-irish-figures-health/", "urlToImage": "https://img.rasset.ie/0013f3e6-1600.jpg", "publishedAt": "2020-04-06T16:48:38Z", "content": "Sixteen more people have died from Covid-19 in Ireland bringing the overall death toll to 174.\r\nA further 370 cases of the coronavirus have also been diagnosed in the Republic.\r\nChief Medical Officer Dr Tony Holohan said 11 of the deaths took place in the eas\u2026 [+2695 chars]"}, {"source": {"id": "rte", "name": "RTE"}, "author": "RT\u00c9 News", "title": "Covid-19: Seven further deaths in Northern Ireland", "description": "There have been a further seven deaths linked to Covid-19 in Northern Ireland, bringing the total number of deaths there to 70.", "url": "https://www.rte.ie/news/coronavirus/2020/0406/1128901-northern-ireland-coronavirus/", "urlToImage": "https://img.rasset.ie/0013f391-1600.jpg", "publishedAt": "2020-04-06T16:25:38Z", "content": "There have been a further seven deaths linked to Covid-19 in Northern Ireland, bringing the total number of deaths there to 70.\r\nThe Public Health Agency also announced another 69 confirmed cases, bringing the total number of cases diagnosed to 1,158.\r\nSpeaki\u2026 [+1478 chars]"}]}