{"status": "ok", "totalResults": 7, "articles": [{"source": {"id": "rte", "name": "RTE"}, "author": "George Lee", "title": "Covid-19 restrictions should be extended - NPHET", "description": "The National Public Health Emergency Team is today expected to recommend that the current tight restrictions on movement introduced nearly two weeks ago to help contain the spread of Covid-19 should be extended past Easter Sunday.", "url": "https://www.rte.ie/news/coronavirus/2020/0410/1129733-covid19-coronavirus-restrictions/", "urlToImage": "https://img.rasset.ie/001407b3-1600.jpg", "publishedAt": "2020-04-10T02:05:16Z", "content": "The National Public Health Emergency Team (NPHET) will meet again today and is expected to recommend that the current restrictions on movement introduced almost a fortnight ago to help contain the spread of Covid-19 should be extended.\u00a0\r\nThe strict limits on \u2026 [+1444 chars]"}, {"source": {"id": "rte", "name": "RTE"}, "author": "Fergal Bowers", "title": "Largest number of Covid-19 cases in Dublin hospitals", "description": "Three Dublin hospitals have the largest number of confirmed Covid-19 cases - Beaumont Hospital with 132 patients, St James's with 95 and the Mater with 84 cases, according to new Health Service Executive figures obtained by RT\u00c9 News.", "url": "https://www.rte.ie/news/coronavirus/2020/0410/1129737-covid19-coronavirus-ireland/", "urlToImage": "https://img.rasset.ie/0013ea5b-1600.jpg", "publishedAt": "2020-04-10T05:26:11Z", "content": "Three Dublin hospitals have the largest number of confirmed Covid-19 cases - Beaumont Hospital with 132 patients, St James's with 95 and the Mater with 84 cases, according to new Health Service Executive figures\u00a0obtained by\u00a0RT\u00c9 News.\r\nThere are \u00a0also 74 Covid\u2026 [+1654 chars]"}, {"source": {"id": "rte", "name": "RTE"}, "author": "RT\u00c9 News", "title": "President says severity of Covid-19 is in our hands", "description": "President Michael D Higgins has said the severity and magnitude of the Covid-19 pandemic is in our hands.", "url": "https://www.rte.ie/news/coronavirus/2020/0410/1129738-covid19-coronavirus-michael-d-higgins/", "urlToImage": "https://img.rasset.ie/00139923-1600.jpg", "publishedAt": "2020-04-10T05:52:39Z", "content": "President Michael D\u00a0Higgins has said the severity and magnitude of the Covid-19 pandemic is in our hands.\u00a0\r\nIn a message to Irish people at home and abroad at Easter, the President said that by co-operating and working with the measures suggested to combat th\u2026 [+5370 chars]"}, {"source": {"id": "rte", "name": "RTE"}, "author": "RT\u00c9 News", "title": "US hopeful of summer respite from Covid-19 storm", "description": "US health officials made cautiously optimistic noises about coronavirus despite high death tolls yesterday, suggesting Americans might be able to take summer holidays, as falling hospitalization rates hint at a turning point in the battle against COVID-19.", "url": "https://www.rte.ie/news/2020/0410/1129750-us-hopeful-of-summer-respite-from-covid-19-storm/", "urlToImage": "https://img.rasset.ie/00141831-1600.jpg", "publishedAt": "2020-04-10T06:52:04Z", "content": "US health officials made cautiously optimistic noises about coronavirus despite high death tolls yesterday, suggesting Americans might be able to take summer holidays, as falling hospitalization rates hint at a turning point in the battle against COVID-19.\r\nW\u2026 [+4888 chars]"}, {"source": {"id": "rte", "name": "RTE"}, "author": "RT\u00c9 News", "title": "858 patients in Ireland's hospitals with Covid-19", "description": "Latest figures show that nationally there are 858 people in hospital with Covid-19 - follow all the latest developments on the coronavirus pandemic with our live blog", "url": "https://www.rte.ie/news/2020/0410/1129745-coronavirus-tracker/", "urlToImage": "https://img.rasset.ie/00140afe-1600.jpg", "publishedAt": "2020-04-10T06:52:04Z", "content": "RT\u00c9.ie is the website of Raidi\u00f3 Teilif\u00eds \u00c9ireann, Ireland's National Public Service Broadcaster.RT\u00c9 is not responsible for the content of external internet sites. Images courtesy of Sportsfile and Getty Images\r\n\u00a9 RT\u00c9 2020"}, {"source": {"id": "rte", "name": "RTE"}, "author": "RT\u00c9 News", "title": "China factory gate prices fall further on Covid fears", "description": "China's factory gate prices fell the most in five months in March, with deflation deepening and set to worsen in coming months as the economic damage wrought by the coronavirus outbreak at home and worldwide shuts down many countries.", "url": "https://www.rte.ie/news/business/2020/0410/1129763-china-factory-gate-prices-fall-further-on-covid-fears/", "urlToImage": "https://img.rasset.ie/000be0db-1600.jpg", "publishedAt": "2020-04-10T07:25:59Z", "content": "China's factory gate prices fell the most in five months in March, with deflation deepening and set to worsen in coming months as the economic damage wrought by the coronavirus outbreak at home and worldwide shuts down many countries.\r\nThe world's second-larg\u2026 [+3342 chars]"}, {"source": {"id": "rte", "name": "RTE"}, "author": "RT\u00c9 Entertainment", "title": "Kate Garraway's husband 'still very ill' with Covid-19", "description": "TV presenter Kate Garraway has announced that her husband Derek Draper - who's being treated in hospital for the coronavirus - \"remains in intensive care and is still very ill\".", "url": "https://www.rte.ie/entertainment/2020/0410/1129802-kate-garraways-husband-still-very-ill-with-covid-19/", "urlToImage": "https://img.rasset.ie/0014183e-1600.jpg", "publishedAt": "2020-04-10T10:44:31Z", "content": "TV presenter Kate Garraway has announced that\u00a0her husband Derek Draper -\u00a0who's being treated in hospital for the coronavirus -\u00a0\"remains in intensive care and is still very ill\".\r\nThe 52-year-old\u00a0said it \"remains an excruciatingly worrying time\"\u00a0in a message r\u2026 [+1578 chars]"}]}