{"status": "ok", "totalResults": 14, "articles": [{"source": {"id": "rte", "name": "RTE"}, "author": "Emma O Kelly", "title": "Covid-19: Almost 11,000 SNAs sign up for reassignment", "description": "Almost 11,000 Special Needs Assistants have filled out online forms for reassignment under a new process introduced to help deal with the consequences of the Covid-19 pandemic.", "url": "https://www.rte.ie/news/2020/0403/1128411-sna-reassignment-covid-19/", "urlToImage": "https://img.rasset.ie/0012bbf9-1600.jpg", "publishedAt": "2020-04-03T17:44:13Z", "content": "Almost 11,000 Special Needs Assistants have filled out online forms for reassignment under a new process introduced to help deal with the consequences of the Covid-19 pandemic.\r\nThe Department of Education said that within 24-hours of Wednesday's announcement\u2026 [+1188 chars]"}, {"source": {"id": "rte", "name": "RTE"}, "author": "Philip Bromwell", "title": "Watch: Irish abroad reflect on new reality of Covid-19", "description": "Ireland's response to the coronavirus pandemic is being followed closely by Irish citizens around the world.", "url": "https://www.rte.ie/news/2020/0402/1128181-global-irish-on-covid19-reality/", "urlToImage": "https://img.rasset.ie/00140c9e-1600.jpg", "publishedAt": "2020-04-03T06:37:14Z", "content": "Ireland's response to the coronavirus pandemic is being followed closely by Irish citizens around the world, with many now facing similar challenges where they live.\r\nI put out a call on Twitter at the weekend asking if Irish people abroad could send me a sho\u2026 [+2177 chars]"}, {"source": {"id": "rte", "name": "RTE"}, "author": "RT\u00c9 News", "title": "Covid-19: Taoiseach says progress made, but more to do", "description": "Leo Varadkar said progress is being made in reducing the daily rate of cases but it isn't enough - follow all the latest developments on the coronavirus outbreak both at home and abroad with our live blog.", "url": "https://www.rte.ie/news/2020/0403/1128220-coronavirus-tracker/", "urlToImage": "https://img.rasset.ie/00140ab0-1600.jpg", "publishedAt": "2020-04-03T06:05:12Z", "content": "RT\u00c9.ie is the website of Raidi\u00f3 Teilif\u00eds \u00c9ireann, Ireland's National Public Service Broadcaster.RT\u00c9 is not responsible for the content of external internet sites. Images courtesy of Sportsfile and Getty Images\r\n\u00a9 RT\u00c9 2020"}, {"source": {"id": "rte", "name": "RTE"}, "author": "RT\u00c9 News", "title": "Politicians in Middle East feel the toll of Covid-19", "description": "Iran's parliament speaker has become the country's highest-ranking government figure to test positive for coronavirus.", "url": "https://www.rte.ie/news/coronavirus/2020/0403/1128233-politicians-in-middle-east-feel-the-toll-of-covid-19/", "urlToImage": "https://img.rasset.ie/00140cde-1600.jpg", "publishedAt": "2020-04-03T07:12:55Z", "content": "Iran's parliament speaker has become the country's highest-ranking government figure to test positive for coronavirus.\r\nIran's parliament announced Ali Larijani's illness on its website, saying he was receiving treatment in quarantine.\r\nIran, the epicentre of\u2026 [+2487 chars]"}, {"source": {"id": "rte", "name": "RTE"}, "author": "Ciaran Mullooly", "title": "Roscommon man, 82, speaks of Covid-19 recovery", "description": "An 82-year-old man, who was hospitalised with Covid-19 for ten days, said that elderly people should remain as positive as possible in their outlook during the present crisis as he survived the illness.", "url": "https://www.rte.ie/news/connacht/2020/0403/1128316-roscommon-man-covid-19/", "urlToImage": "https://img.rasset.ie/00140d96-1600.jpg", "publishedAt": "2020-04-03T11:58:01Z", "content": "An 82-year-old man, who was hospitalised with Covid-19 for ten days, said that elderly people should remain as positive as possible in their outlook during the crisis as he survived the illness.\r\nPaddy Joe Lynch, who is from Ballinameen outside Boyle, Co Rosc\u2026 [+1602 chars]"}, {"source": {"id": "rte", "name": "RTE"}, "author": "Eileen Magnier", "title": "Sligo scientists making key elements for Covid-19 tests", "description": "With a global shortage of key elements for Covid-19 tests, Sligo University Hospital put a call out to their neighbours at IT Sligo to see if they could help.", "url": "https://www.rte.ie/news/2020/0403/1128390-sligo-university-reagents/", "urlToImage": "https://img.rasset.ie/00140e49-1600.jpg", "publishedAt": "2020-04-03T16:39:04Z", "content": "With a global shortage of key elements\u00a0for Covid-19 tests, Sligo University Hospital (SUH) put a call out to their neighbours at IT Sligo to see if they could help.\r\nDr Jeremy Bird, Head of the School of Science at the college, quickly responded. He scoured h\u2026 [+1987 chars]"}, {"source": {"id": "rte", "name": "RTE"}, "author": "Gail Conway", "title": "12 further deaths from Covid-19, 130 new cases in North", "description": "In Northern Ireland the Public Health Agency has confirmed 12 more coronavirus-related deaths, making a total of 48 deaths in the region.", "url": "https://www.rte.ie/news/2020/0403/1128343-north-deaths-virus/", "urlToImage": "https://img.rasset.ie/00134cdf-1600.jpg", "publishedAt": "2020-04-03T13:38:29Z", "content": "In Northern Ireland the Public Health Agency has confirmed 12 more coronavirus-related deaths, making a total of 48 deaths in the region.\r\nThere have been 130 new cases since yesterday, and 904 cases in total.\r\nStormont finance minister Conor Murphy's deal wi\u2026 [+2552 chars]"}, {"source": {"id": "rte", "name": "RTE"}, "author": "RT\u00c9 Sport", "title": "Russia coach diagnosed with Covid-19 after London event", "description": "A Russian national boxing team coach has tested positive for the coronavirus after returning home from Olympic qualifiers cut short in London last month.", "url": "https://www.rte.ie/sport/boxing/2020/0403/1128245-russia-boxing-london-qualifier-coronavirus/", "urlToImage": "https://img.rasset.ie/0013eaed-1600.jpg", "publishedAt": "2020-04-03T07:58:00Z", "content": "A Russian national boxing team coach has tested positive for the coronavirus after returning home from Olympic qualifiers cut short in London last month.\r\nAnton Kadushin, who works with Gleb Bakshi, the 2019 world champion in the middleweight class, wrote on \u2026 [+1045 chars]"}, {"source": {"id": "rte", "name": "RTE"}, "author": "RT\u00c9 News", "title": "Ryanair passenger numbers drop 48% due to Covid-19", "description": "Ryanair has reported a 48% drop in passenger numbers for the month of March as the Covid-19 outbreak forced it to cancel the majority of its flights.", "url": "https://www.rte.ie/news/business/2020/0403/1128227-ryanair-traffic-figures/", "urlToImage": "https://img.rasset.ie/0013e8f4-1600.jpg", "publishedAt": "2020-04-03T06:22:53Z", "content": "Ryanair said today it expects to report annual profit at the lower end of its prior outlook following widespread travel restrictions imposed by European governments to curb the spread of the coronavirus outbreak.\u00a0\r\nThe airline said pre-exceptional profit afte\u2026 [+764 chars]"}, {"source": {"id": "rte", "name": "RTE"}, "author": "RT\u00c9 News", "title": "Avolon cancels some plane orders due to Covid-19", "description": "Dublin-based aircraft leasing firm Avolon said it had received requests from over 80% of its customer base for relief from payment obligations under their leases as the outbreak of Covid-19 continues to hammer the aviation industry.", "url": "https://www.rte.ie/news/business/2020/0403/1128307-avolon-update-on-covid-19/", "urlToImage": "https://img.rasset.ie/000e0fe1-1600.jpg", "publishedAt": "2020-04-03T11:07:36Z", "content": "Dublin-based aircraft leasing firm Avolon said it had received requests from over 80% of its customer base for relief from payment obligations under their leases as the outbreak of Covid-19 continues to hammer the aviation industry.\r\nAvolon said these request\u2026 [+1824 chars]"}, {"source": {"id": "rte", "name": "RTE"}, "author": "RT\u00c9 News", "title": "Covid-19 brings record US job growth to an end in March", "description": "The US economy shed over 700,000 jobs in March, abruptly ending a historic 113 months of employment growth in a row as stringent measures to control the novel coronavirus pandemic closed businesses and factories.", "url": "https://www.rte.ie/news/business/2020/0403/1128334-us-non-farm-payroll-figures/", "urlToImage": "https://img.rasset.ie/00140579-1600.jpg", "publishedAt": "2020-04-03T12:52:32Z", "content": "The US economy shed jobs in March, abruptly ending a historic 113 months of employment growth in a row as stringent measures to control the novel coronavirus pandemic closed businesses and factories.\u00a0\r\nThe US Labor Department said employers cut 701,000 jobs l\u2026 [+1820 chars]"}, {"source": {"id": "rte", "name": "RTE"}, "author": "RT\u00c9 Entertainment", "title": "Kelly will return to frontline after Covid-19 recovery", "description": "Newstalk's Ciara Kelly has revealed that she's returning to work as a doctor, after recovering from COVID-19.", "url": "https://www.rte.ie/entertainment/2020/0403/1128322-kelly-will-return-to-frontline-after-covid-19-recovery/", "urlToImage": "https://img.rasset.ie/000d5fa8-1600.jpg", "publishedAt": "2020-04-03T13:03:32Z", "content": "Newstalk's Ciara Kelly has revealed that she's returning to work as a doctor, after recovering from COVID-19.\r\nThe presenter, who tested positive for the virus last month,\u00a0gave up her career in medicine back in 2017, has revealed her plans to help\u00a0those on th\u2026 [+1032 chars]"}, {"source": {"id": "rte", "name": "RTE"}, "author": "RT\u00c9 Entertainment", "title": "Sara Bareilles says she 'fully recovered' from Covid-19", "description": "Grammy-winning singer-songwriter Sara Bareilles has revealed to fans that she has \"fully recovered\" from coronavirus.", "url": "https://www.rte.ie/entertainment/2020/0403/1128235-sara-bareilles-says-she-fully-recovered-from-covid-19/", "urlToImage": "https://img.rasset.ie/00140cdf-1600.jpg", "publishedAt": "2020-04-03T06:57:26Z", "content": "Grammy-winning singer-songwriter Sara Bareilles has revealed to fans that she has \"fully recovered\" from coronavirus.\u00a0\r\nThe 40-year-old singer whose hits include Love Song and Brave took to Instagram stories to share her health update.\u00a0\r\nShe said:\u00a0\"Hey friend\u2026 [+512 chars]"}, {"source": {"id": "rte", "name": "RTE"}, "author": "Laura Hogan", "title": "Almost 90% of Covid-19 deaths in Ireland aged over 65", "description": "Almost 90% of people with the coronavirus who have died so far in Ireland are aged over 65, according to the latest data published by the Health Protection Surveillance Centre.", "url": "https://www.rte.ie/news/coronavirus/2020/0403/1128276-covid-stats-ireland/", "urlToImage": "https://img.rasset.ie/00140afe-1600.jpg", "publishedAt": "2020-04-03T09:44:37Z", "content": "Almost 90% of people with the coronavirus who have died so far in Ireland are aged over 65.\r\nHowever, a second death has now been recorded in the 25-34 age group, according to the latest data published by the Health Protection Surveillance Centre.\r\nThe data i\u2026 [+1406 chars]"}]}