{"status": "ok", "totalResults": 12, "articles": [{"source": {"id": "rte", "name": "RTE"}, "author": "RT\u00c9 News", "title": "Spain: 832 more people die from Covid-19", "description": "Spain's coronavirus death toll rose by 832 cases overnight to 5,690, the health ministry has revealed.", "url": "https://www.rte.ie/news/world/2020/0328/1126972-spain-virus-deaths/", "urlToImage": "https://img.rasset.ie/00138fe8-1600.jpg", "publishedAt": "2020-03-28T10:53:41Z", "content": "Spain's coronavirus death toll rose by 832 cases overnight to 5,690, the health ministry has revealed.\r\nThis marks\u00a0a new high in the daily rise in fatalities.\r\nThe total number of those infected rose to 72,248 from 64,059 on Friday.\r\nThe Spanish parliament ha\u2026 [+370 chars]"}, {"source": {"id": "rte", "name": "RTE"}, "author": "RT\u00c9 News", "title": "At a glance: Latest global developments due to Covid-19", "description": "The coronavirus pandemic has infected more than 551,000 people and killed almost 24,900 across the world. The Chinese city of Wuhan, where the outbreak first emerged, began lifting a two-month lockdown on Saturday.", "url": "https://www.rte.ie/news/coronavirus/2020/0328/1126980-at-a-glance-latest-global-developments-due-to-covid-19/", "urlToImage": "https://img.rasset.ie/001403b2-1600.jpg", "publishedAt": "2020-03-28T11:49:34Z", "content": "The coronavirus pandemic has infected more than 551,000 people and killed almost 24,900 across the world.\r\nThe Chinese city of Wuhan, where the outbreak first emerged, began lifting a two-month lockdown on Saturday by restarting some metro services and reopen\u2026 [+3665 chars]"}, {"source": {"id": "rte", "name": "RTE"}, "author": "RT\u00c9 News", "title": "US lab unveils portable 5-minute COVID-19 test", "description": "A US-based lab has unveiled a portable test that can tell if someone has COVID-19 in as little as five minutes.", "url": "https://www.rte.ie/news/coronavirus/2020/0328/1126943-coronavirus-lab-test/", "urlToImage": "https://img.rasset.ie/0013ffb0-1600.jpg", "publishedAt": "2020-03-28T05:12:43Z", "content": "A US-based lab has unveiled a portable test that can tell if someone has COVID-19 in as little as five minutes.\r\nAbbot Laboratories said the US Food and Drug Administration had given it emergency authorisation to begin making the test available to healthcare \u2026 [+827 chars]"}, {"source": {"id": "rte", "name": "RTE"}, "author": "Tony Connelly", "title": "Covid-19: Why the EU is haunted by the euro crisis", "description": "The coronavirus does not recognise borders.\u00a0 But as the EU struggles with the catastrophe, the ideological borders of the euro crisis are back: north-south, creditor-debtor.", "url": "https://www.rte.ie/news/2020/0327/1126913-tony-connelly-analysis-euro-crisis/", "urlToImage": "https://img.rasset.ie/000e1187-1600.jpg", "publishedAt": "2020-03-28T07:00:00Z", "content": "The coronavirus does not recognise borders.\u00a0 But as the EU struggles with the catastrophe, the ideological borders of the euro crisis are back: north-south, creditor-debtor.\r\nThis time the stakes are higher.\u00a0\r\nThe problem during the financial crisis was the s\u2026 [+13982 chars]"}, {"source": {"id": "rte", "name": "RTE"}, "author": "RT\u00c9 Sport", "title": "West Ham report eight players showing Covid-19 symptoms", "description": "West Ham have eight players in self-isolation after showing mild symptoms of the coronavirus, according to the club's vice-chairwoman Karren Brady.", "url": "https://www.rte.ie/sport/soccer/2020/0328/1126973-west-ham-report-eight-players-showing-covid-19-symptoms/", "urlToImage": "https://img.rasset.ie/001403ac-1600.jpg", "publishedAt": "2020-03-28T11:09:54Z", "content": "West Ham have eight players in self-isolation after showing mild symptoms of the coronavirus, according to the club's vice-chairwoman Karren Brady.\r\nThe Hammers are the latest Premier League club to be hit by the pandemic.\r\nArsenal manager Mikel Arteta, Chels\u2026 [+1271 chars]"}, {"source": {"id": "rte", "name": "RTE"}, "author": "RT\u00c9 Sport", "title": "Man City make Etihad available to NHS to fight Covid-19", "description": "Manchester City are making facilities at the Etihad Stadium available to the NHS in the front-line battle against the coronavirus pandemic.", "url": "https://www.rte.ie/sport/soccer/2020/0328/1127062-man-city-make-etihad-available-to-nhs-to-fight-covid-19/", "urlToImage": "https://img.rasset.ie/00139931-1600.jpg", "publishedAt": "2020-03-28T23:46:54Z", "content": "Manchester City are making facilities at the Etihad Stadium available to the NHS in the front-line battle against the coronavirus pandemic.\r\nAs part of contingency planning for the ongoing crisis, the Principality Stadium in Cardiff is set to be converted int\u2026 [+785 chars]"}, {"source": {"id": "rte", "name": "RTE"}, "author": "RT\u00c9 Entertainment", "title": "O'Carroll shares optimism for Ireland after Covid-19", "description": "Mrs Brown's Boys star Brendan O'Carroll has expressed his optimism that Ireland will change for the better once the Covid-19 emergency is over.", "url": "https://www.rte.ie/entertainment/2020/0328/1127003-ocarroll-shares-optimism-for-ireland-after-covid-19/", "urlToImage": "https://img.rasset.ie/000eea40-1600.jpg", "publishedAt": "2020-03-28T15:26:36Z", "content": "Mrs Brown's Boys star Brendan O'Carroll has expressed his optimism that Ireland will change for the better once the Covid-19 emergency is over.\r\nO'Carroll and his wife and co-star Jennifer Gibney joined Friday night's Late Late Show from their home in Florida\u2026 [+1673 chars]"}, {"source": {"id": "rte", "name": "RTE"}, "author": "RT\u00c9 Entertainment", "title": "Hanks, Wilson return to LA after battling Covid-19", "description": "Tom Hanks and Rita Wilson have returned to the USA after battling Covid-19 in Australia.", "url": "https://www.rte.ie/entertainment/2020/0328/1126971-hanks-wilson-return-to-la-after-battling-covid-19/", "urlToImage": "https://img.rasset.ie/0013e79c-1600.jpg", "publishedAt": "2020-03-28T11:16:08Z", "content": "Tom Hanks and Rita Wilson have returned to the USA after battling Covid-19 in Australia.\r\nThe 63-year-old actor and his wife, also 63, have now both returned to their Los Angeles home after recovering, according to PageSix.\r\nThe Hollywood couple, who were the\u2026 [+904 chars]"}, {"source": {"id": "rte", "name": "RTE"}, "author": "RT\u00c9 Entertainment", "title": "Wood on Covid-19 sobriety: 'If I can do it, you can'", "description": "Rolling Stones guitarist Ronnie Wood used his time on the Brendan O'Connor Show on RT\u00c9 Radio One on Saturday to encourage people to look after their sobriety during the Covid-19 emergency.", "url": "https://www.rte.ie/entertainment/2020/0328/1126987-wood-on-covid-19-sobriety-if-i-can-do-it-you-can/", "urlToImage": "https://img.rasset.ie/0013fe59-1600.jpg", "publishedAt": "2020-03-28T12:35:26Z", "content": "Rolling Stones guitarist Ronnie Wood used his time on\u00a0 the Brendan O'Connor Show\u00a0 on RT\u00c9 Radio One on Saturday to encourage people to look after their sobriety during the Covid-19 emergency.\u00a0\r\n\"I take it one day at a time,\" the 72-year-old told the host. \"And\u2026 [+1169 chars]"}, {"source": {"id": "rte", "name": "RTE"}, "author": "Fergal Bowers", "title": "Covid-19: The race against time", "description": "In years to come, people will likely speak of the pre-Covid and post-Covid period, such is the scale of change and the things we do now will decide our future, and our fate is in our hands, literally, writes Fergal Bowers.", "url": "https://www.rte.ie/news/coronavirus/2020/0328/1126824-coronavirus-analysis/", "urlToImage": "https://img.rasset.ie/0013efdd-1600.jpg", "publishedAt": "2020-03-28T07:00:07Z", "content": "It's a moment in history, in a race against time.\r\nThe things we do now, will decide our future.\r\nOur fate and of others, is in our hands, literally.\r\nIn years to come, people will likely speak of the pre-Covid and post-Covid period, such is the scale of chan\u2026 [+11824 chars]"}, {"source": {"id": "rte", "name": "RTE"}, "author": "RT\u00c9 News", "title": "#InThisTogether - Rays of light in the Covid-19 storm", "description": "While the world can seem a dark place at present, there are rays of light, with people facing the Covid-19 storm by coming together while staying apart, showing the best of what it is to be human. We want to share these stories.", "url": "https://www.rte.ie/news/2020/0327/1126566-in-this-together/", "urlToImage": "https://img.rasset.ie/0014007e-1600.jpg", "publishedAt": "2020-03-28T12:12:35Z", "content": "Ireland, like the rest of the world, is facing a very difficult time, with the coronavirus pandemic not only posing serious health risks, but also causing huge disruption to our way of life, separating us from loved ones and restricting our freedom.\r\nThe worl\u2026 [+529 chars]"}, {"source": {"id": "rte", "name": "RTE"}, "author": "RT\u00c9 News", "title": "Covid-19: 'Cocooning' in place for over-70s, vulnerable", "description": "As a mandatory 'stay at home' order is in effect, shielding or 'cocooning' for the over 70s and certain categories of people who are vulnerable to Covid-19 is also in place - follow our live blog for all today's developments.", "url": "https://www.rte.ie/news/2020/0328/1126954-coronavirus-tracker/", "urlToImage": "https://img.rasset.ie/0014038d-1600.jpg", "publishedAt": "2020-03-28T08:24:37Z", "content": "RT\u00c9.ie is the website of Raidi\u00f3 Teilif\u00eds \u00c9ireann, Ireland's National Public Service Broadcaster.RT\u00c9 is not responsible for the content of external internet sites. Images courtesy of Sportsfile and Getty Images\r\n\u00a9 RT\u00c9 2020"}]}