{"status": "ok", "totalResults": 7, "articles": [{"source": {"id": "rte", "name": "RTE"}, "author": "Vincent Kearney", "title": "O'Neill changes position on Covid-19 closures", "description": "Northern Ireland's Deputy First Minister Michelle O'Neill has dramatically changed her position on the need for schools and universities there to close as part of efforts to combat the spread of Covid-19.", "url": "https://www.rte.ie/news/coronavirus/2020/0313/1122061-coronavirus-covid19-northern-ireland/", "urlToImage": "https://img.rasset.ie/00135617-1600.jpg", "publishedAt": "2020-03-13T11:51:44Z", "content": "Northern Ireland's Deputy First Minister Michelle O\u2019Neill has dramatically changed her position on the need for schools and universities there to close as part of efforts to combat the spread of Covid-19.\r\nLast night she stood alongside First Minister Arlene \u2026 [+2888 chars]"}, {"source": {"id": "rte", "name": "RTE"}, "author": "RT\u00c9 News", "title": "Nepal bars climbers from Everest over Covid-19 pandemic", "description": "Nepal has barred climbers from all mountains - including Mount Everest - over the coronavirus pandemic, in a major blow to its tourism industry.", "url": "https://www.rte.ie/news/newslens/2020/0313/1122018-everest/", "urlToImage": "https://img.rasset.ie/0013e13b-1600.jpg", "publishedAt": "2020-03-13T08:36:30Z", "content": "Nepal has\u00a0barred climbers from all mountains -\u00a0including Mount Everest -\u00a0over the coronavirus pandemic, in a major blow to its tourism industry.\r\nThe Himalayan country, which has so far confirmed one coronavirus case, earns \u20ac4 million a year from climbing per\u2026 [+3444 chars]"}, {"source": {"id": "rte", "name": "RTE"}, "author": "Will Goodbody", "title": "Revenue moves to assist companies affected by Covid-19", "description": "Revenue has said that it will not apply interest on late VAT returns for January and February due from small and medium sized businesses experiencing temporary cash flow difficulties because of the Covid-19 outbreak.", "url": "https://www.rte.ie/news/business/2020/0313/1122096-revenue-measures-on-virus/", "urlToImage": "https://img.rasset.ie/000cb8f4-1600.jpg", "publishedAt": "2020-03-13T14:29:44Z", "content": "Revenue has said that it will not apply interest on late VAT returns for January and February due from small and medium sized businesses experiencing temporary cash flow difficulties because of the Covid-19 outbreak.\r\nIt has also suspended interest on late pa\u2026 [+1427 chars]"}, {"source": {"id": "rte", "name": "RTE"}, "author": "RT\u00c9 News", "title": "BT says its CEO has tested positive for Covid-19", "description": "Britain's biggest telecoms group BT said its chief executive, Philip Jansen, has tested positive for Covid-19.", "url": "https://www.rte.ie/news/business/2020/0313/1122003-bt-ceo-has-virus/", "urlToImage": "https://img.rasset.ie/00052f38-1600.jpg", "publishedAt": "2020-03-13T07:35:30Z", "content": "Britain's biggest telecoms group BT said its chief executive, Philip Jansen, has tested positive for Covid-19.\u00a0\r\n\"Having felt slightly unwell I decided as a precaution to be tested. As soon as the test results were known I isolated myself at home,\" Jansen sai\u2026 [+551 chars]"}, {"source": {"id": "rte", "name": "RTE"}, "author": "RT\u00c9 Entertainment", "title": "Corden and Ellen suspend their TV shows over Covid-19", "description": "Ellen DeGeneres and James Corden have suspended their TV shows due to fears over the Covid-19 pandemic.", "url": "https://www.rte.ie/entertainment/2020/0313/1122196-corden-and-ellen-suspend-their-tv-shows-over-covid-19/", "urlToImage": "https://img.rasset.ie/001218a9-1600.jpg", "publishedAt": "2020-03-13T23:46:13Z", "content": "Ellen DeGeneres and James Corden have suspended their TV shows due to fears over the Covid-19 pandemic.\r\nThe virus has caused chaos in Hollywood, with a large volume of film and TV production halted in an attempt to stop the illness spreading.\r\nApple, CBS, Di\u2026 [+580 chars]"}, {"source": {"id": "rte", "name": "RTE"}, "author": "RT\u00c9 News", "title": "Covid-19: Schools, colleges, museums closed", "description": "Tough new measures to combat the spread of the coronavirus are taking effect as schools, colleges and cultural institutions across the country are shut - follow the latest developments at home and abroad with our live blog.", "url": "https://www.rte.ie/news/2020/0313/1121986-coronavirus-tracker/", "urlToImage": "https://img.rasset.ie/0013e11f-1600.jpg", "publishedAt": "2020-03-13T07:11:05Z", "content": "RT\u00c9.ie is the website of Raidi\u00f3 Teilif\u00eds \u00c9ireann, Ireland's National Public Service Broadcaster.RT\u00c9 is not responsible for the content of external internet sites. Images courtesy of Sportsfile and Getty Images\r\n\u00a9 RT\u00c9 2020"}, {"source": {"id": "rte", "name": "RTE"}, "author": "Paul Reynolds", "title": "Senior garda\u00ed asked to delay retirement due to Covid-19", "description": "Garda Commissioner Drew Harris has written to a number of senior officers who are due to retire in the next few weeks asking them to stay on in the national interest.", "url": "https://www.rte.ie/news/coronavirus/2020/0313/1122045-garda-coronavirus/", "urlToImage": "https://img.rasset.ie/0013d609-1600.jpg", "publishedAt": "2020-03-13T10:53:22Z", "content": "Garda Commissioner Drew Harris has written to a number of senior officers who are due to retire in the next few weeks asking them to stay on in the national interest.\r\nAmong those asked to remain working in the force is the Assistant Commissioner in charge of\u2026 [+1091 chars]"}]}