{"status": "ok", "totalResults": 18, "articles": [{"source": {"id": "rte", "name": "RTE"}, "author": "Paul Reynolds", "title": "Covid-19: Prison visits and times restricted", "description": "The Prison Service has reduced the number of prison visits and the length of time visitors can see inmates as part of its response to the coronavirus.", "url": "https://www.rte.ie/news/coronavirus/2020/0325/1126319-prison-release/", "urlToImage": "https://img.rasset.ie/0005a208-1600.jpg", "publishedAt": "2020-03-25T13:35:00Z", "content": "The Prison Service has reduced the number of prison visits and the length of time visitors can see inmates as part of its response to the coronavirus.\r\nChildren are now prohibited from visiting the prisons and each inmate is only allowed one visitor a week fo\u2026 [+1107 chars]"}, {"source": {"id": "rte", "name": "RTE"}, "author": "RT\u00c9 News", "title": "Britain's Prince Charles tests positive for Covid-19", "description": "Britain's Prince Charles, the eldest son and heir to Queen Elizabeth II, has tested positive for the coronavirus, his office has said.", "url": "https://www.rte.ie/news/coronavirus/2020/0325/1126258-prince-charles/", "urlToImage": "https://img.rasset.ie/00121779-1600.jpg", "publishedAt": "2020-03-25T10:44:45Z", "content": "Britain's Prince Charles, the eldest son and heir to Queen Elizabeth II, has tested positive for the\u00a0coronavirus, his office has said.\r\nThe 71-year-old is displaying mild symptoms of COVID-19 \"but otherwise remains in good health\", Clarence House said in a st\u2026 [+702 chars]"}, {"source": {"id": "rte", "name": "RTE"}, "author": "Pat McGrath", "title": "Covid-19 test centre opens at Galway Airport", "description": "A new Covid-19 test centre has opened at Galway Airport.", "url": "https://www.rte.ie/news/connacht/2020/0325/1126343-galway-airport-covid-19-test-centre/", "urlToImage": "https://img.rasset.ie/0013fea7-1600.jpg", "publishedAt": "2020-03-25T14:33:17Z", "content": "A new Covid-19 test\u00a0centre\u00a0has opened at Galway Airport.\r\nThe drive-through facility has been developed in a vacant hangar at the airport, which closed to commercial air traffic eight years ago.\u00a0\r\nThe property is now owned by Galway City and County councils.\u00a0\u2026 [+901 chars]"}, {"source": {"id": "rte", "name": "RTE"}, "author": "Brian O'Donovan", "title": "Seanate, White House reach $2tn Covid-19 rescue deal", "description": "US Senators and White House negotiators have reached agreement on the biggest economic stimulus plan in US history.", "url": "https://www.rte.ie/news/coronavirus/2020/0325/1126199-coronavirus-us/", "urlToImage": "https://img.rasset.ie/0013fd66-1600.jpg", "publishedAt": "2020-03-25T06:13:42Z", "content": "US Senators and White House negotiators have reached agreement on the biggest economic stimulus plan in US\u00a0history.\r\nThe $2 trillion package of measures is designed to support families and businesses that are struggling because of the coronavirus outbreak.\u00a0\r\n\u2026 [+1252 chars]"}, {"source": {"id": "rte", "name": "RTE"}, "author": "RT\u00c9 News", "title": "At a glance: Latest global developments due to Covid-19", "description": "The coronavirus has infected more than 424,000 people and killed at least 18,000 across the world. More than 108,000 people have recovered so far, mostly in China, where life is slowly returning to normal. However, many other countries continue to escalate th\u2026", "url": "https://www.rte.ie/news/2020/0325/1126333-at-a-glance-latest-global-developments-due-to-covid-19/", "urlToImage": "https://img.rasset.ie/0013fed9-1600.jpg", "publishedAt": "2020-03-25T14:06:31Z", "content": "The coronavirus pandemic has infected more than 424,000 people and killed at least 18,000 across the world.\r\nMore than 108,000 people have recovered so far, mostly in China.\r\nAfter a months-long lockdown, China's Hubei province, home to more than 50m people, \u2026 [+5823 chars]"}, {"source": {"id": "rte", "name": "RTE"}, "author": "RT\u00c9 News", "title": "UK: More emergency Covid-19 laws 'could be introduced'", "description": "People in the UK should expect the introduction of further emergency laws if the British government's current measures are ignored, the national chairman of the Police Federation of England and Wales said.", "url": "https://www.rte.ie/news/coronavirus/2020/0325/1126212-coronavirus-covid19-uk/", "urlToImage": "https://img.rasset.ie/0013fd6e-1600.jpg", "publishedAt": "2020-03-25T07:51:02Z", "content": "People in the UK\u00a0should expect the introduction of further emergency laws if the British government's current measures are ignored, the national chairman of the Police Federation of England and Wales (PFEW) said.\r\nOn Monday, British Prime Minister Boris Johns\u2026 [+4826 chars]"}, {"source": {"id": "rte", "name": "RTE"}, "author": "Eileen Magnier", "title": "Donegal business swaps shirts for scrubs amid Covid-19", "description": "A small family-run clothing business in north Donegal which specialised in clerical shirts and legal attire has completely turned production over to making scrubs for front-line healthcare workers.", "url": "https://www.rte.ie/news/ulster/2020/0325/1126415-coronavirus-donegal-scrubs/", "urlToImage": "https://img.rasset.ie/0013ff5f-1600.jpg", "publishedAt": "2020-03-25T21:55:43Z", "content": "A small family-run clothing business in north Donegal which specialised in clerical shirts and legal attire has completely turned production over to making scrubs for front-line healthcare workers.\r\nThe Doherty family has a history in the business going back \u2026 [+1775 chars]"}, {"source": {"id": "rte", "name": "RTE"}, "author": "Eleanor Mannion", "title": "Care home inundated with mail after Covid-19 appeal", "description": "Residents at a care home in Co Cork have been inundated with mail after a call for messages to help \"lift their spirits\" during the coronavirus outbreak.", "url": "https://www.rte.ie/news/2020/0324/1125035-care-home-inundated-with-mail-after-covid-19-appeal/", "urlToImage": "https://img.rasset.ie/0013fc25-1600.jpg", "publishedAt": "2020-03-25T07:00:00Z", "content": "A care home has been inundated with mail after a call for messages to help\u00a0\"lift spirits\" during the coronavirus outbreak.\r\nResidents at St Luke's Home in Mahon, Co Cork, are no longer allowed to receive visitors due to social distancing measures brought in t\u2026 [+1234 chars]"}, {"source": {"id": "rte", "name": "RTE"}, "author": "Cathy Halloran", "title": "More than 8,000 waiting on Covid-19 tests in midwest", "description": "More than 8,000 people are waiting for Covid-19 tests in the midwest region, which covers Limerick, Clare and north Tipperary.", "url": "https://www.rte.ie/news/coronavirus/2020/0325/1126203-coronavirus-ireland/", "urlToImage": "https://img.rasset.ie/0013f3e5-1600.jpg", "publishedAt": "2020-03-25T06:47:07Z", "content": "More than 8,000 people are waiting for Covid-19 tests in the midwest region, which covers Limerick, Clare and north Tipperary.\r\nThe Health Service Executive has set up 41 coronavirus testing locations across the country, two\u00a0are\u00a0located \u00a0in\u00a0Limerick city at t\u2026 [+891 chars]"}, {"source": {"id": "rte", "name": "RTE"}, "author": "RT\u00c9 News", "title": "Five die as Covid-19 death toll in Wales reaches 22", "description": "Five more people who tested positive for coronavirus in Wales have died, raising the nation's death toll to 22.", "url": "https://www.rte.ie/news/2020/0325/1126360-five-die-as-covid-19-death-toll-in-wales-reaches-22/", "urlToImage": "https://img.rasset.ie/0013fee9-1600.jpg", "publishedAt": "2020-03-25T15:48:13Z", "content": "Five more people who tested positive for coronavirus in Wales have died, raising the nation's death toll to 22.\r\nPublic Health Wales said 150 new cases of Covid-19 had been confirmed, meaning there are now 628 confirmed cases.\r\nAlmost half of the positive cas\u2026 [+4570 chars]"}, {"source": {"id": "rte", "name": "RTE"}, "author": "RT\u00c9 Sport", "title": "Victoria temporarily suspends racing pending Covid test", "description": "Racing has been temporarily suspended in the Australian state of Victoria until at least Friday while a participant is tested for Covid-19.", "url": "https://www.rte.ie/sport/racing/2020/0325/1126261-victoria-temporarily-suspends-racing-pending-covid-test/", "urlToImage": "https://img.rasset.ie/0013fde4-1600.jpg", "publishedAt": "2020-03-25T10:51:11Z", "content": "Racing has been temporarily suspended in the Australian state of Victoria until at least Friday while a participant is tested for Covid-19.\r\nThe sport has been continuing under strict protocols in Australia during the pandemic, but Wednesday's meetings at San\u2026 [+1576 chars]"}, {"source": {"id": "rte", "name": "RTE"}, "author": "RT\u00c9 News", "title": "Cairn Homes withdraws final dividend due to Covid-19", "description": "Housebuilder Cairn Homes said it is withdrawing its final dividend of 2.75 cent per share for 2019 due to the \"unprecedented circumstances and considerable uncertainty\" surrounding the outbreak of Covid-19.", "url": "https://www.rte.ie/news/business/2020/0325/1126209-cairn-homes-on-covid-19/", "urlToImage": "https://img.rasset.ie/0013fc14-1600.jpg", "publishedAt": "2020-03-25T07:29:03Z", "content": "Housebuilder Cairn Homes said it is withdrawing its final dividend of 2.75 cent per share for 2019 due to the \"unprecedented circumstances and considerable uncertainty\" surrounding the outbreak of Covid-19.\r\nIn a trading update, Cairn said is also suspending \u2026 [+1839 chars]"}, {"source": {"id": "rte", "name": "RTE"}, "author": "RT\u00c9 News", "title": "Dalata to shut several hotels due to Covid-19", "description": "Dalata Hotel Group expects its revenue in the quarter to the end of March to be down about 16% compared to the same time last year due to the \"unprecedented\" Covid-19 situation.", "url": "https://www.rte.ie/news/business/2020/0325/1126295-dalata-update-on-covid-19/", "urlToImage": "https://img.rasset.ie/000b15c8-1600.jpg", "publishedAt": "2020-03-25T12:27:05Z", "content": "Dalata Hotel Group expects its revenue in the quarter to the end of March to be down about 16% compared to the same time last year due to the \"unprecedented\" Covid-19 situation.\r\nIt said the combination of major public events being cancelled, the introduction\u2026 [+2733 chars]"}, {"source": {"id": "rte", "name": "RTE"}, "author": "RT\u00c9 Entertainment", "title": "Blum reckons Covid-19 will change film industry", "description": "Film producer and founder of Blumhouse Productions, Jason Blum, strongly believes the coronavirus pandemic will change the film industry forever.", "url": "https://www.rte.ie/entertainment/2020/0325/1126302-blum-reckons-covid-19-will-change-film-industry/", "urlToImage": "https://img.rasset.ie/0013ad95-1600.jpg", "publishedAt": "2020-03-25T12:32:11Z", "content": "Film producer and founder of Blumhouse Productions, Jason Blum, strongly believes the coronavirus pandemic\u00a0will change the film industry forever.\r\nThe 51-year-old filmmaker, who is well-known for his involvement in Paranormal Activity, The Purge and Insidious\u2026 [+1530 chars]"}, {"source": {"id": "rte", "name": "RTE"}, "author": "RT\u00c9 Entertainment", "title": "Idris Elba slams 'stupid' celebrity Covid-19 theory", "description": "Idris Elba has condemned a conspiracy theory that celebrities are being paid to say they have coronavirus.", "url": "https://www.rte.ie/entertainment/2020/0325/1126238-idris-elba-slams-stupid-celebrity-covid-19-theory/", "urlToImage": "https://img.rasset.ie/00106b22-1600.jpg", "publishedAt": "2020-03-25T10:32:58Z", "content": "Idris Elba\u00a0has condemned a conspiracy theory that celebrities are being paid to say they have\u00a0coronavirus.\r\nThe 47-year-old actor\u00a0was the one of the earliest stars to reveal\u00a0they had tested positive for the illness, while several days later his wife Sabrina E\u2026 [+1381 chars]"}, {"source": {"id": "rte", "name": "RTE"}, "author": "RT\u00c9 News", "title": "Two more deaths and 235 new Covid-19 cases announced", "description": "The Department of Health has announced 235 new cases of Covid-19 in the Republic of Ireland, as well as two further deaths.", "url": "https://www.rte.ie/news/coronavirus/2020/0325/1126391-ireland-coronavirus-figures/", "urlToImage": "https://img.rasset.ie/0013fd21-1600.jpg", "publishedAt": "2020-03-25T19:46:54Z", "content": "The Department of Health has announced 235 new cases of Covid-19\u00a0in the Republic of Ireland, as well as two further deaths.\r\nIt brings to nine\u00a0the number of deaths related to the respiratory illness in the country.\r\nThe total number of cases in the state now \u2026 [+386 chars]"}, {"source": {"id": "rte", "name": "RTE"}, "author": "RT\u00c9 News", "title": "Call for regular testing of health workers for Covid-19", "description": "SIPTU has voiced alarm about the number of healthcare workers testing positive for Covid-19, and has called for regular testing of all health staff.", "url": "https://www.rte.ie/news/coronavirus/2020/0325/1126385-coronavirus-health-staff/", "urlToImage": "https://img.rasset.ie/0013f3e6-1600.jpg", "publishedAt": "2020-03-25T17:51:59Z", "content": "SIPTU has voiced alarm about the number of healthcare workers testing positive for Covid-19, and has called for regular testing of all health staff.\r\nAccording to the Department of Health, staff on the front line of delivering care account for over a quarter \u2026 [+1173 chars]"}, {"source": {"id": "rte", "name": "RTE"}, "author": "Ingrid Miley", "title": "IMO: No reduction in certain benefits due to Covid-19", "description": "The Irish Medical Organisation has reassured members that pension entitlements and death-in-service benefits for those employed in the HSE or General Practice will not be reduced due to the coronavirus.", "url": "https://www.rte.ie/news/ireland/2020/0325/1126400-healthworkers-coronavirus/", "urlToImage": "https://img.rasset.ie/0013e18e-1600.jpg", "publishedAt": "2020-03-25T19:27:09Z", "content": "The Irish Medical Organisation (IMO) has reassured members that pension entitlements and death-in-service benefits for those employed in the HSE or General Practice will not be reduced due to the coronavirus.\r\nIn a communication to members this evening, the I\u2026 [+2115 chars]"}]}