{"status": "ok", "totalResults": 4, "articles": [{"source": {"id": "rte", "name": "RTE"}, "author": "RT\u00c9 News", "title": "Trump tests negative for Covid-19", "description": "US President Donald Trump has tested negative for Covid-19, his physician said, following concerns over his exposure to a disease that has paralyzed the globe.", "url": "https://www.rte.ie/news/coronavirus/2020/0315/1123328-covid-19/", "urlToImage": "https://img.rasset.ie/0013e75c-1600.jpg", "publishedAt": "2020-03-15T00:42:44Z", "content": "US President Donald Trump has tested negative for Covid-19, his physician said, following concerns over his exposure to a disease that has paralyzed the globe.\r\nMr Trump agreed to the test after coming in contact with several members of a Brazilian presidenti\u2026 [+4565 chars]"}, {"source": {"id": "rte", "name": "RTE"}, "author": "RT\u00c9 News", "title": "Covid-19: Australia order all arrivals to self-isolate", "description": "Australia will impose 14-day self-isolation on international travellers arriving from midnight tonight and ban cruise ships from foreign ports for 30 days.", "url": "https://www.rte.ie/news/2020/0315/1123334-coronavirus-world/", "urlToImage": "https://img.rasset.ie/0013e762-1600.jpg", "publishedAt": "2020-03-15T05:32:42Z", "content": "Australia will impose 14-day self-isolation on international travellers arriving from midnight tonight and ban cruise ships from foreign ports for 30 days, mirroring restrictions in nearby New Zealand aimed at slowing the spread of the coronavirus.\r\nAustralia\u2026 [+2726 chars]"}, {"source": {"id": "rte", "name": "RTE"}, "author": "RT\u00c9 Sport", "title": "COVID-19: Where every sport lies after mass disruption", "description": "The coronavirus outbreak has decimated the sporting schedule and left major doubts over some of 2020's biggest events. Here's how things have played out over the last few days.", "url": "https://www.rte.ie/sport/other-sport/2020/0315/1123439-covid-19-where-every-sport-is-after-mass-postponements/", "urlToImage": "https://img.rasset.ie/0013e84d-1600.jpg", "publishedAt": "2020-03-15T22:29:50Z", "content": "The coronavirus outbreak has decimated the sporting schedule and left major doubts over some of 2020's biggest events.\r\nA range of sports have had to take action to prevent the spread of the virus, with postponements hitting the Premier League and EFL until e\u2026 [+12674 chars]"}, {"source": {"id": "rte", "name": "RTE"}, "author": "RT\u00c9 News", "title": "Covid-19: Public urged to adhere to social distancing", "description": "For all the latest on the coronavirus updates, follow our live blog.", "url": "https://www.rte.ie/news/coronavirus/2020/0315/1123368-coronavirus-live-updates/", "urlToImage": "https://img.rasset.ie/0013e780-1600.jpg", "publishedAt": "2020-03-15T11:51:20Z", "content": "RT\u00c9.ie is the website of Raidi\u00f3 Teilif\u00eds \u00c9ireann, Ireland's National Public Service Broadcaster.RT\u00c9 is not responsible for the content of external internet sites. Images courtesy of Sportsfile and Getty Images\r\n\u00a9 RT\u00c9 2020"}]}