{"status": "ok", "totalResults": 29, "articles": [{"source": {"id": "rte", "name": "RTE"}, "author": "Paul Reynolds", "title": "What to expect from garda\u00ed during Covid-19 restrictions", "description": "With over 2,500 garda\u00ed manning checkpoints on the major roads and patrolling the cities, parks, beauty spots and beaches of the country, it's highly likely you'll meet one.", "url": "https://www.rte.ie/news/coronavirus/2020/0409/1129677-what-to-expect-from-gardai-during-covid-19-restrictions/", "urlToImage": "https://img.rasset.ie/00141559-1600.jpg", "publishedAt": "2020-04-09T17:45:21Z", "content": "With over 2,500 garda\u00ed in high-vis jackets manning checkpoints on the major roads and patrolling the cities, parks, beauty spots and beaches of the country, it's highly likely you\u2019ll meet one.\r\nThe garda\u00ed themselves say there is nothing to be afraid of, if yo\u2026 [+4711 chars]"}, {"source": {"id": "rte", "name": "RTE"}, "author": "RT\u00c9 News", "title": "Covid-19 could push half a billion people into poverty", "description": "International aid group Oxfam has urged world leaders to agree a comprehensive rescue package of $2.5 trillion to prevent half a billion more people being pushed into poverty by the coronavirus pandemic.", "url": "https://www.rte.ie/news/2020/0409/1129465-coronavirus-oxfam/", "urlToImage": "https://img.rasset.ie/00141667-1600.jpg", "publishedAt": "2020-04-09T02:28:05Z", "content": "International aid group Oxfam has\u00a0urged world leaders to agree a comprehensive rescue package of $2.5 trillion\u00a0to prevent half a billion more people being pushed into poverty by the coronavirus pandemic.\u00a0\r\nIt warned that the economic fallout of the coronaviru\u2026 [+2318 chars]"}, {"source": {"id": "rte", "name": "RTE"}, "author": "RT\u00c9 News", "title": "Covid-19 could push half a billion people into poverty", "description": "International aid group Oxfam has urged world leaders to agree a comprehensive rescue package of $2.5 trillion to prevent half a billion more people being pushed into poverty by the coronavirus pandemic.", "url": "https://www.rte.ie/news/2020/0409/1129465-coronavirus-world-covid19/", "urlToImage": "https://img.rasset.ie/00141667-1600.jpg", "publishedAt": "2020-04-09T02:39:36Z", "content": "International aid group Oxfam has\u00a0urged world leaders to agree a comprehensive rescue package of $2.5 trillion\u00a0to prevent half a billion more people being pushed into poverty by the coronavirus pandemic.\u00a0\r\nIt warned that the economic fallout of the coronaviru\u2026 [+2312 chars]"}, {"source": {"id": "rte", "name": "RTE"}, "author": "George Lee", "title": "Covid-19 cases could overwhelm health system - ECDC", "description": "The probability of continued spread of COVID-19 is very high and the risk of exceeding the capacity of our health system remains high - ECDC", "url": "https://www.rte.ie/news/2020/0409/1129463-covid-19-spread-and-risk/", "urlToImage": "https://img.rasset.ie/00141668-1600.jpg", "publishedAt": "2020-04-09T02:28:35Z", "content": "Despite clear progress in slowing the spread of the coronavirus thanks to community and physical distancing measures, hand hygiene, cough etiquette and other measures, the European Centre for Disease Control has warned that the probability of continued spread\u2026 [+994 chars]"}, {"source": {"id": "rte", "name": "RTE"}, "author": "RT\u00c9 News", "title": "Threat of wider Covid-19 spread remains high - ECDC", "description": "The European Centre for Disease Control has warned that the probability of a continued spread of coronavirus remains very high - follow the latest developments both at home and abroad with our live blog.", "url": "https://www.rte.ie/news/2020/0409/1129483-coronavirus-tracker/", "urlToImage": "https://img.rasset.ie/00141675-1600.jpg", "publishedAt": "2020-04-09T07:08:00Z", "content": "RT\u00c9.ie is the website of Raidi\u00f3 Teilif\u00eds \u00c9ireann, Ireland's National Public Service Broadcaster.RT\u00c9 is not responsible for the content of external internet sites. Images courtesy of Sportsfile and Getty Images\r\n\u00a9 RT\u00c9 2020"}, {"source": {"id": "rte", "name": "RTE"}, "author": "George Lee", "title": "Health system could be overwhelmed by Covid-19 - ECDC", "description": "The probability of continued spread of Covid-19 is very high and the risk of exceeding the capacity of our health system remains high, the European Centre for Disease Control has warned.", "url": "https://www.rte.ie/news/coronavirus/2020/0409/1129463-covid-19-coronavirus-ireland/", "urlToImage": "https://img.rasset.ie/00140afe-1600.jpg", "publishedAt": "2020-04-09T02:28:35Z", "content": "The probability of the continued spread of Covid-19 is very high, and the risk of exceeding the capacity of our health system remains high, the European Centre for Disease Control has warned.\r\nThis is despite clear progress in slowing the spread of the corona\u2026 [+1642 chars]"}, {"source": {"id": "rte", "name": "RTE"}, "author": "Ingrid Miley", "title": "Legacy of Covid-19 will long linger over labour force", "description": "While there will undoubtedly be relief when the Covid-19 pandemic subsides, the legacy of the coronavirus for the labour force may take far longer to pass - and represent a poisoned chalice for the incoming administration.", "url": "https://www.rte.ie/news/2020/0408/1129423-virus-legacy-unemployment/", "urlToImage": "https://img.rasset.ie/00141625-1600.jpg", "publishedAt": "2020-04-09T05:08:17Z", "content": "There are some records that no government wants to break - and unemployment is one of them.\u00a0\r\nBut on Monday,\u00a0the Department of Employment Affairs and Social Protection revealed arguably the worst figures for social welfare income support claims ever, as the e\u2026 [+7932 chars]"}, {"source": {"id": "rte", "name": "RTE"}, "author": "Laura Hogan", "title": "Covid-19: 28 more deaths, 500 further cases", "description": "The Department of Health has confirmed a further 28 people with Covid-19 have died in Ireland bringing the overall death toll to 263.", "url": "https://www.rte.ie/news/coronavirus/2020/0409/1129667-covid-19-figures/", "urlToImage": "https://img.rasset.ie/00141398-1600.jpg", "publishedAt": "2020-04-09T16:55:47Z", "content": "The Department of Health has confirmed a further 28\u00a0people who were diagnosed with Covid-19 have died in Ireland bringing the overall death toll to 263.\r\n500 more cases of the coronavirus have also been diagnosed in the Republic, bringing the number of confir\u2026 [+1902 chars]"}, {"source": {"id": "rte", "name": "RTE"}, "author": "Brian O'Donovan", "title": "'Covid-19 is kicking our butts' - New York medic's view", "description": "Irish-American healthcare worker Jim Nealon - a physician assistant at NYU Hospital in Brooklyn - is on the frontline of New York's fight against coronavirus and says \"Covid-19 is kicking our butts\".", "url": "https://www.rte.ie/news/us/2020/0409/1129718-coronavirus-new-york-hospital/", "urlToImage": "https://img.rasset.ie/00141821-1600.jpg", "publishedAt": "2020-04-09T23:07:26Z", "content": "Irish-American healthcare worker Jim Nealon is a physician assistant at NYU Hospital in Brooklyn.\r\nHe is on the frontline of New York's fight against coronavirus.\r\n\"Covid-19 is kicking our butts,\" Jim says.\r\n\"I've been a New York city paramedic for over 35 ye\u2026 [+2061 chars]"}, {"source": {"id": "rte", "name": "RTE"}, "author": "Eleanor Mannion", "title": "Young woman with CF in plea to follow Covid-19 rules", "description": "A 25-year-old woman with cystic fibrosis (CF) is urging people to adhere to restrictions in place to combat the Covid-19 crisis.", "url": "https://www.rte.ie/news/2020/0408/1129382-young-woman-with-cf-in-plea-to-follow-covid-19-rules/", "urlToImage": "https://img.rasset.ie/001415c4-1600.jpg", "publishedAt": "2020-04-09T06:39:06Z", "content": "A 25-year-old woman\u00a0with cystic fibrosis (CF)\u00a0is urging people\u00a0to adhere to\u00a0restrictions in place to combat the Covid-19 crisis.\r\nIn a video diary recorded\u00a0for RT\u00c9 News, Bevin Murphy said: \"I'm doing everything I can, hoping the virus doesn't come into my hom\u2026 [+2140 chars]"}, {"source": {"id": "rte", "name": "RTE"}, "author": "Vincent Kearney", "title": "138 new cases of Covid-19, 4 deaths in Northern Ireland", "description": "Northern Ireland's Department of Health has said four people have died in the past 24 hours after they were diagnosed with Covid-19.", "url": "https://www.rte.ie/news/ulster/2020/0409/1129657-border-travel/", "urlToImage": "https://img.rasset.ie/00141795-1600.jpg", "publishedAt": "2020-04-09T15:50:55Z", "content": "Northern Ireland's Department of Health has said four people have died in the past 24 hours after being diagnosed with Covid-19.\r\nThere have been a further 138 cases of the virus confirmed today, bringing the total there to 1,477.\r\nThe number of coronavirus r\u2026 [+2866 chars]"}, {"source": {"id": "rte", "name": "RTE"}, "author": "RT\u00c9 Sport", "title": "Morton Games cancelled due to Covid-19 crisis", "description": "The coronavirus pandemic has forced the cancellation of this year's edition of the Morton Games, which was scheduled to take place on 10 July in Santry.", "url": "https://www.rte.ie/sport/athletics/2020/0409/1129624-morton-games-cancelled-due-to-covid-19-crisis/", "urlToImage": "https://img.rasset.ie/00141770-1600.jpg", "publishedAt": "2020-04-09T14:56:02Z", "content": "The coronavirus pandemic has forced the cancellation of this year's edition of the Morton Games, which was scheduled to take place on 10 July in Santry.\u00a0\r\nThe news comes as a further blow to domestic athletics, with the Cork City Sports meeting on 7 July also\u2026 [+1145 chars]"}, {"source": {"id": "rte", "name": "RTE"}, "author": "RT\u00c9 News", "title": "Covid-19 adjusted monthly jobless rate soars to 16.5%", "description": "A new measure of unemployment shows that the jobless rate reached as high as 16.5% in March, new figures from the Central Statistics Office show today.", "url": "https://www.rte.ie/news/business/2020/0409/1129541-cso-unemployment-figures/", "urlToImage": "https://img.rasset.ie/000774a3-1600.jpg", "publishedAt": "2020-04-09T10:20:47Z", "content": "A new measure of unemployment shows that the jobless rate reached as high as 16.5% in March, new figures from the Central Statistics Office show today.\u00a0\r\nThe CSO said that the Covid-19 crisis had a significant impact on the labour market in Ireland in March.\u00a0\u2026 [+1106 chars]"}, {"source": {"id": "rte", "name": "RTE"}, "author": "RT\u00c9 News", "title": "Imported goods for fighting Covid-19 won't attract VAT", "description": "Goods that are being imported form outside of the EU for the purposes of combating Covid-19 will not attract VAT or import duties, Revenue has confirmed.", "url": "https://www.rte.ie/news/business/2020/0409/1129470-imported-goods-for-fighting-covid-19-wont-attract-vat/", "urlToImage": "https://img.rasset.ie/0014057c-1600.jpg", "publishedAt": "2020-04-09T05:50:47Z", "content": "Goods that are being imported form outside of the EU for the purposes of combating Covid-19 will not attract VAT or import duties, Revenue has confirmed.\r\nIt follows the implementation of a European Commission decision.\r\nApproved organisations - including sta\u2026 [+998 chars]"}, {"source": {"id": "rte", "name": "RTE"}, "author": "Brian Finn", "title": "Cyber risk heightened due to Covid-19 remote working", "description": "Companies are at increased risk of cyber attack while employees are working from home, according to the professional services firm, Aon.", "url": "https://www.rte.ie/news/business/2020/0409/1129542-cyber-risk-heightened-due-to-covid-19-remote-working/", "urlToImage": "https://img.rasset.ie/00074a99-1600.jpg", "publishedAt": "2020-04-09T10:13:42Z", "content": "Companies are at increased risk of cyber attack while employees are working from home, according to the professional services firm, Aon.\r\nIt says the surge in remote working has seen unprecedented amounts of traffic accessing company networks remotely and hom\u2026 [+1647 chars]"}, {"source": {"id": "rte", "name": "RTE"}, "author": "RT\u00c9 News", "title": "AIB commits \u20ac2.4m to Trinity Covid-19 research hub", "description": "AIB has committed \u20ac2.4m to Trinity College Dublin's new dedicated Covid-19 Research Hub.", "url": "https://www.rte.ie/news/business/2020/0409/1129493-aib-trinity-research-hub/", "urlToImage": "https://img.rasset.ie/0013d63b-1600.jpg", "publishedAt": "2020-04-09T07:24:48Z", "content": "AIB has committed \u20ac2.4m to Trinity College Dublin's new dedicated Covid-19 Research Hub.\u00a0\r\nThe AIB Covid-19 Research Hub is located within the Trinity Biomedical Sciences Institute and will play a critical role in the delivery of the Trinity Covid-19 Immunolo\u2026 [+1382 chars]"}, {"source": {"id": "rte", "name": "RTE"}, "author": "RT\u00c9 News", "title": "Smurfit Kappa's products to help Covid-19 challenges", "description": "Paper and packaging giant Smurfit Kappa has launched a new portfolio of products to help alleviate some of the current challenges being experienced during the Covid-19 pandemic.", "url": "https://www.rte.ie/news/business/2020/0409/1129562-smurfit-kappa-coronavirus-help/", "urlToImage": "https://img.rasset.ie/00141700-1600.jpg", "publishedAt": "2020-04-09T11:24:07Z", "content": "Paper and packaging giant Smurfit Kappa has launched a new portfolio of products to help alleviate some of the current challenges being experienced during the Covid-19 pandemic.\u00a0\r\nThe first products that made their debut in a Smurfit Kappa plant in France wer\u2026 [+860 chars]"}, {"source": {"id": "rte", "name": "RTE"}, "author": "Robert Shortt", "title": "Covid-19 unemployment pay to cost \u20ac5bn for 3 months", "description": "The Covid-19 unemployment payments will cost the Government just under \u20ac5bn for three months, according to an analysis by the Economic and Social Research Institute.", "url": "https://www.rte.ie/news/coronavirus/2020/0409/1129468-covid19-coronavirus-economy/", "urlToImage": "https://img.rasset.ie/0006ba14-1600.jpg", "publishedAt": "2020-04-09T06:08:50Z", "content": "The Covid-19 unemployment payments will cost the Government just under \u20ac5bn for three months, according to an analysis by the Economic and Social Research Institute.\u00a0\r\nThe ESRI also warns that the cap on higher earners in the wage subsidy scheme may encourage\u2026 [+1028 chars]"}, {"source": {"id": "rte", "name": "RTE"}, "author": "RT\u00c9 News", "title": "UK economy struggled before Covid-19 crisis escalated", "description": "The UK economy was almost stagnant in the three months to February, before the coronavirus crisis escalated and pushed the country into what is likely to be a historic recession, official data showed today.", "url": "https://www.rte.ie/news/business/2020/0409/1129495-uk-economic-growth/", "urlToImage": "https://img.rasset.ie/0011cfaa-1600.jpg", "publishedAt": "2020-04-09T07:27:11Z", "content": "The UK economy was almost stagnant in the three months to February, before the coronavirus crisis escalated and pushed the country into what is likely to be a historic recession, official data showed today. \u00a0\r\nUK gross domestic product rose by 0.1% in the thr\u2026 [+1232 chars]"}, {"source": {"id": "rte", "name": "RTE"}, "author": "RT\u00c9 News", "title": "Nationalisations could be allowed under Covid-19 rules", "description": "The European Commission is proposing allowing member states to nationalise companies as part of its response to the Covid-19 outbreak.", "url": "https://www.rte.ie/news/business/2020/0409/1129676-commission-state-aid/", "urlToImage": "https://img.rasset.ie/000b577c-1600.jpg", "publishedAt": "2020-04-09T16:50:11Z", "content": "The European Commission is proposing allowing member states to nationalise companies as part of its response to the Covid-19 outbreak.\r\nLast month the commission loosened its rules around state aid in order to allow countries to support businesses during the \u2026 [+861 chars]"}, {"source": {"id": "rte", "name": "RTE"}, "author": "RT\u00c9 News", "title": "Starbucks sees 47% drop in Q2 earnings on Covid-19 hit", "description": "Starbucks has forecast a 47% drop in second-quarter earnings, scrapped its full-year forecast and warned that the financial hit from the coronavirus pandemic would extend into the final quarter of the fiscal year 2020.", "url": "https://www.rte.ie/news/business/2020/0409/1129506-starbucks-quarterly-earnings/", "urlToImage": "https://img.rasset.ie/00137eb1-1600.jpg", "publishedAt": "2020-04-09T08:24:44Z", "content": "Starbucks has forecast a 47% drop in second-quarter earnings, scrapped its full-year forecast and warned that the financial hit from the coronavirus pandemic would extend into the final quarter of the fiscal year 2020.\u00a0\r\nThe company also said it would tempora\u2026 [+915 chars]"}, {"source": {"id": "rte", "name": "RTE"}, "author": "RT\u00c9 Entertainment", "title": "Stay Away: Randy Newman pens new Covid-19 song", "description": "He's always been a wry chronicle of life's many highs and lows (but mostly lows) and now singer-songwriter Randy Newman has written a song entitled Stay Away as a reminder about social distancing in these strange days.", "url": "https://www.rte.ie/entertainment/2020/0409/1129523-stay-away-randy-newman-pens-new-covid-19-song/", "urlToImage": "https://img.rasset.ie/001416e0-1600.jpg", "publishedAt": "2020-04-09T10:22:30Z", "content": "He's always been a wry chronicler of life\u2019s\u00a0many highs and lows (but mostly lows) and now singer-songwriter Randy Newman has written a new song entitled Stay Away as a reminder about social distancing in these strange days.\r\nNot to be confused with his 1972 s\u2026 [+2529 chars]"}, {"source": {"id": "rte", "name": "RTE"}, "author": "RT\u00c9 Entertainment", "title": "Irish DJ Daniel Blume spreads love in a Covid climate", "description": "Taking a short break from lockdown in St.John's Wood, just around the corner from Abbey Road Studios in London, 21-year-old DJ Daniel Blume is our, social distancing and witnessing in his local park.", "url": "https://www.rte.ie/entertainment/2020/0409/1129462-irish-dj-daniel-blume-spreads-love-in-a-covid-climate/", "urlToImage": "https://img.rasset.ie/00140e13-1600.jpg", "publishedAt": "2020-04-09T01:05:30Z", "content": "Taking a short break from lockdown in St. John's Wood, just around the corner from Abbey Road studios in London, 21-year old DJ Daniel Blume is out, social distancing and witnessing in his local park.\u00a0\r\nIn these stricken times. birdsong has replaced the rumbl\u2026 [+4672 chars]"}, {"source": {"id": "rte", "name": "RTE"}, "author": "RT\u00c9 News", "title": "Travel during Covid-19 restrictions 'madness'", "description": "An infectious diseases consultant has said it is \"absolutely ridiculous\" that people are even considering leaving their principal place of residence to go to a holiday home this weekend.", "url": "https://www.rte.ie/news/coronavirus/2020/0409/1129538-covid19-coronavirus-restrictions/", "urlToImage": "https://img.rasset.ie/001416e4-1600.jpg", "publishedAt": "2020-04-09T10:56:04Z", "content": "An infectious diseases consultant\u00a0has said it is \"absolutely ridiculous\" that people are even considering leaving their principal\u00a0place of residence to go to a holiday home this weekend.\u00a0\r\nProf Paddy Mallon said we are at a critical stage in the country in ho\u2026 [+3762 chars]"}, {"source": {"id": "rte", "name": "RTE"}, "author": "John Kilraine", "title": "Covid-19 exacerbates planning system problems", "description": "", "url": "https://www.rte.ie/news/analysis-and-comment/2020/0409/1129647-planning-covid-19/", "urlToImage": "https://img.rasset.ie/000fa7a2-1600.jpg", "publishedAt": "2020-04-09T18:45:25Z", "content": "The Covid-19 crisis has exacerbated problems in the planning system which both developers and homeless charities fear will deepen the housing crisis.\r\nEnvironmental groups say the extra 23 days given by the Government to object as a recognition of present dif\u2026 [+4065 chars]"}, {"source": {"id": "rte", "name": "RTE"}, "author": "John Kilraine", "title": "Extension for planning objections due to Covid-19", "description": "The Government have given an extra 23 days for objections to be made to planning applications because of Covid-19 restrictions.", "url": "https://www.rte.ie/news/ireland/2020/0409/1129584-planning/", "urlToImage": "https://img.rasset.ie/000f6244-1600.jpg", "publishedAt": "2020-04-09T12:34:18Z", "content": "The Government have given an extra 23 days for objections to be made to planning applications because of Covid-19 restrictions.\r\nEnvironmentalists say the pause is not long enough. However, the construction industry and homeless charities are worried about de\u2026 [+1854 chars]"}, {"source": {"id": "rte", "name": "RTE"}, "author": "Tony Connelly", "title": "EU finance minsters agree Covid-19 rescue deal", "description": "EU finance ministers have reached a deal on a rescue package for Europe, RT\u00c9 News understands.", "url": "https://www.rte.ie/news/europe/2020/0409/1129708-covid-19-plan/", "urlToImage": "https://img.rasset.ie/0013ffa9-1600.jpg", "publishedAt": "2020-04-09T20:34:34Z", "content": "EU finance ministers have reached a deal on a rescue package for Europe, RT\u00c9\u00a0News understands.\r\nThe plan will amount to up to half a trillion euro, a blend of low cost loans and credit lines, according to sources.\u00a0\r\nThe breakthrough comes after finance minist\u2026 [+604 chars]"}, {"source": {"id": "rte", "name": "RTE"}, "author": "Ingrid Miley", "title": "Legacy of Covid-19 will long linger over labour force", "description": "The legacy of the coronavirus for the labour force may take a long time to pass and represent a poisoned chalice for the incoming administration, writes Industry and Employment Correspondent Ingrid Miley.", "url": "https://www.rte.ie/news/analysis-and-comment/2020/0408/1129423-virus-legacy-unemployment/", "urlToImage": "https://img.rasset.ie/00141625-1600.jpg", "publishedAt": "2020-04-09T05:22:35Z", "content": "There are some records that no government wants to break - and unemployment is one of them.\u00a0\r\nBut on Monday,\u00a0the Department of Employment Affairs and Social Protection revealed arguably the worst figures for social welfare income support claims ever, as the e\u2026 [+7956 chars]"}, {"source": {"id": "rte", "name": "RTE"}, "author": "RT\u00c9 News", "title": "Cigarettes seized at Covid-19 checkpoint in Mayo", "description": "A quantity of unstamped cigarettes has been seized at a Covid-19 checkpoint in Bohola, Co Mayo.", "url": "https://www.rte.ie/news/connacht/2020/0409/1129695-mayo-cigarettes-seizure/", "urlToImage": "https://img.rasset.ie/001417e6-1600.jpg", "publishedAt": "2020-04-09T19:25:51Z", "content": "A quantity of unstamped cigarettes has been seized at a Covid-19 checkpoint in Bohola, Co Mayo.\r\nA\u00a0car was stopped at the checkpoint where inquiries were made as\u00a0to the purpose of the driver's movements.\r\nThe vehicle was searched and approximately 20,000 ciga\u2026 [+261 chars]"}]}