{"status": "ok", "totalResults": 14, "articles": [{"source": {"id": "rte", "name": "RTE"}, "author": "Aisling Kenny", "title": "Covid-19 Pandemic Payment not enough - SIPTU", "description": "SIPTU have said the Government's Covid-19 Pandemic Unemployment Payment of \u20ac203 per week is nowhere near enough.", "url": "https://www.rte.ie/news/2020/0321/1124559-siptu-covid-19-payment/", "urlToImage": "https://img.rasset.ie/000f1163-1600.jpg", "publishedAt": "2020-03-21T13:57:49Z", "content": "SIPTU have said the Government's\u00a0Covid-19 Pandemic Unemployment Payment of \u20ac203 per week is nowhere near enough.\r\nThe trade union is\u00a0calling for 75% of wages to be covered by the Government and the balance covered by employers.\u00a0\r\nMinister for Social Protectio\u2026 [+1987 chars]"}, {"source": {"id": "rte", "name": "RTE"}, "author": "Tony Connelly", "title": "Fever Pitch: Europe's Covid-19 Crisis", "description": "On 9 January the European Centre for Disease Control in Stockholm published one its regular risk assessments.", "url": "https://www.rte.ie/news/europe/2020/0321/1124482-europe/", "urlToImage": "https://img.rasset.ie/000e1187-1600.jpg", "publishedAt": "2020-03-21T07:00:00Z", "content": "On 9 January the European Centre for Disease Control in Stockholm published one its regular risk assessments.\u00a0\r\nThe three-page alert noted an obscure incident from across the globe: the Wuhan Municipal Health Commission had reported a mysterious cluster of 27\u2026 [+16484 chars]"}, {"source": {"id": "rte", "name": "RTE"}, "author": "Paschal Sheehy", "title": "Garda\u00ed establish special Covid-19 unit", "description": "Garda\u00ed have established a national Covid-19 unit based at Garda Headquarters in Dublin to co-ordinate the force's response to the coronavirus outbreak here.", "url": "https://www.rte.ie/news/munster/2020/0321/1124601-garda-covid-19-unit/", "urlToImage": "https://img.rasset.ie/0013f122-1600.jpg", "publishedAt": "2020-03-21T20:45:57Z", "content": "Garda\u00ed have established a national Covid-19 unit based at Garda Headquarters in Dublin to co-ordinate the force's response to the coronavirus outbreak here.\r\nA fleet of more than 200 vehicles has been hired for community garda\u00ed to maintain contact with people\u2026 [+2467 chars]"}, {"source": {"id": "rte", "name": "RTE"}, "author": "RT\u00c9 News", "title": "Covid-19: Spain death toll rises to over 1,300", "description": "Spain's death toll from the coronavirus epidemic soared on Saturday to 1,326 from 1,002 on Friday, according to the country's Health Ministry latest data.", "url": "https://www.rte.ie/news/europe/2020/0321/1124541-coronavirus-spain-death-toll/", "urlToImage": "https://img.rasset.ie/0013f0de-1600.jpg", "publishedAt": "2020-03-21T11:39:28Z", "content": "Spain's death toll from the coronavirus epidemic soared on Saturday to 1,326 from 1,002 on Friday, according to the country's Health Ministry latest data.\r\nThe number of registered cases in the country rose to 24,926 on Saturday from 19,980 in the previous ta\u2026 [+1966 chars]"}, {"source": {"id": "rte", "name": "RTE"}, "author": "RT\u00c9 News", "title": "RT\u00c9 staff member tests positive for Covid-19", "description": "RT\u00c9 has said that a member of staff has tested positive for Covid-19.", "url": "https://www.rte.ie/news/2020/0321/1124560-rte-staff-member-tests-positive-for-covid-19/", "urlToImage": "https://img.rasset.ie/0013f0ec-1600.jpg", "publishedAt": "2020-03-21T14:03:45Z", "content": "RT\u00c9 has said that a member of staff has tested positive for Covid-19.\u00a0\r\nIn an email to staff, RT\u00c9's Director General, Dee Forbes, said the staff member was safe and at home. They are following the HSE guidelines of self isolation.\u00a0\r\nRT\u00c9\u00a0says in line with HSE \u2026 [+439 chars]"}, {"source": {"id": "rte", "name": "RTE"}, "author": "Joe Mag Raollaigh", "title": "Voting for 26th Seanad under way amid Covid-19 crisis", "description": "Voting is already under way for 49 of the 60 seats and the deadline for accepting votes is 30 March at 11am.", "url": "https://www.rte.ie/news/politics/2020/0321/1124550-seanad-elections/", "urlToImage": "https://img.rasset.ie/00133653-1600.jpg", "publishedAt": "2020-03-21T12:33:12Z", "content": "Friday's session\u00a0of Seanad \u00c9ireann was truly exceptional. The upper house's\u00a0members are approaching the end of term. Many are in full scale re-election mode and yet\u00a0a socially distanced,\u00a0representative group of Senators found themselves dealing with perhaps t\u2026 [+2667 chars]"}, {"source": {"id": "rte", "name": "RTE"}, "author": "RT\u00c9 News", "title": "RT\u00c9 staff member tests positive for Covid-19", "description": "RT\u00c9 has said that a member of staff has tested positive for Covid-19.", "url": "https://www.rte.ie/news/2020/0321/1124560-rte-staff-member-positive-covid-19/", "urlToImage": "https://img.rasset.ie/0013f0ec-1600.jpg", "publishedAt": "2020-03-21T14:03:45Z", "content": "RT\u00c9 has said that a member of staff has tested positive for Covid-19.\u00a0\r\nIn an email to staff, RT\u00c9's Director General, Dee Forbes, said the staff member was safe and at home. They are following the HSE guidelines of self isolation.\u00a0\r\nRT\u00c9\u00a0says in line with HSE \u2026 [+439 chars]"}, {"source": {"id": "rte", "name": "RTE"}, "author": "Will Goodbody", "title": "Donohoe acknowledges Covid-19 payment is a challenge", "description": "The Minister for Finance, Paschal Donohoe, has said he recognises that for many people who have lost their jobs or can't work as a result of the Covid-19 outbreak, the amount of social welfare available will be a real challenge.", "url": "https://www.rte.ie/news/2020/0321/1124508-covid-19-donohoe-unemployment/", "urlToImage": "https://img.rasset.ie/0013eaa6-1600.jpg", "publishedAt": "2020-03-21T04:34:24Z", "content": "The Minister for Finance, Paschal Donohoe, has said he recognises that for many people who have lost their jobs or can't work as a result of the Covid-19 outbreak, the amount of social welfare available will be a real challenge.\r\nBut he said the Covid-19 Pand\u2026 [+1149 chars]"}, {"source": {"id": "rte", "name": "RTE"}, "author": "George Lee", "title": "Covid-19 cases in line with projections - Holohan", "description": "Chief Medical Officer, Dr Tony Holohan, has said the number of cases of the Covid-19 coronavirus in Ireland is in line with projections.", "url": "https://www.rte.ie/news/2020/0321/1124510-coronavirus-projections/", "urlToImage": "https://img.rasset.ie/0013ed1b-1600.jpg", "publishedAt": "2020-03-21T06:21:41Z", "content": "Chief Medical Officer, Dr Tony Holohan, has said the number of cases of the Covid-19 coronavirus in Ireland is in line with projections.\r\nThe number one thing the National Public Health Emergency Team wants to get across to people this weekend is how importan\u2026 [+1455 chars]"}, {"source": {"id": "rte", "name": "RTE"}, "author": "Laura Hogan", "title": "Over 10,000 people tested for Covid-19 in Ireland", "description": "More than 10,000 people in Ireland have now been tested for the Covid-19 virus, according to Dr Colm Henry, chief clinical officer with the HSE.", "url": "https://www.rte.ie/news/coronavirus/2020/0321/1124565-ireland-coronavirus-testing/", "urlToImage": "https://img.rasset.ie/0013f0ee-1600.jpg", "publishedAt": "2020-03-21T15:21:13Z", "content": "More than 10,000 people in Ireland have now been tested for the Covid-19 virus.\u00a0\r\nDr Colm Henry, chief clinical officer with the HSE, said that its\u00a0strategy is \"focused completely\" on identifying case, isolating patients and identifying contacts.\u00a0\r\nHe said th\u2026 [+2238 chars]"}, {"source": {"id": "rte", "name": "RTE"}, "author": "RT\u00c9 News", "title": "Tesco gives staff pay bonus for Covid-19 efforts", "description": "Tesco Ireland has announced it will be awarding staff a 10% bonus for \"going above and beyond during the Covid-19 crisis.\"", "url": "https://www.rte.ie/news/2020/0321/1124570-tesco-coronavirus-staff-ireland/", "urlToImage": "https://img.rasset.ie/00134689-1600.jpg", "publishedAt": "2020-03-21T15:38:49Z", "content": "Tesco Ireland has announced it will be awarding staff a 10% bonus for \"going above and beyond during the Covid-19 crisis.\"\r\nThe supermarket chain said it would be adding 10% to staff's hourly rate of pay in recognition of their efforts to keep stores open dur\u2026 [+2524 chars]"}, {"source": {"id": "rte", "name": "RTE"}, "author": "RT\u00c9 Sport", "title": "Ireland series with Bangladesh off due to Covid-19", "description": "Cricket Ireland and Bangladesh Cricket Board (BCB) have agreed to postpone the planned seven-match men's series between the two sides scheduled to be played in Belfast and England in May.", "url": "https://www.rte.ie/sport/cricket/2020/0321/1124534-ireland-series-with-bangladesh-off-due-to-covid-19/", "urlToImage": "https://img.rasset.ie/000457ce-1600.jpg", "publishedAt": "2020-03-21T11:03:12Z", "content": "Cricket Ireland and Bangladesh Cricket Board (BCB) have agreed to postpone the planned seven-match men's series between the two sides scheduled to be played in Belfast and England in May.\r\nIn line with\u00a0advice from both Irish and UK governments around internat\u2026 [+1108 chars]"}, {"source": {"id": "rte", "name": "RTE"}, "author": "RT\u00c9 Sport", "title": "Cork City to stop paying players due to Covid-19 crisis", "description": "Cork City have taken the decision to stop paying their players and staff from next week as a result of the \"difficult and uncertain times\" resulting from the impact of the coronavirus.", "url": "https://www.rte.ie/sport/soccer/2020/0321/1124575-cork-city-to-stop-paying-players-due-to-covid-19-crisis/", "urlToImage": "https://img.rasset.ie/00125949-1600.jpg", "publishedAt": "2020-03-21T16:27:03Z", "content": "Cork City have taken the decision to stop paying their players and staff from next week as a result of the \"difficult and uncertain times\" resulting from the impact of the coronavirus.\r\nThe Leeside club announced that they would pay the players and staff for \u2026 [+1959 chars]"}, {"source": {"id": "rte", "name": "RTE"}, "author": "RT\u00c9 News", "title": "Covid-19: Food supply chains must be kept intact- Creed", "description": "The Minister for Agriculture, Food and the Marine, Michael Creed, has said it is imperative that food supply chains are kept intact during the Covid-19 crisis.", "url": "https://www.rte.ie/news/coronavirus/2020/0321/1124526-michael-creed-coronavirus/", "urlToImage": "https://img.rasset.ie/0013f0d1-1600.jpg", "publishedAt": "2020-03-21T10:16:29Z", "content": "The Minister for Agriculture, Food and the Marine, Michael Creed, has said it is imperative that food supply chains are kept intact during the Covid-19 crisis.\r\nSpeaking on RT\u00c9's CountryWide he said the Government is focused on ensuring supermarket shelves re\u2026 [+1428 chars]"}]}