{"status": "ok", "totalResults": 8, "articles": [{"source": {"id": "rte", "name": "RTE"}, "author": "Fergal Bowers", "title": "Covid-19: A journey together", "description": "Health Correspondent Fergal Bowers reflects on a story that was unimaginable before Christmas and will now have an effect on our lives for years to come.", "url": "https://www.rte.ie/news/coronavirus/2020/0314/1123241-coronavirus-fergal-bowers/", "urlToImage": "https://img.rasset.ie/0012d2e3-1600.jpg", "publishedAt": "2020-03-14T11:44:04Z", "content": "This too will pass. There was a time, not so long ago, when we all lived and worked in a world that had never heard of Covid-19. Now it's a word that dominates conversations and daily routines, in a way that is almost unimaginable.\r\nIn another time and place,\u2026 [+10764 chars]"}, {"source": {"id": "rte", "name": "RTE"}, "author": "RT\u00c9 News", "title": "Covid-19: Worldwide cases exceed 140,000", "description": "Join us for live updates on the spread of Covid-19 through the day, as the further countries around the world announce border closures, and the UK looks to announce a ban on mass gatherings", "url": "https://www.rte.ie/news/coronavirus/2020/0314/1123232-live-updates/", "urlToImage": "https://img.rasset.ie/0013e6d2-1600.jpg", "publishedAt": "2020-03-14T10:43:56Z", "content": "RT\u00c9.ie is the website of Raidi\u00f3 Teilif\u00eds \u00c9ireann, Ireland's National Public Service Broadcaster.RT\u00c9 is not responsible for the content of external internet sites. Images courtesy of Sportsfile and Getty Images\r\n\u00a9 RT\u00c9 2020"}, {"source": {"id": "rte", "name": "RTE"}, "author": "Juliette Gash", "title": "Newborn baby in England tests positive for Covid-19", "description": "A newborn baby in England has tested positive for Covid-19 in the UK. The infant is believed to be one of the world's youngest patients with the disease.", "url": "https://www.rte.ie/news/2020/0314/1123269-uk-newborn-tests-positive-for-covid/", "urlToImage": "https://img.rasset.ie/0013e71c-1600.jpg", "publishedAt": "2020-03-14T16:16:48Z", "content": "A newborn baby in England has tested positive for Covid-19.\u00a0The infant is believed to be one of the world's youngest patients with the disease.\r\nThe mother was rushed to hospital days earlier with suspected pneumonia and she and her child are being treated at\u2026 [+4693 chars]"}, {"source": {"id": "rte", "name": "RTE"}, "author": "Vincent Kearney", "title": "Foster, O'Neill miles apart on how to tackle Covid-19", "description": "They sat just a metre apart, but approach by Arlene Foster and Michelle O'Neill on how best to tackle coronavirus has them miles apart", "url": "https://www.rte.ie/news/2020/0314/1123305-armagh-meeting-analysis/", "urlToImage": "https://img.rasset.ie/0013e0e3-1600.jpg", "publishedAt": "2020-03-14T21:11:27Z", "content": "The body language said it all.\r\nThey sat just a metre apart, but their approach on\u00a0how best to tackle coronavirus has them miles apart.\r\nArlene Foster made no attempt to hide her disapproval as Michelle O'Neill said schools in Northern Ireland should be close\u2026 [+5011 chars]"}, {"source": {"id": "rte", "name": "RTE"}, "author": "RT\u00c9 Sport", "title": "NBA star Rudy Gobert donates $500k for COVID-19 relief", "description": "Frenchman Rudy Gobert, the first NBA player known to have tested positive for the coronavirus, is donating more than $500,000 to support both the employee relief fund at the Utah Jazz's home arena and COVID-19-related social services relief in Utah, Oklahoma \u2026", "url": "https://www.rte.ie/sport/basketball/2020/0314/1123314-nba-star-rudy-gobert-donates-500k-for-covid-19-relief/", "urlToImage": "https://img.rasset.ie/0013e75a-1600.jpg", "publishedAt": "2020-03-14T23:35:11Z", "content": "Frenchman Rudy Gobert, the first NBA player known to have tested positive for the coronavirus, is donating more than $500,000 to support both the employee relief fund at the Utah Jazz's home arena and COVID-19-related social services relief in Utah, Oklahoma \u2026 [+1294 chars]"}, {"source": {"id": "rte", "name": "RTE"}, "author": "RT\u00c9 Entertainment", "title": "Moulin Rouge Director Luhrmann in COVID-19 quarantine", "description": "Moulin Rouge Director Baz Luhrmann has decided to go into quarantine for the next ten days over risks about coronavirus.", "url": "https://www.rte.ie/entertainment/2020/0314/1123291-baz-luhrmann/", "urlToImage": "https://img.rasset.ie/0013e72e-1600.jpg", "publishedAt": "2020-03-14T18:31:13Z", "content": "Moulin Rouge Director Baz Luhrmann has decided to go into quarantine for the next ten days over risks about coronavirus.\r\npic.twitter.com/avDIEcG4hg\r\n\u2014 Baz Luhrmann (@bazluhrmann) March 14, 2020\r\nThe 57-year-old who has been based in Australia's Gold Coast wa\u2026 [+1000 chars]"}, {"source": {"id": "rte", "name": "RTE"}, "author": "Tommie Gorman", "title": "North-South Ministerial Council to meet over COVID-19", "description": "A special meeting of the North-South Ministerial Council to discuss co-operation in efforts to curtail the Coronavirus will take place in Armagh this morning.", "url": "https://www.rte.ie/news/ireland/2020/0314/1123205-north-south-council-armagh-coronavirus/", "urlToImage": "https://img.rasset.ie/0013e17f-1600.jpg", "publishedAt": "2020-03-14T03:54:54Z", "content": "A special meeting of the North-South Ministerial Council to discuss co-operation in efforts to curtail the Coronavirus will take place in Armagh this morning.\u00a0\r\nThe Taoiseach, the T\u00e1naiste, and the Minister for Health are travelling from Dublin, while the Nor\u2026 [+1153 chars]"}, {"source": {"id": "rte", "name": "RTE"}, "author": "Vincent Kearney", "title": "Foster, O'Neill miles apart on how to tackle Covid-19", "description": "They sat just a metre apart, but the approach by Arlene Foster and Michelle O'Neill on how best to tackle coronavirus has them miles apart.", "url": "https://www.rte.ie/news/coronavirus/2020/0314/1123305-armagh-meeting-analysis/", "urlToImage": "https://img.rasset.ie/0013e0e3-1600.jpg", "publishedAt": "2020-03-14T22:54:41Z", "content": "The body language said it all.\r\nThey sat just a metre apart, but their approach on\u00a0how best to tackle coronavirus has them miles apart.\r\nArlene Foster made no attempt to hide her disapproval as Michelle O'Neill said schools in Northern Ireland should be close\u2026 [+5011 chars]"}]}