{"status": "ok", "totalResults": 17, "articles": [{"source": {"id": "rte", "name": "RTE"}, "author": "RT\u00c9 News", "title": "Covid-19: Seanad to debate emergency legislation", "description": "The Seanad will debate emergency legislation that forms part of the Government's response to the Covid-19 pandemic, with 557 confirmed cases here - follow all the latest developments at home and abroad", "url": "https://www.rte.ie/news/2020/0320/1124273-coronavirus-tracker/", "urlToImage": "https://img.rasset.ie/0013ee7a-1600.jpg", "publishedAt": "2020-03-20T06:43:32Z", "content": "RT\u00c9.ie is the website of Raidi\u00f3 Teilif\u00eds \u00c9ireann, Ireland's National Public Service Broadcaster.RT\u00c9 is not responsible for the content of external internet sites. Images courtesy of Sportsfile and Getty Images\r\n\u00a9 RT\u00c9 2020"}, {"source": {"id": "rte", "name": "RTE"}, "author": "RT\u00c9 News", "title": "Covid-19: Death toll worldwide reaches 10,000", "description": "The number of people infected with the coronavirus stood at more than 244,000 across the world as of Friday morning, 20 March, with more than 10,000 dead.", "url": "https://www.rte.ie/news/newslens/2020/0320/1124414-coronavirus/", "urlToImage": "https://img.rasset.ie/0013ef88-1600.jpg", "publishedAt": "2020-03-20T15:08:08Z", "content": "The number of people infected with the coronavirus stood at more than 244,000 across the world as of Friday morning, 20 March, with more than 10,000 dead.\r\nThe flu-like virus was first detected in the Chinese city of Wuhan late last year, and has since spread\u2026 [+698 chars]"}, {"source": {"id": "rte", "name": "RTE"}, "author": "RT\u00c9 News", "title": "Podcast: Covid 19 - What is coming next?", "description": "Ministers have made an impassioned appeal for young people not to ignore social distancing guidelines. David Murphy is joined by Sandra Hurley, M\u00edche\u00e1l Lehane and Ailsing Kenny.", "url": "https://www.rte.ie/news/politics/2020/0320/1124493-your-politics/", "urlToImage": "https://img.rasset.ie/001336ef-1600.jpg", "publishedAt": "2020-03-20T22:58:03Z", "content": "While the streets are quiet, pavements empty and there is no traffic - there is a flurry of Government activity.\r\nMinisters have made an impassioned appeal for young people not to ignore social distancing guidelines. David Murphy is joined by Sandra Hurley, M\u2026 [+148 chars]"}, {"source": {"id": "rte", "name": "RTE"}, "author": "RT\u00c9 News", "title": "Covid-19: Italy considering further restrictions", "description": "Italy's government has said it is considering even further restrictions on its already locked-down population as the country reels under the continued spread of the coronavirus.", "url": "https://www.rte.ie/news/2020/0320/1124431-italy-covid-19/", "urlToImage": "https://img.rasset.ie/0013efcb-1600.jpg", "publishedAt": "2020-03-20T16:12:46Z", "content": "Italy's government has said it is considering even further restrictions on its already locked-down population as the country reels under the continued spread of the coronavirus.\r\nThe country now has the most coronavirus fatalities in the world, after it surpa\u2026 [+5356 chars]"}, {"source": {"id": "rte", "name": "RTE"}, "author": "RT\u00c9 News", "title": "900 ventilators ordered for use in Covid-19 pandemic", "description": "The Health Service Executive has said that 900 new ventilators have been ordered for use with patients with Covid-19 and some of those will be delivered by the end of the month.", "url": "https://www.rte.ie/news/coronavirus/2020/0320/1124290-covid-19-coronavirus-health/", "urlToImage": "https://img.rasset.ie/0013b910-1600.jpg", "publishedAt": "2020-03-20T07:43:15Z", "content": "The Health Service Executive\u00a0has said that 900 new ventilators have been ordered for use with patients with Covid-19 and some of those will be delivered by the end of the month.\r\nThat is in addition to the 1,229 machines currently available in the country.\r\nF\u2026 [+2937 chars]"}, {"source": {"id": "rte", "name": "RTE"}, "author": "RT\u00c9 News", "title": "China reports no new COVID-19 cases for second day", "description": "China has reported no new local cases of the COVID-19 coronavirus for the second day in a row.", "url": "https://www.rte.ie/news/2020/0320/1124268-china-virus-no-new-cases/", "urlToImage": "https://img.rasset.ie/0013ed4d-1600.jpg", "publishedAt": "2020-03-20T03:23:31Z", "content": "China has reported no new local cases of the COVID-19 coronavirus for the second day in a row.\r\nAnd the number of deaths\u00a0in China, where the virus broke out late last year, has also slowed.\u00a0\r\nThe National Health Commission reported just three new fatalities, \u2026 [+762 chars]"}, {"source": {"id": "rte", "name": "RTE"}, "author": "RT\u00c9 News", "title": "Pubs inspected to ensure Covid-19 closure compliance", "description": "More than 30 pubs were inspected by garda\u00ed in west Cork last night to ensure they were complying with the Government's request to remain closed during the Covid-19 outbreak.", "url": "https://www.rte.ie/news/coronavirus/2020/0320/1124336-covid19-coronavirus-ireland/", "urlToImage": "https://img.rasset.ie/00110567-1600.jpg", "publishedAt": "2020-03-20T10:47:38Z", "content": "More than 30 pubs were inspected by garda\u00ed in west Cork last night to ensure they were complying with the Government's request to remain closed during the Covid-19 outbreak.\r\nOne of the pubs was found to be open with a number of customers present.\r\nGarda\u00ed are\u2026 [+1614 chars]"}, {"source": {"id": "rte", "name": "RTE"}, "author": "RT\u00c9 News", "title": "Covid-19: Death toll in Spain reaches 1,002", "description": "The coronavirus death toll rose to 1,002 in Spain today after 235 people died in 24 hours, the health ministry said the number of Covid-19 cases is near 20,000.", "url": "https://www.rte.ie/news/coronavirus/2020/0320/1124425-spain-covid-19/", "urlToImage": "https://img.rasset.ie/0013efa5-1600.jpg", "publishedAt": "2020-03-20T15:44:10Z", "content": "The coronavirus death toll rose to 1,002 in Spain today after 235 people died in 24 hours.\u00a0\r\nThe health ministry said the number of Covid-19 cases is near 20,000.\r\nThe spiralling number of infections has propelled Spain into the top four worst-hit countries i\u2026 [+2230 chars]"}, {"source": {"id": "rte", "name": "RTE"}, "author": "Aisling Kenny", "title": "Seanad set to pass Covid-19 emergency legislation", "description": "The Seanad has convened to debate emergency legislation in response to the Covid-19 outbreak after the new laws passed through the D\u00e1il yesterday without a vote.", "url": "https://www.rte.ie/news/coronavirus/2020/0320/1124275-covid19-coronavirus-politics/", "urlToImage": "https://img.rasset.ie/00133653-1600.jpg", "publishedAt": "2020-03-20T06:53:29Z", "content": "The Seanad has convened to debate emergency legislation in response to the Covid-19 outbreak after the new laws passed through the D\u00e1il yesterday without a vote.\r\nThe legislation, which was passed by the\u00a0D\u00e1il\u00a0last night, aims to ensure illness benefits are pa\u2026 [+2532 chars]"}, {"source": {"id": "rte", "name": "RTE"}, "author": "Eleanor Mannion", "title": "Covid-19: 30,000 join health service recruitment drive", "description": "More than 30,000 people have signed up to the recruitment drive across the health service to tackle Covid-19.", "url": "https://www.rte.ie/news/2020/0320/1124371-covid-19-30-000-join-health-service-recruitment-drive/", "urlToImage": "https://img.rasset.ie/0013ef36-1600.jpg", "publishedAt": "2020-03-20T12:20:48Z", "content": "More than 30,000 people have signed up to a health service recruitment drive in a bid to combat Covid-19.\r\nThe 'Be on call for Ireland'\u00a0campaign launched this week to seek help from healthcare professionals who are not already working in the public health ser\u2026 [+1280 chars]"}, {"source": {"id": "rte", "name": "RTE"}, "author": "Declan Rooney", "title": "Tracey Leonard: From forward line to Covid-19 frontline", "description": "An outpatient nurse in normal times, Galway's All-Star forward has been seconded into a role as a tester in University College Hospital Galway's drive-through coronavirus clinic", "url": "https://www.rte.ie/sport/gaa/2020/0320/1124341-tracey-leonard-from-forward-line-to-covid-19-frontline/", "urlToImage": "https://img.rasset.ie/0013ef49-1600.jpg", "publishedAt": "2020-03-20T10:50:45Z", "content": "Tracey Leonard has swapped the Galway full-forward line for the Covid-19 frontline.\r\nAn outpatient nurse in normal times, the Corofin native has been seconded into a role as a tester in University College Hospital Galway's drive-through coronavirus clinic, as\u2026 [+5092 chars]"}, {"source": {"id": "rte", "name": "RTE"}, "author": "RT\u00c9 Sport", "title": "Celtics' Smart & two Lakers test positive for Covid-19", "description": "Boston Celtics guard Marcus Smart, three members of the Philadelphia 76ers organisation and two Los Angeles Lakers players have tested positive for Covid-19, Smart and the teams announced on Thursday.", "url": "https://www.rte.ie/sport/us-sport/2020/0320/1124318-celtics-smart-two-lakers-test-positive-for-covid-19/", "urlToImage": "https://img.rasset.ie/0013eee8-1600.jpg", "publishedAt": "2020-03-20T09:55:08Z", "content": "Boston Celtics guard Marcus Smart, three members of the Philadelphia 76ers organisation and two Los Angeles Lakers players have tested positive for Covid-19, Smart and the teams announced on Thursday.\r\nThe NBA suspended its season last week after Utah Jazz ce\u2026 [+1364 chars]"}, {"source": {"id": "rte", "name": "RTE"}, "author": "RT\u00c9 Sport", "title": "Staunton happy to remain Down Under despite Covid issue", "description": "Cora Staunton said that it never crossed her mind to return to Ireland in the midst of the coronavirus outbreak as the former Mayo footballer prepares for this weekend's AFLW play-off clash with Melbourne.", "url": "https://www.rte.ie/sport/other-sport/2020/0320/1124406-staunton-happy-to-remain-down-under-despite-covid-issue/", "urlToImage": "https://img.rasset.ie/0012a147-1600.jpg", "publishedAt": "2020-03-20T14:39:39Z", "content": "Cora Staunton said that it never crossed her mind to return to Ireland\u00a0in the midst of the coronavirus outbreak as the former Mayo footballer prepares for this weekend's AFLW play-off clash with Melbourne.\r\nStaunton is currently Down Under playing in the wome\u2026 [+3355 chars]"}, {"source": {"id": "rte", "name": "RTE"}, "author": "RT\u00c9 Sport", "title": "Serena WIlliams 'under a ton of stress' due to Covid-19", "description": "The 23-time grand slam singles champion is spending six weeks at home because of the coronavirus crisis and admitted in a video that she is struggling to deal with the anxiety that she is feeling", "url": "https://www.rte.ie/sport/tennis/2020/0320/1124349-serena-williams-under-a-ton-of-stress-due-to-covid-19/", "urlToImage": "https://img.rasset.ie/00137536-1600.jpg", "publishedAt": "2020-03-20T11:31:21Z", "content": "Serena Williams has opened up about how difficult she is finding social distancing.\r\nThe 23-time grand slam singles champion revealed on Instagram more than a week ago that she planned to spend six weeks at home because of the coronavirus crisis.\r\nAnd, in a p\u2026 [+1601 chars]"}, {"source": {"id": "rte", "name": "RTE"}, "author": "RT\u00c9 Entertainment", "title": "Sinead O'Connor and son wait for Covid-19 test results", "description": "Sinead O'Connor says she is awaiting the results of her Covid-19 test and joked that she was glad that she and her son like each other as they are both currently in self-isolation.", "url": "https://www.rte.ie/entertainment/2020/0320/1124395-sinead-oconnor/", "urlToImage": "https://img.rasset.ie/001398fd-1600.jpg", "publishedAt": "2020-03-20T14:16:52Z", "content": "Sinead O'Connor says\u00a0she is awaiting the results of her Covid-19 test and\u00a0joked that she was glad that she and her son like each other as they are both currently self-isolating.\r\nMyself and one son currently in isolation waiting for coronavirus test. Is just \u2026 [+371 chars]"}, {"source": {"id": "rte", "name": "RTE"}, "author": "RT\u00c9 Entertainment", "title": "Bob Geldof & Rita Ora join Covid-19 fund with WHO & UN", "description": "Singers Bob Geldof and Rita Ora have joined forces with the World Health Organisation to launch a fundraiser for Covid-19 with a graphic to illustrate unity designed by Rita Ora.", "url": "https://www.rte.ie/entertainment/2020/0320/1124277-bob-geldof/", "urlToImage": "https://img.rasset.ie/0013eed2-1600.jpg", "publishedAt": "2020-03-20T07:27:00Z", "content": "Singers Bob Geldof and Rita Ora have joined forces with the World Health Organisation to launch a fundraiser for Covid-19 with a graphic to illustrate unity designed by Rita Ora.\r\nThe pair were spurred on to set this up as they wanted to have a clear message \u2026 [+902 chars]"}, {"source": {"id": "rte", "name": "RTE"}, "author": "RT\u00c9 News", "title": "126 more cases of Covid-19 confirmed in Ireland", "description": "There have been a further 126 cases of Covid-19 confirmed in Ireland, the Department of Health has said.", "url": "https://www.rte.ie/news/ireland/2020/0320/1124448-coronavirus-ireland/", "urlToImage": "https://img.rasset.ie/0013ef7d-1600.jpg", "publishedAt": "2020-03-20T17:54:45Z", "content": "There have been a further 126 cases of Covid-19 confirmed in Ireland, the Department of Health has said.\r\nThe latest increase brings the total number of cases here to 683 since the first case was reported here earlier this month.\r\nThree people who have been d\u2026 [+4375 chars]"}]}