{"status": "ok", "totalResults": 22, "articles": [{"source": {"id": "rte", "name": "RTE"}, "author": "Philip Bromwell", "title": "Fundraiser for Covid-19 frontline tops \u20ac330,000", "description": "A fundraising campaign to feed hospital and emergency workers in Ireland has raised more than \u20ac330,000 in just ten days.", "url": "https://www.rte.ie/news/2020/0325/1126409-fundraiser-for-covid-19-frontline-tops-330-000/", "urlToImage": "https://img.rasset.ie/0013ff4d-1600.jpg", "publishedAt": "2020-03-26T08:00:00Z", "content": "A fundraising campaign to feed hospital and emergency workers in\u00a0Ireland has raised more than \u20ac330,000 in just ten days.\r\nThe 'Feed The Heroes' GoFundMe page was set up on 15 March.\r\nDonations from the public are being used to pay restaurants and kitchens to \u2026 [+1909 chars]"}, {"source": {"id": "rte", "name": "RTE"}, "author": "Tony Connelly", "title": "Covid-19: EU leaders discuss emergency assistance", "description": "European Union leaders will hold a virtual summit this afternoon on the coronavirus emergency, with one of the main tasks being how to mobilise huge levels of financial support to help the most vulnerable member states tackle the crisis.", "url": "https://www.rte.ie/news/coronavirus/2020/0326/1126444-coronavirus-europe/", "urlToImage": "https://img.rasset.ie/0013ffa9-1600.jpg", "publishedAt": "2020-03-26T06:36:30Z", "content": "European Union leaders will hold a virtual summit this afternoon on the coronavirus emergency, with the agenda being dominated by questions of how to restore the EU to eventual economic normality, and how to mobilise huge levels of financial support to help t\u2026 [+2143 chars]"}, {"source": {"id": "rte", "name": "RTE"}, "author": "Laura Hogan", "title": "Covid-19: 10 further deaths, 255 new cases in Ireland", "description": "The Department of Health has confirmed the deaths of 10 more people diagnosed with Covid-19, and a further 255 new cases.", "url": "https://www.rte.ie/news/coronavirus/2020/0326/1126652-ireland-coronavirus-figures/", "urlToImage": "https://img.rasset.ie/0013ee80-1600.jpg", "publishedAt": "2020-03-26T20:21:12Z", "content": "The Department of Health has confirmed the deaths of 10\u00a0more people diagnosed with Covid-19, and a further 255\u00a0new cases.\r\nIt brings the total number of deaths in Ireland to 19.\r\nTo date, 13 males and 6\u00a0females with the virus have died. The median age among t\u2026 [+528 chars]"}, {"source": {"id": "rte", "name": "RTE"}, "author": "Aisling Kenny", "title": "D\u00e1il to debate measures helping renters hit by Covid-19", "description": "Measures to help renters who have been impacted by Covid-19 are due to be debated in the D\u00e1il today.", "url": "https://www.rte.ie/news/politics/2020/0326/1126423-coronavirus-politics/", "urlToImage": "https://img.rasset.ie/0013a772-1600.jpg", "publishedAt": "2020-03-26T06:00:00Z", "content": "Measures to help renters who have been impacted by Covid-19 are due to be debated in the D\u00e1il today.\u00a0\r\nThe proposed legislation is aimed at making sure tenants who are under pressure to keep up with rent payments can stay in their homes for the duration of th\u2026 [+962 chars]"}, {"source": {"id": "rte", "name": "RTE"}, "author": "RT\u00c9 News", "title": "UK govt to unveil Covid-19 help for self-employed", "description": "A financial package aimed at helping self-employed workers get through the coronavirus crisis will be unveiled by UK Chancellor Rishi Sunak today, with the British government under pressure to throw the sector a lifeline.", "url": "https://www.rte.ie/news/2020/0326/1126467-uk-coronavirus/", "urlToImage": "https://img.rasset.ie/0013ffb3-1600.jpg", "publishedAt": "2020-03-26T08:16:24Z", "content": "A financial package aimed at helping self-employed workers get through the coronavirus crisis will be unveiled by UK Chancellor Rishi Sunak today, with the British government under pressure to throw the sector a lifeline.\r\nThe move comes after Prime Minister \u2026 [+6249 chars]"}, {"source": {"id": "rte", "name": "RTE"}, "author": "RT\u00c9 News", "title": "US Senate passes $2 trillion Covid-19 rescue package", "description": "The US Senate has unanimously passed the nation's largest-ever rescue package, a $2 trillion lifeline to suffering Americans, critically depleted hospitals and an economy all ravaged by a rapidly spreading coronavirus crisis.", "url": "https://www.rte.ie/news/2020/0326/1126447-us-senate-covid-19-stimulus/", "urlToImage": "https://img.rasset.ie/0013ffab-1600.jpg", "publishedAt": "2020-03-26T07:06:42Z", "content": "The US Senate has unanimously passed the nation's largest-ever rescue package, a $2 trillion lifeline to suffering Americans, critically depleted hospitals and an economy all ravaged by a rapidly spreading coronavirus crisis.\r\nThe measure cleared the Senate 9\u2026 [+5054 chars]"}, {"source": {"id": "rte", "name": "RTE"}, "author": "David Murphy", "title": "Podcast: What will the Covid-19 law mean?", "description": "The Dail is meeting to pass momentous legislation as the country grapples with Covid-19. Presenter Paul Cunningham is joined by M\u00edche\u00e1l Lehane, Mary Regan and Aisling Kenny.", "url": "https://www.rte.ie/news/politics/2020/0326/1126637-your-politics-ep-86/", "urlToImage": "https://img.rasset.ie/00140137-1600.jpg", "publishedAt": "2020-03-26T18:30:40Z", "content": "The Dail is meeting to pass momentous legislation as the country grapples with Covid-19. Presenter Paul Cunningham is joined by M\u00edche\u00e1l Lehane, Mary Regan and Aisling Kenny.\r\nSubscribe to the podcast on Apple, Spotify and Google through the\u00a0RT\u00c9 Player, throug\u2026 [+30 chars]"}, {"source": {"id": "rte", "name": "RTE"}, "author": "RT\u00c9 News", "title": "Three further deaths, 32 new cases of Covid-19 in NI", "description": "There have been three more deaths and 32 new cases of Covid-19 in Northern Ireland in the past 24 hours.", "url": "https://www.rte.ie/news/ulster/2020/0326/1126611-ulster-coronavirus/", "urlToImage": "https://img.rasset.ie/0013c894-1600.jpg", "publishedAt": "2020-03-26T16:14:10Z", "content": "There have been three more deaths and 32 new cases of Covid-19 in Northern Ireland in the past 24 hours.\r\nThe total number of cases has risen to 241 with 10 deaths overall.\u00a0\r\nMore than 3,700 (3716) have been tested for the virus in Northern Ireland. The vast \u2026 [+784 chars]"}, {"source": {"id": "rte", "name": "RTE"}, "author": "RT\u00c9 News", "title": "Why time off school during Covid-19 is not a holiday", "description": "With schools and colleges to remain closed until 19 April, here's a reminder for children - and parents - about the measures we should be taking to stop the spread of coronavirus.", "url": "https://www.rte.ie/news/2020/0325/1126413-time-off-school-coronavirus/", "urlToImage": "https://img.rasset.ie/0013ff71-1600.jpg", "publishedAt": "2020-03-26T08:45:00Z", "content": "With schools and colleges to remain closed until 19 April, here's a reminder for children - and parents - about the measures we should be taking to stop the spread of coronavirus.\r\nLet's get one thing straight at the start - while it probably feels like you'r\u2026 [+2253 chars]"}, {"source": {"id": "rte", "name": "RTE"}, "author": "RT\u00c9 Sport", "title": "Dublin star Siobhan Killeen tests positive for Covid-19", "description": "Dublin footballer Siobh\u00e1n Killeen has tested positive for Covid-19 and the radiographer has urged people to abide by expert advice in the fight against the coronavirus.", "url": "https://www.rte.ie/sport/gaa/2020/0326/1126613-dublin-star-siobhan-killeen-tests-positive-for-covid-19/", "urlToImage": "https://img.rasset.ie/001400fb-1600.jpg", "publishedAt": "2020-03-26T16:22:33Z", "content": "Dublin footballer Siobh\u00e1n Killeen\u00a0has tested positive for Covid-19 and the radiographer has urged people to abide by expert advice in the fight against the coronavirus.\r\nKilleen, 27, first experienced symptoms last Sunday evening, was tested on Monday, and re\u2026 [+5031 chars]"}, {"source": {"id": "rte", "name": "RTE"}, "author": "RT\u00c9 News", "title": "Mylan, Pfizer delay merger due to Covid-19 outbreak", "description": "Drugmaker Mylan's merger with Pfizer off-patent branded drug unit, Upjohn, will now close in the second half of this year, the companies said tody.", "url": "https://www.rte.ie/news/business/2020/0326/1126568-mlyan-pfizer-deal-delay/", "urlToImage": "https://img.rasset.ie/0008ebcc-1600.jpg", "publishedAt": "2020-03-26T13:18:53Z", "content": "Drugmaker Mylan's merger with Pfizer off-patent branded drug unit, Upjohn, will now close in the second half of this year, the companies said tody.\r\nThe two companies blamed the coronavirus pandemic for the delay.\u00a0\r\nDue to restrictions on large gatherings, th\u2026 [+670 chars]"}, {"source": {"id": "rte", "name": "RTE"}, "author": "Will Goodbody", "title": "Central Bank wants assurance on Covid-19 claims", "description": "The Central Bank is to write to the insurance industry setting out how it expects insurance firms to handle the settlement of claims arising from the Covid-19 pandemic.", "url": "https://www.rte.ie/news/business/2020/0326/1126453-central-bank-on-insurance-industry/", "urlToImage": "https://img.rasset.ie/0012de54-1600.jpg", "publishedAt": "2020-03-26T07:23:36Z", "content": "The Central Bank is to write to the insurance industry setting out how it expects insurance firms to handle the settlement of claims arising from the Covid-19 pandemic.\r\nThe regulator says firms must ensure that all claims are appropriately assessed and where\u2026 [+3174 chars]"}, {"source": {"id": "rte", "name": "RTE"}, "author": "RT\u00c9 News", "title": "Nobody will starve in Covid-19 crisis - Ocado chairman", "description": "There is no shortage of food in Britain and nobody will starve during the coronavirus emergency, said the chairman of online supermarket Ocado who believes he himself has been infected.", "url": "https://www.rte.ie/news/business/2020/0326/1126537-ocado-chairman-on-coronvirus/", "urlToImage": "https://img.rasset.ie/0006e76a-1600.jpg", "publishedAt": "2020-03-26T11:42:04Z", "content": "There is no shortage of food in Britain and nobody will starve during the coronavirus emergency, said the chairman of online supermarket Ocado who believes he himself has been infected.\u00a0\r\nThe supermarket sector is dealing with unprecedented demand during the \u2026 [+2144 chars]"}, {"source": {"id": "rte", "name": "RTE"}, "author": "Will Goodbody", "title": "Storm brewing in insurance industry over Covid-19 cover", "description": "When it comes to insurance, the world would be a much simpler place if policies were black and white. Alas though, they never are and in this case, the truth of who is covered and who isn't is engulfed in often impenetrable legalese and technical jargon, writ\u2026", "url": "https://www.rte.ie/news/analysis-and-comment/2020/0326/1126424-insurance-coronavirus/", "urlToImage": "https://img.rasset.ie/0011128d-1600.jpg", "publishedAt": "2020-03-26T06:00:00Z", "content": "A Covid-19 style pandemic should be a once-in-a-century event.\r\nOn the face of it then, firms who have \"business interruption\" cover in their insurance policies and are impacted by the effects of the outbreak could be forgiven for thinking they could justifia\u2026 [+7232 chars]"}, {"source": {"id": "rte", "name": "RTE"}, "author": "RT\u00c9 News", "title": "UK-based airlines seek tax breaks in Covid-19 battle", "description": "A representative body for airlines based in Britain has written to its transport minister seeking industry-specific tax and air traffic fee holidays to help survive a coronavirus pandemic that has brought air travel to a standstill.", "url": "https://www.rte.ie/news/business/2020/0326/1126458-uk-airlines/", "urlToImage": "https://img.rasset.ie/0003dffa-1600.jpg", "publishedAt": "2020-03-26T07:43:13Z", "content": "A representative body for airlines based in Britain has written to its transport minister seeking industry-specific tax and air traffic fee holidays to help survive a coronavirus pandemic that has brought air travel to a standstill.\u00a0\r\nEasyJet, IAG-owned Briti\u2026 [+1450 chars]"}, {"source": {"id": "rte", "name": "RTE"}, "author": "RT\u00c9 Entertainment", "title": "Olga Kurylenko shared her Covid-19 story to help others", "description": "Bond star Olga Kurylenko has taken to social media to explain why she shared her Covid-19 diagnosis, saying she wanted to help others feel less afraid.", "url": "https://www.rte.ie/entertainment/2020/0326/1126460-olga-kurylenko-shared-her-covid-19-story-to-help-others/", "urlToImage": "https://img.rasset.ie/0013ed03-1600.jpg", "publishedAt": "2020-03-26T07:46:21Z", "content": "Bond star Olga Kurylenko has taken to social media to explain why she shared her Covid-19 diagnosis, saying she wanted to help others feel less afraid.\r\nIn an Instagram post, Kurylenko wrote: \"Some people ask why I post about my illness. It's a very good ques\u2026 [+994 chars]"}, {"source": {"id": "rte", "name": "RTE"}, "author": "RT\u00c9 Sport", "title": "Eddie Jones agrees to pay cut during Covid-19 shutdown", "description": "England boss Eddie Jones has agreed to a pay cut in excess of 25 per cent during the coronavirus shutdown.", "url": "https://www.rte.ie/sport/rugby/2020/0326/1126634-eddie-jones-agrees-to-pay-cut-during-covid-19-shutdown/", "urlToImage": "https://img.rasset.ie/0012dfaf-1600.jpg", "publishedAt": "2020-03-26T17:57:52Z", "content": "England boss Eddie Jones has agreed to a pay cut in excess of 25 per cent during the coronavirus shutdown.\r\nThe Rugby Football Union (RFU) is facing revenue losses in the region of #45-50million over the next 18 months as a consequence of the Covid-19 pandemi\u2026 [+1381 chars]"}, {"source": {"id": "rte", "name": "RTE"}, "author": "RT\u00c9 News", "title": "D\u00e1il sits to debate emergency Covid-19 measures", "description": "The D\u00e1il is sitting for 11 hours today to pass further emergency legislation to deal with the Covid-19 crisis - follow live updates throughout the day", "url": "https://www.rte.ie/news/politics/2020/0326/1126522-dail-sitting-tracker/", "urlToImage": "https://img.rasset.ie/0012e404-1600.jpg", "publishedAt": "2020-03-26T11:07:47Z", "content": "RT\u00c9.ie is the website of Raidi\u00f3 Teilif\u00eds \u00c9ireann, Ireland's National Public Service Broadcaster.RT\u00c9 is not responsible for the content of external internet sites. Images courtesy of Sportsfile and Getty Images\r\n\u00a9 RT\u00c9 2020"}, {"source": {"id": "rte", "name": "RTE"}, "author": "Fran McNulty", "title": "Dairy industry warns of impact of Covid-19 on sector", "description": "Covid-19 could have a \"catastrophic\" impact on the dairy sector according to a leading industry group.", "url": "https://www.rte.ie/news/ireland/2020/0326/1126551-dairy-sector-impact/", "urlToImage": "https://img.rasset.ie/000bf1a7-1600.jpg", "publishedAt": "2020-03-26T12:31:35Z", "content": "Covid-19 could have a \"catastrophic\" impact on the dairy sector according to a leading industry group.\r\nDairy Industry Ireland has warned that the peak period for milk production is set to coincide with the predicted peak of coronavirus cases here, which it s\u2026 [+1120 chars]"}, {"source": {"id": "rte", "name": "RTE"}, "author": "Aisling Kenny", "title": "Student nurses will be paid during Covid-19 crisis", "description": "Minister for Health Simon Harris has announced that student nurses will be paid for the duration of the Covid-19 crisis.", "url": "https://www.rte.ie/news/coronavirus/2020/0326/1126621-student-nurses/", "urlToImage": "https://img.rasset.ie/0013fc1b-1600.jpg", "publishedAt": "2020-03-26T17:34:51Z", "content": "Minister for Health Simon Harris has announced that student nurses will be paid for the duration of the Covid-19 crisis.\r\nIn a statement\u00a0this evening, the minister said student nurses and midwives will be offered a contract as a Healthcare Assistant and be pa\u2026 [+950 chars]"}, {"source": {"id": "rte", "name": "RTE"}, "author": "RT\u00c9 News", "title": "Can pets carry Covid-19?: Your questions answered", "description": "Can you catch Covid-19 from your dog? Is there a treatment available? Am I okay to help my pregnant daughter once the baby comes? RT\u00c9's Morning Ireland got three experts to answer your questions.", "url": "https://www.rte.ie/news/coronavirus/2020/0326/1126530-covid19-your-questions-answered/", "urlToImage": "https://img.rasset.ie/0013a4d3-1600.jpg", "publishedAt": "2020-03-26T12:24:45Z", "content": "Can you catch Covid-19 from your dog? Is there a treatment available? Am I okay to help my pregnant daughter once the baby comes?\r\nMorning Ireland asked listeners to email their questions to coronavirus@rte.ie and then assembled a panel of experts to answer t\u2026 [+1873 chars]"}, {"source": {"id": "rte", "name": "RTE"}, "author": "RT\u00c9 News", "title": "Vulnerable children to get meals amid Covid-19 outbreak", "description": "Schools have been issued with updated guidance to help them continue to operate the School Meals Programme amid the extended Covid-19 restrictions.", "url": "https://www.rte.ie/news/2020/0326/1126557-school-meals-coronavirus/", "urlToImage": "https://img.rasset.ie/001288ba-1600.jpg", "publishedAt": "2020-03-26T13:01:05Z", "content": "Schools have been issued with updated guidance to help them continue to operate the School Meals Programme amid the extended Covid-19 restrictions.\r\nIt means that thousands of vulnerable children and teens will get nutritious food that they normally receive d\u2026 [+1131 chars]"}]}