{"status": "ok", "totalResults": 8, "articles": [{"source": {"id": "rte", "name": "RTE"}, "author": "RT\u00c9 News", "title": "Dept announces 14 more deaths, 212 new Covid-19 cases", "description": "The Department of Health has announced further 14 deaths linked to Covid-19, as well as 212 new cases.", "url": "https://www.rte.ie/news/coronavirus/2020/0401/1127904-ireland-coronavirus-figures/", "urlToImage": "https://img.rasset.ie/00140aa3-1600.jpg", "publishedAt": "2020-04-01T16:41:09Z", "content": "The Department of Health has announced further 14 deaths linked to Covid-19, as well as 212 new cases.\r\nIt brings the total number of deaths in the Republic of Ireland to 85.\r\nThere are now 3,447 confirmed cases in total.\r\nOf the 14 deaths, 10 were located in\u2026 [+2480 chars]"}, {"source": {"id": "rte", "name": "RTE"}, "author": "Juliette Gash", "title": "Was the pangolin the source of the Covid-19 outbreak?", "description": "After two groups of coronaviruses related to Covid-19 were found in some pangolins smuggled into China, experts are wondering if trafficking of the scaly mammal was responsible for triggering the pandemic.", "url": "https://www.rte.ie/news/2020/0331/1127645-was-the-pangolin-the-source-of-the-covid-19-outbreak/", "urlToImage": "https://img.rasset.ie/00140904-1600.jpg", "publishedAt": "2020-04-01T05:06:52Z", "content": "An insightful documentary shown on RT\u00c9 Two on Sunday night highlighted the plight of the pangolin, a shy, scaly animal found in Asia and Sub-Saharan Africa, which has the unfortunate title of the world's most trafficked mammal.\r\nA 2016 report by animal charit\u2026 [+4119 chars]"}, {"source": {"id": "rte", "name": "RTE"}, "author": "RT\u00c9 Sport", "title": "Irish National Hunt season cancelled due to Covid-19", "description": "The remainder of the 2019-20 Irish National Hunt racing season has been cancelled, including the Fairyhouse and Punchestown Festivals.", "url": "https://www.rte.ie/sport/racing/2020/0401/1127889-irish-national-hunt-season-cancelled-due-to-covid-19/", "urlToImage": "https://img.rasset.ie/00140a7f-1600.jpg", "publishedAt": "2020-04-01T15:39:30Z", "content": "The remainder of the 2019-20 Irish National Hunt racing season has been cancelled, including the Fairyhouse and Punchestown Festivals.\r\nThe board of Horse Racing Ireland (HRI) met today and decided that racing in this country would resume with a month-long fl\u2026 [+1737 chars]"}, {"source": {"id": "rte", "name": "RTE"}, "author": "Will Goodbody", "title": "Government's Covid-19 costs could hit \u20ac30 billion - KBC", "description": "The final cost to the Irish state of dealing with the fallout from the Covid-19 pandemic could be as high as \u20ac30 billion, according to an analysis by KBC Bank Ireland.", "url": "https://www.rte.ie/news/business/2020/0401/1127866-governments-covid-19-costs-could-hit-30-billion-kbc/", "urlToImage": "https://img.rasset.ie/00140591-1600.jpg", "publishedAt": "2020-04-01T13:58:38Z", "content": "The final cost to the Irish state of dealing with the fallout from the Covid-19 pandemic could be as high as \u20ac30 billion, according to an analysis by KBC Bank Ireland.\u00a0\r\nThe bank had previously suggested that the fiscal costs could amount to up to \u20ac15 billion\u2026 [+3562 chars]"}, {"source": {"id": "rte", "name": "RTE"}, "author": "RT\u00c9 Sport", "title": "Joshua: I have lost people close to me from Covid-19", "description": "World heavyweight champion Anthony Joshua revealed on Wednesday he has \"lost close ones\" due to the coronavirus.", "url": "https://www.rte.ie/sport/boxing/2020/0401/1127934-joshua-i-have-people-close-to-me-from-covid-19/", "urlToImage": "https://img.rasset.ie/000edbe4-1600.jpg", "publishedAt": "2020-04-01T20:20:20Z", "content": "World heavyweight champion Anthony Joshua revealed on Wednesday he has \"lost close ones\" due to the coronavirus.\r\nJoshua's title defence against IBF mandatory challenger Kubrat Pulev was scheduled for June.\r\nBut the Briton's bout is set to be rescheduled due \u2026 [+709 chars]"}, {"source": {"id": "rte", "name": "RTE"}, "author": null, "title": "Idris Elba over 'the worst' of Covid-19 diagnosis", "description": "Idris Elba has said he thinks he is over \"the worst of it\", having been diagnosed with Covid-19 last month.", "url": "http://www.rte.ie/entertainment/2020/0401/1127825-idris-elba-over-the-worst-of-covid-19-diagnosis/", "urlToImage": null, "publishedAt": "2020-04-01T11:23:42Z", "content": null}, {"source": {"id": "rte", "name": "RTE"}, "author": "RT\u00c9 Sport", "title": "Former Marseille president dies from Covid-19", "description": "Former Marseille president Pape Diouf has died after suffering from Covid-19, his club has announced.", "url": "https://www.rte.ie/sport/soccer/2020/0401/1127731-former-marseille-president-dies-from-covid-19/", "urlToImage": "https://img.rasset.ie/001409b6-1600.jpg", "publishedAt": "2020-04-01T06:05:07Z", "content": "Former Marseille president Pape Diouf has died after suffering from Covid-19, his club has announced.\r\nThe club tweeted: \"It is with great sadness that Olympique de Marseille learned of the death of Pape Diouf. Pape will remain in the hearts of the Marseillai\u2026 [+1473 chars]"}, {"source": {"id": "rte", "name": "RTE"}, "author": "RT\u00c9 News", "title": "Covid-19 cases in 200 countries and territories - WHO", "description": "The World Health Organization has said that over 200 countries or territories have confirmed cases of Covid-19, virtually everywhere in the world - follow on the latest developments on the pandemic with our live blog.", "url": "https://www.rte.ie/news/2020/0401/1127727-coronavirus-tracker/", "urlToImage": "https://img.rasset.ie/0013fe82-1600.jpg", "publishedAt": "2020-04-01T06:32:51Z", "content": "RT\u00c9.ie is the website of Raidi\u00f3 Teilif\u00eds \u00c9ireann, Ireland's National Public Service Broadcaster.RT\u00c9 is not responsible for the content of external internet sites. Images courtesy of Sportsfile and Getty Images\r\n\u00a9 RT\u00c9 2020"}]}