{"status": "ok", "totalResults": 15, "articles": [{"source": {"id": "rte", "name": "RTE"}, "author": "RT\u00c9 News", "title": "Rising numbers of Covid-19 cases 'concerning'", "description": "The head of the Department of International Health and Tropical Medicine at the Royal College of Surgeons in Ireland\u00a0 has said the rising number of Covid-19 cases in Ireland is \"very concerning.\"", "url": "https://www.rte.ie/news/coronavirus/2020/0324/1124971-coronavirus-covid19-ireland/", "urlToImage": "https://img.rasset.ie/0013f3e4-1600.jpg", "publishedAt": "2020-03-24T06:30:56Z", "content": "The head of the Department of International Health and Tropical Medicine at the Royal College of Surgeons in Ireland\u00a0 has said the rising number of Covid-19 cases in Ireland is \"very concerning.\"\r\nProfessor Sam McConkey said \"we are still failing to control\" \u2026 [+1886 chars]"}, {"source": {"id": "rte", "name": "RTE"}, "author": "Aisling Kenny", "title": "Mixed reaction from Opposition to Covid-19 measures", "description": "Opposition politicians have given a mixed reaction to the Government's announcement today aimed at curbing the spread of Covid-19.", "url": "https://www.rte.ie/news/coronavirus/2020/0324/1126166-political-reaction-covid19-measures/", "urlToImage": "https://img.rasset.ie/0013a772-1600.jpg", "publishedAt": "2020-03-24T21:46:15Z", "content": "Opposition politicians have given a mixed reaction to the Government's announcement today aimed at curbing the spread of Covid-19.\r\nFianna F\u00e1il welcomed the stricter measures while Sinn F\u00e9in said more needs to be done.\r\nFianna F\u00e1il leader Miche\u00e1l Martin said \u2026 [+1635 chars]"}, {"source": {"id": "rte", "name": "RTE"}, "author": "Paul Cunningham", "title": "Cabinet to consider next steps in tackling Covid-19", "description": "The Cabinet will meet this morning to consider updated recommendations on tackling the coronavirus from the National Public Health Emergency Team.", "url": "https://www.rte.ie/news/2020/0324/1124966-cabinet-coronavirus/", "urlToImage": "https://img.rasset.ie/0013d2e2-1600.jpg", "publishedAt": "2020-03-24T03:37:04Z", "content": "The Cabinet will meet this morning to consider updated recommendations on tackling the coronavirus from the National Public Health Emergency Team.\r\nA government spokesman said that while public compliance with physical distancing measures had generally been g\u2026 [+1022 chars]"}, {"source": {"id": "rte", "name": "RTE"}, "author": "Sandra Hurley", "title": "What you need to know about new Covid-19 restrictions", "description": "As the Government announces new Covid-19 restrictions, RT\u00c9 Political Reporter Sandra Hurley outlines the changes.", "url": "https://www.rte.ie/news/coronavirus/2020/0324/1126124-what-you-need-to-know-about-new-covid-19-restrictions/", "urlToImage": "https://img.rasset.ie/00123c91-1600.jpg", "publishedAt": "2020-03-24T17:12:37Z", "content": "The Government is now asking people to stay at home if possible.\r\nHere are the details:\r\nWhat's New?\r\nAll non-essential retail to close.\u00a0\r\nSupermarkets and pharmacies will remain open.\r\nRestaurants and cafes can operate only for takeaway and delivery.\r\nTheatr\u2026 [+1428 chars]"}, {"source": {"id": "rte", "name": "RTE"}, "author": "RT\u00c9 News", "title": "Carers cheer as Covid-19 patient leaves Madrid hospital", "description": "The first patient recovered from the novel coronavirus has been discharged from a makeshift field hospital set up in the outskirts of Madrid.", "url": "https://www.rte.ie/news/newslens/2020/0324/1126055-applause-as-patient-recovers/", "urlToImage": "https://img.rasset.ie/0013fc36-1600.jpg", "publishedAt": "2020-03-24T11:42:55Z", "content": "The first patient recovered from the novel coronavirus has been discharged from a makeshift field hospital set up in the outskirts of Madrid.\r\nFootage released by Madrid authorities showed medical teams applauding as the young man walked out of the facility o\u2026 [+393 chars]"}, {"source": {"id": "rte", "name": "RTE"}, "author": null, "title": "Interactive map: Covid-19 cases in your area", "description": "Interactive map: Covid-19 cases in your area", "url": "https://www.rte.ie/news/coronavirus/summary/", "urlToImage": "https://img.rasset.ie/0013d68b-1600.jpg", "publishedAt": "2020-03-24T18:12:21Z", "content": "RT\u00c9.ie is the website of Raidi\u00f3 Teilif\u00eds \u00c9ireann, Ireland's National Public Service Broadcaster.RT\u00c9 is not responsible for the content of external internet sites. Images courtesy of Sportsfile and Getty Images\r\n\u00a9 RT\u00c9 2020"}, {"source": {"id": "rte", "name": "RTE"}, "author": "Paul Cunningham", "title": "Cabinet to consider next steps in tackling Covid-19", "description": "The Cabinet will meet this morning to consider updated recommendations on tackling the coronavirus from the National Public Health Emergency Team.", "url": "https://www.rte.ie/news/politics/2020/0324/1124966-cabinet-coronavirus/", "urlToImage": "https://img.rasset.ie/0013d2e2-1600.jpg", "publishedAt": "2020-03-24T03:37:04Z", "content": "The Cabinet will meet this morning to consider updated recommendations on tackling the coronavirus from the National Public Health Emergency Team.\r\nA Government spokesman said that while public compliance with physical distancing measures had generally been g\u2026 [+1460 chars]"}, {"source": {"id": "rte", "name": "RTE"}, "author": "RT\u00c9 News", "title": "Italy sees rays of hope in Covid-19 death rate data", "description": "Italy's top coronavirus response official has attributed two successive declines in the daily death rate to a painful national lockdown that appeared to be finally bearing fruit.", "url": "https://www.rte.ie/news/coronavirus/2020/0324/1126051-italy-coronavirus/", "urlToImage": "https://img.rasset.ie/0013f2b5-1600.jpg", "publishedAt": "2020-03-24T11:35:43Z", "content": "Italy's top coronavirus response official has attributed two successive declines in the daily death rate to a painful national lockdown that appeared to be finally bearing fruit.\r\nBut Angelo Borrelli also noted that the real number of infections was probably \u2026 [+4036 chars]"}, {"source": {"id": "rte", "name": "RTE"}, "author": "RT\u00c9 News", "title": "Covid-19 sidelining O'Neills", "description": "Sportswear manufacturer O'Neills has announced drastic measures in the face of the coronavirus outbreak, as they have had to lay-off 750 of their staff at their factory.", "url": "https://www.rte.ie/news/business/2020/0324/1125015-covid-19-sidelining-oneills/", "urlToImage": "https://img.rasset.ie/0013e190-1600.jpg", "publishedAt": "2020-03-24T09:50:42Z", "content": "Sportswear manufacturer O'Neills has announced drastic measures in the face of the coronavirus outbreak, as they have\u00a0had to lay-off 750 of their staff at their factory.\r\nThe company is\u00a0the largest employer in Strabane in Co\u00a0Tyrone.\r\nO'Neills' Managing Direct\u2026 [+91 chars]"}, {"source": {"id": "rte", "name": "RTE"}, "author": "Ingrid Miley", "title": "Covid-19 unemployment payments to be increased to \u20ac350", "description": "The Government is to increase the Covid-19 Pandemic Unemployment Support payment for people who have been laid-off due to the virus from \u20ac203 to \u20ac350.", "url": "https://www.rte.ie/news/coronavirus/2020/0324/1126102-covid-19-wage-payments/", "urlToImage": "https://img.rasset.ie/0007d095-1600.jpg", "publishedAt": "2020-03-24T15:32:37Z", "content": "The Government is to increase the Covid-19 Pandemic Unemployment Support payment for people who have been laid-off due to the virus from \u20ac203 to \u20ac350.\u00a0\r\nThe payment will also apply to the self-employed affected by the virus.\r\nThe Cabinet has also approved an \u2026 [+1396 chars]"}, {"source": {"id": "rte", "name": "RTE"}, "author": "RT\u00c9 News", "title": "Covid-19 will have 'material impact' on Aryzta in 2020", "description": "Irish Swiss baked goods group Aryzta has warned that the outbreak of Covid-19 will have a material impact on its group performance this year.", "url": "https://www.rte.ie/news/business/2020/0324/1124983-aryzta-statement-on-virus/", "urlToImage": "https://img.rasset.ie/0010dc3d-1600.jpg", "publishedAt": "2020-03-24T07:37:56Z", "content": "Irish Swiss baked goods group Aryzta has warned that the outbreak of Covid-19 will have a material impact on its group performance this year.\u00a0\r\nThe company owns the Cuisine de France brand and also makes burger buns for McDonalds, which shut all of its Irish \u2026 [+746 chars]"}, {"source": {"id": "rte", "name": "RTE"}, "author": "RT\u00c9 Entertainment", "title": "Kodaline guitarist tests positive for Covid-19", "description": "Kodaline guitarist Mark Prendergast has said he tested positive for Covid-19.", "url": "https://www.rte.ie/entertainment/2020/0324/1125038-kodaline-guitarist-tests-positive-for-covid-19/", "urlToImage": "https://img.rasset.ie/000ae767-1600.jpg", "publishedAt": "2020-03-24T11:09:16Z", "content": "Kodaline guitarist Mark Prendergast has said he tested positive for Covid-19.\r\nThe musician shared his diagnosis on 2FM, saying, \"About 10 days ago I felt this very, very dry cough. I was in my parents house...\r\n\"It was quite obvious it was a new cough. It wa\u2026 [+1303 chars]"}, {"source": {"id": "rte", "name": "RTE"}, "author": "RT\u00c9 Entertainment", "title": "RT\u00c9 to launch Operation Covid Nation in April", "description": "RT\u00c9 One is launching Operation Covid Nation in April and they want to hear from households across the country.", "url": "https://www.rte.ie/entertainment/2020/0324/1126128-rte-to-launch-operation-covid-nation-in-april/", "urlToImage": "https://img.rasset.ie/000f2fa9-1600.jpg", "publishedAt": "2020-03-24T17:46:17Z", "content": "RTE\u00a0One is launching\u00a0Operation Covid Nation\u00a0in April and they want to hear from households across the country.\r\nThe team from\u00a0Operation Transformation\u00a0have a plan to help people stay healthy, in mind and body, as people are having to live apart from family an\u2026 [+1165 chars]"}, {"source": {"id": "rte", "name": "RTE"}, "author": "RT\u00c9 Entertainment", "title": "Linda Lusardi went 'to death's door' with Covid-19", "description": "The husband of soap star and presenter Linda Lusardi has said she has turned a corner, having been taken \"to death's door\" by Covid-19.", "url": "https://www.rte.ie/entertainment/2020/0324/1125034-linda-lusardi-went-to-deaths-door-with-covid-19/", "urlToImage": "https://img.rasset.ie/0013ed43-1600.jpg", "publishedAt": "2020-03-24T10:58:58Z", "content": "The husband of soap star and presenter Linda Lusardi has said she has turned a corner, having been taken \"to death's door\" by Covid-19.\r\nFormer Brookside star Sam Kane and Emmerdale favourite Lusardi were hospitalised after contracting the disease, and on Mon\u2026 [+1467 chars]"}, {"source": {"id": "rte", "name": "RTE"}, "author": "RT\u00c9 News", "title": "Covid-19: Govt urges adherence to social distancing", "description": "A Government spokesperson says there is a need to reinforce the message of maintaining an adequate distance in public places - follow all the latest developments both at home and abroad", "url": "https://www.rte.ie/news/2020/0324/1124976-coronavirus-tracker/", "urlToImage": "https://img.rasset.ie/0013f3ec-1600.jpg", "publishedAt": "2020-03-24T07:34:57Z", "content": "RT\u00c9.ie is the website of Raidi\u00f3 Teilif\u00eds \u00c9ireann, Ireland's National Public Service Broadcaster.RT\u00c9 is not responsible for the content of external internet sites. Images courtesy of Sportsfile and Getty Images\r\n\u00a9 RT\u00c9 2020"}]}