{"status": "ok", "totalResults": 19, "articles": [{"source": {"id": "rte", "name": "RTE"}, "author": "Tommy Meskill", "title": "Covid-19: Autism and social distancing", "description": "For people with autism and their families, the adjustment due to Covid-19 has been particularly difficult with the breakdown in structure as well as being confined to small spaces resulting in great distress.", "url": "https://www.rte.ie/news/coronavirus/2020/0408/1129257-autism-covid19-coronavirus/", "urlToImage": "https://img.rasset.ie/00141499-1600.jpg", "publishedAt": "2020-04-08T09:28:12Z", "content": "Our worlds have grown smaller and more uncertain.\u00a0We've all had to adjust to a new reality, normal daily routines have fallen asunder.\u00a0\r\nHowever, for those with autism and their families, the adjustment has been particularly difficult.\u00a0The breakdown in struct\u2026 [+2743 chars]"}, {"source": {"id": "rte", "name": "RTE"}, "author": null, "title": "Virtual D\u00e1il sittings to be considered due to Covid-19", "description": "The Houses of the Oireachtas has said it is looking at technical solutions that would allow virtual sittings of the D\u00e1il, the Seanad and Ccmmittees as the Covid-19 emergency continues.", "url": "http://www.rte.ie/news/politics/2020/0408/1129220-politics-covid19-coronavirus/", "urlToImage": null, "publishedAt": "2020-04-08T05:56:46Z", "content": null}, {"source": {"id": "rte", "name": "RTE"}, "author": "Will Goodbody", "title": "\u20ac1 billion of supports ready for Covid-19 impacted SMEs", "description": "The Minister for Business, Heather Humphreys, has announced further measures to help businesses cope with liquidity challenges posed by the Covid-19 restrictions.", "url": "https://www.rte.ie/news/business/2020/0408/1129369-new-supports-for-covid-19-impacted-businesses/", "urlToImage": "https://img.rasset.ie/000f6cb7-1600.jpg", "publishedAt": "2020-04-08T14:09:11Z", "content": "The Minister for Business, Heather Humphreys, has announced further measures to help businesses cope with liquidity challenges posed by the Covid-19 restrictions.\u00a0\r\nAmong the developments is a \u20ac450m expansion of two loan schemes operated by the Strategic Bank\u2026 [+2683 chars]"}, {"source": {"id": "rte", "name": "RTE"}, "author": "RT\u00c9 News", "title": "Changes to third-level exams due to Covid-19", "description": "Third-level institutions will not be holding written, oral or practical assessments in examination centres during the Covid-19 emergency.", "url": "https://www.rte.ie/news/education/2020/0408/1129222-covid19-coronavirus-education/", "urlToImage": "https://img.rasset.ie/00141422-1600.jpg", "publishedAt": "2020-04-08T06:22:19Z", "content": "Third-level institutions will not be holding written, oral or practical assessments in examination centres during the Covid-19 emergency.\u00a0\r\nUniversities and colleges have finalised alternative assessment arrangements - with options including online exams, wri\u2026 [+1106 chars]"}, {"source": {"id": "rte", "name": "RTE"}, "author": "RT\u00c9 News", "title": "EU fails to reach deal on Covid-19 bailout plan", "description": "EU finance ministers have failed to agree on a bailout plan to help hard hit member states face the coronavirus outbreak, after Italy refused to abandon its plea for \"coronabonds\" to share the burden.", "url": "https://www.rte.ie/news/europe/2020/0408/1129232-europe-bailout-fund-talks/", "urlToImage": "https://img.rasset.ie/00141425-1600.jpg", "publishedAt": "2020-04-08T06:52:54Z", "content": "EU finance ministers have failed to agree on a bailout plan to help hard hit member states face the coronavirus outbreak, after Italy refused to abandon its plea for \"coronabonds\" to share the burden.\r\nDiplomatic sources and officials said a feud between Ital\u2026 [+1529 chars]"}, {"source": {"id": "rte", "name": "RTE"}, "author": "RT\u00c9 News", "title": "Covid-19 dictionary for kids (& those who need primer)", "description": "There are a lot of terms floating about in relation to Covid-19, so RT\u00c9's news2day has devised a dictionary for children - or for anyone who needs a primer.", "url": "https://www.rte.ie/news/newslens/2020/0408/1129429-coronavirus-dictionary/", "urlToImage": "https://img.rasset.ie/p00141627-1600.png", "publishedAt": "2020-04-08T19:46:57Z", "content": "There are a lot of terms floating about in relation to Covid-19, the coronavirus that has been in the news since the beginning of 2020.\r\nIt can be hard to keep up with all the new words, so RT\u00c9's news2day has devised a dictionary for children - or anyone who \u2026 [+5562 chars]"}, {"source": {"id": "rte", "name": "RTE"}, "author": "Conor Hunt", "title": "Covid-19: Concern for people with addiction problems", "description": "Charities helping people with addiction problems which have had to curtail some of its services because of coronavirus say they are worried clients may fall back into misuse.", "url": "https://www.rte.ie/news/coronavirus/2020/0408/1129343-addiction-coronavirus-crisis/", "urlToImage": "https://img.rasset.ie/00141567-1600.jpg", "publishedAt": "2020-04-08T13:10:44Z", "content": "Charities helping people with addiction problems which have had to curtail some of its services because of coronavirus say they are worried clients may fall back into misuse.\r\nMany groups, including Alcoholics Anonymous, have now taken to online social platfo\u2026 [+2449 chars]"}, {"source": {"id": "rte", "name": "RTE"}, "author": "RT\u00c9 News", "title": "TikTok appeal continues to grow amidst Covid-19 crisis", "description": "The social video platform, TikTok, which was already a favourite of teens is increasingly being used by adults looking for ways to pass the time during coronavirus lockdowns.", "url": "https://www.rte.ie/news/world/2020/0408/1129238-tiktok-appeal-continues-to-grow-amidst-covid-19-crisis/", "urlToImage": "https://img.rasset.ie/0014142c-1600.jpg", "publishedAt": "2020-04-08T07:37:24Z", "content": "The social video platform, TikTok,\u00a0which was already a favourite of teens is increasingly being used by adults looking for ways to pass the time during coronavirus lockdowns.\r\nUsers post short videos,\u00a0no longer than 60 seconds but often as short as 15,\u00a0to sho\u2026 [+4017 chars]"}, {"source": {"id": "rte", "name": "RTE"}, "author": "RT\u00c9 News", "title": "Business Post to cut pay as Covid-19 hits revenue", "description": "The owner of the Business Post newspaper plans to introduce temporary pay cuts for staff, ranging between 5% and 15% depending on salary.", "url": "https://www.rte.ie/news/business/2020/0408/1129376-business-post-pay/", "urlToImage": "https://img.rasset.ie/0011db6d-1600.jpg", "publishedAt": "2020-04-08T14:27:43Z", "content": "The owner of the Business Post newspaper plans to introduce temporary pay cuts for staff, ranging between 5% and 15% depending on salary.\r\nThe Business Post Media Group said the move was required as a result of the drop in advertising revenue experienced sinc\u2026 [+913 chars]"}, {"source": {"id": "rte", "name": "RTE"}, "author": "Brian Finn", "title": "Covid-19 prompts hundreds of businesses to move online", "description": "As businesses remain shuttered owing to Covid-19 restrictions, hundreds of producers and store owners have moved their offerings online, many for the first time. Help is available to make the switch, which can be a daunting move.", "url": "https://www.rte.ie/news/business/2020/0407/1129150-covid-19-prompts-hundreds-of-businesses-to-move-online/", "urlToImage": "https://img.rasset.ie/0007ad40-1600.jpg", "publishedAt": "2020-04-08T05:11:00Z", "content": "Dead Centre Brewing is a craft microbrewery and eatery on the banks of the River Shannon in Athlone. Having been awarded the title of Most Innovative Pub in the North East Region at the Irish Pub Awards last November, it was looking forward to a successful 20\u2026 [+7946 chars]"}, {"source": {"id": "rte", "name": "RTE"}, "author": "RT\u00c9 News", "title": "Grafton's CEO and CFO request 20% cut due to Covid-19", "description": "Building and DIY merchants Grafton Group has said its chief executive Gavin Slark and chief financial officer David Arnold have voluntarily asked that their salaries and pension contributions be temporarily reduced by 20% with immediate effect.", "url": "https://www.rte.ie/news/business/2020/0408/1129225-grafton-bosses-to-see-20-pay-cut/", "urlToImage": "https://img.rasset.ie/0011ad69-1600.jpg", "publishedAt": "2020-04-08T06:28:06Z", "content": "Building and DIY merchants Grafton Group has said its chief executive Gavin Slark and chief financial officer David Arnold have voluntarily asked that their salaries and pension contributions be temporarily reduced by 20% with immediate effect.\u00a0\r\nIn a stateme\u2026 [+676 chars]"}, {"source": {"id": "rte", "name": "RTE"}, "author": "RT\u00c9 News", "title": "Airlines warn millions of jobs at risk due to Covid-19", "description": "Global airlines warned that 25 million jobs across the world could be at risk from the coronavirus air travel downturn, and held out against offering refunds to passengers as cash runs out.", "url": "https://www.rte.ie/news/business/2020/0408/1129227-iata-warning-on-covid-19-hit/", "urlToImage": "https://img.rasset.ie/000de49f-1600.jpg", "publishedAt": "2020-04-08T06:38:04Z", "content": "Global airlines warned that 25 million jobs across the world could be at risk from the coronavirus air travel downturn, and held out against offering refunds to passengers as cash runs out.\r\nThe International Air Transport Association (IATA) issued the warnin\u2026 [+3047 chars]"}, {"source": {"id": "rte", "name": "RTE"}, "author": "RT\u00c9 Entertainment", "title": "RT\u00c9 to air Gaga-curated Covid-19 benefit concert", "description": "RT\u00c9 will air a special benefit concert, curated by Lady Gaga, that will feature a star-studded line-up of musical guests to mark and celebrate health workers around the world.", "url": "https://www.rte.ie/entertainment/2020/0408/1129280-rte-to-air-gaga-curated-covid-19-benefit-concert/", "urlToImage": "https://img.rasset.ie/001414db-1600.jpg", "publishedAt": "2020-04-08T10:50:56Z", "content": "RT\u00c9 will air a special benefit concert, curated by Lady Gaga, that will feature a star-studded line-up of musical guests to mark and celebrate health workers around the world.\r\nGaga has teamed up with Global Citizen and the World Health Organisation to bring \u2026 [+1432 chars]"}, {"source": {"id": "rte", "name": "RTE"}, "author": "RT\u00c9 Entertainment", "title": "Country singer John Prine dies aged 73 from Covid-19", "description": "Country singer-songwriter John Prine has died at the age of 73 due to complications from coronavirus.", "url": "https://www.rte.ie/entertainment/2020/0408/1129243-country-singer-john-prine-dies-aged-73-from-covid-19/", "urlToImage": "https://img.rasset.ie/00140584-1600.jpg", "publishedAt": "2020-04-08T07:33:30Z", "content": "Country singer-songwriter John Prine has died at the age of 73 due to complications from coronavirus.\r\nPrine, who was awarded a lifetime achievement Grammy earlier this year, had been in a critical condition after contracting Covid-19.\r\nHe died on Tuesday at \u2026 [+2122 chars]"}, {"source": {"id": "rte", "name": "RTE"}, "author": "RT\u00c9 News", "title": "1.38 million cases of Covid-19 across the world", "description": "Garda\u00ed have been given new powers to restrict people's movements and gatherings here for the next four days - follow the latest developments on the coronavirus outbreak both at home and abroad.", "url": "https://www.rte.ie/news/2020/0408/1129239-1-38-million-cases-of-covid-19-across-the-world/", "urlToImage": "https://img.rasset.ie/0014142d-1600.jpg", "publishedAt": "2020-04-08T07:36:12Z", "content": "RT\u00c9.ie is the website of Raidi\u00f3 Teilif\u00eds \u00c9ireann, Ireland's National Public Service Broadcaster.RT\u00c9 is not responsible for the content of external internet sites. Images courtesy of Sportsfile and Getty Images\r\n\u00a9 RT\u00c9 2020"}, {"source": {"id": "rte", "name": "RTE"}, "author": "Ailbhe Conneely", "title": "Taoiseach to speak to religious leaders about Covid-19", "description": "Religious leaders from a number of faiths will discuss the Covid-19 Emergency with Taoiseach Leo Varadkar on a conference call this morning.", "url": "https://www.rte.ie/news/coronavirus/2020/0408/1129219-coronavirus-covid19-religion/", "urlToImage": "https://img.rasset.ie/0011c16f-1600.jpg", "publishedAt": "2020-04-08T05:38:39Z", "content": "Religious leaders from a number of faiths will discuss the Covid-19 Emergency with\u00a0Taoiseach Leo Varadkar on a conference call this morning.\u00a0\r\nMr Varadkar will also use the opportunity to get the views of religious leaders on how communities and the most vuln\u2026 [+1422 chars]"}, {"source": {"id": "rte", "name": "RTE"}, "author": "Louise Byrne", "title": "NI residents called on to return Covid-19 payments", "description": "Workers living in Northern Ireland who have received the new Covid-19 Pandemic Unemployment Payment\u00a0 have been asked by the Department of Employment Affairs and Social Protection to return the money.", "url": "https://www.rte.ie/news/coronavirus/2020/0408/1129437-northern-ireland-workers/", "urlToImage": "https://img.rasset.ie/0012e2a9-1600.jpg", "publishedAt": "2020-04-08T20:36:39Z", "content": "Workers living in Northern Ireland who have received the new Covid-19 Pandemic Unemployment Payment\u00a0 have been asked by the Department of Employment Affairs and Social Protection to return the money.\r\nThe \u20ac350 a week social welfare payment is only available t\u2026 [+2355 chars]"}, {"source": {"id": "rte", "name": "RTE"}, "author": "Ailbhe Conneely", "title": "Solidarity call for Travellers during Covid-19 outbreak", "description": "Since the introduction of Covid-19 restrictions, concerns have been raised about the difficulty of self isolation in some communities, including the Traveller and Roma communities.", "url": "https://www.rte.ie/news/coronavirus/2020/0408/1129217-coronavirus-travelling-community/", "urlToImage": "https://img.rasset.ie/0014141a-1600.jpg", "publishedAt": "2020-04-08T05:36:49Z", "content": "Since the introduction of Covid-19 restrictions, concerns have been raised about the difficulty of\u00a0self isolation\u00a0in some communities.\r\nThose concerns extend to the\u00a0Traveller\u00a0Community, particularly those living on sites with limited facilities.\r\nToday is Int\u2026 [+2598 chars]"}, {"source": {"id": "rte", "name": "RTE"}, "author": "RT\u00c9 News", "title": "Covid-19: 25 more deaths, 365 further cases", "description": "The Department of Health has confirmed a further 25 people with Covid-19 have died in Ireland bringing the overall death toll to 235.", "url": "https://www.rte.ie/news/coronavirus/2020/0408/1129407-daily-irish-figures/", "urlToImage": "https://img.rasset.ie/0014139a-1600.jpg", "publishedAt": "2020-04-08T16:34:10Z", "content": "The Department of Health has confirmed a further 25 people with Covid-19 have died in Ireland bringing the overall death toll to 235.\r\n365 more cases of the coronavirus have also been diagnosed in the Republic, bringing the number of confirmed cases to 6,074.\u2026 [+1208 chars]"}]}