{"status": "ok", "totalResults": 10, "articles": [{"source": {"id": "rte", "name": "RTE"}, "author": "Pat McGrath", "title": "Galway 2020 severely curtailed over Covid-19", "description": "Galway's year as European Capital of Culture has been further impacted by the Covid-19 pandemic.", "url": "https://www.rte.ie/news/connacht/2020/0407/1129077-galway-2020/", "urlToImage": "https://img.rasset.ie/00110182-1600.jpg", "publishedAt": "2020-04-07T12:24:19Z", "content": "Galway's year as European Capital of Culture has been further impacted by the Covid-19 pandemic.\u00a0\r\nMost staff at the company set up to manage the event have been temporarily laid off and the contract with the Creative Director for Galway 2020 has been ended.\u00a0\u2026 [+837 chars]"}, {"source": {"id": "rte", "name": "RTE"}, "author": "Fergal Bowers", "title": "Beaumont Hospital treating the most Covid-19 patients", "description": "New figures seen by RT\u00c9 News have revealed that Beaumont Hospital in Dublin has the largest number of confirmed cases of Covid-19, with 133 patients in the hospital.", "url": "https://www.rte.ie/news/coronavirus/2020/0407/1128957-covid-hospital-cases/", "urlToImage": "https://img.rasset.ie/0007a219-1600.jpg", "publishedAt": "2020-04-07T06:06:07Z", "content": "New figures seen by RT\u00c9 News have revealed that Beaumont Hospital in Dublin has the largest number of confirmed cases of Covid-19, with 133 patients in the hospital.\r\nIt is followed by St James's Hospital which has 95 cases and the Mater with 87, both in Dubl\u2026 [+1087 chars]"}, {"source": {"id": "rte", "name": "RTE"}, "author": "Paul Reynolds", "title": "Prisons adapt to restrictions posed by Covid-19", "description": "The Prison Service has introduced a range of measures to prevent an outbreak of Covid-19 in Ireland's prisons.", "url": "https://www.rte.ie/news/coronavirus/2020/0407/1129072-coronavirus-prisons/", "urlToImage": "https://img.rasset.ie/001412d3-1600.jpg", "publishedAt": "2020-04-07T11:58:39Z", "content": "\"We don't want to get the virus either\" Gary, an inmate at Clover Hill prison laughs, \"we're working together (with the prison service and the prison officers) on this one alright\"\u00a0\r\nIt is not unusual for the country's prisons to go into\u00a0lockdown, but it is u\u2026 [+3864 chars]"}, {"source": {"id": "rte", "name": "RTE"}, "author": "RT\u00c9 News", "title": "Three more deaths in North, 97 new cases of Covid-19", "description": "Three more deaths have been reported from the coronavirus in Northern Ireland, bringing the total number of deaths to 73.", "url": "https://www.rte.ie/news/2020/0407/1129105-northern-ireland-figures/", "urlToImage": "https://img.rasset.ie/0014133d-1600.jpg", "publishedAt": "2020-04-07T13:56:24Z", "content": "Three more deaths have been reported from the coronavirus in Northern Ireland, bringing the total number of deaths to 73.\r\nThere has been 97 new cases of Covid-19 diagnosed in the region, bringing the total number of infections to 1,255.\r\nA vehicle test centr\u2026 [+1663 chars]"}, {"source": {"id": "rte", "name": "RTE"}, "author": "Philip Bromwell", "title": "Dublin nurse with Covid-19 urges people to stay at home", "description": "A 23-year-old nurse from Dublin who is being treated for Covid-19 is urging people to maintain social distancing and follow the advice to stay at home.", "url": "https://www.rte.ie/news/2020/0407/1129139-dublin-nurse-with-covid-19-urges-people-to-stay-at-home/", "urlToImage": "https://img.rasset.ie/00141376-1600.jpg", "publishedAt": "2020-04-07T16:24:23Z", "content": "A 23-year-old nurse from Dublin who is being treated for Covid-19 is urging people to maintain social distancing and follow the advice to stay at home.\r\nEmma Biggar,\u00a0who has a pre-existing medical condition, was admitted to St Vincent's University Hospital in\u2026 [+1190 chars]"}, {"source": {"id": "rte", "name": "RTE"}, "author": "RT\u00c9 Entertainment", "title": "Chernobyl costume makers help frontline Covid-19 teams", "description": "Peris Costumes, the Spanish company which worked on the outfits for the award-winning series Chernobyl, has given its stock of face masks and other items to frontline workers battling the Covid-19 crisis.", "url": "https://www.rte.ie/entertainment/2020/0407/1129177-chernobyl-costume-makers-help-frontline-covid-19-teams/", "urlToImage": "https://img.rasset.ie/001413d2-1600.jpg", "publishedAt": "2020-04-07T19:21:54Z", "content": "Peris Costumes, the Spanish company which worked on the outfits for the award-winning series Chernobyl, has given its stock of face masks and other items to frontline workers battling the Covid-19 crisis.\r\nScreenDaily.com\u00a0reports that Peris' bases in Madrid a\u2026 [+1150 chars]"}, {"source": {"id": "rte", "name": "RTE"}, "author": "RT\u00c9 Sport", "title": "Dusautoir and Chabal reveal Covid-19 battle", "description": "Former French rugby captain Thierry Dusautoir has said that he felt \"lucky\" after surviving coronavirus infection while former teammate Sebastien Chabal also revealed he had suffered from Covid-19.", "url": "https://www.rte.ie/sport/rugby/2020/0407/1129117-dusautoir-and-chabal-reveal-covid-19-battle/", "urlToImage": "https://img.rasset.ie/000b3982-1600.jpg", "publishedAt": "2020-04-07T14:41:12Z", "content": "Former French rugby captain Thierry Dusautoir has said that he felt \"lucky\" after surviving coronavirus infection while former teammate Sebastien Chabal also revealed he had suffered from Covid-19.\r\nThe\u00a0pandemic has killed more than 75,000 people worldwide, i\u2026 [+632 chars]"}, {"source": {"id": "rte", "name": "RTE"}, "author": "RT\u00c9 News", "title": "The impact of Covid-19 on Ireland's full-time carers", "description": "People who are full-time carers have spoken about how the Covid-19 emergency is affecting them.", "url": "https://www.rte.ie/news/coronavirus/2020/0407/1129064-coronavirus-carers/", "urlToImage": "https://img.rasset.ie/001412f5-1600.jpg", "publishedAt": "2020-04-07T11:19:13Z", "content": "People who are full-time\u00a0carers\u00a0have spoken about how the Covid-19 emergency is affecting them.\u00a0\r\nJane Johnstone from Wexford cares for her two sons.\u00a0\r\nEvan, 19, has autism, is non-verbal and has profound intellectual disabilities.\u00a0He is\u00a01.93m (6'4\")\u00a0and has \u2026 [+3976 chars]"}, {"source": {"id": "rte", "name": "RTE"}, "author": "RT\u00c9 News", "title": "36 more deaths from Covid-19, 345 new cases diagnosed", "description": "A further 36 people have died from Covid-19 in Ireland bringing the overall death toll to 210.", "url": "https://www.rte.ie/news/2020/0407/1129141-irish-figures-health/", "urlToImage": "https://img.rasset.ie/00141333-1600.jpg", "publishedAt": "2020-04-07T16:51:13Z", "content": "A further 36 people have died from Covid-19 in Ireland bringing the overall death toll to 210.\r\n345 more cases of the coronavirus have also been diagnosed in the Republic, bringing the number of confirmed cases to 5,709.\r\nA total of 42,484 tests have been car\u2026 [+4276 chars]"}, {"source": {"id": "rte", "name": "RTE"}, "author": "RT\u00c9 News", "title": "Republic and North sign joint memo to battle Covid-19", "description": "The Republic of Ireland and Northern Ireland administrations have signed a memo formalising their co-operation in the battle against coronavirus.", "url": "https://www.rte.ie/news/2020/0407/1129131-north-south-memo/", "urlToImage": "https://img.rasset.ie/0013f3e4-1600.jpg", "publishedAt": "2020-04-07T15:22:35Z", "content": "The Republic of Ireland and Northern Ireland administrations have signed a memo formalising their co-operation in the battle against coronavirus.\r\nA memorandum of understanding (MOU), which has been signed by the two departments of health, focuses on facilita\u2026 [+2407 chars]"}]}