{"status": "ok", "totalResults": 10, "articles": [{"source": {"id": "rte", "name": "RTE"}, "author": "RT\u00c9 News", "title": "UK sees further 569 deaths linked to Covid-19", "description": "The number of deaths linked to Covid-19 in the UK has risen by 569 over the past day, with the death toll now standing at 2,921.", "url": "https://www.rte.ie/news/coronavirus/2020/0402/1128103-uk-coronavirus/", "urlToImage": "https://img.rasset.ie/00140be9-1600.jpg", "publishedAt": "2020-04-02T13:38:59Z", "content": "The number of deaths linked to Covid-19 in the UK has risen by 569 over the past day, with the death toll now standing at 2,921.\r\nThe figures from the UK Department of Health represent a 24% rise in deaths in 24 hours.\r\nAs of 8am this morning, a total of 163,\u2026 [+714 chars]"}, {"source": {"id": "rte", "name": "RTE"}, "author": "Laura Hogan", "title": "Figures show 29 clusters of Covid-19 in nursing homes", "description": "There are now 29 clusters of Covid-19 infections in the country's nursing homes.", "url": "https://www.rte.ie/news/coronavirus/2020/0402/1128012-figures-show-29-clusters-of-covid-19-in-nursing-homes/", "urlToImage": "https://img.rasset.ie/00140b3e-1600.jpg", "publishedAt": "2020-04-02T09:12:10Z", "content": "There are now 29 clusters of Covid-19\u00a0infections in the country's nursing homes.\u00a0\r\nNew figures published by the Health Protection Surveillance Center show\u00a0there are now 134 outbreaks or clusters of the virus, linked to 563 confirmed cases.\u00a0\r\nNursing homes now\u2026 [+1075 chars]"}, {"source": {"id": "rte", "name": "RTE"}, "author": "RT\u00c9 News", "title": "402 more confirmed Covid-19 cases and 13 further deaths", "description": "There have been 402 new cases of Covid-19 confirmed here, the Department of Health has said, bringing the total number of confirmed cases to 3,849.", "url": "https://www.rte.ie/news/coronavirus/2020/0402/1128145-coronavirus-ireland/", "urlToImage": "https://img.rasset.ie/0013dac5-1600.jpg", "publishedAt": "2020-04-02T16:51:39Z", "content": "There have been 402 new cases of Covid-19 confirmed here, the Department of Health has said, bringing the total number of confirmed cases to\u00a03,849.\r\n13 people who were diagnosed with the virus have died. There have now been 98 deaths linked to Covid-19 in the\u2026 [+3957 chars]"}, {"source": {"id": "rte", "name": "RTE"}, "author": "George Lee", "title": "Cabinet COVID-19 sub-committee to assess restrictions", "description": "The Cabinet Sub-Committee on COVID-19, which is chaired by the Taoiseach, will meet later this morning to review the impact of the additional travel, work and social distancing restrictions announced last Friday, how they are operating, and to consider their \u2026", "url": "https://www.rte.ie/news/coronavirus/2020/0402/1127958-cabinet-covid-19/", "urlToImage": "https://img.rasset.ie/00140afe-1600.jpg", "publishedAt": "2020-04-02T03:24:01Z", "content": "The Cabinet Sub-Committee on COVID-19, which is chaired by the Taoiseach, will meet later this morning to review the impact of the additional travel, work and social distancing restrictions announced last Friday, how they are operating, and to consider their \u2026 [+1464 chars]"}, {"source": {"id": "rte", "name": "RTE"}, "author": "Will Goodbody", "title": "5 things we learned about the Covid-19 economy today", "description": "As the crisis arising from the Covid-19 pandemic continues to unfold, so also do the consequences for the economy here and around the world. We are now starting to see hard data come through, putting in context just how serious the situation has become.", "url": "https://www.rte.ie/news/business/2020/0402/1128116-5-things-we-learned-about-the-covid-19-economy-today/", "urlToImage": "https://img.rasset.ie/00140c16-1600.jpg", "publishedAt": "2020-04-02T15:06:39Z", "content": "As the crisis arising from the Covid-19 pandemic continues to unfold, so also do the consequences for the economy here and around the world\r\nWe are now starting to see hard data come through, putting in context just how serious the situation has become.\r\nMuch\u2026 [+7740 chars]"}, {"source": {"id": "rte", "name": "RTE"}, "author": "George Lee", "title": "NPHET to meet to plan next moves in Covid-19 fight", "description": "The National Public Health Emergency Team will meet later to review the latest information about the spread of Covid-19 and consider their next move.", "url": "https://www.rte.ie/news/coronavirus/2020/0403/1128209-nphet-to-meet-to-plan-next-moves-in-covid-19-fight/", "urlToImage": "https://img.rasset.ie/0014057c-1600.jpg", "publishedAt": "2020-04-02T23:09:38Z", "content": "The National Public Health Emergency Team will meet later\u00a0to review the latest information about the spread of Covid-19 and consider their next move.\u00a0\r\nIssues around the testing backlog, protecting staff and patients in nursing homes, personal protective equi\u2026 [+1509 chars]"}, {"source": {"id": "rte", "name": "RTE"}, "author": "RT\u00c9 News", "title": "Covid-19 triggered 'severe' shock - Central Bank", "description": "The Central Bank has said Covid-19 has \"triggered an extremely severe economic shock\" which is fundamentally different from anything the economy has been through before.", "url": "https://www.rte.ie/news/business/2020/0403/1128199-central-bank/", "urlToImage": "https://img.rasset.ie/00139981-1600.jpg", "publishedAt": "2020-04-02T23:07:19Z", "content": "The Central Bank has said Covid-19 has \"triggered an extremely severe economic shock\"\u00a0which is fundamentally different from anything the economy has been through before.\u00a0\r\nIn its Quarterly Bulletin, the bank says the economy could shrink by 8.3% of GDP this y\u2026 [+899 chars]"}, {"source": {"id": "rte", "name": "RTE"}, "author": "RT\u00c9 News", "title": "Savills launches website in response to Covid-19 curbs", "description": "Estate agents Savills Ireland has launched a new website for prospective new home buyers which allows them to both view and purchase property online.", "url": "https://www.rte.ie/news/business/2020/0402/1127981-savills-property-website/", "urlToImage": "https://img.rasset.ie/00140b0e-1600.jpg", "publishedAt": "2020-04-02T06:52:43Z", "content": "Estate agents Savills Ireland has launched a new website for prospective new home buyers which allows them to both view and purchase property online.\u00a0\r\nThe new Savills Live website will feature various new home developments throughout the Greater Dublin Area \u2026 [+1281 chars]"}, {"source": {"id": "rte", "name": "RTE"}, "author": "RT\u00c9 News", "title": "AIB to defer fees for SMEs affected by Covid-19", "description": "AIB said it will shortly make an option available to its SME customers to allow them defer the maintenance and transaction fees applied to their accounts on March 31 if their businesses have been affected by Covid-19.", "url": "https://www.rte.ie/news/business/2020/0402/1127977-aib-suspends-some-sme-fees/", "urlToImage": "https://img.rasset.ie/0012f646-1600.jpg", "publishedAt": "2020-04-02T06:36:48Z", "content": "AIB said it will shortly make an option available to its SME customers to allow them defer the maintenance and transaction fees applied to their accounts on March 31 if their businesses have been affected by Covid-19.\u00a0\r\nThe bank said the fees can be applied i\u2026 [+1009 chars]"}, {"source": {"id": "rte", "name": "RTE"}, "author": "Jackie Cahill", "title": "McGuinness waiting to return after Covid-19 diagnosis", "description": "In an ideal world, former Armagh All-Ireland winner Marian McGuinness would have been jetting off on the 2020 TG4 All-Star tour yesterday morning.", "url": "https://www.rte.ie/sport/gaa/2020/0402/1128136-mcguinness-waiting-to-return-after-covid-19-diagnosis/", "urlToImage": "https://img.rasset.ie/00140c44-1600.jpg", "publishedAt": "2020-04-02T16:06:05Z", "content": "In an ideal world, former Armagh All-Ireland winner Marian McGuinness would have been jetting off on the 2020 TG4 All Star tour yesterday morning.\r\nInstead, she's in self-isolation having received confirmation of a positive test for Covid-19 last Friday.\r\nMcG\u2026 [+3785 chars]"}]}