{"status": "ok", "totalResults": 17, "articles": [{"source": {"id": "rte", "name": "RTE"}, "author": "RT\u00c9 News", "title": "Warning over possible tougher Covid-19 restrictions", "description": "Minister for Health Simon Harris has warned that tougher restrictions on movement will be introduced, if people do not heed advice about social distancing to try to fight Covid-19.", "url": "https://www.rte.ie/news/coronavirus/2020/0323/1124746-covid19-coronavirus-ireland/", "urlToImage": "https://img.rasset.ie/0013f021-1600.jpg", "publishedAt": "2020-03-23T05:55:00Z", "content": "Minister for Health\u00a0Simon Harris has warned that tougher restrictions on movement will be introduced, if people do not heed advice about social distancing to try to fight Covid-19.\r\nThe National Public Health Emergency Team will meet this week to consider if \u2026 [+1768 chars]"}, {"source": {"id": "rte", "name": "RTE"}, "author": "RT\u00c9 News", "title": "Covid-19 patient symptoms mild but wife seriously ill", "description": "Declan Connolly from Galway was one of the first people in Ireland to contract Covid-19.", "url": "https://www.rte.ie/news/2020/0323/1124817-coronavirus/", "urlToImage": "https://img.rasset.ie/0010e59c-1600.jpg", "publishedAt": "2020-03-23T11:05:54Z", "content": "One of the first people in Ireland to contract\u00a0Covid-19 has told how he only suffered mild symptoms while his wife fell seriously ill.\r\nDeclan Connolly, from Galway,\u00a0told RT\u00c9's Today with Se\u00e1n O'Rourke that he and his wife Debbie, who are in their mid-50's, p\u2026 [+2044 chars]"}, {"source": {"id": "rte", "name": "RTE"}, "author": "RT\u00c9 News", "title": "RT\u00c9 confirms Claire Byrne diagnosed with Covid-19", "description": "RT\u00c9 has confirmed that broadcaster Claire Byrne has been diagnosed with Covid-19.", "url": "https://www.rte.ie/news/2020/0323/1124914-claire-byrne-covid-19/", "urlToImage": "https://img.rasset.ie/0012e94c-1600.jpg", "publishedAt": "2020-03-23T17:02:18Z", "content": "RT\u00c9 has confirmed that broadcaster Claire Byrne has been diagnosed with Covid-19.\r\nStaff were informed by management on Saturday that a case had been confirmed at the station.\r\nIn a statement to her colleagues this afternoon, Ms\u00a0Byrne said she had tested posi\u2026 [+1189 chars]"}, {"source": {"id": "rte", "name": "RTE"}, "author": "RT\u00c9 News", "title": "219 new cases of Covid-19, two more deaths", "description": "219 new cases of Covid-19 have been diagnosed in the Republic of Ireland this evening, bringing the total number of confirmed cases to 1,012.", "url": "https://www.rte.ie/news/2020/0323/1124891-irish-figures-coronavirus/", "urlToImage": "https://img.rasset.ie/0013f373-1600.jpg", "publishedAt": "2020-03-23T15:34:54Z", "content": "219\u00a0new cases of Covid-19 have been diagnosed in the Republic of Ireland this evening, bringing the total number of confirmed cases to 1,012.\r\nTwo more people have\u00a0died from the illness, bringing the death toll here to six.\r\nIn Northern Ireland\u00a020 new cases o\u2026 [+5272 chars]"}, {"source": {"id": "rte", "name": "RTE"}, "author": "Pat McGrath", "title": "Covid-19: Achill Island residents rally to respond", "description": "Residents on Achill Island have joined forces to provide a co-ordinated response to the coronavirus outbreak.", "url": "https://www.rte.ie/news/connacht/2020/0323/1124830-coronavirus-achill-island/", "urlToImage": "https://img.rasset.ie/0012e8b0-1600.jpg", "publishedAt": "2020-03-23T11:53:49Z", "content": "Residents on Achill Island have joined forces to provide a co-ordinated response to the coronavirus outbreak.\r\nAfter an emergency meeting between the island's GPs, voluntary groups and a number of businesses last week, the local tourist centre has been repurp\u2026 [+847 chars]"}, {"source": {"id": "rte", "name": "RTE"}, "author": "RT\u00c9 News", "title": "Johnson faces pressure to order Covid-19 lockdown", "description": "UK Prime Minister Boris Johnson is under mounting pressure to order a widespread lockdown after thousands of people ignored calls for \"social distancing\" to slow the coronavirus pandemic.", "url": "https://www.rte.ie/news/2020/0323/1124753-coronavirus-uk/", "urlToImage": "https://img.rasset.ie/0013f1f6-1600.jpg", "publishedAt": "2020-03-23T06:57:23Z", "content": "UK Prime Minister Boris Johnson is under mounting pressure to order a widespread lockdown after thousands of people ignored calls for \"social distancing\" to slow the coronavirus pandemic.\r\nMr Johnson said he will be thinking \"very, very actively\" about what s\u2026 [+3722 chars]"}, {"source": {"id": "rte", "name": "RTE"}, "author": "RT\u00c9 News", "title": "Covid-19: New Zealand prepares to enter lockdown", "description": "New Zealand said it will move to its highest alert level imposing self-isolation, with all-non-essential services, schools and offices to be shut over the next 48 hours as the number of coronavirus cases more than double.", "url": "https://www.rte.ie/news/2020/0323/1124748-world-coronavirus/", "urlToImage": "https://img.rasset.ie/0013f1f3-1600.jpg", "publishedAt": "2020-03-23T06:17:19Z", "content": "New Zealand said it will move to its highest alert level imposing self-isolation, with all-non-essential services, schools and offices to be shut over the next 48 hours as the number of coronavirus cases more than double.\r\nPrime Minister Jacinda Ardern said t\u2026 [+3474 chars]"}, {"source": {"id": "rte", "name": "RTE"}, "author": "RT\u00c9 News", "title": "Taoiseach: Apple tax money cannot be used for Covid-19", "description": "Taoiseach Leo Varadkar has said the Government cannot use the more than \u20ac14 billion in disputed taxes it has collected from Apple pending a European court appeal to boost the economy in the fight against coronavirus.", "url": "https://www.rte.ie/news/coronavirus/2020/0323/1124850-apple-taxes/", "urlToImage": "https://img.rasset.ie/000f6ece-1600.jpg", "publishedAt": "2020-03-23T13:05:07Z", "content": "Taoiseach Leo Varadkar has said the Government cannot use the more than \u20ac14 billion in disputed taxes it has collected from Apple pending a European court appeal to boost the economy in the fight against coronavirus.\r\nApple is one of the country's largest mul\u2026 [+1630 chars]"}, {"source": {"id": "rte", "name": "RTE"}, "author": "Samantha Libreri", "title": "Seanad to be recalled to pass new laws over Covid-19", "description": "The Taoiseach has said that he will recall the existing Seanad to pass new legislation in relation to Covid-19 before the weekend.", "url": "https://www.rte.ie/news/politics/2020/0323/1124873-seanad-legislation-coronavirus/", "urlToImage": "https://img.rasset.ie/0013f2fa-1600.jpg", "publishedAt": "2020-03-23T14:26:30Z", "content": "The Taoiseach has said that he will recall the existing Seanad to pass new legislation in relation to Covid-19 before the weekend.\r\nHowever, Leo Varadkar said that when the new Seanad is formed he will not have the authority to appoint the Taoiseach's nominee\u2026 [+3349 chars]"}, {"source": {"id": "rte", "name": "RTE"}, "author": "RT\u00c9 Sport", "title": "Gary Lineker in isolation as son has Covid-19 symptoms", "description": "Match of the Day presenter Gary Lineker has entered self-isolation after his son George displayed coronavirus symptoms.", "url": "https://www.rte.ie/sport/soccer/2020/0323/1124825-gary-lineker-in-isolation-as-son-has-covid-19-symptoms/", "urlToImage": "https://img.rasset.ie/0013f27a-1600.jpg", "publishedAt": "2020-03-23T11:39:10Z", "content": "Match of the Day presenter Gary Lineker has entered self-isolation after his son George displayed coronavirus symptoms.\r\nThe former England, Tottenham and Barcelona striker, 59, revealed his 28-year-old son had lost his senses of taste and smell - symptoms re\u2026 [+1254 chars]"}, {"source": {"id": "rte", "name": "RTE"}, "author": "RT\u00c9 News", "title": "Uniphar seeing demand spike as Covid-19 spreads", "description": "Uniphar said that in the last 20 days, it has seen a significant spike in demand across all of its three divisions as the government and the wider healthcare sector ramp up preparations to deal with the forecasted increase in patients across Europe in the com\u2026", "url": "https://www.rte.ie/news/business/2020/0323/1124772-uniphar-trading-update/", "urlToImage": "https://img.rasset.ie/001239f4-1600.jpg", "publishedAt": "2020-03-23T08:06:33Z", "content": "Uniphar said that in the last 20 days, it has seen a significant spike in demand across all of its three divisions as the government and the wider healthcare sector ramp up preparations to deal with the forecasted increase in patients across Europe in the com\u2026 [+2458 chars]"}, {"source": {"id": "rte", "name": "RTE"}, "author": "RT\u00c9 News", "title": "Patrick Honohan on economic impact of Covid-19", "description": "The impact of the coronavirus outbreak on the world's economy won't be known for months to come.", "url": "https://www.rte.ie/news/business/2020/0323/1124790-patrick-honohan-on-economic-impact-of-covid-19/", "urlToImage": "https://img.rasset.ie/0005b33e-1600.jpg", "publishedAt": "2020-03-23T09:18:09Z", "content": "The impact of the coronavirus outbreak on the world's economy won't be known for months to come.\r\nBut Davy Stockbrokers predicted that Ireland's economy could contract in 2020, after several years of growth.\r\nFormer Central Bank governor Patrick Honohan expla\u2026 [+58 chars]"}, {"source": {"id": "rte", "name": "RTE"}, "author": "RT\u00c9 News", "title": "Covid-19 to hit collection of economic figures - CSO", "description": "The Central Statistics Office has said that many of its economic and social statistics will be affected in terms of timeliness and data quality due to Covid-19 and the associated public health measures now in force.", "url": "https://www.rte.ie/news/business/2020/0323/1124867-covid-19-to-hit-collection-of-economic-figures-cso/", "urlToImage": "https://img.rasset.ie/00104290-1600.jpg", "publishedAt": "2020-03-23T14:06:00Z", "content": "The Central Statistics Office has said that many of its economic and social statistics will be affected in terms of timeliness and data quality due to Covid-19 and the associated public health measures now in force.\r\nBut the CSO said it will endeavour to cont\u2026 [+2672 chars]"}, {"source": {"id": "rte", "name": "RTE"}, "author": "RT\u00c9 News", "title": "Dublin city footfall slumps by 66% due to Covid-19", "description": "Business organisation DublinTown has said that footfall in Dublin city centre between Monday March 16 and Sunday March 22 slumped by 65.8%.", "url": "https://www.rte.ie/news/business/2020/0323/1124816-dublintown-footfall-slumps/", "urlToImage": "https://img.rasset.ie/0013eaea-1600.jpg", "publishedAt": "2020-03-23T11:05:43Z", "content": "Business organisation DublinTown has said that footfall in Dublin city centre between Monday March 16 and Sunday March 22 slumped by 65.8%. \u00a0\r\nThis means that about 200,000 less people are visiting the city centre every day.\r\nDublinTown said the downward tren\u2026 [+2562 chars]"}, {"source": {"id": "rte", "name": "RTE"}, "author": "RT\u00c9 Entertainment", "title": "Daniel O'Donnell warns fans over Covid-19 scam", "description": "Singer Daniel O'Donnell has warned fans to ignore an online hoax impersonating him which asks for money to help battle the outbreak of Covid-19.", "url": "https://www.rte.ie/entertainment/2020/0323/1124902-daniel-odonnell-warns-fans-over-covid-19-scam/", "urlToImage": "https://img.rasset.ie/000d3855-1600.jpg", "publishedAt": "2020-03-23T16:13:02Z", "content": "Singer Daniel O\u2019Donnell has warned fans to ignore an online hoax impersonating him which asks for money to\u00a0help battle the outbreak of Covid-19.\r\nSocial media fraudsters have set up a fake account impersonating the country star on Instagram to target his fans\u2026 [+710 chars]"}, {"source": {"id": "rte", "name": "RTE"}, "author": "RT\u00c9 Entertainment", "title": "Tom Hanks and Wilson share Covid-19 update and a rap", "description": "Tom Hanks has posted another update from quarantine in Australia, while his wife, Rita Wilson, has delivered her own update in the form of a nineties rap.", "url": "https://www.rte.ie/entertainment/2020/0323/1124890-tom-hanks-and-wilson-share-covid-19-update-and-a-rap/", "urlToImage": "https://img.rasset.ie/0013e79c-1600.jpg", "publishedAt": "2020-03-23T15:32:32Z", "content": "Tom Hanks has posted another update from quarantine in Australia, while his wife, Rita Wilson, has delivered her own update in the form of a nineties rap.\u00a0\r\nThe couple were among the first celebrities to reveal their Coronavirus diagnosis and have been in sel\u2026 [+928 chars]"}, {"source": {"id": "rte", "name": "RTE"}, "author": "RT\u00c9 News", "title": "Health officials warn 4-5 day wait for Covid-19 tests", "description": "Health officials are warning that the waiting time for a test for Covid-19 is between four to five days - follow all the latest developments both at home and abroad.", "url": "https://www.rte.ie/news/2020/0323/1124754-coronavirus-tracker/", "urlToImage": "https://img.rasset.ie/0013f1f9-1600.jpg", "publishedAt": "2020-03-23T07:22:58Z", "content": "RT\u00c9.ie is the website of Raidi\u00f3 Teilif\u00eds \u00c9ireann, Ireland's National Public Service Broadcaster.RT\u00c9 is not responsible for the content of external internet sites. Images courtesy of Sportsfile and Getty Images\r\n\u00a9 RT\u00c9 2020"}]}