{"status": "ok", "totalResults": 10, "articles": [{"source": {"id": "rte", "name": "RTE"}, "author": "Will Goodbody", "title": "Apple employee in Cork tests positive for Covid-19", "description": "Apple has confirmed that one of its employees in Cork has tested positive for Covid-19.", "url": "https://www.rte.ie/news/business/2020/0310/1121280-coveney-covid-19/", "urlToImage": "https://img.rasset.ie/000cc61a-1600.jpg", "publishedAt": "2020-03-10T03:56:00Z", "content": "Apple has confirmed that one of its employees in Cork has tested positive for Covid-19.\r\nThe company said it is coordinating closely with local health authorities and they feel the risk to others is low.\r\nIn a statement, the tech giant said the employee is no\u2026 [+4848 chars]"}, {"source": {"id": "rte", "name": "RTE"}, "author": "Laura Fletcher", "title": "Public cooperation needed to fight COVID-19 - Coveney", "description": "The T\u00e1naiste Simon Coveney has said the Government is planning for what will happen with COVID-19 \"if as some people fear this virus takes hold and spreads in a dramatic way.\"", "url": "https://www.rte.ie/news/ireland/2020/0310/1121280-coveney-covid-19/", "urlToImage": "https://img.rasset.ie/00114f60-1600.jpg", "publishedAt": "2020-03-10T03:56:00Z", "content": "The T\u00e1naiste and Minister for Foreign Affairs Simon Coveney has said that the Government is planning for what will happen with COVID-19 in Ireland in the coming weeks and months \"if as some people fear this virus takes hold and spreads in a dramatic way.\"\r\nSp\u2026 [+3753 chars]"}, {"source": {"id": "rte", "name": "RTE"}, "author": "RT\u00c9 News", "title": "Travel disruption due to Covid-19: Are you covered?", "description": "Italy is in lockdown, St Patrick's Day parades have been cancelled, Six Nations matches are postponed. What do you do if you were planning to travel to any or all of these events?", "url": "https://www.rte.ie/news/coronavirus/2020/0310/1121396-covid-19-travel-cover/", "urlToImage": "https://img.rasset.ie/0012eed9-1600.jpg", "publishedAt": "2020-03-10T13:28:06Z", "content": "Italy is in lockdown, St Patrick's Day parades have been cancelled, Six Nations matches are postponed. What do you do if you were planning to travel to any or all of these events?\r\nRT\u00c9's Consumer Affairs correspondent Fran McNulty says the Government's advice\u2026 [+1728 chars]"}, {"source": {"id": "rte", "name": "RTE"}, "author": "Brian O'Donovan", "title": "US St Patrick's reception cancelled because of Covid-19", "description": "An annual St Patrick's reception in Washington, hosted by the Irish Ambassador to the United States, has been cancelled because of coronavirus.", "url": "https://www.rte.ie/news/us/2020/0310/1121471-washington-reception/", "urlToImage": "https://img.rasset.ie/0011c193-1600.jpg", "publishedAt": "2020-03-10T18:27:34Z", "content": "An annual St Patrick's reception in Washington, hosted by the Irish Ambassador to the United States, has been cancelled because of coronavirus.\r\nThe event was due to take place on Thursday evening after the traditional Shamrock Bowl ceremony in the White Hous\u2026 [+890 chars]"}, {"source": {"id": "rte", "name": "RTE"}, "author": "RT\u00c9 News", "title": "Covid-19: Italy on lockdown, financial markets rattled", "description": "Italy under quarantine and financial markets are rattled - keep up to date with all the latest developments at home and abroad", "url": "https://www.rte.ie/news/2020/0310/1121299-coronavirus-tracker/", "urlToImage": "https://img.rasset.ie/0013db37-1600.jpg", "publishedAt": "2020-03-10T07:43:16Z", "content": "RT\u00c9.ie is the website of Raidi\u00f3 Teilif\u00eds \u00c9ireann, Ireland's National Public Service Broadcaster.RT\u00c9 is not responsible for the content of external internet sites. Images courtesy of Sportsfile and Getty Images\r\n\u00a9 RT\u00c9 2020"}, {"source": {"id": "rte", "name": "RTE"}, "author": "RT\u00c9 News", "title": "WHO guidance on mental wellbeing amid Covid-19 outbreak", "description": "Members of the public should avoid coronavirus-related news that makes them feel \"anxious or distressed\" to protect their mental health, the World Health Organisation has advised.", "url": "https://www.rte.ie/news/coronavirus/2020/0310/1121484-coronavirus-wellbeing/", "urlToImage": "https://img.rasset.ie/000b9fe1-1600.jpg", "publishedAt": "2020-03-10T19:12:08Z", "content": "Members of the public should avoid coronavirus-related news that makes them feel \"anxious or distressed\" to protect their mental health, the World Health Organisation (WHO) has advised.\r\nIn a document on mental wellbeing and dealing with stress during the Cov\u2026 [+1422 chars]"}, {"source": {"id": "rte", "name": "RTE"}, "author": "RT\u00c9 News", "title": "What's it like to have Covid-19 and be in isolation?", "description": "Claire Byrne Live for the first time in this country spoke to a patient in Ireland with coronavirus. In an exclusive interview, Claire spoke to the man from his hospital room about having Covid-19.", "url": "https://www.rte.ie/news/coronavirus/2020/0310/1121355-coronavirus-patient-claire-byrne-live/", "urlToImage": "https://img.rasset.ie/0013d78f-1600.jpg", "publishedAt": "2020-03-10T11:15:05Z", "content": "Claire\u00a0Byrne\u00a0Live\u00a0for the first time in this country spoke to a patient in Ireland with coronavirus.\u00a0In an\u00a0exclusive\u00a0interview,\u00a0Claire\u00a0spoke to the man\u00a0from his hospital room about having\u00a0Covid-19.\r\nPatient:\u00a0I went abroad for a short trip and then I came back\u2026 [+5024 chars]"}, {"source": {"id": "rte", "name": "RTE"}, "author": "Will Goodbody", "title": "Apple employee in Cork tests positive for Covid-19", "description": "Apple has confirmed that one of its employees in Cork has tested positive for Covid-19.", "url": "https://www.rte.ie/news/business/2020/0310/1121365-apple-virus-case-confirmed/", "urlToImage": "https://img.rasset.ie/000f6ece-1600.jpg", "publishedAt": "2020-03-10T11:45:32Z", "content": "Apple has confirmed that one of its employees in Cork has tested positive for Covid-19.\r\nThe company said it is now coordinating closely with the local health authorities and they feel the risk to others is low.\r\nIn a statement, the tech giant said the employ\u2026 [+514 chars]"}, {"source": {"id": "rte", "name": "RTE"}, "author": "RT\u00c9 News", "title": "Informa says events delayed, cancelled due to Covid-19", "description": "Informa, the world's largest exhibitions group, said today that 128 events with an estimated revenue of \u00a3425m have been delayed or cancelled due to the coronavirus outbreak.", "url": "https://www.rte.ie/news/business/2020/0310/1121288-exhibitions-group-informa/", "urlToImage": "https://img.rasset.ie/0013d3fc-1600.jpg", "publishedAt": "2020-03-10T07:10:30Z", "content": "Informa, the world's largest exhibitions group, said today that 128 events with an estimated revenue of \u00a3425m have been delayed or cancelled due to the coronavirus outbreak.\u00a0\r\nThe rapid global spread of the coronavirus has rattled financial markets, caused su\u2026 [+900 chars]"}, {"source": {"id": "rte", "name": "RTE"}, "author": "RT\u00c9 News", "title": "TCD and DCU make changes due to Covid-19", "description": "Two third-level institutions in Dublin have decided to make changes to their schedules in reaction to the coronavirus.", "url": "https://www.rte.ie/news/coronavirus/2020/0310/1121384-education-coronavirus/", "urlToImage": "https://img.rasset.ie/000f0031-1600.jpg", "publishedAt": "2020-03-10T12:57:02Z", "content": "Two third-level institutions in Dublin have decided to make changes to their schedules in reaction to the coronavirus.\r\nDublin City University has postponed indefinitely Spring graduation ceremonies that were due to take place later this month.\u00a0\r\nIn a letter \u2026 [+1335 chars]"}]}