{"status": "ok", "totalResults": 125, "articles": [{"source": {"id": "the-times-of-india", "name": "The Times of India"}, "author": "TIMESOFINDIA.COM", "title": "Coronavirus: 218 Indians evacuated from Italy", "description": "India News: NEW DELHI: The number of confirmed coronavirus cases in India rose to 107, prompting the Centre to declare the virus outbreak a 'notified disaster'.", "url": "https://timesofindia.indiatimes.com/india/coronavirus-news-latest-updates-total-number-of-cases-in-india-rise-to-107/articleshow/74634161.cms", "urlToImage": "https://static.toiimg.com/thumb/msid-74634175,width-1070,height-580,imgsize-1225648,resizemode-75,overlay-toi_sw,pt-32,y_pad-40/photo.jpg", "publishedAt": "2020-03-15T09:40:56Z", "content": "Copyright \u00a9 2020 Bennett, Coleman &amp; Co. Ltd. All rights reserved. For reprint rights: Times Syndication Service"}, {"source": {"id": "the-times-of-india", "name": "The Times of India"}, "author": "Reuters", "title": "Donald Trump tests negative for coronavirus", "description": "Donald Trump tested negative for the coronavirus, his doctor said on Saturday, as the US president extended a travel ban to Britain and Ireland to try to slow the spread of a pandemic that has shut down much of the daily routine of American life. The U.S. pre\u2026", "url": "https://timesofindia.indiatimes.com/world/us/us-president-donald-trump-tests-negative-for-coronavirus-extends-travel-ban-to-britain-ireland/articleshow/74633928.cms", "urlToImage": "https://static.toiimg.com/thumb/msid-74633923,width-1070,height-580,imgsize-768495,resizemode-75,overlay-toi_sw,pt-32,y_pad-40/photo.jpg", "publishedAt": "2020-03-15T03:25:06Z", "content": "Copyright \u00a9 2020 Bennett, Coleman &amp; Co. Ltd. All rights reserved. For reprint rights: Times Syndication Service"}, {"source": {"id": "the-times-of-india", "name": "The Times of India"}, "author": "TNN", "title": "At 31, Maharashtra coronavirus cases jump to highest in country", "description": "Maharashtra overtook Kerala as the state with the maximum number of the novel coronavirus cases on Saturday, its count leapfrogging from 19 to 31 in a day. Kerala is at 22.", "url": "https://timesofindia.indiatimes.com/city/mumbai/coronavirus-in-maharashtra-at-31-maharashtra-covid-19-cases-jump-to-highest-in-country-four-more-test-positive-in-mumbai/articleshow/74633784.cms", "urlToImage": "https://static.toiimg.com/thumb/msid-74634050,width-1070,height-580,imgsize-51997,resizemode-75,overlay-toi_sw,pt-32,y_pad-40/photo.jpg", "publishedAt": "2020-03-15T04:47:53Z", "content": "Copyright \u00a9 2020 Bennett, Coleman &amp; Co. Ltd. All rights reserved. For reprint rights: Times Syndication Service"}, {"source": {"id": "the-times-of-india", "name": "The Times of India"}, "author": "TNN", "title": "At 31, Maharashtra coronavirus cases jump to highest in country", "description": "Maharashtra overtook Kerala as the state with the maximum number of the novel coronavirus cases on Saturday, its count leapfrogging from 19 to 31 in a day. Kerala is at 22.", "url": "https://timesofindia.indiatimes.com/city/mumbai/at-31-maharashtra-covid-19-cases-jump-to-highest-in-country-four-more-test-positive-in-mumbai/articleshow/74633784.cms", "urlToImage": "https://static.toiimg.com/thumb/msid-74634050,width-1070,height-580,imgsize-51997,resizemode-75,overlay-toi_sw,pt-32,y_pad-40/photo.jpg", "publishedAt": "2020-03-15T03:00:19Z", "content": "Copyright \u00a9 2020 Bennett, Coleman &amp; Co. Ltd. All rights reserved. For reprint rights: Times Syndication Service"}, {"source": {"id": "the-times-of-india", "name": "The Times of India"}, "author": "Reuters", "title": "Latest on spread of coronavirus around the world", "description": "Spain and France imposed stringent measures to combat the rapidly spreading coronavirus outbreak, the death toll kept climbing in China and the United States extended a travel ban.", "url": "https://timesofindia.indiatimes.com/world/europe/latest-on-the-spread-of-coronavirus-around-the-world/articleshow/74635463.cms", "urlToImage": "https://static.toiimg.com/thumb/msid-74635454,width-1070,height-580,imgsize-107768,resizemode-75,overlay-toi_sw,pt-32,y_pad-40/photo.jpg", "publishedAt": "2020-03-15T07:02:58Z", "content": "Copyright \u00a9 2020 Bennett, Coleman &amp; Co. Ltd. All rights reserved. For reprint rights: Times Syndication Service"}, {"source": {"id": "the-times-of-india", "name": "The Times of India"}, "author": "TNN", "title": "In a first, Tirupati temple cancels major services over coronavirus", "description": "The coronavirus scare has impacted Lord Balaji hill shrine atop Tirumala with the Tirumala Tirupati Devasthanams (TTD) deciding to cancel some daily and weekly rituals and restrict congregation of pilgrims for religious events.", "url": "https://timesofindia.indiatimes.com/city/vijayawada/in-a-first-tirupati-temple-cancels-major-services-over-covid-19/articleshow/74634279.cms", "urlToImage": "https://static.toiimg.com/thumb/msid-74634308,width-1070,height-580,imgsize-123152,resizemode-75,overlay-toi_sw,pt-32,y_pad-40/photo.jpg", "publishedAt": "2020-03-15T04:27:51Z", "content": "Copyright \u00a9 2020 Bennett, Coleman &amp; Co. Ltd. All rights reserved. For reprint rights: Times Syndication Service"}, {"source": {"id": "the-times-of-india", "name": "The Times of India"}, "author": "Reuters", "title": "China tightens airport checks as imported coronavirus cases tick up", "description": "China, where the epidemic began in December, appears to now face a greater threat of new infections from outside its borders as it continues to slow the spread of the virus domestically. Over a hundred countries have reported infections.", "url": "https://economictimes.indiatimes.com/news/international/world-news/china-tightens-airport-checks-as-imported-coronavirus-cases-tick-up/articleshow/74635063.cms", "urlToImage": "https://img.etimg.com/thumb/msid-74635087,width-1070,height-580,imgsize-673913,overlay-economictimes/photo.jpg", "publishedAt": "2020-03-15T06:12:19Z", "content": "SHANGHAI/BEIJING: China tightened checks on international travellers arriving at Beijing airport on Sunday, after the number of imported new coronavirus infections surpassed locally transmitted cases for a second day in a row.\r\nChina, where the epidemic began\u2026 [+3872 chars]"}, {"source": {"id": "the-times-of-india", "name": "The Times of India"}, "author": "AFP", "title": "Spain, France impose tight controls as coronavirus infections pass 150,000", "description": "Following Italy's move last week, Spain on Saturday imposed a near-total nationwide lockdown, banning people from leaving home except to go to work, get medical care or buy food.", "url": "https://economictimes.indiatimes.com/news/international/world-news/spain-france-impose-tight-controls-as-coronavirus-infections-pass-150000/articleshow/74636022.cms", "urlToImage": "https://img.etimg.com/thumb/msid-74636055,width-1070,height-580,imgsize-904675,overlay-economictimes/photo.jpg", "publishedAt": "2020-03-15T08:18:19Z", "content": "PARIS: France pressed on with local elections Sunday despite having closed bars and restaurants, as more nations imposed tight restrictions to try and contain the coronavirus that has infected more than 150,000 around the world.\r\nFollowing Italy's move last w\u2026 [+5061 chars]"}, {"source": {"id": "the-times-of-india", "name": "The Times of India"}, "author": "New York Times", "title": "Trump oversold a Google website to fight coronavirus", "description": "Verily was developing a website that could let people evaluate their symptoms and direct them to nearby \u201cdrive through\u201d locations for testing. Desperate to tap the private sector to satisfy the public\u2019s demands for a more robust response to the rapidly spread\u2026", "url": "https://economictimes.indiatimes.com/news/international/world-news/trump-oversold-a-google-website-to-fight-coronavirus/articleshow/74639172.cms", "urlToImage": "https://img.etimg.com/thumb/msid-74639151,width-1070,height-580,imgsize-101211,overlay-economictimes/photo.jpg", "publishedAt": "2020-03-15T13:21:42Z", "content": "By Michael D. Shear and Daisuke WakabayashiIt started as a series of conversations this past week between officials working with Jared Kushner, the president\u2019s son-in-law, and the chief executive of Verily, a life sciences subsidiary of Google\u2019s parent compan\u2026 [+8588 chars]"}, {"source": {"id": "the-times-of-india", "name": "The Times of India"}, "author": "PTI", "title": "Health minister Harsh Vardhan reviews actions taken to prevent, contain coronavirus", "description": "According to a health ministry statement, Vardhan was apprised of the emerging international and national status of COVID-19 at the meeting as he took stock of the status and preparedness of the states and UTs in terms of quarantine facilities, isolation ward\u2026", "url": "https://economictimes.indiatimes.com/news/politics-and-nation/health-minister-harsh-vardhan-reviews-actions-taken-to-prevent-contain-coronavirus/articleshow/74640467.cms", "urlToImage": "https://img.etimg.com/thumb/msid-74640422,width-1070,height-580,imgsize-255378,overlay-economictimes/photo.jpg", "publishedAt": "2020-03-15T15:18:27Z", "content": "NEW DELHI: Union health minister Harsh Vardhan reviewed on Sunday the status of actions taken by the states and Union territories for prevention and containment of coronavirus and directed officials to scale up the capacity of the round-the-clock control room\u2026 [+3115 chars]"}, {"source": {"id": "the-times-of-india", "name": "The Times of India"}, "author": "PTI", "title": "Coronavirus: Delhi government orders all mini buses to be disinfected daily", "description": "The transport department has issued an order directing the owners of mini buses plying in the national capital to wash and disinfect their vehicles every day.", "url": "https://economictimes.indiatimes.com/news/politics-and-nation/coronavirus-delhi-government-orders-all-mini-buses-to-be-disinfected-daily/articleshow/74637018.cms", "urlToImage": "https://img.etimg.com/thumb/msid-74637122,width-1070,height-580,imgsize-1039627,overlay-economictimes/photo.jpg", "publishedAt": "2020-03-15T10:17:00Z", "content": "NEW DELHI: The Delhi government has ordered all mini buses to be disinfected daily in order to prevent the spread of coronavirus in the city where seven COVID-19 cases and one death have been reported so far. The government had recently also ordered the agenc\u2026 [+807 chars]"}, {"source": {"id": "the-times-of-india", "name": "The Times of India"}, "author": "Bangalore Mirror", "title": "Coronavirus outbreak in Bengaluru: Go WFH, tech firms told - Bangalore Mirror", "description": "Deputy Chief Minister of Karnataka and IT &BT minister Dr CN Ashwath Narayan on Saturday urged the IT companies yet again to allow their employees to work from home considering that over three patien", "url": "https://bangaloremirror.indiatimes.com/bangalore/others/coronavirus-outbreak-in-bengaluru-go-wfh-tech-firms-told/articleshow/74632049.cms", "urlToImage": "https://static.toiimg.com/photo/imgsize-1572656,msid-74632154/74632154.jpg", "publishedAt": "2020-03-15T00:34:25Z", "content": "Deputy Chief Minister of Karnataka and IT &amp;BT minister Dr CN Ashwath Narayan\r\n on Saturday urged the IT companies yet again to allow their employees to work from home considering that over three patients already tested positive for coronavirus\r\n. He said,\u2026 [+2084 chars]"}, {"source": {"id": "the-times-of-india", "name": "The Times of India"}, "author": "TIMESOFINDIA.COM", "title": "Coronavirus: Most commonly asked questions - Times of India", "description": "We have made it easier for everyone and answered almost every question regarding the pandemic. Here is everything y", "url": "https://timesofindia.indiatimes.com/life-style/health-fitness/health-news/coronavirus-most-commonly-asked-questions/articleshow/74636483.cms", "urlToImage": "https://static.toiimg.com/photo/msid-74636483/74636483.jpg?185417", "publishedAt": "2020-03-15T13:43:07Z", "content": "With so many myths, rumors and questions floating around regarding the coronavirus, people have a lot of questions in their mind regarding it. We have made it easier for everyone and answered almost every question regarding the pandemic. Here is everything yo\u2026 [+4958 chars]"}, {"source": {"id": "the-times-of-india", "name": "The Times of India"}, "author": "TIMESOFINDIA.COM", "title": "Coronavirus prevention: How to disinfect your phones - Times of India", "description": "Coronavirus prevention: How to disinfect your phones Times of India Washing your hands isn't enough to beat coronavirus, here's one more thing you must do! The New Indian Express How to clean the bundle of germs that is on your phone The Hindu Coronavirus Out\u2026", "url": "https://timesofindia.indiatimes.com/life-style/health-fitness/health-news/coronavirus-prevention-how-to-disinfect-your-phones/articleshow/74636626.cms", "urlToImage": "https://static.toiimg.com/photo/msid-74636626/74636626.jpg?306127", "publishedAt": "2020-03-15T13:43:14Z", "content": "Amid the coronavirus outbreak, medical advisories urge people to maintain personal hygiene by washing their hands regularly and not touching their face and mouth too often. However, the one thing that touches your face more than your hands is your phone. Stud\u2026 [+3405 chars]"}, {"source": {"id": "the-times-of-india", "name": "The Times of India"}, "author": "PTI", "title": "Son of woman who died due to coronavirus in Delhi stable - Times of India", "description": "Son of woman who died due to coronavirus in Delhi stable Times of India Son of West Delhi Woman Who Died Due to Coronavirus Stable, Undergoing Treatment at Safdarjung Hosp News18 Delhi's 7th Covid-19 case: Son of woman who died due to coronavirus Livemint Del\u2026", "url": "https://timesofindia.indiatimes.com/city/delhi/son-of-woman-who-died-due-to-coronavirus-in-delhi-stable/articleshow/74637371.cms", "urlToImage": "https://static.toiimg.com/thumb/msid-74637359,width-1070,height-580,imgsize-55380,resizemode-75,overlay-toi_sw,pt-32,y_pad-40/photo.jpg", "publishedAt": "2020-03-15T12:23:13Z", "content": "Copyright \u00a9 2020 Bennett, Coleman &amp; Co. Ltd. All rights reserved. For reprint rights: Times Syndication Service"}, {"source": {"id": "the-times-of-india", "name": "The Times of India"}, "author": null, "title": "Coronavirus outbreak: Apple Stores outside of China to remain closed until March 27 - Economic Times", "description": "All Apple Stores outside of Greater China will be closed until March 27, company CEO Tim Cook said in a statement. In the press statement, Cook outlined the tech giant's efforts at curbing the spread of COVID-19 pandemic. The online stores will remain open an\u2026", "url": "https://economictimes.indiatimes.com/news/international/world-news/coronavirus-outbreak-apple-stores-outside-of-china-to-remain-closed-until-march-27/videoshow/74633860.cms", "urlToImage": "https://img.etimg.com/thumb/msid-74633860,width-1070,height-580,overlay-economictimes/photo.jpg", "publishedAt": "2020-03-15T03:12:00Z", "content": "All Apple Stores outside of Greater China will be closed until March 27, company CEO Tim Cook said in a statement. In the press statement, Cook outlined the tech giant's efforts at curbing the spread of COVID-19 pandemic. The online stores will remain open an\u2026 [+407 chars]"}, {"source": {"id": "the-times-of-india", "name": "The Times of India"}, "author": "TNN", "title": "Coronavirus scare: Andhra Pradesh local body elections postponed for 6 weeks - Times of India", "description": "Coronavirus scare: Andhra Pradesh local body elections postponed for 6 weeks Times of India Andhra Pradesh defers local body polls by 6 weeks due to coronavirus threat Hindustan Times Civic Elections In Andhra Pradesh Put On Hold Amid Coronavirus Outbreak NDT\u2026", "url": "https://timesofindia.indiatimes.com/city/amaravati/coronavirus-scare-andhra-pradesh-local-elections-postponed-for-6-weeks/articleshow/74635173.cms", "urlToImage": "https://static.toiimg.com/thumb/msid-74635216,width-1070,height-580,imgsize-399078,resizemode-75,overlay-toi_sw,pt-32,y_pad-40/photo.jpg", "publishedAt": "2020-03-15T08:11:36Z", "content": "Copyright \u00a9 2020 Bennett, Coleman &amp; Co. Ltd. All rights reserved. For reprint rights: Times Syndication Service"}, {"source": {"id": "the-times-of-india", "name": "The Times of India"}, "author": null, "title": "Coronavirus prevention: How to disinfect your phone | Lifestyle - Times of India", "description": "Amid the coronavirus outbreak, medical advisories urge people to maintain personal hygiene by washing their hands regularly and not touching their face and mouth too often. However, the one thing that touches your face more than your hands is your phone. Stud\u2026", "url": "https://timesofindia.indiatimes.com/videos/lifestyle/health-fitness/coronavirus-prevention-how-to-disinfect-your-phone/videoshow/74635364.cms", "urlToImage": "https://timesofindia.indiatimes.com/photo/74635364/size-264502/74635364.jpg", "publishedAt": "2020-03-15T06:50:00Z", "content": "Amid the coronavirus outbreak, medical advisories urge people to maintain personal hygiene by washing their hands regularly and not touching their face and mouth too often. However, the one thing that touches your face more than your hands is your phone. Stud\u2026 [+297 chars]"}, {"source": {"id": "the-times-of-india", "name": "The Times of India"}, "author": "TNN", "title": "Coronavirus case in Hyderabad: One more tests positive; 2 samples sent to National Institute of Virology - Times of India", "description": "Coronavirus case in Hyderabad: One more tests positive; 2 samples sent to National Institute of Virology Times of India Coronavirus: Schools, movie theatres to be closed in Telangana until 31 March Livemint Patient who returned from Italy is second coronaviru\u2026", "url": "https://timesofindia.indiatimes.com/city/hyderabad/coronavirus-case-in-hyderabad-one-more-tests-positive-2-samples-sent-to-national-institute-of-virology/articleshow/74633203.cms", "urlToImage": "https://static.toiimg.com/thumb/msid-74633216,width-1070,height-580,imgsize-26572,resizemode-75,overlay-toi_sw,pt-32,y_pad-40/photo.jpg", "publishedAt": "2020-03-15T01:41:04Z", "content": "Copyright \u00a9 2020 Bennett, Coleman &amp; Co. Ltd. All rights reserved. For reprint rights: Times Syndication Service"}, {"source": {"id": "the-times-of-india", "name": "The Times of India"}, "author": "PTI", "title": "Coronavirus: Mumbai cops invoke Section 144 to ban group tours", "description": "India News: MUMBAI: In the wake of coronavirus scare, the Mumbai Police on Sunday invoked section 144 of the CrPC to prohibit tour operators from conducting any k.", "url": "https://timesofindia.indiatimes.com/india/coronavirus-mumbai-cops-invoke-section-144-to-ban-group-tours/articleshow/74636940.cms", "urlToImage": "https://static.toiimg.com/thumb/msid-74636991,width-1070,height-580,imgsize-159920,resizemode-75,overlay-toi_sw,pt-32,y_pad-40/photo.jpg", "publishedAt": "2020-03-15T09:53:59Z", "content": "Copyright \u00a9 2020 Bennett, Coleman &amp; Co. Ltd. All rights reserved. For reprint rights: Times Syndication Service"}, {"source": {"id": "the-times-of-india", "name": "The Times of India"}, "author": "PTI", "title": "Coronavirus cases in country rise to 110: MHA", "description": "The number of novel coronavirus cases in the country rose to 110 on Sunday with Uttarakhand reporting its first case and one fresh case each in Maharashtra and Uttar Pradesh, the Union health ministry said.", "url": "https://timesofindia.indiatimes.com/india/coronavirus-cases-in-country-rise-to-110-mha/articleshow/74643164.cms", "urlToImage": "https://static.toiimg.com/thumb/msid-74643195,width-1070,height-580,imgsize-1382798,resizemode-75,overlay-toi_sw,pt-32,y_pad-40/photo.jpg", "publishedAt": "2020-03-15T18:38:58Z", "content": "Copyright \u00a9 2020 Bennett, Coleman &amp; Co. Ltd. All rights reserved. For reprint rights: Times Syndication Service"}, {"source": {"id": "the-times-of-india", "name": "The Times of India"}, "author": "PTI", "title": "No curtains, blankets in trains amid coronavirus outbreak: Railways", "description": "India News: NEW DELHI: In the wake of the coronavirus outbreak, the Indian Railways has issued orders to all its zones to withdraw blankets and curtains from AC c.", "url": "https://timesofindia.indiatimes.com/india/no-curtains-blankets-in-trains-amid-coronavirus-outbreak-railways/articleshow/74641191.cms", "urlToImage": "https://static.toiimg.com/thumb/msid-74641244,width-1070,height-580,imgsize-159199,resizemode-75,overlay-toi_sw,pt-32,y_pad-40/photo.jpg", "publishedAt": "2020-03-15T16:26:26Z", "content": "Copyright \u00a9 2020 Bennett, Coleman &amp; Co. Ltd. All rights reserved. For reprint rights: Times Syndication Service"}, {"source": {"id": "the-times-of-india", "name": "The Times of India"}, "author": "PTI", "title": "Coronavirus: 2,157 persons put under surveillance in J&K", "description": "The Jammu and Kashmir administration on Sunday said 2,157 people -- travellers and persons in contact with suspected coronavirus cases -- have been put under surveillance in the union territory. According to the daily media bulletin on novel coronavirus (COVI\u2026", "url": "https://timesofindia.indiatimes.com/india/coronavirus-2157-persons-put-under-surveillance-in-jk/articleshow/74639875.cms", "urlToImage": "https://static.toiimg.com/thumb/msid-74639904,width-1070,height-580,imgsize-1750714,resizemode-75,overlay-toi_sw,pt-32,y_pad-40/photo.jpg", "publishedAt": "2020-03-15T14:04:56Z", "content": null}, {"source": {"id": "the-times-of-india", "name": "The Times of India"}, "author": "TIMESOFINDIA.COM", "title": "PM Modi, Saarc leaders discuss coronavirus pandemic: Key points", "description": "India News: NEW DELHI: Prime Minister Narendra Modi on Sunday addressed a video-conference attended by the South Asian Association for Regional Cooperation (SAARC.", "url": "https://timesofindia.indiatimes.com/india/pm-modi-saarc-leaders-discuss-coronavirus-pandemic-key-points/articleshow/74637772.cms", "urlToImage": "https://static.toiimg.com/thumb/msid-74637905,width-1070,height-580,imgsize-817571,resizemode-75,overlay-toi_sw,pt-32,y_pad-40/photo.jpg", "publishedAt": "2020-03-15T11:20:48Z", "content": "Copyright \u00a9 2020 Bennett, Coleman &amp; Co. Ltd. All rights reserved. For reprint rights: Times Syndication Service"}, {"source": {"id": "the-times-of-india", "name": "The Times of India"}, "author": "ANI", "title": "Positive coronavirus cases rise to 107 in India", "description": "With 14 new positive cases of coronavirus, India's tally has reached 107, informed the Union Ministry of health and family welfare on Sunday. \u200b\u200bThe victims include foreign nationals, the Centre further stated. Notably, a couple of states such as Uttar Pradesh\u2026", "url": "https://timesofindia.indiatimes.com/india/coronavirus-cases-in-india-positive-coronavirus-cases-rises-to-107-in-india/articleshow/74636504.cms", "urlToImage": "https://static.toiimg.com/thumb/msid-74636546,width-1070,height-580,imgsize-323203,resizemode-75,overlay-toi_sw,pt-32,y_pad-40/photo.jpg", "publishedAt": "2020-03-15T13:02:56Z", "content": "Copyright \u00a9 2020 Bennett, Coleman &amp; Co. Ltd. All rights reserved. For reprint rights: Times Syndication Service"}, {"source": {"id": "the-times-of-india", "name": "The Times of India"}, "author": "PTI", "title": "IIM-K postpones convocation in wake of coronavirus scare", "description": "In the wake of the coronavirus scare, the Indian Institute of Management, Kozhikode (IIM-K) has indefinitely postponed its annual convocation, which was to be held on April 4. The two-day ceremony was toPTbegin from April 3 with a pre-convocation cultural nig\u2026", "url": "https://timesofindia.indiatimes.com/india/iim-k-postpones-convocation-in-wake-of-coronavirus-scare/articleshow/74640273.cms", "urlToImage": "https://static.toiimg.com/thumb/msid-47529300,width-1070,height-580,imgsize-110164,resizemode-75,overlay-toi_sw,pt-32,y_pad-40/photo.jpg", "publishedAt": "2020-03-15T14:42:27Z", "content": "Copyright \u00a9 2020 Bennett, Coleman &amp; Co. Ltd. All rights reserved. For reprint rights: Times Syndication Service"}, {"source": {"id": "the-times-of-india", "name": "The Times of India"}, "author": "ANI", "title": "Coronavirus: Do not kiss Holy Cross, says Archbishop Goa", "description": "In order to help prevent the spread of coronavirus, the Roman Catholic Church in Goa on Saturday issued advisory asking people to not kiss the Holy Cross and urged priests to purify their hands with sanitizer. The advisory issued by Archbishop of Goa Daman an\u2026", "url": "https://timesofindia.indiatimes.com/india/coronavirus-do-not-kiss-holy-cross-says-archbishop-goa/articleshow/74634620.cms", "urlToImage": "https://static.toiimg.com/thumb/msid-74634658,width-1070,height-580,imgsize-1240640,resizemode-75,overlay-toi_sw,pt-32,y_pad-40/photo.jpg", "publishedAt": "2020-03-15T04:54:20Z", "content": "Copyright \u00a9 2020 Bennett, Coleman &amp; Co. Ltd. All rights reserved. For reprint rights: Times Syndication Service"}, {"source": {"id": "the-times-of-india", "name": "The Times of India"}, "author": "ANI", "title": "Positive coronavirus cases rises to 107 in India", "description": "With 14 new positive cases of coronavirus, India's tally has reached 107, informed the Union Ministry of health and family welfare on Sunday. \u200b\u200bThe victims include foreign nationals, the Centre further stated. Notably, a couple of states such as Uttar Pradesh\u2026", "url": "https://timesofindia.indiatimes.com/india/positive-coronavirus-cases-rises-to-107-in-india/articleshow/74636504.cms", "urlToImage": "https://static.toiimg.com/thumb/msid-74636546,width-1070,height-580,imgsize-323203,resizemode-75,overlay-toi_sw,pt-32,y_pad-40/photo.jpg", "publishedAt": "2020-03-15T09:03:44Z", "content": null}, {"source": {"id": "the-times-of-india", "name": "The Times of India"}, "author": "PTI", "title": "CJI rules out complete shutdown of SC amid coronavirus threat", "description": "Chief Justice of India S A Bobde on Sunday made it clear that there cannot be a \"complete shutdown\" of courts due the novel coronavirus pandemic. The CJI held a meeting with four apex court judges, bar leaders of the Supreme Court Advocates-on-Record Associat\u2026", "url": "https://timesofindia.indiatimes.com/india/cji-rules-out-complete-shutdown-of-sc-amid-coronavirus-threat/articleshow/74642779.cms", "urlToImage": "https://static.toiimg.com/thumb/msid-74642801,width-1070,height-580,imgsize-1597454,resizemode-75,overlay-toi_sw,pt-32,y_pad-40/photo.jpg", "publishedAt": "2020-03-15T18:12:56Z", "content": "Copyright \u00a9 2020 Bennett, Coleman &amp; Co. Ltd. All rights reserved. For reprint rights: Times Syndication Service"}, {"source": {"id": "the-times-of-india", "name": "The Times of India"}, "author": "TIMESOFINDIA.COM", "title": "Australian PM commends PM Modi's proposal for cooperation among G20 members to fight coronavirus", "description": "India News: NEW DELHI: Australian Prime Minister Scott Morrison on Sunday commended Prime Minister Narendra Modi's proposal of bringing all G20 members on the sam.", "url": "https://timesofindia.indiatimes.com/india/australian-pm-commends-pm-modis-proposal-for-cooperation-among-g20-members-to-fight-coronavirus/articleshow/74638156.cms", "urlToImage": "https://static.toiimg.com/thumb/msid-74638326,width-1070,height-580,imgsize-788137,resizemode-75,overlay-toi_sw,pt-32,y_pad-40/photo.jpg", "publishedAt": "2020-03-15T11:47:39Z", "content": "Copyright \u00a9 2020 Bennett, Coleman &amp; Co. Ltd. All rights reserved. For reprint rights: Times Syndication Service"}, {"source": {"id": "the-times-of-india", "name": "The Times of India"}, "author": "PTI", "title": "PM Modi speaks to Maharashtra CM Uddhav Thackeray on coronavirus mitigation efforts", "description": "India News: MUMBAI: Prime Minister Narendra Modi spoke to Maharashtra chief minister Uddhav Thackeray on Saturday to discuss the state's preparedness to tackle th.", "url": "https://timesofindia.indiatimes.com/india/pm-modi-speaks-to-maharashtra-cm-uddhav-thackeray-on-coronavirus-mitigation-efforts/articleshow/74637362.cms", "urlToImage": "https://static.toiimg.com/thumb/msid-74637360,width-1070,height-580,imgsize-249520,resizemode-75,overlay-toi_sw,pt-32,y_pad-40/photo.jpg", "publishedAt": "2020-03-15T10:28:41Z", "content": null}, {"source": {"id": "the-times-of-india", "name": "The Times of India"}, "author": "PTI", "title": "Coronavirus: Advisory issued for pilgrims visiting Vaishno Devi shrine in J&K", "description": "The Shri Mata Vaishno Devi Shrine Board (SMVDSB) on Sunday issued an advisory asking non-resident Indians and foreigners not to visit the temple for 28 days after landing in India in the wake of the coronavirus threat.", "url": "https://timesofindia.indiatimes.com/india/coronavirus-advisory-issued-for-pilgrims-visiting-vaishno-devi-shrine-in-jk/articleshow/74640827.cms", "urlToImage": "https://static.toiimg.com/thumb/msid-74640893,width-1070,height-580,imgsize-281331,resizemode-75,overlay-toi_sw,pt-32,y_pad-40/photo.jpg", "publishedAt": "2020-03-15T15:45:22Z", "content": "Copyright \u00a9 2020 Bennett, Coleman &amp; Co. Ltd. All rights reserved. For reprint rights: Times Syndication Service"}, {"source": {"id": "the-times-of-india", "name": "The Times of India"}, "author": "TIMESOFINDIA.COM", "title": "Coronavirus outbreak latest updates: Saarc leaders to plan today ways to fight virus", "description": "India News: NEW DELHI: The count of those infected by the novel coronavirus countrywide touched 100, according to reports from the states, though the Union home m.", "url": "https://timesofindia.indiatimes.com/india/coronavirus-outbreak-latest-updates/articleshow/74634161.cms", "urlToImage": "https://static.toiimg.com/thumb/msid-74634175,width-1070,height-580,imgsize-1225648,resizemode-75,overlay-toi_sw,pt-32,y_pad-40/photo.jpg", "publishedAt": "2020-03-15T03:48:47Z", "content": "Copyright \u00a9 2020 Bennett, Coleman &amp; Co. Ltd. All rights reserved. For reprint rights: Times Syndication Service"}, {"source": {"id": "the-times-of-india", "name": "The Times of India"}, "author": "PTI", "title": "PM Modi participates in SAARC video conference to formulate joint strategy to combat coronavirus", "description": "India News: NEW DELHI: Prime Minister Narendra Modi along with leaders and representatives from SAARC nations participated in a video conference to chalk out a jo.", "url": "https://timesofindia.indiatimes.com/india/pm-modi-participates-in-saarc-video-conference-to-formulate-joint-strategy-to-combat-coronavirus/articleshow/74638231.cms", "urlToImage": "https://static.toiimg.com/thumb/msid-74638233,width-1070,height-580,imgsize-178105,resizemode-75,overlay-toi_sw,pt-32,y_pad-40/photo.jpg", "publishedAt": "2020-03-15T11:45:34Z", "content": "Copyright \u00a9 2020 Bennett, Coleman &amp; Co. Ltd. All rights reserved. For reprint rights: Times Syndication Service"}, {"source": {"id": "the-times-of-india", "name": "The Times of India"}, "author": "PTI", "title": "Health minister Harsh Vardhan reviews actions taken to prevent, contain coronavirus", "description": "According to a health ministry statement, Vardhan was apprised of the emerging international and national status of COVID-19 at the meeting as he took stock of the status and preparedness of the states and UTs in terms of quarantine facilities, isolation ward\u2026", "url": "https://timesofindia.indiatimes.com/india/health-minister-harsh-vardhan-reviews-actions-taken-to-prevent-contain-coronavirus/articleshow/74640413.cms", "urlToImage": "https://static.toiimg.com/thumb/msid-74640422,width-1070,height-580,imgsize-255378,resizemode-75,overlay-toi_sw,pt-32,y_pad-40/photo.jpg", "publishedAt": "2020-03-15T14:55:28Z", "content": "Copyright \u00a9 2020 Bennett, Coleman &amp; Co. Ltd. All rights reserved. For reprint rights: Times Syndication Service"}, {"source": {"id": "the-times-of-india", "name": "The Times of India"}, "author": "PTI", "title": "Coronavirus: Paramilitary forces asked to keep quarantine camps ready, MoS Home says", "description": "All paramilitary forces, including the CRPF, the ITBP, and the BSF, have been advised to keep ready quarantine camps for COVID-19 suspects as a preparatory measure, Minister of State for Home G Kishan Reddy said here on Sunday.", "url": "https://timesofindia.indiatimes.com/india/coronavirus-paramilitary-forces-asked-to-keep-quarantine-camps-ready-mos-home/articleshow/74636769.cms", "urlToImage": "https://static.toiimg.com/thumb/msid-74636778,width-1070,height-580,imgsize-107342,resizemode-75,overlay-toi_sw,pt-32,y_pad-40/photo.jpg", "publishedAt": "2020-03-15T09:32:51Z", "content": "Copyright \u00a9 2020 Bennett, Coleman &amp; Co. Ltd. All rights reserved. For reprint rights: Times Syndication Service"}, {"source": {"id": "the-times-of-india", "name": "The Times of India"}, "author": "PTI", "title": "UK national tests positive for coronavirus; All 289 passengers offloaded at Kochi airport", "description": "At least 289 passengers of a Dubai-bound flight were offloaded at the airport here on Sunday shortly before takeoff after a UK national among them tested positive for novel coronavirus. The passenger belonged to a group of 19 holidaying in the hill resort tow\u2026", "url": "https://timesofindia.indiatimes.com/india/uk-national-tests-positive-for-coronavirus-all-289-passengers-offloaded-at-kochi-airport/articleshow/74635163.cms", "urlToImage": "https://static.toiimg.com/thumb/msid-74635177,width-1070,height-580,imgsize-67857,resizemode-75,overlay-toi_sw,pt-32,y_pad-40/photo.jpg", "publishedAt": "2020-03-15T06:10:03Z", "content": null}, {"source": {"id": "the-times-of-india", "name": "The Times of India"}, "author": "PTI", "title": "Modi proposes SAARC fund to tackle coronavirus, lays stress on joint efforts", "description": "Making a strong pitch for SAARC nations to jointly combat coronavirus, PM Modi on Sunday proposed setting up a COVID-19 emergency fund with India committing USD 10 million initially for it, and asserted that the best way to deal with the pandemic was by comin\u2026", "url": "https://timesofindia.indiatimes.com/india/modi-proposes-saarc-fund-to-tackle-coronavirus-lays-stress-on-joint-efforts/articleshow/74639488.cms", "urlToImage": "https://static.toiimg.com/thumb/msid-74639494,width-1070,height-580,imgsize-1100982,resizemode-75,overlay-toi_sw,pt-32,y_pad-40/photo.jpg", "publishedAt": "2020-03-15T13:31:17Z", "content": "Copyright \u00a9 2020 Bennett, Coleman &amp; Co. Ltd. All rights reserved. For reprint rights: Times Syndication Service"}, {"source": {"id": "the-times-of-india", "name": "The Times of India"}, "author": "ANI", "title": "Covid-19 reported from J&K, lockdown must be lifted immediately: Pakistan at Saarc video conference on coronavirus", "description": "India News: NEW DELHI: Pakistan on Sunday raised the Kashmir issue during a video conference with leaders of Saarc nations, saying that it is imperative that the .", "url": "https://timesofindia.indiatimes.com/india/covid-19-reported-from-jk-lockdown-must-be-lifted-immediately-pakistan-at-saarc-video-conference-on-coronavirus/articleshow/74639961.cms", "urlToImage": "https://static.toiimg.com/thumb/msid-74639962,width-1070,height-580,imgsize-142803,resizemode-75,overlay-toi_sw,pt-32,y_pad-40/photo.jpg", "publishedAt": "2020-03-15T14:10:56Z", "content": "Copyright \u00a9 2020 Bennett, Coleman &amp; Co. Ltd. All rights reserved. For reprint rights: Times Syndication Service"}, {"source": {"id": "the-times-of-india", "name": "The Times of India"}, "author": "Bloomberg", "title": "Coronavirus pandemic puts US Fed on rapid route to zero", "description": "The US central bank is facing calls to slash borrowing costs to zero at or before Wednesday\u2019s decision.", "url": "https://economictimes.indiatimes.com/markets/stocks/news/coronavirus-pandemic-puts-us-fed-on-rapid-route-to-zero/articleshow/74636988.cms", "urlToImage": "https://img.etimg.com/thumb/msid-74636995,width-1070,height-580,imgsize-1558757,overlay-etmarkets/photo.jpg", "publishedAt": "2020-03-15T10:17:28Z", "content": "By David GoodmanWith the coronavirus outbreak rewriting the rules of the global economy, the Federal Reserve is under increasing pressure to keep the flow of support coming this week.\r\nThe US central bank is facing calls to slash borrowing costs to zero at or\u2026 [+4477 chars]"}, {"source": {"id": "the-times-of-india", "name": "The Times of India"}, "author": "Shelley Singh", "title": "We believe in wellness before business: H Soin, Chief People Officer, Tech Mahindra, on tackling Coronavirus", "description": "At Tech Mahindra, we strongly believe in \u201cWellness before Business\u201d, which is why amidst the current Coronavirus outbreak, our focus is on ensuring the well-being of all our employees and partner ecosystem. We are working towards ensuring that our employees a\u2026", "url": "https://economictimes.indiatimes.com/tech/ites/we-believe-in-wellness-before-business-h-soin-chief-people-officer-tech-mahindra-on-tackling-coronavirus/articleshow/74634949.cms", "urlToImage": "https://img.etimg.com/thumb/msid-74634874,width-1070,height-580,imgsize-245671,overlay-economictimes/photo.jpg", "publishedAt": "2020-03-15T05:53:45Z", "content": "With coronavirus spreading fast, companies are trying hard to keep employees safe with options like working from home and using tech tools to collaborate. For IT services companies with global operations supporting clients across geographies it\u2019s a daunting t\u2026 [+2438 chars]"}, {"source": {"id": "the-times-of-india", "name": "The Times of India"}, "author": "Shelley Singh", "title": "We believe in wellness before business: H Soin, Chief People Officer, Tech Mahindra, on tackling Coronavirus", "description": "At Tech Mahindra, we strongly believe in \u201cWellness before Business\u201d, which is why amidst the current Coronavirus outbreak, our focus is on ensuring the well-being of all our employees and partner ecosystem. We are working towards ensuring that our employees a\u2026", "url": "https://economictimes.indiatimes.com/tech/ites/we-believe-in-wellness-before-business-h-soin-chief-people-officer-tech-mahindra-on-tackling-coronavirus/articleshow/74634866.cms", "urlToImage": "https://img.etimg.com/thumb/msid-74634874,width-1070,height-580,imgsize-245671,overlay-economictimes/photo.jpg", "publishedAt": "2020-03-15T05:53:45Z", "content": "With coronavirus spreading fast, companies are trying hard to keep employees safe with options like working from home and using tech tools to collaborate. For IT services companies with global operations supporting clients across geographies it\u2019s a daunting t\u2026 [+2438 chars]"}, {"source": {"id": "the-times-of-india", "name": "The Times of India"}, "author": "ANI", "title": "Spanish PM's wife tests positive for coronavirus", "description": "Begona Gomez, the wife of Spanish Prime Minister Pedro Sanchez, was tested positive for coronavirus on Sunday. The condition of both the Prime Minister and his wife are assessed as \"good\". Both are now in their residence, following the health authorities' adv\u2026", "url": "https://timesofindia.indiatimes.com/world/europe/spanish-pms-wife-tests-positive-for-coronavirus/articleshow/74633990.cms", "urlToImage": "https://static.toiimg.com/thumb/msid-74633988,width-1070,height-580,imgsize-1092735,resizemode-75,overlay-toi_sw,pt-32,y_pad-40/photo.jpg", "publishedAt": "2020-03-15T03:15:33Z", "content": "Copyright \u00a9 2020 Bennett, Coleman &amp; Co. Ltd. All rights reserved. For reprint rights: Times Syndication Service"}, {"source": {"id": "the-times-of-india", "name": "The Times of India"}, "author": "Reuters", "title": "Taiwan reports six new coronavirus cases", "description": "While Taiwan has won plaudits from international experts for its early prevention measures to stop the spread of the virus, it has now stepped up measures to stop cases being brought back to the island from other countries. The total tally in Taiwan is at pre\u2026", "url": "https://timesofindia.indiatimes.com/world/rest-of-world/taiwan-reports-six-new-coronavirus-cases-in-largest-single-day-rise-all-imported/articleshow/74635386.cms", "urlToImage": "https://static.toiimg.com/thumb/msid-74635445,width-1070,height-580,imgsize-788210,resizemode-75,overlay-toi_sw,pt-32,y_pad-40/photo.jpg", "publishedAt": "2020-03-15T06:44:12Z", "content": "Copyright \u00a9 2020 Bennett, Coleman &amp; Co. Ltd. All rights reserved. For reprint rights: Times Syndication Service"}, {"source": {"id": "the-times-of-india", "name": "The Times of India"}, "author": "Shubham Raj", "title": "Coronavirus updates, SBI Card listing among key factors that may guide Dalal Street this week", "description": "SBI Cards and Payments (SBI Card) is scheduled to debut on the bourses on Monday.", "url": "https://economictimes.indiatimes.com/markets/stocks/news/coronavirus-updates-sbi-card-listing-among-key-factors-that-may-guide-dalal-street-this-week/articleshow/74634286.cms", "urlToImage": "https://img.etimg.com/thumb/msid-74634283,width-1070,height-580,imgsize-1536167,overlay-etmarkets/photo.jpg", "publishedAt": "2020-03-15T04:24:01Z", "content": "NEW DELHI: Indian stock market plunged into bear territory last week after the coronavirus outbreak was termed a pandemic and the US suspended travel from Europe, threatening more disruptions to the business and the world economy.\r\nThe news around the pathoge\u2026 [+6078 chars]"}, {"source": {"id": "the-times-of-india", "name": "The Times of India"}, "author": "TIMESOFINDIA.COM", "title": "Coronavirus: Big B cancels his Sunday meet", "description": "Bollywood megastar Amitabh Bachchan has urged his fans not to come at the Jalsa gate for the 'Sunday meet'.", "url": "https://timesofindia.indiatimes.com/entertainment/hindi/bollywood/news/coronavirus-pandemic-amitabh-bachchan-urges-fans-not-to-come-to-jalsa-gate-for-the-sunday-meet/articleshow/74635581.cms", "urlToImage": "https://static.toiimg.com/photo/msid-74635581/74635581.jpg?633204", "publishedAt": "2020-03-15T06:57:02Z", "content": null}, {"source": {"id": "the-times-of-india", "name": "The Times of India"}, "author": "Paras Singh and Sakshi Chand", "title": "Cremation of coronavirus victim a challenge too", "description": "The management of Nigambodh Ghat crematorium was reluctant to allow cremation of the body until municipal health officials arrived. The family of the 68-year-old from Janakpuri, however, had to wait for several hours before the body could be consigned to the \u2026", "url": "https://economictimes.indiatimes.com/news/politics-and-nation/cremation-of-coronavirus-victim-a-challenge-too/articleshow/74634652.cms", "urlToImage": "https://img.etimg.com/thumb/msid-74633622,width-1070,height-580,imgsize-452326,overlay-economictimes/photo.jpg", "publishedAt": "2020-03-15T05:13:09Z", "content": "NEW DELHI: The last rites of Delhi's first novel coronavirus-affected victim were carried out on Saturday, but not before a minor controversy over the lack of clarity on the procedures for such cases.\r\nThe management of Nigambodh Ghat crematorium was reluctan\u2026 [+1775 chars]"}, {"source": {"id": "the-times-of-india", "name": "The Times of India"}, "author": "Reuters", "title": "Coronavirus crisis delays start of Netanyahu corruption trial", "description": "Israeli Prime Minister Benjamin Netanyahu's corruption trial was delayed on Sunday for two months, until May, due to the coronavirus crisis.", "url": "https://economictimes.indiatimes.com/news/international/world-news/coronavirus-crisis-delays-start-of-netanyahu-corruption-trial/articleshow/74635881.cms", "urlToImage": "https://img.etimg.com/thumb/msid-74635879,width-1070,height-580,imgsize-666748,overlay-economictimes/photo.jpg", "publishedAt": "2020-03-15T07:55:24Z", "content": "JERUSALEM: Israeli Prime Minister Benjamin Netanyahu's corruption trial was delayed on Sunday for two months, until May, due to the coronavirus crisis.\r\nIsrael's Justice Ministry said the trial, due to have opened on March 17 with the reading of an indictment\u2026 [+966 chars]"}, {"source": {"id": "the-times-of-india", "name": "The Times of India"}, "author": "AFP", "title": "Most Malaysia coronavirus cases linked to international Islamic gathering", "description": "Authorities said participants at the gathering from February 27 to March 1 came from Bangladesh, Brunei, the Philippines, Singapore and Thailand.", "url": "https://economictimes.indiatimes.com/news/international/world-news/most-malaysia-coronavirus-cases-linked-to-international-islamic-gathering/articleshow/74639543.cms", "urlToImage": "https://img.etimg.com/thumb/msid-74639559,width-1070,height-580,imgsize-95495,overlay-economictimes/photo.jpg", "publishedAt": "2020-03-15T13:52:00Z", "content": "KUALA LUMPUR: Malaysia said Sunday that more than half the country's 428 coronavirus cases were linked to an international Islamic gathering held last month. The Southeast Asian nation announced a spike of 190 new infections over the weekend, mostly linked to\u2026 [+901 chars]"}, {"source": {"id": "the-times-of-india", "name": "The Times of India"}, "author": "PTI", "title": "Coronavirus: Assam shuts schools, cancels exams till March 29", "description": "\"All programmes scheduled at government auditoriums have also been cancelled. We hope those owned by private firms will also follow,\" he said. The chief secretary said all the deputy commissioners have been asked to discourage any public gathering in their di\u2026", "url": "https://economictimes.indiatimes.com/news/politics-and-nation/coronavirus-assam-shuts-schools-cancels-exams-till-march-29/articleshow/74636524.cms", "urlToImage": "https://img.etimg.com/thumb/msid-74636552,width-1070,height-580,imgsize-725032,overlay-economictimes/photo.jpg", "publishedAt": "2020-03-15T09:22:02Z", "content": "Guwahati: The Assam government on Sunday ordered shutting down of educational institutions, gymnasiums, swimming pools and cinema halls with immediate effect till March 29 in the wake of novel coronavirus outbreak. Assam Chief Secretary Kumar Sanjay Krishna, \u2026 [+625 chars]"}, {"source": {"id": "the-times-of-india", "name": "The Times of India"}, "author": "PTI", "title": "Coronavirus: 218 evacuated from Italy sent to ITBP quarantine", "description": "The coronavirus outbreak, declared a pandemic by the World Health Organisation (WHO) on Wednesday, has led to more than 5,000 deaths globally. The government has suspended all visas, barring a few categories like diplomatic and employment, in an attempt to pr\u2026", "url": "https://economictimes.indiatimes.com/news/politics-and-nation/coronavirus-218-evacuated-from-italy-sent-to-itbp-quarantine/articleshow/74635817.cms", "urlToImage": "https://img.etimg.com/thumb/msid-74635837,width-1070,height-580,imgsize-658438,overlay-economictimes/photo.jpg", "publishedAt": "2020-03-15T07:49:53Z", "content": "New Delhi: A total of 218 Indians, mostly students, brought here from Italy on Sunday have been taken to an ITBP quarantine facility in south-west Delhi's Chhawla area, officials said.\r\nThe Air India flight from Milan landed around 9.45 am at the Indira Gandh\u2026 [+1028 chars]"}, {"source": {"id": "the-times-of-india", "name": "The Times of India"}, "author": "Swaminathan A Aiyar", "title": "View: Coronavirus threat could spark a mega recession", "description": "In the worst-case scenario, the virus will spread havoc for a year. In that extreme case, billions may get infected and tens of millions may die. However, most experts predict just 0.5 million deaths. Still, the economic disruption will be enormous, possibly \u2026", "url": "https://economictimes.indiatimes.com/news/economy/indicators/view-coronavirus-threat-could-spark-a-mega-recession/articleshow/74633541.cms", "urlToImage": "https://img.etimg.com/thumb/msid-74633615,width-1070,height-580,imgsize-25781,overlay-economictimes/photo.jpg", "publishedAt": "2020-03-15T02:31:38Z", "content": "We face the greatest medical-cum-economic crisis in history. Admit it or not, the coronavirus has already created a deep global recession. Even earlier, Europe and Japan verged on recession while Indian GDP growth had halved from its peak. This leaves little \u2026 [+4654 chars]"}, {"source": {"id": "the-times-of-india", "name": "The Times of India"}, "author": "PTI", "title": "Coronavirus: Mumbai cops invoke section 144 to ban group tours", "description": "If any tour operator is found flouting the order, action will be taken against him under IPC 188 (disobedience to order duly promulgated by public servant), Mumbai Police has warned. The order will be in force till March 31. It should not be confused with the\u2026", "url": "https://economictimes.indiatimes.com/news/politics-and-nation/coronavirus-mumbai-cops-invoke-section-144-to-ban-group-tours/articleshow/74637315.cms", "urlToImage": "https://img.etimg.com/thumb/msid-74637389,width-1070,height-580,imgsize-176423,overlay-economictimes/photo.jpg", "publishedAt": "2020-03-15T11:36:56Z", "content": "MUMBAI: In the wake of coronavirus scare, the Mumbai Police on Sunday invoked section 144 of the CrPC to prohibit tour operators from conducting any kind of group tours to foreign or domestic destinations till March 31, an official said.\r\nIf any tour operator\u2026 [+1702 chars]"}, {"source": {"id": "the-times-of-india", "name": "The Times of India"}, "author": "PTI", "title": "ISIS travel advisory warns terrorists off coronavirus-hit Europe", "description": "The Middle East-based terror outfit, which has in the past encouraged operatives to plot attacks in Europe, also instructed those of its followers who may have become ill with coronavirus not to leave the region, in order to prevent the disease spreading.", "url": "https://economictimes.indiatimes.com/news/defence/isis-travel-advisory-warns-terrorists-off-coronavirus-hit-europe/articleshow/74638096.cms", "urlToImage": "https://img.etimg.com/thumb/msid-74638165,width-1070,height-580,imgsize-136028,overlay-etdefence/photo.jpg", "publishedAt": "2020-03-15T11:52:02Z", "content": "LONDON: The Islamic State (ISIS) terrorist group has issued a travel advisory for its operatives to steer clear of coronavirus-hit Europe, described as \"the land of the epidemic\". \r\nAccording to The Sunday Times, the latest issue of the ISIS 'Al-Naba' newslet\u2026 [+1838 chars]"}, {"source": {"id": "the-times-of-india", "name": "The Times of India"}, "author": "AFP", "title": "France to limit long-distance train, bus, plane travel over coronavirus", "description": "France will progressively reduce long-distance train, bus and plane travel on its territory over the coming days in a bid to limit the spread of the coronavirus, the ecology minister said Sunday.", "url": "https://timesofindia.indiatimes.com/world/europe/france-to-limit-long-distance-train-bus-plane-travel-over-coronavirus/articleshow/74637432.cms", "urlToImage": "https://static.toiimg.com/thumb/msid-74637479,width-1070,height-580,imgsize-203939,resizemode-75,overlay-toi_sw,pt-32,y_pad-40/photo.jpg", "publishedAt": "2020-03-15T10:42:01Z", "content": null}, {"source": {"id": "the-times-of-india", "name": "The Times of India"}, "author": "AFP", "title": "Spain coronavirus cases jump by a third, over 100 new deaths", "description": "The number of people infected with the coronavirus in Spain increased by a third to 7,753 and more than 100 new deaths were recorded over the last 24 hours, health officials said Sunday. The latest spike in Europe's second-most affected country after Italy co\u2026", "url": "https://timesofindia.indiatimes.com/world/europe/spain-coronavirus-cases-jump-by-a-third-over-100-new-deaths/articleshow/74640195.cms", "urlToImage": "https://static.toiimg.com/thumb/msid-74640280,width-1070,height-580,imgsize-400334,resizemode-75,overlay-toi_sw,pt-32,y_pad-40/photo.jpg", "publishedAt": "2020-03-15T14:43:34Z", "content": "Copyright \u00a9 2020 Bennett, Coleman &amp; Co. Ltd. All rights reserved. For reprint rights: Times Syndication Service"}, {"source": {"id": "the-times-of-india", "name": "The Times of India"}, "author": "Indiatimes", "title": "Balcony Concerts In Coronavirus Lockdown", "description": "Italians are singing their hearts out from their balconies. These impromptu songs show the resilience of the human spirit. Millions of residents are confined to their homes due to the deadly novel coronavirus outbreak.", "url": "https://www.indiatimes.com/videos/news-that-matters/balcony-concerts-in-coronavirus-lockdown-508418.html", "urlToImage": "https://im.indiatimes.in/content/2020/Mar/1206996792_5e6dc7e5d64dc.jpg", "publishedAt": "2020-03-15T05:53:38Z", "content": "MORE FROM News That Matters\r\nCopyright \u00a9 2020 Times Internet Limited. Powered by Indiatimes Lifestyle Network. All rights reserved"}, {"source": {"id": "the-times-of-india", "name": "The Times of India"}, "author": "PTI", "title": "Coronavirus threat: India-Bangladesh passenger train services suspended", "description": "The Eastern Railway said services of Maitree and Bandhan Express trains will remain suspended from March 15 to April 15 or till further orders, whichever is earlier. The services of the two trains have been suspended as precautions being taken to prevent the \u2026", "url": "https://economictimes.indiatimes.com/industry/transportation/railways/coronavirus-threat-india-bangladesh-passenger-train-services-suspended/articleshow/74637185.cms", "urlToImage": "https://img.etimg.com/thumb/msid-74637227,width-1070,height-580,imgsize-620662,overlay-economictimes/photo.jpg", "publishedAt": "2020-03-15T10:30:34Z", "content": "KOLKATA: India-Bangladesh passenger train services between Kolkata and cities in the neighbouring country have been suspended from Sunday as a precaution against the spread of COVID-19, on a Union government directive, an Eastern Railway official said. The Ea\u2026 [+1187 chars]"}, {"source": {"id": "the-times-of-india", "name": "The Times of India"}, "author": "PTI", "title": "Coronavirus cases climb to 93 in country", "description": "Delhi has reported seven positive cases and Uttar Pradesh 11 so far. Karnataka has six coronavirus patients while Maharashtra 19, Ladakh three and Jammu and Kashmir 2. Besides, Rajasthan also reported two cases. Tamil Nadu, Andhra Pradesh and Punjab have repo\u2026", "url": "https://economictimes.indiatimes.com/news/politics-and-nation/coronavirus-cases-climb-to-93-in-country/articleshow/74635094.cms", "urlToImage": "https://img.etimg.com/thumb/msid-74635090,width-1070,height-580,imgsize-598575,overlay-economictimes/photo.jpg", "publishedAt": "2020-03-15T06:14:46Z", "content": "New Delhi: The number of novel coronavirus cases in the country rose to 93 on Sunday, which includes two persons who died in Delhi and Karnataka, the Union Health Ministry said.\r\nWhile a 76-year-old man from Kalaburagi who had recently returned from Saudi Ara\u2026 [+2450 chars]"}, {"source": {"id": "the-times-of-india", "name": "The Times of India"}, "author": "PTI", "title": "Coronavirus cases in India climb to 107, cases rise in Maharashtra", "description": "Delhi has reported seven positive cases and Uttar Pradesh 11 so far. Karnataka has six coronavirus patients while Maharashtra 31, Ladakh three and Jammu and Kashmir 2. Telangana reported three cases.", "url": "https://economictimes.indiatimes.com/news/politics-and-nation/coronavirus-cases-in-india-climb-to-107-cases-rise-in-maharashtra/articleshow/74636064.cms", "urlToImage": "https://img.etimg.com/thumb/msid-74636050,width-1070,height-580,imgsize-774147,overlay-economictimes/photo.jpg", "publishedAt": "2020-03-15T08:22:31Z", "content": "NEW DELHI: The number of novel coronavirus cases in the country rose to 107 on Sunday, with 12 fresh cases in Maharashtra, the Union Health Ministry said.\r\nThe number of cases include two persons who died in Delhi and Karnataka.\r\nWhile a 76-year-old man from \u2026 [+2043 chars]"}, {"source": {"id": "the-times-of-india", "name": "The Times of India"}, "author": "PTI", "title": "Pakistan PM's aide to participate in SAARC video conference on coronavirus", "description": "\u200b\u200bPrime Minister Modi reached out to the eight-member regional grouping on Friday and pitched for a video conference among the leaders of the South Asian Association for Regional Cooperation (SAARC) to chalk out a strong strategy to combat the virus outbreak.\u2026", "url": "https://economictimes.indiatimes.com/news/politics-and-nation/pakistan-pms-aide-to-participate-in-saarc-video-conference-on-coronavirus/articleshow/74636510.cms", "urlToImage": "https://img.etimg.com/thumb/msid-74636608,width-1070,height-580,imgsize-546557,overlay-economictimes/photo.jpg", "publishedAt": "2020-03-15T09:20:42Z", "content": null}, {"source": {"id": "the-times-of-india", "name": "The Times of India"}, "author": "IANS", "title": "Coronavirus: AIIMS Director bursts biggest myths about non-veg food, hot weather", "description": "He sought to dismiss claims that the intensity of COVID-19 would taper down and ultimately vanish with temperatures going up. \"The impact of the virus is as serious in hot-humid weather conditions of Singapore as in the colder environment of European countrie\u2026", "url": "https://economictimes.indiatimes.com/news/politics-and-nation/non-veg-food-hot-weather-aiims-director-bursts-biggest-myths-about-coronavirus/articleshow/74634404.cms", "urlToImage": "https://img.etimg.com/thumb/msid-74634418,width-1070,height-580,imgsize-559235,overlay-economictimes/photo.jpg", "publishedAt": "2020-03-15T04:42:10Z", "content": "New Delhi: Coronavirus is an infection that spreads mainly from person-to-person and consumption of non-vegetarian food or eggs does not cause the infection, according to Director, AIIMS, Delhi, Dr Randeep Guleria.\r\n\"As common healthcare precaution, all kinds\u2026 [+991 chars]"}, {"source": {"id": "the-times-of-india", "name": "The Times of India"}, "author": "Durgesh Nandan Jha", "title": "Delhi\u2019s first coronavirus patient recovers fully", "description": "The 45-year-old had returned from Italy on February 22. He interacted with several people and even held a birthday party for his son at Hyatt hotel before he was diagnosed with Covid-19 and isolated at a hospital on March 2.", "url": "https://economictimes.indiatimes.com/news/politics-and-nation/delhis-first-coronavirus-patient-recovers-fully/articleshow/74633445.cms", "urlToImage": "https://img.etimg.com/thumb/msid-74633208,width-1070,height-580,imgsize-243824,overlay-economictimes/photo.jpg", "publishedAt": "2020-03-15T01:36:52Z", "content": "NEW DELHI: The capital\u2019s first Covid-19 patient, a 45-year-old man from Mayur Vihar Phase II, has recovered fully from the viral infection. He was discharged from Ram Manohar Lohia Hospital on Saturday, said a source.\r\nThe 45-year-old had returned from Italy \u2026 [+2167 chars]"}, {"source": {"id": "the-times-of-india", "name": "The Times of India"}, "author": "PTI", "title": "Narendra Modi proposes SAARC fund to tackle coronavirus, lays stress on joint efforts", "description": "In a significant message, Modi asserted that it was important for the SAARC member countries to work together and said the region can best respond to the coronavirus pandemic by \"coming together, not growing apart\".", "url": "https://economictimes.indiatimes.com/news/politics-and-nation/narendra-modi-proposes-saarc-fund-to-tackle-coronavirus-lays-stress-on-joint-efforts/articleshow/74639600.cms", "urlToImage": "https://img.etimg.com/thumb/msid-74639642,width-1070,height-580,imgsize-140995,overlay-economictimes/photo.jpg", "publishedAt": "2020-03-15T13:58:38Z", "content": "Making a strong pitch for SAARC nations to jointly combat coronavirus, Prime Minister Narendra Modi on Sunday proposed setting up a COVID-19 emergency fund with India committing USD 10 million initially for it, and asserted that the best way to deal with the \u2026 [+4944 chars]"}, {"source": {"id": "the-times-of-india", "name": "The Times of India"}, "author": "PTI", "title": "CAIT writes to Nirmala Sitharaman seeking insurance cover for coronavirus-hit businesses", "description": "CAIT has also sent a similar representation to Commerce Minister Piyush Goyal to take up the matter with Finance Ministry. RSN RVK.", "url": "https://economictimes.indiatimes.com/news/economy/policy/cait-writes-to-nirmala-sitharaman-seeking-insurance-cover-for-coronavirus-hit-businesses/articleshow/74639007.cms", "urlToImage": "https://img.etimg.com/thumb/msid-74639386,width-1070,height-580,imgsize-318956,overlay-economictimes/photo.jpg", "publishedAt": "2020-03-15T13:07:24Z", "content": "Traders' body CAIT has appealed to Finance Minister Nirmala Sitharaman to direct regulator IRDAI to mandate insurance firms to introduce coverage for disruptions to businesses on account of the coronavirus outbreak. In a letter to Sitharaman, CAIT suggested t\u2026 [+675 chars]"}, {"source": {"id": "the-times-of-india", "name": "The Times of India"}, "author": "PTI", "title": "Coronavirus: Construction, transport, chemical manufacturing likely to be worst-affected, says report", "description": "The novel coronavirus which originated in China's Wuhan city towards the end of 2019 has so far claimed over 5,000 lives and infected more than 1 lakh people globally. Daily death toll due to the virus is still very high and given the number of infected peopl\u2026", "url": "https://economictimes.indiatimes.com/news/economy/foreign-trade/coronavirus-construction-transport-chemical-manufacturing-likely-to-be-worst-affected-says-report/articleshow/74635122.cms", "urlToImage": "https://img.etimg.com/thumb/msid-74635217,width-1070,height-580,imgsize-779816,overlay-economictimes/photo.jpg", "publishedAt": "2020-03-15T06:20:03Z", "content": "NEW DELHI: Construction, transport and chemical manufacturing sectors are likely to be the worst-affected by the coronavirus pandemic in China, says a report. However, India's top imports -- crude oil and gems and jewellery -- which collectively account for 4\u2026 [+2054 chars]"}, {"source": {"id": "the-times-of-india", "name": "The Times of India"}, "author": "PTI", "title": "UK national tests positive for coronavirus; all 289 passengers offloaded at Kochi airport", "description": "The passenger belonged to a group of 19 holidaying in the hill resort town of Munnar in Kerala and was under surveillance, a Cochin International Airport Limited spokesman said.", "url": "https://economictimes.indiatimes.com/news/politics-and-nation/uk-national-tests-positive-for-coronavirus-all-289-passengers-offloaded-at-kochi-airport/articleshow/74635802.cms", "urlToImage": "https://img.etimg.com/thumb/msid-74635863,width-1070,height-580,imgsize-625908,overlay-economictimes/photo.jpg", "publishedAt": "2020-03-15T07:45:01Z", "content": "KOCHI: At least 289 passengers of a Dubai-bound flight were offloaded at the airport here on Sunday shortly before takeoff after a UK national among them tested positive for novel coronavirus, official sources said here. The passenger belonged to a group of 1\u2026 [+567 chars]"}, {"source": {"id": "the-times-of-india", "name": "The Times of India"}, "author": "Indiatimes", "title": "What Indians 'Really' Think About Coronavirus", "description": "Here is what Indians really think about the coronavirus outbreak. India has imposed stringent travel curbs as the World Health Organization declared the Covid-19 outbreak a pandemic.", "url": "https://www.indiatimes.com/videos/it-debates/what-indians-really-think-about-coronavirus-crisis-508416.html", "urlToImage": "https://im.indiatimes.in/content/2020/Mar/CoronavirusY_T_5e6dc72c31f58.jpg", "publishedAt": "2020-03-15T05:49:56Z", "content": null}, {"source": {"id": "the-times-of-india", "name": "The Times of India"}, "author": "PTI", "title": "Pakistan's coronavirus tally rises to 34", "description": "A new confirmed case of the novel coronavirus surfaced early Sunday in Islamabad, bringing Pakistan's total number of cases to 34, according to a media report.", "url": "https://economictimes.indiatimes.com/news/international/world-news/pakistans-coronavirus-tally-rises-to-34/articleshow/74636316.cms", "urlToImage": "https://img.etimg.com/thumb/msid-74636309,width-1070,height-580,imgsize-604977,overlay-economictimes/photo.jpg", "publishedAt": "2020-03-15T08:53:35Z", "content": "ISLAMABAD: A new confirmed case of the novel coronavirus surfaced early Sunday in Islamabad, bringing Pakistan's total number of cases to 34, according to a media report.\r\nThe new victim is the husband of a woman who recently travelled to Pakistan from the Un\u2026 [+2168 chars]"}, {"source": {"id": "the-times-of-india", "name": "The Times of India"}, "author": "New York Times", "title": "Mapping the social network of coronavirus", "description": "Infectious diseases need help to spread their misery: humans meeting humans, in person. In the past decade or so, leading investigators have begun to incorporate social networks into their models, trying to identify and analyze patterns of individual behavior\u2026", "url": "https://economictimes.indiatimes.com/news/international/world-news/mapping-the-social-network-of-coronavirus/articleshow/74639204.cms", "urlToImage": "https://img.etimg.com/thumb/msid-74639200,width-1070,height-580,imgsize-289275,overlay-economictimes/photo.jpg", "publishedAt": "2020-03-15T13:25:40Z", "content": "By Benedict CareyBOSTON: The offices of the Network Science Institute at Northeastern University sit 10 floors above Boston\u2019s Back Bay. Wraparound windows offer a floating panorama of the city, from Boston Common to Fenway Park, as a half-dozen young analysts\u2026 [+8472 chars]"}, {"source": {"id": "the-times-of-india", "name": "The Times of India"}, "author": null, "title": "Rooney criticises England authorities over coronavirus response", "description": "Wayne Rooney has criticised England's football authorities over how long they took to suspend matches in the country amid the coronavirus outbreak, saying it felt like players were being treated like \"guinea pigs\".", "url": "https://timesofindia.indiatimes.com/sports/football/top-stories/rooney-criticises-england-authorities-over-coronavirus-response/articleshow/74637726.cms", "urlToImage": "https://static.toiimg.com/thumb/msid-74637769,width-1070,height-580,imgsize-1612102,resizemode-75,overlay-toi_sw,pt-32,y_pad-40/photo.jpg", "publishedAt": "2020-03-15T11:02:20Z", "content": "Wayne Rooney has criticised England's football authorities over how long they took to suspend matches in the country amid the coronavirus outbreak, saying it felt like players were being treated like \"guinea pigs\".\r\nThe Premier League, English Football League\u2026 [+1850 chars]"}, {"source": {"id": "the-times-of-india", "name": "The Times of India"}, "author": null, "title": "Coronavirus: IOA's delegation visit to Tokyo postponed", "description": "More sports News: Indian Olympic Association's delegation visit to Tokyo has been temporarily suspended amidst the coronavirus outbreak, sources within the IOA revealed", "url": "https://timesofindia.indiatimes.com/sports/more-sports/others/coronavirus-ioas-delegation-visit-to-tokyo-postponed/articleshow/74637231.cms", "urlToImage": "https://static.toiimg.com/thumb/msid-74637233,width-1070,height-580,imgsize-1485885,resizemode-75,overlay-toi_sw,pt-32,y_pad-40/photo.jpg", "publishedAt": "2020-03-15T10:17:06Z", "content": "NEW DELHI: Indian Olympic Association's delegation visit to Tokyo has been temporarily suspended amidst the coronavirus outbreak, sources within the IOA revealed on Sunday.\r\nThe delegation was slated to visit Tokyo along with few government officials on March\u2026 [+1770 chars]"}, {"source": {"id": "the-times-of-india", "name": "The Times of India"}, "author": null, "title": "Pogba makes coronavirus fund-raising pledge", "description": "Football News: Manchester United star Paul Pogba has promised to financially support the fight to stop the spread of the coronavirus.", "url": "https://timesofindia.indiatimes.com/sports/football/epl/top-stories/pogba-makes-coronavirus-fund-raising-pledge/articleshow/74640291.cms", "urlToImage": "https://static.toiimg.com/thumb/msid-74640286,width-1070,height-580,imgsize-1564704,resizemode-75,overlay-toi_sw,pt-32,y_pad-40/photo.jpg", "publishedAt": "2020-03-15T14:42:11Z", "content": "LONDON: Manchester United star Paul Pogba has promised to financially support the fight to stop the spread of the coronavirus.\r\nPogba has organised a fundraising page on Facebook and the France midfielder will double the amount raised if the target of \u00a327,000\u2026 [+1402 chars]"}, {"source": {"id": "the-times-of-india", "name": "The Times of India"}, "author": null, "title": "Coronavirus: IOA's delegation visit to Tokyo postponed", "description": "The visit of a high-powered delegation comprising sports minister Kiren Rijiju and top IOA officials to Tokyo later this month to look into India's logistical preparedness for the Olympics has been put on hold in view of the COVID-19 pandemic.", "url": "https://timesofindia.indiatimes.com/sports/more-sports/others/covid-19-impact-sports-minister-and-ioas-delegation-visit-to-tokyo-for-olympic-preparation-cancelled/articleshow/74637231.cms", "urlToImage": "https://static.toiimg.com/thumb/msid-74638697,width-1070,height-580,imgsize-1569697,resizemode-75,overlay-toi_sw,pt-32,y_pad-40/photo.jpg", "publishedAt": "2020-03-15T10:17:06Z", "content": "NEW DELHI: The visit of a high-powered delegation comprising sports minister Kiren Rijiju and top IOA officials to Tokyo later this month to look into India's logistical preparedness for the Olympics has been put on hold in view of the COVID-19 pandemic.\r\nThe\u2026 [+2406 chars]"}, {"source": {"id": "the-times-of-india", "name": "The Times of India"}, "author": "PTI", "title": "218 Indians stranded in coronavirus-hit Italy arrive in India", "description": "A total of 218 Indians, including 211 students, stranded in coronavirus-hit Italy have arrived in India, Minister of State for External Affairs V Muraleedharan said.", "url": "https://economictimes.indiatimes.com/news/politics-and-nation/218-indians-stranded-in-coronavirus-hit-italy-arrive-in-india/articleshow/74634832.cms", "urlToImage": "https://img.etimg.com/thumb/msid-74634831,width-1070,height-580,imgsize-873081,overlay-economictimes/photo.jpg", "publishedAt": "2020-03-15T05:43:33Z", "content": "NEW DELHI: A total of 218 Indians, including 211 students, stranded in coronavirus-hit Italy have arrived in India, Minister of State for External Affairs V Muraleedharan said.\r\nHe further said all of them will be quarantined for 14 days.\r\n\"218 Indians includ\u2026 [+493 chars]"}, {"source": {"id": "the-times-of-india", "name": "The Times of India"}, "author": "Sandeep Raghavan", "title": "In a first, Tirupati temple cancels major services over coronavirus", "description": "The coronavirus scare has impacted Lord Balaji hill shrine atop Tirumala with the Tirumala Tirupati Devasthanams deciding to cancel some daily and weekly rituals and restrict congregation of pilgrims for religious events.", "url": "https://economictimes.indiatimes.com/news/politics-and-nation/in-a-first-tirupati-temple-cancels-major-services-over-coronavirus/articleshow/74635338.cms", "urlToImage": "https://img.etimg.com/thumb/msid-74634308,width-1070,height-580,imgsize-123152,overlay-economictimes/photo.jpg", "publishedAt": "2020-03-15T06:47:13Z", "content": "TIRUPATI: The coronavirus scare has impacted Lord Balaji hill shrine atop Tirumala with the Tirumala Tirupati Devasthanams (TTD) deciding to cancel some daily and weekly rituals and restrict congregation of pilgrims for religious events. Senior TTD officials \u2026 [+2329 chars]"}, {"source": {"id": "the-times-of-india", "name": "The Times of India"}, "author": "ET Online and Agencies", "title": "Maldives praises India for generous assistance amid coronavirus scare", "description": "Maldives President Ibrahim Mohamed Solih also backed Prime Minister Narendra Modi's plan for a comprehensive regional strategy to fight coronavirus outbreak.", "url": "https://economictimes.indiatimes.com/news/politics-and-nation/maldives-praise-india-for-generous-assistance-amid-coronavirus-scare/articleshow/74638151.cms", "urlToImage": "https://img.etimg.com/thumb/msid-74638187,width-1070,height-580,imgsize-110128,overlay-economictimes/photo.jpg", "publishedAt": "2020-03-15T12:01:17Z", "content": "Maldives has thanked India for generous assistance amid rising coronavirus cases.\r\nDuring a video conference among SAARC leaders, Maldives President Ibrahim Mohamed Solih highlighted the nation's dependency on tourism which he said is falling sharply due to t\u2026 [+1426 chars]"}, {"source": {"id": "the-times-of-india", "name": "The Times of India"}, "author": "AP", "title": "Donald Trump tests negative for coronavirus; White House begins screening", "description": "The White House released the test results just hours after Trump told reporters that he had been tested and that his temperature was \"totally normal.\" He was recently in contact with three people at his Florida resort who have tested positive for the virus, i\u2026", "url": "https://economictimes.indiatimes.com/news/international/world-news/donald-trump-tests-negative-for-coronavirus-white-house-begins-screening/articleshow/74633388.cms", "urlToImage": "https://img.etimg.com/thumb/msid-74633406,width-1070,height-580,imgsize-60800,overlay-economictimes/photo.jpg", "publishedAt": "2020-03-15T01:19:14Z", "content": "WASHINGTON: After days of resisting screening for the coronavirus, President Donald Trump tested negative for the virus, officials said Saturday night. Meanwhile, the White House began checking the temperature of anyone coming into close contact with the pres\u2026 [+5822 chars]"}, {"source": {"id": "the-times-of-india", "name": "The Times of India"}, "author": "AP", "title": "How it spreads, infects: Coronavirus impact comes into focus", "description": "The medical impact of the new coronavirus is coming into sharper focus as it continues its spread in what is now officially recognized as a pandemic.", "url": "https://economictimes.indiatimes.com/news/international/world-news/how-it-spreads-infects-coronavirus-impact-comes-into-focus/articleshow/74638451.cms", "urlToImage": "https://img.etimg.com/thumb/msid-74638566,width-1070,height-580,imgsize-418307,overlay-economictimes/photo.jpg", "publishedAt": "2020-03-15T12:23:11Z", "content": "By Marilynn Marchione, AP Chief Medical Writer\r\nThe medical impact of the new coronavirus is coming into sharper focus as it continues its spread in what is now officially recognized as a pandemic.\r\nIts true fatality rate isn't yet known, but it seems 10 time\u2026 [+7198 chars]"}, {"source": {"id": "the-times-of-india", "name": "The Times of India"}, "author": "TNN", "title": "Coronavirus: Mumbai's Byculla zoo to stay shut", "description": "Amidst Covid-19 scare in the city, the BMC on Sunday announced that its Veer Mata Jijabai Bhosale Udyan And Zoo (popularly known as Byculla Zoo) will remain shut until further orders.", "url": "https://timesofindia.indiatimes.com/city/mumbai/coronavirus-scare-mumbais-byculla-zoo-to-stay-shut/articleshow/74637246.cms", "urlToImage": "https://static.toiimg.com/thumb/msid-74637239,width-1070,height-580,imgsize-55380,resizemode-75,overlay-toi_sw,pt-32,y_pad-40/photo.jpg", "publishedAt": "2020-03-15T10:16:53Z", "content": null}, {"source": {"id": "the-times-of-india", "name": "The Times of India"}, "author": "AP", "title": "Al-Aqsa mosque, 3rd holiest in Islam, closes over coronavirus", "description": "The Islamic endowment overseeing the Al-Aqsa mosque compound, the third holiest site in Islam, says the mosque itself and other buildings will be closed over concerns about the new coronavirus.", "url": "https://economictimes.indiatimes.com/news/international/world-news/al-aqsa-mosque-3rd-holiest-in-islam-closes-over-coronavirus/articleshow/74637030.cms", "urlToImage": "https://img.etimg.com/thumb/msid-74637024,width-1070,height-580,imgsize-528320,overlay-economictimes/photo.jpg", "publishedAt": "2020-03-15T10:17:26Z", "content": "TEHRAN: The Islamic endowment overseeing the Al-Aqsa mosque compound, the third holiest site in Islam, says the mosque itself and other buildings will be closed over concerns about the new coronavirus.\r\nSheikh Omar Kiswani, the director of the mosque, said Su\u2026 [+4639 chars]"}, {"source": {"id": "the-times-of-india", "name": "The Times of India"}, "author": "Durgesh Nandan Jha", "title": "Coronavirus: HIV drugs can be used in severe cases, says ICMR", "description": "According to ICMR experts, the inclusion of the anti-HIV drugs for treating Covid-19 was based on earlier evidence about their effectiveness against SARS and MERS coronaviruses that led to outbreaks in different parts of the world in 2002-03 and 2012, respect\u2026", "url": "https://economictimes.indiatimes.com/industry/healthcare/biotech/pharmaceuticals/coronavirus-hiv-drugs-can-be-used-in-severe-cases-says-icmr/articleshow/74634712.cms", "urlToImage": "https://img.etimg.com/thumb/msid-74634182,width-1070,height-580,imgsize-59009,overlay-economictimes/photo.jpg", "publishedAt": "2020-03-15T05:22:23Z", "content": "NEW DELHI: Anti-HIV drugs, Lopinavir and Ritonavir, can be used to treat Covid-19 patients in severe cases.\r\nIndia\u2019s top health research body, the Indian Council of Medical Research (ICMR), has suggested this in the treatment protocol for Covid-19 published b\u2026 [+2546 chars]"}, {"source": {"id": "the-times-of-india", "name": "The Times of India"}, "author": "Ketan Thakkar", "title": "Tata Motors informs 3000 employees to work from home in light of coronavirus outbreak", "description": "As part of the measures taken, international travel has been suspended and domestic travel that involves public travel that is subject to the approval of respective executive committee member. Manufacturing operations will continue as normal.", "url": "https://economictimes.indiatimes.com/industry/auto/auto-news/tata-motors-informs-3000-employees-to-work-from-home-in-light-to-coronavirus-outbreak/articleshow/74640528.cms", "urlToImage": "https://img.etimg.com/thumb/msid-74640539,width-1070,height-580,imgsize-45932,overlay-economictimes/photo.jpg", "publishedAt": "2020-03-15T15:27:38Z", "content": "MUMBAI: Tata Motors, India's largest automobile company by revenues on Sunday asked about 3000 of its employees with office-based roles to work from home from Monday onwards, but clarified, its manufacturing operations will continue to function as before. \r\nT\u2026 [+2711 chars]"}, {"source": {"id": "the-times-of-india", "name": "The Times of India"}, "author": "Sachin Dave and Vinod Mahanta", "title": "Auditors feel companies may have to state coronavirus impact in accounts", "description": "Financial statements for Indian and multinational companies may have to reflect the impact of the coronavirus-related shutdown and disruptions, if any, on business operations, auditors have said.", "url": "https://economictimes.indiatimes.com/industry/banking/finance/auditors-feel-cos-may-have-to-state-virus-impact-in-accounts/articleshow/74642645.cms", "urlToImage": "https://img.etimg.com/thumb/msid-74644363,width-1070,height-580,imgsize-415179,overlay-economictimes/photo.jpg", "publishedAt": "2020-03-15T23:21:40Z", "content": "MUMBAI: Financial statements for Indian and multinational companies may have to reflect the impact of the coronavirus-related shutdown and disruptions, if any, on business operations, auditors have said. Practice alerts issued by audit firms to clients and to\u2026 [+2993 chars]"}, {"source": {"id": "the-times-of-india", "name": "The Times of India"}, "author": "Sharmistha Mukherjee", "title": "Maruti, Hyundai and Toyota take measures to combat coronavirus, restrict travel", "description": "At Maruti Suzuki, employees are being issued regular advisory and bulletins from the Chief Medical Officer (CMO). The company has ensured adequate access to sanitizers within the company premises. It has also directed all employees to declare their travel his\u2026", "url": "https://economictimes.indiatimes.com/industry/auto/auto-news/automakers-take-measures-to-combat-virus-restrict-travel/articleshow/74642687.cms", "urlToImage": "https://img.etimg.com/thumb/msid-74644168,width-1070,height-580,imgsize-704709,overlay-economictimes/photo.jpg", "publishedAt": "2020-03-15T23:25:07Z", "content": "NEW DELHI: India\u2019s leading automakers \u2014 Maruti Suzuki, Hyundai Motor India, and Toyota Kirloskar Motor (TKM) \u2014 have initiated a slew of measures including thermal screening and restricting employee travel for business meetings to check the spread of COVID-19.\u2026 [+2439 chars]"}, {"source": {"id": "the-times-of-india", "name": "The Times of India"}, "author": "PTI", "title": "Hyundai sees silver lining in coronavirus pandemic as consumers opt for safe personal transportation", "description": "\"At the same time, there might be some positive, green area from automotive manufacturers' perspective.Everybody wants to have a safe place, some kind of social isolation.", "url": "https://economictimes.indiatimes.com/industry/auto/auto-news/hyundai-sees-silver-lining-in-coronavirus-pandemic-as-consumers-opt-for-safe-personal-transportation/articleshow/74636332.cms", "urlToImage": "https://img.etimg.com/thumb/msid-74636415,width-1070,height-580,imgsize-263084,overlay-economictimes/photo.jpg", "publishedAt": "2020-03-15T08:54:49Z", "content": "New Delhi: Amid the gloom surrounding coronavirus pandemic, South Korean auto major Hyundai sees a silver lining for the slowdown-hit auto industry in India as consumers seek isolated mode of transportation at a time when it is also preparing to ramp up onlin\u2026 [+3583 chars]"}, {"source": {"id": "the-times-of-india", "name": "The Times of India"}, "author": "ANI", "title": "Bring your own blanket: Central, Western Railway withdraw curtains, blankets amid coronavirus scare", "description": "Central Railway and Western Railway have advised passengers to bring their own blankets. They  are also cleaning  all coach fittings such as grab handles, door handles, door latches, entry door handles, seat guard, snack trays, window glass, window grill, bot\u2026", "url": "https://economictimes.indiatimes.com/industry/transportation/railways/bring-your-own-blanket-central-western-railway-withdraw-curtains-blankets-from-ac-coaches-amid-coronavirus-scare/articleshow/74636503.cms", "urlToImage": "https://img.etimg.com/thumb/msid-74636550,width-1070,height-580,imgsize-169968,overlay-economictimes/photo.jpg", "publishedAt": "2020-03-15T09:24:29Z", "content": "The Central Railway and Western Railway have withdrawn curtains from AC coaches in order to prevent the spread of coronavirus.\r\n\"As per the extant instructions, curtains and blankets provided in AC coaches are not washed every trip. In order to prevent spread\u2026 [+1987 chars]"}, {"source": {"id": "the-times-of-india", "name": "The Times of India"}, "author": null, "title": "Super Rugby suspended after this weekend due to coronavirus", "description": "Super Rugby, the southern hemisphere's premier rugby union club competition, is suspending its season after this weekend's games due to the coronavirus pandemic, the organisers said Saturday.", "url": "https://timesofindia.indiatimes.com/sports/more-sports/others/super-rugby-suspended-after-this-weekend-due-to-coronavirus/articleshow/74633753.cms", "urlToImage": "https://static.toiimg.com/thumb/msid-74633807,width-1070,height-580,imgsize-1124758,resizemode-75,overlay-toi_sw,pt-32,y_pad-40/photo.jpg", "publishedAt": "2020-03-15T02:43:11Z", "content": "HONG KONG: Super Rugby, the southern hemisphere's premier rugby union club competition, is suspending its season after this weekend's games due to the coronavirus pandemic, the organisers said Saturday.\r\nOrganisers SANZAAR said they had \"no option but to susp\u2026 [+3094 chars]"}, {"source": {"id": "the-times-of-india", "name": "The Times of India"}, "author": null, "title": "IOC to hold coronavirus crisis talks with sports bodies", "description": "With less than five months to go before the Tokyo Olympics, International Olympic Committee president Thomas Bach plans emergency talks with member organisations, sources close to the IOC said on Sunday.", "url": "https://timesofindia.indiatimes.com/sports/more-sports/others/ioc-to-hold-coronavirus-crisis-talks-with-sports-bodies/articleshow/74639624.cms", "urlToImage": "https://static.toiimg.com/thumb/msid-74639644,width-1070,height-580,imgsize-1773211,resizemode-75,overlay-toi_sw,pt-32,y_pad-40/photo.jpg", "publishedAt": "2020-03-15T13:44:19Z", "content": "LAUSANNE: With less than five months to go before the Tokyo Olympics, International Olympic Committee president Thomas Bach plans emergency talks with member organisations, sources close to the IOC said on Sunday.\r\nThe IOC plans a conference call on Tuesday t\u2026 [+1287 chars]"}, {"source": {"id": "the-times-of-india", "name": "The Times of India"}, "author": null, "title": "Sports events around the world hit by coronavirus pandemic", "description": "More sports News: Major sports events around the world that have been hit by the coronavirus outbreak, as of March 14.", "url": "https://timesofindia.indiatimes.com/sports/more-sports/others/sports-events-around-the-world-hit-by-coronavirus-pandemic/articleshow/74635920.cms", "urlToImage": "https://static.toiimg.com/thumb/msid-74635941,width-1070,height-580,imgsize-1315592,resizemode-75,overlay-toi_sw,pt-32,y_pad-40/photo.jpg", "publishedAt": "2020-03-15T07:42:31Z", "content": "Major sports events around the world that have been hit by the coronavirus outbreak, as of March 14\r\nOLYMPICS* The Tokyo 2020 Olympics torch lighting ceremony in ancient Olympia was held without spectators.\r\n* The Hellenic Olympic Committee (HOC) suspended th\u2026 [+10702 chars]"}, {"source": {"id": "the-times-of-india", "name": "The Times of India"}, "author": null, "title": "Cricket West Indies suspends all tournaments amid confirmed coronavirus cases", "description": "The Cricket West Indies (CWI) has suspended all its tournaments and face to face group meetings from March 16 for a minimum of 30 days as a precautionary measure against coronavirus pandemic.", "url": "https://timesofindia.indiatimes.com/sports/cricket/news/cricket-west-indies-suspends-all-tournaments-amid-confirmed-coronavirus-cases/articleshow/74634156.cms", "urlToImage": "https://static.toiimg.com/thumb/msid-74634127,width-1070,height-580,imgsize-191193,resizemode-75,overlay-toi_sw,pt-32,y_pad-40/photo.jpg", "publishedAt": "2020-03-15T03:42:43Z", "content": "ST JOHN'S (ANTIGUA): The Cricket West Indies (CWI) has suspended all its tournaments and face to face group meetings from March 16 for a minimum of 30 days as a precautionary measure against coronavirus pandemic.\r\nThe decision comes after the recommendation o\u2026 [+1356 chars]"}, {"source": {"id": "the-times-of-india", "name": "The Times of India"}, "author": null, "title": "Amid coronavirus lockdown, England's National League plays on", "description": "With the rest of European football locked down in response to the coronavirus, England's fifth-tier National League provided a controversial respite for fans looking to satisfy their craving for sport on Saturday.", "url": "https://timesofindia.indiatimes.com/sports/football/top-stories/amid-coronavirus-lockdown-englands-national-league-plays-on/articleshow/74633836.cms", "urlToImage": "https://static.toiimg.com/thumb/msid-74633871,width-1070,height-580,imgsize-1174607,resizemode-75,overlay-toi_sw,pt-32,y_pad-40/photo.jpg", "publishedAt": "2020-03-15T02:55:13Z", "content": "HALIFAX: With the rest of European football locked down in response to the coronavirus, England's fifth-tier National League provided a controversial respite for fans looking to satisfy their craving for sport on Saturday.\r\nThe growing threat of the deadly pa\u2026 [+3455 chars]"}, {"source": {"id": "the-times-of-india", "name": "The Times of India"}, "author": null, "title": "Liverpool left to wait and wonder after coronavirus strikes", "description": "Football News: Liverpool could have been crowned Premier League champions on Monday for the first time in a generation. Instead the stadium will be silent and the st", "url": "https://timesofindia.indiatimes.com/sports/football/epl/top-stories/liverpool-left-to-wait-and-wonder-after-coronavirus-strikes/articleshow/74635592.cms", "urlToImage": "https://static.toiimg.com/thumb/msid-74635792,width-1070,height-580,imgsize-1164681,resizemode-75,overlay-toi_sw,pt-32,y_pad-40/photo.jpg", "publishedAt": "2020-03-15T07:23:14Z", "content": "LONDON: Liverpool could have been crowned Premier League champions on Monday for the first time in a generation. Instead the stadium will be silent and the streets empty.\r\nJurgen Klopp's team needed Manchester City to lose to Burnley on Saturday to give them \u2026 [+3502 chars]"}, {"source": {"id": "the-times-of-india", "name": "The Times of India"}, "author": null, "title": "Valencia's Garay first La Liga player to get coronavirus", "description": "Valencia and Argentina defender Ezequiel Garay said on Sunday that he has tested positive for the coronavirus, becoming the first La Liga player to confirm he has the virus that has wreaked havoc on global sport.", "url": "https://timesofindia.indiatimes.com/sports/football/top-stories/valencias-garay-first-la-liga-player-to-get-coronavirus/articleshow/74638118.cms", "urlToImage": "https://static.toiimg.com/thumb/msid-74638121,width-1070,height-580,imgsize-1344050,resizemode-75,overlay-toi_sw,pt-32,y_pad-40/photo.jpg", "publishedAt": "2020-03-15T11:36:06Z", "content": null}, {"source": {"id": "the-times-of-india", "name": "The Times of India"}, "author": null, "title": "Five members of Valencia squad test positive for coronavirus", "description": "Football News: Five members of the playing squad and staff of La Liga club Valencia have tested positive for the coronavirus, the Spanish side said on Sunday.", "url": "https://timesofindia.indiatimes.com/sports/football/top-stories/five-members-of-valencia-squad-test-positive-for-coronavirus/articleshow/74638118.cms", "urlToImage": "https://static.toiimg.com/thumb/msid-74638121,width-1070,height-580,imgsize-1344050,resizemode-75,overlay-toi_sw,pt-32,y_pad-40/photo.jpg", "publishedAt": "2020-03-15T11:36:06Z", "content": "Five members of the playing squad and staff of La Liga club Valencia have tested positive for the coronavirus, the Spanish side said on Sunday.\r\n\"Valencia CF inform that five positive cases of the COVID-19 coronavirus have been detected amongst first team sta\u2026 [+1478 chars]"}, {"source": {"id": "the-times-of-india", "name": "The Times of India"}, "author": "PTI", "title": "Coronavirus: MEA pulls out all stops to ensure safety of Indians abroad, sets up special cell", "description": "Additional Secretary Dammu Ravi has been appointed as the point person for coordinating the response to COVID-19.He has four other officers and staff to support him, officials said.", "url": "https://economictimes.indiatimes.com/news/politics-and-nation/coronavirus-mea-pulls-out-all-stops-to-ensure-safety-of-indians-abroad-sets-up-special-cell/articleshow/74635515.cms", "urlToImage": "https://img.etimg.com/thumb/msid-74635580,width-1070,height-580,imgsize-651656,overlay-economictimes/photo.jpg", "publishedAt": "2020-03-15T07:10:42Z", "content": "NEW DELHI: With the threat of coronavirus looming large, the Ministry of External Affairs has pulled out all the stops to ensure the safety of Indians abroad and set up a special cell to coordinate the issues related with the response to the pandemic that has\u2026 [+3519 chars]"}, {"source": {"id": "the-times-of-india", "name": "The Times of India"}, "author": "PTI", "title": "Pakistan uses SAARC video conference on coronavirus to raise Kashmir, calls for lifting of 'lockdown'", "description": "Pakistan has been trying to internationalise the Kashmir issue but India has asserted that the abrogation of Article 370 was its \"internal matter\".", "url": "https://economictimes.indiatimes.com/news/politics-and-nation/pakistan-uses-saarc-video-conference-on-coronavirus-to-raise-kashmir-calls-for-lifting-of-lockdown/articleshow/74640486.cms", "urlToImage": "https://img.etimg.com/thumb/msid-74640522,width-1070,height-580,imgsize-124063,overlay-economictimes/photo.jpg", "publishedAt": "2020-03-15T15:20:54Z", "content": "Pakistan on Sunday used the SAARC nations video conference on coronavirus to raise Kashmir, with the country's State Minister of Health Zafar Mirza calling for immediate lifting of the \"lockdown\" there to allow virus containment measures. Apart from Mirza, Pr\u2026 [+2075 chars]"}, {"source": {"id": "the-times-of-india", "name": "The Times of India"}, "author": "PTI", "title": "Uttarakhand govt declares coronavirus an epidemic; shuts schools, colleges and cinema halls", "description": "Under the Epidemic Diseases Act 1897, the Centre has authorised state governments to take preventive measures to control the spread of coronavirus, state government spokesperson and Urban Development Minister Madan Kaushik said. The state government has the a\u2026", "url": "https://economictimes.indiatimes.com/news/politics-and-nation/uttarakhand-govt-declares-coronavirus-an-epidemic-shuts-schools-colleges-and-cinema-halls/articleshow/74635891.cms", "urlToImage": "https://img.etimg.com/thumb/msid-74636114,width-1070,height-580,imgsize-483282,overlay-economictimes/photo.jpg", "publishedAt": "2020-03-15T07:56:22Z", "content": "Dehradun: The Uttarakhand government has declared novel coronavirus an epidemic and shut all multiplexes, cinema halls, degree colleges and technical institutes across the state till March 31, official sources said. The decision was taken at a meeting of the \u2026 [+779 chars]"}, {"source": {"id": "the-times-of-india", "name": "The Times of India"}, "author": "Anuj Tiwari", "title": "The Coronavirus Impact: 18 Images Which Prove Sports Is Nothing Without The Fans Watching", "description": "A coronavirus pandemic has put the world on health emergency. As the number of cases continues to grow, countries are fighting hard to combat it.", "url": "https://www.indiatimes.com/sports/the-coronavirus-impact-18-images-which-prove-sports-is-nothing-without-the-fans-watching-508412.html", "urlToImage": "https://im.indiatimes.in/photogallery/2020/Mar/fb_5e6dbb660ae7d.jpg", "publishedAt": "2020-03-15T04:23:43Z", "content": "Sparse crowds watch the Super Rugby match between Japan's Sunwolves and New Zealand's Crusaders at Suncorp Stadium in Brisbane. Super Rugby, the southern hemisphere's premier rugby union club competition, is suspending its season after this weekend's games du\u2026 [+59 chars]"}, {"source": {"id": "the-times-of-india", "name": "The Times of India"}, "author": "Aishwarya Dharni", "title": "People Are Working From Home Due To Coronavirus, And Here's How It's 'Working' Out For Them", "description": "The novel pandemic COVID-19 has changed every single aspect of our daily lives. From avoiding social gatherings to working from home, the world is now doing things no one is really used to. Sure, all of us have taken a day or two to work from home when we had\u2026", "url": "https://www.indiatimes.com/trending/social-relevance/coronavirus-covid-19-work-from-home-508438.html", "urlToImage": "https://im.indiatimes.in/content/2020/Mar/WFH_5e6dff8a55edd.jpg", "publishedAt": "2020-03-15T09:49:38Z", "content": "COVID-19 has changed every single aspect of our daily lives. From avoiding social gatherings to working from home, the world is now doing things no one is really used to. Sure, all of us have taken a day or two to work from home when we had some errands to ru\u2026 [+4301 chars]"}]}