{"status": "ok", "totalResults": 58, "articles": [{"source": {"id": "the-times-of-india", "name": "The Times of India"}, "author": "Times Of India", "title": "Coronavirus developments in India, rest of world", "description": "India News: NEW DELHI: The death toll climbed to 75 on Saturday along with a significant increase in the number of confirmed infections in India, but the governme.", "url": "https://timesofindia.indiatimes.com/india/coronavirus-roundup-developments-in-india-and-rest-of-world/articleshow/74985747.cms", "urlToImage": "https://static.toiimg.com/thumb/msid-74985930,width-1070,height-580,imgsize-145894,resizemode-75,overlay-toi_sw,pt-32,y_pad-40/photo.jpg", "publishedAt": "2020-04-04T15:14:04Z", "content": "Subscribe\r\nStart Your Daily Mornings with Times of India Newspaper!Order Now"}, {"source": {"id": "the-times-of-india", "name": "The Times of India"}, "author": "ET Now", "title": "What to buy in times of Coronavirus", "description": "What to buy in times of CoronavirusThe Group Chairman of Inditrade Capital says till there is some kind of solution on virus front, markets will be jittery.", "url": "https://economictimes.indiatimes.com/markets/expert-view/sudip-bandyopadhyay-on-what-to-buy-in-a-virus-hit-market/articleshow/74978573.cms", "urlToImage": "https://img.etimg.com/thumb/msid-74978567,width-1070,height-580,imgsize-280470,overlay-etmarkets/photo.jpg", "publishedAt": "2020-04-04T06:11:18Z", "content": "Everyone is trying to put a bottom in place in the market. We hit 7800 earlier this month or rather late last month. When do you think the market will start falling?While the governments are taking multiple measures to help the economy as well as different se\u2026 [+6693 chars]"}, {"source": {"id": "the-times-of-india", "name": "The Times of India"}, "author": "Reuters", "title": "Amazon in contact with coronavirus test makers as it plans pandemic response", "description": "The chief executives of Abbott Laboratories and Thermo Fisher Scientific Inc have told Amazon they would like to work with the e-commerce company, though the U.S. government is taking up all of their testing capacity at present, the notes said. The company al\u2026", "url": "https://economictimes.indiatimes.com/news/international/business/amazon-in-contact-with-coronavirus-test-makers-as-it-plans-pandemic-response/articleshow/74982277.cms", "urlToImage": "https://img.etimg.com/thumb/msid-74982434,width-1070,height-580,imgsize-156409,overlay-economictimes/photo.jpg", "publishedAt": "2020-04-04T11:03:45Z", "content": "Amazon.com Inc has been in contact with the CEOs of two coronavirus test makers as it considers how to screen its staff and reduce the risk of infection at its warehouses, according to internal meeting notes seen by Reuters.\r\nThe chief executives of Abbott La\u2026 [+2708 chars]"}, {"source": {"id": "the-times-of-india", "name": "The Times of India"}, "author": "Reuters", "title": "Britain unlikely to lift coronavirus lockdown until end of May: government expert", "description": "The government has put Britain into a widespread shutdown, closing pubs, restaurants and nearly all shops, while ordering people to stay home unless absolutely essential to venture out. The order is designed to curb the spread of COVID-19 in the country, whic\u2026", "url": "https://economictimes.indiatimes.com/news/international/world-news/britain-unlikely-to-lift-coronavirus-lockdown-until-end-of-may-government-expert/articleshow/74981605.cms", "urlToImage": "https://img.etimg.com/thumb/msid-74981698,width-1070,height-580,imgsize-290676,overlay-economictimes/photo.jpg", "publishedAt": "2020-04-04T10:14:00Z", "content": "LONDON: Britain is unlikely to lift its stringent lockdown rules until the end of May, a leading government adviser said on Saturday, warning that the spread of the coronavirus must first slow and intense testing be introduced. \r\nThe government has put Britai\u2026 [+2800 chars]"}, {"source": {"id": "the-times-of-india", "name": "The Times of India"}, "author": "TIMESOFINDIA.COM", "title": "How to shop for groceries safely amid the coronavirus pandemic - Times of India", "description": "Also, even after countrywide lockdowns being imposed, groceries are something that will have to be bought. Some pe", "url": "https://timesofindia.indiatimes.com/life-style/health-fitness/health-news/how-to-shop-for-groceries-safely-amid-the-coronavirus-pandemic/articleshow/74969805.cms", "urlToImage": "https://static.toiimg.com/thumb/msid-74970106,width-1070,height-580,overlay-toi_sw,pt-32,y_pad-40,resizemode-75,imgsize-2165838/74970106.jpg", "publishedAt": "2020-04-04T09:33:36Z", "content": null}, {"source": {"id": "the-times-of-india", "name": "The Times of India"}, "author": "Times Of India", "title": "French coronavirus fatalities hit 6,508 in deadliest day - Times of India", "description": "French coronavirus fatalities hit 6,508 in deadliest day Times of India France Reports Record 588 More Coronavirus Deaths in Biggest Toll Over 24 Hours News18 France now has more coronavirus cases than China The Hindu France's coronavirus death toll jumps as \u2026", "url": "https://timesofindia.indiatimes.com/world/europe/french-coronavirus-fatalities-hit-6508-in-deadliest-day/articleshow/74976523.cms", "urlToImage": "https://static.toiimg.com/thumb/msid-74976524,width-1070,height-580,imgsize-356433,resizemode-75,overlay-toi_sw,pt-32,y_pad-40/photo.jpg", "publishedAt": "2020-04-04T02:59:08Z", "content": "Subscribe\r\nStart Your Daily Mornings with Times of India Newspaper!Order Now"}, {"source": {"id": "the-times-of-india", "name": "The Times of India"}, "author": "Times Of India", "title": "Coronavirus: DRDO develops portable decontamination chamber", "description": "India News: NEW DELHI: The DRDO on Saturday said it has developed a portable full-body decontamination chamber or personnel sanitization enclosure (PSE), which ca.", "url": "https://timesofindia.indiatimes.com/india/coronavirus-drdo-develops-portable-decontamination-chamber/articleshow/74984932.cms", "urlToImage": "https://static.toiimg.com/thumb/msid-74984906,width-1070,height-580,imgsize-92522,resizemode-75,overlay-toi_sw,pt-32,y_pad-40/photo.jpg", "publishedAt": "2020-04-04T13:40:07Z", "content": "Subscribe\r\nStart Your Daily Mornings with Times of India Newspaper!Order Now"}, {"source": {"id": "the-times-of-india", "name": "The Times of India"}, "author": "Times Of India", "title": "Wear homemade masks to keep coronavirus at bay, says govt", "description": "Amid rising scare about Covid-19, the health ministry on Saturday issued an advisory on the use of homemade protective cover for the face and mouth, asking people to wear such homemade masks particularly when they step out of their houses. \"Such homemade face\u2026", "url": "https://timesofindia.indiatimes.com/india/wear-homemade-masks-to-keep-virus-at-bay-says-govt/articleshow/74988335.cms", "urlToImage": "https://static.toiimg.com/thumb/msid-74988374,width-1070,height-580,imgsize-272197,resizemode-75,overlay-toi_sw,pt-32,y_pad-40/photo.jpg", "publishedAt": "2020-04-04T20:25:40Z", "content": "Subscribe\r\nStart Your Daily Mornings with Times of India Newspaper!Order Now"}, {"source": {"id": "the-times-of-india", "name": "The Times of India"}, "author": "Times Of India", "title": "Coronavirus lockdown: Govt relaxes norms for agriculture and farming sector", "description": "India News: NEW DELHI: To ensure that the farmers in India do not suffer, the government on Saturday issued a slew of exemptions and relaxations for agriculture a.", "url": "https://timesofindia.indiatimes.com/india/coronavirus-lockdown-govt-relaxes-norms-for-agriculture-and-farming-sector/articleshow/74983439.cms", "urlToImage": "https://static.toiimg.com/thumb/msid-74983624,width-1070,height-580,imgsize-321473,resizemode-75,overlay-toi_sw,pt-32,y_pad-40/photo.jpg", "publishedAt": "2020-04-04T12:13:36Z", "content": "Subscribe\r\nStart Your Daily Mornings with Times of India Newspaper!Order Now"}, {"source": {"id": "the-times-of-india", "name": "The Times of India"}, "author": "Times Of India", "title": "Don't believe in rumours and unscientific forwards on coronavirus: Govt", "description": "The government on Saturday asked the people to not believe rumours and unscientific social forwards related to the spread of coronavirus disease. The government released a poster containing screenshots of forwarded messages promoting fake news to warn people \u2026", "url": "https://timesofindia.indiatimes.com/india/dont-believe-in-rumours-and-unscientific-forwards-on-coronavirus-govt/articleshow/74978401.cms", "urlToImage": "https://static.toiimg.com/thumb/msid-74978411,width-1070,height-580,imgsize-1465522,resizemode-75,overlay-toi_sw,pt-32,y_pad-40/photo.jpg", "publishedAt": "2020-04-04T05:30:45Z", "content": "Subscribe\r\nStart Your Daily Mornings with Times of India Newspaper!Order Now"}, {"source": {"id": "the-times-of-india", "name": "The Times of India"}, "author": "Times Of India", "title": "Day 11 of coronavirus lockdown: Ground report from Indian cities", "description": "India News: NEW DELHI: The number of coronavirus cases in the country neared the 3,000-mark on Saturday forcing state governments and various city administrations.", "url": "https://timesofindia.indiatimes.com/india/day-11-of-coronavirus-lockdown-ground-report-from-indian-cities/articleshow/74980257.cms", "urlToImage": "https://static.toiimg.com/thumb/msid-74980326,width-1070,height-580,imgsize-1281505,resizemode-75,overlay-toi_sw,pt-32,y_pad-40/photo.jpg", "publishedAt": "2020-04-04T08:06:53Z", "content": "Subscribe\r\nStart Your Daily Mornings with Times of India Newspaper!Order Now"}, {"source": {"id": "the-times-of-india", "name": "The Times of India"}, "author": "Times Of India", "title": "PM Narendra Modi holds meeting of Empowered Groups to formulate response against spread of coronavirus", "description": "India News: NEW DELHI: Prime Minister Narendra Modi on Saturday held a joint meeting of Empowered Groups constituted to formulate a response in wake of the spread.", "url": "https://timesofindia.indiatimes.com/india/pm-narendra-modi-holds-meeting-of-empowered-groups-to-formulate-response-against-spread-of-coronavirus/articleshow/74981004.cms", "urlToImage": "https://static.toiimg.com/thumb/msid-74981053,width-1070,height-580,imgsize-638299,resizemode-75,overlay-toi_sw,pt-32,y_pad-40/photo.jpg", "publishedAt": "2020-04-04T09:07:09Z", "content": "PM @narendramodi also directed the concerned groups and officials to ensure sufficient production, procurement and https://t.co/iZT0fACo4l\r\n\u2014 PMO India (@PMOIndia) 1585991306000"}, {"source": {"id": "the-times-of-india", "name": "The Times of India"}, "author": "Times Of India", "title": "PM Modi, Trump agree to deploy 'full strength' of India-US partnership to fight coronavirus", "description": "India News: PM Modi and US President Donald Trump on Saturday held a detailed discussion on the situation arising out of the coronavirus outbreak and resolved to", "url": "https://timesofindia.indiatimes.com/india/pm-modi-trump-agree-to-deploy-full-strength-of-india-us-partnership-to-fight-coronavirus/articleshow/74984863.cms", "urlToImage": "https://static.toiimg.com/thumb/msid-74984852,width-1070,height-580,imgsize-8145,resizemode-75,overlay-toi_sw,pt-32,y_pad-40/photo.jpg", "publishedAt": "2020-04-04T13:37:56Z", "content": "Had an extensive telephone conversation with President @realDonaldTrump. We had a good discussion, and agreed to de https://t.co/yLNy0ciaYG\r\n\u2014 Narendra Modi (@narendramodi) 1586007488000"}, {"source": {"id": "the-times-of-india", "name": "The Times of India"}, "author": "Times Of India", "title": "Stay Home, Save Lives: Google Doodle lists measures to prevent coronavirus", "description": "The colorful doodle on its homepage had animated letters of the word \"Google\" engaged in different activities, including reading, singing, working-out that one could take up while confined in their homes.", "url": "https://timesofindia.indiatimes.com/india/stay-home-save-lives-google-doodle-lists-measures-to-prevent-coronavirus/articleshow/74991578.cms", "urlToImage": "https://static.toiimg.com/thumb/msid-74991572,width-1070,height-580,imgsize-29640,resizemode-75,overlay-toi_sw,pt-32,y_pad-40/photo.jpg", "publishedAt": "2020-04-04T07:13:00Z", "content": "Stay home. Save lives.#GoogleDoodle https://t.co/oDv3r7Lfia https://t.co/m3Bkz2NIBh\r\n\u2014 Google Doodles (@GoogleDoodles) 1585886406000"}, {"source": {"id": "the-times-of-india", "name": "The Times of India"}, "author": "Times Of India", "title": "Coronavirus: India's Covid-19 death toll rises to 68, number of cases to 2,902", "description": "The number of Covid-19 cases in the country climbed to 2,902 on Saturday while the death toll rose to 68, according to the Union Health Ministry. The number of active Covid-19 cases stands at 2,650, while 183 people were either cured or discharged and one had\u2026", "url": "https://timesofindia.indiatimes.com/india/coronavirus-indias-covid-19-death-toll-rises-to-68-number-of-cases-to-2902/articleshow/74978458.cms", "urlToImage": "https://static.toiimg.com/thumb/msid-74978503,width-1070,height-580,imgsize-591124,resizemode-75,overlay-toi_sw,pt-32,y_pad-40/photo.jpg", "publishedAt": "2020-04-04T05:43:26Z", "content": "Subscribe\r\nStart Your Daily Mornings with Times of India Newspaper!Order Now"}, {"source": {"id": "the-times-of-india", "name": "The Times of India"}, "author": "Times Of India", "title": "Stay home, save lives: Google Doodle shares tips to prevent spread of coronavirus", "description": "Highlighting the importance of staying indoors to prevent the spread of the deadly coronavirus infection, search engine giant Google, on Friday, shared the message of \"stay home, save lives\" with a colourful doodle on its homepage. The doodle showed animated \u2026", "url": "https://timesofindia.indiatimes.com/india/stay-home-save-lives-google-doodle-shares-tips-to-prevent-spread-of-coronavirus/articleshow/74976764.cms", "urlToImage": "https://static.toiimg.com/thumb/msid-74976750,width-1070,height-580,imgsize-146906,resizemode-75,overlay-toi_sw,pt-32,y_pad-40/photo.jpg", "publishedAt": "2020-04-04T02:28:14Z", "content": "Subscribe\r\nStart Your Daily Mornings with Times of India Newspaper!Order Now"}, {"source": {"id": "the-times-of-india", "name": "The Times of India"}, "author": "Times Of India", "title": "Give more financial aid to states to help them deal with coronavirus outbreak: Congress to Centre", "description": "The Congress on Saturday appealed to the central government to empower states in their fight against coronavirus by providing them with more finances and resources. Congress spokesperson Supriya Shrinate said the Centre should also take state governments on b\u2026", "url": "https://timesofindia.indiatimes.com/india/give-more-financial-aid-to-states-to-help-them-deal-with-coronavirus-outbreak-congress-to-centre/articleshow/74981045.cms", "urlToImage": "https://static.toiimg.com/thumb/msid-47529300,width-1070,height-580,imgsize-110164,resizemode-75,overlay-toi_sw,pt-32,y_pad-40/photo.jpg", "publishedAt": "2020-04-04T09:04:45Z", "content": "Subscribe\r\nStart Your Daily Mornings with Times of India Newspaper!Order Now"}, {"source": {"id": "the-times-of-india", "name": "The Times of India"}, "author": "Times Of India", "title": "Coronavirus latest updates: India reports more than 500 cases for second straight day", "description": "India News: NEW DELHI: India reported 16 Covid-19 deaths on Friday \u2014 the highest single-day death count since the outbreak of the pandemic in the country \u2014 taking.", "url": "https://timesofindia.indiatimes.com/india/coronavirus-latest-updates-india-reports-more-than-500-cases-for-second-straight-day/articleshow/74976935.cms", "urlToImage": "https://static.toiimg.com/thumb/msid-74976968,width-1070,height-580,imgsize-1487657,resizemode-75,overlay-toi_sw,pt-32,y_pad-40/photo.jpg", "publishedAt": "2020-04-04T02:53:07Z", "content": "Subscribe\r\nStart Your Daily Mornings with Times of India Newspaper!Order Now"}, {"source": {"id": "the-times-of-india", "name": "The Times of India"}, "author": "Times Of India", "title": "Coronavirus: Govt advises people to wear homemade face coverings in public places", "description": "The govt issued an advisory urging people to use handmade protective covers for face and mouth to prevent the spread of coronavirus. In its advisory, the govt stressed on the need to maintain social distancing and proper hygiene to ward off infection and sugg\u2026", "url": "https://timesofindia.indiatimes.com/india/coronavirus-govt-advises-people-to-wear-homemade-face-coverings-in-public-places/articleshow/74979892.cms", "urlToImage": "https://static.toiimg.com/thumb/msid-74979915,width-1070,height-580,imgsize-698719,resizemode-75,overlay-toi_sw,pt-32,y_pad-40/photo.jpg", "publishedAt": "2020-04-04T07:31:50Z", "content": "Subscribe\r\nStart Your Daily Mornings with Times of India Newspaper!Order Now"}, {"source": {"id": "the-times-of-india", "name": "The Times of India"}, "author": "Times Of India", "title": "Pakistan records 2,700 coronavirus cases", "description": "Pakistan News: ISLAMABAD: Pakistan's coronavirus cases rose to 2,708 on Saturday with the number of patients in the Punjab province, which accounts for more than hal.", "url": "https://timesofindia.indiatimes.com/world/pakistan/pakistan-records-2700-coronavirus-cases-punjab-crosses-1000-mark/articleshow/74979582.cms", "urlToImage": "https://static.toiimg.com/thumb/msid-74979811,width-1070,height-580,imgsize-765244,resizemode-75,overlay-toi_sw,pt-32,y_pad-40/photo.jpg", "publishedAt": "2020-04-04T07:24:45Z", "content": "Subscribe\r\nStart Your Daily Mornings with Times of India Newspaper!Order Now"}, {"source": {"id": "the-times-of-india", "name": "The Times of India"}, "author": "ANI", "title": "Jennifer surprises coronavirus positive nurse", "description": "American actor Jennifer Aniston used her star power on Thursday (local time) to brighten the day of a coronavirus frontline worker, who tested positive for the virus.", "url": "https://timesofindia.indiatimes.com/entertainment/english/hollywood/news/jennifer-aniston-surprises-coronavirus-positive-nurse-with-10g-gift-card/articleshow/74976672.cms", "urlToImage": "https://static.toiimg.com/thumb/msid-74976685,width-1070,height-580,overlay-toi_sw,pt-32,y_pad-40,resizemode-75,imgsize-137483/74976685.jpg", "publishedAt": "2020-04-04T02:20:42Z", "content": "American actor Jennifer Aniston used her star power on Thursday to brighten the day of a coronavirus frontline worker, who tested positive for the virus.\r\nAccording to Fox News, the 51-year-old star appeared as a surprise guest on 'Jimmy Kimmel Live!' show, f\u2026 [+2496 chars]"}, {"source": {"id": "the-times-of-india", "name": "The Times of India"}, "author": "Reuters", "title": "Wall St Week Ahead: Investors look to coronavirus data to support a stabilizing markets", "description": "Volatility has eased from its March peaks. Fewer U.S. stocks are hitting new 52-week lows.", "url": "https://economictimes.indiatimes.com/markets/stocks/news/wall-st-week-ahead-investors-look-to-coronavirus-data-to-support-a-stabilizing-markets/articleshow/74978538.cms", "urlToImage": "https://img.etimg.com/thumb/msid-74978563,width-1070,height-580,imgsize-,overlay-etmarkets/photo.jpg", "publishedAt": "2020-04-04T06:04:41Z", "content": "NEW YORK: Investors are parsing a broad range of signals, from infection counts to more traditional indicators, for clues on the trajectory markets may take in coming weeks as the pandemic caused by the novel coronavirus continues to spread.\r\nSome point to si\u2026 [+3462 chars]"}, {"source": {"id": "the-times-of-india", "name": "The Times of India"}, "author": "Bloomberg", "title": "Jobs destroyed worldwide as coronavirus sparks recession", "description": "Rising unemployment will intensify pressure on governments and central banks to speed up reforms.", "url": "https://economictimes.indiatimes.com/news/economy/indicators/jobs-destroyed-worldwide-as-coronavirus-sparks-recession/articleshow/74978068.cms", "urlToImage": "https://img.etimg.com/thumb/msid-74978262,width-1070,height-580,imgsize-100895,overlay-economictimes/photo.jpg", "publishedAt": "2020-04-04T05:39:46Z", "content": "By Simon KennedyThe world\u2019s workers are reeling from the initial shock of the coronavirus recession, with job losses and welfare claims around the globe already running into the millions this week.\r\nAs the International Labour Organization warns of almost 25 \u2026 [+5044 chars]"}, {"source": {"id": "the-times-of-india", "name": "The Times of India"}, "author": "Times Of India", "title": "UK records fourth successive daily high in coronavirus deaths", "description": "UK News: LONDON: Britain on Saturday reported 708 more deaths from Covid-19 -- the fourth successive daily high -- as the number of confirmed cases rose to nea.", "url": "https://timesofindia.indiatimes.com/world/uk/uk-records-fourth-successive-daily-high-in-coronavirus-deaths/articleshow/74985056.cms", "urlToImage": "https://static.toiimg.com/thumb/msid-74985525,width-1070,height-580,imgsize-327902,resizemode-75,overlay-toi_sw,pt-32,y_pad-40/photo.jpg", "publishedAt": "2020-04-04T13:47:36Z", "content": "Subscribe\r\nStart Your Daily Mornings with Times of India Newspaper!Order Now"}, {"source": {"id": "the-times-of-india", "name": "The Times of India"}, "author": "Times Of India", "title": "China mourns thousands who died in country's coronavirus epidemic", "description": "China on Saturday mourned the thousands of \"martyrs\" who have died in the new coronavirus outbreak, flying the national flag at half-mast throughout the country and suspending all forms of entertainment.", "url": "https://timesofindia.indiatimes.com/world/china/china-mourns-thousands-who-died-in-countrys-coronavirus-epidemic/articleshow/74977028.cms", "urlToImage": "https://static.toiimg.com/thumb/msid-74977050,width-1070,height-580,imgsize-383829,resizemode-75,overlay-toi_sw,pt-32,y_pad-40/photo.jpg", "publishedAt": "2020-04-04T03:02:21Z", "content": "Subscribe\r\nStart Your Daily Mornings with Times of India Newspaper!Order Now"}, {"source": {"id": "the-times-of-india", "name": "The Times of India"}, "author": "PTI", "title": "Low-cost indigenous swab for coronavirus testing developed", "description": "As per the guidelines of the Centre for Disease Control and Prevention, polymer swab is used for collection of a sample from the upper respiratory tract of a patient.", "url": "https://economictimes.indiatimes.com/news/science/low-cost-indigenous-swab-for-coronavirus-testing-developed/articleshow/74984514.cms", "urlToImage": "https://img.etimg.com/thumb/msid-74984562,width-1070,height-580,imgsize-158315,overlay-economictimes/photo.jpg", "publishedAt": "2020-04-04T13:30:38Z", "content": "A team of researchers has developed a low-cost indigenous prototype of polymer swab which can be used for collection of samples for coronavirus testing. If it is approved for production, the country will not need to depend on imported swabs, said Dr Milind Ku\u2026 [+2143 chars]"}, {"source": {"id": "the-times-of-india", "name": "The Times of India"}, "author": "Chethan Kumar", "title": "Coronavirus has spread to 30% of India's districts", "description": "Government has been able to ascertain cases in 211 of 720 districts in the country.", "url": "https://economictimes.indiatimes.com/news/politics-and-nation/coronavirus-has-spread-to-30-of-indias-districts/articleshow/74979903.cms", "urlToImage": "https://img.etimg.com/thumb/msid-74975898,width-1070,height-580,imgsize-403291,overlay-economictimes/photo.jpg", "publishedAt": "2020-04-04T07:50:44Z", "content": "Managing Covid-19 will be more challenging for authorities as SARS-CoV-2, the virus causing it, has spread to 30% of the country\u2019s districts.\r\nUnion ministry of health data shows that the government has been able to ascertain cases in 211 of 720 districts in \u2026 [+1592 chars]"}, {"source": {"id": "the-times-of-india", "name": "The Times of India"}, "author": "PTI", "title": "95 police officers, 46 medical staff died in fight against coronavirus in China: Media", "description": "Ninety-five Chinese police officers and 46 medical workers died in the fight against the coronavirus pandemic, State-run media reported on Saturday, revealing for the first time the casualties of the frontline officials fighting the battle against the global \u2026", "url": "https://economictimes.indiatimes.com/news/international/world-news/95-police-officers-46-medical-staff-died-in-fight-against-coronavirus-in-china-media/articleshow/74981978.cms", "urlToImage": "https://img.etimg.com/thumb/msid-74981992,width-1070,height-580,imgsize-119237,overlay-economictimes/photo.jpg", "publishedAt": "2020-04-04T10:40:12Z", "content": "Ninety-five Chinese police officers and 46 medical workers died in the fight against the coronavirus pandemic, State-run media reported on Saturday, revealing for the first time the casualties of the frontline officials fighting the battle against the global \u2026 [+1023 chars]"}, {"source": {"id": "the-times-of-india", "name": "The Times of India"}, "author": "PTI", "title": "Coronavirus impact: I-T dept allows more time to individuals to file TDS exemption forms", "description": "In an order, the Central Board of Direct Taxes (CBDT) said the 15G and 15H forms submitted last fiscal will remain valid till June 30, 2020, since the Covid-19 pandemic has caused severe disruption in all sectors of the economy. While Form 15H is submitted by\u2026", "url": "https://economictimes.indiatimes.com/news/economy/policy/coronavirus-impact-i-t-dept-allows-more-time-to-individuals-to-file-tds-exemption-forms/articleshow/74981680.cms", "urlToImage": "https://img.etimg.com/thumb/msid-74981672,width-1070,height-580,imgsize-107880,overlay-economictimes/photo.jpg", "publishedAt": "2020-04-04T10:19:44Z", "content": "NEW DELHI: The Income Tax Department has allowed individuals to submit Form 15G and 15H for the current fiscal after June 30 for claiming exemption from TDS on interest income to mitigate the hardship of people amid the Covid-19 crisis. \r\nForms 15G and 15H ar\u2026 [+1625 chars]"}, {"source": {"id": "the-times-of-india", "name": "The Times of India"}, "author": "New York Times", "title": "What we pretend to know about the coronavirus could kill us", "description": "The coronavirus emerged in the middle of a golden age for media manipulation.", "url": "https://economictimes.indiatimes.com/news/international/world-news/what-we-pretend-to-know-about-the-coronavirus-could-kill-us/articleshow/74979906.cms", "urlToImage": "https://img.etimg.com/thumb/msid-74979917,width-1070,height-580,imgsize-612497,overlay-economictimes/photo.jpg", "publishedAt": "2020-04-04T07:52:38Z", "content": "By Charlie WarzelOther than a vaccine or an extra 500,000 ventilators, tests and hospital beds, reliable information is the best weapon we have against Covid-19. It allows us to act uniformly and decisively to flatten the curve. In an ideal pandemic scenario,\u2026 [+17998 chars]"}, {"source": {"id": "the-times-of-india", "name": "The Times of India"}, "author": null, "title": "Neymar donates $1 million to fight coronavirus", "description": "Neymar has donated $1 million to fight the impact of the new coronavirus in his native Brazil, according to TV network SBT. The Paris Saint-Germain star, the world's third-highest-paid footballer, donated part of the money to the United Nations Children's Fun\u2026", "url": "https://timesofindia.indiatimes.com/sports/football/top-stories/neymar-donates-1-million-to-fight-coronavirus/articleshow/74976965.cms", "urlToImage": "https://static.toiimg.com/thumb/msid-74976975,width-1070,height-580,imgsize-1194376,resizemode-75,overlay-toi_sw,pt-32,y_pad-40/photo.jpg", "publishedAt": "2020-04-04T02:53:00Z", "content": "RIO DE JANEIRO: Neymar has donated $1 million to fight the impact of the new coronavirus in his native Brazil, according to TV network SBT.\r\nThe Paris Saint-Germain star, the world's third-highest-paid footballer, donated part of the money to the United Natio\u2026 [+1335 chars]"}, {"source": {"id": "the-times-of-india", "name": "The Times of India"}, "author": null, "title": "FIFA cancels all June internationals over coronavirus", "description": "Football News: All international football matches scheduled for June were postponed on Friday following the first meeting of FIFA's coronavirus working group.", "url": "https://timesofindia.indiatimes.com/sports/football/top-stories/fifa-cancels-all-june-internationals-over-coronavirus/articleshow/74977760.cms", "urlToImage": "https://static.toiimg.com/thumb/msid-74977772,width-1070,height-580,imgsize-1308324,resizemode-75,overlay-toi_sw,pt-32,y_pad-40/photo.jpg", "publishedAt": "2020-04-04T04:30:04Z", "content": "The coronavirus-enforced break has given India\u2019s cricketers the opportunity to spend quality time with family and put the pause button on their hectic schedules. For many of them, this break may well turn out to be a blessing in disguise. Some of the senior p\u2026 [+118 chars]"}, {"source": {"id": "the-times-of-india", "name": "The Times of India"}, "author": null, "title": "Serbia's Prijovic arrested for violating coronavirus curfew", "description": "Serbia striker Aleksandar Prijovic was arrested on Friday for violating the Balkan nation's coronavirus curfew, police said on Saturday. \"Prijovic was arrested along with several other people and they've been summoned to the prosecutor's office,\" national pol\u2026", "url": "https://timesofindia.indiatimes.com/sports/football/top-stories/serbias-prijovic-arrested-for-violating-coronavirus-curfew/articleshow/74981702.cms", "urlToImage": "https://static.toiimg.com/thumb/msid-74981713,width-1070,height-580,imgsize-1519480,resizemode-75,overlay-toi_sw,pt-32,y_pad-40/photo.jpg", "publishedAt": "2020-04-04T10:02:58Z", "content": "The coronavirus-enforced break has given India\u2019s cricketers the opportunity to spend quality time with family and put the pause button on their hectic schedules. For many of them, this break may well turn out to be a blessing in disguise. Some of the senior p\u2026 [+118 chars]"}, {"source": {"id": "the-times-of-india", "name": "The Times of India"}, "author": "Malini Goyal, G Seetharaman, Shantanu Nandan Sharma", "title": "Coronavirus: Faced with an unprecedented challenge, how is India faring?", "description": "The war against Covid-19 has also opened a battlefront elsewhere. The unprecedented 21-day lockdown has unsettled lives, halted the economy and pushed India Inc deeper into crisis even as pain on the employment front looks inevitable. These difficulties are o\u2026", "url": "https://economictimes.indiatimes.com/news/politics-and-nation/coronavirus-faced-with-an-unprecedented-challenge-how-is-india-faring/articleshow/74986805.cms", "urlToImage": "https://img.etimg.com/thumb/msid-74986877,width-1070,height-580,imgsize-211302,overlay-economictimes/photo.jpg", "publishedAt": "2020-04-04T17:30:00Z", "content": "On Friday morning, shortly after Prime Minister Narendra Modi exhorted his countrymen to light candles and lamps as a gesture of a united fight against Covid-19, polarised reactions poured out on social media. Why is the PM focusing on a seemingly pointless r\u2026 [+12821 chars]"}, {"source": {"id": "the-times-of-india", "name": "The Times of India"}, "author": "\u0935\u093f\u0915\u094d\u0930\u092e \u0921\u0949\u0915\u094d\u091f\u0930", "title": "Coronavirus impact: How we forgot and rediscovered our balconies", "description": "Juliet stood on her balcony to see and be seen by Romeo. When a new Pope is elected he stands on a balcony in the Vatican for the world to see him and for him to bless the world.", "url": "https://economictimes.indiatimes.com/news/politics-and-nation/coronavirus-impact-how-we-forgot-and-rediscovered-our-balconies/articleshow/74976407.cms", "urlToImage": "https://img.etimg.com/thumb/msid-74976432,width-1070,height-580,imgsize-234644,overlay-economictimes/photo.jpg", "publishedAt": "2020-04-04T01:48:57Z", "content": "It started with Italians in self isolation, singing. Then there were people clapping or banging pots, either in protest or support. People have been exercising \u2013 one man ran the equivalent of a marathon. Others pull up groceries from the street. One man guide\u2026 [+4435 chars]"}, {"source": {"id": "the-times-of-india", "name": "The Times of India"}, "author": "Times Of India", "title": "Three new coronavirus positive cases in Vasai", "description": "MUMBAI: Three persons from Rajodi village in Vasai tested positive for COVID-19 on Saturday taking the number of cases to 14.", "url": "https://timesofindia.indiatimes.com/city/mumbai/mumbai-three-new-coronavirus-positive-cases-in-vasai/articleshow/74984261.cms", "urlToImage": "https://static.toiimg.com/thumb/msid-74984457,width-1070,height-580,imgsize-95880,resizemode-75,overlay-toi_sw,pt-32,y_pad-40/photo.jpg", "publishedAt": "2020-04-04T13:07:08Z", "content": "Subscribe\r\nStart Your Daily Mornings with Times of India Newspaper!Order Now"}, {"source": {"id": "the-times-of-india", "name": "The Times of India"}, "author": "Mihir Mishra", "title": "Coronavirus lockdown: Booking for post-April 14 flights gets lukewarm response", "description": "The fact that the government has allowed non-essential cargo for industry to be ferried for a fee has also opened up a potential business avenue for airlines, which are struggling with a loss of revenue due to the grounding of flights.", "url": "https://economictimes.indiatimes.com/industry/transportation/airlines-/-aviation/coronavirus-lockdown-booking-for-post-april-14-flights-gets-lukewarm-response/articleshow/74976681.cms", "urlToImage": "https://img.etimg.com/thumb/msid-74976677,width-1070,height-580,imgsize-,overlay-economictimes/photo.jpg", "publishedAt": "2020-04-04T02:38:17Z", "content": "New Delhi: With indications that the lockdown will be lifted after April 14, some private airlines and travel agents have noticed a tentative resumption in flight bookings starting April 15, reports Mihir Mishra. However, the response is still lukewarm and no\u2026 [+706 chars]"}, {"source": {"id": "the-times-of-india", "name": "The Times of India"}, "author": null, "title": "CONCACAF Nations League finals postponed due to coronavirus pandemic", "description": "The CONCACAF Nations League finals scheduled to be staged in Texas in June have been postponed indefinitely due to the coronavirus pandemic, the region's governing body said Friday.", "url": "https://timesofindia.indiatimes.com/sports/football/top-stories/concacaf-nations-league-finals-postponed-due-to-coronavirus-pandemic/articleshow/74978017.cms", "urlToImage": "https://static.toiimg.com/thumb/msid-74978015,width-1070,height-580,imgsize-1163177,resizemode-75,overlay-toi_sw,pt-32,y_pad-40/photo.jpg", "publishedAt": "2020-04-04T04:58:25Z", "content": "The coronavirus-enforced break has given India\u2019s cricketers the opportunity to spend quality time with family and put the pause button on their hectic schedules. For many of them, this break may well turn out to be a blessing in disguise. Some of the senior p\u2026 [+118 chars]"}, {"source": {"id": "the-times-of-india", "name": "The Times of India"}, "author": "Reuters", "title": "IMF sees coronavirus-induced global downturn 'way worse' than financial crisis", "description": "The IMF's managing director, Kristalina Georgieva, speaking at a rare joint news conference with the leader of the World Health Organization (WHO), called on advanced economies to step up their efforts to help emerging markets and developing countries survive\u2026", "url": "https://economictimes.indiatimes.com/news/international/business/imf-sees-coronavirus-induced-global-downturn-way-worse-than-financial-crisis/articleshow/74979304.cms", "urlToImage": "https://img.etimg.com/thumb/msid-74978788,width-1070,height-580,imgsize-222867,overlay-etmarkets/photo.jpg", "publishedAt": "2020-04-04T06:26:12Z", "content": "WASHINGTON/GENEVA - The coronavirus pandemic has brought the global economy to a standstill and plunged the world into a recession that will be \"way worse\" than the global financial crisis a decade ago, the head of the International Monetary Fund said on Frid\u2026 [+3481 chars]"}, {"source": {"id": "the-times-of-india", "name": "The Times of India"}, "author": "PTI", "title": "Billionaire Gautam Adani commits to support fight against coronavirus", "description": "Adani said the group employees contributed about Rs 4 crore towards the Covid-19 relief efforts and Adani Foundation matched it with another Rs 4 crore to take the total to Rs 8 crore relief projects in India.", "url": "https://economictimes.indiatimes.com/news/company/corporate-trends/billionaire-gautam-adani-commits-to-support-fight-against-coronavirus/articleshow/74983932.cms", "urlToImage": "https://img.etimg.com/thumb/msid-74983976,width-1070,height-580,imgsize-90015,overlay-economictimes/photo.jpg", "publishedAt": "2020-04-04T12:48:30Z", "content": "Billionaire Gautam Adani has committed his infrastructure conglomerate to support the government and citizens in fight against coronavirus outbreak by pulling together resources. In a blog titled 'Adani Parivaar puts heart and sweat in India's battle against \u2026 [+3202 chars]"}, {"source": {"id": "the-times-of-india", "name": "The Times of India"}, "author": "Indiatimes", "title": "1,480 Coronavirus Deaths In 24 Hours In The US, But Donald Trump Says Wearing Masks 'Voluntary'", "description": "The United States recorded nearly 1,500 deaths from COVID-19 between Thursday and Friday, according to the Johns Hopkins University tracker, the worst 24-hour death toll globally since the pandemic began.", "url": "https://www.indiatimes.com/news/world/1480-coronavirus-deaths-in-24-hours-in-the-us-but-trump-says-wearing-masks-voluntary-510062.html", "urlToImage": "https://im.indiatimes.in/content/2020/Apr/FBImage12-6_5e884975e35a3.jpg", "publishedAt": "2020-04-04T08:25:35Z", "content": "The United States recorded nearly 1,500 deaths from COVID-19 between Thursday and Friday, according to the Johns Hopkins University tracker, the worst 24-hour death toll globally since the pandemic began.\r\nWith 1,480 deaths counted between 8:30 pm (0030 GMT) \u2026 [+1379 chars]"}, {"source": {"id": "the-times-of-india", "name": "The Times of India"}, "author": "Indiatimes", "title": "India Nears 3,000 Coronavirus Cases Mark, Surge Related To Delhi Event + More Top News", "description": "In the briefing on Saturday, the Union Health Ministry said as many as 1,023 COVID-19 positive cases found in 17 states have been traced to the Tablighi Jamaat congregation. It underlined that about 30 per cent of the total coronavirus cases in the country ar\u2026", "url": "https://www.indiatimes.com/news/india/india-nears-3000-coronavirus-cases-mark-surge-related-to-delhi-event-more-top-news-510089.html", "urlToImage": "https://im.indiatimes.in/content/2020/Apr/iPiccy-collage_5e8880bcc5c89.jpg", "publishedAt": "2020-04-04T13:00:47Z", "content": "In the briefing on Saturday, the Union Health Ministry said as many as 1,023 COVID-19 positive cases found in 17 states have been traced to the Tablighi Jamaat congregation. It underlined that about 30 per cent of the total coronavirus cases in the country ar\u2026 [+1584 chars]"}, {"source": {"id": "the-times-of-india", "name": "The Times of India"}, "author": "Sarthak Dogra", "title": "Promising Coronavirus Vaccine Has Just Been Peer-Reviewed, Raising Hopes For Early Production", "description": "A new study on COVID 19 Vaccine claims to be the first one to be successfully reviewed by fellow scientists. If and when prodcued, the vaccine will be delivered through a finger size patch with micro-needles that will dissolve into the skin. Read all about th\u2026", "url": "https://www.indiatimes.com/technology/news/first-of-its-kind-study-on-coronavirus-vaccine-can-fight-off-virus-successfully-510077.html", "urlToImage": "https://im.indiatimes.in/content/2020/Apr/microneedle_5e886c6719845.jpg", "publishedAt": "2020-04-04T10:45:15Z", "content": "Reports on another potential coronavirus vaccine have surfaced. There is, however, a unique aspect to this one. It claims to be the first to be successfully tested by fellow scientists.\r\nAs meant for, the vaccine is able to produce antibodies that can fight o\u2026 [+2092 chars]"}, {"source": {"id": "the-times-of-india", "name": "The Times of India"}, "author": "Isha Sharma", "title": "Singer Pink & Her 3-Year Old Son Recover From Coronavirus, Donate One Million To Relief Funds!", "description": "Singer Pink on Saturday revealed that she, too, has tested positive for coronavirus. However, a re-test done a few days ago showed the results negatively.", "url": "https://www.indiatimes.com/entertainment/celebs/singer-pink-her-3-year-old-son-recover-from-coronavirus-donates-one-million-to-relief-funds-510074.html", "urlToImage": "https://im.indiatimes.in/content/2020/Apr/FBImage20_5e886bcfb1569.jpg", "publishedAt": "2020-04-04T10:42:34Z", "content": "On Saturday, Singer Pink took to social media to share a piece of important news. She revealed that she, too, has tested positive for coronavirus. However, a re-test done a few days ago showed the results negatively.\u00a0\r\nThe 40-year-old singer took to Instagram\u2026 [+3218 chars]"}, {"source": {"id": "the-times-of-india", "name": "The Times of India"}, "author": "Basit Aijaz", "title": "In Ecuador's Guayaquil, Bodies Are Left In Streets As Coronavirus Overloads Public Services", "description": "The current situation in South American country of Ecuador is so grim that bodies are seen lying on streets as coronavirus overwhelms country's public services.", "url": "https://www.indiatimes.com/news/world/in-ecuadorian-city-of-guayaquil-bodies-are-being-left-in-streets-as-coronavirus-overloads-public-services-510076.html", "urlToImage": "https://im.indiatimes.in/content/2020/Apr/ec_5e8869d6f1622.jpg", "publishedAt": "2020-04-04T11:10:52Z", "content": "The coronavirus pandemic has wrecked havoc across the world and put life at a complete standstill. More than a million people have been infected and close to 60,000 deaths have been reported.\u00a0\r\nGovernments across the globe are scrapping and taking extreme mea\u2026 [+1507 chars]"}, {"source": {"id": "the-times-of-india", "name": "The Times of India"}, "author": "Basit Aijaz", "title": "Coronavirus: Indian Railways Has Begun Plans To Resume Services From April 15", "description": "While there is still no confirmation if the lockdown will end on April 14, railways has begun preparing to resume all its services from April 15, of its passenger trains in the wake of the coronavirus outbreak.", "url": "https://www.indiatimes.com/news/india/coronavirus-indian-railways-has-begun-plans-to-resume-services-from-april-15-510080.html", "urlToImage": "https://im.indiatimes.in/content/2020/Apr/indian-railways-l-pti_5e886da779c23.jpg", "publishedAt": "2020-04-04T11:45:30Z", "content": "After Prime Minister Narendra Modi announced a 21-day lockdown which came into effect on March 25, Indian Railways halted its services for the same period.\u00a0\r\nWhile there is still no confirmation if the lockdown will end on April 14,\u00a0railways has begun prepari\u2026 [+1545 chars]"}, {"source": {"id": "the-times-of-india", "name": "The Times of India"}, "author": "Basit Aijaz", "title": "Around 80% Of The Coronavirus Cases In Indore Have No Travel History And It's Worrying", "description": "According to health officials, around 80% of the COVID-19 positive people in Indore have no travel history, pointing at the the possible local transmission in the city.", "url": "https://www.indiatimes.com/news/india/around-80-of-the-coronavirus-cases-in-indore-have-no-travel-history-510044.html", "urlToImage": "https://im.indiatimes.in/content/2020/Apr/FBImage7-12_5e8829d6c41f5.jpg", "publishedAt": "2020-04-04T06:15:40Z", "content": "According to health officials, around 80% of the COVID-19 positive people in Indore have no travel history, pointing at the the possible local transmission in the city.\u00a0\r\nMadhya Pradesh's business capital reported its first coronavirus cases on March 25, four\u2026 [+1610 chars]"}, {"source": {"id": "the-times-of-india", "name": "The Times of India"}, "author": "Basit Aijaz", "title": "UK's Youngest Coronavirus Casualty Is A 13 Yr-Old Boy Whose Parents Couldn't Attend His Funeral", "description": "UK has so far recorded more than 173,000 cases of the novel virus, with 3,605 deaths. The casualty list includes a 13-year-old, who is said to be the youngest to die of the disease in Britain.", "url": "https://www.indiatimes.com/news/world/uk-youngest-coronavirus-casualty-is-a-13-yr-old-boy-whose-parents-couldnt-attend-his-funeral-510050.html", "urlToImage": "https://im.indiatimes.in/content/2020/Apr/FBImage8-15_5e88325a3edc5.jpg", "publishedAt": "2020-04-04T06:45:47Z", "content": "As coronavirus pandemic spreads across the United Kingdom, the region is reeling under overwhelming cases of coronavirus that has already lead to thousands of casualties.\u00a0\r\nUK has so far recorded more than 173,000 cases of the novel virus, with 3,605 deaths. \u2026 [+1474 chars]"}, {"source": {"id": "the-times-of-india", "name": "The Times of India"}, "author": "Indiatimes", "title": "Coronavirus: Bhaichung Bhutia Urges PM Modi To Provide Test Kits To Sikkim", "description": "Indian football great Bhaichung Bhutia has urged Prime Minister Narendra Modi to provide testing kits to his home state of Sikkim to fight the coronavirus pandemic.", "url": "https://www.indiatimes.com/sports/coronavirus-bhaichung-bhutia-urges-pm-narendra-modi-to-provide-test-kits-to-sikkim-510059.html", "urlToImage": "https://im.indiatimes.in/content/2020/Apr/FBImage11_5e88476c205e3.jpg", "publishedAt": "2020-04-04T08:40:25Z", "content": "Indian football great Bhaichung Bhutia has urged Prime Minister Narendra Modi to provide testing kits to his home state of Sikkim to fight the coronavirus pandemic.\u00a0\r\nHe also requested PM to take strict action against the people who had attacked a team of hea\u2026 [+1846 chars]"}, {"source": {"id": "the-times-of-india", "name": "The Times of India"}, "author": "Basit Aijaz", "title": "Coronavirus: London's Heathrow Airport Is Being Used To Shelter 200 Homeless People", "description": "Britain most bustling Heathrow airport in London is being reportedly used to house around 200 homeless people, according to the report by BBC.", "url": "https://www.indiatimes.com/news/world/coronavirus-londons-heathrow-airport-is-being-used-to-shelter-200-homeless-people-510068.html", "urlToImage": "https://im.indiatimes.in/content/2020/Apr/lon_5e885c626c100.jpg", "publishedAt": "2020-04-04T10:15:03Z", "content": "Coronavirus pandemic continues to have a devastating effect world over. One of the countries that is reeling heavily under it is United Kingdom.\u00a0\r\nUK has so far recorded more than 1,73,000 cases of the novel virus with 3,605 deaths. As people are confined to \u2026 [+1541 chars]"}, {"source": {"id": "the-times-of-india", "name": "The Times of India"}, "author": "Shweta Sengar", "title": "Delhi Police Records 42% Drop In Crime Rate Since March 15 Due To Coronavirus Lockdown", "description": "Crime rate in the national capital New Delhi has dropped drastically given that the country is under a lockdown starting March 25 till April 14, until further notice.", "url": "https://www.indiatimes.com/news/india/delhi-police-records-42-drop-in-crime-rate-since-march-15-due-to-coronavirus-lockdown-510069.html", "urlToImage": "https://im.indiatimes.in/content/2020/Apr/FBImage17-3_5e8867e537372.jpg", "publishedAt": "2020-04-04T10:30:41Z", "content": "Crime rate in the national capital New Delhi has dropped drastically given that the country is under a lockdown starting March 25 till April 14, until further notice.\r\nThe Delhi Police said the crime rate in Delhi dropped by 42 per cent since March 15 when re\u2026 [+2071 chars]"}, {"source": {"id": "the-times-of-india", "name": "The Times of India"}, "author": "Indiatimes", "title": "MP Man, 11 Family Members Who Threw Feast For Over 1,500 People Test Positive For Coronavirus", "description": "A Dubai-returned man and at least 11 of his family members have tested positive for the novel coronavirus in Madhya Pradesh's Morena district on April 3.", "url": "https://www.indiatimes.com/news/india/mp-man-11-family-members-who-threw-feast-for-over-1500-people-test-positive-for-coronavirus-510037.html", "urlToImage": "https://im.indiatimes.in/content/2020/Apr/FBImage3-13_5e881ab0e2bba.jpg", "publishedAt": "2020-04-04T05:05:10Z", "content": "A Dubai-returned man and at least 11 of his family members have tested positive for the novel coronavirus in Madhya Pradesh's Morena district on April 3.\r\nThey contracted the infection days after organising a feast for over 1,500 people in the honour of the m\u2026 [+1247 chars]"}, {"source": {"id": "the-times-of-india", "name": "The Times of India"}, "author": "Shweta Sengar", "title": "Kudos! Delhi Police Is Helping Pregnant Women In Labour Reach Hospitals In Coronavirus Lockdown", "description": "While the country is under a lockdown due to the coronavirus pandemic, the Police in every part are doing their part of controlling the law and order situation and checking people if they venture out of homes.", "url": "https://www.indiatimes.com/news/india/kudos-delhi-police-is-helping-pregnant-women-in-labour-reach-hospitals-in-coronavirus-lockdown-510046.html", "urlToImage": "https://im.indiatimes.in/content/2020/Apr/iPiccy-collage_5e882b97f3740.jpg", "publishedAt": "2020-04-04T06:45:52Z", "content": "While the country is under a lockdown due to the coronavirus pandemic, the police in every region are doing their part of controlling the law and order situation and checking people if they venture out of homes.\r\nHowever, the Delhi Police has been doing more \u2026 [+2237 chars]"}, {"source": {"id": "the-times-of-india", "name": "The Times of India"}, "author": "Shreya Chauhan", "title": "Turns Out, Anti-Parasite Drug Used To Treat Head Lice May Be Able To Kill Coronavirus", "description": "Click here to read up about the study that has found that an anti-parasite drug can kill coronavirus in lab in 2 days.", "url": "https://www.indiatimes.com/trending/social-relevance/anti-parasite-drug-can-kill-covid-19-cells-in-lab-within-48-hours-510086.html", "urlToImage": "https://im.indiatimes.in/content/2020/Apr/anti-parasite_5e8880b4e3bf7.jpg", "publishedAt": "2020-04-04T12:55:54Z", "content": "Scientists and researchers around the world are working towards finding a vaccine to treat COVID-19. Now, Monash University-led study has found that an anti-parasitic drug found around the world can kill COVID-19 in the lab within 48 hours.\r\nThe drug Ivermect\u2026 [+1300 chars]"}, {"source": {"id": "the-times-of-india", "name": "The Times of India"}, "author": "Shreya Chauhan", "title": "Scientists Believe Coronavirus Lockdown Might Lead To Biggest Fall In CO2 Emissions Since WWII", "description": "Click here to read up on the decrease in carbon dioxide emission due to worldwide coronavirus lockdown.", "url": "https://www.indiatimes.com/trending/environment/coronavirus-lockdown-might-lead-to-biggest-fall-in-co2-emissions-since-wwii-scientists-believe-510061.html", "urlToImage": "https://im.indiatimes.in/content/2020/Apr/hydro-fluorocarbons-1280x720_5e88451c275f4.jpg", "publishedAt": "2020-04-04T09:00:04Z", "content": "Lockdowns around the world post the coronavirus pandemic outbreak have resulted in a drastic decrease in air pollution in countries like China, Italy, India and major parts of USA, too.\u00a0\r\nHowever, the fall in this years world carbon dioxide pollution\u00a0might ju\u2026 [+1401 chars]"}, {"source": {"id": "the-times-of-india", "name": "The Times of India"}, "author": "Reuters", "title": "IMF sees coronavirus-induced global downturn 'way worse' than financial crisis", "description": "The IMF's managing director, Kristalina Georgieva, speaking at a rare joint news conference with the leader of the World Health Organization (WHO), called on advanced economies to step up their efforts to help emerging markets and developing countries survive\u2026", "url": "https://economictimes.indiatimes.com/news/international/business/imf-sees-coronavirus-induced-global-downturn-way-worse-than-financial-crisis/articleshow/74978719.cms", "urlToImage": "https://img.etimg.com/thumb/msid-74978788,width-1070,height-580,imgsize-222867,overlay-economictimes/photo.jpg", "publishedAt": "2020-04-04T06:26:12Z", "content": "WASHINGTON/GENEVA - The coronavirus pandemic has brought the global economy to a standstill and plunged the world into a recession that will be \"way worse\" than the global financial crisis a decade ago, the head of the International Monetary Fund said on Frid\u2026 [+3481 chars]"}, {"source": {"id": "the-times-of-india", "name": "The Times of India"}, "author": null, "title": "FIFA extends men's age limit for Tokyo Olympics due to coronavirus pandemic", "description": "FIFA has extended the age limit for the men's soccer tournament at the rescheduled Tokyo Olympics due to the coronavirus pandemic. The amended Olympic rule on Friday retains the \"players born on or after Jan. 1, 1997\" standard for the Tokyo Games following a \u2026", "url": "https://timesofindia.indiatimes.com/sports/football/top-stories/fifa-extends-mens-age-limit-for-tokyo-olympics-due-to-coronavirus-pandemic/articleshow/74977263.cms", "urlToImage": "https://static.toiimg.com/thumb/msid-74977260,width-1070,height-580,imgsize-1109883,resizemode-75,overlay-toi_sw,pt-32,y_pad-40/photo.jpg", "publishedAt": "2020-04-04T03:27:46Z", "content": "GENEVA: FIFA has extended the age limit for the men's soccer tournament at the rescheduled Tokyo Olympics due to the coronavirus pandemic.\r\nThe amended Olympic rule on Friday retains the \"players born on or after Jan. 1, 1997\" standard for the Tokyo Games fol\u2026 [+2160 chars]"}, {"source": {"id": "the-times-of-india", "name": "The Times of India"}, "author": "TIMESOFINDIA.COM", "title": "Shah Rukh and Gauri Khan offer personal office space in Mumbai for quarantine amidst Coronavirus outbreak", "description": "Shah Rukh and Gauri Khan offer personal office space in Mumbai for quarantine amidst Coronavirus outbreak indiatimes.com", "url": "https://timesofindia.indiatimes.com/entertainment/hindi/bollywood/news/shah-rukh-and-gauri-khan-offer-personal-office-space-in-mumbai-for-quarantine-amidst-coronavirus-outbreak/articleshow/74979572.cms", "urlToImage": "https://static.toiimg.com/thumb/msid-74979572,width-1070,height-580,overlay-toi_sw,pt-32,y_pad-40,resizemode-75,imgsize-420860/74979572.jpg", "publishedAt": "2020-04-04T07:40:37Z", "content": null}]}