{"status": "ok", "totalResults": 102, "articles": [{"source": {"id": "the-times-of-india", "name": "The Times of India"}, "author": "TNN", "title": "Rlys: At least 12 coronavirus-infected took trains in 4 days", "description": "At least 12 Covid-19 infected people have travelled in trains between March 13 and 16, the railways said on Saturday. In a tweet, the ministry said, \u201cRailways has found some cases of coronavirus-infected passengers in trains which makes train travel risky. Av\u2026", "url": "https://timesofindia.indiatimes.com/india/rlys-at-least-12-coronavirus-infected-took-trains-in-4-days/articleshow/74754282.cms", "urlToImage": "https://static.toiimg.com/thumb/msid-74754287,width-1070,height-580,imgsize-271815,resizemode-75,overlay-toi_sw,pt-32,y_pad-40/photo.jpg", "publishedAt": "2020-03-21T21:21:56Z", "content": "Subscribe\r\nStart Your Daily Mornings with Times of India Newspaper!Order Now"}, {"source": {"id": "the-times-of-india", "name": "The Times of India"}, "author": "TNN", "title": "Coronavirus: 40% of cases in India recorded in last 2 days", "description": "Kerala (12), Maharashtra (11) and Punjab (10) reported new cases in double digits even as the national count in the past two days alone stood at 133, accounting for 40% of all cases since the first one was confirmed on January 30.", "url": "https://timesofindia.indiatimes.com/india/coronavirus-40-of-cases-in-india-recorded-in-last-2-days/articleshow/74754244.cms", "urlToImage": "https://static.toiimg.com/thumb/msid-74754243,width-1070,height-580,imgsize-451022,resizemode-75,overlay-toi_sw,pt-32,y_pad-40/photo.jpg", "publishedAt": "2020-03-21T19:57:52Z", "content": "Subscribe\r\nStart Your Daily Mornings with Times of India Newspaper!Order Now"}, {"source": {"id": "the-times-of-india", "name": "The Times of India"}, "author": null, "title": "Coronavirus live updates: Air India flight set to bring back 262 Indians from Italy", "description": "Coronavirus has infected more than 2,70,000 people and killed more than 11,000 across the world. Meanwhile, India has reported four deaths and 283 cases so far. In his address to the nation, PM Modi called for Janata Curfew on March 22 and urged people to avo\u2026", "url": "http://timesofindia.indiatimes.com/india/coronavirus-live-updates-total-confirmed-coronavirus-cases-in-india-janata-curfew-today-22-march-2020/articleshow/74754269.cms", "urlToImage": null, "publishedAt": "2020-03-21T20:59:53Z", "content": null}, {"source": {"id": "the-times-of-india", "name": "The Times of India"}, "author": "DP Bhattacharya", "title": "Gujarat under lockdown as coronavirus cases surge to 14", "description": "Barring shops dealing in medicines, vegetable, grocery and other essentials all shops and malls shall remain shut across Ahmedabad, Rajkot, Vadodara and Surat till March 25 while the government offices, boards, corporations and local bodies shall work on fift\u2026", "url": "https://economictimes.indiatimes.com/news/politics-and-nation/gujarat-under-lockdown-as-coronavirus-cases-surge-to-14/articleshow/74752938.cms", "urlToImage": "https://img.etimg.com/thumb/msid-74752942,width-1070,height-580,imgsize-1085633,overlay-economictimes/photo.jpg", "publishedAt": "2020-03-21T17:20:49Z", "content": "Gandhinagar: As the number of Covid positive cases go up to 14 in Gujarat, the state government has decided to shut down the non-essential business in four major cities till March 25.\r\nBarring shops dealing in medicines, vegetable, grocery and other essential\u2026 [+1053 chars]"}, {"source": {"id": "the-times-of-india", "name": "The Times of India"}, "author": "PTI", "title": "Financial service providers step up measures to fight coronavirus, urge digital usage", "description": "SBI Card in a communication to customers has said it is ensuring that services remain uninterrupted.  Country's largest life insurer, state-owned LIC, has asked all its customers to register on its customer portal to avail online services like premium payment\u2026", "url": "https://economictimes.indiatimes.com/news/economy/policy/financial-service-providers-step-up-measures-to-fight-coronavirus-urge-digital-usage/articleshow/74746550.cms", "urlToImage": "https://img.etimg.com/thumb/msid-74746575,width-1070,height-580,imgsize-348263,overlay-economictimes/photo.jpg", "publishedAt": "2020-03-21T10:23:22Z", "content": "New Delhi: To combat the spread of Covid-19 outbreak, financial services providers have initiated proactive measures to ensure that critical services remain uninterrupted and have asked customers to prioritise the usage of digital mediums. SBI Card in a commu\u2026 [+1829 chars]"}, {"source": {"id": "the-times-of-india", "name": "The Times of India"}, "author": "PTI", "title": "Coronavirus: Government offices in Chhattisgarh to remain shut till Mar 31", "description": "So far, one confirmed case of coronavirus has been detected in the state, where schools, colleges, universities, anganwadis, public libraries, swimming pools, cinema halls, multiplexes, water parks, malls, coaching centres, clubs, beauty parlour, spa and gyms\u2026", "url": "https://economictimes.indiatimes.com/news/politics-and-nation/coronavirus-government-offices-in-chhattisgarh-to-remain-shut-till-mar-31/articleshow/74747914.cms", "urlToImage": "https://img.etimg.com/thumb/msid-74747917,width-1070,height-580,imgsize-493646,overlay-economictimes/photo.jpg", "publishedAt": "2020-03-21T11:46:05Z", "content": "Raipur: In a major decision aimed at curbing the spread of coronavirus, the Chhattisgarh government on Saturday ordered to keep all its offices, except those providing essential and emergency services, shut till March 31, officials said.\r\nOperations of buses \u2026 [+1326 chars]"}, {"source": {"id": "the-times-of-india", "name": "The Times of India"}, "author": "PTI", "title": "Coronavirus: Gehlot orders lockdown in Rajasthan till Mar 31, exempts essential services", "description": "here will be a \"complete lockdown\", barring essential and medical services, in the state from March 22-March 31 to contain the spread of novel coronavirus and keep people safe, he said in a statement.", "url": "https://economictimes.indiatimes.com/news/politics-and-nation/coronavirus-gehlot-orders-lockdown-in-rajasthan-till-mar-31-exempts-essential-services/articleshow/74753873.cms", "urlToImage": "https://img.etimg.com/thumb/msid-74753897,width-1070,height-580,imgsize-587318,overlay-economictimes/photo.jpg", "publishedAt": "2020-03-21T18:29:45Z", "content": "Jaipur: Rajasthan Chief Minister Ashok Gehlot on Saturday directed a \"complete lockdown\" in the state, except for essential services, till March 31. There will be a \"complete lockdown\", barring essential and medical services, in the state from March 22-March \u2026 [+391 chars]"}, {"source": {"id": "the-times-of-india", "name": "The Times of India"}, "author": null, "title": "Google\u2019s dedicated website for coronavirus launches - Times of India", "description": "Google\u2019s dedicated website for coronavirus launches Times of India Google launching COVID-19 educational website ABC 10 News Google\u2019s coronavirus website finally launches alongside enhanced search results The Verge Google Launches COVID-19 Info Site & New Sea\u2026", "url": "https://timesofindia.indiatimes.com/gadgets-news/googles-dedicated-website-for-coronavirus-launches/articleshow/74752424.cms", "urlToImage": "https://static.toiimg.com/thumb/msid-74752411,width-1070,height-580,imgsize-130107,resizemode-75,overlay-toi_sw,pt-32,y_pad-40/photo.jpg", "publishedAt": "2020-03-21T17:07:53Z", "content": null}, {"source": {"id": "the-times-of-india", "name": "The Times of India"}, "author": "Reuters", "title": "Australia's Bondi Beach closed after crowds defy coronavirus rules - Times of India", "description": "Australia's Bondi Beach closed after crowds defy coronavirus rules Times of India Australia hunts 2,700 cruise passengers over coronavirus fears Hindustan Times Coronavirus live updates: Singapore reports first two fatalities, deaths jump in Spain and Italy T\u2026", "url": "https://timesofindia.indiatimes.com/world/rest-of-world/australias-bondi-beach-closed-after-crowds-defy-coronavirus-rules/articleshow/74743475.cms", "urlToImage": "https://static.toiimg.com/thumb/msid-74743539,width-1070,height-580,imgsize-337558,resizemode-75,overlay-toi_sw,pt-32,y_pad-40/photo.jpg", "publishedAt": "2020-03-21T06:55:04Z", "content": "Subscribe\r\nStart Your Daily Mornings with Times of India Newspaper!Order Now"}, {"source": {"id": "the-times-of-india", "name": "The Times of India"}, "author": "TIMESOFINDIA.COM", "title": "Coronavirus recovery: Having COVID-19 was the worst feeling ever - Times of India", "description": "A 60-year-old woman who survived COVID-19 tells how she felt dealing with the disease. Dr. Clare Gerada, General Pr", "url": "https://timesofindia.indiatimes.com/life-style/health-fitness/health-news/coronavirus-recovery-having-covid-19-was-the-worst-feeling-ever/articleshow/74749040.cms", "urlToImage": "https://static.toiimg.com/photo/msid-74749002/74749002.jpg?1771522", "publishedAt": "2020-03-21T18:48:55Z", "content": "A 60-year-old woman who survived COVID-19 tells how she felt dealing with the disease. Dr. Clare Gerada, General Practitioner in Lambeth, South London, and former chair of the Royal College of GPs is a coronavirus survivor from UK. \r\nShe recalls how she was p\u2026 [+2391 chars]"}, {"source": {"id": "the-times-of-india", "name": "The Times of India"}, "author": "Times Of India", "title": "Coronavirus: 3 states lock down 70 million in US - Times of India", "description": "Coronavirus: 3 states lock down 70 million in US Times of India Italy reports record 627 new coronavirus deaths taking toll over 4,000 Livemint Italy's Coronavirus Toll Crosses 4,000 After 627 New Deaths Reported in a Single Day News18 Virus deaths pass 10,00\u2026", "url": "https://timesofindia.indiatimes.com/world/us/coronavirus-3-states-lock-down-70-million-in-us/articleshow/74741629.cms", "urlToImage": "https://static.toiimg.com/thumb/msid-47529300,width-1070,height-580,imgsize-110164,resizemode-75,overlay-toi_sw,pt-32,y_pad-40/photo.jpg", "publishedAt": "2020-03-21T04:02:31Z", "content": "Subscribe\r\nStart Your Daily Mornings with Times of India Newspaper!Order Now"}, {"source": {"id": "the-times-of-india", "name": "The Times of India"}, "author": "TNN", "title": "Sent for H1N1 test, Pune woman's throat swab positive for coronavirus - Times of India", "description": "Sent for H1N1 test, Pune woman's throat swab positive for coronavirus Times of India Coronavirus: Mumbai reports 10 fresh cases, total count at 63 in Maharashtra Livemint Big Rise in Coronavirus Cases in Maharashtra, We are Heading Towards Stage 3, Says State\u2026", "url": "https://timesofindia.indiatimes.com/city/pune/sent-for-h1n1-test-pune-womans-throat-swab-positive-for-coronavirus/articleshow/74745075.cms", "urlToImage": "https://static.toiimg.com/thumb/msid-74745103,width-1070,height-580,imgsize-97073,resizemode-75,overlay-toi_sw,pt-32,y_pad-40/photo.jpg", "publishedAt": "2020-03-21T09:40:01Z", "content": "Subscribe\r\nStart Your Daily Mornings with Times of India Newspaper!Order Now"}, {"source": {"id": "the-times-of-india", "name": "The Times of India"}, "author": "TNN", "title": "Coronavirus: Didi against trains entering West Bengal", "description": "India News: KOLKATA: West Bengal CM Mamata Banerjee has called for an immediate stop to inter-state trains entering Bengal as there is no mechanism on trains to s.", "url": "https://timesofindia.indiatimes.com/india/coronavirus-didi-against-trains-entering-west-bengal/articleshow/74754402.cms", "urlToImage": "https://static.toiimg.com/thumb/msid-47529300,width-1070,height-580,imgsize-110164,resizemode-75,overlay-toi_sw,pt-32,y_pad-40/photo.jpg", "publishedAt": "2020-03-21T22:52:47Z", "content": "Subscribe\r\nStart Your Daily Mornings with Times of India Newspaper!Order Now"}, {"source": {"id": "the-times-of-india", "name": "The Times of India"}, "author": "IANS", "title": "111 labs across country to test coronavirus", "description": "At least 111 labs will conduct test for diagnosis of Covid-19 across India, the ministry of health said on Saturday. These testing labs include both govt and private sectors. While the capping the prices of the tests is still under discussion, people are advi\u2026", "url": "https://timesofindia.indiatimes.com/india/111-labs-across-country-to-test-coronavirus/articleshow/74748753.cms", "urlToImage": "https://static.toiimg.com/thumb/msid-74751507,width-1070,height-580,imgsize-56521,resizemode-75,overlay-toi_sw,pt-32,y_pad-40/photo.jpg", "publishedAt": "2020-03-21T12:40:36Z", "content": "Subscribe\r\nStart Your Daily Mornings with Times of India Newspaper!Order Now"}, {"source": {"id": "the-times-of-india", "name": "The Times of India"}, "author": "TNN", "title": "Janata curfew: 'To combat spread of coronavirus, buses & metro rail won't run in Tamil Nadu on Sunday' - Times of India", "description": "Janata curfew: 'To combat spread of coronavirus, buses & metro rail won't run in Tamil Nadu on Sunday' Times of India Coronavirus update: No trains on Sunday during 'janta curfew' Livemint No Delhi Metro Services on Sunday in View of Janata Curfew, DMRC Urges\u2026", "url": "https://timesofindia.indiatimes.com/city/chennai/janata-curfew-to-combat-spread-of-coronavirus-buses-metro-rail-wont-run-in-tamil-nadu-on-sunday/articleshow/74740763.cms", "urlToImage": "https://static.toiimg.com/thumb/msid-74740779,width-1070,height-580,imgsize-100533,resizemode-75,overlay-toi_sw,pt-32,y_pad-40/photo.jpg", "publishedAt": "2020-03-21T01:45:28Z", "content": "Subscribe\r\nStart Your Daily Mornings with Times of India Newspaper!Order Now"}, {"source": {"id": "the-times-of-india", "name": "The Times of India"}, "author": null, "title": "Coronavirus outbreak: No lockdown for now, but will have to do it if needed, says Delhi CM Kejriwal - Economic Times", "description": "Coronavirus outbreak: No lockdown for now, but will have to do it if needed, says Delhi CM Kejriwal Economic Times No lockdown in Delhi for now, but will have to do it if need arises: Kejriwal on Covid-19 Livemint Amid coronavirus restrictions, Kejriwal annou\u2026", "url": "https://economictimes.indiatimes.com/news/politics-and-nation/coronavirus-outbreak-no-lockdown-for-now-but-will-have-to-do-it-if-needed-says-delhi-cm-kejriwal/videoshow/74747957.cms", "urlToImage": "https://img.etimg.com/thumb/msid-74747957,width-1070,height-580,overlay-economictimes/photo.jpg", "publishedAt": "2020-03-21T11:47:00Z", "content": "The Delhi government on Saturday said it had not imposed a lockdown for now, but would have to do if the need arises in wake of the coronavirus pandemic. During his first-ever digital-only press conference, Chief Minister Arvind Kejriwal said restrictions due\u2026 [+257 chars]"}, {"source": {"id": "the-times-of-india", "name": "The Times of India"}, "author": "PTI", "title": "ICMR revises testing strategy to fight spread of new coronavirus", "description": "The Indian Council of Medical Research revised its strategy to fight the spread of the new coronavirus on Saturday, saying all hospitalised patients with severe acute respiratory illness, shortness of breath and having fever and cough will now be tested for C\u2026", "url": "https://timesofindia.indiatimes.com/india/icmr-revises-testing-strategy-to-fight-spread-of-new-coronavirus/articleshow/74742813.cms", "urlToImage": "https://static.toiimg.com/thumb/msid-74742848,width-1070,height-580,imgsize-576516,resizemode-75,overlay-toi_sw,pt-32,y_pad-40/photo.jpg", "publishedAt": "2020-03-21T05:09:11Z", "content": "Subscribe\r\nStart Your Daily Mornings with Times of India Newspaper!Order Now"}, {"source": {"id": "the-times-of-india", "name": "The Times of India"}, "author": "TNN", "title": "Congress seeks announcement of financial package to combat coronavirus impact", "description": "Congress president Sonia Gandhi on Saturday urged the Modi government to make a series of urgent, sector-wise interventions to help the economy and people hit by the coronavirus pandemic.", "url": "https://timesofindia.indiatimes.com/india/congress-seeks-announcement-of-financial-package-to-combat-coronavirus-impact/articleshow/74751845.cms", "urlToImage": "https://static.toiimg.com/thumb/msid-74751883,width-1070,height-580,imgsize-299522,resizemode-75,overlay-toi_sw,pt-32,y_pad-40/photo.jpg", "publishedAt": "2020-03-21T15:38:11Z", "content": "The #Coronavirus is a sledgehammer blow to our brittle economy. Small &amp; medium businesses &amp; daily wage earners ar https://t.co/aVB5kCnn37\r\n\u2014 Rahul Gandhi (@RahulGandhi) 1584804100000"}, {"source": {"id": "the-times-of-india", "name": "The Times of India"}, "author": "TNN", "title": "Assam reports first coronavirus positive case in Jorhat", "description": "India News: A four and a half-year-old girl tested positive for coronavirus at Jorhat Medical College and Hospital (JMCH) on Saturday, reports Anup Dutta.", "url": "https://timesofindia.indiatimes.com/india/assam-reports-first-corona-positive-case-in-jorhat/articleshow/74754425.cms", "urlToImage": "https://static.toiimg.com/thumb/msid-47529300,width-1070,height-580,imgsize-110164,resizemode-75,overlay-toi_sw,pt-32,y_pad-40/photo.jpg", "publishedAt": "2020-03-21T23:18:24Z", "content": "Subscribe\r\nStart Your Daily Mornings with Times of India Newspaper!Order Now"}, {"source": {"id": "the-times-of-india", "name": "The Times of India"}, "author": "ANI", "title": "Vasundhara Raje, son Dushyant test negative for coronavirus", "description": "Former Rajasthan chief minister Vasundhara Raje, who went into self-isolation after attending a party with singer Kanika Kapoor in Lucknow, has tested negative for coronavirus.", "url": "https://timesofindia.indiatimes.com/india/vasundhara-raje-son-dushyant-test-negative-for-coronavirus/articleshow/74749246.cms", "urlToImage": "https://static.toiimg.com/thumb/msid-74749424,width-1070,height-580,imgsize-295092,resizemode-75,overlay-toi_sw,pt-32,y_pad-40/photo.jpg", "publishedAt": "2020-03-21T12:45:36Z", "content": "Subscribe\r\nStart Your Daily Mornings with Times of India Newspaper!Order Now"}, {"source": {"id": "the-times-of-india", "name": "The Times of India"}, "author": "TNN", "title": "Nepal, Bhutan pledge contribution to Saarc emergency fund for coronavirus", "description": "Days after Prime Minister Narendra Modi announced to a Saarc leaders' conference, Nepal and Bhutan have both contributed to the Saarc Emergency COVID-19 fund, which is intended to be used by countries of this region in their fight against the pandemic.", "url": "https://timesofindia.indiatimes.com/india/nepal-bhutan-pledge-contribution-to-saarc-emergency-fund-for-coronavirus/articleshow/74741455.cms", "urlToImage": "https://static.toiimg.com/thumb/msid-74741548,width-1070,height-580,imgsize-507800,resizemode-75,overlay-toi_sw,pt-32,y_pad-40/photo.jpg", "publishedAt": "2020-03-21T03:00:39Z", "content": "Good conversation with FM @PradeepgyawaliK. Reiterated common resolve to deal with the shared challenge of #COVID19 https://t.co/1SjypNk2ZG\r\n\u2014 Dr. S. Jaishankar (@DrSJaishankar) 1584712285000"}, {"source": {"id": "the-times-of-india", "name": "The Times of India"}, "author": "TNN", "title": "\u2018Janata curfew will deal a blow to coronavirus transmission chain\u2019", "description": "Sunday\u2019s countrywide social distancing through \u2018janata curfew\u2019 will be a blow to the transmission chain of coronavirus and check further spread in case it enters Stage 3 with community transmission, says Niti Aayog member VK Paul. Given the nature of the pand\u2026", "url": "https://timesofindia.indiatimes.com/india/janata-curfew-will-deal-a-blow-to-coronavirus-transmission-chain/articleshow/74741217.cms", "urlToImage": "https://static.toiimg.com/thumb/msid-74741365,width-1070,height-580,imgsize-537948,resizemode-75,overlay-toi_sw,pt-32,y_pad-40/photo.jpg", "publishedAt": "2020-03-21T02:34:24Z", "content": "Subscribe\r\nStart Your Daily Mornings with Times of India Newspaper!Order Now"}, {"source": {"id": "the-times-of-india", "name": "The Times of India"}, "author": "PTI", "title": "PM Modi praises Tamil Nadu govt's initiatives to control coronavirus", "description": "The initiatives taken by the Tamil Nadu government towards preventing the spread of coronavirus in the state have come in for praise from Prime Minister Narendra Modi.", "url": "https://timesofindia.indiatimes.com/india/pm-modi-praises-tamil-nadu-govts-initiatives-to-control-coronavirus/articleshow/74749662.cms", "urlToImage": "https://static.toiimg.com/thumb/msid-47529300,width-1070,height-580,imgsize-110164,resizemode-75,overlay-toi_sw,pt-32,y_pad-40/photo.jpg", "publishedAt": "2020-03-21T13:09:39Z", "content": "Subscribe\r\nStart Your Daily Mornings with Times of India Newspaper!Order Now"}, {"source": {"id": "the-times-of-india", "name": "The Times of India"}, "author": "PTI", "title": "CBSE launches toll-free helpline for students, parents on coronavirus safeguards", "description": "India News: NEW DELHI: The Central Board of Secondary Education (CBSE) has launched a toll-free helpline on coronavirus safeguards for students, officials said on.", "url": "https://timesofindia.indiatimes.com/india/cbse-launches-toll-free-helpline-for-students-parents-on-coronavirus-safeguards/articleshow/74744305.cms", "urlToImage": "https://static.toiimg.com/thumb/msid-74744472,width-1070,height-580,imgsize-689731,resizemode-75,overlay-toi_sw,pt-32,y_pad-40/photo.jpg", "publishedAt": "2020-03-21T07:05:40Z", "content": "Subscribe\r\nStart Your Daily Mornings with Times of India Newspaper!Order Now"}, {"source": {"id": "the-times-of-india", "name": "The Times of India"}, "author": "PTI", "title": "Coronavirus: Indian nationals in US advised to stay safe and isolated", "description": "As India's week-long ban on international commercial flights comes into effect on March 22, the Indian Embassy in the US has advised its nationals to stay safe and isolated to prevent the spread of the novel coronavirus.", "url": "https://timesofindia.indiatimes.com/india/coronavirus-indian-nationals-in-us-advised-to-stay-safe-and-isolated/articleshow/74742276.cms", "urlToImage": "https://static.toiimg.com/thumb/msid-74742354,width-1070,height-580,imgsize-433543,resizemode-75,overlay-toi_sw,pt-32,y_pad-40/photo.jpg", "publishedAt": "2020-03-21T04:29:00Z", "content": "Subscribe\r\nStart Your Daily Mornings with Times of India Newspaper!Order Now"}, {"source": {"id": "the-times-of-india", "name": "The Times of India"}, "author": "TNN", "title": "Coronavirus curbs trigger prison riot in Kolkata; 1 shot, 8 hurt", "description": "One person was killed in police firing and at least eight prisoners, jail staffers and policemen were injured after inmates of Dum Dum Central Correctional Home rioted on Saturday. Undertrial prisoners set fire to prison property and engaged security personne\u2026", "url": "https://timesofindia.indiatimes.com/india/coronavirus-curbs-trigger-prison-riot-in-kolkata-1-shot-8-hurt/articleshow/74754291.cms", "urlToImage": "https://static.toiimg.com/thumb/msid-74754294,width-1070,height-580,imgsize-438107,resizemode-75,overlay-toi_sw,pt-32,y_pad-40/photo.jpg", "publishedAt": "2020-03-21T21:29:30Z", "content": "Subscribe\r\nStart Your Daily Mornings with Times of India Newspaper!Order Now"}, {"source": {"id": "the-times-of-india", "name": "The Times of India"}, "author": "PTI", "title": "Coronavirus: Sonia urges people not to panic, pitches for relief package", "description": "Congress president Sonia Gandhi urged people on Saturday not to panic in view of the coronavirus outbreak and said the country will not bow down to this painful crisis.", "url": "https://timesofindia.indiatimes.com/india/coronavirus-sonia-urges-people-not-to-panic-pitches-for-relief-package/articleshow/74750393.cms", "urlToImage": "https://static.toiimg.com/thumb/msid-74750496,width-1070,height-580,imgsize-299522,resizemode-75,overlay-toi_sw,pt-32,y_pad-40/photo.jpg", "publishedAt": "2020-03-21T13:57:10Z", "content": "Subscribe\r\nStart Your Daily Mornings with Times of India Newspaper!Order Now"}, {"source": {"id": "the-times-of-india", "name": "The Times of India"}, "author": "TIMESOFINDIA.COM", "title": "Coronavirus: Man claims he wasn't screened; Ahmedabad airport releases CCTV footage", "description": "India News: NEW DELHI: After a man took to social media to highlight lapses at Ahmedabad airport in screening international passengers for novel coronavirus, the .", "url": "https://timesofindia.indiatimes.com/india/coronavirus-man-said-he-wasnt-screened-ahmedabad-airport-releases-cctv-footage/articleshow/74752748.cms", "urlToImage": "https://static.toiimg.com/thumb/msid-74753143,width-1070,height-580,imgsize-680190,resizemode-75,overlay-toi_sw,pt-32,y_pad-40/photo.jpg", "publishedAt": "2020-03-21T17:09:54Z", "content": "Mr. Abhimanyu: Airport officials are putting their lives on risk to support the Society. Your statement is inapprop https://t.co/XcPD6C5u9Z\r\n\u2014 APD Ahmedabad (@aaisvpiairport) 1584807469000"}, {"source": {"id": "the-times-of-india", "name": "The Times of India"}, "author": "PTI", "title": "Coronavirus: All restaurants, pubs, bars to remain shut across Bengal till March 31", "description": "The West Bengal government on Saturday ordered all restaurants, bars, pubs, nightclubs, amusement parks, museums and zoos to remain shut till March 31 as a precautionary measure in wake of the coronavirus pandemic, a senior official said.", "url": "https://timesofindia.indiatimes.com/india/coronavirus-all-restaurants-pubs-bars-to-remain-shut-across-bengal-till-march-31/articleshow/74747256.cms", "urlToImage": "https://static.toiimg.com/thumb/msid-74747500,width-1070,height-580,imgsize-341865,resizemode-75,overlay-toi_sw,pt-32,y_pad-40/photo.jpg", "publishedAt": "2020-03-21T11:01:03Z", "content": "Subscribe\r\nStart Your Daily Mornings with Times of India Newspaper!Order Now"}, {"source": {"id": "the-times-of-india", "name": "The Times of India"}, "author": "PTI", "title": "Coronavirus: SC lawyer bodies appeal to CJI to declare holidays for 2-4 weeks", "description": "The Supreme Court lawyers bodies \u2014 SCBA and SCAORA \u2014 have decided to recommend to the Chief Justice of India S A Bobde to prepone the summer vacation in the top court by declaring holidays for two to four weeks in view of the coronavirus pandemic.", "url": "https://timesofindia.indiatimes.com/india/coronavirus-sc-lawyer-bodies-appeal-to-cji-to-declare-holidays-for-2-4-weeks/articleshow/74747702.cms", "urlToImage": "https://static.toiimg.com/thumb/msid-74748094,width-1070,height-580,imgsize-106126,resizemode-75,overlay-toi_sw,pt-32,y_pad-40/photo.jpg", "publishedAt": "2020-03-21T11:38:59Z", "content": "Subscribe\r\nStart Your Daily Mornings with Times of India Newspaper!Order Now"}, {"source": {"id": "the-times-of-india", "name": "The Times of India"}, "author": "TNN", "title": "Coronavirus outbreak: Man with no travel history tests positive in Bengal", "description": "A 57-year-old man with no foreign-travel history and a 23-year-old woman who returned from Scotland tested positive to Covid-19 within 24 hours in Bengal, taking the total number of confirmed cases here to four. While three of the patients returned to the cit\u2026", "url": "https://timesofindia.indiatimes.com/india/man-with-no-travel-history-tests-positive-in-bengal/articleshow/74754188.cms", "urlToImage": "https://static.toiimg.com/thumb/msid-74754183,width-1070,height-580,imgsize-152237,resizemode-75,overlay-toi_sw,pt-32,y_pad-40/photo.jpg", "publishedAt": "2020-03-21T19:11:01Z", "content": "Subscribe\r\nStart Your Daily Mornings with Times of India Newspaper!Order Now"}, {"source": {"id": "the-times-of-india", "name": "The Times of India"}, "author": "TIMESOFINDIA.COM", "title": "Coronavirus latest updates: 60,000 quarantine beds set aside as corona cases rise", "description": "India News: NEW DELHI: Fifty-seven cases were reported from country on Friday - the most in one day - as the number of coronavirus cases crossed 250,000 across th.", "url": "https://timesofindia.indiatimes.com/india/coronavirus-latest-updates-60000-quarantine-beds-set-aside-as-corona-cases-rise/articleshow/74741154.cms", "urlToImage": "https://static.toiimg.com/thumb/msid-74741207,width-1070,height-580,imgsize-1641500,resizemode-75,overlay-toi_sw,pt-32,y_pad-40/photo.jpg", "publishedAt": "2020-03-21T02:31:43Z", "content": "Subscribe\r\nStart Your Daily Mornings with Times of India Newspaper!Order Now"}, {"source": {"id": "the-times-of-india", "name": "The Times of India"}, "author": "TIMESOFINDIA.COM", "title": "Coronavirus: Avoid unnecessary travel, follow instructions of doctors, authorities, urges PM Modi", "description": "India News: Prime Minister Narendra Modi on Saturday asked countrymen to avoid unnecessary travel and urged them to follow the advise of the doctors and authoriti", "url": "https://timesofindia.indiatimes.com/india/coronavirus-avoid-unnecessary-travel-follow-instructions-of-doctors-authorities-urges-pm-modi/articleshow/74746622.cms", "urlToImage": "https://static.toiimg.com/thumb/msid-74746839,width-1070,height-580,imgsize-264596,resizemode-75,overlay-toi_sw,pt-32,y_pad-40/photo.jpg", "publishedAt": "2020-03-21T10:09:56Z", "content": "This is the time we should all listen to the advise given by doctors and authorities. All those who have been told https://t.co/5z7i2kv0Ot\r\n\u2014 Narendra Modi (@narendramodi) 1584785719000"}, {"source": {"id": "the-times-of-india", "name": "The Times of India"}, "author": "PTI", "title": "Coronavirus cases rise to 283 in India; restrictions imposed in many states", "description": "The number of novel coronavirus cases in India rose to 283 on Saturday with 65 persons testing positive as several states went into battle mode to contain the pandemic, imposing restrictions on people's movement and gatherings besides announcing a slew of pre\u2026", "url": "https://timesofindia.indiatimes.com/india/coronavirus-cases-rise-to-283-in-india-restrictions-imposed-in-many-states/articleshow/74748789.cms", "urlToImage": "https://static.toiimg.com/thumb/msid-74748949,width-1070,height-580,imgsize-341870,resizemode-75,overlay-toi_sw,pt-32,y_pad-40/photo.jpg", "publishedAt": "2020-03-21T12:27:15Z", "content": "Subscribe\r\nStart Your Daily Mornings with Times of India Newspaper!Order Now"}, {"source": {"id": "the-times-of-india", "name": "The Times of India"}, "author": "PTI", "title": "India to observe 'Janata curfew' on Sunday amid spurt in coronavirus cases", "description": "The country will be observing an unprecedented shutdown on Sunday following Prime Minister Narendra Modi's appeal for a 'Janata curfew', where people have been urged to voluntarily stay indoors to check the spread of coronavirus while public transport will be\u2026", "url": "https://timesofindia.indiatimes.com/india/india-to-observe-janata-curfew-on-sunday-amid-spurt-in-coronavirus-cases/articleshow/74750710.cms", "urlToImage": "https://static.toiimg.com/thumb/msid-74750710,width-1070,height-580,imgsize-357510,resizemode-75,overlay-toi_sw,pt-32,y_pad-40/photo.jpg", "publishedAt": "2020-03-21T15:08:42Z", "content": "Subscribe\r\nStart Your Daily Mornings with Times of India Newspaper!Order Now"}, {"source": {"id": "the-times-of-india", "name": "The Times of India"}, "author": "ANI", "title": "Coronavirus: Rs 1,000 each to be given to over 35 lakh workers, Yogi Adityanath says", "description": "UP CM Yogi Adityanath on Saturday said that an amount of Rs 1,000 each will be given to 15 lakh daily wage labourers and 20.37 lakh construction workers across the state via direct benefit transfer to help them meet their daily needs. Adityanath also urged pe\u2026", "url": "https://timesofindia.indiatimes.com/india/coronavirus-rs-1000-each-to-be-given-to-over-35-lakh-workers-yogi-adityanath-says/articleshow/74745595.cms", "urlToImage": "https://static.toiimg.com/thumb/msid-74745598,width-1070,height-580,imgsize-252411,resizemode-75,overlay-toi_sw,pt-32,y_pad-40/photo.jpg", "publishedAt": "2020-03-21T08:47:16Z", "content": "Subscribe\r\nStart Your Daily Mornings with Times of India Newspaper!Order Now"}, {"source": {"id": "the-times-of-india", "name": "The Times of India"}, "author": "Times Of India", "title": "'Big rise' in Maha coronavirus cases, avoid travel: Health minister Rajesh Tope", "description": "Maharashtra health minister Rajesh Tope on Saturday said the state has witnessed a \"big rise\" in the number of coronavirus positive patients with the addition of 11 such cases, and appealed to the people to avoid using public transport to contain the spread.", "url": "https://timesofindia.indiatimes.com/india/big-rise-in-maha-coronavirus-cases-avoid-travel-health-minister-tope/articleshow/74744620.cms", "urlToImage": "https://static.toiimg.com/thumb/msid-74745453,width-1070,height-580,imgsize-302893,resizemode-75,overlay-toi_sw,pt-32,y_pad-40/photo.jpg", "publishedAt": "2020-03-21T08:33:58Z", "content": "Subscribe\r\nStart Your Daily Mornings with Times of India Newspaper!Order Now"}, {"source": {"id": "the-times-of-india", "name": "The Times of India"}, "author": "PTI", "title": "Farooq Abdullah releases Rs 1 crore from his MPLAD funds to check spread of coronavirus in J&K", "description": "NC president and Member of Parliament Farooq Abdullah released an amount of Rs one crore from his MPLAD funds on Saturday to combat the spread of coronavirus in Jammu and Kashmir.", "url": "https://timesofindia.indiatimes.com/india/farooq-abdullah-releases-rs-1-crore-from-his-mplad-funds-to-check-spread-of-coronavirus-in-jk/articleshow/74746333.cms", "urlToImage": "https://static.toiimg.com/thumb/msid-74746366,width-1070,height-580,imgsize-115353,resizemode-75,overlay-toi_sw,pt-32,y_pad-40/photo.jpg", "publishedAt": "2020-03-21T09:51:16Z", "content": "Subscribe\r\nStart Your Daily Mornings with Times of India Newspaper!Order Now"}, {"source": {"id": "the-times-of-india", "name": "The Times of India"}, "author": "\u092e\u0939\u093e\u0930\u093e\u0937\u094d\u091f\u094d\u0930 \u091f\u093e\u0907\u092e\u094d\u0938.\u0915\u0949\u092e", "title": "coronavirus: \u0926\u0947\u0936\u092d\u0930\u093e\u0924 \u0968\u096f\u096a \u0915\u0930\u094b\u0928\u093e\u092c\u093e\u0927\u093f\u0924 \u0930\u0941\u0917\u094d\u0923", "description": "\u092d\u093e\u0930\u0924\u093e\u0924\u0932\u094d\u092f\u093e \u0915\u0930\u094b\u0928\u093e\u092c\u093e\u0927\u093f\u0924 \u0930\u0941\u0917\u094d\u0923\u093e\u0902\u091a\u0940 \u090f\u0915\u0942\u0923 \u0938\u0902\u0916\u094d\u092f\u093e \u0968\u096f\u096a \u0935\u0930 \u092a\u094b\u0939\u091a\u0932\u0940\u092f. \u092f\u093e\u092e\u0927\u094d\u092f\u0947 \u0938\u0930\u094d\u0935\u093e\u0927\u093f\u0915 \u0905\u0930\u094d\u0925\u093e\u0924 \u096c\u0969 \u0930\u0941\u0917\u094d\u0923 \u092e\u0939\u093e\u0930\u093e\u0937\u094d\u091f\u094d\u0930\u093e\u0924\u0940\u0932 \u0906\u0939\u0947\u0924. \u0924\u0938\u0902\u091a \u092f\u093e\u092e\u0927\u094d\u092f\u0947 \u0969\u096f \u092a\u0930\u0926\u0947\u0936\u0940 \u0928\u093e\u0917\u0930\u093f\u0915\u093e\u0902\u091a\u093e\u0939\u0940 \u0938\u092e\u093e\u0935\u0947\u0936 \u0906\u0939\u0947. \u092f\u093e \u0930\u0941\u0917\u094d\u0923\u093e\u0902\u0935\u0930 \u0909\u092a\u091a\u093e\u0930 \u0938\u0941\u0930\u0942 \u0906\u0939\u0947 \u0924\u0930 \u0906\u0924\u094d\u0924\u093e\u092a\u0930\u094d\u092f\u0902\u0924 \u091a\u093e\u0930 \u091c\u0923\u093e\u0902\u0928\u0940 \u0915\u0930\u094b\u0928\u093e\u092e\u0941\u0933\u0947 \u0906\u092a\u0932\u0947 \u092a\u094d\u0930\u093e\u0923 \u0917\u092e\u093e\u0935\u0932\u0947\u0924", "url": "https://maharashtratimes.indiatimes.com/india-news/coronavirus-total-294-confirmed-cases/articleshow/74746951.cms", "urlToImage": "https://maharashtratimes.indiatimes.com/thumb/msid-74746951,width-1200,height-630,resizemode-4/coronavirus.jpg", "publishedAt": "2020-03-21T11:09:20Z", "content": null}, {"source": {"id": "the-times-of-india", "name": "The Times of India"}, "author": "TIMESOFINDIA.COM", "title": "Modi hails Kartik's coronavirus monologue", "description": "Not only Kartik Aaryan's Bollywood counterparts appreciated him for his coronavirus monologue but he also found a special mention on the Twitter post of Prime Minister Narendra Modi.", "url": "https://timesofindia.indiatimes.com/entertainment/hindi/bollywood/news/prime-minister-narendra-modi-hails-kartik-aaryans-coronavirus-monologue-shares-it-on-twitter/articleshow/74741607.cms", "urlToImage": "https://static.toiimg.com/photo/msid-74741607/74741607.jpg?539640", "publishedAt": "2020-03-21T03:09:41Z", "content": null}, {"source": {"id": "the-times-of-india", "name": "The Times of India"}, "author": "Reuters", "title": "Singapore reports first deaths in coronavirus battle", "description": "Singapore reported two coronavirus-related deaths on Saturday of people with underlying health conditions, marking the first fatalities in the city-state's widely praised battle against the infection. The health ministry said a 75-year-old Singaporean woman a\u2026", "url": "https://timesofindia.indiatimes.com/world/rest-of-world/singapore-reports-first-deaths-in-coronavirus-battle/articleshow/74742066.cms", "urlToImage": "https://static.toiimg.com/thumb/msid-74742101,width-1070,height-580,imgsize-382342,resizemode-75,overlay-toi_sw,pt-32,y_pad-40/photo.jpg", "publishedAt": "2020-03-21T04:07:46Z", "content": "Subscribe\r\nStart Your Daily Mornings with Times of India Newspaper!Order Now"}, {"source": {"id": "the-times-of-india", "name": "The Times of India"}, "author": "Suman Layak", "title": "Coronavirus Scare: Keep the money flowing", "description": "Experts says the government should ensure cash flows do not dry up if India has to effectively tackle the aftermath of the pandemic.", "url": "https://economictimes.indiatimes.com/news/economy/indicators/coronavirus-scare-keep-the-money-flowing/articleshow/74752296.cms", "urlToImage": "https://img.etimg.com/thumb/msid-74752286,width-1070,height-580,imgsize-61837,overlay-economictimes/photo.jpg", "publishedAt": "2020-03-21T16:34:15Z", "content": "The global pandemic created by the novel coronavirus has spawned multiple debates, many of them on how the Indian government should respond to the economic fallout. Industrialists and economists agree on one point - as the pandemic is likely to dry up cash in\u2026 [+3473 chars]"}, {"source": {"id": "the-times-of-india", "name": "The Times of India"}, "author": "ET Bureau", "title": "Coronavirus Scare: Govt expands testing criteria", "description": "India has allowed private diagnostic laboratories to conduct Covid-19 tests and has expanded the testing criteria to include asymptomatic direct and high-risk contacts of a confirmed case and hospitalised patients with Severe Acute Respiratory Infection (SARI\u2026", "url": "https://economictimes.indiatimes.com/news/politics-and-nation/coronavirus-scare-govt-expands-testing-criteria/articleshow/74751918.cms", "urlToImage": "https://img.etimg.com/thumb/msid-74751913,width-1070,height-580,imgsize-174552,overlay-economictimes/photo.jpg", "publishedAt": "2020-03-21T16:01:09Z", "content": "India has allowed private diagnostic laboratories to conduct Covid-19 tests and has expanded the testing criteria to include asymptomatic direct and high-risk contacts of a confirmed case and hospitalised patients with Severe Acute Respiratory Infection (SARI\u2026 [+2145 chars]"}, {"source": {"id": "the-times-of-india", "name": "The Times of India"}, "author": "AP", "title": "Trump's 'coup de grace'? Coronavirus tests a divided America", "description": "As restaurants across the country stacked chairs on tables and shut their doors to try to contain the deadly coronavirus, what would be the final visitors streamed into the Conservative Grounds coffee shop in Largo, Florida.", "url": "https://timesofindia.indiatimes.com/world/us/trumps-coup-de-grace-coronavirus-tests-a-divided-america/articleshow/74752325.cms", "urlToImage": "https://static.toiimg.com/thumb/msid-74752384,width-1070,height-580,imgsize-33773,resizemode-75,overlay-toi_sw,pt-32,y_pad-40/photo.jpg", "publishedAt": "2020-03-21T16:23:13Z", "content": "Subscribe\r\nStart Your Daily Mornings with Times of India Newspaper!Order Now"}, {"source": {"id": "the-times-of-india", "name": "The Times of India"}, "author": "Reuters", "title": "South Asian govts impose coronavirus curfews, border controls", "description": "Pakistan suspended on Saturday all international flights for two weeks to limit the spread of coronavirus, as governments across densely populated South Asia ramped up their efforts to contain the virus.", "url": "https://timesofindia.indiatimes.com/world/south-asia/south-asian-governments-impose-coronavirus-curfews-border-controls/articleshow/74748491.cms", "urlToImage": "https://static.toiimg.com/thumb/msid-74748637,width-1070,height-580,imgsize-66791,resizemode-75,overlay-toi_sw,pt-32,y_pad-40/photo.jpg", "publishedAt": "2020-03-21T12:07:45Z", "content": "Subscribe\r\nStart Your Daily Mornings with Times of India Newspaper!Order Now"}, {"source": {"id": "the-times-of-india", "name": "The Times of India"}, "author": "G Seetharaman", "title": "Can India win the fight against deadly coronavirus?", "description": "While India is taking steps, worries are mounting that many factors stack the odds against effective containment.", "url": "https://economictimes.indiatimes.com/news/politics-and-nation/can-india-win-the-fight-against-deadly-coronavirus/articleshow/74753284.cms", "urlToImage": "https://img.etimg.com/thumb/msid-74753636,width-1070,height-580,imgsize-91874,overlay-economictimes/photo.jpg", "publishedAt": "2020-03-21T18:16:27Z", "content": "The number of confirmed Covid-19 cases in India has been growing at a rate seen at the early stages in other countries where there was subsequently an exponential rise in infections in a matter of weeks. \r\nAs a result, worries are beginning to mount whether I\u2026 [+5676 chars]"}, {"source": {"id": "the-times-of-india", "name": "The Times of India"}, "author": "PTI", "title": "'Big rise' in Maharashtra coronavirus cases, avoid travel: Rajesh Tope", "description": "Talking to reporters, Tope said the number of coronavirus positive patients in the state has increased to 63 with 11 new cases. \"Of the 11, eight have travel history abroad and three came in contact with the affected persons,\" he said, adding that 10 cases ar\u2026", "url": "https://economictimes.indiatimes.com/news/politics-and-nation/big-rise-in-maharashtra-coronavirus-cases-avoid-travel-rajesh-tope/articleshow/74744454.cms", "urlToImage": "https://img.etimg.com/thumb/msid-74744487,width-1070,height-580,imgsize-695485,overlay-economictimes/photo.jpg", "publishedAt": "2020-03-21T07:34:22Z", "content": "MUMBAI: Maharashtra Health Minister Rajesh Tope on Saturday said the state has witnessed a \"big rise\" in the number of coronavirus positive patients with the addition of 11 such cases, and appealed to the people to avoid using public transport to contain the \u2026 [+3152 chars]"}, {"source": {"id": "the-times-of-india", "name": "The Times of India"}, "author": "Gaurav Laghate", "title": "Nixing IPL over coronavirus may erode $1b value: Duff & Phelps", "description": "As cancellation of the 13th edition of the Indian Premier League (IPL) due to Covid-19, starts looking like a real possibility, Duff & Phelps, the multinational financial consultancy firm, has estimated it will reduce the value of the entire IPL ecosystem by \u2026", "url": "https://economictimes.indiatimes.com/news/sports/nixing-ipl-over-coronavirus-may-erode-1b-value-duff-phelps/articleshow/74741483.cms", "urlToImage": "https://img.etimg.com/thumb/msid-74741469,width-1070,height-580,imgsize-812765,overlay-economictimes/photo.jpg", "publishedAt": "2020-03-21T03:13:12Z", "content": "MUMBAI: As cancellation of the 13th edition of the Indian Premier League (IPL) due to Covid-19, starts looking like a real possibility, Duff &amp; Phelps, the multinational financial consultancy firm, has estimated it will reduce the value of the entire IPL e\u2026 [+1876 chars]"}, {"source": {"id": "the-times-of-india", "name": "The Times of India"}, "author": "PTI", "title": "Coronavirus: Over 500 cases filed in Maharashtra for violations", "description": "Around 540 offences have been registered in Maharashtra for violating orders in place to stop the spread of novel coronavirus, officials said on Saturday.", "url": "https://economictimes.indiatimes.com/news/politics-and-nation/coronavirus-over-500-cases-filed-in-maharashtra-for-violations/articleshow/74750285.cms", "urlToImage": "https://img.etimg.com/thumb/msid-74750314,width-1070,height-580,imgsize-128185,overlay-economictimes/photo.jpg", "publishedAt": "2020-03-21T14:04:21Z", "content": "Around 540 offences have been registered in Maharashtra for violating orders in place to stop the spread of novel coronavirus, officials said on Saturday. The violations include not observing lockdown, hiding or falsifying travel history, fleeing home quarant\u2026 [+621 chars]"}, {"source": {"id": "the-times-of-india", "name": "The Times of India"}, "author": "ET Online", "title": "India's coronavirus count nears 300-mark; ICMR widens testing net", "description": "ICMR (Indian Council of Medical Research) widened the scope of testing, to include some asymptomatic individuals as well. Before Indian airspace closes off for international flights on Sunday, Air India sent an aircraft to Rome today to evacuate students, oth\u2026", "url": "https://economictimes.indiatimes.com/news/politics-and-nation/indias-covid-19-count-nears-300-mark-icmr-widens-testing-net/articleshow/74748389.cms", "urlToImage": "https://img.etimg.com/thumb/msid-74748635,width-1070,height-580,imgsize-703995,overlay-economictimes/photo.jpg", "publishedAt": "2020-03-21T12:29:53Z", "content": "As the tally for the number of positive cases in the country nears the dreaded 300-mark, India prepares for a nation-wide 'janata curfew' on March 22. According to latest data released by Health Ministry, 283 individuals have been confirmed positive among sus\u2026 [+4483 chars]"}, {"source": {"id": "the-times-of-india", "name": "The Times of India"}, "author": "AFP", "title": "US VP Pence, wife to be tested for coronavirus after staffer infected", "description": "US News: WASHINGTON: US Vice President Mike Pence said Saturday that he and his wife would be tested for coronavirus after one of his office staffers contracte.", "url": "https://timesofindia.indiatimes.com/world/us/us-vp-pence-wife-to-be-tested-for-coronavirus-after-staffer-infected/articleshow/74753322.cms", "urlToImage": "https://static.toiimg.com/thumb/msid-74753317,width-1070,height-580,imgsize-48590,resizemode-75,overlay-toi_sw,pt-32,y_pad-40/photo.jpg", "publishedAt": "2020-03-21T17:20:25Z", "content": "Subscribe\r\nStart Your Daily Mornings with Times of India Newspaper!Order Now"}, {"source": {"id": "the-times-of-india", "name": "The Times of India"}, "author": "Anirban Chowdhury", "title": "Coronavirus Impact: GoAir senior management to take 50% pay cut", "description": "Senior management executives at GoAir are taking 50% pay cuts to control costs as virus cripples business.", "url": "https://economictimes.indiatimes.com/industry/transportation/airlines-/-aviation/coronavirus-impact-goair-senior-management-to-take-50-pay-cut/articleshow/74752398.cms", "urlToImage": "https://img.etimg.com/thumb/msid-74752759,width-1070,height-580,imgsize-88140,overlay-economictimes/photo.jpg", "publishedAt": "2020-03-21T16:44:03Z", "content": "Senior management executives at low fare carrier GoAir are taking 50% pay cuts to control costs as the Coronavirus crisis cripples travel businesses in India and the world. \"The top leadership has stepped forward and volunteered to go for 50% pay cut with imm\u2026 [+1305 chars]"}, {"source": {"id": "the-times-of-india", "name": "The Times of India"}, "author": "PTI", "title": "India to observe 'Janata curfew' on Sunday amid spurt in Coronavirus cases", "description": "Cutting across party lines, chief ministers and others leaders urged the people to follow the self-imposed curfew from 7 am to 9 pm, noting that \"social distancing\" was key to breaking the chain of infection, as the number of coronavirus cases rose to 283 aft\u2026", "url": "https://economictimes.indiatimes.com/news/politics-and-nation/india-to-observe-janata-curfew-on-sunday-amid-spurt-in-coronavirus-cases/articleshow/74750784.cms", "urlToImage": "https://img.etimg.com/thumb/msid-74752295,width-1070,height-580,imgsize-234816,overlay-economictimes/photo.jpg", "publishedAt": "2020-03-21T14:41:24Z", "content": "New Delhi: The country will be observing an unprecedented shutdown on Sunday following Prime Minister Narendra Modi's appeal for a 'Janata curfew', where people have been urged to voluntarily stay indoors to check the spread of coronavirus while public transp\u2026 [+6428 chars]"}, {"source": {"id": "the-times-of-india", "name": "The Times of India"}, "author": "PTI", "title": "Coronavirus: Passengers wait for hours to undergo screening at Delhi airport", "description": "Chaotic scenes were witnessed at Delhi airport on Saturday as passengers from the UK, US and Australia had to wait for hours to get through the screening process made mandatory by the government to check for coronavirus infection.", "url": "https://economictimes.indiatimes.com/news/politics-and-nation/coronavirus-passengers-wait-for-hours-to-undergo-screening-at-delhi-airport/articleshow/74751305.cms", "urlToImage": "https://img.etimg.com/thumb/msid-74751347,width-1070,height-580,imgsize-211370,overlay-economictimes/photo.jpg", "publishedAt": "2020-03-21T15:16:39Z", "content": "Chaotic scenes were witnessed at Delhi airport on Saturday as passengers from the UK, US and Australia had to wait for hours to get through the screening process made mandatory by the government to check for coronavirus infection. Many passengers took to Twit\u2026 [+1930 chars]"}, {"source": {"id": "the-times-of-india", "name": "The Times of India"}, "author": "PTI", "title": "Coronavirus: Sonia Gandhi urges people not to panic, pitches for relief package", "description": "Congress President Sonia Gandhi urged people on Saturday not to panic in view of the coronavirus outbreak and said the country will not bow down to this painful crisis.", "url": "https://economictimes.indiatimes.com/news/politics-and-nation/coronavirus-sonia-gandhi-urges-people-not-to-panic-pitches-for-relief-package/articleshow/74750421.cms", "urlToImage": "https://img.etimg.com/thumb/msid-74750460,width-1070,height-580,imgsize-386413,overlay-economictimes/photo.jpg", "publishedAt": "2020-03-21T14:12:39Z", "content": "Congress President Sonia Gandhi urged people on Saturday not to panic in view of the coronavirus outbreak and said the country will not bow down to this painful crisis. She suggested a host of measures to help those affected due to the coronavirus and said a \u2026 [+815 chars]"}, {"source": {"id": "the-times-of-india", "name": "The Times of India"}, "author": "PTI", "title": "Coronavirus cases rise to 283 in India; sees highest rise in a day", "description": "The country is also set to observe a janata curfew from 7 am to 9 pm on Sunday after Prime Minister Narendra Modi on Thursday pitched for social distancing, asking people, barring those in essential services, not to get out of their homes.", "url": "https://economictimes.indiatimes.com/news/politics-and-nation/coronavirus-cases-rise-to-283-in-india-sees-highest-rise-in-a-day/articleshow/74750884.cms", "urlToImage": "https://img.etimg.com/thumb/msid-74750889,width-1070,height-580,imgsize-152237,overlay-economictimes/photo.jpg", "publishedAt": "2020-03-21T14:43:58Z", "content": "The number of novel coronavirus cases in India rose to 283 on Saturday with 60 persons testing positive as several states went into battle mode to contain the pandemic, announcing partial shutdowns and imposing restrictions on people's movement and gatherings\u2026 [+7777 chars]"}, {"source": {"id": "the-times-of-india", "name": "The Times of India"}, "author": "Reuters", "title": "South Korea says detected North Korea missile fire 'inapproriate' amid coronavirus", "description": "The missile launch came just hours after North Korea confirmed it would go ahead with a session of the Supreme People's Assembly, its rubber-stamp legislature, in Pyongyang.", "url": "https://economictimes.indiatimes.com/news/defence/south-korea-says-detected-north-korea-missile-fire-inapproriate-amid-coronavirus/articleshow/74741846.cms", "urlToImage": "https://img.etimg.com/thumb/msid-74742040,width-1070,height-580,imgsize-207072,overlay-etdefence/photo.jpg", "publishedAt": "2020-03-21T03:58:58Z", "content": "SEOUL - North Korea fired two projectiles that appeared to be short-range ballistic missiles on Saturday, South Korea's military said, calling the action \"highly inappropriate\" given the global coronavirus pandemic. \r\nThe suspected missiles were fired around \u2026 [+2393 chars]"}, {"source": {"id": "the-times-of-india", "name": "The Times of India"}, "author": "PTI", "title": "White House staffer tests positive for coronavirus", "description": "\"This evening we were notified that a member of the office of the Vice President tested positive for the coronavirus,\" Katie Miller, Press Secretary to Vice President, said in a statement. Neither President Donald Trump nor Vice President Pence had close cont\u2026", "url": "https://economictimes.indiatimes.com/news/international/world-news/white-house-staffer-tests-positive-for-coronavirus/articleshow/74740755.cms", "urlToImage": "https://img.etimg.com/thumb/msid-74740768,width-1070,height-580,imgsize-402198,overlay-economictimes/photo.jpg", "publishedAt": "2020-03-21T01:22:41Z", "content": "WASHINGTON: A staffer in the team of US Vice President Mike Pence has tested positive for the coronavirus, making him the first White House personnel to have been infected by the deadly disease that has so far claimed the lives of 230 people in the country. \r\u2026 [+894 chars]"}, {"source": {"id": "the-times-of-india", "name": "The Times of India"}, "author": null, "title": "Anderson's comeback bid delayed by coronavirus lockdown", "description": "South Africa's Kevin Anderson, who underwent knee surgery last month, was eyeing a return to the court at April's Monte Carlo Masters but his comeback plans have been disrupted as the tennis season remains suspended due to the coronavirus pandemic.", "url": "https://timesofindia.indiatimes.com/sports/tennis/top-stories/andersons-comeback-bid-delayed-by-coronavirus-lockdown/articleshow/74743099.cms", "urlToImage": "https://static.toiimg.com/thumb/msid-74743083,width-1070,height-580,imgsize-189318,resizemode-75,overlay-toi_sw,pt-32,y_pad-40/photo.jpg", "publishedAt": "2020-03-21T05:28:17Z", "content": "MUMBAI: South Africa's Kevin Anderson, who underwent knee surgery last month, was eyeing a return to the court at April's Monte Carlo Masters but his comeback plans have been disrupted as the tennis season remains suspended due to the coronavirus pandemic.\r\nT\u2026 [+2136 chars]"}, {"source": {"id": "the-times-of-india", "name": "The Times of India"}, "author": null, "title": "Coronavirus: Clamour grows to postpone Tokyo Olympics", "description": "Calls from sporting organisations for this year's Tokyo Olympics to be postponed because of the coronavirus pandemic gathered pace with USA Track and Field (USATF) and Brazil's Olympic Committee the latest to join the throng. The IOC and Tokyo 2020 organisers\u2026", "url": "https://timesofindia.indiatimes.com/sports/tokyo-olympics/coronavirus-clamour-grows-to-postpone-tokyo-olympics/articleshow/74752393.cms", "urlToImage": "https://static.toiimg.com/thumb/msid-74752442,width-1070,height-580,imgsize-1675857,resizemode-75,overlay-toi_sw,pt-32,y_pad-40/photo.jpg", "publishedAt": "2020-03-21T16:29:43Z", "content": "LONDON: Calls from sporting organisations for this year's Tokyo Olympics to be postponed because of the coronavirus pandemic gathered pace on Saturday with USA Track and Field (USATF) and Brazil's Olympic Committee the latest to join the throng.\r\nThe Internat\u2026 [+3127 chars]"}, {"source": {"id": "the-times-of-india", "name": "The Times of India"}, "author": "TNN", "title": "Coronavirus scare: Refund rules relaxed by Rlys", "description": "Indian Railways has relaxed refund rules for tickets booked at the counter from March 21 to April 15, to prevent crowding and maintain social distancing in wake of the Covid-19 outbreak. If railways cancels any train from Saturday to April 15, passengers can \u2026", "url": "https://timesofindia.indiatimes.com/city/mangaluru/virus-scare-refund-rules-relaxed-byindian-railways/articleshow/74752297.cms", "urlToImage": "https://static.toiimg.com/thumb/msid-74756465,width-1070,height-580,imgsize-344943,resizemode-75,overlay-toi_sw,pt-32,y_pad-40/photo.jpg", "publishedAt": "2020-03-21T22:14:00Z", "content": "Subscribe\r\nStart Your Daily Mornings with Times of India Newspaper!Order Now"}, {"source": {"id": "the-times-of-india", "name": "The Times of India"}, "author": "ET Online", "title": "ICMR changes strategy for coronavirus testing in India", "description": "In a notification issued on March 20th, ICMR said that asymptomatic individuals who have traveled internationally in the last 2 weeks should stay in home quarantine for 14 days, and that they will be tested only if they become symptomatic (symptoms include fe\u2026", "url": "https://economictimes.indiatimes.com/news/politics-and-nation/icmr-changes-strategy-for-coronavirus-testing-in-india/articleshow/74742359.cms", "urlToImage": "https://img.etimg.com/thumb/msid-74742361,width-1070,height-580,imgsize-702325,overlay-economictimes/photo.jpg", "publishedAt": "2020-03-21T04:54:57Z", "content": "The Indian Council of Medical Research (ICMR), on Friday, reiterated that there were no documented cases of community transmission of coronavirus in the country, and that it will test mainly symptomatic individuals, with minor exceptions.\r\nTill now, ICMR had \u2026 [+2119 chars]"}, {"source": {"id": "the-times-of-india", "name": "The Times of India"}, "author": "ET Bureau", "title": "Coronavirus outbreak: Cafes, restaurants in Mumbai to operate with precaution", "description": "The new order has allowed work to continue on on going infrastructure projects, involving water, sewerage,Transportation and roads is involved.", "url": "https://economictimes.indiatimes.com/news/politics-and-nation/coronavirus-outbreak-cafes-restaurants-in-mumbai-to-operate-with-precaution/articleshow/74740710.cms", "urlToImage": "https://img.etimg.com/thumb/msid-74740726,width-1070,height-580,imgsize-189594,overlay-economictimes/photo.jpg", "publishedAt": "2020-03-21T01:16:51Z", "content": "Mumbai: In a late development the Brihanmumbai Municipal Corporation \u2018diluted\u2019 its order sent earlier in the day of shutting down non essential establishments in the city till the end of this month. In the latest order issued by the BMC Restaurants, cafes, Ea\u2026 [+1020 chars]"}, {"source": {"id": "the-times-of-india", "name": "The Times of India"}, "author": "ET Bureau", "title": "Coronavirus scare: Dushyant goes into quarantine, other MPs follow suit", "description": "The coronavirus scare spread to Parliament as well as Rashtrapati Bhavan on Friday with Lok Sabha MP Dushyant Singh going into self-quarantine after having attended a dinner on March 15 in Lucknow with singer Kanika Kapoor who has tested positive for the viru\u2026", "url": "https://economictimes.indiatimes.com/news/politics-and-nation/coronavirus-scare-dushyant-goes-into-quarantine-other-mps-follow-suit/articleshow/74740785.cms", "urlToImage": "https://img.etimg.com/thumb/msid-74740788,width-1070,height-580,imgsize-646121,overlay-economictimes/photo.jpg", "publishedAt": "2020-03-21T01:35:51Z", "content": "NEW DELHI: The coronavirus scare spread to Parliament as well as Rashtrapati Bhavan on Friday with Lok Sabha MP Dushyant Singh going into self-quarantine after having attended a dinner on March 15 in Lucknow with singer Kanika Kapoor who has tested positive f\u2026 [+2757 chars]"}, {"source": {"id": "the-times-of-india", "name": "The Times of India"}, "author": "Bhupinder Singh", "title": "In Pics: How The Globe Went Digital After Coronavirus Outbreak", "description": "As coronavirus outbreaks popped up across the world, it has left countries reeling under pressure and desperate for ways to tackle it. And one thing we all did was go digital. Amidst lockdowns across nations, the Internet turned saviour with many working from\u2026", "url": "https://www.indiatimes.com/trending/social-relevance/how-the-globe-went-digital-after-coronavirus-outbreak-508943.html", "urlToImage": "https://im.indiatimes.in/photogallery/2020/Mar/fb_5e75fee521806.jpg", "publishedAt": "2020-03-21T12:40:59Z", "content": "Dr. William Jason Sulaka, 40, a physician with Infinity Primary Care in West Bloomfield Township, Michigan, U.S., leads a tutorial session on how to conduct virtual appointments through OTTO Health, a technology software which helps doctors video chat with th\u2026 [+41 chars]"}, {"source": {"id": "the-times-of-india", "name": "The Times of India"}, "author": "PTI", "title": "Coronavirus risks taking heavy toll on migrants in Europe", "description": "Beyond Germany, fears are also growing about the fate of migrants and refugees in the bloc as Europe takes increasingly stringent measures to fight contagion.", "url": "https://economictimes.indiatimes.com/news/international/world-news/coronavirus-risks-taking-heavy-toll-on-migrants-in-europe/articleshow/74747011.cms", "urlToImage": "https://img.etimg.com/thumb/msid-74747125,width-1070,height-580,imgsize-119237,overlay-economictimes/photo.jpg", "publishedAt": "2020-03-21T10:56:37Z", "content": "Syrian refugee Mahmoud Ajlouni was due to pick up his new German residency permit last week but found the door firmly shut at the processing office in Berlin. \"I had an appointment,\" he said, adding he has \"no idea\" when he'll be able to replace the flimsy sh\u2026 [+3257 chars]"}, {"source": {"id": "the-times-of-india", "name": "The Times of India"}, "author": "Reuters", "title": "Singapore reports two deaths from coronavirus, first fatalities in country", "description": "The patients who died were a 75-year-old Singaporean woman \u200band a 64-year-old Indonesian man, the health minstry said in a statement.", "url": "https://economictimes.indiatimes.com/news/international/world-news/singapore-reports-two-deaths-from-coronavirus-first-fatalities-in-country/articleshow/74742752.cms", "urlToImage": "https://img.etimg.com/thumb/msid-74742793,width-1070,height-580,imgsize-833926,overlay-economictimes/photo.jpg", "publishedAt": "2020-03-21T05:18:53Z", "content": "SINGAPORE, - Singapore reported two coronavirus-related deaths on Saturday , marking the city-state's first fatalities from the infection.\r\nThe patients who died were a 75-year-old Singaporean woman and a 64-year-old Indonesian man, the health ministry said i\u2026 [+236 chars]"}, {"source": {"id": "the-times-of-india", "name": "The Times of India"}, "author": "PTI", "title": "Coronavirus outbreak: Railways relaxes refund rules for travel between March 21-April 15", "description": "In case a train is not cancelled but the passenger desires to cancel his journey, TDR (Ticket Deposit Receipt) can be filed within 30 days from date of journey at the station, instead of present three days.", "url": "https://economictimes.indiatimes.com/industry/transportation/railways/coronavirus-outbreak-railways-relaxes-refund-rules-for-travel-between-march-21-april-15/articleshow/74745275.cms", "urlToImage": "https://img.etimg.com/thumb/msid-74745316,width-1070,height-580,imgsize-902226,overlay-economictimes/photo.jpg", "publishedAt": "2020-03-21T08:38:41Z", "content": "NEW DELHI: Railways issued an advisory on Saturday relaxing refund rules for passengers who had booked tickets to travel between March 21 and April 15 in the wake of the coronavirus outbreak in the country to avoid crowding on trains and encourage social dist\u2026 [+832 chars]"}, {"source": {"id": "the-times-of-india", "name": "The Times of India"}, "author": "PTI", "title": "Indian Oil initiates rare protocol to keep fuel supplies running amid Coronavirus spread", "description": "The company has implemented work from home at non-critical locations and implemented staggered work hours and working on alternate days at others with all precautions. Its consumer facing points such as petrol pumps and LPG delivery services have initiated sa\u2026", "url": "https://economictimes.indiatimes.com/industry/energy/oil-gas/indian-oil-initiates-rare-protocol-to-keep-fuel-supplies-running-amid-coronavirus-spread/articleshow/74748368.cms", "urlToImage": "https://img.etimg.com/thumb/msid-74748524,width-1070,height-580,imgsize-911070,overlay-economictimes/photo.jpg", "publishedAt": "2020-03-21T12:13:14Z", "content": "New Delhi: As cities shutdown to contain the spread of coronavirus, Indian Oil Corp (IOC) has initiated a rare protocol to safeguard its workforce while at the same time ensuring that plants operate uninterruptedly so as to keep the nation's fuel supplies run\u2026 [+3447 chars]"}, {"source": {"id": "the-times-of-india", "name": "The Times of India"}, "author": null, "title": "Norway urges Olympics to be postponed until coronavirus crisis over", "description": "The Norwegian Olympic Committee (NOC) said Saturday they had asked the International Olympic Committee (IOC) to postpone the 2020 Olympic Games in Tokyo until the new coronavirus pandemic was under control.", "url": "https://timesofindia.indiatimes.com/sports/tokyo-olympics/norway-urges-olympics-to-be-postponed-until-coronavirus-crisis-over/articleshow/74748878.cms", "urlToImage": "https://static.toiimg.com/thumb/msid-74748875,width-1070,height-580,imgsize-1509981,resizemode-75,overlay-toi_sw,pt-32,y_pad-40/photo.jpg", "publishedAt": "2020-03-21T12:21:54Z", "content": "OSLO: The Norwegian Olympic Committee (NOC) said Saturday they had asked the International Olympic Committee (IOC) to postpone the 2020 Olympic Games in Tokyo until the new coronavirus pandemic was under control.\r\nIn a letter sent to the IOC on Friday, the No\u2026 [+1325 chars]"}, {"source": {"id": "the-times-of-india", "name": "The Times of India"}, "author": null, "title": "Coronavirus: Sri Lanka Cricket postpones all domestic tournaments", "description": "Cricket News: Sri Lanka Cricket has postponed all domestic tournaments until further notice to prevent the spread of coronavirus.", "url": "https://timesofindia.indiatimes.com/sports/cricket/news/coronavirus-sri-lanka-cricket-postpones-all-domestic-tournaments/articleshow/74746521.cms", "urlToImage": "https://static.toiimg.com/thumb/msid-74746613,width-1070,height-580,imgsize-1226732,resizemode-75,overlay-toi_sw,pt-32,y_pad-40/photo.jpg", "publishedAt": "2020-03-21T10:07:01Z", "content": null}, {"source": {"id": "the-times-of-india", "name": "The Times of India"}, "author": null, "title": "Mary Kom breaks quarantine protocol amid coronavirus scare", "description": "Breaking the nessessary quarantine protocol amid coronavirus outbreak, ace boxer MC Mary Kom om March 18 attended the breakfast hosted by President Ram Nath Kovind at the Rashtrapati Bhavan. Mary Kom, who had competed in the Asia-Oceania Olympic qualifiers in\u2026", "url": "https://timesofindia.indiatimes.com/sports/boxing/mary-kom-breaks-quarantine-protocol-amid-coronavirus-scare/articleshow/74745399.cms", "urlToImage": "https://static.toiimg.com/thumb/msid-74745394,width-1070,height-580,imgsize-194031,resizemode-75,overlay-toi_sw,pt-32,y_pad-40/photo.jpg", "publishedAt": "2020-03-21T08:29:49Z", "content": "NEW DELHI: Amid panic over a possibility of community transmission of novel coronavirus, it has now come to fore that ace boxer and Rajya Sabha MP Mary Kom broke the 14-day quarantine protocol which has been put in place by the World Health Organisation (WHO)\u2026 [+2016 chars]"}, {"source": {"id": "the-times-of-india", "name": "The Times of India"}, "author": null, "title": "Former Scotland cricketer Majid Haq diagnosed with coronavirus", "description": "Former Scotland cricketer Majid Haq, who is of Pakistani descent, has announced that he has tested positive for novel coronavirus and is currently undergoing treatment.", "url": "https://timesofindia.indiatimes.com/sports/cricket/news/former-scotland-cricketer-majid-haq-diagnosed-with-coronavirus/articleshow/74744779.cms", "urlToImage": "https://static.toiimg.com/thumb/msid-74744820,width-1070,height-580,imgsize-1108969,resizemode-75,overlay-toi_sw,pt-32,y_pad-40/photo.jpg", "publishedAt": "2020-03-21T07:44:06Z", "content": "LONDON: Former Scotland cricketer Majid Haq, who is of Pakistani descent, has announced that he has tested positive for novel coronavirus and is currently undergoing treatment.\r\nHaq, an off-spinner who played 54 ODIs and 24 T20Is for Scotland between 2006 and\u2026 [+1177 chars]"}, {"source": {"id": "the-times-of-india", "name": "The Times of India"}, "author": null, "title": "WADA issues dope testing guidelines amid coronavirus pandemic", "description": "More sports News: The World Anti-Doping Agency (WADA) issued new guidelines on Friday to facilitate continued testing amid the constraints of the coronavirus pandemic.", "url": "https://timesofindia.indiatimes.com/sports/more-sports/others/wada-issues-dope-testing-guidelines-amid-coronavirus-pandemic/articleshow/74741588.cms", "urlToImage": "https://static.toiimg.com/thumb/msid-74741600,width-1070,height-580,imgsize-179505,resizemode-75,overlay-toi_sw,pt-32,y_pad-40/photo.jpg", "publishedAt": "2020-03-21T03:10:18Z", "content": "MONTREAL: The World Anti-Doping Agency (WADA) issued new guidelines on Friday to facilitate continued testing amid the constraints of the coronavirus pandemic.\r\nNoting that the spread of COVID-19 had evolved into \"an even greater health and societal emergency\u2026 [+2217 chars]"}, {"source": {"id": "the-times-of-india", "name": "The Times of India"}, "author": null, "title": "MMA: Mason Jones crowned champ as Cage Warriors defies coronavirus", "description": "Mason Jones knocked out Joe McColgan to be crowned Cage Warriors lightweight champion on Friday and with the coronavirus sweeping the globe, it may be some time before another title fight takes place in this or any other MMA promotion.", "url": "https://timesofindia.indiatimes.com/sports/more-sports/others/mixed-martial-arts-mason-jones-crowned-champ-as-cage-warriors-defies-coronavirus/articleshow/74741703.cms", "urlToImage": "https://static.toiimg.com/thumb/msid-74741824,width-1070,height-580,imgsize-1116160,resizemode-75,overlay-toi_sw,pt-32,y_pad-40/photo.jpg", "publishedAt": "2020-03-21T03:37:38Z", "content": null}, {"source": {"id": "the-times-of-india", "name": "The Times of India"}, "author": null, "title": "Ireland-Bangladesh cricket series postponed due to coronavirus", "description": "Ireland's seven-match series against Bangladesh became on Saturday the latest casualty to be inflicted on the cricket calendar by the coronavirus pandemic. The three one-day internationals in Belfast and four Twenty20 matches in England, scheduled to take pla\u2026", "url": "https://timesofindia.indiatimes.com/sports/cricket/news/ireland-bangladesh-cricket-series-postponed-due-to-coronavirus/articleshow/74749068.cms", "urlToImage": "https://static.toiimg.com/thumb/msid-74749070,width-1070,height-580,imgsize-1619956,resizemode-75,overlay-toi_sw,pt-32,y_pad-40/photo.jpg", "publishedAt": "2020-03-21T12:34:38Z", "content": null}, {"source": {"id": "the-times-of-india", "name": "The Times of India"}, "author": null, "title": "Chinese football star Wu Lei diagnosed with coronavirus in Spain", "description": "Football News: Chinese football star Wu Lei, who plays for Espanyol in Spain, has been diagnosed with the coronavirus, the Chinese Football Association (CFA) said on", "url": "https://timesofindia.indiatimes.com/sports/football/top-stories/chinese-football-star-wu-lei-diagnosed-with-coronavirus-in-spain/articleshow/74744463.cms", "urlToImage": "https://static.toiimg.com/thumb/msid-74744451,width-1070,height-580,imgsize-1193935,resizemode-75,overlay-toi_sw,pt-32,y_pad-40/photo.jpg", "publishedAt": "2020-03-21T07:11:21Z", "content": "SHANGHAI: Chinese football star Wu Lei, who plays for Espanyol in Spain, has been diagnosed with the coronavirus, the Chinese Football Association (CFA) said on Saturday.\r\n\"Wu Lei has mild symptoms and is currently undergoing treatment,\" the CFA said in a sta\u2026 [+684 chars]"}, {"source": {"id": "the-times-of-india", "name": "The Times of India"}, "author": null, "title": "NADA to minimise dope testing due to coronavirus threat", "description": "In the wake of the ongoing coronavirus threat in the country, the National Anti Doping Agency (NADA) will minimise dope testing of the athletes to combat the spread of the disease.", "url": "https://timesofindia.indiatimes.com/sports/more-sports/others/nada-to-minimise-dope-testing-due-to-coronavirus-threat/articleshow/74745843.cms", "urlToImage": "https://static.toiimg.com/thumb/msid-74745826,width-1070,height-580,imgsize-174964,resizemode-75,overlay-toi_sw,pt-32,y_pad-40/photo.jpg", "publishedAt": "2020-03-21T09:03:58Z", "content": "NEW DELHI: In the wake of the ongoing coronavirus threat in the country, the National Anti Doping Agency (NADA) will minimise dope testing of the athletes to combat the spread of the disease.\r\nNADA takes help from government doctors to conduct dope tests but \u2026 [+2507 chars]"}, {"source": {"id": "the-times-of-india", "name": "The Times of India"}, "author": "PTI", "title": "Govt launches chatbot on WhatsApp to create awareness about coronavirus, curb misinformation", "description": "With fears around coronavirus fuelling rumours and misinformation on social media, the government has launched a chatbot on messaging platform WhatsApp to address user queries around the pandemic, and offer verified information and official advisories to the \u2026", "url": "https://economictimes.indiatimes.com/tech/internet/govt-launches-chatbot-on-whatsapp-to-create-awareness-about-coronavirus-curb-misinformation/articleshow/74750648.cms", "urlToImage": "https://img.etimg.com/thumb/msid-74750697,width-1070,height-580,imgsize-97250,overlay-economictimes/photo.jpg", "publishedAt": "2020-03-21T14:24:16Z", "content": "With fears around coronavirus fuelling rumours and misinformation on social media, the government has launched a chatbot on messaging platform WhatsApp to address user queries around the pandemic, and offer verified information and official advisories to the \u2026 [+1399 chars]"}, {"source": {"id": "the-times-of-india", "name": "The Times of India"}, "author": "PTI", "title": "Coronavirus positive cases in Maha jump to 63", "description": "The total number of coronavirus positive patients in Maharashtra has risen to 63 with 11 more positive cases reported in the last 24 hours, officials said.", "url": "https://timesofindia.indiatimes.com/city/mumbai/coronavirus-positive-cases-in-maharashtra-jump-to-63/articleshow/74742844.cms", "urlToImage": "https://static.toiimg.com/thumb/msid-74742835,width-1070,height-580,imgsize-122203,resizemode-75,overlay-toi_sw,pt-32,y_pad-40/photo.jpg", "publishedAt": "2020-03-21T05:08:24Z", "content": "Subscribe\r\nStart Your Daily Mornings with Times of India Newspaper!Order Now"}, {"source": {"id": "the-times-of-india", "name": "The Times of India"}, "author": "PTI", "title": "Singer Kanika Kapoor, who tested postive for coronavirus, booked for negligence", "description": "FIR filed under IPC Sections 269 (negligent act likely to spread infection of disease dangerous to life), 270 (malignant act likely to spread infection of disease dangerous to life), 188 (disobedience to order duly promulgated by public servant).", "url": "https://economictimes.indiatimes.com/news/politics-and-nation/singer-kanika-kapoor-who-tested-postive-for-coronavirus-booked-for-negligence/articleshow/74741688.cms", "urlToImage": "https://img.etimg.com/thumb/msid-74741743,width-1070,height-580,imgsize-2386849,overlay-economictimes/photo.jpg", "publishedAt": "2020-03-21T03:51:01Z", "content": "LUCKNOW: Bollywood singer Kanika Kapoor who had attended several gatherings here and tested positive for coronavirus has been booked for negligence and disobedience to the order issued by a public servant, an official said.\r\nThe FIR was registered against at \u2026 [+848 chars]"}, {"source": {"id": "the-times-of-india", "name": "The Times of India"}, "author": "Shantanu Nandan Sharma", "title": "India is fighting Coronavirus on a colonial-era law on epidemics", "description": "The legal inadequacy to tackle disease outbreaks was known for long, baby steps were taken, but at the end of the day, the country was not ready when it encountered another pandemic \u2014 arguably the severest since the 1918 influenza pandemic that killed around \u2026", "url": "https://economictimes.indiatimes.com/news/politics-and-nation/india-is-fighting-coronavirus-on-a-colonial-era-law-on-epidemics/articleshow/74752473.cms", "urlToImage": "https://img.etimg.com/thumb/msid-74753186,width-1070,height-580,imgsize-50883,overlay-economictimes/photo.jpg", "publishedAt": "2020-03-21T17:33:51Z", "content": "The Epidemic Disease Act was enacted in 1897 and needs to be repealed. The Act does not provide any power to the Centre to intervene in biological emergencies. It has to be substituted by an Act which takes care of the prevailing and foreseeable public health\u2026 [+5616 chars]"}, {"source": {"id": "the-times-of-india", "name": "The Times of India"}, "author": "Saloni Singh", "title": "11 Short Films To Watch Out For Online Than Commercial Mainstream Cinema Because #Coronavirus", "description": "To ensure work does not suffer, many corporate offices have introduced work from home for the next few weeks till the time this virus settles down.  And we understand that watching full fledged movies and shows with multiples seasons could be difficult while \u2026", "url": "https://www.indiatimes.com/entertainment/celebs/11-short-films-to-watch-out-for-than-commercial-mainstream-cinema-because-coronavirus-508568.html", "urlToImage": "https://im.indiatimes.in/content/2020/Mar/iPiccy-collage_5e707b79ddc2f.jpg", "publishedAt": "2020-03-21T06:23:09Z", "content": "Coronavirus has got all of us home bound. Whether its shutting down gyms, malls, cinema halls or offices, we are been on self isolation and work from our respective houses. Coronavirus is a new illness that has out broken in such a short span of time that for\u2026 [+4141 chars]"}, {"source": {"id": "the-times-of-india", "name": "The Times of India"}, "author": "Bobins Abraham", "title": "India To Increase Number Of Coronavirus Testings, People With No Travel History To Be Tested", "description": "India has reported four deaths and 258 cases f Coronavirus (Covid-19) in the country so far. While the numbers are rapidly increasing for the past few days many health experts have pointed out that the number of confirmed cases in the country with a populatio\u2026", "url": "https://www.indiatimes.com/news/india/india-to-increase-number-of-coronavirus-testings-people-with-no-travel-history-to-be-tested-508914.html", "urlToImage": "https://im.indiatimes.in/content/2020/Mar/fb_5e75b69ed31e8.jpg", "publishedAt": "2020-03-21T06:40:39Z", "content": "India has reported four deaths and 258 cases of coronavirus (Covid-19) in the country so far. While the numbers are rapidly increasing for the past few days, many health experts have pointed out that the number of confirmed cases in the country with a populat\u2026 [+2419 chars]"}, {"source": {"id": "the-times-of-india", "name": "The Times of India"}, "author": "Bobins Abraham", "title": "Amid Coronavirus, Criminal Negligence Of One Man Has Put Entire Kerala District Under Lockdown", "description": "Over the past few days, there have been several incidents where people returning from countries with Coronavirus outbreak, refusing to follow the self-isolation protocol resulted in passing on the virus to more and more people. \n\nBut a man from Kerala who had\u2026", "url": "https://www.indiatimes.com/news/india/amid-coronavirus-criminal-negligence-of-one-man-has-put-entire-kerala-district-under-lockdown-508909.html", "urlToImage": "https://im.indiatimes.in/content/2020/Mar/FBImage2-19_5e75b0b5e1992.jpg", "publishedAt": "2020-03-21T05:50:45Z", "content": "Over the past few days, there have been several incidents where people returning from countries with coronavirus outbreak, refusing to follow the self-isolation protocol resulted in passing on the virus to more and more people.\u00a0\r\nBut a man from Kerala who had\u2026 [+2269 chars]"}, {"source": {"id": "the-times-of-india", "name": "The Times of India"}, "author": "Indiatimes", "title": "Coronavirus: Positive COVID-19 Cases Mounts To 258 In India, 4 Deaths So Far", "description": "The total number of positive cases of coronavirus in India now stands at 258 including 39 foreigners, said Ministry of Health and Family Welfare on Saturday.", "url": "https://www.indiatimes.com/news/india/coronavirus-positive-covid-19-cases-mounts-to-258-in-india-4-deaths-so-far-508910.html", "urlToImage": "https://im.indiatimes.in/content/2020/Mar/kerala-mask1_5e75b4318f435.jpg", "publishedAt": "2020-03-21T05:42:05Z", "content": "Coronavirus scare in our country is slowly but steadily rising.\u00a0The total number of positive cases of coronavirus in India now stands at 258 including 39 foreigners, said Ministry of Health and Family Welfare on Saturday.\r\nFour people have died including one \u2026 [+1163 chars]"}, {"source": {"id": "the-times-of-india", "name": "The Times of India"}, "author": "Garima Satija", "title": "Netflix Sets Up $100 Million Coronavirus Relief Fund For Workers Affected By Suspended Shoots", "description": "To aid those affected by the halt of film and TV shoots because of coronavirus pandemic, Netflix has announced a $100 million relief fund for workers in the worldwide creative community. The majority of the fund will support the hardest-hit workers on Netflix\u2026", "url": "https://www.indiatimes.com/entertainment/celebs/netflix-sets-up-100-million-coronavirus-relief-fund-for-workers-affected-by-suspended-shoots-508938.html", "urlToImage": "https://im.indiatimes.in/content/2020/Mar/net_5e75eac894388.png", "publishedAt": "2020-03-21T10:00:28Z", "content": "To aid those affected by the halt of film and TV shoots because of coronavirus pandemic, Netflix has announced a $100 million relief fund for workers in the worldwide creative community.\r\nThis community has supported Netflix through the good times, and we wan\u2026 [+1573 chars]"}, {"source": {"id": "the-times-of-india", "name": "The Times of India"}, "author": "KC Archana", "title": "Woman With Coronavirus Says It's Like 'Having Glass In Your Lungs,' Calls Breathing A 'Battle'", "description": "Click here to read about a COVID-19 patient named Tara Jane Langston, who filmed herself in an intensive care unit (ICU) in Hillingdon Hospital, West London begging people not to take any chances when it comes to taking precautions against the virus.", "url": "https://www.indiatimes.com/trending/social-relevance/coronavirus-symptoms-explained-by-uk-woman-508930.html", "urlToImage": "https://im.indiatimes.in/content/2020/Mar/Coronavirus-patient-_5e75dc62547ef.jpg", "publishedAt": "2020-03-21T09:30:11Z", "content": "In a harrowing video, a 39-year-old British woman shared her experience after testing positive for COVID-19 disease.\u00a0\r\nTara Jane Langston, filmed herself in an intensive care unit (ICU) in Hillingdon Hospital, West London begging people not to \"take any chanc\u2026 [+1699 chars]"}, {"source": {"id": "the-times-of-india", "name": "The Times of India"}, "author": "Basit Aijaz", "title": "States Across India Are Taking Measures To Help Less Fortunate As Coronavirus Hits Livelihood", "description": "To ensure the less fortunate get a minimum sum to ease their financial stress in the times of crises, state governments across India have announced a slew of relief measures.", "url": "https://www.indiatimes.com/news/india/states-across-india-are-taking-measures-to-help-less-fortunate-as-coronavirus-hits-livelihood-508953.html", "urlToImage": "https://im.indiatimes.in/content/2020/Mar/FBImage12-1_5e7609d59affc.jpg", "publishedAt": "2020-03-21T13:10:36Z", "content": "The coronavirus pandemic is going to affect a lot of people - directly and indirectly. While lives are at stake, so is the livelihood of many people.\u00a0\r\nAs India reels under the effects of the COVID-19, there is high possibility that many of the daily wage wor\u2026 [+2685 chars]"}, {"source": {"id": "the-times-of-india", "name": "The Times of India"}, "author": "Abhishek Saksena", "title": "Thousands Of Passenger Jets Still Flying Despite Coronavirus Travel Restrictions, Here\u2019s Why", "description": "Click here to know why thousands of passenger jets are still flying despite travel restrictions by many countries. Hint: it's all got to do with how the aviation industry functions.", "url": "https://www.indiatimes.com/trending/human-interest/passenger-planes-are-still-flying-despite-coronavirus-508934.html", "urlToImage": "https://im.indiatimes.in/content/2020/Mar/Air-travel-coronavirus---FB_5e75e32a67949.JPG", "publishedAt": "2020-03-21T09:55:53Z", "content": "COVID-19, also known as the novel coronavirus, has now visited so many countries in the past couple of months that itll put some frequent fliers to shame. Consequently, nearly every country has put travel restrictions in place.\r\nIndia for example has restrict\u2026 [+3655 chars]"}, {"source": {"id": "the-times-of-india", "name": "The Times of India"}, "author": "Basit Aijaz", "title": "With 4,000 Deaths Already Due To Coronavirus In Italy, Govt Calls Military To Enforce Lockdown", "description": "Desperate scenes have unfolded in the north of the country, particularly the hard-hit Lombardy region where infections first exploded last month, as hospitals struggle to treat thousands of cases.", "url": "https://www.indiatimes.com/news/india/with-4000-deaths-already-due-to-coronavirus-in-italy-govt-calls-military-to-enforce-lockdown-508919.html", "urlToImage": "https://im.indiatimes.in/content/2020/Mar/itlay-lockdown_5e75b9b8ca064.jpg", "publishedAt": "2020-03-21T07:15:11Z", "content": "As coronavirus pandemic surges across the world, it has left countries reeling and looking desperate to tackle the novel virus. The cases are growing each day and so are the deaths.\u00a0\r\nAP\r\nThe country most devastatingly impacted by the COVID-19 is Italy. Yeste\u2026 [+1615 chars]"}, {"source": {"id": "the-times-of-india", "name": "The Times of India"}, "author": "KC Archana", "title": "Bored During Self-Quarantine, Someone Decided To Fry Pakodas In The Shape Of Novel Coronavirus", "description": "Click here to read about people come up with novel ways to kill time, like this guy who fried pakodas or fritters in the shape of the novel coronavirus.", "url": "https://www.indiatimes.com/trending/wtf/bored-during-self-quarantine-someone-decided-to-fry-pakodas-in-the-shape-of-novel-coronavirus-508947.html", "urlToImage": "https://im.indiatimes.in/content/2020/Mar/pAKOS_5e7601e9c8f6d.jpg", "publishedAt": "2020-03-21T12:10:00Z", "content": "One of the major symptoms of self-isolation is extreme boredom. All of us have been asked to practice social distancing, isolation and self-quarantine\u00a0to help fight the spread of the coronavirus.\r\nTo beat boredom, some people have come up with novel ways to k\u2026 [+1703 chars]"}, {"source": {"id": "the-times-of-india", "name": "The Times of India"}, "author": "KC Archana", "title": "Compassion Amid Coronavirus: Here's How People Are Encouraging Each Other In Testing Times", "description": "Click here to read about stories of human compassion amid the coronavirus pandemic. Over the past few weeks, there have been many stories of people offering help to elderly bu shopping for them and others providing free food and masks to those in dire need.", "url": "https://www.indiatimes.com/trending/human-interest/heres-how-people-are-encouraging-each-other-in-testing-times-508942.html", "urlToImage": "https://im.indiatimes.in/content/2020/Mar/Compassion-coronavirus_5e75fc1d08354.jpg", "publishedAt": "2020-03-21T12:10:00Z", "content": "Despite the many dark sides aspects of the coronavirus, as a community people are showing what being compassionate means.\u00a0\r\nFrom many coming out to their balconies to sing their hearts out to others collectively lauding the dedication of those who are working\u2026 [+2867 chars]"}, {"source": {"id": "the-times-of-india", "name": "The Times of India"}, "author": "Bobins Abraham", "title": "Too Little Too Late? China Finally Apologises To Family Of Doctor Who Warned About Coronavirus", "description": "He posted this message to fellow doctors in a chat group warning them to wear protective clothing to avoid infection on December 30. But after someone leaked the message to the authorities he was summoned to the Public Security Bureau where he was told to sig\u2026", "url": "https://www.indiatimes.com/news/world/china-finally-apologises-to-family-of-dr-li-wenliang-who-had-warned-about-coronavirus-508939.html", "urlToImage": "https://im.indiatimes.in/content/2020/Mar/fb_5e75ed1e02d89.jpg", "publishedAt": "2020-03-21T10:35:30Z", "content": "In any other country, Dr. Li Wenliang would have been hailed as a hero for his insight that helped save thousands of lives from a virus outbreak. But unfortunately, Dr. Li was in China, where not only that he was never acknowledged, but was accused by the aut\u2026 [+2147 chars]"}, {"source": {"id": "the-times-of-india", "name": "The Times of India"}, "author": "Garima Satija", "title": "'Coronavirus Will Explode Because Of Idiots', Sona Mohapatra Slams Kanika Kapoor For Hiding Travel History", "description": "Slamming Kanika Kapoor for mingling with several people after she landed in India, singer Sona Mohapatra called her behaviour irresponsible. She said, 'The Coronavirus will explode because India is full of irresponsible idiots who ask everything from the gove\u2026", "url": "https://www.indiatimes.com/entertainment/celebs/coronavirus-will-explode-because-of-idiots-sona-mohapatra-slams-kanika-kapoor-for-hiding-travel-history-508907.html", "urlToImage": "https://im.indiatimes.in/content/2020/Mar/Untitled-design---2020-03-21T110708309_5e75a9503128a.png", "publishedAt": "2020-03-21T05:19:15Z", "content": "Some say Kanika Kapoor hid her travel history. Some even say that she hid in a washroom to avoid screening at Lucknow airport. Her father says she attended three-four parties and has come in contact with about 400 people. But Kanika Kapoor has denied all the \u2026 [+2477 chars]"}, {"source": {"id": "the-times-of-india", "name": "The Times of India"}, "author": "KC Archana", "title": "Here's How A Genius Doctor Used One Ventilator To Help 9 Coronavirus Patients And Save Lives", "description": "As the coronavirus spreads across the world, hospitals, public health experts and hospital intensive care unit are faced with a huge challenge of catering to ventilators required to help patients.", "url": "https://www.indiatimes.com/trending/social-relevance/heres-how-a-genius-doctor-used-one-ventilator-to-help-9-coronavirus-patients-and-save-lives-508906.html", "urlToImage": "https://im.indiatimes.in/content/2020/Mar/Ventilators_5e75a8905db71.jpg", "publishedAt": "2020-03-21T05:35:35Z", "content": "As the coronavirus spreads across the world, hospitals, public health experts and hospital intensive care units are faced with a huge challenge of catering to patients who require ventilators.\r\nFor the uninitiated, people who contract the COVID-19, tagged as \u2026 [+4640 chars]"}, {"source": {"id": "the-times-of-india", "name": "The Times of India"}, "author": "Basit Aijaz", "title": "This American Woman Sadly Lost Her Mother, Two Brothers & Sister To Coronavirus Within A Week", "description": "Elizabeth Fusco, lost her mother, two brothers and a sister to deadly coronavirus. Her mother and the family matriarch, Grace Fusco, 73, of Freehold, New Jersey, died Wednesday this week after being diagnosed with the coronavirus.", "url": "https://www.indiatimes.com/news/india/this-american-woman-sadly-lost-her-mother-two-brothers-sister-to-coronavirus-within-a-week-508912.html", "urlToImage": "https://im.indiatimes.in/content/2020/Mar/FBImage3-9_5e75b6ff25758.jpg", "publishedAt": "2020-03-21T06:20:31Z", "content": "The most heartbreaking moment in one's life is always losing someone close to you. But what if you lose four family members within a span of week?\r\nIt is a loss that that is monumental and can't be measured, but that is what a woman living in US state of New \u2026 [+1360 chars]"}, {"source": {"id": "the-times-of-india", "name": "The Times of India"}, "author": "Shreya Chauhan", "title": "'Side Effects' Of Coronavirus: Pollution Is Down And Nature Can Finally Breathe", "description": "Click here to find out how the coronavirus lockdown of industries and daily activities has led to some 'positives' like decrease in air pollution", "url": "https://www.indiatimes.com/trending/environment/side-effects-of-coronavirus-pollution-is-down-and-nature-can-finally-breathe-508636.html", "urlToImage": "https://im.indiatimes.in/content/2020/Mar/FBImage9-5_5e75e6ca0dea6.jpg", "publishedAt": "2020-03-21T10:15:00Z", "content": "It is true that coronavirus has slowed down the world economy, put entire countries under lockdown and brought to a halt the daily lives of people. But the main beneficiary of this slowdown is, hands down, the environment.\u00a0\r\nGiven the non-existent traffic on \u2026 [+5801 chars]"}, {"source": {"id": "the-times-of-india", "name": "The Times of India"}, "author": "Basit Aijaz", "title": "Coronavirus: Couple Forced To Vacate Rajdhani Train After Passengers Spot Quarantine Stamp", "description": "A couple was deboarded from a Delhi-bound Rajdhani train after co-passengers noticed a home quarantine seal on the husband's hand, the Railways said.", "url": "https://www.indiatimes.com/news/india/coronavirus-couple-forced-to-vacate-rajdhani-train-after-passengers-spot-quarantine-stamp-508941.html", "urlToImage": "https://im.indiatimes.in/content/2020/Mar/train_5e75f4465ab96.jpg", "publishedAt": "2020-03-21T11:00:03Z", "content": "As India finds it difficult to test and quarantine its people, the risk of coronavirus spreading only grows with some people not heeding to government's call to stay at home and not want out without any purpose.\u00a0\r\nPTI\r\nNow, another instance of people not list\u2026 [+1345 chars]"}, {"source": {"id": "the-times-of-india", "name": "The Times of India"}, "author": "AP", "title": "New York bans gatherings, nonessential workers to stay home over coronavirus", "description": "New York Gov. Andrew Cuomo announced sweeping orders Friday that will severely restrict gatherings of any size for the state's more than 19 million residents and will require workers in nonessential businesses to stay home.", "url": "https://economictimes.indiatimes.com/news/international/world-news/new-york-bans-gatherings-nonessential-workers-to-stay-home-over-coronavirus/articleshow/74742368.cms", "urlToImage": "https://img.etimg.com/thumb/msid-74742371,width-1070,height-580,imgsize-1256866,overlay-economictimes/photo.jpg", "publishedAt": "2020-03-21T04:51:10Z", "content": "ALBANY, N.Y.: New York Gov. Andrew Cuomo announced sweeping orders Friday that will severely restrict gatherings of any size for the state's more than 19 million residents and will require workers in nonessential businesses to stay home.\r\nNo more play dates. \u2026 [+4792 chars]"}]}