{"status": "ok", "totalResults": 32, "articles": [{"source": {"id": "the-hindu", "name": "The Hindu"}, "author": "Nistula Hebbar, Vijaita Singh", "title": "Coronavirus | Centre considers extending lockdown", "description": "Many States have openly appealed for its continuation in the face of rise in number of COVID-19 cases.", "url": "https://www.thehindu.com/news/national/coronavirus-india-studying-lockdown-extension/article31282000.ece", "urlToImage": "https://www.thehindu.com/news/national/gx8h02/article31282941.ece/ALTERNATES/LANDSCAPE_615/Allahabadjpg", "publishedAt": "2020-04-07T17:56:15Z", "content": "The Union government on Tuesday indicated that it was actively considering an extension of the 21-day nationwide lockdown that began on March 25 and due to end on April 14 as many States have openly appealed for its continuation in the face of rise in COVID-1\u2026 [+4154 chars]"}, {"source": {"id": "the-hindu", "name": "The Hindu"}, "author": "Staff Reporter", "title": "Coronavirus | Dharavi reports two more cases", "description": "MP asks Uddhav to lock down slum; around 78 people have been actually tested for the virus in Dharavi.", "url": "https://www.thehindu.com/news/national/other-states/coronavirus-dharavi-reports-two-more-cases/article31283798.ece", "urlToImage": "https://www.thehindu.com/news/national/other-states/ar49ym/article31283797.ece/ALTERNATES/LANDSCAPE_615/07THLTDHARAVIANDLACKOFSPACE", "publishedAt": "2020-04-07T17:48:20Z", "content": "As Dharavi reported two more positive cases of the coronavirus on Tuesday, Shiv Sena MP from the area Rahul Shewale has demanded that Asias biggest slum be locked down. He has demanded that every resident of the slum, with a population of eight lakh, be teste\u2026 [+2363 chars]"}, {"source": {"id": "the-hindu", "name": "The Hindu"}, "author": "R. Prasad", "title": "Two CSIR labs start sequencing novel coronavirus", "description": "It will help understand where the virus came from and how it has spread", "url": "https://www.thehindu.com/news/national/two-csir-labs-start-sequencing-novel-coronavirus/article31282975.ece", "urlToImage": "https://www.thehindu.com/static/theme/default/base/img/og-image.jpg", "publishedAt": "2020-04-07T16:14:56Z", "content": "As on April 7, India has shared nine whole genome sequences of the novel coronavirus (SARS-CoV-2) with the Global Initiative on Sharing All Influenza Data (GISAID) a public platform started by the WHO in 2008 for countries to share genome sequences. All the s\u2026 [+2522 chars]"}, {"source": {"id": "the-hindu", "name": "The Hindu"}, "author": "R. Prasad", "title": "Two CSIR labs start sequencing novel coronavirus", "description": "It will help understand where the virus came from and how it has spread", "url": "https://www.thehindu.com/sci-tech/health/two-csir-labs-start-sequencing-novel-coronavirus/article31282975.ece", "urlToImage": "https://www.thehindu.com/sci-tech/health/90deej/article31283122.ece/ALTERNATES/LANDSCAPE_615/2019-nCoVjpg", "publishedAt": "2020-04-07T16:33:55Z", "content": "As on April 7, India has shared nine whole genome sequences of the novel coronavirus (SARS-CoV-2) with the Global Initiative on Sharing All Influenza Data (GISAID) a public platform started by the WHO in 2008 for countries to share genome sequences. All the s\u2026 [+2522 chars]"}, {"source": {"id": "the-hindu", "name": "The Hindu"}, "author": "Special Correspondent", "title": "Coronavirus outbreak | Amid Russian lockdown, Gaganyaan trainees healthy", "description": "Glavkosmos says training has been neither stopped nor suspended and is going on as scheduled", "url": "https://www.thehindu.com/news/national/coronavirus-outbreak-amid-russian-lockdown-gaganyaan-trainees-healthy/article31283578.ece", "urlToImage": "https://www.thehindu.com/static/theme/default/base/img/og-image.jpg", "publishedAt": "2020-04-07T17:30:26Z", "content": "Countries and organisations around the world have halted routines and chosen isolation as the way to check the COVID-19 pandemic. Evidently the four Indian astronaut candidates training in Moscow are no exception to a lockdown in their own spaces for at least\u2026 [+2320 chars]"}, {"source": {"id": "the-hindu", "name": "The Hindu"}, "author": "Kallol Bhattacherjee", "title": "Coronavirus | Special session of the U.N. Security Council likely tomorrow", "description": "Council\u2019s inability to meet has raised concern in world capitals in recent weeks", "url": "https://www.thehindu.com/news/national/coronavirus-special-session-of-the-un-security-council-likely-tomorrow/article31283742.ece", "urlToImage": "https://www.thehindu.com/static/theme/default/base/img/og-image.jpg", "publishedAt": "2020-04-07T17:43:31Z", "content": "India is gearing for diplomatic activities as the U.N. Security Council appears set for a special session over the COVID-19 pandemic. Sources here indicated that South Block is tracking reports that a special closed session of the UNSC is to be held as early \u2026 [+2326 chars]"}, {"source": {"id": "the-hindu", "name": "The Hindu"}, "author": "The Hindu Net Desk", "title": "Coronavirus India lockdown Day 14 updates | April 7, 2020", "description": "According to WHO's April 7 update, globally, 67,767 have died and over twelve lakh people tested positive", "url": "https://www.thehindu.com/news/national/india-coronavirus-lockdown-april-7-2020-live-updates/article31276290.ece", "urlToImage": "https://www.thehindu.com/news/national/s0572a/article31276328.ece/ALTERNATES/LANDSCAPE_615/Pic-for-livejpg", "publishedAt": "2020-04-07T03:54:00Z", "content": "As the country is under a lockdown for nearly two weeks now, India has registered the largest single-day rise in COVID-19 cases and deaths in the past 24 hours with 704 new cases and over 30 deaths reported.\r\nPrime Minister Narendra Modi sought suggestions fr\u2026 [+2441 chars]"}, {"source": {"id": "the-hindu", "name": "The Hindu"}, "author": "Staff Reporter", "title": "Twelve taken ill after consuming \u2018coronavirus shaped\u2019 datura seeds", "description": "They reportedly saw a video on social media that it will build immunity against COVID-19", "url": "https://www.thehindu.com/news/national/andhra-pradesh/twelve-taken-ill-after-consuming-coronavirus-shaped-datura-seeds/article31282688.ece", "urlToImage": "https://www.thehindu.com/static/theme/default/base/img/og-image.jpg", "publishedAt": "2020-04-07T15:34:08Z", "content": "Twelve persons, including five children, were taken ill after they consumed a liquor made of toxic seeds of datura (Ummetta plant in local parlance), which resembles the shape of COVID-19 virus, believing that it will protect them from COVID-19, at Alla Kottu\u2026 [+1754 chars]"}, {"source": {"id": "the-hindu", "name": "The Hindu"}, "author": "NEWDELHI", "title": "Coronavirus | Allowing hydroxychloroquine export not in national interest: Congress", "description": "Trump\u2019s statement completely unacceptable: Yechury", "url": "https://www.thehindu.com/news/national/coronavirus-allowing-hydroxychloroquine-export-not-in-national-interest-congress/article31283109.ece", "urlToImage": "https://www.thehindu.com/news/national/vuags4/article31283108.ece/ALTERNATES/LANDSCAPE_615/VBK-RAHULGANDHI-PTI", "publishedAt": "2020-04-07T16:30:03Z", "content": "The Opposition criticised the Union government for the quick capitulation in the face of a veiled threat by United States President Donald Trump on the ban on export of anti-malarial drug hydroxychloroquine. The Government of India lifted the ban within hours\u2026 [+3074 chars]"}, {"source": {"id": "the-hindu", "name": "The Hindu"}, "author": "Special Correspondent", "title": "Coronavirus | AIIMS staff told to reuse masks, personal protection equipment", "description": "The circulars have sparked concern among staff at the premier medical institution.", "url": "https://www.thehindu.com/news/national/coronavirus-aiims-staff-told-to-reuse-masks-personal-protection-equipment/article31283679.ece", "urlToImage": "https://www.thehindu.com/news/national/epl6n7/article31283678.ece/ALTERNATES/LANDSCAPE_615/07THLTAIIMS", "publishedAt": "2020-04-07T17:37:57Z", "content": "A day after the Union Health Ministry advocated for the rationing of personal protection equipment (PPEs), the All India Institute of Medical Sciences (AIIMS) has issued a circular on Tuesday stating that protective N-95 masks will be provided to all healthca\u2026 [+4020 chars]"}, {"source": {"id": "the-hindu", "name": "The Hindu"}, "author": "AFP", "title": "Coronavirus | Thousands leave Wuhan as China lifts outbound travel ban", "description": "Government estimates say that as many as 55,000 people are expected to flow out of the city, which was placed under an unprecedented quarantine lockdown on January 23.", "url": "https://www.thehindu.com/news/international/coronavirus-thousands-leave-wuhan-as-china-lifts-outbound-travel-ban/article31283856.ece", "urlToImage": "https://www.thehindu.com/news/international/wghgi1/article31283855.ece/ALTERNATES/LANDSCAPE_615/Wuchang", "publishedAt": "2020-04-07T17:53:29Z", "content": "Thousands of Chinese travellers flocked to catch trains leaving coronavirus-ravaged Wuhan as authorities lifted a more than two-month ban on outbound travel from the city where the global pandemic first emerged.\r\nAs the ban was lifted on schedule at midnight \u2026 [+4056 chars]"}, {"source": {"id": "the-hindu", "name": "The Hindu"}, "author": "Special Correspondent", "title": "Coronavirus | Thousands of veterans move to assist civil administration in many States", "description": "They are involved in ration distribution, community surveillance and running of community kitchens", "url": "https://www.thehindu.com/news/national/coronavirus-thousands-of-veterans-move-to-assist-civil-administration-in-many-states/article31281807.ece", "urlToImage": "https://www.thehindu.com/static/theme/default/base/img/og-image.jpg", "publishedAt": "2020-04-07T14:07:10Z", "content": "Several thousand ex-servicemen have been mobilised across the country to assist the civil administration in dealing with COVID-19, the Defence Ministry said on Tuesday. It is being coordinated by the Department of Ex-Servicemen Welfare (DESW) and veterans are\u2026 [+1634 chars]"}, {"source": {"id": "the-hindu", "name": "The Hindu"}, "author": "Special Correspondent", "title": "Coronavirus outbreak | Assam MLA arrested for controversial statement on COVID-19 quarantine centres", "description": "Aminul Islam, representing Dhing Assembly constituency, booked for sedition", "url": "https://www.thehindu.com/news/national/coronavirus-outbreak-assam-mla-arrested-for-controversial-statement-on-covid-19-quarantine-centres/article31283413.ece", "urlToImage": "https://www.thehindu.com/news/national/si07zg/article31283412.ece/ALTERNATES/LANDSCAPE_615/20200407090L", "publishedAt": "2020-04-07T17:15:01Z", "content": "An Assam MLA, who claimed through an audio clip that people being quarantined will be killed with injection, was arrested by the police for sedition and other charges on Tuesday.\r\nFull coverage on coronavirus\r\nThe police in central Assams Nagaon district said\u2026 [+3290 chars]"}, {"source": {"id": "the-hindu", "name": "The Hindu"}, "author": "AP", "title": "Coronavirus | Prime Minister Johnson spent night in ICU, not on ventilator, clarifies UK government", "description": "It\u2019s not common for the health details of British Prime Ministers to be made public, except at times of crisis. Mr. Johnson had been quarantined in his Downing Street residence since being diagnosed with COVID-19 on March 26.", "url": "https://www.thehindu.com/news/international/coronavirus-prime-minister-johnson-spent-night-in-icu-not-on-ventilator-clarifies-uk-government/article31280152.ece", "urlToImage": "https://www.thehindu.com/incoming/jil5k9/article31280200.ece/ALTERNATES/LANDSCAPE_615/11THBRITAINBREXITELECTION1-7apr", "publishedAt": "2020-04-07T11:55:31Z", "content": "British Prime Minister Boris Johnson spent the night in the intensive care unit of a London hospital with the new coronavirus, but is not on a ventilator, a senior government minister said Tuesday, as pressure grew on the government to release more details of\u2026 [+4611 chars]"}, {"source": {"id": "the-hindu", "name": "The Hindu"}, "author": "Afshan Yasmeen", "title": "Coronavirus: 12 new cases reported in Karnataka", "description": "The total number of cases in Karnataka is now 175", "url": "https://www.thehindu.com/news/national/karnataka/coronavirus-12-new-cases-reported-in-karnataka/article31278018.ece", "urlToImage": "https://www.thehindu.com/static/theme/default/base/img/og-image.jpg", "publishedAt": "2020-04-07T08:16:20Z", "content": "Twelve new cases - including four participants of the Tablighi Jamaat congregation and three other contacts of the earlier COVID-19 confirmed Jamaat participants - have tested positive on Tuesday.\r\nThe new cases include four deaths and 25 persons discharged s\u2026 [+742 chars]"}, {"source": {"id": "the-hindu", "name": "The Hindu"}, "author": "Legal Correspondent", "title": "Coronavirus | Centre files report on migrant workers", "description": "Kerala has most shelters for them, Ministry of Home Affairs tells Supreme Court", "url": "https://www.thehindu.com/news/national/coronavirus-centre-files-report-on-migrant-workers/article31283896.ece", "urlToImage": "https://www.thehindu.com/news/national/7qugyy/article31283895.ece/ALTERNATES/LANDSCAPE_615/07THLTMIGRANTLABOURERS", "publishedAt": "2020-04-07T17:56:16Z", "content": "A status report filed by the Ministry of Home Affairs (MHA) in the Supreme Court on Tuesday shows that Kerala government operates over 65% of the total number of active shelters and relief camps for stranded migrant workers run by various States governments i\u2026 [+2888 chars]"}, {"source": {"id": "the-hindu", "name": "The Hindu"}, "author": "The Hindu Net Desk", "title": "Actor Ajith contributes \u20b91.25 crores to coronavirus fund", "description": "Actor was shooting for his next film \u2018Valimai\u2019 that has been put on hold, following the lockdown", "url": "https://www.thehindu.com/entertainment/movies/actor-ajith-contributes-125-crores-to-coronavirus-fund/article31279528.ece", "urlToImage": "https://www.thehindu.com/entertainment/movies/5lptye/article31279527.ece/ALTERNATES/LANDSCAPE_615/Ajith", "publishedAt": "2020-04-07T11:22:10Z", "content": "Actor Ajith Kumar has announced his bit to support the nations fight against the coronavirus pandemic with a contribution equalling around Rs 1.25 crores in total.\r\nThe Viswasam star has donated 50 lakhs for Indian Prime Minister Narendra Modis PM Cares fund,\u2026 [+629 chars]"}, {"source": {"id": "the-hindu", "name": "The Hindu"}, "author": "Atul Aneja", "title": "Coronavirus | South Asia waging a defensive war against COVID-19", "description": "The pandemic continues to seep and spread into the region from two hubs \u2014 Iran and Tablighi Jamaat clusters", "url": "https://www.thehindu.com/news/national/coronavirus-south-asia-waging-a-defensive-war-against-covid-19/article31276810.ece", "urlToImage": "https://www.thehindu.com/news/national/d3d1id/article31276809.ece/ALTERNATES/LANDSCAPE_615/SAARC", "publishedAt": "2020-04-07T05:34:24Z", "content": "South Asia under the SAARC umbrella continues to wage a defensive war against COVID-19 pandemic, which, right now, continues to seep and spread into the region from two hubs Iran and Tablighi Jamaat clusters.\r\nTogether, they have visibly impacted Afghanistan,\u2026 [+3398 chars]"}, {"source": {"id": "the-hindu", "name": "The Hindu"}, "author": "Special Correspondent", "title": "Coronavirus: One infected person skips quarantine in U.P.\u2019s Baghpat", "description": "Hailing from Nepal, he was one of the 28 persons who were quarantined after it was found that they attended the Tablighi Jamaat congregation in Delhi, according to Superintendent of Police", "url": "https://www.thehindu.com/news/national/other-states/coronavirus-one-infected-person-skip-quarantine-in-ups-baghpat/article31277989.ece", "urlToImage": "https://www.thehindu.com/static/theme/default/base/img/og-image.jpg", "publishedAt": "2020-04-07T08:14:33Z", "content": "A COVID-19 infected person jumped quarantine or found reasons to leave the centre from the Khekra area of Baghpat Monday night, police said. \r\nData | The Nizamuddin cluster and the coronavirus spread\r\nA person who hails from Nepal who was admitted to the isol\u2026 [+958 chars]"}, {"source": {"id": "the-hindu", "name": "The Hindu"}, "author": "Special Correspondent", "title": "Coronavirus | Five-point plan ready to contain possible outbreak in Delhi: Kejriwal", "description": "The plan, based on \u2018five Ts\u2019, was evolved on the basis of the experience of foreign nations which had been successful in this respect as well as deliberations with experts", "url": "https://www.thehindu.com/news/cities/Delhi/coronavirus-five-point-plan-ready-to-contain-possible-outbreak-in-delhi-kejriwal/article31278161.ece", "urlToImage": "https://www.thehindu.com/static/theme/default/base/img/og-image.jpg", "publishedAt": "2020-04-07T08:45:19Z", "content": "Chief Minister Arvind Kejriwal on Tuesday said that the Delhi government had evolved a five-point plan to contain a possible COVID-19 outbreak in the city.\r\nThe plan, based on five Ts, was evolved on the basis of the experience of foreign nations which had be\u2026 [+1241 chars]"}, {"source": {"id": "the-hindu", "name": "The Hindu"}, "author": "Jacob Koshy", "title": "Coronavirus | Researchers find cells that may explain loss of smell in COVID-19 patients", "description": "Virus may be inflicting an indirect attack on the olfactory sensory cells, says study", "url": "https://www.thehindu.com/news/national/coronavirus-researchers-find-cells-that-may-explain-loss-of-smell-in-covid-19-patients/article31282353.ece", "urlToImage": "https://www.thehindu.com/news/national/g9k5x3/article31282352.ece/ALTERNATES/LANDSCAPE_615/VBK-CORONAVIRUS-REUTERS", "publishedAt": "2020-04-07T15:07:59Z", "content": "Can a loss of smell be an early warning for a COVID-19 infection? Multiple reports have surfaced, primarily from Europe and the United States, from physicians and ear, nose and throat specialists, of COVID-19 patients complaining of an inability to smell or a\u2026 [+2880 chars]"}, {"source": {"id": "the-hindu", "name": "The Hindu"}, "author": "PTI", "title": "Coronavirus: SC seek Centre\u2019s response on plea for evacuating Indian students stranded in UK", "description": "The Supreme Court on Tuesday sought response from the Centre on a plea for immediate evacuation of all Indian students who are stranded in the United Kingdom (UK) amid the lockdown due to COVID-19 pan", "url": "https://www.thehindu.com/news/national/coronavirus-sc-seek-centres-response-on-plea-for-evacuating-indian-students-stranded-in-uk/article31279500.ece", "urlToImage": "https://www.thehindu.com/news/national/k7tevi/article31252978.ece/ALTERNATES/LANDSCAPE_615/SupremeCourt-NKV", "publishedAt": "2020-04-07T11:19:08Z", "content": "The Supreme Court on Tuesday sought response from the Centre on a plea for immediate evacuation of all Indian students who are stranded in the United Kingdom (UK) amid the lockdown due to COVID-19 pandemic.\r\nCoronavirus India lockdown Day 14 updates | ICMR st\u2026 [+2917 chars]"}, {"source": {"id": "the-hindu", "name": "The Hindu"}, "author": "The Hindu Net Desk", "title": "Actor Purab Kohli says that he and his family are diagnosed with coronavirus", "description": "The \u2018Rock On!!\u2019 star, his wife Lucy, and children Inaya and Osian are all recovering from COVID-19 symptoms in London", "url": "https://www.thehindu.com/entertainment/movies/actor-purab-kohli-says-that-he-and-his-family-are-diagnosed-with-coronavirus/article31281303.ece", "urlToImage": "https://www.thehindu.com/entertainment/movies/drsbed/article31281302.ece/ALTERNATES/LANDSCAPE_615/purab", "publishedAt": "2020-04-07T13:18:27Z", "content": "Rock On!! actor Purab Kohli, who is in London, took to Instagram to reveal today that he and his family have been diagnosed with the novel coronavirus, and are taking all the measures to stay safe.\r\nThe Bollywood star and former VJ wrote a lengthy post in whi\u2026 [+2259 chars]"}, {"source": {"id": "the-hindu", "name": "The Hindu"}, "author": "PTI", "title": "Indian Americans in New York, New Jersey worst hit by Coronavirus", "description": "While the majority of them are in self-quarantine in their homes, many of them have been admitted to hospitals", "url": "https://www.thehindu.com/news/international/indian-americans-in-new-york-new-jersey-worst-hit-by-coronavirus/article31277184.ece", "urlToImage": "https://www.thehindu.com/news/international/vkjcg2/article31277183.ece/ALTERNATES/LANDSCAPE_615/THAVDNEWYORK", "publishedAt": "2020-04-07T06:52:33Z", "content": "Scores of Indian Americans have tested positive with the novel coronavirus and several of them have died, according to multiple news reports from community organisations and diaspora leaders from across the US, currently the global epicentre of the deadly dis\u2026 [+2999 chars]"}, {"source": {"id": "the-hindu", "name": "The Hindu"}, "author": "Kallol Bhattacherjee", "title": "Coronavirus | Special session of the U.N. Security Council likely on April 9", "description": "Council\u2019s inability to meet has raised concern in world capitals in recent weeks", "url": "https://www.thehindu.com/news/national/coronavirus-special-session-of-the-un-security-council-likely-on-april-9/article31283742.ece", "urlToImage": "https://www.thehindu.com/static/theme/default/base/img/og-image.jpg", "publishedAt": "2020-04-07T17:57:58Z", "content": "India is gearing for diplomatic activities as the U.N. Security Council appears set for a special session over the COVID-19 pandemic. Sources here indicated that South Block is tracking reports that a special closed session of the UNSC is to be held as early \u2026 [+2326 chars]"}, {"source": {"id": "the-hindu", "name": "The Hindu"}, "author": "Special Correspondent", "title": "Coronavirus | WhatsApp chatbot on COVID-19 launched", "description": "IT Minister launches chatbot; move aimed at providing authentic information to the people", "url": "https://www.thehindu.com/news/cities/Hyderabad/coronavirus-whatsapp-chatbot-on-covid-19-launched/article31274896.ece", "urlToImage": "https://www.thehindu.com/news/cities/Hyderabad/8y8k2a/article31276453.ece/ALTERNATES/LANDSCAPE_615/HY06-KTRAMARAO", "publishedAt": "2020-04-07T04:19:55Z", "content": "As part of efforts to provide authentic information to citizens on COVID-19, a WhatsApp chatbot TS Gov Covid Info was launched on Monday by Telangana government. \r\nIT Minister K.T.Rama Rao, who launched the facility, said Telangana government has partnered wi\u2026 [+1485 chars]"}, {"source": {"id": "the-hindu", "name": "The Hindu"}, "author": "AFP", "title": "China reports no new coronavirus deaths for first time", "description": "But the country faces a second wave of infections brought in from overseas", "url": "https://www.thehindu.com/news/international/china-reports-no-new-coronavirus-deaths-for-first-time/article31276213.ece", "urlToImage": "https://www.thehindu.com/news/international/sv96pw/article31276211.ece/ALTERNATES/LANDSCAPE_615/THAVDCHINA", "publishedAt": "2020-04-07T03:11:00Z", "content": "China on Tuesday reported no new coronavirus deaths for the first time since it started publishing figures in January, the National Health Commission said.\r\nCases in mainland China have been dwindling since March, but the country faces a second wave of infect\u2026 [+1311 chars]"}, {"source": {"id": "the-hindu", "name": "The Hindu"}, "author": "Special Correspondent", "title": "Coronavirus | Uttar Pradesh to move asymptomatic patients to hotels, lodges", "description": "There is need to free up space for more serious patients, says senior official", "url": "https://www.thehindu.com/news/national/other-states/coronavirus-uttar-pradesh-to-move-asymptomatic-patients-to-hotels-lodges/article31283334.ece", "urlToImage": "https://www.thehindu.com/news/national/other-states/hb9oym/article31283333.ece/ALTERNATES/LANDSCAPE_615/07THLTUPSTORY", "publishedAt": "2020-04-07T16:55:23Z", "content": "Uttar Pradesh plans to lodge asymptomatic COVID-19 patients in facilities such as hotels, lodges or hostels to free up space for more serious patients admitted to hospitals, a senior official said on Tuesday.\r\nCoronavirus | Lockdown likely to be extended in U\u2026 [+1644 chars]"}, {"source": {"id": "the-hindu", "name": "The Hindu"}, "author": "Special Correspondent", "title": "Coronavirus lockdown | Yechury writes to President on compensation to employers", "description": "Govt. must compensate employers to halt pay cuts and lay-offs, says CPI(M) general secretary", "url": "https://www.thehindu.com/news/national/coronavirus-lockdown-yechury-writes-to-president-on-compensation-to-employers/article31280369.ece", "urlToImage": "https://www.thehindu.com/incoming/x95cry/article31280698.ece/ALTERNATES/LANDSCAPE_615/SitaramYechury-7apr", "publishedAt": "2020-04-07T12:05:37Z", "content": "To halt the ongoing pay cuts and lay-offs in the private sector, the government must compensate employers and help them tide over the economic recession that has been exacerbated by the lockdown, Communist Party of India-Marxist (CPI-M) general secretary Sita\u2026 [+2764 chars]"}, {"source": {"id": "the-hindu", "name": "The Hindu"}, "author": "AFP", "title": "Coronavirus | Ten newborns contract virus at Romanian hospital", "description": "Health Minister Nelu Tataru pointed to the \u201cfailures in the activities of both maternity officials and the local public health directorate (DSP)\u201d and promised severe measures if necessary and the local DSP chief has already been dismissed.", "url": "https://www.thehindu.com/news/international/coronavirus-ten-newborns-contract-virus-at-romanian-hospital/article31281759.ece", "urlToImage": "https://www.thehindu.com/static/theme/default/base/img/og-image.jpg", "publishedAt": "2020-04-07T13:59:47Z", "content": "A Romanian maternity unit was being investigated on Tuesday after 10 newborns tested positive for the novel coronavirus, with the suspicion they contracted the virus from healthcare staff.\r\nThe mothers tested negative, but the babies tested positive so we hav\u2026 [+1490 chars]"}, {"source": {"id": "the-hindu", "name": "The Hindu"}, "author": "Special Correspondent", "title": "Coronavirus | Rajasthan CM Ashok Gehlot for probe to fix responsibility for Tablighi Jamaat event in Delhi", "description": "Rajasthan CM favours phase-wise lifting of lockdown in coordination with Centre", "url": "https://www.thehindu.com/news/national/coronavirus-gehlot-for-probe-to-fix-responsibility-for-tablighi-jamaat-event-in-delhi/article31283366.ece", "urlToImage": "https://www.thehindu.com/news/national/q49klb/article31283365.ece/ALTERNATES/LANDSCAPE_615/vbk-ashok-gehlot-rjp", "publishedAt": "2020-04-07T17:06:47Z", "content": "Rajasthan Chief Minister Ashok Gehlot on Tuesday demanded a judicial inquiry to fix responsibility for the Tablighi Jamaat event in Delhi and asserted that his government favoured a phase-wise lifting of the three-week lockdown in coordination with the Union \u2026 [+2382 chars]"}, {"source": {"id": "the-hindu", "name": "The Hindu"}, "author": "PTI", "title": "AgustaWestland: Christian Michel\u2019s interim bail plea citing coronavirus risk in jail dismissed", "description": "Justice Mukta Gupta said Michel\u2019s apprehension that because of his vulnerable age and overcrowding in jail he is likely to contact coronavirus which may be detrimental to his health, is unfounded", "url": "https://www.thehindu.com/news/cities/Delhi/agustawestland-christian-michels-interim-bail-plea-citing-coronavirus-risk-in-jail-dismissed/article31277124.ece", "urlToImage": "https://www.thehindu.com/news/cities/Delhi/o2gyqe/article31277123.ece/ALTERNATES/LANDSCAPE_615/INDIA-AGUSTAWESTLAND", "publishedAt": "2020-04-07T06:42:15Z", "content": "The Delhi High Court has dismissed the plea of Christian Michel James, an alleged middleman arrested in connection with the AgustaWestland VVIP chopper scam cases by the Central Bureau of Investigation (CBI) and the Enforcement Directorate (ED), seeking inter\u2026 [+1053 chars]"}]}