{"status": "ok", "totalResults": 38, "articles": [{"source": {"id": "the-hindu", "name": "The Hindu"}, "author": "Special Correspondent", "title": "Spend CMRF fund for anti-coronavirus steps", "description": "All contact persons being sent to quarantine, says CM", "url": "https://www.thehindu.com/news/national/telangana/spend-cmrf-fund-for-anti-coronavirus-steps/article31264850.ece", "urlToImage": "https://www.thehindu.com/static/theme/default/base/img/og-image.jpg", "publishedAt": "2020-04-05T17:56:01Z", "content": "Chief Minister K. Chandrasekhar Rao has asked officials to spend the money received from donors towards Chief Ministers Relief Fund also to combat coronavirus for purchase of masks, personal protective equipment and drugs for health staff involved in the trea\u2026 [+1473 chars]"}, {"source": {"id": "the-hindu", "name": "The Hindu"}, "author": "Staff Reporter", "title": "Coronavirus | Ganjam to penalise those without masks", "description": "Those roaming the streets without any reason would be taken into custody and put under 14-day quarantine.", "url": "https://www.thehindu.com/news/national/coronavirus-ganjam-to-penalise-those-without-masks/article31265599.ece", "urlToImage": "https://www.thehindu.com/news/national/9hu8ez/article31265598.ece/ALTERNATES/LANDSCAPE_615/06THODISHA", "publishedAt": "2020-04-05T20:40:25Z", "content": "The Ganjam district administration in Odisha has said it will impose a penalty on those who are not covering their faces with masks while coming out when the lockdown is relaxed from 7 a.m. to noon. \r\nCollector Vijay Amruta Kulange said violators in urban are\u2026 [+2164 chars]"}, {"source": {"id": "the-hindu", "name": "The Hindu"}, "author": "Legal Correspondent", "title": "Coronavirus | Nurses move SC, say health staff ill-equipped", "description": "Noting that the pandemic is seeing a \u201cpersisting and ever escalating spread\u201d the United Nurses Association pointed out that nurses and health workers are exposed to infection.", "url": "https://www.thehindu.com/news/national/nurses-move-sc-say-health-staff-ill-equipped/article31265606.ece", "urlToImage": "https://www.thehindu.com/news/national/tamil-nadu/mfca54/article31224024.ece/ALTERNATES/LANDSCAPE_615/24THCRRIGVA79GHN79KKCI2jpgjpg", "publishedAt": "2020-04-05T21:05:23Z", "content": "A Kerala-based 3.8 lakh-strong nurses association has approached the Supreme Court saying the government has not formulated a National Management Protocol for COVID-19 to address the serious concerns relating to imminent and extreme risks posed to the health \u2026 [+1471 chars]"}, {"source": {"id": "the-hindu", "name": "The Hindu"}, "author": "Reuters", "title": "Coronavirus | U.K. PM Boris Johnson admitted to hospital for tests", "description": "He was showing after persistent symptoms ten days after testing positive for the virus.", "url": "https://www.thehindu.com/news/international/coronavirus-uk-pm-johnson-admitted-to-hospital-for-tests/article31265602.ece", "urlToImage": "https://www.thehindu.com/news/international/dzyrr0/article30958445.ece/ALTERNATES/LANDSCAPE_615/BORISJOHNSON", "publishedAt": "2020-04-05T20:50:49Z", "content": "British Prime Minister Boris Johnson was admitted to hospital for tests on Sunday in what Downing Street said was a precautionary step because he was showing persistent symptoms of coronavirus ten days after testing positive for the virus.\r\nOn the advice of h\u2026 [+1223 chars]"}, {"source": {"id": "the-hindu", "name": "The Hindu"}, "author": "Special Correpsondent", "title": "Coronavirus | Number of cases doubled in 4.1 days due to Tablighi Jamaat event, says Health Ministry", "description": "We are chasing the virus, say officials as new cases rise in Maharashtra, Tamil Nadu.", "url": "https://www.thehindu.com/news/national/coronavirus-number-of-cases-doubled-in-41-days-in-india-due-to-tablighi-jamaat-event-says-government/article31262700.ece", "urlToImage": "https://www.thehindu.com/news/national/kp0797/article31262699.ece/ALTERNATES/LANDSCAPE_615/LAVAGARWAL", "publishedAt": "2020-04-05T17:32:49Z", "content": "Indias death toll from COVID-19 rose to 83 on Sunday, with 11 fatalities since Saturday. The number of confirmed infections across the country stood at 3,577 cases, with 505 new cases; 274 persons have recovered, the Union Health Ministry said.\r\nWe are chasin\u2026 [+3582 chars]"}, {"source": {"id": "the-hindu", "name": "The Hindu"}, "author": "Special Correspondent", "title": "Coronavirus | Man kills self in Himachal Pradesh after being blamed for spreading virus", "description": "The police said an investigation team has reached Bangarh village in Una and was probing the matter.", "url": "https://www.thehindu.com/news/national/other-states/coronavirus-man-kills-self-in-himachal-pradesh-after-being-blamed-for-spreading-virus/article31262809.ece", "urlToImage": "https://www.thehindu.com/news/national/other-states/uzo5iw/article31262808.ece/ALTERNATES/LANDSCAPE_615/HIMACHALPRADESH", "publishedAt": "2020-04-05T13:01:35Z", "content": "A 34-year-old man, who tested negative for COVID-19, allegedly ended his life in a village of Himachal Pradeshs Una district on Sunday after a few villagers had allegedly blamed him for spreading the disease.\r\nHe had reportedly met two attendees of the Tablig\u2026 [+1104 chars]"}, {"source": {"id": "the-hindu", "name": "The Hindu"}, "author": "PTI", "title": "Coronavirus | Advertisement placed in OLX to \u2018sell\u2019 Statue of Unity; case filed", "description": "\u201cSome unknown person placed an advertisement... stating he needs to sell the Statue of Unity for \u20b930,000 crore\u201d to meet the government\u2019s fight against the coronavirus.", "url": "https://www.thehindu.com/news/national/other-states/coronavirus-advertisement-placed-in-olx-to-sell-statue-of-unity-case-filed/article31264296.ece", "urlToImage": "https://www.thehindu.com/news/national/ujyrg/article25377399.ece/ALTERNATES/LANDSCAPE_615/Modiviewstatue", "publishedAt": "2020-04-05T17:10:25Z", "content": "A case was registered against an unknown person in Gujarat for placing an online advertisement to sell the Statue of Unity in Kevadiya in Narmada district for 30,000 crore to meet the governments expenses for hospitals and medical infrastructure to fight the \u2026 [+1202 chars]"}, {"source": {"id": "the-hindu", "name": "The Hindu"}, "author": "Special Correspondent", "title": "Coronavirus: Nine who attended Tablighi Jamaat event test positive in Ghaziabad", "description": "Number of cases linked to the Nizamuddin congregation could go up as results of 80 more samples are awaited", "url": "https://www.thehindu.com/news/national/other-states/coronavirus-nine-who-attended-tablighi-jamaat-event-test-positive-in-ghaziabad/article31261610.ece", "urlToImage": "https://www.thehindu.com/news/national/other-states/qnahdy/article31261609.ece/ALTERNATES/LANDSCAPE_615/NIZAMKB", "publishedAt": "2020-04-05T05:09:09Z", "content": "Nine more cases of COVID-19 have come to light in Ghaziabad, Uttar Pradesh. All of them attended the Tablighi Jamaat event in Nizamuddin area of Delhi. Ghaziabad district now has 23 cases. After four people from Masuri area were tested positive on Friday, on \u2026 [+879 chars]"}, {"source": {"id": "the-hindu", "name": "The Hindu"}, "author": "The Hindu Net Desk", "title": "Coronavirus India lockdown Day 12 live updates | Death toll crosses 100, number of confirmed cases touch 3500", "description": "Across the world, more than 1.1 million people have been infected, the bulk of which is in Europe and China.", "url": "https://www.thehindu.com/news/national/india-coronavirus-lockdown-april-5-2020-live-updates/article31261346.ece", "urlToImage": "https://www.thehindu.com/news/cities/chennai/u5dsr1/article31261358.ece/ALTERNATES/LANDSCAPE_615/jothirjpg", "publishedAt": "2020-04-05T03:04:36Z", "content": "COVID-19 death toll in India exceeded 100 on Saturday, with the country reporting 104 deaths, including two in Tamil Nadu. Over 3,500 confirmed cases have been reported across India, according to Health Ministry and State government data.\r\nAs per Prime Minist\u2026 [+4293 chars]"}, {"source": {"id": "the-hindu", "name": "The Hindu"}, "author": "Staff Reporter", "title": "Coronavirus | Disinfection tunnel set up", "description": "The walk through the tunnel would take only a few seconds and is a supplement to other precautionary measures like hand-washing.", "url": "https://www.thehindu.com/news/cities/Madurai/coronavirus-disinfection-tunnel-set-up/article31265980.ece", "urlToImage": "https://www.thehindu.com/news/cities/Madurai/2ra4rq/article31265979.ece/ALTERNATES/LANDSCAPE_615/06MACITY-TUNNEL", "publishedAt": "2020-04-05T22:21:46Z", "content": "Visitors to the makeshift vegetable market set up at Madura College ground here on Sunday had to pass through a disinfection tunnel as a precautionary measure to contain the spread of COVID-19 pandemic. \r\nMinister for Cooperation Sellur K.Raju inspected the t\u2026 [+799 chars]"}, {"source": {"id": "the-hindu", "name": "The Hindu"}, "author": "PTI", "title": "Coronavirus: In millions of homes, children have questions about coronavirus, and some lessons for adults", "description": "Journalists across India share experiences and conversations with their children aged 2 to 13, which range from cute to poignant and heart-wrenching to humorous, and some with sagacity far beyond their age", "url": "https://www.thehindu.com/news/national/coronavirus-in-millions-of-homes-children-have-questions-about-coronavirus-and-some-lessons-for-adults/article31263526.ece", "urlToImage": "https://www.thehindu.com/news/national/rkw0nw/article31263525.ece/ALTERNATES/LANDSCAPE_615/VBK-CORONA-NAGALAND-AP", "publishedAt": "2020-04-05T14:50:11Z", "content": "How do you explain to a child the science of something that is neither living nor dead? How do you tell her that something invisible can kill people. What answer does a father have when his son asks whether he will be able to celebrate his birthday in June. T\u2026 [+9458 chars]"}, {"source": {"id": "the-hindu", "name": "The Hindu"}, "author": "Mahesh Langa", "title": "Coronavirus: 11 deaths, 122 cases so far in Gujarat", "description": "Of the 14 new cases reported on Sunday morning, eight are linked to the Tablighi Jamaat congregation", "url": "https://www.thehindu.com/news/national/other-states/coronavirus-11-deaths-122-cases-so-far-in-gujarat/article31262026.ece", "urlToImage": "https://www.thehindu.com/news/national/other-states/v5ezfj/article31134966.ece/ALTERNATES/LANDSCAPE_615/GUJARATCORONAVIRUS", "publishedAt": "2020-04-05T08:01:15Z", "content": "Gujarats death toll due to COVID-19 rose to 11 when a 61-year-old woman succumbed to the infection in Surat on Sunday morning. Total number of cases also jumped to 122 when 14 new cases were reported on Sunday morning. \r\nAlso read:COVID-19 | Numbers show high\u2026 [+1072 chars]"}, {"source": {"id": "the-hindu", "name": "The Hindu"}, "author": "PTI", "title": "Coronavirus | Kerala nurse raring to return after recovery", "description": "Reshma was cured of COVID-19 and is now under home quarantine", "url": "https://www.thehindu.com/news/national/coronavirus-kerala-nurse-raring-to-return-after-recovery/article31265608.ece", "urlToImage": "https://www.thehindu.com/news/national/qds1gm/article31265607.ece/ALTERNATES/LANDSCAPE_615/Reshma", "publishedAt": "2020-04-05T21:13:34Z", "content": "I will leave this room within a week after defeating you, the nurse had vowed after contracting the coronavirus while attending to Indias oldest COVID-19 survivor, expressing unflinching faith in Keralas health care system.\r\nLast Friday, Reshma Mohandas, 32, \u2026 [+2820 chars]"}, {"source": {"id": "the-hindu", "name": "The Hindu"}, "author": "Reuters", "title": "France's death toll slows but coronavirus still hits hard", "description": "357 people died from COVID-19 in hospitals, compared with 441 in the previous 24 hours, taking the total toll in hospitals to 5,889.", "url": "https://www.thehindu.com/news/international/frances-death-toll-slows-but-coronavirus-still-hits-hard/article31265477.ece", "urlToImage": "https://www.thehindu.com/news/international/6zuwnk/article31265476.ece/ALTERNATES/LANDSCAPE_615/06THFRANCE", "publishedAt": "2020-04-05T19:40:45Z", "content": "France's daily death toll from the novel coronavirus fell in the past 24 hours and admissions into intensive care also slowed, the health ministry said on Sunday, thanking citizens for largely respecting a lockdown to halt the spread of the virus.\r\nThe health\u2026 [+1557 chars]"}, {"source": {"id": "the-hindu", "name": "The Hindu"}, "author": "PTI", "title": "Coronavirus outbreak: \u20b925 lakh compensation for Gujarat frontline staff", "description": "The announcement of the compensation for the frontline staff was made by Ashwani Kumar, Secretary to Gujarat Chief Minister Vijay Rupani", "url": "https://www.thehindu.com/news/national/coronavirus-outbreak-25-lakh-compensation-for-gujarat-frontline-staff/article31262630.ece", "urlToImage": "https://www.thehindu.com/news/national/kapsi5/article31262629.ece/ALTERNATES/LANDSCAPE_615/VBK-GUJARAT-CORONA-PTI", "publishedAt": "2020-04-05T11:38:39Z", "content": "The Gujarat government on April 5 announced 25 lakh compensation in case santitation and health workers, revenue and food supplies staff, fair price shop owners die of coronavirus infection while working in the frontline to combat the outbreak.\r\nAlso read | O\u2026 [+1157 chars]"}, {"source": {"id": "the-hindu", "name": "The Hindu"}, "author": "Bindu Shajan Perappadan", "title": "Coronavirus | Rapid antibody testing for hotspots first, says ICMR", "description": "Tests are likely to be rolled out by Wednesday", "url": "https://www.thehindu.com/news/national/coronavirus-rapid-antibody-testing-for-hotspots-first-says-icmr/article31265319.ece", "urlToImage": "https://www.thehindu.com/news/national/9yxh60/article31265318.ece/ALTERNATES/LANDSCAPE_615/05THANTI-BODYTESTING", "publishedAt": "2020-04-05T18:52:40Z", "content": "The Indian Council of Medical Research (ICMR) said the rapid antibody based blood test for COVID-19 will be deployed by this Wednesday in clusters and hot spots showing high incidence of confirmed cases.\r\nRaman R Gangakhedkar, head of Epidemiology and Communi\u2026 [+3491 chars]"}, {"source": {"id": "the-hindu", "name": "The Hindu"}, "author": "Staff Reporter", "title": "Tension grips Chittoor district as coronavirus cases reach 17", "description": "All seven are linked to Jamaat event in New Delhi: official", "url": "https://www.thehindu.com/news/national/andhra-pradesh/tension-grips-chittoor-district-as-coronavirus-cases-reach-17/article31262910.ece", "urlToImage": "https://www.thehindu.com/static/theme/default/base/img/og-image.jpg", "publishedAt": "2020-04-05T12:53:58Z", "content": "It was not at all a happy Sunday for denizens of Chittoor district, as the sudden spike in the COVID-19 positive cases took the tally to 17, from 10 on Saturday. \r\nWhile the western mandal remained stable with three cases registered last week, the officials w\u2026 [+1660 chars]"}, {"source": {"id": "the-hindu", "name": "The Hindu"}, "author": "Special Correspondent", "title": "Coronavirus | PM lights lamp as nation joins hands against virus", "description": "Fireworks, conches join nine-minute event across country.", "url": "https://www.thehindu.com/news/national/coronavirus-pm-lights-lamp-as-nation-joins-hands-against-virus/article31264682.ece", "urlToImage": "https://www.thehindu.com/news/national/vdgimh/article31264681.ece/ALTERNATES/LANDSCAPE_615/05THRDNURSE1", "publishedAt": "2020-04-05T17:40:15Z", "content": "People across the country switched off lights in their houses and lit lamps at their doors and balconies in solidarity with the rest of the country in combating COVID-19 at the call of Prime Minister Narendra Modi.\r\nMr. Modi had, in a video message last week,\u2026 [+2893 chars]"}, {"source": {"id": "the-hindu", "name": "The Hindu"}, "author": "The Hindu", "title": "Coronavirus | Look into issue of parole for PSA cases: J&K HC", "description": "Let the rules be urgently implemented, it tells High Powered Committee", "url": "https://www.thehindu.com/news/national/coronavirus-look-into-issue-of-parole-for-psa-cases-jk-hc/article31264658.ece", "urlToImage": "https://www.thehindu.com/static/theme/default/base/img/og-image.jpg", "publishedAt": "2020-04-05T17:36:14Z", "content": "The J&amp;K High Court has asked the High Powered Committee (HPC), convened to de-congest jails by releasing prisoners on parole in the wake of the COVID-19 outbreak, to examine the allegations that no detainee booked under the Public Safety Act (PSA) was bei\u2026 [+2804 chars]"}, {"source": {"id": "the-hindu", "name": "The Hindu"}, "author": "Special Correspondent", "title": "Coronavirus | 10 Malaysians, who attended Tablighi Jamaat event, nabbed by CCB officials at Chennai airport", "description": "\u2018They had visited Tenkasi and Courtallam\u2019", "url": "https://www.thehindu.com/news/national/tamil-nadu/coronavirus-10-malaysians-who-attended-tablighi-jamaat-event-nabbed-by-ccb-officials-at-chennai-airport/article31263055.ece", "urlToImage": "https://www.thehindu.com/news/national/tamil-nadu/cri6cf/article31263103.ece/ALTERNATES/LANDSCAPE_615/VBK-CHENNAIAIRPORT-VBR", "publishedAt": "2020-04-05T13:12:19Z", "content": "Immigration authorities at the Chennai International Airport on April 5 detained 10 Malaysian nationals who had arrived in India on a tourist visa and had attended the Tablighi Jamaat conference in New Delhi. They were later handed over the Central Crime Bran\u2026 [+2133 chars]"}, {"source": {"id": "the-hindu", "name": "The Hindu"}, "author": "PTI", "title": "Coronavirus | U.K. plans 7 special flights from Delhi, Mumbai, Goa for stranded Britons", "description": "An estimated 35,000 British nationals are currently in India, out of whom over 20,000 have contacted the British High Commission to say they wish to return to the U.K.", "url": "https://www.thehindu.com/news/national/coronavirus-uk-plans-7-special-flights-from-delhi-mumbai-goa-for-stranded-britons/article31262923.ece", "urlToImage": "https://www.thehindu.com/news/national/q477wh/article31262922.ece/ALTERNATES/LANDSCAPE_615/HEALTH-CORONAVIRUSBRITAIN", "publishedAt": "2020-04-05T12:56:38Z", "content": "The U.K. government on April 5 announced the first seven chartered flights next week to bring home British nationals stranded in India amidst the international travel lockdown over the coronavirus pandemic.\r\nAn estimated 35,000 British nationals are currently\u2026 [+5113 chars]"}, {"source": {"id": "the-hindu", "name": "The Hindu"}, "author": "K.Srinivasa Rao", "title": "Police personnel directly exposed to Coronavirus, should take precautions, Vizianagaram SP", "description": "Political parties and NGOs vie with each other to reach out to people with food, essential commodities and medicines to the needy", "url": "https://www.thehindu.com/news/national/andhra-pradesh/police-personnel-exposed-to-coronavirsu-should-take-precautions-sp/article31262535.ece", "urlToImage": "https://www.thehindu.com/static/theme/default/base/img/og-image.jpg", "publishedAt": "2020-04-05T11:12:56Z", "content": "Vizianagaram Superintendent of Police (SP) B. Raja Kumari expressed concern over many police officers and personnel ignoring personal safety precautions while implementing lock down rules and regulations. She directed all personnel to wear masks and gloves si\u2026 [+1760 chars]"}, {"source": {"id": "the-hindu", "name": "The Hindu"}, "author": "PTI", "title": "South African Muslim cleric dies of coronavirus after attending Nizamuddin congregation", "description": "Moulana Yusuf Tootla, 80, attended the March 1-15 Tablighi Jamaat congregation in the Nizmuddin area, that has emerged as the epicentre for the spread of the coronavirus in different parts of India and abroad after thousands of people took part in it.", "url": "https://www.thehindu.com/news/international/south-african-muslim-cleric-dies-of-coronavirus-after-attending-nizamuddin-congregation/article31261674.ece", "urlToImage": "https://www.thehindu.com/static/theme/default/base/img/og-image.jpg", "publishedAt": "2020-04-05T05:21:23Z", "content": "A South African Muslim cleric, who recently returned from India after attending the Nizamuddin congregation, has died after contracting the novel coronavirus, according to his family members.\r\nMoulana Yusuf Tootla, 80, attended the March 1-15 Tablighi Jamaat \u2026 [+2683 chars]"}, {"source": {"id": "the-hindu", "name": "The Hindu"}, "author": "The Hindu Data Team", "title": "Data | What is the effect of India's coronavirus lockdown on people's mobility", "description": "In India, retail and recreational places saw the steepest fall in the presence of people", "url": "https://www.thehindu.com/data/data-what-is-the-effect-of-indias-coronavirus-lockdown-on-peoples-mobility/article31265439.ece", "urlToImage": "https://www.thehindu.com/news/national/other-states/vkee0x/article31265091.ece/ALTERNATES/LANDSCAPE_615/DE05-BHOPAL", "publishedAt": "2020-04-05T19:33:21Z", "content": "Due to restrictions, including the imposition of a lockdown in many countries, public mobility has declined sharply, a Google report finds. In India, retail and recreational places saw the steepest fall in the presence of people between February 16 and March \u2026 [+1539 chars]"}, {"source": {"id": "the-hindu", "name": "The Hindu"}, "author": "PTI", "title": "Coronavirus | TN reports 86 more COVID-19 cases, total spikes to 571", "description": "This is the fifth straight day the state has witnessed a sharp surge in the number of positive cases.", "url": "https://www.thehindu.com/news/national/tamil-nadu/coronavirus-tn-reports-86-more-covid-19-cases-total-spikes-to-571/article31263138.ece", "urlToImage": "https://www.thehindu.com/news/national/tamil-nadu/tbofg6/article31263137.ece/ALTERNATES/LANDSCAPE_615/TNCovid19", "publishedAt": "2020-04-05T13:29:16Z", "content": "As many as 86 people, including 85 returnees from the Delhi Tablighi Jamat meet on Sunday tested positive for coronavirus in Tamil Nadu, taking the total number of cases in the state to 571, a senior official said.\r\n This is the fifth straight day the state h\u2026 [+333 chars]"}, {"source": {"id": "the-hindu", "name": "The Hindu"}, "author": "Reuters", "title": "Coronavirus | Queen Elizabeth addresses the United Kingdom", "description": "It is only the fifth special televised broadcast she has made during her reign, the longest in British history.", "url": "https://www.thehindu.com/news/international/coronavirus-queen-elizabeth-addresses-the-united-kingdom/article31265577.ece", "urlToImage": "https://www.thehindu.com/news/international/6jckv4/article31265576.ece/ALTERNATES/LANDSCAPE_615/06THQUEENELIZABETH", "publishedAt": "2020-04-05T20:04:08Z", "content": "Britain's Queen Elizabeth made a highly rare broadcast to her nation on Sunday to rally the public in the face of the coronavirus outbreak.\r\nHere is the text of the 93-year-old monarch's address, only the fifth special televised broadcast she has made during \u2026 [+2979 chars]"}, {"source": {"id": "the-hindu", "name": "The Hindu"}, "author": "PTI", "title": "Coronavirus chatbot sees 2 crore users", "description": "The government\u2019s dedicated WhatsApp chatbot MyGov Corona Helpdesk, which aims to provide timely updates and help citizens clear their queries on Covid-19, has been used by over 2 crore users. Artifici", "url": "https://www.thehindu.com/news/national/coronavirus-chatbot-sees-2-crore-users/article31264140.ece", "urlToImage": "https://www.thehindu.com/static/theme/default/base/img/og-image.jpg", "publishedAt": "2020-04-05T16:41:06Z", "content": "The governments dedicated WhatsApp chatbot MyGov Corona Helpdesk, which aims to provide timely updates and help citizens clear their queries on Covid-19, has been used by over 2 crore users.\r\n Artificial intelligence (AI) chatbot company Haptik Infotech Pvt L\u2026 [+2403 chars]"}, {"source": {"id": "the-hindu", "name": "The Hindu"}, "author": "Priscilla Jebaraj", "title": "Coronavirus | Some schools monitor diya lighting by students", "description": "HRD Ministry has asked them for an action taken report", "url": "https://www.thehindu.com/news/national/coronavirus-some-schools-monitor-diya-lighting-by-students/article31264052.ece", "urlToImage": "https://www.thehindu.com/static/theme/default/base/img/og-image.jpg", "publishedAt": "2020-04-05T16:24:10Z", "content": "Parents cried foul on Sunday, as several schools monitored whether their students lit diyas at 9 p.m. as urged by Prime Minister Narendra Modi, pressured by a letter from the Ministry of Human Resource Development (MHRD) asking for an action taken report. \r\nF\u2026 [+3476 chars]"}, {"source": {"id": "the-hindu", "name": "The Hindu"}, "author": "S. Vijay Kumar", "title": "Coronavirus | Many women from Tamil Nadu attended Tablighi meet", "description": "Agencies issue alert to identify them", "url": "https://www.thehindu.com/news/national/coronavirus-many-women-from-tamil-nadu-attended-tablighi-meet/article31265071.ece", "urlToImage": "https://www.thehindu.com/news/national/jhqm3k/article31251878.ece/ALTERNATES/LANDSCAPE_615/TH05TABLIGHI", "publishedAt": "2020-04-05T18:50:45Z", "content": "Intelligence agencies have issued an alert about a group of women Islamic preachers, including many from Tamil Nadu, belonging to the womens wing of the Tablighi Jamaat the Mastooraat Jamaat who had attended last months congregation in Delhi. The women travel\u2026 [+1888 chars]"}, {"source": {"id": "the-hindu", "name": "The Hindu"}, "author": "Special Correspondent", "title": "Coronavirus: Two more deaths in Tamil Nadu, toll goes up to five", "description": "A man from Ramanathapuram and another from Washermenpet have succumbed to the disease", "url": "https://www.thehindu.com/news/national/tamil-nadu/coronavirus-two-more-deaths-in-tamil-nadu-toll-goes-up-to-five/article31261691.ece", "urlToImage": "https://www.thehindu.com/news/national/tamil-nadu/ajt4n7/article31261690.ece/ALTERNATES/LANDSCAPE_615/TAMILNADU", "publishedAt": "2020-04-05T05:26:15Z", "content": "Two people who tested positive for COVID-19 infection have died, Tamil Nadu health officials have said.\r\nWith this, the number of people who died of the disease in the State rose to five on Sunday.\r\nA bulletin from the health department said a 71-year-old man\u2026 [+512 chars]"}, {"source": {"id": "the-hindu", "name": "The Hindu"}, "author": "Special Correspondent", "title": "Coronavirus: PM Modi calls up former Presidents, Prime Ministers and Opposition leaders", "description": "The Prime Minister has called a video conference on April 8 with floor leaders of parties whose combined strength in Lok Sabha and Rajya Sabha adds up to five MPs", "url": "https://www.thehindu.com/news/national/coronavirus-pm-modi-calls-up-former-presidents-prime-ministers-and-opposition-leaders/article31262260.ece", "urlToImage": "https://www.thehindu.com/news/national/4ffddk/article31256815.ece/ALTERNATES/LANDSCAPE_615/NARENDRAMODI", "publishedAt": "2020-04-05T09:39:33Z", "content": "In a bid to forge bipartisan support over Indias fight against the COVID-19 pandemic that has seen the country enter its 11th day of lockdown, Prime Minister Narendra Modi reached out to former Presidents, Prime Ministers and leaders of Opposition parties.\r\nA\u2026 [+1309 chars]"}, {"source": {"id": "the-hindu", "name": "The Hindu"}, "author": "Telangana Bureau", "title": "COVID-19 | 17 test positive for coronavirus in four Telangana districts", "description": "10 Delhi returnees test positive in Adilabad, 4 in Nalgonda and 2 in Jagtial", "url": "https://www.thehindu.com/news/national/telangana/coronavirus-17-test-positive-for-covid-19-in-four-telangana-districts/article31259798.ece", "urlToImage": "https://www.thehindu.com/news/national/telangana/6d3s8a/article31261334.ece/ALTERNATES/LANDSCAPE_615/HY05ADBISOLATION", "publishedAt": "2020-04-05T02:25:36Z", "content": "The district authorities in Telangana were on their toes on Saturday as 17 positive cases of COVID-19 were reported from different districts.\r\nThe gravity of COVID spread in Adilabad district became evident on Saturday when as many as 10 Jamaat returnees test\u2026 [+3161 chars]"}, {"source": {"id": "the-hindu", "name": "The Hindu"}, "author": "PTI", "title": "U.S. to witness toughest next two weeks due to rising coronavirus cases: Trump", "description": "\u201cIt\u2019s going to be a difficult week for the American people. You will see testing increased around the country and so cases are going to continue to rise across America,\u201d he said.", "url": "https://www.thehindu.com/news/international/us-to-witness-toughest-next-two-weeks-due-to-rising-coronavirus-cases-trump/article31261349.ece", "urlToImage": "https://www.thehindu.com/news/international/829ak8/article31251890.ece/ALTERNATES/LANDSCAPE_615/thjc-Trump", "publishedAt": "2020-04-05T02:43:52Z", "content": "U.S. President Donald Trump has warned the Americans of the toughest next two weeks as the number of confirmed coronavirus cases crossed three lakh-mark and the death toll stood over 8,000. \r\nNext two weeks are going to be very, very deadly. Unfortunately, bu\u2026 [+2646 chars]"}, {"source": {"id": "the-hindu", "name": "The Hindu"}, "author": "Sidharth Yadav", "title": "Coronavirus | Man who held feast for 1,500 persons in M.P.\u2019s Morena tests positive", "description": "11 of his relatives, including seven children, have contracted the disease too", "url": "https://www.thehindu.com/news/national/other-states/coronavirus-man-who-held-feast-for-1500-persons-in-mps-morena-tests-positive/article31265092.ece", "urlToImage": "https://www.thehindu.com/news/national/other-states/vkee0x/article31265091.ece/ALTERNATES/LANDSCAPE_615/DE05-BHOPAL", "publishedAt": "2020-04-05T20:01:42Z", "content": "Fourteen days after he returned from Dubai, a 40-year-old man from Morena tested positive for COVID-19 along with his wife on Thursday. And a day later, 10 of his relatives who had taken part in a feast thrown by him tested positive too. \r\nMore than 1,500 peo\u2026 [+1836 chars]"}, {"source": {"id": "the-hindu", "name": "The Hindu"}, "author": "PTI", "title": "Coronavirus | Himachal Pradesh CM asks Tablighi Jamaat members to come forward for testing", "description": "Himachal Pradesh Chief Minister Jai Ram Thakur on Sunday asked all members of the Tablighi Jamaat who had attended the group\u2019s congregation in Delhi\u2019s Nizamuddin, a COVID-19 hotspot, to come forward f", "url": "https://www.thehindu.com/news/national/hp-cm-asks-tablighi-jamaat-members-to-come-forward-for-testing/article31263975.ece", "urlToImage": "https://www.thehindu.com/static/theme/default/base/img/og-image.jpg", "publishedAt": "2020-04-05T16:13:22Z", "content": "Himachal Pradesh Chief Minister Jai Ram Thakur on Sunday asked all members of the Tablighi Jamaat who had attended the groups congregation in Delhis Nizamuddin, a COVID-19 hotspot, to come forward for testing by 5 p.m., failing which action would be taken aga\u2026 [+2100 chars]"}, {"source": {"id": "the-hindu", "name": "The Hindu"}, "author": "Sidharth Yadav", "title": "Coronavirus: Principal Secretary of Public Health in Madhya Pradesh tests positive", "description": "Another official tasked with implementing strategies to combat the illness also tests positive", "url": "https://www.thehindu.com/news/national/other-states/coronavirus-principal-secretary-of-public-health-in-madhya-pradesh-tests-positive/article31261910.ece", "urlToImage": "https://www.thehindu.com/news/national/other-states/6hmgab/article31261909.ece/ALTERNATES/LANDSCAPE_615/PTI04-04-2020000126B", "publishedAt": "2020-04-05T06:59:35Z", "content": "The Madhya Pradesh Principal Secretary of the Public Health and Family Welfare, the seniormost bureaucrat in the department, tested positive for COVID-19 on Saturday even as the toll owing to the illness reached double digits in the State. \r\nShe tested positi\u2026 [+1322 chars]"}, {"source": {"id": "the-hindu", "name": "The Hindu"}, "author": "Special Correspondent", "title": "COVID-19 | DRDO comes up with more products to tackle coronavirus", "description": "Backpack capable of disinfecting an area up to 300 metres", "url": "https://www.thehindu.com/news/cities/Hyderabad/coronavirus-drdo-comes-up-with-more-products-to-tackle-covid-19/article31261371.ece", "urlToImage": "https://www.thehindu.com/news/cities/Hyderabad/vq6fvo/article31261369.ece/ALTERNATES/LANDSCAPE_615/hy05DRDO", "publishedAt": "2020-04-05T03:04:10Z", "content": "The Defence Research &amp; Development Organisation (DRDO) has announced a few more products made by its scientists with indigenous technologies to combat coronavirus pandemic. \r\nThe Centre for Fire Explosive &amp; Environment Safety (CFEES), Delhi, developed\u2026 [+1740 chars]"}, {"source": {"id": "the-hindu", "name": "The Hindu"}, "author": "PTI", "title": "Coronavirus | Delhi L-G tells Health Dept. to identify private hospitals that can be taken over to treat COVID-19 cases", "description": "Delhi L-G Anil Baijal has asked officials to prepare a list of private hospitals that can be taken over, if needed, to treat COVID-19 cases", "url": "https://www.thehindu.com/news/cities/Delhi/coronavirus-delhi-l-g-tells-health-dept-to-identify-private-hospitals-that-can-be-taken-over-to-treat-covid-19-cases/article31262744.ece", "urlToImage": "https://www.thehindu.com/static/theme/default/base/img/og-image.jpg", "publishedAt": "2020-04-05T12:19:51Z", "content": "With a rise in number of coronavirus cases in the national capital, Delhi Lieutenant-Governor Anil Baijal has directed the Health Department to identify private hospitals which can be taken over by the government, official sources said on April 5.\r\nAlso read \u2026 [+1584 chars]"}]}