{"status": "ok", "totalResults": 60, "articles": [{"source": {"id": "the-hindu", "name": "The Hindu"}, "author": "Reuters", "title": "Coronavirus | S.Korea reports 76 new coronavirus cases; airport checks widened", "description": "South Korea, which has the highest number of cases in Asia after China, now has a total to 8,162 confirmed infections and 75 deaths, the Korea Centers for Disease Control and Prevention said (KCDC)", "url": "https://www.thehindu.com/news/international/coronavirus-skorea-reports-76-new-coronavirus-cases-airport-checks-widened/article31073363.ece", "urlToImage": "https://www.thehindu.com/business/Industry/g8pgjh/article31001682.ece/ALTERNATES/LANDSCAPE_615/06IN-VIRUS1", "publishedAt": "2020-03-15T03:42:24Z", "content": "South Korea on Sunday reported 76 new coronavirus cases and three more deaths, a fall in new cases to double-digits for the first time in over three weeks.\r\nSouth Korea, which has the highest number of cases in Asia after China, now has a total to 8,162 confi\u2026 [+1210 chars]"}, {"source": {"id": "the-hindu", "name": "The Hindu"}, "author": "PTI", "title": "Coronavirus | India-Bangladesh passenger train services suspended", "description": "Services of Maitree and Bandhan Express trains will remain suspended from March 15 to April 15", "url": "https://www.thehindu.com/news/national/coronavirus-india-bangladesh-passenger-train-services-suspended/article31077785.ece", "urlToImage": "https://www.thehindu.com/news/national/nt72wq/article31077784.ece/ALTERNATES/LANDSCAPE_615/MAITREE-EXPRESS", "publishedAt": "2020-03-15T20:56:57Z", "content": "India-Bangladesh passenger train services between Kolkata and cities in the neighbouring country have been suspended from Sunday as a precaution against the spread of COVID-19, on a Union government directive, an Eastern Railway official said.\r\nAlso read: Pil\u2026 [+1298 chars]"}, {"source": {"id": "the-hindu", "name": "The Hindu"}, "author": "PTI", "title": "Coronavirus: Pilgrimage to Kartarpur Sahib suspended", "description": "On Saturday, the government had announced suspension of all types of passenger movement through the Indo-Bangla, Indo-Nepal, Indo-Bhutan and Indo-Myanmar borders barring a few specified border checkposts", "url": "https://www.thehindu.com/news/national/coronavirus-pilgrimage-to-kartarpur-sahib-suspended/article31073599.ece", "urlToImage": "https://www.thehindu.com/static/theme/default/base/img/og-image.jpg", "publishedAt": "2020-03-15T05:05:06Z", "content": "Pilgrimage and registration for Kartarpur Sahib Gurudwara in Pakistan will be suspended beginning Sunday midnight in view of the COVID-19 outbreak, the Home Ministry said.\r\nThe government has also suspended movement of all types of passengers through internat\u2026 [+1390 chars]"}, {"source": {"id": "the-hindu", "name": "The Hindu"}, "author": "PTI", "title": "Coronavirus | Assam shuts schools, cancels exams till March 29", "description": "Educational institutions, gymnasiums, swimming pools and cinema halls shut down with immediate effect till March 29", "url": "https://www.thehindu.com/news/national/other-states/coronavirus-assam-shuts-schools-cancels-exams-till-march-29/article31074035.ece", "urlToImage": "https://www.thehindu.com/news/national/other-states/4p0xlg/article31074034.ece/ALTERNATES/LANDSCAPE_615/GUWAHATIKB", "publishedAt": "2020-03-15T09:16:58Z", "content": "The Assam government on Sunday ordered shutting down of educational institutions, gymnasiums, swimming pools and cinema halls with immediate effect till March 29 in the wake of novel coronavirus outbreak.\r\n Assam Chief Secretary Kumar Sanjay Krishna, addressi\u2026 [+764 chars]"}, {"source": {"id": "the-hindu", "name": "The Hindu"}, "author": "Staff Reporter", "title": "No need to press panic button on coronavirus: CM", "description": "Preventive steps being taken, labs, hospitals readied, says Jagan", "url": "https://www.thehindu.com/news/national/andhra-pradesh/no-need-to-press-panic-button-on-coronavirus-cm/article31076924.ece", "urlToImage": "https://www.thehindu.com/static/theme/default/base/img/og-image.jpg", "publishedAt": "2020-03-15T19:04:55Z", "content": "Allaying the fears over COVID-19, Chief Minister Y. S. Jagan Mohan Reddy has said that the State government has been taking all preventive measures to deal with the coronavirus.\r\nAddressing mediapersons after the postponement of local body polls at his camp o\u2026 [+1992 chars]"}, {"source": {"id": "the-hindu", "name": "The Hindu"}, "author": "Special Correspondent", "title": "Coronavirus | Things could settle down before April 10, says Vijayabaskar", "description": "T.N. Health Department said that till date, 1,74,880 passengers had been screened in the airports of Chennai, Tiruchi, Madurai and Coimbatore", "url": "https://www.thehindu.com/news/national/tamil-nadu/coronavirus-things-could-settle-down-before-april-10-says-vijayabaskar/article31078942.ece", "urlToImage": "https://www.thehindu.com/news/national/tamil-nadu/lryauy/article30643047.ece/ALTERNATES/LANDSCAPE_615/24JANTH-HEALTHMIN", "publishedAt": "2020-03-15T23:29:17Z", "content": "Health Minister C. Vijayabaskar on Sunday said the government expected things on the COVID-19 front to settle down before April 10.\r\nA young woman had, in a tweet to which she had tagged the Minister, said her cousin was expected to come to India on April 10 \u2026 [+1559 chars]"}, {"source": {"id": "the-hindu", "name": "The Hindu"}, "author": "PTI", "title": "Coronavirus: Uttarakhand government shuts schools, colleges and cinema halls", "description": "The decision was taken at a meeting of the State council of ministers", "url": "https://www.thehindu.com/news/national/other-states/coronavirus-uttarkhand-government-shuts-schools-colleges-and-cinema-halls/article31073818.ece", "urlToImage": "https://www.thehindu.com/sci-tech/science/8xyhg/article31044199.ece/ALTERNATES/LANDSCAPE_615/Coronavirus", "publishedAt": "2020-03-15T07:26:53Z", "content": "The Uttarakhand government has declaredCOVID-19an epidemic and shut all multiplexes, cinema halls, degree colleges and technical institutes across the state till March 31, official sources said.\r\nThe decision was taken at a meeting of the State council of min\u2026 [+741 chars]"}, {"source": {"id": "the-hindu", "name": "The Hindu"}, "author": "Staff Reporter", "title": "Coronavirus: Odisha regulates visitors at tourist destinations in Golden Triangle", "description": "Sun temple shut down for a week; beaches in Puri district to be de-congested", "url": "https://www.thehindu.com/news/national/covid-19-odisha-regulates-visitors-at-tourist-destinations-in-golden-triangle/article31074494.ece", "urlToImage": "https://www.thehindu.com/news/national/6eo5v/article31074493.ece/ALTERNATES/LANDSCAPE_615/VBK-ODISHAA-BISWARANJANROUT", "publishedAt": "2020-03-15T12:06:54Z", "content": "The Odisha government on Sunday moved to regulate visitors at tourist destinations in the Golden Triangle a famous route connecting Bhubaneswar, the pilgrim and beach town of Puri and the UNESCO world heritage site of Konark to combat the threat of COVID-19.\r\u2026 [+1958 chars]"}, {"source": {"id": "the-hindu", "name": "The Hindu"}, "author": "Staff Reporter", "title": "No need to panic about coronavirus: Health Minister", "description": "\u2018Sole patient in Chennai will be discharged today\u2019", "url": "https://www.thehindu.com/news/national/tamil-nadu/no-need-to-panic-about-coronavirus-health-minister/article31077239.ece", "urlToImage": "https://www.thehindu.com/static/theme/default/base/img/og-image.jpg", "publishedAt": "2020-03-15T19:39:35Z", "content": "Additional precautionary measures have been taken in Tamil Nadu in view of the large number of COVID-19 cases that have been reported in neighbouring Kerala, and people need not panic, Health Minister C. Vijayabaskar said in Tiruchi on Sunday. \r\nThe Minister \u2026 [+1354 chars]"}, {"source": {"id": "the-hindu", "name": "The Hindu"}, "author": "AP", "title": "Mexico holds music festival despite coronavirus concerns", "description": "Tens of thousands of fans flocked to Vive Latino", "url": "https://www.thehindu.com/news/international/mexico-holds-music-festival-despite-coronavirus-concerns/article31076193.ece", "urlToImage": "https://www.thehindu.com/news/international/ulgk95/article31076192.ece/ALTERNATES/LANDSCAPE_615/thjc-Mexico", "publishedAt": "2020-03-15T17:07:14Z", "content": "While the COVID-19 pandemic has led authorities around the globe to cancel concerts and sporting events, and even shut down daily activities in some places, Mexico City is going ahead with Vive Latino one of the most important music festivals in the country. \u2026 [+629 chars]"}, {"source": {"id": "the-hindu", "name": "The Hindu"}, "author": "AP", "title": "Doctor says Trump tests negative for coronavirus", "description": "\u201cOne week after having dinner with the Brazilian delegation in Mar-a-Lago, the President remains symptom-free,\u201d Sean Conley, the president\u2019s physician, said", "url": "https://www.thehindu.com/news/international/doctor-says-trump-tests-negative-for-coronavirus/article31073143.ece", "urlToImage": "https://www.thehindu.com/news/international/71hfud/article31064606.ece/ALTERNATES/LANDSCAPE_615/Trumpjpg", "publishedAt": "2020-03-15T00:06:51Z", "content": "President Donald Trump has tested negative for the new coronavirus, according to the presidents personal physician. \r\nThe White House released the test results Saturday night after Mr. Trump told reporters hours earlier that he had taken the coronavirus test,\u2026 [+4134 chars]"}, {"source": {"id": "the-hindu", "name": "The Hindu"}, "author": "Reuters", "title": "UK advises citizens against travel to Spain amid coronavirus outbreak", "description": "Spain put its 47 million inhabitants under partial lockdown on Saturday as part of a 15-day state of emergency to combat the coronavirus epidemic in Europe's second worst-affected country after Italy", "url": "https://www.thehindu.com/news/international/uk-advises-citizens-against-travel-to-spain-amid-coronavirus-outbreak/article31073283.ece", "urlToImage": "https://www.thehindu.com/news/international/mw416n/article31073296.ece/ALTERNATES/LANDSCAPE_615/HEALTH-CORONAVIRUSSPAIN", "publishedAt": "2020-03-15T02:52:34Z", "content": "British government on Sunday advised its citizens against all but essential travel to Spain amid the ongoing coronavirus outbreak.\r\nSpain put its 47 million inhabitants under partial lockdown on Saturday as part of a 15-day state of emergency to combat the co\u2026 [+536 chars]"}, {"source": {"id": "the-hindu", "name": "The Hindu"}, "author": "Special Corresponent", "title": "Coronavirus | 20 passengers evacuated at Kochi airport after man who tested positive found on flight", "description": "Health authorities took the call and decided to evacuate only 20. Later, the flight left for Dubai.", "url": "https://www.thehindu.com/news/national/coronavirus-20-passengers-evacuated-at-kochi-airport/article31073807.ece", "urlToImage": "https://www.thehindu.com/news/national/onbiyt/article31073806.ece/ALTERNATES/LANDSCAPE_615/KOCHIAIRPORTKB", "publishedAt": "2020-03-15T09:18:32Z", "content": "Twenty people on a Dubai-bound Emirates flight from Kochi were evacuated before takeoff on Sunday after it was found that a native of the United Kingdom who tested positive for COVID-19 was among the 270 passengers.\r\nIt was earlier feared that all the passeng\u2026 [+848 chars]"}, {"source": {"id": "the-hindu", "name": "The Hindu"}, "author": "Dennis S. Jesudasan", "title": "Coronavirus: Avoid travel out of Tamil Nadu for 15 days, says CM Palaniswami", "description": "Holiday for KG, primary students across State till March 31; malls, cinemas partially to be shut in 16 border districts", "url": "https://www.thehindu.com/news/national/tamil-nadu/coronavirus-avoid-travel-out-of-tamil-nadu-for-15-days-says-cm-palaniswami/article31073814.ece", "urlToImage": "https://www.thehindu.com/news/8wets5/article31016007.ece/ALTERNATES/LANDSCAPE_615/VBK-CORONAVIRUS-CHENNAI-PTI", "publishedAt": "2020-03-15T07:19:07Z", "content": "As part of precautionary measures to prevent the spread of COVID-19, Chief Minister Edappadi K. Palaniswami on Sunday appealed to the general public to avoid travel out of Tamil Nadu for the next 15 days. He also urged people to keep off social gatherings in \u2026 [+1953 chars]"}, {"source": {"id": "the-hindu", "name": "The Hindu"}, "author": "PTI", "title": "Coronavirus | PM Modi participates in SAARC videoconference to formulate joint strategy to combat COVID-19", "description": "\u201cPrepare, but don\u2019t panic\u201d has been India\u2019s guiding mantra in dealing with coronavirus outbreak, PM Narendra Modi said", "url": "https://www.thehindu.com/news/national/coronavirus-pm-modi-participates-in-saarc-videoconference-to-formulate-joint-strategy-to-combat-covid-19/article31074653.ece", "urlToImage": "https://www.thehindu.com/news/national/a6no40/article31074652.ece/ALTERNATES/LANDSCAPE_615/vbk-PM-Modi-saarc-twittermodi", "publishedAt": "2020-03-15T12:50:12Z", "content": "Prime Minister Narendra Modi along with leaders and representatives from SAARC nations participated in a videoconference to chalk out a joint strategy to fight the coronavirus outbreak that has killed over 5,000 people worldwide.\r\nAlso read:\u00a0COVID-19 | All in\u2026 [+2287 chars]"}, {"source": {"id": "the-hindu", "name": "The Hindu"}, "author": "PTI", "title": "Coronavirus | All 289 Dubai-bound passengers offloaded at Kochi airport after UK national tests positive", "description": "The passenger belonged to a group of 19 holidaying in the hill resort town of Munnar in Kerala and was under surveillance", "url": "https://www.thehindu.com/news/national/coronavirus-all-289-dubai-bound-passengers-offloaded-at-kochi-airport-after-uk-national-tests-positive/article31073807.ece", "urlToImage": "https://www.thehindu.com/news/national/onbiyt/article31073806.ece/ALTERNATES/LANDSCAPE_615/KOCHIAIRPORTKB", "publishedAt": "2020-03-15T07:16:14Z", "content": "At least 289 passengers of a Dubai-bound flight were offloaded at the airport here on Sunday shortly before takeoff after a UK national among them tested positive for novel coronavirus, official sources said here.\r\n The passenger belonged to a group of 19 hol\u2026 [+622 chars]"}, {"source": {"id": "the-hindu", "name": "The Hindu"}, "author": "Legal Correspondent", "title": "Coronavirus | No complete shutdown of courts in the wake of COVID-19, says CJI", "description": "The court is reopening on March 16 after the Holi break", "url": "https://www.thehindu.com/news/national/coronavirus-no-complete-shutdown-of-courts-in-the-wake-of-covid-19-says-cji/article31077626.ece", "urlToImage": "https://www.thehindu.com/news/national/tf2yv9/article31077625.ece/ALTERNATES/LANDSCAPE_615/SUPREMECOURT-COVID19", "publishedAt": "2020-03-15T20:35:08Z", "content": "An urgent meeting was called by Chief Justice of India Sharad A. Bobde on March 15 to clarify that there cannot be a complete shutdown of courts in the wake of COVID-19.\r\nThe CJI explained that as virtual courts are on the verge of commencement there can only\u2026 [+1768 chars]"}, {"source": {"id": "the-hindu", "name": "The Hindu"}, "author": "Harish Gilai", "title": "Coronavirus scare set to take a toll on tourist footfalls in city", "description": "Travel operators say that holiday-makers are mulling to cancel their visit", "url": "https://www.thehindu.com/news/national/andhra-pradesh/coronavirus-scare-set-to-take-a-toll-on-tourist-footfalls-in-city/article31076918.ece", "urlToImage": "https://www.thehindu.com/news/national/andhra-pradesh/p8dicx/article31076917.ece/ALTERNATES/LANDSCAPE_615/16-VZ-TOURISTS", "publishedAt": "2020-03-15T19:03:47Z", "content": "Popular tourist destinations in the city are likely to wear a deserted look with holiday-goers having a change of mind due to the coronavirus scare.\r\nThough no cases have been detected yet in Visakhapatnam region, tourists from other States are said to be war\u2026 [+3130 chars]"}, {"source": {"id": "the-hindu", "name": "The Hindu"}, "author": "Reuters", "title": "Coronavirus: Malaysia virus tally hits highest in Southeast Asia due to mosque event", "description": "The 190 new cases bring the total number of infections in the country to 428, the health ministry said, making it the worst affected in Southeast Asia", "url": "https://www.thehindu.com/news/international/coronavirus-malaysia-virus-tally-hits-highest-in-southeast-asia-due-to-mosque-event/article31075394.ece", "urlToImage": "https://www.thehindu.com/news/international/v9hk49/article31075393.ece/ALTERNATES/LANDSCAPE_615/VIRUSOUTBREAKMALAYSIA", "publishedAt": "2020-03-15T14:37:14Z", "content": "Malaysia reported 190 new coronavirus cases on Sunday, with most linked to a religious event at a mosque that was attended by 16,000 people from several countries.\r\nThe new cases bring the total number of infections in the country to 428, the health ministry \u2026 [+945 chars]"}, {"source": {"id": "the-hindu", "name": "The Hindu"}, "author": "AFP", "title": "Coronavirus: U.S. airport authorities feel the heat as passengers return from Europe", "description": "People complain of general disarray in screening process", "url": "https://www.thehindu.com/news/international/coronavirus-us-airport-authorities-feel-the-heat-as-passengers-return-from-europe/article31076045.ece", "urlToImage": "https://www.thehindu.com/static/theme/default/base/img/og-image.jpg", "publishedAt": "2020-03-15T16:53:02Z", "content": "Chaos gripped major U.S. airports on Sunday as Americans returning from COVID-19-hit European countries overwhelmed authorities attempting to process the surge.\r\nFrustrated passengers complained of hours-long lines, crowded and unsanitary conditions and gener\u2026 [+1326 chars]"}, {"source": {"id": "the-hindu", "name": "The Hindu"}, "author": "Reuters", "title": "Coronavirus | Australia to impose 14-day self-isolation for all international arrivals", "description": "Australian Prime Minister Scott Morrison announced the new measures after a meeting with a newly formed national cabinet, dubbed the coronavirus war cabinet.", "url": "https://www.thehindu.com/news/international/australia-to-impose-14-day-self-isolation-for-all-international-arrivals/article31073644.ece", "urlToImage": "https://www.thehindu.com/news/international/w5m5ka/article30573379.ece/ALTERNATES/LANDSCAPE_615/scott", "publishedAt": "2020-03-15T05:43:55Z", "content": "Australia will impose 14-day self-isolation on international travellers arriving from midnight Sunday and ban cruise ships from foreign ports for 30 days, mirroring restrictions in nearby New Zealand aimed at slowing the spread of the coronavirus.\r\nAustralian\u2026 [+2670 chars]"}, {"source": {"id": "the-hindu", "name": "The Hindu"}, "author": "Reuters", "title": "Coronavirus: Rooney criticises England authorities over coronavirus response", "description": "The Premier League, English Football League, Women's Super League and men and women's FA Cup competitions were suspended on Friday", "url": "https://www.thehindu.com/sport/football/coronavirus-rooney-criticises-england-authorities-over-coronavirus-response/article31074464.ece", "urlToImage": "https://www.thehindu.com/sport/football/55uinn/article31074463.ece/ALTERNATES/LANDSCAPE_615/SOCCER-FRIENDLY-ENG-USAPREVIEW", "publishedAt": "2020-03-15T11:56:44Z", "content": "Wayne Rooney has criticised England's football authorities over how long they took to suspend matches in the country amid the coronavirus outbreak, saying it felt like players were being treated like guinea pigs.\r\nThe Premier League, English Football League, \u2026 [+1832 chars]"}, {"source": {"id": "the-hindu", "name": "The Hindu"}, "author": "AFP", "title": "Coronavirus | Global death toll crosses 6,000", "description": "A spike in deaths from the coronavirus in Spain has pushed the global toll past 6,000, according to an AFP tally compiled from official sources.The worldwide death toll rose to 6,036, with 159,844 inf", "url": "https://www.thehindu.com/news/international/coronavirus-global-death-toll-crosses-6000/article31075188.ece", "urlToImage": "https://www.thehindu.com/news/international/ttssz6/article31075187.ece/ALTERNATES/LANDSCAPE_615/FRANCEVIRUSOUTBREAK", "publishedAt": "2020-03-15T14:14:01Z", "content": "A spike in deaths from the coronavirus in Spain has pushed the global toll past 6,000, according to an AFP tally compiled from official sources.\r\nThe worldwide death toll rose to 6,036, with 159,844 infections after 105 died in Spain.\r\nWhile China remains the\u2026 [+242 chars]"}, {"source": {"id": "the-hindu", "name": "The Hindu"}, "author": "PTI", "title": "ISIS travel advisory warns terrorists off coronavirus-hit Europe", "description": "According to The Sunday Times, the latest issue of the ISIS \u2018Al-Naba\u2019 newsletter refers to a new set of \u201csharia directives\u201d warning against travel to Europe.", "url": "https://www.thehindu.com/news/international/isis-travel-advisory-warns-terrorists-off-coronavirus-hit-europe/article31074586.ece", "urlToImage": "https://www.thehindu.com/news/international/up8xn9/article31074585.ece/ALTERNATES/LANDSCAPE_615/15THLTPOLAND", "publishedAt": "2020-03-15T12:39:28Z", "content": "The Islamic State (ISIS) terrorist group has issued a travel advisory for its operatives to steer clear of coronavirus-hit Europe, described as the land of the epidemic.\r\nAccording to The Sunday Times, the latest issue of the ISIS Al-Naba newsletter refers to\u2026 [+1938 chars]"}, {"source": {"id": "the-hindu", "name": "The Hindu"}, "author": "PTI", "title": "Coronavirus | 218 Indians evacuated from Italy sent to ITBP quarantine", "description": "The Air India flight from Milan landed around 9.45 a.m. at the Indira Gandhi International Airport (IGIA)", "url": "https://www.thehindu.com/news/national/coronavirus-218-indians-evacuated-from-italy-sent-to-itbp-quarantine/article31073871.ece", "urlToImage": "https://www.thehindu.com/static/theme/default/base/img/og-image.jpg", "publishedAt": "2020-03-15T07:48:20Z", "content": "A total of 218 Indians, mostly students, brought here from Italy on Sunday have been taken to an ITBP quarantine facility in south-west Delhis Chhawla area, officials said.\r\n The Air India flight from Milan landed around 9.45 a.m. at the Indira Gandhi Interna\u2026 [+1143 chars]"}, {"source": {"id": "the-hindu", "name": "The Hindu"}, "author": "Reuters", "title": "Coronavirus: Turkey quarantines thousands of pilgrims returning from Saudi Arabia", "description": "Turkey has set up quarantine locations for more than 10,300 people returning from pilgrimages to Islam's holy sites in Saudi Arabia", "url": "https://www.thehindu.com/news/international/coronavirus-turkey-quarantines-thousands-of-pilgrims-returning-from-saudi-arabia/article31074505.ece", "urlToImage": "https://www.thehindu.com/news/international/f289ru/article31074504.ece/ALTERNATES/LANDSCAPE_615/VIRUSOUTBREAKTURKEY", "publishedAt": "2020-03-15T12:23:47Z", "content": "Thousands of Muslims returning to Turkey from a pilgrimage in Saudi Arabia were being taken into quarantine on Sunday due to concerns about the spread of COVID-19, Turkish officials said.\r\nTelevision pictures showed buses transporting pilgrims along the highw\u2026 [+2322 chars]"}, {"source": {"id": "the-hindu", "name": "The Hindu"}, "author": "PTI", "title": "A bit over-exaggerated, says Lockie Ferguson after coronavirus scare", "description": "The New Zealand fast bowler was placed in isolation immediately after Friday\u2019s first ODI against Australia at the Sydney Cricket Ground following complaints of a sore throat.", "url": "https://www.thehindu.com/sport/cricket/a-bit-over-exaggerated-says-lockie-ferguson-after-coronavirus-scare/article31074520.ece", "urlToImage": "https://www.thehindu.com/sport/cricket/t3ugog/article31074519.ece/ALTERNATES/LANDSCAPE_615/FERGIEK", "publishedAt": "2020-03-15T12:27:56Z", "content": "The way things played out after he reported a sore throat, leading to COVID-19 tests and isolation in his hotel room, were a bit over-exaggerated, feels New Zealand pacer Lockie Ferguson.\r\n The 28-year-old pacer was placed in isolation immediately after Frida\u2026 [+1878 chars]"}, {"source": {"id": "the-hindu", "name": "The Hindu"}, "author": "Special Correspondent", "title": "Coronavirus | Northeast Frontier Railway withdraws blankets, curtains from AC coaches", "description": "Blankets will, however, be kept with the attendant in every coach and be given to passengers only on demand; temperature inside the AC coaches would be adjusted suitably for reducing the necessity of using a blanket", "url": "https://www.thehindu.com/news/national/other-states/coronavirus-northeast-frontier-railway-withdraws-blankets-curtains-from-ac-coaches/article31074279.ece", "urlToImage": "https://www.thehindu.com/news/national/other-states/em73vg/article31074278.ece/ALTERNATES/LANDSCAPE_615/ACKB", "publishedAt": "2020-03-15T10:41:58Z", "content": "The Northeast Frontier Railway (NFR) has decided to immediately withdraw blankets and curtains that are provided in air-conditioned coaches from service till further orders. This followed an instruction from the Railway Ministry to prevent the spreading of no\u2026 [+1546 chars]"}, {"source": {"id": "the-hindu", "name": "The Hindu"}, "author": "Special Correspondent", "title": "Officials step up campaign on prevention of coronavirus", "description": "Bar on operation of places of public gathering to be enforced strictly: Collector", "url": "https://www.thehindu.com/news/national/telangana/officials-step-up-campaign-on-prevention-of-coronavirus/article31075760.ece", "urlToImage": "https://www.thehindu.com/static/theme/default/base/img/og-image.jpg", "publishedAt": "2020-03-15T15:51:44Z", "content": "In the wake of a woman from the region, with a travel history to Italy, testing positive for COVID-19 in Gandhi Hospital in Secunderabad on Saturday, the district administration has scaled up preventive measures to check the spread of the contagious disease.\r\u2026 [+1659 chars]"}, {"source": {"id": "the-hindu", "name": "The Hindu"}, "author": "AFP", "title": "Coronavirus: U.K. defends virus plan as \u2018wartime\u2019 measures loom", "description": "Critics have accused the government of not acting quickly enough to contain the spread", "url": "https://www.thehindu.com/news/international/coronavirus-uk-defends-virus-plan-as-wartime-measures-loom/article31075106.ece", "urlToImage": "https://www.thehindu.com/news/international/fo6s6u/article31075105.ece/ALTERNATES/LANDSCAPE_615/BRITAIN-POLITICS-HEALTH-VIRUS", "publishedAt": "2020-03-15T13:55:03Z", "content": "Britain on Sunday said its criticised plan to deal with COVID-19 was designed to protect life in a sustainable manner as it prepared to unveil wartime-style measures to tackle the outbreak.\r\nThe government has yet to implement the kind of tough measures that \u2026 [+2478 chars]"}, {"source": {"id": "the-hindu", "name": "The Hindu"}, "author": "Reuters", "title": "Coronavirus: Germany tries to stop U.S. from luring away firm preparing vaccine", "description": "Mr. Trump was trying to secure the scientists\u2019 work exclusively, and would do anything to get a vaccine for the United States, sources say", "url": "https://www.thehindu.com/news/international/coronavirus-germany-tries-to-stop-us-from-luring-away-firm-preparing-vaccine/article31075972.ece", "urlToImage": "https://www.thehindu.com/news/international/ucu73u/article31075971.ece/ALTERNATES/LANDSCAPE_615/TH16-GERMANY-VACCINEPREPARATION", "publishedAt": "2020-03-15T16:34:55Z", "content": "Berlin is trying to stop Washington from persuading a German company seeking a vaccine to the virus to move its research to the United States, prompting German politicians to insist no country should have a monopoly on any future vaccine.\r\nGerman government s\u2026 [+1698 chars]"}, {"source": {"id": "the-hindu", "name": "The Hindu"}, "author": "Paris", "title": "Coronavirus: Anxious France votes in local polls as virus shuts cafes, schools", "description": "France is one of the countries hardest-hit by the virus with some 4,500 out of 150,000 global infections and 91 of more than 5,700 deaths worldwide", "url": "https://www.thehindu.com/news/international/coronavirus-anxious-france-votes-in-local-polls-as-virus-shuts-cafes-schools/article31074615.ece", "urlToImage": "https://www.thehindu.com/news/international/nv4ry3/article31074614.ece/ALTERNATES/LANDSCAPE_615/FRANCEELECTIONSVIRUSOUTBREAK", "publishedAt": "2020-03-15T12:41:15Z", "content": "France voted in municipal elections on Sunday that risk a low turnout as the mounting COVID-19 toll saw the government indefinitely close bars, restaurants and schools and limit long-distance travel.\r\nAnti-infection precautions were in place at the countrys 3\u2026 [+5228 chars]"}, {"source": {"id": "the-hindu", "name": "The Hindu"}, "author": "Vignesh Radhakrishnan, Sumant Sen", "title": "Data | India's coronavirus testing rates are among the lowest in the world", "description": "Hong Kong, South Korea and Taiwan scaled up their test rates and contained the spread", "url": "https://www.thehindu.com/data/data-indias-coronavirus-testing-rates-are-among-the-lowest-in-the-world/article31077126.ece", "urlToImage": "https://www.thehindu.com/news/national/other-states/h72glu/article31074034.ece/ALTERNATES/LANDSCAPE_615/GUWAHATI", "publishedAt": "2020-03-15T19:31:21Z", "content": "While most of Chinas neighbours have been able to contain the spread of COVID-19, countries far from it are seeing an exponential surge in cases. Early testing and wider coverage distinguish such Asian countries from Western countries. However, India is dange\u2026 [+2924 chars]"}, {"source": {"id": "the-hindu", "name": "The Hindu"}, "author": "Omar Rashid", "title": "Coronavirus | Gyms, cinema halls, clubs closed in Lucknow till March 31", "description": "Number of positive cases in Uttar Pradesh climbs to 13", "url": "https://www.thehindu.com/news/national/other-states/coronavirus-gyms-cinema-halls-clubs-closed-in-lucknow-till-march-31/article31077680.ece", "urlToImage": "https://www.thehindu.com/news/national/other-states/mcflda/article31077679.ece/ALTERNATES/LANDSCAPE_615/LUCKNOW-COVID19", "publishedAt": "2020-03-15T20:43:24Z", "content": "All gyms, multiplexes, cinema halls, swimming pools, clubs and discos in Lucknow will remain shut with immediate effect till March 31 in view of the COVID-19 outbreak, the district administration said on Sunday.\r\nThe order will come into immediate effect, dis\u2026 [+1120 chars]"}, {"source": {"id": "the-hindu", "name": "The Hindu"}, "author": "AFP", "title": "Coronavirus | Spain reports 2,000 new virus cases and more than 100 deaths in 24 hours", "description": "The new figures raise Spain\u2019s number of COVID-19 infections to 7,753 -- and its death toll to 288", "url": "https://www.thehindu.com/news/international/coronavirus-spain-reports-2000-new-virus-cases-and-more-than-100-deaths-in-24-hours/article31075013.ece", "urlToImage": "https://www.thehindu.com/news/international/lzew86/article31075012.ece/ALTERNATES/LANDSCAPE_615/HEALTH-CORONAVIRUSSPAIN", "publishedAt": "2020-03-15T13:38:36Z", "content": "Spain on Sunday reported some 2,000 new coronavirus cases and more than a hundred deaths over the last 24 hours, the latest spike in Europes second-most affected country after Italy.\r\nAlso read: COVID-19 | Spanish PM Sanchezs wife tests positive\r\nThe new figu\u2026 [+320 chars]"}, {"source": {"id": "the-hindu", "name": "The Hindu"}, "author": "PTI", "title": "Coronavirus | Dhoni leaves Chennai after IPL\u2019s deferment amid COVID-19 scare", "description": "The BCCI on Friday postponed the start of this year\u2019s IPL from March 29 to April 15.", "url": "https://www.thehindu.com/sport/cricket/coronavirus-dhoni-leaves-chennai-after-ipls-deferment-amid-covid-19-scare/article31074689.ece", "urlToImage": "https://www.thehindu.com/sport/cricket/kz58em/article31074688.ece/ALTERNATES/LANDSCAPE_615/DHONI", "publishedAt": "2020-03-15T13:00:46Z", "content": "Mahendra Singh Dhoni on Sunday left the Chennai Super Kings training camp in Chennai following the suspension of the 13th edition of IPL till April 15 in the wake of COVID-19 pandemic.\r\nAlso read: Six options available to BCCI for hosting IPL 2020\r\nDhoni, who\u2026 [+1216 chars]"}, {"source": {"id": "the-hindu", "name": "The Hindu"}, "author": "Jacob Koshy", "title": "Coronavirus | Testing is the easiest thing to do, says community health expert Gagandeep Kang", "description": "Early detection will reduce number needing intensive care, the director of the Translational Health Research Institute says.", "url": "https://www.thehindu.com/sci-tech/health/coronavirus-testing-is-the-easiest-thing-to-do-gagandeep-kang/article31075741.ece", "urlToImage": "https://www.thehindu.com/news/national/e11ezd/article31075740.ece/ALTERNATES/LANDSCAPE_615/TH15GAGANDEEP", "publishedAt": "2020-03-15T20:05:22Z", "content": "Gagandeep Kang, Director, of the Translational Health Research Institute, who has extensive experience in working on community health and played a key role in developing an indigenous rotavirus vaccine, says India should be testing many more persons for sympt\u2026 [+2974 chars]"}, {"source": {"id": "the-hindu", "name": "The Hindu"}, "author": "Special Correspondent", "title": "Coronavirus | Number of confirmed cases in India crosses 110 - The Hindu", "description": "Coronavirus | Number of confirmed cases in India crosses 110 The Hindu Coronavirus News Live Updates: India's confirmed cases rise to 110; Maha worst affected Economic Times Coronavirus Pandemic LIVE Updates: Daughter of Karnataka Man Who Was India's First Fa\u2026", "url": "https://www.thehindu.com/news/national/coronavirus-number-of-confirmed-cases-in-india-crosses-110/article31073984.ece", "urlToImage": "https://www.thehindu.com/news/national/tamil-nadu/hgi2qk/article31073881.ece/ALTERNATES/LANDSCAPE_615/VBK-CORONAVIRUS-CHENNAI-PTI", "publishedAt": "2020-03-15T19:09:34Z", "content": "The Union Health Ministry on Sunday said there were 110 confirmed cases of COVID-19 in the country. However, reports from States put the figure of persons testing positive at 114. Of the new cases two were from Maharashtra, two from Kerala and one each from R\u2026 [+3204 chars]"}, {"source": {"id": "the-hindu", "name": "The Hindu"}, "author": "The Hindu New Desk", "title": "Coronavirus, live updates | Number of confirmed cases in India crosses 100", "description": "The list of positive coronavirus cases as confirmed by the Union Health Ministry stood at 84 on March 14, with two deaths reported so far from Delhi and Karnataka. Data from States, however, put the n", "url": "https://www.thehindu.com/news/national/coronavirus-live-updates-march-15-2020/article31073256.ece", "urlToImage": "https://www.thehindu.com/news/national/707kke/article31073280.ece/ALTERNATES/LANDSCAPE_615/maskjpg", "publishedAt": "2020-03-15T02:51:30Z", "content": "The list of positive coronavirus cases as confirmed by the Union Health Ministry stood at 84 on March 14, with two deaths reported so far from Delhi and Karnataka. Data from States, however, put the number of confirmed cases at 102.\r\nSaturday witnessed the la\u2026 [+540 chars]"}, {"source": {"id": "the-hindu", "name": "The Hindu"}, "author": "Ajeet Mahale", "title": "Coronavirus | TISS defers admission process", "description": "\u2018The decision was taken as a precautionary measure looking at the spike in the number of cases in Maharashtra\u2019", "url": "https://www.thehindu.com/news/cities/mumbai/coronavirus-tiss-defers-admission-process/article31074411.ece", "urlToImage": "https://www.thehindu.com/news/cities/mumbai/ttxev6/article31074410.ece/ALTERNATES/LANDSCAPE_615/FRONTLINE-TISS-4", "publishedAt": "2020-03-15T11:37:49Z", "content": "The Tata Institute of Social Sciences (TISS) has deferred the ongoing admission process across its four campuses, viz. Mumbai, Tujapur, Hyderabad and Guwahati and has asked its first year masters students to vacate hostels as soon as possible in response to t\u2026 [+1503 chars]"}, {"source": {"id": "the-hindu", "name": "The Hindu"}, "author": "PTI", "title": "Pakistan\u2019s coronavirus tally rises to 34", "description": "Prime Minister Imran Khan on Saturday said that he was personally monitoring measures to deal with the coronavirus in the country.", "url": "https://www.thehindu.com/news/international/pakistans-coronavirus-tally-rises-to-34/article31073945.ece", "urlToImage": "https://www.thehindu.com/news/international/axq2yi/article30727022.ece/ALTERNATES/LANDSCAPE_615/VBK-IMRANKHAN-GETTY", "publishedAt": "2020-03-15T08:30:57Z", "content": "A new confirmed case of the novel coronavirus surfaced early Sunday in Islamabad, bringing Pakistans total number of cases to 34, according to a media report.\r\nThe new victim is the husband of a woman who recently travelled to Pakistan from the United States \u2026 [+2166 chars]"}, {"source": {"id": "the-hindu", "name": "The Hindu"}, "author": "PTI", "title": "Coronavirus | Cases in country climb to 107", "description": "The number of cases includes two persons who died in Delhi and Karnataka.", "url": "https://www.thehindu.com/news/national/coronavirus-cases-in-country-climb-to-107/article31073984.ece", "urlToImage": "https://www.thehindu.com/news/national/tamil-nadu/hgi2qk/article31073881.ece/ALTERNATES/LANDSCAPE_615/VBK-CORONAVIRUS-CHENNAI-PTI", "publishedAt": "2020-03-15T08:58:28Z", "content": "The number of novel coronavirus cases in the country rose to 107 on Sunday, with 12 fresh cases in Maharashtra, the Union Health Ministry said.\r\nThe number of cases includes two persons who died in Delhi and Karnataka.\r\nCOVID-19 | Interactive map of confirmed\u2026 [+2149 chars]"}, {"source": {"id": "the-hindu", "name": "The Hindu"}, "author": "PTI", "title": "Coronavirus scare | SC suspends guided tours for public, closes museum", "description": "In a circular issued on March 13, the apex court had said no persons except lawyers concerned will be allowed inside its courtrooms.", "url": "https://www.thehindu.com/news/national/coronavirus-scare-sc-suspends-guided-tours-for-public-closes-museum/article31074462.ece", "urlToImage": "https://www.thehindu.com/news/national/pbsagh/article31074461.ece/ALTERNATES/LANDSCAPE_615/SUPREMECOURT", "publishedAt": "2020-03-15T11:56:22Z", "content": "The Supreme Court on Sunday decided to suspended the largely popular guided tours of the apex court complex and closed its museum for visitors till further orders in view of the novel coronavirus pandemic.\r\nAlso read:Coronavirus outbreak | SC to restrict hear\u2026 [+5293 chars]"}, {"source": {"id": "the-hindu", "name": "The Hindu"}, "author": "AP", "title": "Israeli PM\u2019s corruption trial postponed due to coronavirus", "description": "Mr. Netanyahu is accused of receiving expensive gifts from wealthy friends and offering to exchange favors with powerful media moguls. He denies the charges.", "url": "https://www.thehindu.com/news/international/israeli-pms-corruption-trial-postponed-due-to-coronavirus/article31073795.ece", "urlToImage": "https://www.thehindu.com/news/international/3f0yfx/article30986259.ece/ALTERNATES/LANDSCAPE_615/ISRAELELECTIONS", "publishedAt": "2020-03-15T07:17:20Z", "content": "A Jerusalem district court announced on Sunday that it was postponing Israeli Prime Minister Benjamin Netanyahus criminal trial for two months because of restrictions arising from the outbreak of the coronavirus. \r\nMr. Netanyahu was scheduled to appear in cou\u2026 [+465 chars]"}, {"source": {"id": "the-hindu", "name": "The Hindu"}, "author": "AP", "title": "Coronavirus | Spain locks down its citizens, while France shuts nightlife", "description": "In a nationally televised address Saturday, Spanish Prime Minister Pedro S\u0155nchez detailed the battery of exceptional measures put in place as part of a two-week state of emergency to fight the sharp rise in infections", "url": "https://www.thehindu.com/news/international/coronavirus-spain-locks-down-its-citizens-while-france-shuts-nightlife/article31073209.ece", "urlToImage": "https://www.thehindu.com/news/international/3oqohr/article31073208.ece/ALTERNATES/LANDSCAPE_615/HEALTH-CORONAVIRUSSPAIN", "publishedAt": "2020-03-15T02:21:28Z", "content": "Spain locked down its 46 million citizens and France ordered the closing of just about everything the rest of the world loves about it - the Eiffel Tower, the Louvre, the cafes and restaurants - as governments took increasingly desperate measures to put more \u2026 [+7650 chars]"}, {"source": {"id": "the-hindu", "name": "The Hindu"}, "author": "Staff Reporter", "title": "Coronavirus | Situation not bad in Tamil Nadu, says Revenue Minister", "description": "\u201cThe government will exercise caution regarding public events but we are yet to reach the stage where they need to be postponed. We do not want to cause panic,\u201d he said.", "url": "https://www.thehindu.com/news/national/tamil-nadu/coronavirus-situation-not-bad-in-tamil-nadu-says-revenue-minister/article31074360.ece", "urlToImage": "https://www.thehindu.com/news/national/tamil-nadu/suhwj3/article31074359.ece/ALTERNATES/LANDSCAPE_615/UDHAYAKUMAR", "publishedAt": "2020-03-15T11:18:55Z", "content": "Minister for Revenue and Disaster Management R.B. Udhayakumar said that although COVID-19 has been declared a national emergency, the situation in Tamil Nadu is not bad and that it has been contained. The government will exercise caution regarding public even\u2026 [+1893 chars]"}, {"source": {"id": "the-hindu", "name": "The Hindu"}, "author": "Jacob Koshy", "title": "Coronavirus | Testing is the easiest thing to do: Gagandeep Kang", "description": "Early detection will reduce number needing intensive care: Gagandeep Kang", "url": "https://www.thehindu.com/news/national/coronavirus-testing-is-the-easiest-thing-to-do-gagandeep-kang/article31075741.ece", "urlToImage": "https://www.thehindu.com/news/national/e11ezd/article31075740.ece/ALTERNATES/LANDSCAPE_615/TH15GAGANDEEP", "publishedAt": "2020-03-15T15:54:24Z", "content": "Gagandeep Kang, Director, of the Translational Health Research Institute, who has extensive experience in working on community health and played a key role in developing an indigenous rotavirus vaccine, says India should be testing many more persons for sympt\u2026 [+2803 chars]"}, {"source": {"id": "the-hindu", "name": "The Hindu"}, "author": "R. Prasad", "title": "Coronavirus | Kerala to test based on risk assessment", "description": "Persons with mild symptoms told not to approach hospitals", "url": "https://www.thehindu.com/news/national/kerala/coronavirus-kerala-to-test-based-on-risk-assessment/article31075343.ece", "urlToImage": "https://www.thehindu.com/news/national/kerala/dgf7gs/article31075342.ece/ALTERNATES/LANDSCAPE_615/KERALA", "publishedAt": "2020-03-15T14:29:40Z", "content": "Patients in Kerala showing mild symptoms of COVID-19 will not be tested, according to revised guidelines issued on March 12 by the Kerala Health Ministry. Kerala has so far reported 22 confirmed cases of COVID-19.\r\nFollowing the changes, people exhibiting low\u2026 [+2584 chars]"}, {"source": {"id": "the-hindu", "name": "The Hindu"}, "author": "Reuters", "title": "Coronavirus: China tightens quarantine, airport checks as imported virus cases tick up", "description": "Mainland China reported 20 new cases of infections on March 14, up from 11 cases a day earlier", "url": "https://www.thehindu.com/news/international/coronavirus-china-tightens-quarantine-airport-checks-as-imported-virus-cases-tick-up/article31074417.ece", "urlToImage": "https://www.thehindu.com/news/international/jd6oe4/article31074416.ece/ALTERNATES/LANDSCAPE_615/VIRUSOUTBREAKCHINA", "publishedAt": "2020-03-15T11:37:18Z", "content": "China has tightened checks on international travellers at Beijing airport and said it will centrally quarantine all arrivals at its capital, after new imported COVID-19 cases surpassed locally transmitted infections for a second day.\r\nChina, where the epidemi\u2026 [+4980 chars]"}, {"source": {"id": "the-hindu", "name": "The Hindu"}, "author": "Namrata Joshi", "title": "Coronavirus | Concern over future of daily wage earners as film bodies decide to halt all shoots", "description": "Filmmakers mull option of setting up funds for the affected workforce", "url": "https://www.thehindu.com/entertainment/movies/coronavirus-concern-over-future-of-daily-wage-earners-as-film-bodies-decide-to-halt-all-shoots/article31076042.ece", "urlToImage": "https://www.thehindu.com/incoming/nmq0vi/article31076184.ece/ALTERNATES/LANDSCAPE_615/INDIA-ENTERTAINMENT-BOLLYWOOD-TOURISMjpg", "publishedAt": "2020-03-15T16:51:00Z", "content": "The Indian Motion Picture Producers Association (IMPPA) on Sunday called for a halt of shoots of all entertainment formats in view of the spread of the COVID-19. A joint meeting of the leading bodies IMPPA, Western India Film Producers Association (WIFPA), In\u2026 [+2086 chars]"}, {"source": {"id": "the-hindu", "name": "The Hindu"}, "author": "Mahesh Langa", "title": "Coronavirus: Schools, colleges and multiplexes to remain shut till March 29 in Gujarat", "description": "Government imposes a fine of \u20b9500 for spitting in public", "url": "https://www.thehindu.com/news/national/other-states/coronavirus-schools-colleges-and-multiplexes-to-remain-shut-till-march-29-in-gujarat/article31075347.ece", "urlToImage": "https://www.thehindu.com/news/national/other-states/5wg1tk/article31075345.ece/ALTERNATES/LANDSCAPE_615/INDIA-CHINA-HEALTH-VIRUS", "publishedAt": "2020-03-15T14:28:37Z", "content": "As a precautionary measure, the Gujarat government has decided to shut all schools, colleges and educational institutions, swimming pools and multiplexes for two weeks starting from March 16 in the wake of the growing threat from COVID-19. \r\nThe government ha\u2026 [+2555 chars]"}, {"source": {"id": "the-hindu", "name": "The Hindu"}, "author": "Ramesh Susarla", "title": "Russian quarantined in Anantapur GGH, samples sent to SVIMS for coronavirus test", "description": "District Health officials also on the lookout for 27 new cases of people arriving from COVID-19 suspect countries", "url": "https://www.thehindu.com/news/national/andhra-pradesh/russian-national-quarantined-in-anantapur-ggh/article31074195.ece", "urlToImage": "https://www.thehindu.com/static/theme/default/base/img/og-image.jpg", "publishedAt": "2020-03-15T10:20:05Z", "content": "A Russian national, who had come to Puttaparthi from Kochi, has been put under observation in the Isolation Ward of the Government General Hospital in Anantapur. He was sent from the Sri Sathya Sai Super Speciality Hospital at Puttaparthi after he developed c\u2026 [+1682 chars]"}, {"source": {"id": "the-hindu", "name": "The Hindu"}, "author": "PTI", "title": "Al-Aqsa mosque, 3rd holiest in Islam, closes over coronavirus concerns", "description": "Most people recover in a matter of weeks. But the virus is highly contagious.", "url": "https://www.thehindu.com/news/international/al-aqsa-mosque-3rd-holiest-in-islam-closes-over-coronavirus-concerns/article31074186.ece", "urlToImage": "https://www.thehindu.com/news/international/2s07l0/article31074185.ece/ALTERNATES/LANDSCAPE_615/AL-AQSA", "publishedAt": "2020-03-15T10:15:33Z", "content": "The Islamic endowment overseeing the Al-Aqsa mosque compound, the third holiest site in Islam, says the mosque itself and other buildings will be closed over concerns about the new coronavirus. Sheikh Omar Kiswani, the director of the mosque, said Sunday that\u2026 [+4630 chars]"}, {"source": {"id": "the-hindu", "name": "The Hindu"}, "author": "AP", "title": "Coronavirus: Iran reports 113 more deaths from virus, death toll now 724", "description": "Iran has the worst outbreak in the Middle East and one of the worst outside China, where the virus first emerged late last year", "url": "https://www.thehindu.com/news/international/coronavirus-iran-reports-113-more-deaths-from-virus-death-toll-now-724/article31074437.ece", "urlToImage": "https://www.thehindu.com/news/international/h7qflg/article31074436.ece/ALTERNATES/LANDSCAPE_615/APTOPIXVIRUSOUTBREAKMIDEASTIRAN", "publishedAt": "2020-03-15T11:49:27Z", "content": "Iran has reported 113 more deaths from COVID-19 pandemic, bringing the countrys death toll to 724 amid 13,938 confirmed cases. \r\nIran has the worst outbreak in the Middle East and one of the worst outside China, where the virus first emerged late last year. T\u2026 [+6116 chars]"}, {"source": {"id": "the-hindu", "name": "The Hindu"}, "author": "AFP", "title": "Coronavirus: Trump tests negative for virus as U.S. expands Europe travel ban", "description": "Mr. Trump agreed to the test after coming in contact with several members of a Brazilian presidential delegation visiting his Florida resort who have since tested positive", "url": "https://www.thehindu.com/news/international/coronavirus-trump-tests-negative-for-virus-as-us-expands-europe-travel-ban/article31076030.ece", "urlToImage": "https://www.thehindu.com/news/international/1eeksd/article31070849.ece/ALTERNATES/LANDSCAPE_615/DONALDTRUMP", "publishedAt": "2020-03-15T16:48:46Z", "content": "U.S. President Donald Trump has tested negative for COVID-19, his physician said, following concerns over his exposure to a disease that has paralysed the globe. \r\nMr. Trump agreed to the test after coming in contact with several members of a Brazilian presid\u2026 [+3483 chars]"}, {"source": {"id": "the-hindu", "name": "The Hindu"}, "author": "Lalatendu Mishra", "title": "As Maharashtra shuts malls to curb coronavirus spread, citizens resort to panic buying", "description": "E-tailers run out of stock; people worried about hiked prices at kiranas", "url": "https://www.thehindu.com/news/cities/mumbai/as-maharashtra-shuts-malls-to-curb-coronavirus-spread-citizens-resort-to-panic-buying/article31077773.ece", "urlToImage": "https://www.thehindu.com/news/cities/mumbai/chfl1q/article31077771.ece/ALTERNATES/LANDSCAPE_615/16BMPANICBUYING", "publishedAt": "2020-03-15T20:55:57Z", "content": "Supermarkets in the the city and two other metros Delhi and Bengaluru were witness to dense crowds over the weekend as several people resorted to panic buying in view of the rising cases of COVID-19. \r\nCitizens were seen rushing to stock up on essential commo\u2026 [+3811 chars]"}, {"source": {"id": "the-hindu", "name": "The Hindu"}, "author": "AFP", "title": "Coronavirus | Garay becomes first Liga player known to have COVID-19", "description": "By Sunday morning, Spain had recorded 6,391 cases and 196 deaths.", "url": "https://www.thehindu.com/sport/football/coronavirus-garay-becomes-first-liga-player-known-to-have-covid-19/article31074646.ece", "urlToImage": "https://www.thehindu.com/sport/football/6zyn2p/article31074645.ece/ALTERNATES/LANDSCAPE_615/Garay", "publishedAt": "2020-03-15T12:47:32Z", "content": "Valencia's Argentinian centre-back Ezequiel Garay said on Sunday he had tested positive for coronavirus, becoming the first player in the Spanish Liga known to have the disease.\r\nIt's clear that 2020 has started on the wrong foot, he posted on Instagram along\u2026 [+811 chars]"}, {"source": {"id": "the-hindu", "name": "The Hindu"}, "author": "AFP, Reuters", "title": "Coronavirus: International Olympic Committee to hold crisis talks with sports bodies", "description": "Torch handover to take place in empty Athens stadium", "url": "https://www.thehindu.com/sport/other-sports/coronavirus-international-olympic-committee-to-hold-crisis-talks-with-sports-bodies/article31075780.ece", "urlToImage": "https://www.thehindu.com/sport/pudsry/article31075779.ece/ALTERNATES/LANDSCAPE_615/TH15-JAPAN-OLYMPICS", "publishedAt": "2020-03-15T15:55:54Z", "content": "With less than five months to go before the Tokyo Olympics, International Olympic Committee President Thomas Bach plans emergency talks with member organisations, sources close to the IOC said on Sunday. \r\nThe IOC plans a conference call on Tuesday to keep th\u2026 [+3109 chars]"}, {"source": {"id": "the-hindu", "name": "The Hindu"}, "author": "Special Correspondent", "title": "Coronavirus remark: Uttam seeks apology from KCR", "description": "Telangana Pradesh Congress Committee (TPCC) president N. Uttam Kumar Reddy strongly condemned Chief Minister K. Chandrasekhar Rao for equating coronavirus with the Congress party and said KCR was a re", "url": "https://www.thehindu.com/news/cities/Hyderabad/coronavirus-remark-uttam-seeks-apology-from-kcr/article31076570.ece", "urlToImage": "https://www.thehindu.com/static/theme/default/base/img/og-image.jpg", "publishedAt": "2020-03-15T18:16:03Z", "content": "Telangana Pradesh Congress Committee (TPCC) president N. Uttam Kumar Reddy strongly condemned Chief Minister K. Chandrasekhar Rao for equating coronavirus with the Congress party and said KCR was a real coronavirus while Congress party was the nation builder.\u2026 [+987 chars]"}, {"source": {"id": "the-hindu", "name": "The Hindu"}, "author": "Reuters", "title": "Coronavirus | African nations close borders, cancel flights to contain COVID-19 spread", "description": "The novel coronavirus has a foothold in at least 26 countries on the continent", "url": "https://www.thehindu.com/news/international/coronavirus-african-nations-close-borders-cancel-flights-to-contain-covid-19-spread/article31078626.ece", "urlToImage": "https://www.thehindu.com/news/international/hf0i8x/article31078625.ece/ALTERNATES/LANDSCAPE_615/SAFRICA-POLITICS-HEALTH-VIRUS", "publishedAt": "2020-03-15T22:49:09Z", "content": "Several African governments on March 15 closed borders, canceled flights and imposed strict entry and quarantine requirements to contain the spread of the new coronavirus, which has a foothold in at least 26 countries on the continent as cases keep rising.\r\nS\u2026 [+2351 chars]"}]}