{"status": "ok", "totalResults": 63, "articles": [{"source": {"id": "the-hindu", "name": "The Hindu"}, "author": "Special Correspondent", "title": "Coronavirus | 276 Indians infected abroad", "description": "Total cases of COVID-19 in India touch 162, including 25 foreigners; global figure crosses 2,00,000.", "url": "https://www.thehindu.com/news/national/coronavirus-276-indians-infected-abroad/article31102488.ece", "urlToImage": "https://www.thehindu.com/news/national/9tdzlc/article31102486.ece/ALTERNATES/LANDSCAPE_615/fatimaMasumeh", "publishedAt": "2020-03-18T18:42:19Z", "content": "With 255 Indians testing positive for novel coronavirus in Iran and another 21 in other countries, the total number of Indian nationals afflicted by the COVID-19 pandemic rose to 409. The cases within the country touched 162, on March 18. \r\nGlobally, the numb\u2026 [+4521 chars]"}, {"source": {"id": "the-hindu", "name": "The Hindu"}, "author": "PTI", "title": "Coronavirus | Resident doctor of Lucknow\u2019s KGMU tests positive", "description": "King George Medical University announced suspension of all undergraduate academic classes and examinations till April 2 as a preventive measure to stem the spread of COVID-19.", "url": "https://www.thehindu.com/news/national/other-states/coronavirus-resident-doctor-of-lucknows-kgmu-tests-positive/article31099738.ece", "urlToImage": "https://www.thehindu.com/static/theme/default/base/img/og-image.jpg", "publishedAt": "2020-03-18T13:28:37Z", "content": "A 25-year-old junior resident doctor of the King George Medical University (KGMU) in Lucknow has tested positive for coronavirus (COVID-19) after coming in contact with two patients undergoing treatment for the disease on its premises, a hospital spokesperson\u2026 [+2662 chars]"}, {"source": {"id": "the-hindu", "name": "The Hindu"}, "author": "AFP", "title": "Coronavirus | Donald Trump suspends evictions, home loan foreclosures", "description": "At a White House briefing, Mr. Trump said the Department of Housing and Urban Development is providing immediate relief to renters and homeowners by suspending all foreclosures and evictions until the end of April.", "url": "https://www.thehindu.com/news/international/coronavirus-donald-trump-suspends-evictions-home-loan-foreclosures/article31101561.ece", "urlToImage": "https://www.thehindu.com/news/international/3q65s2/article31101560.ece/ALTERNATES/LANDSCAPE_615/Trump", "publishedAt": "2020-03-18T16:43:03Z", "content": "President Donald Trump on March 18 ordered the suspension of evictions and mortgage foreclosures for six weeks as part of the government effort to ease the economic pain from the coronavirus pandemic.\r\nAt a White House briefing, Mr. Trump said the Department \u2026 [+216 chars]"}, {"source": {"id": "the-hindu", "name": "The Hindu"}, "author": "Special Correspondent", "title": "Coronavirus | T.N. police start invoking Disaster Management Act against those violating restrictions", "description": "One arrested for circulating false message on coronavirus and another for keeping liquor outlet open and entertaining crowd", "url": "https://www.thehindu.com/news/national/tamil-nadu/coronavirus-tn-police-start-invoking-disaster-management-act-for-violating-restrictions/article31098017.ece", "urlToImage": "https://www.thehindu.com/news/national/tamil-nadu/j8qrm9/article31098028.ece/ALTERNATES/LANDSCAPE_615/COVIDMADURAIFILE", "publishedAt": "2020-03-18T09:11:47Z", "content": "Within days after Centre declared COVID-19 a national disaster, Tamil Nadu police are invoking provisions of the Disaster Management Act against those who violating the restrictions and regulations imposed by the State government to prevent spreading of COVID\u2026 [+2369 chars]"}, {"source": {"id": "the-hindu", "name": "The Hindu"}, "author": "Sobhana K. Nair", "title": "Coronavirus | Parliamentary panel grills Railways on steps to contain COVID-19", "description": "BJP members ask what was done to sanitise AC coaches.", "url": "https://www.thehindu.com/news/national/coronavirus-parliamentary-panel-grills-railways-on-steps-to-contain-covid-19/article31103557.ece", "urlToImage": "https://www.thehindu.com/news/national/9phq05/article31103556.ece/ALTERNATES/LANDSCAPE_615/19TH-THGRP-DEL", "publishedAt": "2020-03-18T20:55:18Z", "content": "A parliamentary panel has pulled up the Railways for not giving satisfactory replies on measures taken to contain the spread of COVID-19. Railway Board Chairman V.K. Yadav told the panel that 63% tickets had been cancelled in March.\r\nAccording to sources, the\u2026 [+2691 chars]"}, {"source": {"id": "the-hindu", "name": "The Hindu"}, "author": "Special Correspondent", "title": "Coronavirus | Rajasthan human rights body recommends meditation to fight COVID-19", "description": "The Rajasthan State Human Rights Commission (SHRC) on Wednesday recommended \u201cmeditation in solitude\u201d to fight the COVID-19 outbreak which has infected over 150 persons across the country. The Commissi", "url": "https://www.thehindu.com/news/national/coronavirus-rajasthan-human-rights-body-recommends-meditation-to-fight-covid-19/article31102018.ece", "urlToImage": "https://www.thehindu.com/static/theme/default/base/img/og-image.jpg", "publishedAt": "2020-03-18T17:45:03Z", "content": "The Rajasthan State Human Rights Commission (SHRC) on Wednesday recommended meditation in solitude to fight the COVID-19 outbreak which has infected over 150 persons across the country. The Commission took up the matter suo motu, taking cognizance of the pand\u2026 [+1726 chars]"}, {"source": {"id": "the-hindu", "name": "The Hindu"}, "author": "Reuters", "title": "Coronavirus | British government empowers police, immigration officers to detain infected people", "description": "Health minister Matt Hancock said the new measures they will be introducing in the Emergency Coronavirus Bill this week will only be used when it is absolutely necessary", "url": "https://www.thehindu.com/news/international/coronavirus-british-government-empowers-police-immigration-officers-to-detain-infected-people/article31097972.ece", "urlToImage": "https://www.thehindu.com/news/international/oj12g7/article27260237.ece/ALTERNATES/LANDSCAPE_615/BRITAIN-EU-2", "publishedAt": "2020-03-18T09:10:14Z", "content": "Britain's government set out an emergency legislation on Tuesday to tackle the growing COVID-19 outbreak, with measures including giving powers to police and immigration officers to detain people and put them in isolation to protect public health.\r\nThe new me\u2026 [+411 chars]"}, {"source": {"id": "the-hindu", "name": "The Hindu"}, "author": "PTI", "title": "Coronavirus | Trump deploys two navy hospital ships for COVID-19 treatment", "description": "USNS Comfort will be deployed to New York, and USNS Mercy, to the West Coast", "url": "https://www.thehindu.com/news/international/coronavirus-trump-deploys-two-navy-hospital-ships-for-covid-19-treatment/article31103654.ece", "urlToImage": "https://www.thehindu.com/news/international/ev1kid/article31103653.ece/ALTERNATES/LANDSCAPE_615/HEALTH-CORONAVIRUSUSA-NYC", "publishedAt": "2020-03-18T21:46:51Z", "content": "U.S. President Donald Trump on March 18 announced the deployment of two Navy Hospital Ships to fast track the treatment of rapidly surging number of patients infected by the new coronavirus that has so far claimed the lives of 110 Americans.\r\nMr. Trump said h\u2026 [+2126 chars]"}, {"source": {"id": "the-hindu", "name": "The Hindu"}, "author": "PTI", "title": "Coronavirus: RBI to inject \u20b910,000 crore liquidity into market on Friday", "description": "The bank has decided to conduct open market operations on March 20, 2020.", "url": "https://www.thehindu.com/business/Economy/coronavirus-rbi-to-inject-10000-crore-liquidity-into-market-on-friday/article31101076.ece", "urlToImage": "https://www.thehindu.com/business/Economy/p1yori/article31101074.ece/ALTERNATES/LANDSCAPE_615/JEWELLERYSHOPS", "publishedAt": "2020-03-18T15:54:09Z", "content": "The Reserve Bank will inject liquidity of 10,000 crore through open market operations on Friday to maintain financial stability in the system in the wake of coronavirus outbreak in the country.\r\nWith the heightening of COVID-19 pandemic risks, certain financi\u2026 [+2272 chars]"}, {"source": {"id": "the-hindu", "name": "The Hindu"}, "author": "The Hindu", "title": "Coronavirus | PM Modi to address nation tonight", "description": "High-level meeting held to review ongoing efforts to tackle COVID-19", "url": "https://www.thehindu.com/news/national/coronavirus-pm-modi-to-address-nation-tonight/article31103462.ece", "urlToImage": "https://www.thehindu.com/news/national/jrrbig/article31103461.ece/ALTERNATES/LANDSCAPE_615/PM-MODI", "publishedAt": "2020-03-18T20:29:54Z", "content": "Prime Minister Narendra Modi chaired a high-level meeting to review the ongoing efforts to tackle COVID-19 on March 18.\r\nHe is scheduled to address the nation on March 19 at 8 p.m., during which he will talk about issues relating to COVID-19 and the efforts t\u2026 [+554 chars]"}, {"source": {"id": "the-hindu", "name": "The Hindu"}, "author": "The Hindu", "title": "The different shades of Coronavirus", "description": "The radical changes that COVID-19 is forcing on our lives are shaking us out of our urban ruts till we\u2019re able to see things in fresh light.", "url": "https://www.thehindu.com/thread/reflections/the-different-shades-of-coronavirus/article31092225.ece", "urlToImage": "https://www.thehindu.com/thread/t3f38f/article31099944.ece/ALTERNATES/LANDSCAPE_615/coronavirus", "publishedAt": "2020-03-18T14:07:14Z", "content": "I have tried to begin this article by saying As I write, I learn that But we are learning not just a few but a multitude of things about coronavirus every waking minute (and probably having nightmares the rest of the time). If, one minute, you learn that some\u2026 [+3629 chars]"}, {"source": {"id": "the-hindu", "name": "The Hindu"}, "author": "AFP", "title": "Coronavirus | Japan expands entry ban", "description": "Japanese Prime Minister Shinzo Abe said on Wednesday the country will expand quarantine measures and a ban on entry from parts of countries, including Italy and Spain. It adds parts of Italy, Spain an", "url": "https://www.thehindu.com/news/international/coronavirus-japan-expands-entry-ban/article31102038.ece", "urlToImage": "https://www.thehindu.com/static/theme/default/base/img/og-image.jpg", "publishedAt": "2020-03-18T17:51:50Z", "content": "Japanese Prime Minister Shinzo Abe said on Wednesday the country will expand quarantine measures and a ban on entry from parts of countries, including Italy and Spain. It adds parts of Italy, Spain and Switzerland and all of Iceland to existing rules applicab\u2026 [+391 chars]"}, {"source": {"id": "the-hindu", "name": "The Hindu"}, "author": "AP", "title": "Coronavirus | African Nations Championship postponed", "description": "The tournament was scheduled for April 4-25 in Cameroon", "url": "https://www.thehindu.com/sport/football/coronavirus-african-nations-championship-postponed/article31097430.ece", "urlToImage": "https://www.thehindu.com/sport/football/g0xydf/article31097429.ece/ALTERNATES/LANDSCAPE_615/CAMEROON", "publishedAt": "2020-03-18T06:59:25Z", "content": "Africas second biggest international soccer tournament was suspended Tuesday because of the coronavirus pandemic as the game on the continent neared total shutdown.\r\nThe Confederation of African Football said the African Nations Championship scheduled for Apr\u2026 [+901 chars]"}, {"source": {"id": "the-hindu", "name": "The Hindu"}, "author": "AP", "title": "Coronavirus deals a death blow to U.S. economic expansion", "description": "The vast changes required to defeat the outbreak have brought daily business to a halt", "url": "https://www.thehindu.com/sci-tech/health/coronavirus-deals-a-death-blow-to-us-economic-expansion/article31104998.ece", "urlToImage": "https://www.thehindu.com/sci-tech/health/21pkqs/article31104997.ece/ALTERNATES/LANDSCAPE_615/US-STOCKS-MARKETS-OPEN", "publishedAt": "2020-03-18T23:53:59Z", "content": "No one knows how long it will last or how much it will hurt. But the U.S. economy is either sliding into a recession for the first time since 2009 or is already in one a sudden victim of the coronavirus outbreak.\r\nThe vast changes deemed necessary to defeat t\u2026 [+1958 chars]"}, {"source": {"id": "the-hindu", "name": "The Hindu"}, "author": "Afshan Yasmeen", "title": "Coronavirus: two more test positive in Karnataka", "description": "The total number of cases in Karnataka is now 13", "url": "https://www.thehindu.com/news/national/karnataka/coronavirus-two-more-test-positive-in-karnataka/article31097879.ece", "urlToImage": "https://www.thehindu.com/news/national/karnataka/mf6vzp/article31097878.ece/ALTERNATES/LANDSCAPE_615/CORONAVIRUSESBENGALURU", "publishedAt": "2020-03-18T08:48:17Z", "content": "Two more positive cases of COVID-19 have been reported in Karnataka, taking the total number of cases to 13.\r\nThe two new cases are a 56-year-old male, a resident of Bengaluru who returned from USA on 6th March, and another 25-year-old female, who returned fr\u2026 [+616 chars]"}, {"source": {"id": "the-hindu", "name": "The Hindu"}, "author": "Reuters", "title": "Coronavirus | FDA urges virtual patient visits", "description": "COVID-19 disrupts clinical trials", "url": "https://www.thehindu.com/sci-tech/health/coronavirus-fda-urges-virtual-patient-visits/article31104955.ece", "urlToImage": "https://www.thehindu.com/sci-tech/health/at4unp/article31104954.ece/ALTERNATES/LANDSCAPE_615/TH19VIRUS", "publishedAt": "2020-03-18T23:32:53Z", "content": "The U.S. Food and Drug Administration on March 18 recommended switching to virtual patient visits instead of in-person monitoring for clinical studies, as signs emerge that the rapid spread of the coronavirus outbreak is disrupting trials.\r\nU.S.-based Iveric \u2026 [+1563 chars]"}, {"source": {"id": "the-hindu", "name": "The Hindu"}, "author": "PTI", "title": "Coronavirus | Ganguly gets much-needed break", "description": "BCCI employees have been told to work from home", "url": "https://www.thehindu.com/sport/cricket/coronavirus-ganguly-gets-much-needed-break/article31102849.ece", "urlToImage": "https://www.thehindu.com/sport/cricket/yh1d9h/article31102848.ece/ALTERNATES/LANDSCAPE_615/TH19DADA", "publishedAt": "2020-03-18T19:10:08Z", "content": "With the IPL postponed to April 15 and the BCCI office shut, board president Sourav Ganguly has got a welcome break from his busy schedule. \r\nCorona virus scare .. happy to sit in the lounge at 5pm .. free... cant remember when I did last, Ganguly posted on I\u2026 [+384 chars]"}, {"source": {"id": "the-hindu", "name": "The Hindu"}, "author": "PTI", "title": "Coronavirus | NDMC sanitising temples, churches, gurudwaras", "description": "\u201cWe don\u2019t want to take risks with these frequently visited places,\u201d a senior NDMC official said", "url": "https://www.thehindu.com/news/cities/Delhi/coronavirus-ndmc-sanitising-temples-churches-gurudwaras/article31098859.ece", "urlToImage": "https://www.thehindu.com/news/cities/Delhi/dbc49n/article31098858.ece/ALTERNATES/LANDSCAPE_615/GURUNANAKDEVBANGLASAHIB", "publishedAt": "2020-03-18T11:29:55Z", "content": "The New Delhi Municipal Council (NDMC) is sanitising major temples, churches and gurudwaras in the national capital in the wake of the coronavirus outbreak.\r\nThough the government has directed that not more than 50 people should gather at any place to ensure \u2026 [+696 chars]"}, {"source": {"id": "the-hindu", "name": "The Hindu"}, "author": "PTI", "title": "Coronavirus | Moody\u2019s downgrades outlook for shipping to negative due to COVID-19 pandemic", "description": "The EBITDA of shipping companies globally could decline by 25-30%, the rating agency said", "url": "https://www.thehindu.com/business/Industry/coronavirus-moodys-downgrades-outlook-for-shipping-to-negative-due-to-covid-19-pandemic/article31099164.ece", "urlToImage": "https://www.thehindu.com/business/Industry/4ua4d8/article31099163.ece/ALTERNATES/LANDSCAPE_615/CHENNAIPORT", "publishedAt": "2020-03-18T11:57:57Z", "content": "In the wake of the COVID-19 pandemic and deteriorating global economic outlook, ratings agency Moodys has changed its forecast for the shipping industry to negative for the next 12-18 months from stable.\r\nWe have changed our outlook for the global shipping in\u2026 [+3525 chars]"}, {"source": {"id": "the-hindu", "name": "The Hindu"}, "author": "Special Correspondent", "title": "Coronavirus | Modi speaks to Saudi crown prince on COVID-19", "description": "PM discusses his proposal to organise a videoconference of G-20 countries", "url": "https://www.thehindu.com/news/national/coronavirus-modi-speaks-to-saudi-crown-prince-on-covid-19/article31096152.ece", "urlToImage": "https://www.thehindu.com/news/national/3i5juy/article31096151.ece/ALTERNATES/LANDSCAPE_615/INDIAPMANDSAUDIPRINCEMEETING", "publishedAt": "2020-03-18T00:58:38Z", "content": "Prime Minister Narendra Modi spoke on Tuesday evening to Saudi Crown Prince Mohammed bin Salman as part of his efforts to engage world leaders in tackling the coronavirus pandemic that has claimed more than 6,600 lives worldwide. \r\nIn particular, Mr. Modi dis\u2026 [+606 chars]"}, {"source": {"id": "the-hindu", "name": "The Hindu"}, "author": "PTI", "title": "Coronavirus | Kashmir Valley records its first case, say officials", "description": "The Kashmir Valley on March 18 recorded its first positive case for novel coronavirus in Srinagar, mayor of Srinagar Municipal Corporation Junaid Azim Mattu said. \u201cI have been informed a short while a", "url": "https://www.thehindu.com/news/national/other-states/coronavirus-kashmir-valley-records-its-first-case-say-officials/article31101852.ece", "urlToImage": "https://www.thehindu.com/news/national/other-states/ubbbu4/article31101851.ece/ALTERNATES/LANDSCAPE_615/Srinagar", "publishedAt": "2020-03-18T17:11:19Z", "content": "The Kashmir Valley on March 18 recorded its first positive case for novel coronavirus in Srinagar, mayor of Srinagar Municipal Corporation Junaid Azim Mattu said. I have been informed a short while ago that #Srinagar has had its first positive case for #Covid\u2026 [+1664 chars]"}, {"source": {"id": "the-hindu", "name": "The Hindu"}, "author": "Special Correspondent", "title": "Coronavirus | All temple festivals banned in Virudhunagar till March 31", "description": "No fresh bookings of marriage halls, lodges allowed; omni buses asked to sanitise vehicles after every trip, and fireworks units told to limit number of workers to 50", "url": "https://www.thehindu.com/news/national/tamil-nadu/coronavirus-all-temple-festivals-banned-in-virudhunagar-till-march-31/article31098452.ece", "urlToImage": "https://www.thehindu.com/news/national/tamil-nadu/h93tbv/article31098451.ece/ALTERNATES/LANDSCAPE_615/VIRUDHUNAGARTEMPLEFILEPIC", "publishedAt": "2020-03-18T10:41:12Z", "content": "In a fresh set of restrictions to contain the spread of COVID-19, Virudhunagar district administration has banned all religious festivals and fresh bookings of marriage halls and lodges.\r\nWhile private buses have been asked to sanitise the vehicles before eve\u2026 [+3831 chars]"}, {"source": {"id": "the-hindu", "name": "The Hindu"}, "author": "Reuters", "title": "Coronavirus | World grapples with \u2018once-in-100-year\u2019 virulence", "description": "COVID-19 has now infected more than 2,00,000 people in 164 nations; Australian PM warns crisis could last six months.", "url": "https://www.thehindu.com/news/international/coronavirus-world-grapples-with-once-in-100-year-virulence/article31102054.ece", "urlToImage": "https://www.thehindu.com/news/international/84x8ge/article31102085.ece/ALTERNATES/LANDSCAPE_615/18IN-VIRUS", "publishedAt": "2020-03-18T18:03:36Z", "content": "Hundreds of millions of people worldwide were adjusting on Wednesday to once-in-a-generation measures to battle the COVID-19 pandemic that is not only killing the old and vulnerable but also threatening prolonged economic misery.\r\nThe fast-spreading disease t\u2026 [+2377 chars]"}, {"source": {"id": "the-hindu", "name": "The Hindu"}, "author": "Special Correspondent", "title": "Coronavirus | Harsh Vardhan reviews actions taken and further preparedness", "description": "Dedicated teams to visit quarantine facilities to assess and monitor on a regular basis", "url": "https://www.thehindu.com/news/national/coronavirus-harsh-vardhan-reviews-actions-taken-and-further-preparedness/article31098879.ece", "urlToImage": "https://www.thehindu.com/news/national/fvw1fw/article31098878.ece/ALTERNATES/LANDSCAPE_615/NSCREENING", "publishedAt": "2020-03-18T11:33:28Z", "content": "The Union Health Ministry at a meeting on Wednesday reviewed the quarantine facilities for the evacuees, including the ones at the airports/other key transit points, in terms of segregation of passengers, transportation to the quarantine facilities, health ch\u2026 [+1060 chars]"}, {"source": {"id": "the-hindu", "name": "The Hindu"}, "author": "Legal Correspondent", "title": "Coronavirus | Ensure welfare schemes are no affected, says Supreme Court", "description": "Orders States to come out with a uniform policy", "url": "https://www.thehindu.com/news/national/coronavirus-ensure-welfare-schemes-are-no-affected-says-supreme-court/article31103290.ece", "urlToImage": "https://www.thehindu.com/news/national/jtwxuj/article31103289.ece/ALTERNATES/LANDSCAPE_615/THESUPREMECOURT", "publishedAt": "2020-03-18T19:57:55Z", "content": "The Supreme Court on Wednesday ordered States to come out with a uniform policy to ensure that, while preventing the spread of COVID-19, schemes providing nutritional food to children, nursing and lactating mothers are not adversely affected. \r\nNon-supply of \u2026 [+1097 chars]"}, {"source": {"id": "the-hindu", "name": "The Hindu"}, "author": "Stan Rayan", "title": "Coronavirus | Federation Cup may be cancelled or postponed", "description": "AFI president says priority is the well-being of the athletes", "url": "https://www.thehindu.com/sport/athletics/coronavirus-federation-cup-may-be-cancelled-or-postponed/article31102962.ece", "urlToImage": "https://www.thehindu.com/sport/athletics/s7mwpr/article31102961.ece/ALTERNATES/LANDSCAPE_615/TH19TEJAS", "publishedAt": "2020-03-18T19:21:40Z", "content": "The second Indian Grand Prix in Patiala is just a week away and the crucial Federation Cup is about 20 days away but the Athletics Federation of India (AFI) is still not sure whether non-National campers will be allowed in these meets.\r\nI cant tell you what w\u2026 [+2440 chars]"}, {"source": {"id": "the-hindu", "name": "The Hindu"}, "author": "Reuters", "title": "Coronavirus | Italy reports 475 new COVID-19 deaths, highest single-day toll for any country", "description": "Total death toll is at 2,978; case-count crosses 35,000", "url": "https://www.thehindu.com/news/international/coronavirus-italy-reports-475-new-covid-19-deaths-highest-single-day-toll-for-any-country/article31102044.ece", "urlToImage": "https://www.thehindu.com/news/international/6n8onm/article31102043.ece/ALTERNATES/LANDSCAPE_615/HEALTH-CORONAVIRUSITALY-HOMES", "publishedAt": "2020-03-18T17:52:41Z", "content": "The death toll from an outbreak of coronavirus in Italy has surged in the last 24 hours by 475 to 2,978, an increase of 19%, the biggest jump in numerical terms since the contagion came to light last month, officials said on March 18.\r\nThe total number of cas\u2026 [+434 chars]"}, {"source": {"id": "the-hindu", "name": "The Hindu"}, "author": "Divya Kala Bhavani", "title": "How the environment became the unexpected beneficiary of Coronavirus", "description": "To match the changing expectations of social distancing, the tourism industry is now leaving a considerably smaller carbon footprint", "url": "https://www.thehindu.com/life-and-style/travel/how-coronavirus-covid2019-is-lowering-tourism-industry-carbon-emissions/article31099136.ece", "urlToImage": "https://www.thehindu.com/life-and-style/travel/ee41yp/article31099135.ece/ALTERNATES/LANDSCAPE_615/HY19-QANTAS", "publishedAt": "2020-03-18T11:48:27Z", "content": "Over the last month, the aviation industrys carbon emissions seem to be dropping but not for the reasons you think: because what activism on climate change could not do, the Coronavirus outbreak has, unintentionally... not to say the world requires a pandemic\u2026 [+5688 chars]"}, {"source": {"id": "the-hindu", "name": "The Hindu"}, "author": "Ashok Kumar", "title": "Coronavirus | Shopping malls, weekly markets in Gurugram told to shut down", "description": "All shopping malls, except the pharmacy and grocery stores and supermarkets running from inside their premises, and the weekly markets in Gurugram have been directed to suspend their operations forthw", "url": "https://www.thehindu.com/news/cities/Delhi/shopping-malls-weekly-markets-in-gurugram-told-to-shut-down/article31099642.ece", "urlToImage": "https://www.thehindu.com/news/cities/Delhi/xf9o0n/article31086203.ece/ALTERNATES/LANDSCAPE_615/16DELPRIYAGURUGRAM", "publishedAt": "2020-03-18T13:12:18Z", "content": "All shopping malls, except the pharmacy and grocery stores and supermarkets running from inside their premises, and the weekly markets in Gurugram have been directed to suspend their operations forthwith till March 31, in fresh directions issued by the distri\u2026 [+1493 chars]"}, {"source": {"id": "the-hindu", "name": "The Hindu"}, "author": "IANS", "title": "Tamil and Telugu film industries reel from coronavirus outbreak, as theatres and shoots shut down", "description": "Big-budget films like \u2018RRR\u2019, \u2018Nishabdham\u2019, \u2018Master\u2019, \u2018V\u2019 and \u2018Soorarai Pottru\u2019 are all affected", "url": "https://www.thehindu.com/entertainment/movies/tamil-and-telugu-film-industries-reel-from-coronavirus-outbreak-as-theatres-and-shoots-shut-down/article31098328.ece", "urlToImage": "https://www.thehindu.com/entertainment/movies/f0xvky/article31098327.ece/ALTERNATES/LANDSCAPE_615/Soorarai-Pottru-song-Veyyon-Silli-1200", "publishedAt": "2020-03-18T10:13:02Z", "content": "With the World Health Organisation declaring COVID-19 a pandemic, cinema, OTT and television production the world over have been adversely hit, and the thriving south Indian film industry is no exception. The Tamil and Telugu film industries, which account fo\u2026 [+2239 chars]"}, {"source": {"id": "the-hindu", "name": "The Hindu"}, "author": "Special Correspondent", "title": "Coronavirus | Faithful exempted from obligation to attend Sunday Mass, says Archbishop of Bombay Cardinal Oswald Gracias", "description": "Reduce socialising and stay at home as much as possible, he says", "url": "https://www.thehindu.com/news/cities/mumbai/coronavirus-faithful-exempted-from-obligation-to-attend-sunday-mass-says-archbishop-of-bombay-cardinal-oswald-gracias/article31097873.ece", "urlToImage": "https://www.thehindu.com/news/cities/mumbai/3xgbqs/article31097872.ece/ALTERNATES/LANDSCAPE_615/ARCHKB", "publishedAt": "2020-03-18T08:44:58Z", "content": "Archbishop of Bombay Cardinal Oswald Gracias has exempted all faithful in the Archdiocese of Bombay the obligation to attend Sunday Mass till March 31 in the wake of social distancing measures to help contain the spread of COVID-19. \r\nCardinal Gracias, in an \u2026 [+1183 chars]"}, {"source": {"id": "the-hindu", "name": "The Hindu"}, "author": "PTI", "title": "UK Finance Minister Rishi Sunak unveils \u00a3330 billion rescue package in coronavirus fight", "description": "As part of his bailout package, Mr. Sunak extended a business rates holiday to all businesses in the retail and hospitality sector for 12 months as well as a cash grant to help them survive.", "url": "https://www.thehindu.com/news/international/uk-finance-minister-rishi-sunak-unveils-330-billion-rescue-package-in-coronavirus-fight/article31098620.ece", "urlToImage": "https://www.thehindu.com/news/international/xxsjvy/article31098619.ece/ALTERNATES/LANDSCAPE_615/TH18RISHI-SUNAK", "publishedAt": "2020-03-18T10:40:35Z", "content": "Britains Indian-origin Finance Minister Rishi Sunak on Tuesday unveiled a bold rescue package to help U.K. businesses and the economy survive the impact of the coronavirus pandemic.\r\nThe Chancellor of the Exchequer joined British Prime Minister Boris Johnson \u2026 [+4470 chars]"}, {"source": {"id": "the-hindu", "name": "The Hindu"}, "author": "PTI", "title": "Coronavirus | South African cricketers told to self-isolate on return from aborted India tour", "description": "South Africa were to play three ODIs during the tour that was aborted after the washed out opening game in Dharamsala.", "url": "https://www.thehindu.com/sport/cricket/coronavirus-south-african-cricketers-told-to-self-isolate-on-return-from-aborted-india-tour/article31098197.ece", "urlToImage": "https://www.thehindu.com/sport/cricket/s1ml7d/article31098196.ece/ALTERNATES/LANDSCAPE_615/SA", "publishedAt": "2020-03-18T09:51:53Z", "content": "The South African cricket team has been asked to self-quarantine for the next 14 days after returning midway from an ODI tour of India due to the COVID-19 pandemic.\r\n Cricket South Africas chief medical officer, Dr Shuaib Manjra, was quoted as saying that the\u2026 [+1721 chars]"}, {"source": {"id": "the-hindu", "name": "The Hindu"}, "author": "PTI", "title": "Coronavirus scare: Delhi HC experimenting with video conference facilities for proceedings", "description": "The system to hold proceedings through video conferencing would probably be in place by next week", "url": "https://www.thehindu.com/news/cities/Delhi/coronavirus-scare-delhi-hc-experimenting-with-video-conference-facilities-for-proceedings/article31097657.ece", "urlToImage": "https://www.thehindu.com/news/cities/Delhi/by1dtv/article31097656.ece/ALTERNATES/LANDSCAPE_615/INDEXDELHIHIGHCOURT", "publishedAt": "2020-03-18T08:09:18Z", "content": "The Delhi High Court on Wednesday said it was experimenting with holding court proceedings through video conferencing in view of the coronavirus pandemic and the system would probably be in place by next week.\r\nA Bench of Chief Justice D.N. Patel and Justice \u2026 [+400 chars]"}, {"source": {"id": "the-hindu", "name": "The Hindu"}, "author": "AFP", "title": "Coronavirus | Anthony Joshua\u2019s title defence may be delayed, says Eddie Hearn", "description": "The British star is due to fight Kubrat Pulev at the Tottenham Hotspur Stadium on June 20", "url": "https://www.thehindu.com/sport/other-sports/coronavirus-anthony-joshuas-title-defence-may-be-delayed-says-eddie-hearn/article31103059.ece", "urlToImage": "https://www.thehindu.com/sport/other-sports/u15mnd/article31103058.ece/ALTERNATES/LANDSCAPE_615/TH19JOSHUA", "publishedAt": "2020-03-18T19:32:40Z", "content": "Anthony Joshuas world heavyweight title defence against Kubrat Pulev could be delayed until July due to the chaos caused by the coronavirus, promoter Eddie Hearn said on Tuesday.\r\nJoshua is due to fight Pulev at the Tottenham Hotspur Stadium on June 20.\r\nBut \u2026 [+1146 chars]"}, {"source": {"id": "the-hindu", "name": "The Hindu"}, "author": "Agence France-Presse", "title": "Coronavirus | IOC says no \u2018ideal\u2019 solution as athletes voice COVID-19 concerns", "description": "Member Wickenheiser calls the decision to proceed \u2018insensitive, irresponsible\u2019", "url": "https://www.thehindu.com/sport/other-sports/coronavirus-ioc-says-no-ideal-solution-as-athletes-voice-covid-19-concerns/article31102349.ece", "urlToImage": "https://www.thehindu.com/sport/other-sports/np7ipd/article31102348.ece/ALTERNATES/LANDSCAPE_615/TH19RING", "publishedAt": "2020-03-18T18:22:02Z", "content": "Olympic chiefs acknowledged on Wednesday there was no ideal solution to staging the Tokyo Olympics in response to a growing number of athletes expressing concern as the coronavirus pandemic swept the globe.\r\nFootballs European Championship and the Copa Americ\u2026 [+2139 chars]"}, {"source": {"id": "the-hindu", "name": "The Hindu"}, "author": "Stan Rayan", "title": "Coronavirus | Sense of urgency among athletes to make the cut for Tokyo 2020", "description": "Sreeshankar plans assault on national record", "url": "https://www.thehindu.com/sport/athletics/coronavirus-sense-of-urgency-among-athletes-to-make-the-cut-for-tokyo-2020/article31102909.ece", "urlToImage": "https://www.thehindu.com/sport/athletics/rxxor/article31102908.ece/ALTERNATES/LANDSCAPE_615/TH19SREE", "publishedAt": "2020-03-18T19:16:05Z", "content": "A lot of things could have been running in M. Sreeshankars mind as he took his flight from Coimbatore for the Indian track and field season-opener, the Indian Grand Prix-1 which begins in Patiala on Friday.\r\nWith things changing at a very fast pace owing to t\u2026 [+2744 chars]"}, {"source": {"id": "the-hindu", "name": "The Hindu"}, "author": "The Hindu Net Desk", "title": "Coronavirus live updates | Cases in India rise to 143", "description": "According to WHO, on March 17 there were 184,976 confirmed cases in 159 countries", "url": "https://www.thehindu.com/news/national/coronavirus-live-updates-march-18-2020/article31096318.ece", "urlToImage": "https://www.thehindu.com/news/international/l9y4fe/article31096232.ece/ALTERNATES/LANDSCAPE_615/TURKEY-HEALTH-VIRUS", "publishedAt": "2020-03-18T02:44:56Z", "content": "India reported its third death from the COVID-19 pandemic on Tuesday. The number of COVID-19 cases tested positive in India is 143 and there are 126 active cases. \r\nAccording to WHO, as of March 17, there were 184,976 confirmed COVID-19 cases and 7,529 deaths\u2026 [+3424 chars]"}, {"source": {"id": "the-hindu", "name": "The Hindu"}, "author": "The Hindu Net Desk", "title": "Top news of the day: Number of confirmed coronavirus cases in India crosses 150, Yes Bank resumes operations, and more", "description": "The major news headlines of the day, and more.", "url": "https://www.thehindu.com/news/top-news-of-march-18-2020-number-of-confirmed-coronavirus-cases-in-india-crosses-150-yes-bank-resumes-operations-and-more/article31100112.ece", "urlToImage": "https://www.thehindu.com/news/cwky59/article31100111.ece/ALTERNATES/LANDSCAPE_615/Facemasks", "publishedAt": "2020-03-18T14:21:20Z", "content": "The number of COVID-19 cases tested positive in India is 156 and there are 139 active cases with Fresh cases reported from Karnataka, Tamil Nadu, Kerala, Uttar Pradesh, Ladakh, Noida, Telangana and Maharashtra. | Days updates\r\n Dedicated teams to visit quaran\u2026 [+2504 chars]"}, {"source": {"id": "the-hindu", "name": "The Hindu"}, "author": "PTI", "title": "Coronavirus | With schools shut & mid-day meals unavailable to children, Supreme Court issues notice to States, UTs", "description": "Schools in Delhi-NCR and many other States are closed till March 31 in view of the COVID-19 outbreak.", "url": "https://www.thehindu.com/news/national/coronavirus-with-schools-shut-mid-day-meals-unavailable-to-children-supreme-court-issues-notice-to-states-uts/article31099295.ece", "urlToImage": "https://www.thehindu.com/static/theme/default/base/img/og-image.jpg", "publishedAt": "2020-03-18T12:06:01Z", "content": "The Supreme Court on Wednesday took note of the non-availability of mid-day meals to children as schools in many parts of the country have been shut due to the coronavirus (COVID-19) pandemic. \r\n A Bench headed by Chief Justice S.A. Bobde took suo motu cognis\u2026 [+263 chars]"}, {"source": {"id": "the-hindu", "name": "The Hindu"}, "author": "PTI", "title": "Coronavirus | Meghalaya government shuts tourist spots", "description": "The State\u2019s preparedness to tackle COVID-19 was also reviewed by Chief Minister Conrad K. Sangma at a meeting.", "url": "https://www.thehindu.com/news/national/other-states/coronavirus-meghalaya-government-shuts-tourist-spots/article31099877.ece", "urlToImage": "https://www.thehindu.com/static/theme/default/base/img/og-image.jpg", "publishedAt": "2020-03-18T13:44:14Z", "content": "The Meghalaya government on Wednesday decided to shut tourist spots in the State as part of its measures to prevent any possible transmission and outbreak of novel coronavirus (COVID-19).\r\n All tourist spots in the State of Meghalaya including parks and recre\u2026 [+1115 chars]"}, {"source": {"id": "the-hindu", "name": "The Hindu"}, "author": "Aditya Anand", "title": "Coronavirus | GoAir staff left in the lurch after contracts end", "description": "Termination letters go viral on social media", "url": "https://www.thehindu.com/news/national/coronavirus-goair-staff-left-in-the-lurch-after-contracts-end/article31101980.ece", "urlToImage": "https://www.thehindu.com/news/national/1d0vna/article31101979.ece/ALTERNATES/LANDSCAPE_615/18THLTGOAIRAIRCRAFT", "publishedAt": "2020-03-18T17:31:37Z", "content": "A day after GoAir suspended international operations alongside putting its employees on a rotational leave-without-pay programme, letters terminating employee contracts, mostly those of expatriate pilots, went viral on social media. \r\n\u00a0A spokesperson for the \u2026 [+1095 chars]"}, {"source": {"id": "the-hindu", "name": "The Hindu"}, "author": "Iboyaima Laithangbam", "title": "Coronavirus | Manipur closes all govt., private hostels till end March", "description": "Thousands of students taking Class X and Class XII exams left in a lurch", "url": "https://www.thehindu.com/news/national/other-states/coronavirus-manipur-closes-all-govt-private-hostels-till-end-march/article31100746.ece", "urlToImage": "https://www.thehindu.com/static/theme/default/base/img/og-image.jpg", "publishedAt": "2020-03-18T15:29:02Z", "content": "Thousands of students in Manipur, appearing for the ongoing Class X and Class XII examinations, have been left in a lurch following a Government Order issued on Tuesday closing down all government and private hostels till the end of this month. The step has b\u2026 [+702 chars]"}, {"source": {"id": "the-hindu", "name": "The Hindu"}, "author": "Staff Reporter", "title": "Suspected coronavirus patient jumps to death from Safdarjung Hospital", "description": "A 23-year-old man, who was shifted to the Safdarjung Hospital from the IGI Airport after he was suspected of having been exposed to COVID-19, jumped o", "url": "https://www.thehindu.com/news/cities/Delhi/man-jumps-to-death-from-delhi-hospital/article31103584.ece", "urlToImage": "https://www.thehindu.com/news/cities/Delhi/t9tijo/article31103650.ece/ALTERNATES/LANDSCAPE_615/SAFDARJUNGHOSPITAL", "publishedAt": "2020-03-18T21:04:58Z", "content": "A 23-year-old man, who was shifted to the Safdarjung Hospital from the IGI Airport after he was suspected of having been exposed to COVID-19, jumped off the hospital building, police said on Wednesday.\r\nA police team reached the spot and shifted the body to t\u2026 [+389 chars]"}, {"source": {"id": "the-hindu", "name": "The Hindu"}, "author": "K.C. Deepika", "title": "Coronavirus | Air is cleaner with COVID-19 lockdown", "description": "KSPCB figures between Saturday and Monday show weekday had lower pollution levels than weekend", "url": "https://www.thehindu.com/news/cities/bangalore/coronavirus-air-is-cleaner-with-covid-19-lockdown/article31096804.ece", "urlToImage": "https://www.thehindu.com/news/cities/bangalore/pisvs9/article31096802.ece/ALTERNATES/LANDSCAPE_615/18BGMarchclean-aircol", "publishedAt": "2020-03-18T04:36:26Z", "content": "Many private firms have asked employees to work from home, schools and colleges have suspended classes, and and malls and pubs are closed. This partial lockdown in a usually bustling city to contain the spread of COVID-19 appears to have had one positive impa\u2026 [+2467 chars]"}, {"source": {"id": "the-hindu", "name": "The Hindu"}, "author": "PTI", "title": "World Bank increases coronavirus response fund to $14 Billion", "description": "The package will strengthen national systems for public health preparedness, including for disease containment, diagnosis and treatment", "url": "https://www.thehindu.com/news/international/world-bank-increases-coronavirus-response-fund-to-14-billion/article31096185.ece", "urlToImage": "https://www.thehindu.com/news/international/uwgl9s/article31096184.ece/ALTERNATES/LANDSCAPE_615/PLH-558x576", "publishedAt": "2020-03-18T01:16:25Z", "content": "The World Bank has announced increasing to $14 billion the amount of fast-track financing to assist companies and countries in their efforts to respond to the rapid spread of COVID-19, adding $2 billion to the initial package.\r\n The announcement came amid fea\u2026 [+2035 chars]"}, {"source": {"id": "the-hindu", "name": "The Hindu"}, "author": "Special Correspondent", "title": "Coronavirus | Second positive case of COVID-19 in Tamil Nadu", "description": "The 20-year-old patient approached the Rajiv Gandhi Government General Hospital on March 12 with symptoms of fever, cough and sore throat and was admitted to the isolation ward.", "url": "https://www.thehindu.com/news/national/tamil-nadu/second-positive-case-of-covid-19-in-tamil-nadu/article31100689.ece", "urlToImage": "https://www.thehindu.com/news/national/cxtzra/article30685132.ece/ALTERNATES/LANDSCAPE_615/VBK-CORONAVIRUS-CHENNAI-PTI", "publishedAt": "2020-03-18T15:35:58Z", "content": "Tamil Nadu recorded its second positive case of coronavirus disease, COVID-19, on March 18. A 20-year-old youth, who had travelled from Delhi to Chennai in a train, tested positive for COVID-19 and is already in the isolation ward of Rajiv Gandhi Government G\u2026 [+1576 chars]"}, {"source": {"id": "the-hindu", "name": "The Hindu"}, "author": "PTI", "title": "Coronavirus | Singapore Airlines to cut flight capacity by 50 % as travel bans multiply", "description": "Singapore expanded its travel restrictions to include travellers who have visited ASEAN countries, U.K., Japan and Switzerland", "url": "https://www.thehindu.com/business/coronavirus-singapore-airlines-to-cut-flight-capacity-by-50-as-travel-bans-multiply/article31097319.ece", "urlToImage": "https://www.thehindu.com/business/ha664h/article31097318.ece/ALTERNATES/LANDSCAPE_615/SINGAPOREAIRLINES", "publishedAt": "2020-03-18T06:40:27Z", "content": "Singapore Airlines has said it is cutting flights across its network by half as countries around the world impose border controls in response to the COVID-19 pandemic.\r\nGiven the growing scale of the border controls globally and its deepening impact on air tr\u2026 [+1829 chars]"}, {"source": {"id": "the-hindu", "name": "The Hindu"}, "author": "The Hindu Net Desk", "title": "Business Live: S&P lowers India\u2019s growth forecast to 5.2% in 2020 amid coronavirus impact", "description": "Updates from the world of economy, markets, and finance", "url": "https://www.thehindu.com/business/businesslive-18-march-2020/article31096658.ece", "urlToImage": "https://www.thehindu.com/business/Industry/jqjoan/article31070473.ece/ALTERNATES/LANDSCAPE_615/NKV-NIRMALASITHARAMAN", "publishedAt": "2020-03-18T04:06:42Z", "content": null}, {"source": {"id": "the-hindu", "name": "The Hindu"}, "author": "Jagriti Chandra", "title": "Coronavirus | Airlines may have to shut shop by May, says CAPA", "description": "Carriers face a loss of up to $600 million on COVID-19 impact", "url": "https://www.thehindu.com/news/national/coronavirus-airlines-may-have-to-shut-shop-by-may-says-capa/article31101994.ece", "urlToImage": "https://www.thehindu.com/static/theme/default/base/img/og-image.jpg", "publishedAt": "2020-03-18T17:33:30Z", "content": "Several airlines may be forced to shut down by May or June in the absence of government aid as private carriers stare at a loss of $500-600 million due to COVID-19, warns aviation consultancy CAPA.\r\n\u00a0All Indian airlines will report significant losses in Q1, e\u2026 [+1774 chars]"}, {"source": {"id": "the-hindu", "name": "The Hindu"}, "author": "Reuters", "title": "COVID-19 | Turkey confirms first coronavirus death, more than doubles cases to 98", "description": "An 89-year old died after contracting the virus from someone who had contact with China", "url": "https://www.thehindu.com/news/international/covid-19-turkey-confirms-first-coronavirus-death-more-than-doubles-cases-to-98/article31096210.ece", "urlToImage": "https://www.thehindu.com/news/international/8d3wpl/article31096232.ece/ALTERNATES/LANDSCAPE_615/TURKEY-HEALTH-VIRUS", "publishedAt": "2020-03-18T02:13:22Z", "content": "Turkey confirmed late on Tuesday its first death related to the coronavirus and the country more than doubled its confirmed cases to 98, from 47 a day earlier.\r\nHealth Minister Fahrettin Koca told a press conference that an 89-year old died after contracting \u2026 [+198 chars]"}, {"source": {"id": "the-hindu", "name": "The Hindu"}, "author": "Reuters", "title": "Trump to remove migrants who cross U.S.-Mexico border illegally, due to coronavirus", "description": "The statute cited by Donald Trump states that people can be denied entry to the United States for public health reasons, but doesn't differentiate between legal and illegal immigration", "url": "https://www.thehindu.com/news/international/trump-to-remove-migrants-who-cross-us-mexico-border-illegally-due-to-coronavirus/article31104130.ece", "urlToImage": "https://www.thehindu.com/news/international/g0gjyu/article31104129.ece/ALTERNATES/LANDSCAPE_615/VIRUSOUTBREAKTRUMP", "publishedAt": "2020-03-18T22:20:18Z", "content": "U.S. President Donald Trump said on Wednesday his administration will use a health-focused statute to swiftly remove migrants or asylum seekers who cross the U.S.-Mexico border illegally as part of efforts to stem the spread of the coronavirus.\r\nDuring a Whit\u2026 [+2424 chars]"}, {"source": {"id": "the-hindu", "name": "The Hindu"}, "author": "Lalatendu Mishra", "title": "Coronavirus | National Restaurants Association issues advisory to close operations from today", "description": "This advisory is voluntary in nature and it is up to the individual restaurant owners to take a decision", "url": "https://www.thehindu.com/news/national/covid-19-national-restaurants-association-issues-advisory-to-close-operations-from-today/article31096929.ece", "urlToImage": "https://www.thehindu.com/news/national/tamil-nadu/6o0kce/article31096926.ece/ALTERNATES/LANDSCAPE_615/Ootyhotel", "publishedAt": "2020-03-18T05:19:53Z", "content": "Now it will be difficult to have food outside home as the National Restaurants Association of India (NRAI) has advised its member restaurants across the country to shut down from March 18 to 31 in view of the serious health risk posed by COVID-19 to lakhs of \u2026 [+2060 chars]"}, {"source": {"id": "the-hindu", "name": "The Hindu"}, "author": "Special Correspondent", "title": "Coronavirus | Alert govt. on scarcity of health products says Karnataka HC", "description": "The Chief Justice also indicated to the AAG that the court would take up the issue of non-availability of these essential products when it takes up hearing of a PIL petition related to COVID-19 on March 23.", "url": "https://www.thehindu.com/news/cities/bangalore/coronavirus-alert-govt-on-scarcity-of-health-products-says-karnataka-hc/article31096744.ece", "urlToImage": "https://www.thehindu.com/news/cities/bangalore/o2ua56/article31096743.ece/ALTERNATES/LANDSCAPE_615/BGHIGHCOURT", "publishedAt": "2020-03-18T04:23:48Z", "content": "Chief Justice Abhay Shreeniwas Oka of the Karnataka High Court on Tuesday requested the Advocate-General to take up with the State government the issue of scarcity of thermal sensors, sanitisers, surgical gloves, and face masks in the market while pointing ou\u2026 [+1151 chars]"}, {"source": {"id": "the-hindu", "name": "The Hindu"}, "author": "PTI", "title": "Coronavirus | Delhi HC satisfied with govt\u2019s steps to rescue Indian students in Iran", "description": "The court also noted that authorities have done more than what was expected", "url": "https://www.thehindu.com/news/cities/Delhi/coronavirus-delhi-hc-satisfied-with-govts-steps-to-rescue-indian-students-in-iran/article31098079.ece", "urlToImage": "https://www.thehindu.com/news/cities/Delhi/itiwnn/article31098078.ece/ALTERNATES/LANDSCAPE_615/PTI16-03-2020000192B", "publishedAt": "2020-03-18T09:43:54Z", "content": "The Delhi High Court Wednesday expressed satisfaction over the steps taken by the central government in getting in touch with and bringing back most of the Indian students stranded in Iran in the wake of the coronavirus pandemic.\r\nJustice Navin Chawla was inf\u2026 [+2090 chars]"}, {"source": {"id": "the-hindu", "name": "The Hindu"}, "author": "PTI", "title": "Coronavirus | Government orders CBSE to defer board exams till March 31", "description": "Safety and security of students, teachers and parents is vital, says HRD Secretary", "url": "https://www.thehindu.com/news/national/coronavirus-government-orders-cbse-to-defer-board-exams-till-march-31/article31103574.ece", "urlToImage": "https://www.thehindu.com/news/national/yxh3w7/article31103573.ece/ALTERNATES/LANDSCAPE_615/CBSE", "publishedAt": "2020-03-18T20:59:20Z", "content": "The Ministry of Human Resource Development on Wednesday directed the Central Board of Secondary Education (CBSE) and all educational institutions to postpone examinations till March 31 in view of the COVID-19 outbreak. \r\nWhile maintenance of the academic cale\u2026 [+475 chars]"}, {"source": {"id": "the-hindu", "name": "The Hindu"}, "author": "Aditya Anand", "title": "Coronavirus | Air India pares perks for crew in cost cutting bid", "description": "Air India has announced a slew of cost-cutting measures aimed at the crew and officials including a cut in entertainment allowance for executive pilots, a reduction in layover or subsistence allowance", "url": "https://www.thehindu.com/news/national/coronavirus-air-india-pares-perks-for-crew-in-cost-cutting-bid/article31101998.ece", "urlToImage": "https://www.thehindu.com/static/theme/default/base/img/og-image.jpg", "publishedAt": "2020-03-18T17:34:56Z", "content": "Air India has announced a slew of cost-cutting measures aimed at the crew and officials including a cut in entertainment allowance for executive pilots, a reduction in layover or subsistence allowance and a 10% paring down in fuel reimbursement for all office\u2026 [+1372 chars]"}, {"source": {"id": "the-hindu", "name": "The Hindu"}, "author": "Sports Reporter", "title": "Coronavirus | CCFC\u2019s AFC Cup group games put off", "description": "The AFC Champions League has also been postponed", "url": "https://www.thehindu.com/sport/football/coronavirus-ccfcs-afc-cup-group-games-put-off/article31102681.ece", "urlToImage": "https://www.thehindu.com/sport/football/dh3z5j/article31103093.ece/ALTERNATES/LANDSCAPE_615/TH23CCFC", "publishedAt": "2020-03-18T19:39:11Z", "content": "Chennai City FCs AFC Cup group stage matches have been postponed until further notice due to COVID-19, the Asian Football Confederation (AFC) confirmed on Wednesday.\r\n The AFC Champions League has also been postponed.\r\nChennai City drew its opening game 2-2 a\u2026 [+301 chars]"}, {"source": {"id": "the-hindu", "name": "The Hindu"}, "author": "Ramya Kannan", "title": "Coronavirus | The importance of \u2018contact tracing\u2019", "description": "From the second phase, when local transmission takes place, it is an integral part of fighting the epidemic on the ground", "url": "https://www.thehindu.com/sci-tech/health/coronavirus-the-importance-of-contact-tracing/article31104907.ece", "urlToImage": "https://www.thehindu.com/sci-tech/health/j9nldp/article31104905.ece/ALTERNATES/LANDSCAPE_615/CHENNAIAIRPORT", "publishedAt": "2020-03-18T23:28:49Z", "content": "With the Hyderabad techie reportedly spreading his infection to a large number of people that he came into contact with, the issue of tracing contacts becomes very crucial. \r\nBeginning from the second phase of the epidemic local transmission which Indian Coun\u2026 [+4283 chars]"}, {"source": {"id": "the-hindu", "name": "The Hindu"}, "author": "Vignesh Radhakrishnan, Sumant Sen", "title": "Data | Coronavirus is deadliest for the elderly", "description": "People aged 80 and above are at the highest risk of dying due to COVID-19", "url": "https://www.thehindu.com/data/data-coronavirus-is-deadliest-for-the-elderly/article31103478.ece", "urlToImage": "https://www.thehindu.com/news/international/ikx68v/article31007088.ece/ALTERNATES/LANDSCAPE_615/Coronavirus-China", "publishedAt": "2020-03-18T20:42:09Z", "content": "People aged 80 and above are at the highest risk of dying due to COVID-19, according to case records analysed by the Disease Control and Prevention Centers in China and South Korea. Victims of the virus with pre-existing medical conditions such as cardiovascu\u2026 [+2458 chars]"}, {"source": {"id": "the-hindu", "name": "The Hindu"}, "author": "Special Correspondent", "title": "Coronavirus | Tamil Nadu reports second COVID-19 case", "description": "The 20-year-old patient approached the Rajiv Gandhi Government General Hospital on March 12 with symptoms of fever, cough and sore throat and was admitted to the isolation ward.", "url": "https://www.thehindu.com/news/national/tamil-nadu/coronavirus-second-positive-case-of-covid-19-reported-in-tamil-nadu/article31100689.ece", "urlToImage": "https://www.thehindu.com/news/national/cxtzra/article30685132.ece/ALTERNATES/LANDSCAPE_615/VBK-CORONAVIRUS-CHENNAI-PTI", "publishedAt": "2020-03-18T15:38:29Z", "content": "Tamil Nadu recorded its second positive case of coronavirus disease, COVID-19, on March 18. A 20-year-old youth, who had travelled from Delhi to Chennai in a train, tested positive for COVID-19 and is already in the isolation ward of Rajiv Gandhi Government G\u2026 [+1576 chars]"}, {"source": {"id": "the-hindu", "name": "The Hindu"}, "author": "Staff Reporter", "title": "Coronavirus | Number of COVID-19 cases rise to 11 in Karnataka", "description": "Woman who returned to Bengaluru from Dubai tests positive for COVID-19", "url": "https://www.thehindu.com/news/cities/bangalore/coronavirus-number-of-covid-19-cases-rise-to-11-in-karnataka/article31096789.ece", "urlToImage": "https://www.thehindu.com/news/cities/bangalore/z586wb/article31096785.ece/ALTERNATES/LANDSCAPE_615/17THLTCORONAVIRUS", "publishedAt": "2020-03-18T04:31:20Z", "content": "A 67-year-old woman from Bengaluru tested positive for COVID-19 on Tuesday, taking the number of cases in Karnataka to 11. Health Department officials said the woman had returned to Bengaluru from Dubai via Goa on March 9. \r\nShe has a medical history of chron\u2026 [+1080 chars]"}, {"source": {"id": "the-hindu", "name": "The Hindu"}, "author": "PTI", "title": "Dissent in times of coronavirus: NCPCR seeks report on Shaheen Bagh protest", "description": "The NCPCR wrote to the District Magistrate of South East Delhi to submit a report regarding the assembly of people at the Shaheen Bagh protest site amidst the coronavirus outbreak.", "url": "https://www.thehindu.com/news/cities/Delhi/dissent-in-times-of-coronavirus-ncpcr-seeks-report-on-shaheen-bagh-protest/article31098753.ece", "urlToImage": "https://www.thehindu.com/news/cities/Delhi/co3s63/article31098752.ece/ALTERNATES/LANDSCAPE_615/INDIA-CITIZENSHIPPROTESTS", "publishedAt": "2020-03-18T11:07:49Z", "content": "The National Commission for Protection of Child Rights (NCPCR) on Wednesday wrote to the District Magistrate of South East Delhi to submit a report regarding the assembly of people at the Shaheen Bagh protest site amidst the coronavirus outbreak. In the lette\u2026 [+1467 chars]"}]}