{"status": "ok", "totalResults": 27, "articles": [{"source": {"id": "the-hindu", "name": "The Hindu"}, "author": "PTI", "title": "Coronavirus: 51 samples test negative in Gujarat", "description": "So far, 2,231 travellers who arrived at the airports in Ahmedabad and Surat were screened. Another 1,024 people are under observation in their homes, Commissioner of Health Jai Prakash Shivahare said.", "url": "https://www.thehindu.com/news/national/other-states/coronavirus-51-samples-test-negative-in-gujarat-22k-screened/article31032344.ece", "urlToImage": "https://www.thehindu.com/news/national/other-states/jcjyus/article31032458.ece/ALTERNATES/LANDSCAPE_615/TH10-CORONA", "publishedAt": "2020-03-10T14:17:20Z", "content": "The samples of 51 people tested for novel coronavirus in Gujarat have returned negative, while the report of one person was awaited, a senior health official said on Tuesday.\r\nNo person in Gujarat has so far tested positive for the novel coronavirus, which br\u2026 [+892 chars]"}, {"source": {"id": "the-hindu", "name": "The Hindu"}, "author": "Iboyaima Laithangbam", "title": "Coronavirus: Manipur closes both international gates at border town Moreh", "description": "An order says that all district authorities and security forces have been instructed to close down all entry points.", "url": "https://www.thehindu.com/news/national/other-states/coronavirus-manipur-closes-both-international-gates-at-border-town-moreh/article31030684.ece", "urlToImage": "https://www.thehindu.com/todays-paper/tp-national/tp-newdelhi/iwwskb/article31028892.ece/ALTERNATES/LANDSCAPE_615/Nikhil--CoronaG9R77KEPJ3jpgjpg", "publishedAt": "2020-03-10T09:15:57Z", "content": "The legalised border trade with Myanmar came to a grinding halt from Tuesday as the Manipur government closed both the international gates I and II at Moreh, Manipurs border town. \r\nAn order issued by H. Gyan Prakash, the special secretary (Home), Manipur, sa\u2026 [+1816 chars]"}, {"source": {"id": "the-hindu", "name": "The Hindu"}, "author": "PTI", "title": "Holi celebrations subdued in India amid coronavirus concerns", "description": "While many chose to skip the celebrations altogether, some preferred small gatherings but without colours", "url": "https://www.thehindu.com/news/national/holi-celebrations-subdued-in-india-amid-coronavirus-concerns/article31035438.ece", "urlToImage": "https://www.thehindu.com/news/national/fl2a37/article31035437.ece/ALTERNATES/LANDSCAPE_615/THAVDHOLI", "publishedAt": "2020-03-10T20:02:56Z", "content": "Holi was celebrated in several states across the country on Tuesday amid the coronavirus scare as people exercised caution and avoided mass gatherings.\r\n However, the celebrations turned tragic as at least 27 people, including 13 in Odisha, were killed in Hol\u2026 [+5256 chars]"}, {"source": {"id": "the-hindu", "name": "The Hindu"}, "author": "PTI", "title": "Coronavirus | IAF aircraft brings back 58 Indians from Iran", "description": "The IAF aircraft, a C-17 Globemaster, was sent to Tehran on Monday evening.", "url": "https://www.thehindu.com/news/national/coronavirus-iaf-aircraft-brings-back-58-indians-from-iran/article31029638.ece", "urlToImage": "https://www.thehindu.com/news/national/mrxaed/article31029699.ece/ALTERNATES/LANDSCAPE_615/AIRLIFT", "publishedAt": "2020-03-10T05:06:47Z", "content": "A military transport aircraft of the Indian Air Force (IAF) brought back 58 Indians from coronavirus-hit Iran on Tuesday, officials said.\r\nThe aircraft, a C-17 Globemaster, was sent to Tehran on Monday evening.\r\nAlso read | Explained:\u00a0How is India containing \u2026 [+1464 chars]"}, {"source": {"id": "the-hindu", "name": "The Hindu"}, "author": "PTI", "title": "Coronavirus: 7 people put under home isolation in J&K\u2019s Samba", "description": "At least 669 people are being monitored in Jammu and Kashmir for symptoms of COVID-19, while one patient has tested positive for the disease.", "url": "https://www.thehindu.com/news/national/other-states/coronavirus-7-people-put-under-home-isolation-in-jks-samba/article31032322.ece", "urlToImage": "https://www.thehindu.com/news/national/other-states/xv0jv7/article31032321.ece/ALTERNATES/LANDSCAPE_615/PTI10-03-2020000095A", "publishedAt": "2020-03-10T13:44:28Z", "content": "Four people with travel history to coronavirus-hit countries and three more who had a guest from Italy stay with them have been put under home quarantine in Jammu and Kashmirs Samba district, officials said on Tuesday.\r\nTwo persons each in Vijaypur and Swankh\u2026 [+996 chars]"}, {"source": {"id": "the-hindu", "name": "The Hindu"}, "author": "PTI", "title": "Coronavirus: 7 people put under home isolation in Jammu and Kashmir\u2019s Samba", "description": "At least 669 people are being monitored in Jammu and Kashmir for symptoms of COVID-19, while one patient has tested positive for the disease.", "url": "https://www.thehindu.com/news/national/other-states/coronavirus-7-people-put-under-home-isolation-in-jammu-and-kashmirs-samba/article31032344.ece", "urlToImage": "https://www.thehindu.com/static/theme/default/base/img/og-image.jpg", "publishedAt": "2020-03-10T13:43:30Z", "content": "Four people with travel history to coronavirus-hit countries and three more who had a guest from Italy stay with them have been put under home quarantine in Jammu and Kashmirs Samba district, officials said on Tuesday.\r\n\u00a0 Two persons each in Vijaypur and Swan\u2026 [+957 chars]"}, {"source": {"id": "the-hindu", "name": "The Hindu"}, "author": "PTI", "title": "Coronavirus | Xi Jinping makes first visit to Wuhan city since outbreak", "description": "Chinese President Xi Jinping\u2019s visit comes as Chinese health authority on Tuesday announced 17 new deaths from the coronavirus in the past 24 hours, bringing the overall toll to 3,136", "url": "https://www.thehindu.com/news/international/coronavirus-xi-jinping-makes-first-visit-to-wuhan-city-since-outbreak/article31029444.ece", "urlToImage": "https://www.thehindu.com/business/chkyuk/article30755186.ece/ALTERNATES/LANDSCAPE_615/07THBUCHINA", "publishedAt": "2020-03-10T04:15:16Z", "content": "Chinese President Xi Jinping made his first visit to coronavirus-hit Wuhan city on Tuesday since the virus outbreak amid signs that the epidemic started abating.\r\nHis visit comes as Chinese health authority on Tuesday announced 17 new deaths from the coronavi\u2026 [+1481 chars]"}, {"source": {"id": "the-hindu", "name": "The Hindu"}, "author": "PTI", "title": "Coronavirus: Athawale\u2019s \u2018go corona\u2019 chant video goes viral", "description": "The video was reportedly shot at Gateway of India on February 20 during a prayer session to stop the spread of the COVID-19 in China.", "url": "https://www.thehindu.com/news/national/coronavirus-athawales-go-corona-chant-video-goes-viral/article31031072.ece", "urlToImage": "https://www.thehindu.com/news/national/besu3r/article30947414.ece/ALTERNATES/LANDSCAPE_615/20BMATHAWALE", "publishedAt": "2020-03-10T10:22:27Z", "content": "A video of Union Minister Ramdas Athawale, Chinese Consul General in Mumbai Tang Guocai and Buddhist monks chanting Go corona, go corona at a prayer meet has gone viral on social media.\r\n The video was reportedly shot at Gateway of India on February 20 during\u2026 [+286 chars]"}, {"source": {"id": "the-hindu", "name": "The Hindu"}, "author": "Ashwin Achal", "title": "Indian Premier League 2020 | Coronavirus has KSCA worried", "description": "Association expresses concern over hosting IPL games in Bengaluru", "url": "https://www.thehindu.com/sport/cricket/indian-premier-league-2020-coronavirus-has-ksca-worried/article31033742.ece", "urlToImage": "https://www.thehindu.com/sport/cricket/5yz05m/article30362803.ece/ALTERNATES/LANDSCAPE_615/IPLTROPHY-NKV", "publishedAt": "2020-03-10T16:19:15Z", "content": "The Karnataka State Government expressed concern over the hosting of Indian Premier League (IPL) matches in Bengaluru, in the wake of the coronavirus outbreak.\r\nAlso read: Indian Premier League 2020 full schedule, time and venues\r\nI have written to the Centre\u2026 [+859 chars]"}, {"source": {"id": "the-hindu", "name": "The Hindu"}, "author": "AFP", "title": "Coronavirus | Serie A, all sport in Italy halted", "description": "Italy\u2019s National Olympic Committee (CONI), which has authority over all national sports federations, had recommended \u201csporting activities at all levels\u201d be suspended until April 3 to help contain the Covid-19 outbreak", "url": "https://www.thehindu.com/sport/football/coronavirus-serie-a-all-sport-in-italy-halted/article31029967.ece", "urlToImage": "https://www.thehindu.com/sport/football/xh55bd/article31029965.ece/ALTERNATES/LANDSCAPE_615/SERIAKB", "publishedAt": "2020-03-10T06:28:49Z", "content": "Italian Prime Minister Giuseppe Conte announced the suspension until April 3 of all sporting events in the country, including the top-flight Serie A football league, as Italy grapples with the coronavirus crisis.\r\nThe final Serie A game before government anno\u2026 [+3347 chars]"}, {"source": {"id": "the-hindu", "name": "The Hindu"}, "author": "The Hindu Net Desk", "title": "Coronavirus: Theatres in Kerala to be shut down until March 31, film releases postponed", "description": "The release of Mohanlal\u2019s \u2018Marakkar Lion of the Arabian Sea\u2019 has been postponed, and the fate of April releases \u2018Master\u2019 and \u2018Soorarai Pottru\u2019 hangs in the balance", "url": "https://www.thehindu.com/entertainment/movies/coronavirus-theatres-in-kerala-to-be-shut-down-until-march-31-film-releases-postponed/article31030888.ece", "urlToImage": "https://www.thehindu.com/entertainment/movies/8byvgi/article31030887.ece/ALTERNATES/LANDSCAPE_615/marakkar", "publishedAt": "2020-03-10T09:55:32Z", "content": "After Kerala Chief Minister Pinarayi Vijayan requested earlier today that all movie theaters be shut down in the state till March 31, keeping in mind the larger public good, the producers and distributors in the industry have decided to honour his request.\r\nD\u2026 [+1759 chars]"}, {"source": {"id": "the-hindu", "name": "The Hindu"}, "author": "\u200bSpecial Correspondent\u200b", "title": "Coronavirus: Theatres in Kerala to be shut down until March 16, film releases postponed", "description": "The release of Mohanlal\u2019s \u2018Marakkar Lion of the Arabian Sea\u2019 has been postponed, and the fate of April releases \u2018Master\u2019 and \u2018Soorarai Pottru\u2019 hangs in the balance", "url": "https://www.thehindu.com/entertainment/movies/coronavirus-theatres-in-kerala-to-be-shut-down-until-march-16-film-releases-postponed/article31030888.ece", "urlToImage": "https://www.thehindu.com/entertainment/movies/8byvgi/article31030887.ece/ALTERNATES/LANDSCAPE_615/marakkar", "publishedAt": "2020-03-10T12:15:21Z", "content": "After Kerala Chief Minister Pinarayi Vijayan requested earlier today that all movie theaters be shut down in the state till March 31, keeping in mind the larger public good, the producers and distributors in the industry have decided to honour his request by \u2026 [+2732 chars]"}, {"source": {"id": "the-hindu", "name": "The Hindu"}, "author": "Gautam Sunder", "title": "Coronavirus: How this Singapore illustrator\u2019s comics fight misinformation in the age of COVID-19", "description": "Weiman Kow and her comics have become popular on Instagram with kids \u2014 and adults \u2014 for being a simple, yet effective guide on staying safe during these worrying times", "url": "https://www.thehindu.com/entertainment/coronavirus-how-this-singapore-illustrators-comics-fight-misinformation-in-the-age-of-covid-19/article31031982.ece", "urlToImage": "https://www.thehindu.com/entertainment/mfbc1g/article31031979.ece/ALTERNATES/LANDSCAPE_615/11MPCorona3", "publishedAt": "2020-03-10T12:49:39Z", "content": "WhatsApp forwards ask you to stock up on N95 masks. Your friends are buying immunity-boosting supplements. Office colleagues recommend changing the soap you use. Meanwhile, your mother sends you bottles of nilavembu kashayam.\r\nLife in the age of COVID-19 can \u2026 [+5838 chars]"}, {"source": {"id": "the-hindu", "name": "The Hindu"}, "author": "PTI", "title": "Sindhu, Saina chase glory as All England Championships get underway amid coronavirus outbreak", "description": "Concerned about over COVID-19 fears, seven Indian shuttlers, including former top 10 player H.S. Prannoy and world No. 10 men\u2019s doubles pair of Chirag Shetty and Satwiksairaj Rankireddy have withdrawn from the All England", "url": "https://www.thehindu.com/sport/other-sports/sindhu-saina-chase-glory-as-all-england-championships-get-underway-amid-coronavirus-outbreak/article31030186.ece", "urlToImage": "https://www.thehindu.com/sport/other-sports/hz6ns8/article31030185.ece/ALTERNATES/LANDSCAPE_615/KASHYAPKB", "publishedAt": "2020-03-10T07:21:36Z", "content": "Undeterred by the coronavirus outbreak, Indian shuttlers will continue to chase glory at the All England Championships beginning here on Wednesday, with reigning world champion P.V. Sindhu spearheading the campaign.\r\n The seasons first Super 1000 event witnes\u2026 [+2898 chars]"}, {"source": {"id": "the-hindu", "name": "The Hindu"}, "author": "The Hindu Net Desk", "title": "Coronavirus, live updates | number of confirmed cases in India climbs to 47", "description": "The Government of India has directed the Central Armed Police Forces to prepare quarantine facilities with a bed capacity to admit over 5,400 people", "url": "https://www.thehindu.com/news/national/coronavirus-live-updates-march-10-2020/article31029188.ece", "urlToImage": "https://www.thehindu.com/news/national/4rp8hb/article31029185.ece/ALTERNATES/LANDSCAPE_615/holi-coronajpg", "publishedAt": "2020-03-10T02:47:38Z", "content": "With eight more persons testing positive for COVID-19, the number of confirmed cases in India climbed to 47 on March 9. The Karnataka government announced its first case in the evening and two cases in Maharashtra as per the State Health officials.\r\nExplained\u2026 [+2740 chars]"}, {"source": {"id": "the-hindu", "name": "The Hindu"}, "author": "Atul Aneja", "title": "Analysis: Coronavirus pits Russia, Saudi Arabia and the U.S. \u2014 world\u2019s top energy producers \u2014 in a destructive price war", "description": "It could also be a breakout moment aiding the emergence of a multi-polar world order", "url": "https://www.thehindu.com/news/international/analysis-coronavirus-pits-russia-saudi-arabia-and-the-us-worlds-top-energy-producers-in-a-destructive-price-war/article31032488.ece", "urlToImage": "https://www.thehindu.com/news/international/i6edot/article31032487.ece/ALTERNATES/LANDSCAPE_615/0001PR1Y8", "publishedAt": "2020-03-10T14:09:32Z", "content": "The sudden meltdown of oil prices following the COVID-19 pandemic has pitted Russia, Saudi Arabia and the United States worlds top energy producers in a destructive price war.\r\nAlso read | Federal Reserve cuts key interest rate due to virus risk\r\nIn the end, \u2026 [+5015 chars]"}, {"source": {"id": "the-hindu", "name": "The Hindu"}, "author": "AFP", "title": "Coronavirus | Iran reports 54 new coronavirus deaths, highest one-day toll", "description": "The new deaths bring the number of those killed by the virus in the Islamic republic to 291", "url": "https://www.thehindu.com/news/international/coronavirus-iran-reports-54-new-coronavirus-deaths-highest-one-day-toll/article31031587.ece", "urlToImage": "https://www.thehindu.com/news/international/l2fbar/article31031586.ece/ALTERNATES/LANDSCAPE_615/VIRUSOUTBREAKMIDEASTIRAN", "publishedAt": "2020-03-10T11:45:06Z", "content": "Iran on Tuesday reported 54 deaths from the novel coronavirus in the past 24 hours, the highest single-day toll since the start of the outbreak in the country.\r\nAlso read: Coronavirus | Number of cases hit 34 in India\r\nThe new deaths bring the number of those\u2026 [+296 chars]"}, {"source": {"id": "the-hindu", "name": "The Hindu"}, "author": "PTI", "title": "Coronavirus: Karnataka government plans additional health insurance cover to doctors", "description": "Medical Education Minister Dr. K. Sudhakar said the matter was under discussion and they would come out with an announcement.", "url": "https://www.thehindu.com/news/national/karnataka/coronavirus-karnataka-government-plans-additional-health-insurance-cover-to-doctors/article31031504.ece", "urlToImage": "https://www.thehindu.com/static/theme/default/base/img/og-image.jpg", "publishedAt": "2020-03-10T11:29:39Z", "content": "The Karnataka government is mulling over providing additional health insurance coverage to doctors and paramedics treating the COVID-19 cases and working in the laboratories besides existing schemes, Medical Education Minister Dr. K. Sudhakar said on Tuesday.\u2026 [+1572 chars]"}, {"source": {"id": "the-hindu", "name": "The Hindu"}, "author": "PTI", "title": "Coronavirus | Gujarat Congress postpones March 12 Gandhi Sandesh Yatra", "description": "Starting from Sabarmati Ashram in Ahmedabad, the yatra was supposed to trace the route of Gandhiji\u2019s historic Salt March", "url": "https://www.thehindu.com/news/national/other-states/coronavirus-gujarat-congress-postpones-march-12-gandhi-sandesh-yatra/article31029242.ece", "urlToImage": "https://www.thehindu.com/children/article19185514.ece/ALTERNATES/LANDSCAPE_615/30YTSABARMATI%208", "publishedAt": "2020-03-10T03:12:19Z", "content": "The Gujarat Congress on Monday said it had postponed the 386-kilometre Gandhi Sandesh Yatra aimed at highlighting the current situation of the country through a symbolic Dandi March.\r\nStarting from Sabarmati Ashram in Ahmedabad, the yatra was supposed to trac\u2026 [+1178 chars]"}, {"source": {"id": "the-hindu", "name": "The Hindu"}, "author": "Reuters", "title": "Biden, Sanders consider changing campaign plans amid coronavirus outbreak", "description": "The winner of the Democratic nomination battle will take on Republican President Donald Trump in the Nov. 3 general election.", "url": "https://www.thehindu.com/news/international/biden-sanders-consider-changing-campaign-plans-amid-coronavirus-outbreak/article31030599.ece", "urlToImage": "https://www.thehindu.com/news/international/g3nabk/article31030597.ece/ALTERNATES/LANDSCAPE_615/ELECTION2020BERNIESANDERS1", "publishedAt": "2020-03-10T08:47:32Z", "content": "Democratic presidential candidates Joe Biden and Bernie Sanders on Monday said they were consulting with public health experts about coronavirus risks in planning their next campaign moves, as election officials in upcoming primary states urged people to cons\u2026 [+3938 chars]"}, {"source": {"id": "the-hindu", "name": "The Hindu"}, "author": "Reuters", "title": "Coronavirus: Outbreak set to worsen, says top U.S. health official", "description": "A total of 755 confirmed cases of the SARS-CoV-2 were confirmed nationwide as of Tuesday, according to a tally by Johns Hopkins University", "url": "https://www.thehindu.com/news/international/coronavirus-outbreak-set-to-worsen-says-top-us-health-official/article31033865.ece", "urlToImage": "https://www.thehindu.com/news/international/o5rhb8/article31033864.ece/ALTERNATES/LANDSCAPE_615/US-POLITICS-HEALTH-VIRUS-ADAMS", "publishedAt": "2020-03-10T16:38:08Z", "content": "The COVID-19 outbreak in the U.S. is likely to get worse, the country's top public health official said on Tuesday, and Americans should assess their personal circumstances when deciding whether to cancel travel plans or avoid public gatherings.\r\nThe virus ha\u2026 [+3750 chars]"}, {"source": {"id": "the-hindu", "name": "The Hindu"}, "author": "AP", "title": "Coronavirus | Mother, son safe after 52 hours trapped in collapsed Chinese quarantine hotel", "description": "Video released by rescuers showed the two being pulled from the debris of the hotel that collapsed on Saturday", "url": "https://www.thehindu.com/news/international/mother-son-safe-after-52-hours-trapped-in-china-hotel-rubble/article31031301.ece", "urlToImage": "https://www.thehindu.com/news/international/8mzyvn/article31031299.ece/ALTERNATES/LANDSCAPE_615/10THLTVIRUSOUTBREAKCHINAHOTELCOLLAPSE", "publishedAt": "2020-03-10T11:01:59Z", "content": "A 10-year-old boy and his mother have been rescued 52 hours after being trapped in the collapse of a virus quarantine site in southeastern China where 20 people have died. \r\nVideo released by rescuers showed the two being pulled from the debris of the hotel t\u2026 [+2050 chars]"}, {"source": {"id": "the-hindu", "name": "The Hindu"}, "author": "Reuters", "title": "Coronavirus | South Korea reports 35 new COVID-19 cases, total at 7,513", "description": "The death toll rose by three to 54, the Korea Centers for Disease Control and Prevention said.", "url": "https://www.thehindu.com/news/international/coronavirus-south-korea-reports-35-new-covid-19-cases-total-at-7513/article31029131.ece", "urlToImage": "https://www.thehindu.com/news/international/api8ul/article31029150.ece/ALTERNATES/LANDSCAPE_615/SOUTHKOREACORONAVIRUS", "publishedAt": "2020-03-10T02:10:09Z", "content": "South Korea reported 35 new COVID-19 cases on Tuesday, bringing total infections in Asia's biggest coronavirus outbreak outside mainland China to 7,513.\r\nThe death toll rose by three to 54, the Korea Centers for Disease Control and Prevention said. The number\u2026 [+488 chars]"}, {"source": {"id": "the-hindu", "name": "The Hindu"}, "author": "Shoumojit BanerjeePune", "title": "Pune Coronavirus case: Kin of couple who tested positive, cab driver in isolation", "description": "District administration tracking down 40 others who travelled with the couple in Dubai", "url": "https://www.thehindu.com/news/national/other-states/pune-coronavirus-case-kin-of-couple-who-tested-positive-cab-driver-in-isolation/article31031624.ece", "urlToImage": "https://www.thehindu.com/news/national/other-states/37lvc4/article31031623.ece/ALTERNATES/LANDSCAPE_615/PUNEKB", "publishedAt": "2020-03-10T11:43:30Z", "content": "Three family members of the Pune couple and the Ola cab driver who ferried them from the Mumbai airport to Pune on their return from Dubai on March 1 have been placed in isolation in the Naidu Hospital here due to suspected exposure to COVID-19, said authorit\u2026 [+2114 chars]"}, {"source": {"id": "the-hindu", "name": "The Hindu"}, "author": "AP", "title": "Coronavirus: Iran says new virus kills 54, death toll climbs to 291", "description": "Iran is the hardest-hit country in the Middle East by the new virus, which sickens but largely doesn\u2019t kill those afflicted", "url": "https://www.thehindu.com/news/international/coronavirus-iran-says-new-virus-kills-54-death-toll-climbs-to-291/article31031495.ece", "urlToImage": "https://www.thehindu.com/news/international/olaq1i/article31031494.ece/ALTERNATES/LANDSCAPE_615/VIRUSOUTBREAKMIDEASTIRAN", "publishedAt": "2020-03-10T11:29:15Z", "content": "Iran said on Tuesday that COVID-19 killed 54 more people, raising the death toll to 291 amid 8,042 cases in the Islamic Republic. \r\nIran is the hardest-hit country in the Mideast by the new virus, which sickens but largely doesnt kill those afflicted. \r\nElsew\u2026 [+1625 chars]"}, {"source": {"id": "the-hindu", "name": "The Hindu"}, "author": "AFP", "title": "Coronavirus | Sports events hit worldwide by outbreak of COVID-19", "description": "Santosh Trophy \u2014 AIFF postpones final round", "url": "https://www.thehindu.com/sport/other-sports/coronavirus-sports-events-hit-worldwide-by-outbreak-of-covid-19/article31033611.ece", "urlToImage": "https://www.thehindu.com/sport/other-sports/xydy9k/article31033626.ece/ALTERNATES/LANDSCAPE_615/NKV-Bahrain-Coronavirus", "publishedAt": "2020-03-10T16:04:10Z", "content": "The final round of the Hero Santosh Trophy 2019-20, scheduled to be played in Aizawl, has been postponed in wake of the novel coronavirus outbreak. This comes after an health advisory issued by the government with regards to the Covid-19 outbreak.\r\nLockdown i\u2026 [+1772 chars]"}, {"source": {"id": "the-hindu", "name": "The Hindu"}, "author": "Reuters", "title": "Coronavirus | La Liga to be played behind doors for at least two weeks", "description": "Barcelona has also said its Champions League clash with Napoli next week will be played behind closed doors", "url": "https://www.thehindu.com/sport/football/coronavirus-la-liga-to-be-played-behind-doors-for-at-least-two-weeks/article31031720.ece", "urlToImage": "https://www.thehindu.com/sport/football/6jx0ma/article31031719.ece/ALTERNATES/LANDSCAPE_615/SOCCER-SPAIN-FCB-SOCREPORT", "publishedAt": "2020-03-10T12:09:27Z", "content": "La Liga matches will be played without fans for at least the next two rounds of fixtures to try and stop the spread of the coronavirus, the Spanish league said on Tuesday.\r\nBarcelona has also said its Champions League clash with Napoli next week will be playe\u2026 [+347 chars]"}]}