{"status": "ok", "totalResults": 21, "articles": [{"source": {"id": "the-hindu", "name": "The Hindu"}, "author": "Suhasini Haidar", "title": "Coronavirus, CAA put a pause on high-level visits", "description": "PM Modi\u2019s visit to Dhaka on March 17 is under way despite concerns over security", "url": "https://www.thehindu.com/news/national/coronavirus-caa-put-a-pause-on-high-level-visits/article31010485.ece", "urlToImage": "https://www.thehindu.com/news/national/eb0mi/article30453925.ece/ALTERNATES/LANDSCAPE_615/2TH-MODIMODI", "publishedAt": "2020-03-07T15:22:21Z", "content": "Planning for Prime Minister Narendra Modis visit to Dhaka on March 17 is under way without any changes, said officials, despite concerns over security after several Islamist groups threatened major protests over the Citizenship (Amendment) Act and the Delhi v\u2026 [+3172 chars]"}, {"source": {"id": "the-hindu", "name": "The Hindu"}, "author": "Special Correspondent", "title": "Coronavirus threat: Karnataka govt. to suspend biometric attendance temporarily", "description": "Karnataka Minister for Medical Education K. Sudhakar said many IT companies have already suspended the biometric attendance system in a bid to prevent the spread of the coronavirus.", "url": "https://www.thehindu.com/news/national/karnataka/coronavirus-threat-karnataka-govt-to-suspend-biometric-attendance-temporarily/article31008305.ece", "urlToImage": "https://www.thehindu.com/news/cities/bangalore/5ejaxv/article31007210.ece/ALTERNATES/LANDSCAPE_615/07BGCORONAVIRUSESCOVID-19", "publishedAt": "2020-03-07T10:01:17Z", "content": "Minister for Medical Education K.Sudhakar said here on Saturday that the State Government may consider suspending the touch-based biometric time and attendance system for its employees in view of the coronavirus threat.\r\nSpeaking to media persons while inspec\u2026 [+1328 chars]"}, {"source": {"id": "the-hindu", "name": "The Hindu"}, "author": "The Hindu Net Desk", "title": "Coronavirus | Live updates: China, Italy report more COVID-19 deaths", "description": "In India, 31 people have been reported positive for COVID-19.", "url": "https://www.thehindu.com/news/national/covid-19-novel-coronavirus-live-updates-march-7-2020/article31007093.ece", "urlToImage": "https://www.thehindu.com/news/national/aauh00/article31007092.ece/ALTERNATES/LANDSCAPE_615/China-Coronavirus", "publishedAt": "2020-03-07T02:22:58Z", "content": "More than 100,300 people have been infected globally by coronavirus, according to a Reuters tally based on statements from health ministries and government officials. Mainland China has seen more than 3,000 deaths, but the novel coronavirus is now spreading f\u2026 [+6791 chars]"}, {"source": {"id": "the-hindu", "name": "The Hindu"}, "author": "AFP", "title": "Coronavirus outbreak: Iranian lawmaker dead, country\u2019s toll rises to 145", "description": "Health Ministry spokesman Kianoush Jahanpour announced 1,076 additional cases had been confirmed in the past 24 hours, bringing the overall tolls to 145 dead and 5,823 infected.", "url": "https://www.thehindu.com/news/international/coronavirus-outbreak-iranian-lawmaker-dead-countrys-toll-rises-to-145/article31011349.ece", "urlToImage": "https://www.thehindu.com/news/international/z3w0ar/article30956508.ece/ALTERNATES/LANDSCAPE_615/IRAN-COVID19", "publishedAt": "2020-03-07T17:50:13Z", "content": "The death toll from COVID-19 in Iran continued to rise on Saturday with 21 more people killed, including a politician who became the eighth official to succumb to the disease. Health Ministry spokesman Kianoush Jahanpour announced 1,076 additional cases had b\u2026 [+1776 chars]"}, {"source": {"id": "the-hindu", "name": "The Hindu"}, "author": "PTI", "title": "Coronavirus | Kuwait suspends flights from India, six other countries", "description": "\u2018The suspension is part of measures taken to stem spreading of coronavirus\u2019", "url": "https://www.thehindu.com/news/international/coronavirus-kuwait-suspends-flights-from-india-six-other-countries/article31009508.ece", "urlToImage": "https://www.thehindu.com/news/international/clrf9w/article31009507.ece/ALTERNATES/LANDSCAPE_615/KUWAIT-HEALTH-VIRUS", "publishedAt": "2020-03-07T13:30:06Z", "content": "Kuwait on Saturday suspended operations of all flights to and from India and six other countries in the wake of the coronavirus outbreak.\r\nThe General Administration of Civil Administration has issued a circular to airlines operating at Kuwait International A\u2026 [+616 chars]"}, {"source": {"id": "the-hindu", "name": "The Hindu"}, "author": "PTI", "title": "Coronavirus | IndiGo waives cancellation, rescheduling charges on bookings till March 31", "description": "The cancellation fee has been waived off on existing and new domestic and international bookings made between March 12 and March 31, IndiGo said in a statement.", "url": "https://www.thehindu.com/news/national/coronavirus-indigo-waives-cancellation-rescheduling-charges-on-bookings-till-march-31/article31008477.ece", "urlToImage": "https://www.thehindu.com/news/national/dy81fx/article30783607.ece/ALTERNATES/LANDSCAPE_615/INDIGO", "publishedAt": "2020-03-07T10:40:08Z", "content": "Budget carrier IndiGo on Saturday announced waiving of cancellation and rescheduling charges on flight bookings till March 31 due to the situation arising out of the coronavirus outbreak. The cancellation fee has been waived off on existing and new domestic a\u2026 [+1264 chars]"}, {"source": {"id": "the-hindu", "name": "The Hindu"}, "author": "Reuters", "title": "Coronavirus | 70 trapped in collapsed Chinese quarantine hotel", "description": "The accident happened around 7.30 p.m. local time", "url": "https://www.thehindu.com/news/international/coronavirus-70-trapped-in-collapsed-chinese-quarantine-hotel/article31010350.ece", "urlToImage": "https://www.thehindu.com/static/theme/default/base/img/og-image.jpg", "publishedAt": "2020-03-07T15:01:28Z", "content": "About 70 people were trapped on Saturday after a hotel being used for coronavirus quarantine collapsed in the Chinese city of Quanzhou in Fujian Province, the city's authority said on its website.\r\nVideo posted online showed orange-clad rescue workers clamber\u2026 [+965 chars]"}, {"source": {"id": "the-hindu", "name": "The Hindu"}, "author": "PTI", "title": "52 labs made functional across India for coronavirus testing", "description": "As of March 6, a total of 4,058 samples from 3,404 individuals have been tested by the network.", "url": "https://www.thehindu.com/news/national/52-labs-made-functional-across-india-for-coronavirus-testing/article31008011.ece", "urlToImage": "https://www.thehindu.com/news/cities/mumbai/bzblo0/article31005321.ece/ALTERNATES/LANDSCAPE_615/08BMCORONAVIRUS", "publishedAt": "2020-03-07T09:12:13Z", "content": "In the wake of 31 confirmed cases of coronavirus in India so far, the Union Health Ministry has made functional 52 laboratories for testing samples while 57 labs have been designated for helping in sample collection for COVID-19 to enhance capacity for diagno\u2026 [+4012 chars]"}, {"source": {"id": "the-hindu", "name": "The Hindu"}, "author": "PTI", "title": "Coronavirus | IndiGo waives rescheduling fee for bookings till March 31", "description": "The fee waiver would only apply to change of dates of flights but not in case of cancellation.", "url": "https://www.thehindu.com/news/national/coronavirus-indigo-waives-rescheduling-fee-for-bookings-till-march-31/article31008477.ece", "urlToImage": "https://www.thehindu.com/news/national/dy81fx/article30783607.ece/ALTERNATES/LANDSCAPE_615/INDIGO", "publishedAt": "2020-03-07T12:53:08Z", "content": "Budget carrier IndiGo on Saturday said it will not charge any fee for rescheduling of domestic and international flights booked for March 12-31, amid coronavirus scare.\r\nThere would also be zero change fee for fresh bookings made between March 12 and 31, the \u2026 [+1215 chars]"}, {"source": {"id": "the-hindu", "name": "The Hindu"}, "author": "PTI", "title": "Coronavirus: Overall risk to U.S. public from COVID-19 remains low, says Donald Trump", "description": "According to Johns Hopkins Coronavirus tracker at least 299 cases of coronavirus have been detected in the U.S.", "url": "https://www.thehindu.com/news/international/coronavirus-overall-risk-to-us-public-from-covid-19-remains-low-says-donald-trump/article31007112.ece", "urlToImage": "https://www.thehindu.com/news/international/wpn5pq/article31007111.ece/ALTERNATES/LANDSCAPE_615/DONALDTRUMP", "publishedAt": "2020-03-07T02:27:10Z", "content": "US President Donald Trump has said the overall risk to the American public from deadly COVID-19 remains low.\r\nI think at this point, the overall risk to the American public does remain low, Mr. Trump told reporters on Friday after he visited Centre for Diseas\u2026 [+2289 chars]"}, {"source": {"id": "the-hindu", "name": "The Hindu"}, "author": "The Hindu Net Desk", "title": "Top news of the day: Number of coronavirus cases in India rises to 34, Uddhav Thackeray offers \u20b91 crore for Ram temple in Ayodhya, and more", "description": "The major news headlines of the day, and more.", "url": "https://www.thehindu.com/news/top-news-of-march-7-2020-number-of-coronavirus-cases-in-india-rises-to-34-uddhav-thackeray-offers-1-crore-for-ram-temple-in-ayodhya-and-more/article31010155.ece", "urlToImage": "https://www.thehindu.com/news/v7jk9n/article31010153.ece/ALTERNATES/LANDSCAPE_615/HEALTH-CORONAVIRUSSOUTHKOREA-DAEGU", "publishedAt": "2020-03-07T14:25:04Z", "content": "Two persons from Ladakh with travel history to Iran and one from Tamil Nadu who visited Oman test positive. | Kuwait suspends flights from India, six other countries | Updates | Full coverage\r\n India has finally shared two whole genome sequence data of the no\u2026 [+3019 chars]"}, {"source": {"id": "the-hindu", "name": "The Hindu"}, "author": "AFP", "title": "Italy coronavirus toll tops 230, cases near 6,000", "description": "Italy has recorded the most deaths of any country outside China and the third-most COVID-19 infections after China and South Korea", "url": "https://www.thehindu.com/news/international/italy-coronavirus-toll-tops-230-cases-near-6000/article31011571.ece", "urlToImage": "https://www.thehindu.com/news/international/plrf60/article31011570.ece/ALTERNATES/LANDSCAPE_615/HEALTH-CORONAVIRUSITALY", "publishedAt": "2020-03-07T18:19:02Z", "content": "from COVID-19 rose by 36 to 233 on Saturday while the number of infections shot up by a single-day record of 1,247 to hit 5,883.\r\nItaly has recorded the most deaths of any country outside China and the third-most COVID-19 infections after China and South Kore\u2026 [+979 chars]"}, {"source": {"id": "the-hindu", "name": "The Hindu"}, "author": "Staff Reporter", "title": "Coronavirus | Odisha govt. decides to conduct daily reviews", "description": "Educational institutions to be sanitised", "url": "https://www.thehindu.com/news/national/other-states/coronavirus-odisha-govt-decides-to-conduct-daily-reviews/article31011106.ece", "urlToImage": "https://www.thehindu.com/news/national/other-states/brhpbd/article31011105.ece/ALTERNATES/LANDSCAPE_615/07THPTICOVID19", "publishedAt": "2020-03-07T17:16:50Z", "content": "Though Odisha has not reported any COVID-19 case so far, the State government has announced a review of the emerging situation by the Chief Secretary and Collectors on a daily basis.\r\nThe government has restricted foreign travel by all Ministers and relaxed b\u2026 [+949 chars]"}, {"source": {"id": "the-hindu", "name": "The Hindu"}, "author": "Abdul Latheef Naha", "title": "Coronavirus | Kuwait imposes travel ban on seven countries, including India", "description": "Air India Express cancels its flight to country", "url": "https://www.thehindu.com/news/national/kerala/coronavirus-kuwait-imposes-travel-ban-on-seven-countries-including-india/article31007542.ece", "urlToImage": "https://www.thehindu.com/news/national/tamil-nadu/m0fxpb/article30808269.ece/ALTERNATES/LANDSCAPE_615/AIEXPRESS", "publishedAt": "2020-03-07T06:52:33Z", "content": "Passengers heading for Kuwait from Calicut International Airport at Karipur were sent back home on Saturday morning when Kuwait imposed a travel ban on seven countries, including India, because of coronavirus scare.\r\nAir India Express cancelled its flight to \u2026 [+745 chars]"}, {"source": {"id": "the-hindu", "name": "The Hindu"}, "author": "PTI", "title": "Coronavirus | Flight brings swabs of Indians from Iran", "description": "Official sources said the swabs would be taken to the National Institute of Virology (NIV), Pune, for tests.", "url": "https://www.thehindu.com/news/national/coronavirus-flight-brings-swabs-of-indians-from-iran/article31008620.ece", "urlToImage": "https://www.thehindu.com/news/international/l21lyb/article30799115.ece/ALTERNATES/LANDSCAPE_615/RUSSIACHINAOUTBREAK", "publishedAt": "2020-03-07T11:02:28Z", "content": "A flight from Tehran on Saturday brought to the national capital swab samples of Indians in Iran who are suspected of having coronavirus infection, an airport official said.\r\nThe flight, operated by Mahan Air, returned with many Iranian nationals at around 10\u2026 [+1344 chars]"}, {"source": {"id": "the-hindu", "name": "The Hindu"}, "author": "Bindu Shajan Perappadan", "title": "Coronavirus | How is India containing COVID-19?", "description": "Are there enough testing facilities in the country? What happens when a person tests positive?", "url": "https://www.thehindu.com/sci-tech/health/coronavirus-how-is-india-containing-covid-19/article31010959.ece", "urlToImage": "https://www.thehindu.com/sci-tech/health/mngzml/article31010958.ece/ALTERNATES/LANDSCAPE_615/08THSCREENING1", "publishedAt": "2020-03-07T19:23:01Z", "content": "The story so far: On March 8, Indias Health Ministry said the total number of the highly contagious coronavirus disease (COVID-19) cases in the country had risen to 34. In December 2019, the World Health Organisation (WHO) had declared an outbreak of the febr\u2026 [+8950 chars]"}, {"source": {"id": "the-hindu", "name": "The Hindu"}, "author": "PTI", "title": "AIFF confirms postponement of India's World Cup qualifier against Qatar due to coronavirus threat", "description": "A new date will be announced next week", "url": "https://www.thehindu.com/sport/football/aiff-confirms-postponement-of-indias-world-cup-qualifier-against-qatar-due-to-coronavirus-threat/article31008990.ece", "urlToImage": "https://www.thehindu.com/sport/football/an16pp/article31008989.ece/ALTERNATES/LANDSCAPE_615/HEROINTERCONTINENTALCUP2018", "publishedAt": "2020-03-07T12:00:54Z", "content": "Coronovirus continue to wreak havoc with sporting events as Indias 2022 FIFA World Cup qualifiers match against Qatar scheduled for March 26 has now been postponed due to the spread of the deadly virus.\r\n All India Football Federation (AIFF) General Secretary\u2026 [+2139 chars]"}, {"source": {"id": "the-hindu", "name": "The Hindu"}, "author": "IANS", "title": "Tech giants shut offices as coronavirus hits employees", "description": "Facebook has shut its three London offices till Monday after an employee was diagnosed with COVID-19, while Twitter Twitter shut its Seattle office for a \u2018deep clean\u2019", "url": "https://www.thehindu.com/sci-tech/technology/tech-giants-shut-offices-as-coronavirus-hits-employees/article31007984.ece", "urlToImage": "https://www.thehindu.com/sci-tech/technology/71qww5/article31007983.ece/ALTERNATES/LANDSCAPE_615/07NETCORONA1", "publishedAt": "2020-03-07T08:56:18Z", "content": "Panic gripped big tech firms like Facebook and Twitter which decided to close their offices from Seattle to London as more employees tested positive for the new coronavirus.\r\nFacebook shut its three London offices till Monday after an employee was diagnosed w\u2026 [+2372 chars]"}, {"source": {"id": "the-hindu", "name": "The Hindu"}, "author": "Special Correspondent", "title": "Coronavirus | Number of cases hit 34 in India", "description": "First cases confirmed from Tamil Nadu and Ladakh.", "url": "https://www.thehindu.com/sci-tech/health/coronavirus-number-of-cases-hit-34-in-india/article31011046.ece", "urlToImage": "https://www.thehindu.com/sci-tech/health/tj8l7c/article31011045.ece/ALTERNATES/LANDSCAPE_615/Coronavirus-masks", "publishedAt": "2020-03-07T17:07:24Z", "content": "Three more cases of COVID-19 were confirmed on Saturday two from Ladakh and one from Tamil Nadu taking the total number of cases in the country to 34. \r\nTwo cases have been reported from Ladakh with travel history to Iran while one case has come in from Tamil\u2026 [+4451 chars]"}, {"source": {"id": "the-hindu", "name": "The Hindu"}, "author": "R. Prasad", "title": "Coronavirus | India shares two SARS-CoV-2 genome sequences", "description": "The two sequences were shared by the Pune-based National Institute of Virology", "url": "https://www.thehindu.com/sci-tech/science/coronavirus-india-shares-two-sars-cov-2-genome-sequences/article31007227.ece", "urlToImage": "https://www.thehindu.com/sci-tech/science/ksp8jd/article31007226.ece/ALTERNATES/LANDSCAPE_615/CORONAVIRUS", "publishedAt": "2020-03-07T04:58:01Z", "content": "India has finally shared two whole genome sequence data of the novel coronavirus (SARS-CoV-2)with the Global Initiative on Sharing All Influenza Data (GISAID).\r\nThe two sequences were shared by the Pune-based National Institute of Virology. This news comes af\u2026 [+2087 chars]"}, {"source": {"id": "the-hindu", "name": "The Hindu"}, "author": "Serish Nanisetti", "title": "Coronavirus threatens to take the colour off Holi celebrations", "description": "Wholesale dealers complain that stocks have not been picked up by retailers yet", "url": "https://www.thehindu.com/news/cities/Hyderabad/coronavirus-threatens-to-take-the-colour-off-holi-celebrations/article31011162.ece", "urlToImage": "https://www.thehindu.com/news/cities/Hyderabad/45goml/article31011161.ece/ALTERNATES/LANDSCAPE_615/HY08HOLI", "publishedAt": "2020-03-07T17:20:57Z", "content": "The widespread scare of coronavirus has taken a toll on the business of Holi festival, to be celebrated on Tuesday. \r\nBusiness is down by 30-40%. The stocks have not moved at all over the past few days, says Harikishan Karwa, a wholesale dealer of Holi colour\u2026 [+2187 chars]"}]}