{"status": "ok", "totalResults": 19, "articles": [{"source": {"id": "the-hindu", "name": "The Hindu"}, "author": "Reuters", "title": "Coronavirus jump | Italy poised to lock down Lombardy", "description": "The new rules include telling people not to enter or leave Lombardy, which is home to some 10 million people, as well as 11 provinces in four of Italy's 19 other regions, according to a draft decree seen by Reuters.", "url": "https://www.thehindu.com/news/international/coronavirus-jump-italy-poised-to-lock-down-lombardy/article31014138.ece", "urlToImage": "https://www.thehindu.com/news/international/rha4uy/article31014137.ece/ALTERNATES/LANDSCAPE_615/LOMBARDY", "publishedAt": "2020-03-08T02:53:38Z", "content": "Italy is set to impose a virtual lockdown on its wealthiest and most populous region, which includes the financial capital Milan, as part of tough new measures to try to contain the coronavirus outbreak.\r\nThe new rules include telling people not to enter or l\u2026 [+3559 chars]"}, {"source": {"id": "the-hindu", "name": "The Hindu"}, "author": "Agence France-Presse", "title": "Coronavirus | Saudi Arabia cordons off Shiite-majority region", "description": "Saudi Arabia has expressed alarm over the spread of the disease across the Gulf region, which has confirmed more than 230 COVID-19 cases", "url": "https://www.thehindu.com/news/international/coronavirus-saudi-arabia-cordons-off-shiite-majority-region/article31017018.ece", "urlToImage": "https://www.thehindu.com/static/theme/default/base/img/og-image.jpg", "publishedAt": "2020-03-08T17:21:33Z", "content": "Saudi Arabian authorities have cordoned off the eastern Qatif region, a stronghold of the Kingdoms Shiite minority, in a bid to contain the fast-spreading coronavirus, the Interior Ministry said on Sunday.\r\nGiven that all 11 recorded positive cases of the new\u2026 [+637 chars]"}, {"source": {"id": "the-hindu", "name": "The Hindu"}, "author": "Special Correspondent", "title": "Coronavirus | Arunachal Pradesh bans entry of foreign tourists", "description": "Decision comes after Bhutan\u2019s alert about the COVID-19-infected tourist who had travelled to Assam", "url": "https://www.thehindu.com/news/national/arunachal-bans-entry-of-foreign-tourists/article31016616.ece", "urlToImage": "https://www.thehindu.com/news/blg7sw/article31016630.ece/ALTERNATES/LANDSCAPE_615/TH08AMRITSAR", "publishedAt": "2020-03-08T15:55:20Z", "content": "After Sikkim, the Arunachal Pradesh government has decided to ban entry of foreign tourists in order to eliminate any possibility of the COVID-19 outbreak in the State.\r\n\u00a0The move follows the Bhutan governments alert about a 76-year-old U.S. citizen who teste\u2026 [+1790 chars]"}, {"source": {"id": "the-hindu", "name": "The Hindu"}, "author": "AFP", "title": "Coronavirus | WHO praises Italy\u2019s \u2018genuine sacrifices\u2019 to slow virus", "description": "The government has put a quarter of the population under lockdown to try to halt the spread of the novel coronavirus.", "url": "https://www.thehindu.com/news/international/coronavirus-who-praises-italys-genuine-sacrifices-to-slow-virus/article31015407.ece", "urlToImage": "https://www.thehindu.com/news/international/41kydc/article31015406.ece/ALTERNATES/LANDSCAPE_615/ITALY-HEALTH-VIRUS", "publishedAt": "2020-03-08T12:13:40Z", "content": "The World Health Organization on Sunday saluted Italys genuine sacrifices after the government put a quarter of the population under lockdown to try to halt the spread of the novel coronavirus.\r\nThe government &amp; the people of Italy are taking bold, courag\u2026 [+427 chars]"}, {"source": {"id": "the-hindu", "name": "The Hindu"}, "author": "AFP", "title": "Coronavirus | Iran reports 49 new deaths, highest single-day toll", "description": "The new count brings the number of those killed by the virus in the country since mid-February to 194", "url": "https://www.thehindu.com/news/international/coronavirus-iran-reports-49-new-deaths-highest-single-day-toll/article31015237.ece", "urlToImage": "https://www.thehindu.com/news/international/4mojr8/article31015236.ece/ALTERNATES/LANDSCAPE_615/VIRUSOUTBREAKMIDEASTIRAN", "publishedAt": "2020-03-08T11:25:19Z", "content": "Irans Health Ministry on Sunday reported 49 new deaths from the novel coronavirus, the highest toll within 24 hours since the start of the outbreak in the Islamic republic.\r\nAlso read: Coronavirus | China reports 27 new virus deaths, lowest rise in cases sinc\u2026 [+314 chars]"}, {"source": {"id": "the-hindu", "name": "The Hindu"}, "author": "Radhakrishnan Kuttoor", "title": "Coronavirus | Five more people from Kerala test positive for COVID-19", "description": "With this, the total number of COVID-19 positive cases rises to 39.", "url": "https://www.thehindu.com/news/national/kerala/coronavirus-five-more-people-from-kerala-test-positive-for-covid-19/article31014406.ece", "urlToImage": "https://www.thehindu.com/news/national/kerala/pn81ns/article31014405.ece/ALTERNATES/LANDSCAPE_615/CORONAVIRUS1", "publishedAt": "2020-03-08T06:03:25Z", "content": "Five persons from Ranni in Pathanamthitta have been admitted to Pathanamthitta General Hospital with fever and symptoms of COVID-19 infection.\r\nCovid-19: full coverage\r\nWith this, the total number of COVID-19 positive cases rises to 39.\r\nAccording to DMO, A.L\u2026 [+348 chars]"}, {"source": {"id": "the-hindu", "name": "The Hindu"}, "author": "AFP", "title": "Coronavirus | China reports 27 new virus deaths, lowest rise in cases since January", "description": "The number of COVID-19 cases has risen worldwide to more than 100,000, with 3,500 dead across 95 nations and territories.", "url": "https://www.thehindu.com/news/international/coronavirus-china-reports-27-new-virus-deaths-lowest-rise-in-cases-since-january/article31014010.ece", "urlToImage": "https://www.thehindu.com/news/international/cem63a/article31014009.ece/ALTERNATES/LANDSCAPE_615/CHINA-CORONAVIRUS", "publishedAt": "2020-03-08T02:09:53Z", "content": "China on Sunday reported its lowest number of new coronavirus infections since January, with nearly all the 44 new cases in the outbreak epicentre Wuhan.\r\nInteractive graphic of coronavirus spread from Reuters\r\nThere were 27 new deaths from the virus, all in \u2026 [+1223 chars]"}, {"source": {"id": "the-hindu", "name": "The Hindu"}, "author": "Staff Reporter", "title": "Coronavirus: Baseless rumours being spread linking broiler chicken with infection, says T.N. Minister", "description": "Department of Health and Family Welfare has issued a clarification in the matter, says Minister for Animal Husbandry Udumalai K. Radhakrishnan in Tiruppur", "url": "https://www.thehindu.com/news/national/tamil-nadu/coronavirus-baseless-rumours-being-spread-linking-broiler-chicken-with-infection-says-tn-minister/article31014553.ece", "urlToImage": "https://www.thehindu.com/news/national/tamil-nadu/a13dqn/article30005989.ece/ALTERNATES/LANDSCAPE_615/18NOVTH--UDUMALAI", "publishedAt": "2020-03-08T07:36:22Z", "content": "Baseless rumours were being spread in Tamil Nadu linking broiler chicken and COVID-19, Minister for Animal Husbandry Udumalai K. Radhakrishnan said here on Sunday.\r\nThe Minister participated in a programme (kaalkol vizha) ahead of foundation stone laying for \u2026 [+875 chars]"}, {"source": {"id": "the-hindu", "name": "The Hindu"}, "author": "Jaideep Deo Bhanj", "title": "Coronavirus: healthy people need not wear masks, says Delhi CM Kejriwal", "description": "Masks and hand sanitisers only give a false sense of security. There is no substitute for frequent handwashing, he says", "url": "https://www.thehindu.com/news/cities/Delhi/coronavirus-healthy-people-need-not-wear-masks-says-delhi-cm-kejriwal/article31014837.ece", "urlToImage": "https://www.thehindu.com/news/cities/Delhi/jc8cwi/article31014836.ece/ALTERNATES/LANDSCAPE_615/kejriwal", "publishedAt": "2020-03-08T09:06:23Z", "content": "Delhi Chief Minister Arvind Kejriwal on Sunday said that healthy people in the Capital need not wear a mask to protect themselves from COVID-19.\r\nPeople tended to constantly adjust their masks and touch their face, thereby increasing the risk of infection in \u2026 [+973 chars]"}, {"source": {"id": "the-hindu", "name": "The Hindu"}, "author": "AFP", "title": "Coronavirus | Donald Trump refuses to halt campaign rallies as cases surge", "description": "\"We will have tremendous rallies and we\u2019re doing very well, and we\u2019ve done a fantastic job with respect to that subject,\" the U.S. President said", "url": "https://www.thehindu.com/news/international/coronavirus-donald-trump-refuses-to-halt-campaign-rallies-as-cases-surge/article31017050.ece", "urlToImage": "https://www.thehindu.com/news/international/5df7sq/article31006260.ece/ALTERNATES/LANDSCAPE_615/TRUMPSEVEREWEATHERTENNESSEE", "publishedAt": "2020-03-08T17:28:48Z", "content": "U.S. President Donald Trump signalled on Saturday that he has no intention of halting campaign rallies despite surging COVID-19 cases.\r\nWe will have tremendous rallies and were doing very well, and weve done a fantastic job with respect to that subject, Mr. T\u2026 [+617 chars]"}, {"source": {"id": "the-hindu", "name": "The Hindu"}, "author": "Reuters", "title": "Motor racing | Bahrain F1 race to be held without fans due to coronavirus", "description": "Bahrain is the second F1 race casualty of the virus", "url": "https://www.thehindu.com/sport/motorsport/motor-racing-bahrain-f1-race-to-be-held-without-fans-due-to-coronavirus/article31015729.ece", "urlToImage": "https://www.thehindu.com/sport/motorsport/w2sj4b/article31015728.ece/ALTERNATES/LANDSCAPE_615/FILES-AUTO-F1-PRIX-BAHRAIN", "publishedAt": "2020-03-08T13:20:25Z", "content": "The Bahrain Formula One Grand Prix will go ahead on March 22 without fans due to the coronavirus crisis, a blow to the Gulf Arab state's important tourism sector.\r\nBahrain, which is hosting the second round of the Formula One season at the Sakhir circuit outs\u2026 [+3331 chars]"}, {"source": {"id": "the-hindu", "name": "The Hindu"}, "author": "PTI", "title": "Coronavirus: 3 quarantined in Indore, 19 test negative", "description": "Indore District Chief Medical and Health Officer Dr Praveen Jadia said the three, including a 34-year-old woman, had returned from the United States and Malaysia", "url": "https://www.thehindu.com/news/national/other-states/man-in-isolation-ward-in-west-bengal-dies-samples-sent-for-covid-19-test/article31017432.ece", "urlToImage": null, "publishedAt": "2020-03-08T18:44:30Z", "content": null}, {"source": {"id": "the-hindu", "name": "The Hindu"}, "author": "AP", "title": "Coronavirus | Italy puts large parts of north on virus lockdown", "description": "The new measures will apply to about a quarter of the Italian population and will be in force at least until April 3.", "url": "https://www.thehindu.com/news/international/coronavirus-italy-puts-large-parts-of-north-on-virus-lockdown/article31014211.ece", "urlToImage": "https://www.thehindu.com/news/international/418iqn/article31014210.ece/ALTERNATES/LANDSCAPE_615/ITALYLOCKDOWN", "publishedAt": "2020-03-08T04:02:54Z", "content": "Italian Prime Minister Giuseppe Conte announced early on Sunday that the entire region of Lombardy and a number of provinces in other regions were put under lockdown as the coronaviruscontinued to spread throughout the country.\r\nInteractive map of COVID-19 vi\u2026 [+7153 chars]"}, {"source": {"id": "the-hindu", "name": "The Hindu"}, "author": "Wilson Thomas", "title": "Coronavirus: 18 Indians among those stranded in cruise ship in Egypt", "description": "The ship is anchored in the Nile, near the city of Luxor, after 33 passengers and 12 crew members on tested positive", "url": "https://www.thehindu.com/news/national/coronavirus-18-indians-among-those-stranded-in-cruise-ship-in-egypt/article31014616.ece", "urlToImage": "https://www.thehindu.com/news/international/udd62q/article31014271.ece/ALTERNATES/LANDSCAPE_615/VIRUSOUTBREAKNEWYORK", "publishedAt": "2020-03-08T08:01:10Z", "content": "Eighteen Indians, all from Tamil Nadu, are stranded in cruise ship A Sara that remains anchored in the Nile, near the city of Luxor in Egypt, for the fifth day after 33 passengers and 12 crew members were tested positive for COVID-19.\r\nA passenger from Coimba\u2026 [+2144 chars]"}, {"source": {"id": "the-hindu", "name": "The Hindu"}, "author": "Reuters", "title": "Maldives confirms first two coronavirus cases; two resort islands locked down", "description": "The two infected people, who are both staff at the Kuredu Island Resort, tested positive late on Saturday. They are believed to have caught the disease from an Italian tourist who has returned to Italy and tested positive there.", "url": "https://www.thehindu.com/news/international/maldives-confirms-first-two-coronavirus-cases-two-resort-islands-locked-down/article31014470.ece", "urlToImage": "https://www.thehindu.com/news/international/kpano1/article31014469.ece/ALTERNATES/LANDSCAPE_615/MALDIVES", "publishedAt": "2020-03-08T06:50:05Z", "content": "The Maldives has curbed movement on several resort islands, authorities said on Sunday, after the country reported its first two cases of coronavirus.\r\nThe two infected people, who are both staff at the Kuredu Island Resort, tested positive late on Saturday. \u2026 [+1570 chars]"}, {"source": {"id": "the-hindu", "name": "The Hindu"}, "author": "The Hindu Net Desk", "title": "Coronavirus: Live updates | China reports more deaths; Italy hardest hit in Europe", "description": "In India, the total number of COVID-19 cases has increased to 34.", "url": "https://www.thehindu.com/news/national/coronavirus-live-updates-march-8-2020/article31014067.ece", "urlToImage": "https://www.thehindu.com/news/national/9p2ht6/article31014167.ece/ALTERNATES/LANDSCAPE_615/Coronavirus-Nurse1", "publishedAt": "2020-03-08T02:45:41Z", "content": "The number of COVID-19 cases has risen worldwide to more than 1,00,000, with 3,500 dead across 95 nations and territories.\r\nInteractive graphic shows the spread of coronavirus Reuters\r\nChina's new confirmed case count of the coronavirus cases fell by roughly \u2026 [+6264 chars]"}, {"source": {"id": "the-hindu", "name": "The Hindu"}, "author": "Reuters", "title": "Two more succumb to coronavirus in U.S., New York declares state of emergency", "description": "In New York, the number of COVID-19 cases jumped by 21 overnight to a statewide total of 76 people, Governor Andrew Cuomo said on Saturday. He issued a declaration of emergency.", "url": "https://www.thehindu.com/news/international/two-more-succumb-to-coronavirus-in-us-new-york-declares-state-of-emergency/article31014272.ece", "urlToImage": "https://www.thehindu.com/news/international/udd62q/article31014271.ece/ALTERNATES/LANDSCAPE_615/VIRUSOUTBREAKNEWYORK", "publishedAt": "2020-03-08T04:26:12Z", "content": "Two more people succumbed to the novel coronavirus in Washington state, officials said on Saturday, bringing the nationwide toll to 19, while the number of confirmed cases in New York jumped by 21 overnight and a cruise ship with infected passengers remained \u2026 [+5716 chars]"}, {"source": {"id": "the-hindu", "name": "The Hindu"}, "author": "The Hindu Net Desk", "title": "Top news of the day: Coronavirus cases rise to 39 in India as five more test positive in Kerala, Australia beats India by 85 runs to win Women\u2019s T20 World Cup, and more", "description": "The major news headlines of the day, and more.", "url": "https://www.thehindu.com/news/top-news-of-the-day-march-8-2020/article31015748.ece", "urlToImage": "https://www.thehindu.com/news/8wets5/article31016007.ece/ALTERNATES/LANDSCAPE_615/VBK-CORONAVIRUS-CHENNAI-PTI", "publishedAt": "2020-03-08T14:19:40Z", "content": "Five persons from Ranni in Pathanamthitta have been admitted to Pathanamthitta General Hospital with fever and symptoms of COVID-19 infection. With this, the total number of COVID-19 positive cases rises to 39.\r\nAlso read | Bangladesh confirms first three COV\u2026 [+2317 chars]"}, {"source": {"id": "the-hindu", "name": "The Hindu"}, "author": "S. Vijay Kumar \u200b", "title": "Coronavirus | Tirumala Tirupati Devasthanams to get thermal guns for screening devotees", "description": "Areas of congregation being sanitised at regular intervals, says official", "url": "https://www.thehindu.com/news/cities/chennai/ttd-to-get-thermal-guns-for-screening-devotees/article31017900.ece", "urlToImage": null, "publishedAt": "2020-03-08T21:21:52Z", "content": null}]}