{"status": "ok", "totalResults": 84, "articles": [{"source": {"id": "the-hindu", "name": "The Hindu"}, "author": "PTI", "title": "Coronavirus | Mauritania records first coronavirus death", "description": "The victim is a 48-year-old French-Mauritanian dual national who tested positive for the virus after she died, according to the Mauritanian Information Agency.", "url": "https://www.thehindu.com/news/international/coronavirus-mauritania-records-first-coronavirus-death/article31219872.ece", "urlToImage": "https://www.thehindu.com/static/theme/default/base/img/og-image.jpg", "publishedAt": "2020-03-31T13:59:18Z", "content": "Mauritania has declared its first fatality from coronavirus (COVID-19), state media reported on March 31, adding to the growing death toll on the African continent.\r\nThe victim is a 48-year-old French-Mauritanian dual national who tested positive for the viru\u2026 [+1216 chars]"}, {"source": {"id": "the-hindu", "name": "The Hindu"}, "author": "Amarnath Tewary", "title": "Coronavirus | Jharkhand records first positive case", "description": "Till now, 274 samples of suspected COVID-19 cases have been tested in Jharkhand, of which 266 were found negative.", "url": "https://www.thehindu.com/news/national/other-states/coronavirus-jharkhand-records-first-positive-case/article31222700.ece", "urlToImage": "https://www.thehindu.com/static/theme/default/base/img/og-image.jpg", "publishedAt": "2020-03-31T21:39:46Z", "content": "Jharkhand on Tuesday reported its first COVID-19 positive case. The patient is a young woman with a history of travel to Malaysia.\r\nShe has been admitted to the Rajendra Institute of Medical Sciences (RIMS) for medical assistance and isolation.\r\nTill now, 274\u2026 [+338 chars]"}, {"source": {"id": "the-hindu", "name": "The Hindu"}, "author": "Special Correspondent", "title": "Coronavirus: number of positive cases touch 98 in Karnataka", "description": "10 cases detected since Monday evening", "url": "https://www.thehindu.com/news/national/karnataka/covid-19-cases-touch-98/article31216223.ece", "urlToImage": "https://www.thehindu.com/news/national/karnataka/54nvwr/article31216272.ece/ALTERNATES/LANDSCAPE_615/karnatakajpeg", "publishedAt": "2020-03-31T09:19:10Z", "content": "With 10 more detected since Monday evening, the total number of new COVID-19 cases touched 98 on Tuesday. These include three deaths and six discharged persons.\r\nFollowing are the new cases:\r\nA 52-year-old male, resident of Hosapete-Ballari, isolated in the d\u2026 [+2076 chars]"}, {"source": {"id": "the-hindu", "name": "The Hindu"}, "author": "PTI", "title": "Coronavirus | Man dies in West Bengal, toll rises to 4", "description": "The man, whose identity hasn\u2019t been revealed yet, died at the Nil Ratan Sircar Medical College and Hospital.", "url": "https://www.thehindu.com/news/national/other-states/coronavirus-man-dies-in-west-bengal-toll-rises-to-4/article31222156.ece", "urlToImage": "https://www.thehindu.com/static/theme/default/base/img/og-image.jpg", "publishedAt": "2020-03-31T18:05:00Z", "content": "A man died of coronavirus at a State-run hospital here on Tuesday, taking the total number of COVID-19 deaths in West Bengal to 4, officials said. The man, whose identity hasnt been revealed yet, died at the Nil Ratan Sircar Medical College and Hospital. West\u2026 [+401 chars]"}, {"source": {"id": "the-hindu", "name": "The Hindu"}, "author": "Legal Correspondent", "title": "Coronavirus | Plea in Supreme Court seeks free COVID-19 testing", "description": "It challenges legality of March 17 advisory that caps the price for testing at \u20b94,500.", "url": "https://www.thehindu.com/news/national/coronavirus-plea-in-supreme-court-seeks-free-covid-19-testing/article31220785.ece", "urlToImage": "https://www.thehindu.com/news/national/h0bdxh/article31220784.ece/ALTERNATES/LANDSCAPE_615/NEWS1TESTINGKITS", "publishedAt": "2020-03-31T15:30:00Z", "content": "A petition was filed on Tuesday in the Supreme Court seeking a direction to the government to provide free COVID-19 testing in all laboratories, including private ones.\r\nAlso read | Interactive map of confirmed coronavirus cases in India\r\nThe plea, filed by D\u2026 [+1510 chars]"}, {"source": {"id": "the-hindu", "name": "The Hindu"}, "author": "Special Correspondent", "title": "Coronavirus | Concern in Nepal over migrant labourers stranded in India", "description": "Kathmandu\u2019s decision to seal the border drew criticism from veteran commentator Kanak Mani Dixit who said barring Nepali citizens from returning home goes against the 2015 Constitution.", "url": "https://www.thehindu.com/news/international/coronavirus-concern-in-nepal-over-migrant-labourers-stranded-in-india/article31222687.ece", "urlToImage": "https://www.thehindu.com/static/theme/default/base/img/og-image.jpg", "publishedAt": "2020-03-31T21:30:13Z", "content": "The government of Nepal is taking stock of the exodus of its migrant workers from India as civil society commentators intensified criticism of Kathmandus decision to close the border for its citizens in India. Sources in the government of Nepal said Kathmandu\u2026 [+795 chars]"}, {"source": {"id": "the-hindu", "name": "The Hindu"}, "author": "Krishnadas Rajagopal", "title": "Coronavirus | Supreme Court upholds right to discuss COVID-19", "description": "The court asks asks the media to publish official version to avoid panic; government told to issue a daily bulletin", "url": "https://www.thehindu.com/news/national/coronavirus-supreme-court-upholds-right-to-discuss-covid-19/article31218565.ece", "urlToImage": "https://www.thehindu.com/news/national/ye339e/article31218564.ece/ALTERNATES/LANDSCAPE_615/MIGRANTWORKERS2", "publishedAt": "2020-03-31T17:35:58Z", "content": "The Supreme Court on Tuesday upheld the right to free discussion about COVID-19, even as it directed the media to refer to and publish the official version of the developments in order to avoid inaccuracies and large-scale panic.\r\nIt ordered the government to\u2026 [+6579 chars]"}, {"source": {"id": "the-hindu", "name": "The Hindu"}, "author": "Special Correspondent", "title": "Coronavirus | Air India pilots flag poor protective equipment", "description": "They have to fly flights chartered by countries such as Germany and the U.K. to repatriate their citizens stranded in India", "url": "https://www.thehindu.com/news/national/coronavirus-air-india-pilots-flag-poor-protective-equipment/article31221763.ece", "urlToImage": "https://www.thehindu.com/news/national/bfw64v/article31221762.ece/ALTERNATES/LANDSCAPE_615/1TH-FLIGHTS", "publishedAt": "2020-03-31T17:29:44Z", "content": "Air India pilots have expressed their concern over flimsy protective gear, inadequate sanitisers, shoddy disinfection procedure and a lack of quarantine arrangements as they embark on flights chartered by countries such as Germany and the U.K. to repatriate t\u2026 [+1932 chars]"}, {"source": {"id": "the-hindu", "name": "The Hindu"}, "author": "Satyasundar Barik", "title": "Coronavirus | Odisha churches resort to live-streaming of worship", "description": "\u2018We have been doing this after the government issued an alert about the unfolding situation,\u2019 says Paresh Das, Secretary, Church of Christ (Union Church).", "url": "https://www.thehindu.com/news/national/other-states/coronavirus-odisha-churches-resort-to-live-streaming-of-worship/article31216826.ece", "urlToImage": "https://www.thehindu.com/news/national/other-states/q2v7gi/article31216856.ece/ALTERNATES/LANDSCAPE_615/ODISHA", "publishedAt": "2020-03-31T10:01:25Z", "content": "At a time when religious congregations are seen as places that facilitate faster spread of Coronavirus, churches in Odisha are using technology to make the faithful participate in Sunday worship from remote locations a first in local church history.\r\nAfter th\u2026 [+3300 chars]"}, {"source": {"id": "the-hindu", "name": "The Hindu"}, "author": "Special Correspondent", "title": "Coronavirus | 250 Rajya Sabha members to contribute from MPLADS fund", "description": "Officials and staff of the Rajya Sabha Secretariat also announced on Tuesday that they would be contributing a minimum one day\u2019s salary each to the PM-CARES.", "url": "https://www.thehindu.com/news/national/coronavirus-250-rajya-sabha-members-to-contribute-from-mplads-fund/article31222772.ece", "urlToImage": "https://www.thehindu.com/static/theme/default/base/img/og-image.jpg", "publishedAt": "2020-03-31T22:01:49Z", "content": "Many members of the Rajya Sabha have consented to contribute from their Members of Parliament Local Area Development Scheme (MPLADS) funds to the common central pool to fight COVID-19. Rajya Sabha Chairman Venkaiah Naidu had asked the MPs to contribute at lea\u2026 [+571 chars]"}, {"source": {"id": "the-hindu", "name": "The Hindu"}, "author": "PTI", "title": "Coronavirus | More labs being opened by ICMR across country", "description": "\u2018Efforts to increase test capacity by the pooling of samples are being evaluated\u2019", "url": "https://www.thehindu.com/news/national/coronavirus-more-labs-being-opened-by-icmr-across-country/article31214013.ece", "urlToImage": "https://www.thehindu.com/static/theme/default/base/img/og-image.jpg", "publishedAt": "2020-03-31T02:35:45Z", "content": "Principal Scientific Adviser to the government K. VijayRaghavan on Monday said the the Indian Council of Medical Research (ICMR) is amplifying Coronavirus test sites and more laboratories are being opened across the country.\r\n He said the Indian industry is a\u2026 [+1062 chars]"}, {"source": {"id": "the-hindu", "name": "The Hindu"}, "author": "AFP", "title": "U.S. coronavirus death toll passes 3,000: Johns Hopkins University", "description": "Trump cancelled his plans to re-open much of the country by Easter and extended social distancing guidelines until the end of April", "url": "https://www.thehindu.com/news/international/us-coronavirus-death-toll-passes-3000-johns-hopkins-university/article31213909.ece", "urlToImage": "https://www.thehindu.com/news/international/93djeo/article31213908.ece/ALTERNATES/LANDSCAPE_615/0001QA3F9", "publishedAt": "2020-03-31T01:22:47Z", "content": "The U.S. death toll from the coronavirus pandemic passed 3,000 on March 30, according to the running tally compiled by the Johns Hopkins University, with more than 163,000 confirmed cases.\r\nThe United States has recorded 3,008 deaths, according to the tally, \u2026 [+848 chars]"}, {"source": {"id": "the-hindu", "name": "The Hindu"}, "author": "AFP", "title": "Coronavirus | France reports record 499 deaths in 24 hours", "description": "The number of confirmed cases also rose steeply by 7,578 to 52,128, however, many others have gone unregistered because of a lack of testing equipment.", "url": "https://www.thehindu.com/news/international/coronavirus-france-reports-record-499-deaths-in-24-hours/article31222616.ece", "urlToImage": "https://www.thehindu.com/incoming/w4iiet/article31222617.ece/ALTERNATES/LANDSCAPE_615/0001Q97P3jpg", "publishedAt": "2020-03-31T20:05:33Z", "content": "France on Tuesday reported its highest daily number of deaths from COVID-19 since the coronavirus epidemic began, saying 499 more people had died in hospital to bring the toll to 3,523.\r\nAlso read | 12-year-old dies from COVID-19 in Belgium\r\nThere are now 22,\u2026 [+1228 chars]"}, {"source": {"id": "the-hindu", "name": "The Hindu"}, "author": "Omar Rashid", "title": "Coronavirus: Five, including maulvi, booked for hiding information about presence of Indonesians", "description": "The eight foreign nationals were among those who attended the Tablighi Jamaat meeting in Nizamuddin in Delhi", "url": "https://www.thehindu.com/news/national/other-states/coronavirus-five-including-maulvi-booked-for-hiding-information-about-presence-of-indonesians/article31217077.ece", "urlToImage": "https://www.thehindu.com/static/theme/default/base/img/og-image.jpg", "publishedAt": "2020-03-31T10:16:55Z", "content": "Five members of a mosque in Bijnor, including the maulvi, have been booked for allegedly hiding information about the presence of Indonesian nationals who had returned after attending the Tablighi Jamaat meeting in Delhi on March 21. The eight foreigners have\u2026 [+1196 chars]"}, {"source": {"id": "the-hindu", "name": "The Hindu"}, "author": "Special Correspondent", "title": "Coronavirus lockdown | Migrant workers need visible and active support from govt: Yechury", "description": "Attempts to create social disharmony must be resisted, says CPI(M) leader", "url": "https://www.thehindu.com/news/national/coronavirus-lockdown-migrant-workers-need-visible-and-active-support-from-govt-yechury/article31218986.ece", "urlToImage": "https://www.thehindu.com/news/national/p9q93v/article31218985.ece/ALTERNATES/LANDSCAPE_615/VBK-YECHURY-NAGARAGOPAL", "publishedAt": "2020-03-31T12:25:25Z", "content": "With the government clamping down on the movement of migrant workers who are fleeing the cities in the absence of any means to earn, CPI(M) general secretary Sitaram Yechury said those who have stayed back need visible and active support from the government.\r\u2026 [+1969 chars]"}, {"source": {"id": "the-hindu", "name": "The Hindu"}, "author": "Sib Kumar Das", "title": "Coronavirus | Special care home staff self-quarantine to protect HIV-affected children", "description": "Lowered immunity makes these children extremely vulnerable to COVID-19 infection.", "url": "https://www.thehindu.com/news/national/other-states/coronavirus-special-care-home-staff-self-quarantine-to-protect-hiv-affected-children/article31222721.ece", "urlToImage": "https://www.thehindu.com/news/national/other-states/n0ystk/article31222720.ece/ALTERNATES/LANDSCAPE_615/IMG-20200331-WA0006", "publishedAt": "2020-03-31T21:59:58Z", "content": "To save the vulnerable HIV-positive children staying in the special care home at Odishas Gopalpur from COVID-19 infection, its staff members have put themselves in indefinite self quarantine along with the inmates since March 12.\r\nThis institution, named Srad\u2026 [+2474 chars]"}, {"source": {"id": "the-hindu", "name": "The Hindu"}, "author": "Amarnath Tewary", "title": "Coronavirus: Youth beaten to death in Bihar for informing authorities about migrants\u2019 return to village", "description": "Samples taken from two villagers in Sitamarhi district after Bablu Kumar Mahto informed medical authorities that they had returned from Mumbai and could be infected with COVID-19", "url": "https://www.thehindu.com/news/national/other-states/coronavirus-youth-beaten-to-death-in-bihar-for-informing-authorities-about-migrants-return-to-village/article31214561.ece", "urlToImage": "https://www.thehindu.com/static/theme/default/base/img/og-image.jpg", "publishedAt": "2020-03-31T05:35:18Z", "content": "A youth in Bihars Sitamarhi district was beaten to death on March 29 for informing local authorities that two villagers who had returned from Mumbai recently could be infected with COVID-19.\r\nOfficials said on March 20 that the two from Madhaul village under \u2026 [+1669 chars]"}, {"source": {"id": "the-hindu", "name": "The Hindu"}, "author": "PTI", "title": "CIC moots digital hearings of RTI matters after coronavirus lockdown ends", "description": "Encouraged by the success of the first digital meeting, the Commission has decided to try it as a formal way of conducting hearings thereby doing away with the requirement of applicants to come to the national capital or to reach NIC centres", "url": "https://www.thehindu.com/news/national/cic-moots-digital-hearings-of-rti-matters-after-coronavirus-lockdown-ends/article31219018.ece", "urlToImage": "https://www.thehindu.com/news/national/nxl4sq/article26621454.ece/ALTERNATES/LANDSCAPE_615/6TH-CIC", "publishedAt": "2020-03-31T12:32:06Z", "content": "Amid the lockdown announced by the government in the wake of the COVID-19 pandemic, the Central Information Commission is planning to institutionalise digital platforms for its hearings so that Right to Information (RTI) applicants can attend them from their \u2026 [+2097 chars]"}, {"source": {"id": "the-hindu", "name": "The Hindu"}, "author": "Special Correspondent", "title": "Coronavirus outbreak | Congress urges govt to get more COVID-19 testing kits", "description": "Offer interest subvention on three-month moratorium on loans and EMIs and arrange for harvesting and storage of Rabi crops, it says", "url": "https://www.thehindu.com/news/national/coronavirus-outbreak-congress-urges-govt-to-get-more-covid-19-testing-kits/article31218145.ece", "urlToImage": "https://www.thehindu.com/news/national/os8z8i/article31218144.ece/ALTERNATES/LANDSCAPE_615/VBK-MANISHTEWARI-PTI", "publishedAt": "2020-03-31T11:23:21Z", "content": "As the 21-day lockdown completed its first week, the Congress on Tuesday asked the Union government to procure more coronavirus (COVID-19) testing kits, offer interest subvention on the three-month moratorium on loans and EMIs, and arrange for harvesting and \u2026 [+2321 chars]"}, {"source": {"id": "the-hindu", "name": "The Hindu"}, "author": "Special Correspondent", "title": "Coronavirus | 62 cargo flights in 5 days to transport medical supplies, equipment", "description": "A total of 15.4 tonnes of medical supplies transported so far: Civil Aviation Ministry", "url": "https://www.thehindu.com/news/national/coronavirus-62-cargo-flights-in-5-days-to-transport-medical-supplies-equipment/article31221998.ece", "urlToImage": "https://www.thehindu.com/news/national/vjgvnl/article31177486.ece/ALTERNATES/LANDSCAPE_615/NEWS1AIRINDIA", "publishedAt": "2020-03-31T18:01:02Z", "content": "The Centre is coordinating with pharmaceutical companies, States and other agencies to ensure the transportation of medical supplies and other equipment and has organised 62 cargo flights in the past five days.\r\nA total of 15.4 tonnes of medical supplies, inc\u2026 [+335 chars]"}, {"source": {"id": "the-hindu", "name": "The Hindu"}, "author": "Peerzada Ashiq", "title": "Coronavirus | Twenty places declared Red Zones in Kashmir as positive cases touch 55", "description": "The administration has put 15,001 travellers and persons in contact under surveillance, which include 9,895 home quarantine.", "url": "https://www.thehindu.com/news/national/other-states/coronavirus-twenty-places-declared-red-zones-in-kashmir-as-positive-cases-touch-55/article31222715.ece", "urlToImage": "https://www.thehindu.com/static/theme/default/base/img/og-image.jpg", "publishedAt": "2020-03-31T21:53:22Z", "content": "The Jammu and Kashmir administration has declared over 20 villages and five urban pockets as no-go Red Zones as the number of COVID-19 cases jumped to 55. Six more people tested positive on Tuesday. The six positive cases were reported from the Kashmir divisi\u2026 [+1001 chars]"}, {"source": {"id": "the-hindu", "name": "The Hindu"}, "author": "Special Correspondent", "title": "Coronavirus | 57 more test positive in Tamil Nadu; highest single-day rise", "description": "Fifty of the patients had taken part in a conference in Delhi; total count is 124.", "url": "https://www.thehindu.com/news/national/tamil-nadu/coronavirus-57-more-test-positive-in-tamil-nadu-highest-single-day-rise/article31222407.ece", "urlToImage": "https://www.thehindu.com/news/national/tamil-nadu/guh1x4/article31222406.ece/ALTERNATES/LANDSCAPE_615/TH31NIZAMUDDINPAGE1", "publishedAt": "2020-03-31T18:26:24Z", "content": "Tamil Nadu recorded its highest ever single-day rise in the number of persons testing positive for COVID-19 on Tuesday: a total of 57 persons tested positive, taking the total tally to 124.\r\nOf them, 50 all men had travelled to Nizamuddin in Delhi to take par\u2026 [+3723 chars]"}, {"source": {"id": "the-hindu", "name": "The Hindu"}, "author": "Serena Josephine M", "title": "Coronavirus | Step up checking virus in patients, says virologist Jacob John", "description": "Jacob John says chasing the virus should be phased down in a strategy shift", "url": "https://www.thehindu.com/news/national/coronavirus-step-up-checking-virus-in-patients-says-virologist-jacob-john/article31221391.ece", "urlToImage": "https://www.thehindu.com/news/national/5mzhya/article31221390.ece/ALTERNATES/LANDSCAPE_615/31THLTJACOBJOHN", "publishedAt": "2020-03-31T16:40:27Z", "content": "At a time when hotspot containment measures are among the focus areas for prevention and control of the coronavirus outbreak (COVID-19), renowned virologist T. Jacob John has called for a shift in strategy chasing the virus should be phased down and checking \u2026 [+3046 chars]"}, {"source": {"id": "the-hindu", "name": "The Hindu"}, "author": "Special Correspondent", "title": "Coronavirus | No place for quibbling in this hour of crisis, says Venkaiah Naidu", "description": "\u201cI call upon (intellectuals) to come forward with suggestions for effectively tackling the menace,\u201d the Vice-President said.", "url": "https://www.thehindu.com/news/national/coronavirus-no-place-for-quibbling-in-this-hour-of-crisis-says-venkaiah-naidu/article31220606.ece", "urlToImage": "https://www.thehindu.com/news/national/11wvz2/article31220604.ece/ALTERNATES/LANDSCAPE_615/NKV-VENKAIAHNAIDU", "publishedAt": "2020-03-31T17:44:25Z", "content": "Vice-President Venkaiah Naidu said on Tuesday that there was no space for quibbling over some issues at a time the country was facing a crisis. The situation, he said in a statement, called for presenting a united front.\r\nI urge the\u00a0intellectuals and others t\u2026 [+1498 chars]"}, {"source": {"id": "the-hindu", "name": "The Hindu"}, "author": "Sobhana K. Nair", "title": "Coronavirus: PM should have consulted State govts. before announcing lockdown, says Chhattisgarh CM Bhupesh Baghel", "description": "The Centre should have anticipated that scores of persons would not be able to earn a living and would obviously head out to places where they felt more secure, he says", "url": "https://www.thehindu.com/news/national/coronavirus-pm-should-have-consulted-state-govts-before-announcing-lockdown-says-chhattisgarh-cm-bhupesh-baghel/article31214191.ece", "urlToImage": "https://www.thehindu.com/news/national/c0the1/article31214190.ece/ALTERNATES/LANDSCAPE_615/THAVDBAGHEL", "publishedAt": "2020-03-31T04:11:12Z", "content": "The displacement of lakhs of migrants could have been avoided had Prime Minister Narendra Modi first consulted the State governments, Chhattisgarh Chief Minister Bhupesh Baghel said in an interview to The Hindu. \r\nWho is to implement the lockdown? Can the Uni\u2026 [+2358 chars]"}, {"source": {"id": "the-hindu", "name": "The Hindu"}, "author": "The Hindu Net Desk", "title": "Coronavirus India lockdown day 7 live updates | Positive cases cross 1200, death toll at 43", "description": "According to WHO's March 30 update, globally, 33,257 have died and 697,244 tested positive", "url": "https://www.thehindu.com/news/national/india-coronavirus-lockdown-march-31-2020-live-updates/article31214149.ece", "urlToImage": "https://www.thehindu.com/news/national/karnataka/3033zs/article31214174.ece/ALTERNATES/LANDSCAPE_615/1jpg", "publishedAt": "2020-03-31T04:06:41Z", "content": "As India is under lockdown for a week now, the government has said the 21-day period will not be extended. The country is seeing a spurt in the number of coronavirus cases, with Gujarat, Punjab, Telangana and West Bengal reporting deaths. \r\nCOVID-19 has claim\u2026 [+3664 chars]"}, {"source": {"id": "the-hindu", "name": "The Hindu"}, "author": "AFP", "title": "Coronavirus | Deadliest day for Europe hotspots, as U.S. toll tops 3,600", "description": "With more than 40,000 killed by the disease barrelling around the globe, the United States, already home to the largest number of confirmed infections, hit a bleak milestone as its national death toll surpassed China\u2019s.", "url": "https://www.thehindu.com/news/international/coronavirus-deadliest-day-for-europe-hotspots-as-us-toll-tops-3600/article31223509.ece", "urlToImage": "https://www.thehindu.com/incoming/6ij8wa/article31223521.ece/ALTERNATES/LANDSCAPE_615/0001QB14Ujpg", "publishedAt": "2020-03-31T22:53:56Z", "content": "Deaths from the coronavirus spiked in Europe on Tuesday with Spain, France and Britain reporting their highest daily tolls to date, as field hospitals shot up across New York, the epicentre of the U.S. outbreak bracing for dark times ahead.\r\nAlso read | 13-ye\u2026 [+5302 chars]"}, {"source": {"id": "the-hindu", "name": "The Hindu"}, "author": "Special Correspondent", "title": "Coronavirus | Annamalai University reschedules exams", "description": "Annamalai University has rescheduled the University exams scheduled to be held till April 14, in the wake of the current lockdown to contain the spread of COVID-19. According to a press release, the e", "url": "https://www.thehindu.com/news/national/tamil-nadu/coronavirus-annamalai-university-reschedules-exams/article31216707.ece", "urlToImage": "https://www.thehindu.com/news/national/tamil-nadu/wc36c8/article31216705.ece/ALTERNATES/LANDSCAPE_615/Annamalai-University", "publishedAt": "2020-03-31T09:45:14Z", "content": "Annamalai University has rescheduled the University exams scheduled to be held till April 14, in the wake of the current lockdown to contain the spread of COVID-19. According to a press release, the exams have been rescheduled and the revised dates will be no\u2026 [+450 chars]"}, {"source": {"id": "the-hindu", "name": "The Hindu"}, "author": "Special Correspondent", "title": "Coronavirus | Portal to help stranded foreign tourists", "description": "It will provide information on COVID-19 helpline numbers, call centres", "url": "https://www.thehindu.com/news/national/coronavirus-portal-to-help-stranded-foreign-tourists/article31215857.ece", "urlToImage": "https://www.thehindu.com/news/national/xcid7h/article31215856.ece/ALTERNATES/LANDSCAPE_615/KOLKATAPTI31-03-2020000018A", "publishedAt": "2020-03-31T08:37:43Z", "content": "The Union government on Tuesday announced a new portal to help and inform stranded foreign tourists due to the lockdown following the COVID-19 outbreak.\r\n... with an aim to extend support to the foreign tourists who are stranded in India, [the government] has\u2026 [+785 chars]"}, {"source": {"id": "the-hindu", "name": "The Hindu"}, "author": "Reuters", "title": "Czech Republic\u2019s coronavirus infections top 3,000", "description": "The Health Ministry reported a total of 3,001 cases by the end of Monday, with 23 deaths, while 25 people have recovered.", "url": "https://www.thehindu.com/news/international/czech-republics-coronavirus-infections-top-3000/article31214394.ece", "urlToImage": "https://www.thehindu.com/static/theme/default/base/img/og-image.jpg", "publishedAt": "2020-03-31T05:12:17Z", "content": "The tally of coronavirus infections in the Czech Republic has exceeded 3,000, the Health Ministry said on Tuesday, after recording 184 new cases the previous day.\r\nThe country, which has carried out more than 43,000 tests and is ramping up daily testing, has \u2026 [+245 chars]"}, {"source": {"id": "the-hindu", "name": "The Hindu"}, "author": "Special Correspondent", "title": "Coronavirus | Two fresh cases detected in Chandigarh", "description": "A 31-year-old man and a 40-year-old one, the latter of whom had contact with a Canada returnee, were the latest additions.", "url": "https://www.thehindu.com/news/national/other-states/coronavirus-two-fresh-cases-detected-in-chandigarh/article31222684.ece", "urlToImage": "https://www.thehindu.com/static/theme/default/base/img/og-image.jpg", "publishedAt": "2020-03-31T21:26:31Z", "content": "Two more persons in Chandigarh tested positive for COVID-19, taking the confirmed cases to 15 in the city, said a government statement on Tuesday.\r\nAccording to the statement, a 31-year-man with no travel history has tested positive. He is a contact of a posi\u2026 [+137 chars]"}, {"source": {"id": "the-hindu", "name": "The Hindu"}, "author": "AFP", "title": "Coronavirus | 12-year-old dies in Belgium", "description": "Belgium's toll on March 31 represented a jump of nearly 200 fatalities from that given the previous day, which stood at 513.", "url": "https://www.thehindu.com/news/international/coronavirus-12-year-old-dies-in-belgium/article31221768.ece", "urlToImage": "https://www.thehindu.com/static/theme/default/base/img/og-image.jpg", "publishedAt": "2020-03-31T17:31:02Z", "content": "A 12-year-old girl infected with COVID-19 has died in Belgium, health officials said on Tuesday. Fatality at such a young age is a very rare occurrence, said government spokesman Dr Emmanuel Andre, \r\nLast week, France reported the death of a 16-year-old girl \u2026 [+884 chars]"}, {"source": {"id": "the-hindu", "name": "The Hindu"}, "author": "Sidharth Yadav", "title": "Coronavirus | Doctors suspect community transmission in Indore", "description": "Lack of contact, travel history amid spike in cases spur suspicion about transmission", "url": "https://www.thehindu.com/news/national/other-states/coronavirus-doctors-suspect-community-transmission-in-indore/article31221452.ece", "urlToImage": "https://www.thehindu.com/news/national/other-states/pioq0l/article31221486.ece/ALTERNATES/LANDSCAPE_615/NKV-TESTINGKITS-AP", "publishedAt": "2020-03-31T16:49:39Z", "content": "As most COVID-19 patients in Indore, where 17 persons tested positive on Tuesday, have no contact or travel history, health workers are grappling to identify the source, indicating the most populous and largest city of Madhya Pradesh may already be witnessing\u2026 [+4409 chars]"}, {"source": {"id": "the-hindu", "name": "The Hindu"}, "author": "PTI", "title": "Coronavirus: Rohit Sharma donates \u20b980 lakh", "description": "Maharashtra is one of the worst affected states in the pandemic.", "url": "https://www.thehindu.com/sport/cricket/coronavirus-rohit-sharma-donates-80-lakh/article31214694.ece", "urlToImage": "https://www.thehindu.com/sport/cricket/5bd8hc/article31214693.ece/ALTERNATES/LANDSCAPE_615/ROHIT", "publishedAt": "2020-03-31T06:14:41Z", "content": "Star India batsman Rohit Sharma has donated 80 lakh to fight the rapidly-spreading COVID-19 pandemic, saying the onus is on the citizens to help the country get back on its feet.\r\nRohit, who is the vice-captain of the Indian ODI team, has donated 45 lakh and \u2026 [+1097 chars]"}, {"source": {"id": "the-hindu", "name": "The Hindu"}, "author": "PTI", "title": "Coronavirus | ONGC, IOC and other oil cos contribute over \u20b91,031 cr to PM CARES Fund", "description": "ONGC was the top contributor with \u20b9300 crore, followed by IOC chipping in \u20b9225 crore", "url": "https://www.thehindu.com/business/Industry/coronavirus-ongc-ioc-and-other-oil-cos-contribute-over-1031-cr-to-pm-cares-fund/article31219474.ece", "urlToImage": "https://www.thehindu.com/business/Industry/mn7pwh/article31219473.ece/ALTERNATES/LANDSCAPE_615/VBK-CORONA-TELANGANA-NG", "publishedAt": "2020-03-31T13:20:18Z", "content": "Oil and Natural Gas Corp (ONGC), Indian Oil Corp (IOC) and other public sector oil companies have contributed over 1,000 crore to the Prime Minister CARES Fund to help in the fight against COVID-19 pandemic.\r\nONGC was the top contributor with 300 crore, follo\u2026 [+3323 chars]"}, {"source": {"id": "the-hindu", "name": "The Hindu"}, "author": "Reuters", "title": "Coronavirus | Iran death toll climbs to 2,898, says health official", "description": "\u201cIn the past 24 hours, there has been 3,111 new cases of infected people.\u201d", "url": "https://www.thehindu.com/news/international/coronavirus-iran-death-toll-climbs-to-2898-says-health-official/article31217220.ece", "urlToImage": "https://www.thehindu.com/news/international/qitj0p/article31217219.ece/ALTERNATES/LANDSCAPE_615/IRAN", "publishedAt": "2020-03-31T10:24:25Z", "content": "Iran's death toll from coronavirus has reached 2,898, with 141 deaths in the past 24 hours, Health Ministry spokesman Kianush Jahanpur told state TV on Tuesday, adding that the total number of infected cases has jumped to 44,606.\r\nIn the past 24 hours, there \u2026 [+131 chars]"}, {"source": {"id": "the-hindu", "name": "The Hindu"}, "author": "Prafulla Das", "title": "Coronavirus | Odisha defers salaries of officials by 50%", "description": "There shall be a deferment of 50% in gross salary in respect of the All India Service officers \u2014 Indian Administrative Service, Indian Police Service and Indian Forest Service.", "url": "https://www.thehindu.com/news/national/coronavirus-odisha-defers-salaries-of-officials-by-50/article31222629.ece", "urlToImage": null, "publishedAt": "2020-03-31T20:24:00Z", "content": null}, {"source": {"id": "the-hindu", "name": "The Hindu"}, "author": "AFP", "title": "Coronavirus | Ethiopia defers landmark August vote due to pandemic", "description": "No new timeline was given for the general elections, which Prime Minister Abiy Ahmed \u2014 last year\u2019s Nobel Peace Prize laureate \u2014 hopes will give him a mandate for sweeping political and economic reforms.", "url": "https://www.thehindu.com/news/international/coronavirus-ethiopia-defers-landmark-august-vote-due-to-pandemic/article31222612.ece", "urlToImage": "https://www.thehindu.com/incoming/7wqxaq/article31222614.ece/ALTERNATES/LANDSCAPE_615/0001PY9UBjpgjfkg", "publishedAt": "2020-03-31T19:44:56Z", "content": "Ethiopias Election Commission announced Tuesday that general elections due in August would be delayed because of the coronavirus pandemic, in a setback for the countrys fragile democratic transition. \r\nNo new timeline was given for the vote, which Prime Minis\u2026 [+3135 chars]"}, {"source": {"id": "the-hindu", "name": "The Hindu"}, "author": "Special Correspondent", "title": "Coronavirus | Southern States launch operation to identify Markaz delegates", "description": "The largest group that visited Delhi to take part in the event from March 15 to 17 was from Tamil Nadu", "url": "https://www.thehindu.com/news/national/coronavirus-southern-states-launch-operation-to-identify-markaz-delegates/article31222695.ece", "urlToImage": "https://www.thehindu.com/news/national/ptr8w5/article31222694.ece/ALTERNATES/LANDSCAPE_615/TH31KRANIZAM", "publishedAt": "2020-03-31T21:55:48Z", "content": "Authorities in the southern States scrambled on Tuesday to identify the large number of people who had attended a congregation at the Markaz Nizamuddin, international headquarters of Tablighi Jamaat in Delhi, and their contacts throughout their journeys.\r\nCor\u2026 [+4399 chars]"}, {"source": {"id": "the-hindu", "name": "The Hindu"}, "author": "Special Correspondent", "title": "Coronavirus | 52-year-old man becomes Assam\u2019s first reported case", "description": "This is the third detected case in the northeast, after those of a 23-year-old woman in Manipur\u2019s Imphal and a 50-year-old man Mizoram\u2019s Aizawl.", "url": "https://www.thehindu.com/news/national/other-states/coronavirus-52-year-old-man-becomes-assams-first-reported-case/article31222643.ece", "urlToImage": "https://www.thehindu.com/static/theme/default/base/img/og-image.jpg", "publishedAt": "2020-03-31T20:30:56Z", "content": "A 52-year-old man from southern Assams Barak Valley has tested positive for COVID-19, State Health Minister Himanta Biswa Sarma said on Tuesday. \r\nThis is the first such case in Assam and the third in the northeast, after those of a 23-year-old woman in Manip\u2026 [+605 chars]"}, {"source": {"id": "the-hindu", "name": "The Hindu"}, "author": "The Hindu", "title": "In pictures | Vignettes from Day-7 of nationwide coronavirus lockdown", "description": "As the nationwide lockdown to prevent the spread of coronavirus infection entered Day 7, several fresh cases of infection were reported on March 31 from Delhi, Maharashtra, Kerala, Uttar Pradesh, Tami", "url": "https://www.thehindu.com/news/national/in-pictures-vignettes-from-day-7-of-nationwide-coronavirus-lockdown/article31219296.ece", "urlToImage": "https://www.thehindu.com/news/national/fl80k0/article31219281.ece/ALTERNATES/LANDSCAPE_615/THVLI-10", "publishedAt": "2020-03-31T16:59:04Z", "content": "As the nationwide lockdown to prevent the spread of coronavirus infection entered Day 7, several fresh cases of infection were reported on March 31 from Delhi, Maharashtra, Kerala, Uttar Pradesh, Tamil Nadu, Gujarat, Jammu and Kashmir and Bihar, among other p\u2026 [+574 chars]"}, {"source": {"id": "the-hindu", "name": "The Hindu"}, "author": "PTI", "title": "Coronavirus | Provide security to doctors, other healthcare providers, HC directs J&K Police", "description": "The J&K High Court, for the first time in its history, held the hearing through video-conferencing and voice call", "url": "https://www.thehindu.com/news/national/coronavirus-provide-security-to-doctors-other-healthcare-providers-hc-directs-jk-police/article31218660.ece", "urlToImage": "https://www.thehindu.com/news/national/mr93v2/article31218654.ece/ALTERNATES/LANDSCAPE_615/VBK-CORONA-JAMMU-NA", "publishedAt": "2020-03-31T11:57:36Z", "content": "The Jammu and Kashmir (J&amp;K) High Court has asked police to ensure the safety of doctors and healthcare providers after reports emerged that some people kept in isolation for suspected coronavirus infection had misbehaved with medical staff and damaged hos\u2026 [+4178 chars]"}, {"source": {"id": "the-hindu", "name": "The Hindu"}, "author": "PTI", "title": "Lata Mangeshkar, Priyanka Chopra, Vicky Kaushal pledge donations to coronavirus funds", "description": "Katrina Kaif and Alia Bhatt among other stars to contribute to PM-CARES and the Chief Minister\u2019s Relief Fund", "url": "https://www.thehindu.com/entertainment/movies/lata-mangeshkar-priyanka-chopra-vicky-kaushal-pledge-donations-to-coronavirus-funds/article31216955.ece", "urlToImage": "https://www.thehindu.com/entertainment/movies/s9yexj/article31216954.ece/ALTERNATES/LANDSCAPE_615/LATAMANGESHKAR", "publishedAt": "2020-03-31T10:12:37Z", "content": "Legendary singer Lata Mangeshkar, actors Priyanka Chopra, Alia Bhatt, Vicky Kaushal, among others on Tuesday pledged money to various relief funds aimed at combating the coronavirus pandemic in the country.\r\nWhether in cash or kind, more and more personalitie\u2026 [+4153 chars]"}, {"source": {"id": "the-hindu", "name": "The Hindu"}, "author": "PTI", "title": "Coronavirus | Foreign trade policy extended for one year till March 2021", "description": "Imports during the period declined by 7.30% to USD 436 billion, leaving a trade deficit of USD 143.12 billion.", "url": "https://www.thehindu.com/business/coronavirus-foreign-trade-policy-extended-for-one-year-till-march-2021/article31220442.ece", "urlToImage": "https://www.thehindu.com/static/theme/default/base/img/og-image.jpg", "publishedAt": "2020-03-31T14:54:08Z", "content": "The government on Tuesday extended the existing foreign trade policy (2015-20) for one year till March 2021 amid coronavirus (COVID-19) outbreak and the lockdown to contain the virus spread.\r\n The existing foreign trade policy 2015-20 which is valid up to Mar\u2026 [+936 chars]"}, {"source": {"id": "the-hindu", "name": "The Hindu"}, "author": "PTI", "title": "Coronavirus: Vijay Mallya asks Finance Minister to consider his offer to repay Kingfisher Airlines\u2019 dues", "description": "Embattled liquor baron Vijay Mallya, on Tuesday asked Finance Minister Nirmala Sitharaman to consider his repeated \u201coffer to repay 100%\u201d of the amount borrowed by now defunct Kingfisher Airlines, in t", "url": "https://www.thehindu.com/business/coronavirus-vijay-mallya-asks-finance-minister-to-consider-his-offer-to-repay-kingfisher-airlines-dues/article31214832.ece", "urlToImage": "https://www.thehindu.com/business/gaxbt1/article31214831.ece/ALTERNATES/LANDSCAPE_615/MALLYAKB", "publishedAt": "2020-03-31T06:36:11Z", "content": "Embattled liquor baron Vijay Mallya, on Tuesday asked Finance Minister Nirmala Sitharaman to consider his repeated offer to repay 100% of the amount borrowed by now defunct Kingfisher Airlines, in this time of coronavirus pandemic.\r\n Mallya, who is wanted in \u2026 [+1296 chars]"}, {"source": {"id": "the-hindu", "name": "The Hindu"}, "author": "PTI", "title": "Want a dinner date with Khaleesi? Donate to the coronavirus fund", "description": "\u2018Games of Thrones\u2019 actor Emilia Clarke has offered a virtual dinner for people donating to her charity", "url": "https://www.thehindu.com/entertainment/movies/want-a-dinner-date-with-khaleesi-donate-to-the-coronavirus-fund/article31215144.ece", "urlToImage": "https://www.thehindu.com/entertainment/movies/3h2mla/article31215143.ece/ALTERNATES/LANDSCAPE_615/emilia", "publishedAt": "2020-03-31T07:25:16Z", "content": "Game of Thrones star Emilia Clarke has offered a dinner date to people donating money to SameYou, her charity that supports those recovering from brain injuries and strokes, in the wake of the coronavirus pandemic.\r\nThe new initiative by the foundation aims t\u2026 [+1287 chars]"}, {"source": {"id": "the-hindu", "name": "The Hindu"}, "author": "Prafulla Das", "title": "Coronavirus | Odisha quarantines three persons who returned from Delhi\u2019s Nizamuddin area", "description": "Efforts on to trace others, set up medical facilities in all 30 districts of the State.", "url": "https://www.thehindu.com/news/national/other-states/coronavirus-odisha-quarantines-three-persons-who-returned-from-delhis-nizamuddin-area/article31222438.ece", "urlToImage": "https://www.thehindu.com/static/theme/default/base/img/og-image.jpg", "publishedAt": "2020-03-31T19:24:41Z", "content": "Odisha said on Tuesday that three persons from the State who attended a religious conference in Delhi's Nizamuddin West area have been quarantined in government hospitals.\r\nFamily members of the three persons have also been advised home isolation, said the St\u2026 [+1904 chars]"}, {"source": {"id": "the-hindu", "name": "The Hindu"}, "author": "PTI", "title": "Muslims should not be blamed for spread of coronavirus: Omar Abdullah", "description": "\u201cPeople tweeting stuff with hashtags like Tablighi virus are more dangerous than any virus.\u201d", "url": "https://www.thehindu.com/news/national/other-states/muslims-should-not-be-blamed-for-spread-of-coronavirus-omar-abdullah/article31218043.ece", "urlToImage": "https://www.thehindu.com/news/national/other-states/jt9tol/article31218042.ece/ALTERNATES/LANDSCAPE_615/DALLAKE", "publishedAt": "2020-03-31T11:15:16Z", "content": "National Conference leader Omar Abdullah on Tuesday said Muslims should not be blamed for the spread of coronavirus in the country.\r\nHe was reacting to netizens response to reports that several people who tested positive for COVID-19 had attended a congregati\u2026 [+1255 chars]"}, {"source": {"id": "the-hindu", "name": "The Hindu"}, "author": "Iboyaima Laithangbam", "title": "Coronavirus | Manipur DGP asks Hazrat Nizamuddin returnees to step forward and be tested", "description": "L.M. Khaute, Director General of Police (DGP), Manipur, said on Tuesday that some persons from Manipur, who were known to have travelled in March to attend a religious function in Hazrat Nizamuddin, N", "url": "https://www.thehindu.com/news/national/coronavirus-manipur-dgp-asks-persons-who-have-returned-from-hazrat-nizamuddin-to-step-forward-and-be-tested/article31222584.ece", "urlToImage": "https://www.thehindu.com/static/theme/default/base/img/og-image.jpg", "publishedAt": "2020-03-31T19:28:24Z", "content": "L.M. Khaute, Director General of Police (DGP), Manipur, said on Tuesday that some persons from Manipur, who were known to have travelled in March to attend a religious function in Hazrat Nizamuddin, New Delhi, should be immediately tested for the coronavirus \u2026 [+638 chars]"}, {"source": {"id": "the-hindu", "name": "The Hindu"}, "author": "Shiv Sahay Singh", "title": "Coronavirus: 48-year-old woman from Howrah dies, toll three in Bengal", "description": "The police authorities are trying to ensure that strict lockdown was enforced in Salkia where the woman hailed from", "url": "https://www.thehindu.com/news/national/coronavirus-48-year-old-woman-from-howrah-dies-toll-three-in-bengal/article31214974.ece", "urlToImage": "https://www.thehindu.com/news/national/ttz9xv/article31214973.ece/ALTERNATES/LANDSCAPE_615/THAVDKOLKATA", "publishedAt": "2020-03-31T06:58:12Z", "content": "West Bengal on Tuesday recorded the third death as a 48-year-old woman from Salkia in Howrah district succumbed to COVID-19. She was admitted to the Howrah State General Hospital and died late on Monday evening even before the test reports were received by th\u2026 [+1553 chars]"}, {"source": {"id": "the-hindu", "name": "The Hindu"}, "author": "Nikhil M. Babu", "title": "Coronavirus | 1,000 evacuated from Nizamuddin centre; sent to hospitals, quarantine facilities", "description": "Over 1,000 people have been evacuated from a centre in Nizamuddin West in Delhi till Tuesday morning, amid a novel coronavirus scare at a centre wher", "url": "https://www.thehindu.com/news/cities/Delhi/coronavirus-1000-evacuated-from-nizamuddin-centre-sent-to-hospitals-quarantine-facilities/article31215063.ece", "urlToImage": "https://www.thehindu.com/news/cities/Delhi/yzhpta/article31215062.ece/ALTERNATES/LANDSCAPE_615/nzm3", "publishedAt": "2020-03-31T07:09:33Z", "content": "Over 1,000 people have been evacuated from a centre in Nizamuddin West in Delhi till Tuesday morning, amid a novel coronavirus scare at a centre where a religious conference had attracted participation of people from several States.\r\nAll symptomatic people we\u2026 [+1746 chars]"}, {"source": {"id": "the-hindu", "name": "The Hindu"}, "author": "Reuters", "title": "Coronavirus | Spain registers overnight death toll of 849, highest so far", "description": "The death toll rose to 8,189 on Tuesday from 7,340 on Monday.", "url": "https://www.thehindu.com/news/international/coronavirus-spain-registers-overnight-death-toll-of-849-highest-so-far/article31217119.ece", "urlToImage": "https://www.thehindu.com/news/international/86fq3j/article31217118.ece/ALTERNATES/LANDSCAPE_615/SPAIN", "publishedAt": "2020-03-31T10:19:38Z", "content": "Spain registered 849 fatalities related to coronavirus overnight the highest number in 24 hours since the epidemic started, although the increase in percentage terms was slightly lower than in the previous days, the health ministry said on Tuesday.\r\nThe death\u2026 [+126 chars]"}, {"source": {"id": "the-hindu", "name": "The Hindu"}, "author": "Special Correspondent", "title": "Coronavirus | Three quasi-subspecies of virus in circulation, says ICMR", "description": "Scientists yet to classify variant as Indian strain.", "url": "https://www.thehindu.com/sci-tech/health/three-quasi-subspecies-of-coronavirus-in-circulation-says-icmr/article31222507.ece", "urlToImage": "https://www.thehindu.com/sci-tech/health/9r76hw/article31222506.ece/ALTERNATES/LANDSCAPE_615/iStock-1210622918", "publishedAt": "2020-03-31T18:58:46Z", "content": "A mixture of three quasi-subspecies of SARS-CoV-2 is in circulation in India, the Indian Council of Medical Research (ICMR) said on Tuesday. These imported variants showed no differences from how they behaved in the place of origin. Scientists are yet to clas\u2026 [+4696 chars]"}, {"source": {"id": "the-hindu", "name": "The Hindu"}, "author": "Praveen Sudevan", "title": "Coronavirus lockdown: Stay home and stir the \u2018dalgona\u2019 coffee", "description": "ASMR-style preparations of the frothy coffee are going viral on YouTube and Tiktok", "url": "https://www.thehindu.com/life-and-style/food/a-frothy-drink-you-can-make-for-yourself-at-home/article31217036.ece", "urlToImage": "https://www.thehindu.com/life-and-style/food/hjsh3c/article31217035.ece/ALTERNATES/LANDSCAPE_615/Coffee-Representational-image", "publishedAt": "2020-03-31T10:14:40Z", "content": "Thanks to social media, we are capable of amusing ourselves even during a global crisis. Previously, pandemics were, almost always, entirely grim. But as we see every passing day with the COVID-19 outbreak, at least a section of the worlds population are enjo\u2026 [+1202 chars]"}, {"source": {"id": "the-hindu", "name": "The Hindu"}, "author": "AFP", "title": "G20 finance ministers to hold virtual talks on coronavirus crisis", "description": "G20 leaders last week pledged a \"united front\" in the fight against the pandemic, saying they were injecting $5 trillion into the global economy to head off forecasts of a deep recession.", "url": "https://www.thehindu.com/news/international/g20-finance-ministers-to-hold-virtual-talks-on-coronavirus-crisis/article31214060.ece", "urlToImage": "https://www.thehindu.com/news/international/cc16si/article31178718.ece/ALTERNATES/LANDSCAPE_615/MODI", "publishedAt": "2020-03-31T02:54:49Z", "content": "Finance ministers and central bankers of the Group of 20 major economies will hold a second round of virtual talks Tuesday to push ahead the coronavirus response, the Saudi hosts said.\r\nG20 leaders last week pledged a \"united front\" in the fight against the p\u2026 [+2384 chars]"}, {"source": {"id": "the-hindu", "name": "The Hindu"}, "author": "AFP", "title": "Coronavirus | 13-year-old boy from the United Kingdom dies", "description": "Relatives say the victim, who is Britain\u2019s youngest confirmed fatality, had no underlying illnesses.", "url": "https://www.thehindu.com/news/international/coronavirus-13-year-old-boy-from-the-united-kingdom-dies/article31223133.ece", "urlToImage": "https://www.thehindu.com/incoming/nwukyi/article31223134.ece/ALTERNATES/LANDSCAPE_615/0001QA3FKjpg", "publishedAt": "2020-03-31T22:15:57Z", "content": "A 13-year-old British boy has died days after testing positive for COVID-19, hospital officials and his family said on Tuesday, with relatives saying he had no underlying illnesses.\r\nAlso read | France reports record 499 deaths in 24 hours\r\nThe boy, who died \u2026 [+567 chars]"}, {"source": {"id": "the-hindu", "name": "The Hindu"}, "author": "Mohammed Iqbal", "title": "Coronavirus | Steep hike in cases in Jaipur worry health experts", "description": "Rajasthan government on Tuesday ordered sealing of the Walled City, which was earlier placed under curfew, to completely stop the movement of people.", "url": "https://www.thehindu.com/news/national/other-states/coronavirus-steep-hike-in-cases-in-jaipur-worry-health-experts/article31221665.ece", "urlToImage": "https://www.thehindu.com/incoming/1211dz/article31221775.ece/ALTERNATES/LANDSCAPE_615/sixGMI799QAS1GNM799RO83jpg-31march", "publishedAt": "2020-03-31T17:31:31Z", "content": "The steep hike in the number of COVID-19 positive cases in the Ramganj area of the Walled City of Jaipur has left the administration and health experts worried amid the measures to prevent community spread of coronavirus. Twelve persons, including a man who r\u2026 [+3014 chars]"}, {"source": {"id": "the-hindu", "name": "The Hindu"}, "author": "Satyasundar Barik", "title": "Coronavirus | Odisha doctors decline advance salary, demand protective gear", "description": "The Odisha Medical Service Association has also expressed similar concerns in its second missive to the government within one week, stating that personal protective equipment are very essential to fight the outbreak.", "url": "https://www.thehindu.com/news/national/other-states/coronavirus-odisha-doctors-decline-advance-salary-demand-protective-gear/article31222628.ece", "urlToImage": "https://www.thehindu.com/static/theme/default/base/img/og-image.jpg", "publishedAt": "2020-03-31T20:17:04Z", "content": "A group of doctors from Odishas Veer Surendra Sai Institute of Medical Sciences and Research (VIMSAR) turned down the four months advance salary announced by the State government to encourage them in the fight against COVID-19. \r\nInstead, they have demanded t\u2026 [+1682 chars]"}, {"source": {"id": "the-hindu", "name": "The Hindu"}, "author": "Special Correspondent", "title": "Coronavirus | Panel formed for co-ordinated research and development activity", "description": "It will take speedy decisions on testing facilities for COVID-19, says Ministry", "url": "https://www.thehindu.com/news/national/coronavirus-panel-formed-for-co-ordinated-research-and-development-activity/article31221310.ece", "urlToImage": "https://www.thehindu.com/news/national/6cvwry/article31052056.ece/ALTERNATES/LANDSCAPE_615/NKV-COVID-19", "publishedAt": "2020-03-31T16:28:08Z", "content": "A Science and Technology Empowered Committee for COVID-19 response has been constituted chaired by Prof. Vinod Paul, member, NITI Aayog and Prof. K Vijay Raghavan, Principal Scientific adviser to the government, said a release issued by the Health Ministry on\u2026 [+1482 chars]"}, {"source": {"id": "the-hindu", "name": "The Hindu"}, "author": "Sobhana K. Nair, Priscilla Jebaraj", "title": "Coronavirus | Forced to stay back, these workers now battle hunger", "description": "Their ration cards are in Bihar and they have no money left", "url": "https://www.thehindu.com/news/cities/Delhi/coronavirus-forced-to-stay-back-these-workers-now-battle-hunger/article31222590.ece", "urlToImage": "https://www.thehindu.com/news/cities/Delhi/ge7lok/article31222589.ece/ALTERNATES/LANDSCAPE_615/31THHAKIN1", "publishedAt": "2020-03-31T19:28:34Z", "content": "Stay home and stay safe, the global slogan to contain the spread of coronavirus doesnt sound too convincing to Mohammed Hakim and his associates who, unlike many other migrants, were forced to stay back and are battling hunger each day. \r\nTheir names are list\u2026 [+3688 chars]"}, {"source": {"id": "the-hindu", "name": "The Hindu"}, "author": "Special Correspondent", "title": "Coronavirus | Three rescue flights to take back stranded Malaysians", "description": "The airline has proposed to operate the first rescue flight late in the night on April 1, the second on April 2 morning and the third on the morning of April 4.", "url": "https://www.thehindu.com/news/national/tamil-nadu/coronavirus-three-rescue-flights-to-take-back-stranded-malaysians/article31222676.ece", "urlToImage": "https://www.thehindu.com/static/theme/default/base/img/og-image.jpg", "publishedAt": "2020-03-31T21:04:57Z", "content": "Malindo Air has proposed to operate rescue flights on three different dates to take back the remaining Malaysian nationals stranded at Tiruchi following suspension of international flights in the wake of COVID-19 pandemic. The airline has proposed to operate \u2026 [+1177 chars]"}, {"source": {"id": "the-hindu", "name": "The Hindu"}, "author": "Sidharth Yadav", "title": "Coronavirus: Madhya Pradesh toll touches five as Indore woman dies", "description": "The State has recorded 48 positive cases so far, with Indore alone registering 27 cases", "url": "https://www.thehindu.com/news/national/coronavirus-madhya-pradesh-toll-touches-five-as-indore-woman-dies/article31214646.ece", "urlToImage": "https://www.thehindu.com/news/national/32t5or/article31214645.ece/ALTERNATES/LANDSCAPE_615/THAVDMADHYAPRADESH", "publishedAt": "2020-03-31T05:55:22Z", "content": "A 49-year-old woman died of COVID-19 in Indore on Monday, taking the toll to five in Madhya Pradesh, according to the Mahatma Gandhi Memorial Medical College, Indore. The city recorded two deaths on the same day. The patient, who died at 10.20 p.m. on Monday \u2026 [+1576 chars]"}, {"source": {"id": "the-hindu", "name": "The Hindu"}, "author": "Special Correspondent", "title": "Coronavirus lockdown | Centre again asks States to reach out to persons with disabilities", "description": "Advisory comes after many complaints of these people unable to access care and essential services during the lockdown period", "url": "https://www.thehindu.com/news/national/coronavirus-lockdown-centre-again-asks-states-to-reach-out-to-persons-with-disabilities/article31221937.ece", "urlToImage": "https://www.thehindu.com/static/theme/default/base/img/og-image.jpg", "publishedAt": "2020-03-31T17:48:00Z", "content": "The Union Social Justice and Empowerment Ministry on Tuesday asked all States to implement its advisory for the care and safety of persons with disabilities (PwD) during the lockdown as complaints of PwD unable to access care and essential services continued \u2026 [+1027 chars]"}, {"source": {"id": "the-hindu", "name": "The Hindu"}, "author": "PTI", "title": "Coronavirus: Over 21k camps operational in country housing over 6.6 L people", "description": "Over 21,000 COVID-19 relief camps have been made operational in the country where more than 6.6 lakh stranded and destitute people are sheltered as of now, the Union home ministry said on Tuesday.Puny", "url": "https://www.thehindu.com/news/national/coronavirus-over-21k-camps-operational-in-country-housing-over-66-l-people/article31218244.ece", "urlToImage": "https://www.thehindu.com/news/national/41cqr4/article31218243.ece/ALTERNATES/LANDSCAPE_615/PTI31-03-2020000027B", "publishedAt": "2020-03-31T11:29:50Z", "content": "Over 21,000 COVID-19 relief camps have been made operational in the country where more than 6.6 lakh stranded and destitute people are sheltered as of now, the Union home ministry said on Tuesday.\r\nPunya Salila Srivastava, a joint secretary in the ministry, t\u2026 [+494 chars]"}, {"source": {"id": "the-hindu", "name": "The Hindu"}, "author": "Reuters", "title": "Elton John\u2019s coronavirus \u2018living room\u2019 show raises $8 million for U.S. charities", "description": "The Sunday night show, hosted by Elton John from his kitchen, featured Billie Eilish, the Backstreet Boys, Lizzo, Alicia Keys, Mariah Carey, Lady Gaga and Tim McGraw - all appearing by way of smartphones, home cameras or online platforms.", "url": "https://www.thehindu.com/news/international/elton-johns-coronavirus-living-room-show-raises-8-million-for-us-charities/article31214092.ece", "urlToImage": "https://www.thehindu.com/entertainment/music/du81fo/article31204177.ece/ALTERNATES/LANDSCAPE_615/31ELTONJOHN", "publishedAt": "2020-03-31T03:27:55Z", "content": "A weekend benefit broadcast featuring recording stars performing live music online from home raised nearly $8 million for two charities serving first responders and Americans facing economic hardship amid the coronavirus crisis, sponsors said on Monday.\r\nThe \u2026 [+1218 chars]"}, {"source": {"id": "the-hindu", "name": "The Hindu"}, "author": "Special Correspondent", "title": "Coronavirus lockdown: 1,500 litres of milk dumped into canal in Karnataka", "description": "Milkmen of Palabavi village near Chikkodi in Belagavi district threw around 1,500 litres of milk into an irrigation canal as they had no way to sell it during the COVID-19 lockdown. They emptied aroun", "url": "https://www.thehindu.com/news/national/karnataka/coronavirus-lockdown-1500-litres-of-milk-dumped-into-canal-in-karnataka/article31215909.ece", "urlToImage": "https://www.thehindu.com/news/national/karnataka/4lfq71/article31215908.ece/ALTERNATES/LANDSCAPE_615/Milk", "publishedAt": "2020-03-31T08:38:47Z", "content": "Milkmen of Palabavi village near Chikkodi in Belagavi district threw around 1,500 litres of milk into an irrigation canal as they had no way to sell it during the COVID-19 lockdown. \r\nThey emptied around 50 cans of milk into the Ghataprabha left bank canal, t\u2026 [+882 chars]"}, {"source": {"id": "the-hindu", "name": "The Hindu"}, "author": "Sobhana K. Nair, Priscilla Jebaraj", "title": "Coronavirus | Centre\u2019s extra ration promise yet to be kept at PDS shops", "description": "Orders issued to States only on Monday; States yet to lift the additional grain for the distribution of extra 5 kg rice or wheat", "url": "https://www.thehindu.com/news/national/coronavirus-centres-extra-ration-promise-yet-to-be-kept-at-pds-shops/article31221617.ece", "urlToImage": "https://www.thehindu.com/news/national/emjpvq/article31221616.ece/ALTERNATES/LANDSCAPE_615/31THLTPDSSYSTEM", "publishedAt": "2020-03-31T17:06:29Z", "content": "One week into the COVID-19 lockdown, and five days after the Centres welfare package was announced, there is no sign of the promised free grains and pulses at ration shops across the country.\r\nAlthough the Finance Minister promised that the Pradhan Mantri Gar\u2026 [+4378 chars]"}, {"source": {"id": "the-hindu", "name": "The Hindu"}, "author": "Special Correspondent", "title": "Alagiri slams CM over delay in Coronavirus preparedness, meagre funds allocation", "description": "The Tamil Nadu government has allocated \u20b93,000 crore.", "url": "https://www.thehindu.com/news/national/tamil-nadu/alagiri-slams-cm-over-delay-in-coronavirus-preparedness-meagre-funds-allocation/article31216015.ece", "urlToImage": "https://www.thehindu.com/news/national/tamil-nadu/emdvth/article31216014.ece/ALTERNATES/LANDSCAPE_615/COVID19ICFCOACHESCHENNAI", "publishedAt": "2020-03-31T08:48:27Z", "content": "Tamil Nadu Congress Committee president K.S. Alagiri on Tuesday questioned the meagre allocation of 3,000 crore for the fight against COVID-19 and asked why the State government was not prepared beforehand to handle the crisis.\r\nIn a statement, Mr. Alagiri sa\u2026 [+1338 chars]"}, {"source": {"id": "the-hindu", "name": "The Hindu"}, "author": "Reuters", "title": "Coronavirus | Russian doctor who met Vladimir Putin last week diagnosed with COVID-19", "description": "Russian President Validimir Putin visited the Kommunarka hospital on March 24 where he chatted with doctor Denis Protsenko", "url": "https://www.thehindu.com/news/international/coronavirus-russian-doctor-who-met-vladimir-putin-last-week-diagnosed-with-covid-19/article31220088.ece", "urlToImage": "https://www.thehindu.com/news/international/bkguj3/article31220087.ece/ALTERNATES/LANDSCAPE_615/VBK-DENISPROTSENKO-AP", "publishedAt": "2020-03-31T14:21:11Z", "content": "A doctor who gave Russian President Vladimir Putin a tour of Moscow's main coronavirus hospital last week said on March 31 he had himself been diagnosed with the virus.\r\nAlso read | WHO warns far from over in Asia and Pacific\r\nMr. Putin visited the Kommunarka\u2026 [+1540 chars]"}, {"source": {"id": "the-hindu", "name": "The Hindu"}, "author": "Suvojit Bagchi", "title": "Coronavirus scare | Hospitals in Kolkata turn away other patients in need of care", "description": "Women with UTI and high fever are seen as potential coronavirus cases", "url": "https://www.thehindu.com/news/national/other-states/coronavirus-scare-hospitals-in-kolkata-turn-away-other-patients-in-need-of-care/article31219329.ece", "urlToImage": "https://www.thehindu.com/business/d7nima/article29752229.ece/ALTERNATES/LANDSCAPE_615/th19BUHEALTHCARE", "publishedAt": "2020-03-31T13:05:59Z", "content": "A 24-year-old cabin crew staff from Sikkim, working with a major airlines and based out of Kolkata, had a dark night at the government-run Bangur Hospital in south Kolkata. She was admitted to the hospital with a mild fever, which was certified as unrelated t\u2026 [+2607 chars]"}, {"source": {"id": "the-hindu", "name": "The Hindu"}, "author": "Shoumojit Banerjee", "title": "Coronavirus: 17 new cases in Maharashtra take tally to 225, Buldhana district sealed", "description": "Two cases each reported from Pune and Buldhana and one from Mumbai", "url": "https://www.thehindu.com/news/national/coronavirus-17-new-cases-in-maharashtra-take-tally-to-225-buldhana-district-sealed/article31214435.ece", "urlToImage": "https://www.thehindu.com/news/national/m0vqa4/article31214434.ece/ALTERNATES/LANDSCAPE_615/THAVDSOLAPUR", "publishedAt": "2020-03-31T05:20:13Z", "content": "Maharashtra saw a further surge in Covid-19 positive cases on Tuesday with new cases from Pune, Mumbai and Buldhana taking the States tally to 225.\r\nTwo more cases were reported from Pune district, which recorded its first death resulting from the contagion o\u2026 [+2555 chars]"}, {"source": {"id": "the-hindu", "name": "The Hindu"}, "author": "PTI", "title": "Coronavirus | Post offices in West Bengal to deliver pension at home for elderly people", "description": "For those delivering the pension amount at home, adequate security will be given to avert any untoward incident.", "url": "https://www.thehindu.com/news/national/other-states/coronavirus-post-offices-in-west-bengal-to-deliver-pension-at-home-for-elderly-people/article31219588.ece", "urlToImage": "https://www.thehindu.com/news/national/other-states/6g4k4u/article31219603.ece/ALTERNATES/LANDSCAPE_615/thvli-postal-department-india-post", "publishedAt": "2020-03-31T13:31:57Z", "content": "Post offices in West Bengal will deliver pension at the residences of people who are 80-years old or above during the lockdown period, a senior official of the Postal Department said. For others, pension will be disbursed from the post offices from April 3, t\u2026 [+1761 chars]"}, {"source": {"id": "the-hindu", "name": "The Hindu"}, "author": "PTI", "title": "Coronavirus | World Bank says about 11 million could be driven into poverty in East Asia and Pacific", "description": "Containment of the pandemic would allow for a sustained recovery in the region, although risks to the outlook from financial market stress would remain high, the Washington-based global lender stated in a report", "url": "https://www.thehindu.com/business/coronavirus-world-bank-says-about-11-million-could-be-driven-into-poverty-in-east-asia-and-pacific/article31215126.ece", "urlToImage": "https://www.thehindu.com/business/kp4q3a/article31215125.ece/ALTERNATES/LANDSCAPE_615/CHINAKB", "publishedAt": "2020-03-31T07:21:22Z", "content": "About 11 million people could be driven into poverty in East Asia and the Pacific as a result of the coronavirus pandemic that has impacted over 780,000 people and killed more than 37,000 globally, the World Bank has warned.\r\n The Washington-based global lend\u2026 [+2847 chars]"}, {"source": {"id": "the-hindu", "name": "The Hindu"}, "author": "Pradeep Kumar", "title": "Coronavirus lockdown effect on film industry\u2019s daily wagers: Is there light at the end of the tunnel?", "description": "As the film industry wound to a halt with the Coronavirus outbreak, the fate of many daily wagers is left hanging. Is enough being done?", "url": "https://www.thehindu.com/entertainment/movies/coronavirus-lockdown-effect-on-film-industrys-daily-wagers-is-there-light-at-the-end-of-the-tunnel/article31216364.ece", "urlToImage": "https://www.thehindu.com/entertainment/movies/iau4hr/article31216363.ece/ALTERNATES/LANDSCAPE_615/MPFILMSET3", "publishedAt": "2020-03-31T09:24:32Z", "content": "A text message from a light man to RK Selvamani, president of Film Employees Federation of South India (FEFSI), was what alerted the Tamil film industry to a crisis brewing in its background.\r\nEven prior to the nationwide lockdown imposed by Prime Minister Na\u2026 [+6002 chars]"}, {"source": {"id": "the-hindu", "name": "The Hindu"}, "author": "PTI", "title": "Lancashire county chairman David Hodgkiss dies after contracting coronavirus", "description": "Hodgkiss had been on the board at Old Trafford for 22 years, serving as a member, treasurer and vice-chairman before becoming the chairman, succeeding Michael Cairns in 2017.", "url": "https://www.thehindu.com/sport/cricket/lancashire-county-chairman-david-hodgkiss-dies-after-contracting-coronavirus/article31215259.ece", "urlToImage": "https://www.thehindu.com/sport/cricket/vgva24/article31215258.ece/ALTERNATES/LANDSCAPE_615/DAVIDKB", "publishedAt": "2020-03-31T07:41:17Z", "content": "London Lancashire County Cricket Club chairman David Hodgkiss has died after being infected by the dreaded coronavirus. He was 71.\r\n Although Lancashire did not give the exact reason of his death in their official statement, a club spokesperson told the Press\u2026 [+1445 chars]"}, {"source": {"id": "the-hindu", "name": "The Hindu"}, "author": "IANS", "title": "The Hundred: Sales of tickets postponed due to coronavirus", "description": "The first priority sale of the tickets took place in February while the second installment for subscribers was due to open on April 2 and the general sale on April 8", "url": "https://www.thehindu.com/sport/cricket/the-hundred-sales-of-tickets-postponed-due-to-coronavirus/article31222437.ece", "urlToImage": "https://www.thehindu.com/sport/cricket/5mw0vf/article30901429.ece/ALTERNATES/LANDSCAPE_615/CRICKETFILE", "publishedAt": "2020-03-31T18:48:54Z", "content": "In view of the ongoing coronavirus pandemic, the tickets sale for the inaugural edition of The Hundred competition has been postponed.\r\n... We feel it is appropriate at this time to postpone opening our second priority ticket window and general sale. We will \u2026 [+1537 chars]"}, {"source": {"id": "the-hindu", "name": "The Hindu"}, "author": "The Hindu Net Desk", "title": "Top news of the day: 1,000 evacuated from Nizamuddin mosque with 24 testing coronavirus positive, Maharashtra govt staff to get salary in two instalments, and more", "description": "The major news headlines of the day, and more.", "url": "https://www.thehindu.com/news/top-news-of-march-31-2020-1000-evacuated-from-nizamuddin-mosque-with-24-testing-coronavirus-positive-maharashtra-govt-staff-to-get-salary-in-two-instalments-and-more/article31220167.ece", "urlToImage": "https://www.thehindu.com/news/qqmf7h/article31220166.ece/ALTERNATES/LANDSCAPE_615/APTOPIXVIRUSOUTBREAKINDIA", "publishedAt": "2020-03-31T14:27:38Z", "content": "All symptomatic people were being tested for COVID-19 after shifting them to different hospitals in the city, officials said. While some 330 have been sent to hospitals, over 700 have been sent to different government-run quarantine facilities. A total of 24 \u2026 [+3279 chars]"}, {"source": {"id": "the-hindu", "name": "The Hindu"}, "author": "Jacob Koshy", "title": "Coronavirus | Use more masks, India's top science advisory body recommends", "description": "It doesn't recommend the use of health mask or N95 mask that are expensive, not-reusable and largely used in hospital settings.", "url": "https://www.thehindu.com/news/national/coronavirus-use-more-masks-indias-top-science-advisory-body-recommends/article31216536.ece", "urlToImage": "https://www.thehindu.com/news/national/d6p16l/article31216535.ece/ALTERNATES/LANDSCAPE_615/MASKKB", "publishedAt": "2020-03-31T09:39:06Z", "content": "The Office of the Principal Scientific Advisor (PSA), India's highest science advisory body, has recommended the widespread use of masks. It is a key coordinating agency among government scientific bodies and industry to accelerate decisions on dealing with C\u2026 [+3696 chars]"}, {"source": {"id": "the-hindu", "name": "The Hindu"}, "author": "Vignesh Radhakrishnan, Sumant Sen, Naresh Singaravelu", "title": "Data | The Nizamuddin cluster and the coronavirus spread", "description": "There were at least 1,746 attendees at the Nizamuddin religious event", "url": "https://www.thehindu.com/data/data-the-nizamuddin-cluster-and-the-coronavirus-spread/article31222671.ece", "urlToImage": "https://www.thehindu.com/news/national/tamil-nadu/elw6ie/article31222406.ece/ALTERNATES/LANDSCAPE_615/TH31NIZAMUDDINPAGE1", "publishedAt": "2020-03-31T21:18:49Z", "content": "In many COVID-19-affected nations, the case count started rising exponentially after health workers discovered a group of people who got infected at one place and mostly at the same time. Such groups are termed clusters. \r\nIn South Korea, close to 56% of the \u2026 [+3739 chars]"}, {"source": {"id": "the-hindu", "name": "The Hindu"}, "author": "T.S. ATUL SWAMINATHAN", "title": "Coronavirus | Help that counts in a time of crisis", "description": "To inspire other residents to spare of thought for the foot-soldiers in their midst, The Hindu Downtown is compiling lists of individuals and residents welfare associations that seek to support daily wage-earners at this hour. If you know of such \u2018COVID-19 Sa\u2026", "url": "https://www.thehindu.com/news/cities/chennai/covid-19-help-that-counts-in-a-time-of-crisis/article31223594.ece", "urlToImage": "https://www.thehindu.com/static/theme/default/base/img/og-image.jpg", "publishedAt": "2020-03-31T23:16:33Z", "content": "They are an invisible workforce plumbers, electricians and odd-jobs men and women: They are hardly remembered beyond the time they fix somthing around home; and they will again spring to mind only when something else goes out of whack.\r\nNesamani Nagar Residen\u2026 [+1795 chars]"}, {"source": {"id": "the-hindu", "name": "The Hindu"}, "author": "Saira Aslam", "title": "Coronavirus | Nizamuddin centre COVID-19 cases spark a controversy", "description": "The centre is run by the Tablighi Jamaat, a global Islamic organisation.", "url": "https://www.thehindu.com/news/national/coronavirus-nizamuddin-centre-covid-19-cases-spark-a-controversy/article31219346.ece", "urlToImage": "https://www.thehindu.com/news/national/ongei8/article31219345.ece/ALTERNATES/LANDSCAPE_615/NIZAMUDDIN", "publishedAt": "2020-03-31T19:05:34Z", "content": "A controversy erupted on Tuesday, a day after it emerged that a religious centre in Nizamuddin West in Delhi had hosted several thousand people earlier this month notwithstanding the novel coronavirus pandemic.\r\nSeveral prominent leaders expressed contrasting\u2026 [+2255 chars]"}, {"source": {"id": "the-hindu", "name": "The Hindu"}, "author": "Jacob Koshy", "title": "Coronavirus | Health Ministry, Office of the Principal Scientific Adviser differ on mask use", "description": "It doesn't recommend the use of health mask or N95 mask that are expensive, not-reusable and largely used in hospital settings.", "url": "https://www.thehindu.com/news/national/coronavirus-indias-health-ministry-office-of-the-principal-scientific-adviser-differ-on-mask-use/article31216536.ece", "urlToImage": "https://www.thehindu.com/news/national/d6p16l/article31216535.ece/ALTERNATES/LANDSCAPE_615/MASKKB", "publishedAt": "2020-03-31T20:46:47Z", "content": "Indias highest science advisory body, the Office of the Principal Scientific Adviser (PSA), and the Union Health Ministry appear out of sync on whether masks should be widely used by people.\r\nThe Ministrys standing recommendation is that not everybody should \u2026 [+4761 chars]"}, {"source": {"id": "the-hindu", "name": "The Hindu"}, "author": "T.K. Rohit", "title": "Coronavirus: Cable operators unsure of collecting rent during lockdown, want passes to be issued to address breakdown issues", "description": "With the 21-day lockdown in place in the country in a bid to flatten the curve of the spread of COVID-19, cable operators are unsure of how to collect the monthly cable bills from their customers and", "url": "https://www.thehindu.com/news/national/tamil-nadu/coronavirus-cable-operators-unsure-of-collecting-rent-during-lockdown-want-passes-to-be-issued-to-address-breakdown-issues/article31216509.ece", "urlToImage": "https://www.thehindu.com/news/national/tamil-nadu/vwzsom/article31216508.ece/ALTERNATES/LANDSCAPE_615/COVID19DAY6", "publishedAt": "2020-03-31T09:36:41Z", "content": "With the 21-day lockdown in place in the country in a bid to flatten the curve of the spread of COVID-19, cable operators are unsure of how to collect the monthly cable bills from their customers and also want the Ministry of Information and Broadcasting and \u2026 [+2359 chars]"}, {"source": {"id": "the-hindu", "name": "The Hindu"}, "author": "Pradeep Kumar", "title": "Coronavirus effect on Tamil film industry\u2019s daily wagers: Is there light at the end of the tunnel?", "description": "As Kollywood wound to a halt with the COVID-19 outbreak and subsequent lockdown, the fate of assistant directors, background dancers, caterers and many more is left hanging in the balance", "url": "https://www.thehindu.com/entertainment/movies/coronavirus-effect-on-tamil-film-industrys-daily-wagers-is-there-light-at-the-end-of-the-tunnel/article31216364.ece", "urlToImage": "https://www.thehindu.com/entertainment/movies/iau4hr/article31216363.ece/ALTERNATES/LANDSCAPE_615/MPFILMSET3", "publishedAt": "2020-03-31T09:45:52Z", "content": "A text message from a light man to RK Selvamani, president of Film Employees Federation of South India (FEFSI), was what alerted the Tamil film industry to a crisis brewing in its background.\r\nEven prior to the nationwide lockdown imposed by Prime Minister Na\u2026 [+6002 chars]"}]}