{"status": "ok", "totalResults": 65, "articles": [{"source": {"id": "the-hindu", "name": "The Hindu"}, "author": "Special Correspondent", "title": "Coronavirus | Assam\u2019s neighbours worried by stamping of truckers", "description": "Because of a geographical advantage, essential commodities first reach Assam by train or road before being transshipped to neighbouring States.", "url": "https://www.thehindu.com/news/national/other-states/coronavirus-assams-neighbours-worried-by-stamping-of-truckers/article31181077.ece", "urlToImage": "https://www.thehindu.com/news/national/other-states/dm5s8t/article31181076.ece/ALTERNATES/LANDSCAPE_615/PTI27-03-2020000027B", "publishedAt": "2020-03-27T09:18:00Z", "content": "Assams neighbours are worried by the screening and stamping of truck drivers and handymen assigned transportation of essentials amid a countrywide lockdown.\r\nThe hill States in the Northeast surrounding Assam largely depend on supplies from outside the region\u2026 [+1522 chars]"}, {"source": {"id": "the-hindu", "name": "The Hindu"}, "author": "PTI", "title": "Coronavirus | Kendriya Vidyalayas offer school buildings for isolation facility", "description": "The schools that allow setting up of isolation facilities will have to communicate the same to KV authorities the same day.", "url": "https://www.thehindu.com/news/national/coronavirus-kendriya-vidyalayas-offer-school-buildings-for-isolation-facility/article31185355.ece", "urlToImage": "https://www.thehindu.com/static/theme/default/base/img/og-image.jpg", "publishedAt": "2020-03-27T14:36:09Z", "content": "The Kendriya Vidyalaya Sangathan has offered its school buildings for setting up temporary isolation facility for suspected coronavirus (COVID-19)cases, KVS officials said on Friday. \r\nIndia coronavirus lockdown, day 3 live updates | State Helpline numbers\r\nK\u2026 [+517 chars]"}, {"source": {"id": "the-hindu", "name": "The Hindu"}, "author": "Reuters", "title": "Mainland China reports first local coronavirus transmission in 3 days", "description": "The total number of infections for mainland China now stands at 81,340, according to the country\u2019s health commission.", "url": "https://www.thehindu.com/news/international/mainland-china-reports-first-local-coronavirus-transmission-in-3-days/article31178496.ece", "urlToImage": "https://www.thehindu.com/news/international/o8usnu/article31178495.ece/ALTERNATES/LANDSCAPE_615/THNAKAPTOPIXVIRUSOUTBREAKCHINA", "publishedAt": "2020-03-27T01:14:34Z", "content": "Mainland China reported its first locally transmitted coronavirus infection in three days, although cases involving travellers from overseas continued to dominate the total number of new cases.\r\nChina's National Health Commission said on Friday that 55 new co\u2026 [+368 chars]"}, {"source": {"id": "the-hindu", "name": "The Hindu"}, "author": "Reuters", "title": "Coronavirus | British Prime Minister Boris Johnson tests positive", "description": "\u201cOver the last 24 hours I have developed mild symptoms and tested positive for coronavirus,\u201d Mr. Johnson said.", "url": "https://www.thehindu.com/news/international/coronavirus-british-prime-minister-boris-johnson-tests-positive/article31183297.ece", "urlToImage": "https://www.thehindu.com/news/international/5wtv5k/article31183296.ece/ALTERNATES/LANDSCAPE_615/BORISJOHNSON", "publishedAt": "2020-03-27T11:33:02Z", "content": "British Prime Minister Boris Johnson has tested positive for coronavirus and is self isolating but will still lead the government's response to the outbreak.\r\nOver the last 24 hours I have developed mild symptoms and tested positive for coronavirus, Mr. Johns\u2026 [+600 chars]"}, {"source": {"id": "the-hindu", "name": "The Hindu"}, "author": "AP", "title": "Coronavirus | Trump signs $2.2 trillion stimulus after swift congressional votes", "description": "Washington moved urgently to stem an economic free fall caused by widespread restrictions meant to slow the spread of the virus", "url": "https://www.thehindu.com/news/international/coronavirus-trump-signs-22-trillion-stimulus-after-swift-congressional-votes/article31188517.ece", "urlToImage": "https://www.thehindu.com/news/international/ofe471/article31093388.ece/ALTERNATES/LANDSCAPE_615/thjc-Trump", "publishedAt": "2020-03-27T22:09:26Z", "content": "President Donald Trump signed an unprecedented $2.2 trillion economic rescue package into law Friday, after swift and near-unanimous action by Congress to support businesses, rush resources to overburdened health care providers and help struggling families du\u2026 [+7565 chars]"}, {"source": {"id": "the-hindu", "name": "The Hindu"}, "author": "Reuters", "title": "Thailand reports 91 new coronavirus cases and one death", "description": "The latest death was of a patient in Narathiwat province bordering Malaysia, the health official said.", "url": "https://www.thehindu.com/news/international/thailand-reports-91-new-coronavirus-cases-and-one-death/article31178804.ece", "urlToImage": "https://www.thehindu.com/news/international/wb3iqf/article31178803.ece/ALTERNATES/LANDSCAPE_615/HEALTH-CORONAVIRUSTHAILAND", "publishedAt": "2020-03-27T04:16:07Z", "content": "Thailand reported 91 new coronavirus cases and 1 fatality, bringing the total to 1,136 cases and 5 deaths, a health official said on Friday.\r\nThe latest death was of a patient in Narathiwat province bordering Malaysia, the health official said.\r\nThe new infec\u2026 [+380 chars]"}, {"source": {"id": "the-hindu", "name": "The Hindu"}, "author": "PTI", "title": "Veteran actor Mark Blum dies of coronavirus complications", "description": "The news of his death was shared by Rebecca Damon, the executive vice-president of Screen Actors Guild - American Federation of Television and Radio Artists (SAG-AFTRA).", "url": "https://www.thehindu.com/news/international/veteran-actor-mark-blum-dies-of-coronavirus-complications/article31179016.ece", "urlToImage": "https://www.thehindu.com/news/international/ihdao4/article31133912.ece/ALTERNATES/LANDSCAPE_615/BreakNews", "publishedAt": "2020-03-27T05:25:26Z", "content": "Actor Mark Blum, best known for featuring in movies such as Desperately Seeking Susan and Crocodile Dundee, has died of complications from COVID-19. He was 69.\r\nThe news of his death was shared by Rebecca Damon, the executive vice-president of Screen Actors G\u2026 [+1089 chars]"}, {"source": {"id": "the-hindu", "name": "The Hindu"}, "author": "Special Correspondent", "title": "Coronavirus | Monitor 15 lakh international air passengers of past over two months, States told", "description": "Cabinet Secretary Rajiv Gauba flags \u201ca gap between the number of international passengers who need to be monitored by the States/UTs and the actual number of passengers being monitored\u201d.", "url": "https://www.thehindu.com/news/national/coronavirus-monitor-15-lakh-international-air-passengers-of-past-over-two-months-states-told/article31184028.ece", "urlToImage": "https://www.thehindu.com/news/national/geg6ue/article31184027.ece/ALTERNATES/LANDSCAPE_615/RAJIVGAUBA", "publishedAt": "2020-03-27T15:10:00Z", "content": "Cabinet Secretary Rajiv Gauba has asked the States to effectively monitor 15 lakh international air passengers who came from January 18 to March 23 as there appeared to be a gap between the actual monitoring that may seriously jeopardise the efforts to contai\u2026 [+3466 chars]"}, {"source": {"id": "the-hindu", "name": "The Hindu"}, "author": "PTI", "title": "Coronavirus | President asks Governors, LGs to mobilise voluntary, religious organisations to contain spread", "description": "In the video-conference, the Delhi Lt Governor 14 Governors \u2014 from the worst hit areas \u2014 were shortlisted to share their experiences.", "url": "https://www.thehindu.com/news/national/coronavirus-president-asks-governors-lgs-to-mobilise-voluntary-religious-organisations-to-contain-spread/article31184480.ece", "urlToImage": "https://www.thehindu.com/news/national/14gj1m/article31184479.ece/ALTERNATES/LANDSCAPE_615/RAMNATHKOVIND", "publishedAt": "2020-03-27T13:11:43Z", "content": "President Ram Nath Kovind Friday asked Governors and Lt Governors of states and union territories to mobilise voluntary and religious organisations to aid the effort to contain the spread of coronavirus, the Rashtrapati Bhavan said.\r\nIn a video-conference wit\u2026 [+5196 chars]"}, {"source": {"id": "the-hindu", "name": "The Hindu"}, "author": "PTI", "title": "Coronavirus | Centre releases \u20b94,431 crore to clear pending wages under MGNREGA", "description": "The announcement was made at a time a countrywide lockdown to combat the coronavirus outbreak has left wage labourers with no work and financial resources.", "url": "https://www.thehindu.com/news/national/coronavirus-centre-releases-4431-crore-to-clear-pending-wages-under-mgnrega/article31185034.ece", "urlToImage": "https://www.thehindu.com/news/national/8rv8bz/article31185099.ece/ALTERNATES/LANDSCAPE_615/thvli-MGNREGA-wages-labourers-labour-workers", "publishedAt": "2020-03-27T14:11:57Z", "content": "The Centre has released 4,431 crore to clear pending wages under the rural job scheme MGNREGA and will pay all dues by April 10, officials said on Friday, a day after the government announced increase in wages under the programme.\r\nIndia coronavirus lockdown,\u2026 [+1528 chars]"}, {"source": {"id": "the-hindu", "name": "The Hindu"}, "author": "Staff Reporter", "title": "COVID-19 | Three more coronavirus testing labs to be set up in Andhra Pradesh", "description": "Identification and testing of persons to be scaled up", "url": "https://www.thehindu.com/news/national/andhra-pradesh/covid-19-three-more-coronavirus-testing-labs-to-be-set-up-in-andhra-pradesh/article31178953.ece", "urlToImage": "https://www.thehindu.com/todays-paper/tp-national/tp-andhrapradesh/fkf4gs/article31178238.ece/ALTERNATES/LANDSCAPE_615/26gt-more-labs-GUJ79Q7743jpgjpg", "publishedAt": "2020-03-27T05:04:27Z", "content": "Minister for Health Alla Kali Krishna Srinivas has said that three more VRDL (corona testing labs) will start soon in Guntur, Kadapa and Visakhapatnam. The State has four such labs in Vijaywada (Siddartha Medical College), Sri Venkateswara Medical College ( T\u2026 [+1915 chars]"}, {"source": {"id": "the-hindu", "name": "The Hindu"}, "author": "PTI", "title": "'You' and 'Crocodile Dundee' actor Mark Blum dies at 69, of coronavirus complications", "description": "Actor was best known for portraying the husband of Rosanna Arquette\u2019s character in 1985\u2019s 'Desperately Seeking Susan'", "url": "https://www.thehindu.com/news/international/you-and-crocodile-dundee-actor-mark-blum-dies-of-coronavirus-complications/article31179016.ece", "urlToImage": "https://www.thehindu.com/news/international/ihdao4/article31133912.ece/ALTERNATES/LANDSCAPE_615/BreakNews", "publishedAt": "2020-03-27T06:55:52Z", "content": "Actor Mark Blum, best known for featuring in movies such as Desperately Seeking Susan and Crocodile Dundee, has died of complications from COVID-19. He was 69.\r\nThe news of his death was shared by Rebecca Damon, the executive vice-president of Screen Actors G\u2026 [+1084 chars]"}, {"source": {"id": "the-hindu", "name": "The Hindu"}, "author": "S. Bhuvaneshwari", "title": "Coronavirus: Karnataka records third death", "description": "This is the first positive COVID-19 case in Tumakuru district", "url": "https://www.thehindu.com/news/national/karnataka/coronavirus-karnataka-records-third-death/article31179846.ece", "urlToImage": "https://www.thehindu.com/static/theme/default/base/img/og-image.jpg", "publishedAt": "2020-03-27T07:02:21Z", "content": "A 65-year-old man who died in Tumakuru has been tested positive for COVID-19. This is the first positive COVID-19 case in Tumakuru and third death in the State.\r\nAddressing a press conference, Deputy commissioner Dr. K. Rakesh Kumar said that the patient died\u2026 [+656 chars]"}, {"source": {"id": "the-hindu", "name": "The Hindu"}, "author": "Staff Reporter", "title": "Coronavirus | Kollam sub-collector jumps quarantine", "description": "Kerala government suspends him for violation.", "url": "https://www.thehindu.com/news/national/kerala/coronavirus-kollam-sub-collector-jumps-quarantine/article31187748.ece", "urlToImage": "https://www.thehindu.com/news/national/kerala/iccki2/article31187747.ece/ALTERNATES/LANDSCAPE_615/anupam-mishra", "publishedAt": "2020-03-27T18:33:47Z", "content": "Kollam sub-collector Anupam Mishra, a 2016-batch IAS officer, has been suspended by the Kerala government for violating the COVID-19 quarantine norms. \r\nMr. Mishra had recently visited Singapore and was asked to remain in home isolation for 14 days on his ret\u2026 [+1143 chars]"}, {"source": {"id": "the-hindu", "name": "The Hindu"}, "author": "Naveena Vijayan", "title": "Coronavirus and art in a petri dish", "description": "Meet three American artists who create art inspired from virus structures and cellular reactions to allay fear and increase awareness about microbial science", "url": "https://www.thehindu.com/entertainment/art/coronavirus-and-art-in-a-petri-dish/article31182970.ece", "urlToImage": "https://www.thehindu.com/entertainment/art/pxix3z/article31182969.ece/ALTERNATES/LANDSCAPE_615/150-hypochondria", "publishedAt": "2020-03-27T11:14:18Z", "content": "A deadly virus is making its way around the world, spreading sickness and death. But not everyone is fearful; some artists are looking at Covid-19 and other viruses (and bacteria) with childlike curiosity. Fear is never a great place to start a conversation, \u2026 [+4864 chars]"}, {"source": {"id": "the-hindu", "name": "The Hindu"}, "author": "PTI", "title": "Coronavirus | Restrictions continue in J&K, most mosques, shrines closed", "description": "The administration said essential services, including healthcare personnel, were exempted from the restrictions.", "url": "https://www.thehindu.com/news/national/other-states/coronavirus-restrictions-continue-in-jk-most-mosques-shrines-closed/article31179261.ece", "urlToImage": "https://www.thehindu.com/news/national/other-states/y7bh40/article31179260.ece/ALTERNATES/LANDSCAPE_615/PRAY", "publishedAt": "2020-03-27T06:06:31Z", "content": "The restrictions on the movement and assembly of people to contain the spread of the coronavirus continued in Kashmir for the ninth day on Friday as most mosques and shrines were shut to avoid large gatherings for congregational prayers, officials said.\r\nThe \u2026 [+2690 chars]"}, {"source": {"id": "the-hindu", "name": "The Hindu"}, "author": "M. Kalyanaraman", "title": "Coronavirus | Indian seafarers stranded in Iran due to global shutdown", "description": "Trainee seamen are stuck on boats without money.", "url": "https://www.thehindu.com/news/national/coronavirus-indian-seafarers-stranded-in-iran-due-to-global-shutdown/article31187815.ece", "urlToImage": "https://www.thehindu.com/news/national/j4p678/article31187814.ece/ALTERNATES/LANDSCAPE_615/IMG-20200327-WA0084", "publishedAt": "2020-03-27T18:41:38Z", "content": "Among the over 250 Indians stranded in coronavirus-hit Iran are fishermen and seafarers. Many of these seafarers are trainee ratings, who have been marooned in boats abandoned by the owners in ports such as Khorramshahr, Bandar Mahshahr and Bushehr. The Irani\u2026 [+4132 chars]"}, {"source": {"id": "the-hindu", "name": "The Hindu"}, "author": "IANS", "title": "Actor Allu Arjun donates Rs 1.25 crores for coronavirus aid", "description": "This comes a day after his uncle Pawan Kalyan and Allu\u2019s cousin Ram Charan announced donations as well", "url": "https://www.thehindu.com/entertainment/movies/actor-allu-arjun-donates-rs-125-crores-for-coronavirus-aid/article31181262.ece", "urlToImage": "https://www.thehindu.com/entertainment/movies/ujev09/article31181261.ece/ALTERNATES/LANDSCAPE_615/allu", "publishedAt": "2020-03-27T09:30:01Z", "content": "Telugu star Allu Arjun has contributed Rs 1.25 crore for the battle against coronavirus outbreak in Telangana, Andhra Pradesh and Kerala.\r\nThe actor made the announcement through a video message he shared on Friday.\r\n\u00a0The COVID-19 has taken the world by storm\u2026 [+738 chars]"}, {"source": {"id": "the-hindu", "name": "The Hindu"}, "author": "Special CorrespondentJAIPUR", "title": "Rajasthan\u2019s Bhilwara remains a hotbed of coronavirus infection", "description": "The district administration has launched steps on a war-footing to control virus spread which threatens to destroy the local textile industry", "url": "https://www.thehindu.com/news/national/other-states/rajasthans-bhilwara-remains-a-hotbed-of-coronavirus-infection/article31187976.ece", "urlToImage": "https://www.thehindu.com/static/theme/default/base/img/og-image.jpg", "publishedAt": "2020-03-27T19:10:58Z", "content": "With two deaths and 21 COVID-19 positive cases being detected so far, Rajasthans Bhilwara town, situated 250 km from Jaipur, continues to remain a hotbed of coronavirus infection. The district administration has launched steps on a war-footing to control the \u2026 [+2967 chars]"}, {"source": {"id": "the-hindu", "name": "The Hindu"}, "author": "PTI", "title": "India proposes online platform for SAARC to jointly combat coronavirus", "description": "India made the proposal at a video-conference of senior health officials of the South Asian Association for Regional Cooperation (SAARC) countries on Thursday.", "url": "https://www.thehindu.com/news/international/india-proposes-online-platform-for-saarc-to-jointly-combat-coronavirus/article31178702.ece", "urlToImage": "https://www.thehindu.com/static/theme/default/base/img/og-image.jpg", "publishedAt": "2020-03-27T03:45:53Z", "content": "India has proposed setting up of a common electronic platform for all SAARC nations to share expertise and best practices in jointly combatting the coronavirus pandemic.\r\nIndia made the proposal at a video-conference of senior health officials of the South As\u2026 [+1205 chars]"}, {"source": {"id": "the-hindu", "name": "The Hindu"}, "author": "Special Correspondent", "title": "Coronavirus: 10-month-old baby tests positive in Dakshina Kannada", "description": "The condition of the baby is stable", "url": "https://www.thehindu.com/news/national/karnataka/coronavirus-10-month-old-baby-tests-positive-in-dakshina-kannada/article31181946.ece", "urlToImage": "https://www.thehindu.com/static/theme/default/base/img/og-image.jpg", "publishedAt": "2020-03-27T10:20:22Z", "content": "A 10-month-old has tested positive for COVID-19 in Dakshina Kannada.\r\nThe baby, from Sajipanadu village in Bantwal Taluk, was suffering from fever and severe acute respiratory illness and was admitted to a private hospital in Mangaluru on March 23. \r\nThe baby\u2026 [+704 chars]"}, {"source": {"id": "the-hindu", "name": "The Hindu"}, "author": "AFP", "title": "Coronavirus | South Africa reports first two deaths as lockdown starts", "description": "Cyril Ramaphosa has ordered Africa's most industrialised nation to stay at home for 21 days joining other countries across continent.", "url": "https://www.thehindu.com/news/international/coronavirus-south-africa-reports-first-two-deaths-as-lockdown-starts/article31182420.ece", "urlToImage": "https://www.thehindu.com/news/international/4wjnpm/article31182419.ece/ALTERNATES/LANDSCAPE_615/SOUTHAFRICA", "publishedAt": "2020-03-27T10:45:13Z", "content": "South Africa recorded its first two deaths from the novel coronavirus on Friday as the number of confirmed cases breached the 1,000 mark just hours after a three-week nationwide lockdown swung into action.\r\nThis morning we wake South Africans up with sad news\u2026 [+3576 chars]"}, {"source": {"id": "the-hindu", "name": "The Hindu"}, "author": "Vijay Lokapally", "title": "Coronavirus | Adhere to lockdown rules, pleads Kartik Murali", "description": "The experience of isolation when injured has helped the former India cricketer.", "url": "https://www.thehindu.com/sport/cricket/adhere-to-lockdown-rules-pleads-kartik-murali/article31186694.ece", "urlToImage": "https://www.thehindu.com/sport/cricket/9ywady/article31186693.ece/ALTERNATES/LANDSCAPE_615/TH2MURALI", "publishedAt": "2020-03-27T17:42:15Z", "content": "For a man used to living out of a suitcase, former India spinner Kartik Murali has adapted to a life indoors. The cricketer has lost little time in accepting the situation and also strictly adhering to lockdown rules.\r\nThis is something that has never happene\u2026 [+2270 chars]"}, {"source": {"id": "the-hindu", "name": "The Hindu"}, "author": "Soma Basu", "title": "COVID-19: Madurai Kavalan app uses GPS tracking for the Coronavirus pandemic", "description": "Madurai-based start up, JioVio Healthcare, introduces a new feature to an in-house app to help with GPS tracking of those in mandated quarantine due to the ongoing COVID-19 pandemic", "url": "https://www.thehindu.com/sci-tech/technology/jiovio-healthcare-madurai-expands-madurai-kavalan-app-for-gps-tracking-coronavirus-quarantine/article31185828.ece", "urlToImage": "https://www.thehindu.com/sci-tech/technology/53w6s4/article31185826.ece/ALTERNATES/LANDSCAPE_615/man-49571541920", "publishedAt": "2020-03-27T15:22:11Z", "content": "With the Tamil Nadu government directing all persons who have returned from abroad after February 15 to strictly remain in self-quarantine, JioVio Healthcare, a Madurai-based start-up has launched a new feature in their existing Madurai Kavalan App to help th\u2026 [+2991 chars]"}, {"source": {"id": "the-hindu", "name": "The Hindu"}, "author": "Gayatri Rangachari Shah", "title": "With the coronavirus lockdown, 3 pm is the new cocktail hour", "description": "Self-isolation can be hectic, what with Insta-live parties, Zoom soir\u00e9es and the daily tipple", "url": "https://www.thehindu.com/opinion/columns/with-the-coronavirus-lockdown-3-pm-is-the-new-cocktail-hour/article31185673.ece", "urlToImage": "https://www.thehindu.com/opinion/columns/xmikmc/article31185670.ece/ALTERNATES/LANDSCAPE_615/3899c3a8-1fde-4b63-af98-d89ed0397c90", "publishedAt": "2020-03-27T14:57:45Z", "content": "Now that most of the world is on lockdown, people are finding ways to cope. While a Delhi colony plays Bingo across balconies, Europeans sing and put on live music performances across theirs. My period of self-isolation is turning out to be hectic. Mumbais so\u2026 [+3992 chars]"}, {"source": {"id": "the-hindu", "name": "The Hindu"}, "author": "PTI", "title": "Coronavirus | Staff of DTC, cluster buses provided with masks, hand sanitisers, says govt", "description": "Both Delhi\u2019s Transport Minister Kailash Gahlot and Chief Minister Arvind Kejriwal lauded the personnel involved in providing essential services during the 21-day lockdown to curb the spread of coronavirus pandemic", "url": "https://www.thehindu.com/news/cities/Delhi/coronavirus-staff-of-dtc-cluster-buses-provided-with-masks-hand-sanitisers-says-govt/article31179267.ece", "urlToImage": "https://www.thehindu.com/news/cities/Delhi/fbnz02/article31179266.ece/ALTERNATES/LANDSCAPE_615/DTC", "publishedAt": "2020-03-27T06:07:38Z", "content": "The Delhi government on Friday said it has provided masks and hand sanitisers to the staff of public transport buses that are serving as the lifeline of the city during the lockdown by transporting people associated with essential services in view of the coro\u2026 [+1281 chars]"}, {"source": {"id": "the-hindu", "name": "The Hindu"}, "author": "The Hindu Net Desk", "title": "Business Live: Coronavirus lockdown worse than 2008 global financial crisis, say analysts", "description": "Updates from the world of economy, markets, and finance", "url": "https://www.thehindu.com/business/businesslive-27-march-2020/article31178683.ece", "urlToImage": "https://www.thehindu.com/business/Industry/g8pgjh/article31001682.ece/ALTERNATES/LANDSCAPE_615/06IN-VIRUS1", "publishedAt": "2020-03-27T04:01:19Z", "content": "Coronavirus lockdown worse than 2008 global financial crisis, say analysts\r\nHere's another estimate of the likely impact of the coronavirus pandemic on the economy, this one coming from the ING Group.\r\nIANS reports: \"ING Group said in a note that the three-we\u2026 [+971 chars]"}, {"source": {"id": "the-hindu", "name": "The Hindu"}, "author": "AP", "title": "A false belief that poison fights coronavirus kills hundreds in Iran", "description": "Iranian media reports nearly 300 people have been killed and more than 1,000 sickened so far by ingesting methanol.", "url": "https://www.thehindu.com/news/international/a-false-belief-that-poison-fights-coronavirus-kills-hundreds-in-iran/article31181492.ece", "urlToImage": "https://www.thehindu.com/news/international/7gxwh/article31181491.ece/ALTERNATES/LANDSCAPE_615/IRAN", "publishedAt": "2020-03-27T09:44:32Z", "content": "Standing over the still body of an intubated 5-year-old boy wearing nothing but a plastic diaper, an Iranian health care worker in a hazmat suit and mask begged the public for just one thing Stop drinking industrial alcohol over fears about the new coronaviru\u2026 [+6182 chars]"}, {"source": {"id": "the-hindu", "name": "The Hindu"}, "author": "PTI", "title": "Marvel film star Evangeline Lilly apologises for insensitive comments on coronavirus fear", "description": "\u2018Ant-Man and the Wasp\u2019 star was severely criticised on social media by many, including Sophie Turner and Maggie Grace", "url": "https://www.thehindu.com/entertainment/movies/marvel-film-star-evangeline-lilly-apologises-for-insensitive-comments-on-coronavirus-fear/article31183448.ece", "urlToImage": "https://www.thehindu.com/entertainment/movies/d78fc3/article31183447.ece/ALTERNATES/LANDSCAPE_615/evangeline", "publishedAt": "2020-03-27T11:46:44Z", "content": "Ant-Man and the Wasp actor Evangeline Lilly has tendered an apology over her dismissive and arrogant statement about social distancing in the wake of coronavirus pandemic.\r\nThe Marvel film star was severely criticised on social by many, including Game of Thro\u2026 [+2147 chars]"}, {"source": {"id": "the-hindu", "name": "The Hindu"}, "author": "IANS", "title": "Angelina Jolie donates $1 million to feed underprivileged kids, in wake of coronavirus pandemic", "description": "Actor works with the charity No Kid Hungry to feed low-income children and their families", "url": "https://www.thehindu.com/entertainment/angelina-jolie-donates-1-million-to-feed-underprivileged-kids-in-wake-of-coronavirus-pandemic/article31184151.ece", "urlToImage": "https://www.thehindu.com/entertainment/54fhr3/article31184149.ece/ALTERNATES/LANDSCAPE_615/BRITAINJOLIE", "publishedAt": "2020-03-27T12:36:17Z", "content": "Actress Angelina Jolie has donated $1 million as an effort to feed underprivileged children whose access to school lunches has been cut off due to closures amid the ongoing coronavirus pandemic.\r\nShe has given $1 million to the charity No Kid Hungry, which sa\u2026 [+1173 chars]"}, {"source": {"id": "the-hindu", "name": "The Hindu"}, "author": "PTI", "title": "UN Security Council yet to discuss coronavirus crisis under China\u2019s presidency", "description": "China\u2019s presidency of the 15-nation Council will end on March 31", "url": "https://www.thehindu.com/news/international/un-security-council-yet-to-discuss-coronavirus-crisis-under-chinas-presidency/article31179439.ece", "urlToImage": "https://www.thehindu.com/news/international/tm58xt/article31179438.ece/ALTERNATES/LANDSCAPE_615/VIRUSOUTBREAKUS", "publishedAt": "2020-03-27T06:23:05Z", "content": "The UN Security Council, under the presidency of China this month, has not yet scheduled any meeting to discuss the rapidly-escalating coronavirus crisis even as the number of COVID-19 cases across the world crossed 5,30,000 and over 24,000 people have died d\u2026 [+5448 chars]"}, {"source": {"id": "the-hindu", "name": "The Hindu"}, "author": "Special Correspondent", "title": "Coronavirus | Delhi govt to feed 4 lakh people from tomorrow; ready for even 1,000 cases a day, says Kejriwal", "description": "\u201cWe hope cases will not increase but we are ready to tackle the situation if it arises,\u201d said the Delhi Chief Minister", "url": "https://www.thehindu.com/news/cities/Delhi/coronavirus-delhi-to-feed-4-lakh-people-from-tomorrow-ready-for-even-1000-cases-a-day-says-kejriwal/article31180118.ece", "urlToImage": "https://www.thehindu.com/news/cities/Delhi/3yegoe/article31180117.ece/ALTERNATES/LANDSCAPE_615/PTI25-03-2020000150B", "publishedAt": "2020-03-27T07:42:43Z", "content": "The Delhi government was preparing to feed ten times the number of people who have lost their livelihoods due to the ongoing lockdown to contain the COVID-19 epidemic, Chief Minister Arvind Kejriwal announced here on Friday.\r\nThis, he said, even as a Standard\u2026 [+1290 chars]"}, {"source": {"id": "the-hindu", "name": "The Hindu"}, "author": "Special Correspondent", "title": "Coronavirus | India to add 40,000 ventilators by June to battle virus", "description": "A 10-month-old infant from Karnataka among new cases; according to reports from States death toll from the outbreak has touched 21.", "url": "https://www.thehindu.com/news/national/coronavirus-india-to-add-40000-ventilators-by-june-to-battle-virus/article31187586.ece", "urlToImage": "https://www.thehindu.com/news/national/ujfl19/article31187585.ece/ALTERNATES/LANDSCAPE_615/28THCURFEW-JAIPUR", "publishedAt": "2020-03-27T18:25:08Z", "content": "As the ICMR on Friday confirmed 75 fresh cases and 17 deaths in the COVID-19 outbreak, the Union Health Ministry announced that it was scaling up measures to combat the virus by bringing in 40,000 more ventilators in the next three months. \r\nAccording to data\u2026 [+2526 chars]"}, {"source": {"id": "the-hindu", "name": "The Hindu"}, "author": "Special Correspondent", "title": "Coronavirus | Contingency plans in place, says Gen Naravane", "description": "COVID-19 will not affect core efficiency of Army, he says", "url": "https://www.thehindu.com/news/national/coronavirus-contingency-plans-in-place-says-gen-naravane/article31181597.ece", "urlToImage": "https://www.thehindu.com/news/national/iubwwl/article31181596.ece/ALTERNATES/LANDSCAPE_615/NARAVANE", "publishedAt": "2020-03-27T09:53:47Z", "content": "The Army has responsive and agile Quick Reaction Medical Teams (QRMTs) on standby to mobilise at six hours notice to meet the requirements of hospitals and the civil administration if needed, Chief of the Army Staff Gen. Manoj Naravane said on Friday.\r\nAlso r\u2026 [+2465 chars]"}, {"source": {"id": "the-hindu", "name": "The Hindu"}, "author": "PTI", "title": "Working together with G20 countries on coronavirus: Trump", "description": "\u201cWe talked about the problem and hopefully won\u2019t be a problem for too much longer. The United States is working with our friends and partners around the world to stop the spread of the virus and coordinate our efforts,\u201d Mr. Trump told reporters at a White Hou\u2026", "url": "https://www.thehindu.com/news/international/working-together-with-g20-countries-on-coronavirus-trump/article31178549.ece", "urlToImage": "https://www.thehindu.com/news/international/idt099/article31160717.ece/ALTERNATES/LANDSCAPE_615/VIRUSOUTBREAKTRUMP", "publishedAt": "2020-03-27T02:43:36Z", "content": "The U.S. is working with its friends and partners around the world to stop the spread of the virus and coordinate their efforts, President Donald Trump said on Thursday after an emergency virtual meeting of G-20 leaders on COVID-19.\r\nWe talked about the probl\u2026 [+2662 chars]"}, {"source": {"id": "the-hindu", "name": "The Hindu"}, "author": "Reuters", "title": "Brazil\u2019s governors press Bolsonaro for more coronavirus support", "description": "Confirmed cases in Brazil had roughly doubled in four days to 2,915 on Thursday, according to the health ministry, with 78 dead from COVID-19, the respiratory disease caused by the virus.", "url": "https://www.thehindu.com/news/international/brazils-governors-press-bolsonaro-for-more-coronavirus-support/article31178528.ece", "urlToImage": "https://www.thehindu.com/news/international/37spgb/article31062355.ece/ALTERNATES/LANDSCAPE_615/TRUMP-BOLSONAROjpg", "publishedAt": "2020-03-27T02:10:21Z", "content": "Brazil's governors pressed President Jair Bolsonaro on Thursday for more federal support in the coronavirus battle after he blasted them as job-killers and undermined their orders with a decree keeping churches open at evangelical preachers' request.\r\nMr. Bol\u2026 [+3026 chars]"}, {"source": {"id": "the-hindu", "name": "The Hindu"}, "author": "PTI", "title": "Coronavirus | Muslim clerics urge people to offer prayers from home", "description": "Three gates of Jama Masjid were closed four-five days ago and restrictions were put in place to prevent mass gatherings, Shahi Imam Syed Ahmed Bukhari said.", "url": "https://www.thehindu.com/news/cities/Delhi/coronavirus-muslim-clerics-urge-people-to-offer-prayers-from-home/article31183018.ece", "urlToImage": "https://www.thehindu.com/news/cities/Delhi/8qvjba/article31183017.ece/ALTERNATES/LANDSCAPE_615/HEALTH-CORONAVIRUSMOSQUES", "publishedAt": "2020-03-27T11:15:05Z", "content": "The Muslim clerics have appealed to people to pray at home and practice social distancing in view of the coronavirus pandemic.\r\nShahi Imams of the two biggest mosques in Delhi Jama Masjid and Fatehpuri Masjid said the people are gradually coming to grips with\u2026 [+2285 chars]"}, {"source": {"id": "the-hindu", "name": "The Hindu"}, "author": "PTI", "title": "Coronavirus | Travel and face police action, Gujarat warns migrant workers", "description": "The lockdown has left several daily-wagers without jobs.", "url": "https://www.thehindu.com/news/national/other-states/coronavirus-travel-and-face-police-action-gujarat-warns-migrant-workers/article31182769.ece", "urlToImage": "https://www.thehindu.com/news/national/other-states/mlufoe/article31182768.ece/ALTERNATES/LANDSCAPE_615/PTI27-03-2020000091B", "publishedAt": "2020-03-27T11:04:33Z", "content": "The Gujarat government on Friday said migrant labourers would be given food and accommodation but wont be allowed to travel to their villages during the 21-day lockdown in force to combat the novel coronavirus outbreak.\r\n The decision was taken at a meeting c\u2026 [+1785 chars]"}, {"source": {"id": "the-hindu", "name": "The Hindu"}, "author": "Afshan Yasmeen", "title": "Coronavirus: positive cases in Karnataka rise to 62", "description": "This includes three deaths and five discharged persons", "url": "https://www.thehindu.com/news/national/karnataka/coronavirus-positive-cases-in-karnataka-rise-to-62/article31181686.ece", "urlToImage": "https://www.thehindu.com/news/national/karnataka/iznqly/article31181685.ece/ALTERNATES/LANDSCAPE_615/bengaluru", "publishedAt": "2020-03-27T10:01:56Z", "content": "The total number of positive COVID-19 cases in Karnataka rose to 62 on Friday morning. This includes three persons who succumbed to the infection and five who were discharged after recovery.\r\nWhile three were discharged earlier, two patients have been dischar\u2026 [+1490 chars]"}, {"source": {"id": "the-hindu", "name": "The Hindu"}, "author": "Special Correspondent", "title": "Coronavirus | Major news publishers, platforms get together to tackle misinformation", "description": "Partners within the BBC\u2019s global Trusted News Initiative include The Hindu, Financial Times, The Wall Street Journal, Facebook, Google/YouTube and Twitter.", "url": "https://www.thehindu.com/news/coronavirus-major-news-publishers-platforms-get-together-to-tackle-misinformation/article31184492.ece", "urlToImage": "https://www.thehindu.com/news/o00sxr/article31184491.ece/ALTERNATES/LANDSCAPE_615/BROADCASTINGHOUSE", "publishedAt": "2020-03-27T13:18:12Z", "content": "The BBCs global Trusted News Initiative, in which The Hindu is a partner, will be extending its efforts to identifying false and potentially harmful information on the coronavirus pandemic. The initiative will have in place a system in which partners will be \u2026 [+1471 chars]"}, {"source": {"id": "the-hindu", "name": "The Hindu"}, "author": "Priscilla Jebaraj", "title": "Coronavirus | NEET postponed till last week of May", "description": "HRD Minister Ramesh Pokhriyal Nishank said he has directed the NTA to postpone the NEET as well as the already delayed Joint Engineering Examination's main paper until the last week of May.", "url": "https://www.thehindu.com/news/national/coronavirus-neet-postponed-till-last-week-of-may/article31185860.ece", "urlToImage": "https://www.thehindu.com/news/national/tmo8ul/article30042032.ece/ALTERNATES/LANDSCAPE_615/21THRAMESHPOKHRIYALNISHANK-1", "publishedAt": "2020-03-27T15:31:00Z", "content": "The National Eligibility-cum-Entrance Test (NEET), the examination for admission to undergraduate medical degree programmes, which was scheduled to be held on May 3, has been postponed.\r\nIt is now likely to be held in the last week of May, though no exact dat\u2026 [+1887 chars]"}, {"source": {"id": "the-hindu", "name": "The Hindu"}, "author": "Manojit Saha", "title": "India coronavirus lockdown | Finance Ministry pulls up banks on shut branches", "description": "Bank unions cite problems the staff faced in reaching branches.", "url": "https://www.thehindu.com/business/Economy/india-coronavirus-lockdown-finance-ministry-pulls-up-banks-on-shut-branches/article31187332.ece", "urlToImage": "https://www.thehindu.com/business/Economy/kujbs0/article31187331.ece/ALTERNATES/LANDSCAPE_615/27THNIRMALA", "publishedAt": "2020-03-27T18:11:57Z", "content": "The Union Finance Ministry has asked banks to explain why several branches are closed.\r\nIn view of the novel coronavirus lockdown, the government is monitoring the functioning of bank branches across the country. Accordingly, the daily data on the number of b\u2026 [+2229 chars]"}, {"source": {"id": "the-hindu", "name": "The Hindu"}, "author": "PTI", "title": "Coronavirus | Spurt in cyberattacks on personal computers since \u2018work from home\u2019 protocol began, says CERT-In", "description": "\u201cCyber criminals are exploiting the COVID-19 outbreak as an opportunity to send phishing emails claiming to have important updates or encouraging donations, impersonating trustworthy organisations,\u201d the CERT-In said in its latest advisory to internet users.", "url": "https://www.thehindu.com/news/national/coronavirus-spurt-in-cyberattacks-on-personal-computers-since-work-from-home-protocol-began-says-cert-in/article31184584.ece", "urlToImage": "https://www.thehindu.com/news/national/dw5zmx/article31184570.ece/ALTERNATES/LANDSCAPE_615/thvli-CYBER-ATTACK-computer-hacking", "publishedAt": "2020-03-27T13:28:16Z", "content": "There has been an increase in the number of cyberattacks on personal computer networks and routers since professionals were asked to work from home in the wake of coronavirus (COVID-19) outbreak in the country, the national cyber security agency said on Frida\u2026 [+3779 chars]"}, {"source": {"id": "the-hindu", "name": "The Hindu"}, "author": "Suhasini Haidar, Yuthika Bhargava", "title": "Coronavirus | Concerns over privacy as details of air travellers are leaked online", "description": "Privacy activists and lawyers say the issue remains serious, and that anyone being allowed to handle sensitive and private information must be sensitised.", "url": "https://www.thehindu.com/news/national/govt-departments-pass-the-buck-as-list-of-722-air-passengers-is-leaked-online/article31186276.ece", "urlToImage": "https://www.thehindu.com/news/national/hegsis/article31186275.ece/ALTERNATES/LANDSCAPE_615/NEWS2CORONAKAVACH", "publishedAt": "2020-03-27T18:33:23Z", "content": "The governments efforts to monitor people advised quarantine for the novel coronavirus ran into privacy issues on Friday, after the database of hundreds of passengers who returned from coronavirus affected countries was leaked online and shared by social medi\u2026 [+4041 chars]"}, {"source": {"id": "the-hindu", "name": "The Hindu"}, "author": "Reuters", "title": "Russia shuts State-run hotels, resorts as coronavirus cases rise past 1,000", "description": "President Vladimir Putin said he hoped Russia would defeat coronavirus in two to three months if it imposed tough measures quickly", "url": "https://www.thehindu.com/news/international/russia-shuts-state-run-hotels-resorts-as-coronavirus-cases-rise-past-1000/article31183022.ece", "urlToImage": "https://www.thehindu.com/news/international/a9fkk0/article31183021.ece/ALTERNATES/LANDSCAPE_615/VIRUSOUTBREAKRUSSIA", "publishedAt": "2020-03-27T11:15:24Z", "content": "Russia ordered its vast network of State-run hotels, resorts and recreational facilities to shut down from March 28 until June 1, as its number of confirmed coronavirus cases rose past 1,000.\r\nThe official tally of confirmed cases jumped by a record daily amo\u2026 [+1433 chars]"}, {"source": {"id": "the-hindu", "name": "The Hindu"}, "author": "AFP", "title": "Coronavirus | Spain death toll rises to 4,858 as 769 die in 24 hours", "description": "Spain has the world's second-highest death toll after Italy.", "url": "https://www.thehindu.com/news/international/coronavirus-spain-death-toll-rises-to-4858-as-769-die-in-24-hours/article31183462.ece", "urlToImage": "https://www.thehindu.com/news/international/9gozdo/article31183461.ece/ALTERNATES/LANDSCAPE_615/SPAIN", "publishedAt": "2020-03-27T11:46:35Z", "content": "The death toll in Spain soared over 4,800 Friday after 769 people died in 24 hours, in what was a record one-day figure for fatalities in the country, the government said.\r\nAlso read: Coronavirus | In Spains capital, ice rink turned into makeshift mortuary as\u2026 [+1221 chars]"}, {"source": {"id": "the-hindu", "name": "The Hindu"}, "author": "AFP", "title": "Coronavirus | 16-year-old among dead in France\u2019s highest daily toll", "description": "French authorities said on Thursday that 365 people had been killed by COVID-19 over the previous 24 hours, taking the national total of those who have died in hospital to 1,696.", "url": "https://www.thehindu.com/news/international/coronavirus-16-year-old-among-dead-in-frances-highest-daily-toll/article31186450.ece", "urlToImage": "https://www.thehindu.com/news/international/imfo10/article31186702.ece/ALTERNATES/LANDSCAPE_615/27IN-VIRUSOUTBREAKFRANCE", "publishedAt": "2020-03-27T16:53:27Z", "content": "The mother of Frances youngest coronavirus (COVID-19) victim has spoken of the unbearable loss of her 16-year-old daughter, as the country reported its highest daily toll from the pandemic.\r\nIndia coronavirus lockdown, day 3 live updates | State Helpline numb\u2026 [+1130 chars]"}, {"source": {"id": "the-hindu", "name": "The Hindu"}, "author": "PTI", "title": "'You' and 'Crocodile Dundee' actor Mark Blum dies at 69, of coronavirus complications", "description": "Actor was best known for portraying the husband of Rosanna Arquette\u2019s character in 1985\u2019s 'Desperately Seeking Susan'", "url": "https://www.thehindu.com/entertainment/movies/you-and-crocodile-dundee-actor-mark-blum-dies-of-coronavirus-complications/article31179016.ece", "urlToImage": "https://www.thehindu.com/incoming/thh8ya/article31180128.ece/ALTERNATES/LANDSCAPE_615/youjpeg", "publishedAt": "2020-03-27T08:05:12Z", "content": "Actor Mark Blum, best known for featuring in movies such as Desperately Seeking Susan and Crocodile Dundee, has died of complications from COVID-19. He was 69.\r\nThe news of his death was shared by Rebecca Damon, the executive vice-president of Screen Actors G\u2026 [+1084 chars]"}, {"source": {"id": "the-hindu", "name": "The Hindu"}, "author": "PTI", "title": "Encourage civil society groups, private sectors to team with government to fight coronavirus: Venkaiah Naidu", "description": "The Governors of Maharashtra, Kerala, Karnataka, Haryana, Gujarat, Rajasthan, Telangana, Punjab, Bihar, Madhya Pradesh, Tamil Nadu, West Bengal and Himachal Pradesh, the Lt. Governor of Delhi and the administrator of Chandigarh, and others participated in the\u2026", "url": "https://www.thehindu.com/news/national/encourage-civil-society-groups-private-sectors-to-team-with-government-to-fight-coronavirus-venkaiah-naidu/article31183171.ece", "urlToImage": "https://www.thehindu.com/news/national/ew3ia9/article31183339.ece/ALTERNATES/LANDSCAPE_615/27IN-NAIDU", "publishedAt": "2020-03-27T11:33:19Z", "content": "Vice-President M. Venkaiah Naidu on Friday urged Governors and Lieutenant Governors to enhance awareness among people and encourage civil society organisations and the private sectors to partner with the government in the fight against coronavirus (COVID-19).\u2026 [+2102 chars]"}, {"source": {"id": "the-hindu", "name": "The Hindu"}, "author": "PTI", "title": "Coronavirus | HC asks Centre to explain steps taken for evacuation of 580 Indian students from Bangladesh", "description": "The Bench issued notices to the ministries of external affairs and home affairs, and sought their responses to a plea seeking safe return of Indians stuck in Bangladesh", "url": "https://www.thehindu.com/news/cities/Delhi/coronavirus-hc-asks-centre-to-explain-steps-taken-for-evacuation-of-580-indian-students-from-bangladesh/article31182596.ece", "urlToImage": "https://www.thehindu.com/news/cities/Delhi/8ap4zg/article31182595.ece/ALTERNATES/LANDSCAPE_615/HEALTH-CORONAVIRUSBANGLADESH", "publishedAt": "2020-03-27T11:00:20Z", "content": "The Delhi High Court on Friday asked the Centre to explain steps taken by it to evacuate around 580 Indian medical students who are stranded in Bangladesh due to the coronavirus pandemic.\r\nA Bench of justices Siddharth Mridul and Talwant Singh, in a hearing c\u2026 [+1683 chars]"}, {"source": {"id": "the-hindu", "name": "The Hindu"}, "author": "PTI", "title": "Coronavirus | Elderly, differently-abled, widows to get three months\u2019 pension in advance", "description": "The Centre has decided to give three months pension in advance to all the 2.98-crore beneficiaries by the first week of April, according to the officials.", "url": "https://www.thehindu.com/news/national/coronavirus-elderly-differently-abled-widows-to-get-three-months-pension-in-advance/article31183464.ece", "urlToImage": "https://www.thehindu.com/news/national/other-states/ookfhi/article31183613.ece/ALTERNATES/LANDSCAPE_615/thvli-elderly-senior-citizens", "publishedAt": "2020-03-27T11:57:08Z", "content": "The Centre will give three months pension in advance to nearly three-crore widows, senior citizens and differently-abled in the first week of April amid the lockdown over the novel coronavirus (COVID-19) pandemic, officials said on Friday.\r\nIndia coronavirus \u2026 [+1395 chars]"}, {"source": {"id": "the-hindu", "name": "The Hindu"}, "author": "PTI", "title": "Pakistan opens borders with China to receive medical equipments as coronavirus cases cross 1,200", "description": "According to Pakistan\u2019s health ministry, the number of confirmed cases are nearly 1,235 with Sindh province on the top with 429 patients", "url": "https://www.thehindu.com/news/international/pakistan-opens-borders-with-china-to-receive-medical-equipments-as-coronavirus-cases-cross-1200/article31181232.ece", "urlToImage": "https://www.thehindu.com/news/international/ng0n1w/article31181231.ece/ALTERNATES/LANDSCAPE_615/PAKISTANDOCTORS", "publishedAt": "2020-03-27T09:24:47Z", "content": "Pakistan on Friday opened its borders with its all-weather ally China for a day to accept Chinese medical supplies to fight the growing coronavirus outbreak in the country which has infected 1,235 people and claimed nine lives, officials said.\r\nChina on Thurs\u2026 [+2087 chars]"}, {"source": {"id": "the-hindu", "name": "The Hindu"}, "author": "The Hindu Net Desk", "title": "India coronavirus lockdown, day 3 live updates | 716 confirmed cases; death toll touches 18", "description": "Worldwide, the number of coronavirus cases tops half a million, and deaths climb past 24,000.", "url": "https://www.thehindu.com/news/national/india-coronavirus-lockdown-day-3-live-updates-march-27-2020/article31178543.ece", "urlToImage": "https://www.thehindu.com/news/national/kerala/qj4mr9/article31178587.ece/ALTERNATES/LANDSCAPE_615/keralajpg", "publishedAt": "2020-03-27T02:51:11Z", "content": "COVID-19 has claimed 18 lives in India as of March 27, according to data from the Health Ministry and State governments. As many as 716 people have been tested positive for the coronavirus.\r\nThe United States overtook China and Italy to occupy the grim title \u2026 [+2150 chars]"}, {"source": {"id": "the-hindu", "name": "The Hindu"}, "author": "AFP", "title": "US has world's most confirmed coronavirus cases, overtaking China and Italy", "description": "At least 1,178 people have died of COVID-19 in the U.S., according to Johns Hopkins University.", "url": "https://www.thehindu.com/news/international/us-has-worlds-most-confirmed-coronavirus-cases-overtaking-china-and-italy/article31178493.ece", "urlToImage": "https://www.thehindu.com/news/international/a6i20c/article31178492.ece/ALTERNATES/LANDSCAPE_615/THNAKHEALTH-CORONAVIRUSUSA-NEWYORK", "publishedAt": "2020-03-27T00:56:48Z", "content": "The United States on Thursday took the grim title of the country with the most coronavirus infections and reported a record surge in unemployment as world leaders vowed $5 trillion to stave off global economic collapse.\r\nMore than 5,00,000 people around the w\u2026 [+5758 chars]"}, {"source": {"id": "the-hindu", "name": "The Hindu"}, "author": "Reuters", "title": "Coronavirus | Italy reports 919 new deaths, highest daily tally since start of outbreak", "description": "Prior to Friday's figure, the largest daily toll was registered on March 21, when 793 people died", "url": "https://www.thehindu.com/news/international/coronavirus-italy-reports-919-new-deaths-highest-daily-tally-since-start-of-outbreak/article31186659.ece", "urlToImage": "https://www.thehindu.com/news/international/b4cyzd/article31186658.ece/ALTERNATES/LANDSCAPE_615/THAVDITALY", "publishedAt": "2020-03-27T17:11:11Z", "content": "The death toll from an outbreak of coronavirus in Italy has surged by 919 to 9,134, the Civil Protection Agency said on Friday, easily the highest daily tally since the epidemic emerged on Feb. 21.\r\nPrior to Friday's figure, the largest daily toll was registe\u2026 [+1398 chars]"}, {"source": {"id": "the-hindu", "name": "The Hindu"}, "author": "PTI", "title": "Coronavirus | ICC Board discusses contingency plan", "description": "The International Cricket Council (ICC) Board discussed, via teleconference, on Friday various contingency plans for its flagship tournaments, including the World T20 and World Test Championship, in t", "url": "https://www.thehindu.com/sport/cricket/coronavirus-icc-board-discusses-contingency-plan/article31186805.ece", "urlToImage": "https://www.thehindu.com/static/theme/default/base/img/og-image.jpg", "publishedAt": "2020-03-27T17:24:07Z", "content": "The International Cricket Council (ICC) Board discussed, via teleconference, on Friday various contingency plans for its flagship tournaments, including the World T20 and World Test Championship, in the wake of COVID-19 pandemic. Sourav Ganguly was welcomed a\u2026 [+934 chars]"}, {"source": {"id": "the-hindu", "name": "The Hindu"}, "author": "PRESS TRUST OF INDIA", "title": "Coronavirus | Sporting heroes doing their bit", "description": "Cricketer Joginder, boxer Akhil and kabaddi player Ajay doing police duty in the battle against COVID-19.", "url": "https://www.thehindu.com/sport/other-sports/cricketer-joginder-boxer-akhil-and-kabaddi-player-ajay-doing-police-duty-in-the-battle-against-covid-19/article31186533.ece", "urlToImage": "https://www.thehindu.com/sport/other-sports/27v3s8/article31186530.ece/ALTERNATES/LANDSCAPE_615/TH28AJAY", "publishedAt": "2020-03-27T16:59:45Z", "content": "They were at the forefront of pursuing glory for the nation as athletes and now some Indian sporting heroes are playing a key role in the raging battle against the COVID-19 pandemic -- manning the streets as police officers persuading people to stay home amid\u2026 [+1987 chars]"}, {"source": {"id": "the-hindu", "name": "The Hindu"}, "author": "The Hindu Net Desk", "title": "Top news of the day: Boris Johnson tests positive for coronavirus, number of cases in India crosses 800, and more", "description": "The major news headlines of the day, and more.", "url": "https://www.thehindu.com/news/top-news-of-march-27-2020-boris-johnson-tests-positive-for-coronavirus-number-of-cases-in-india-crosses-800-and-more/article31185068.ece", "urlToImage": "https://www.thehindu.com/news/nskb4s/article31185067.ece/ALTERNATES/LANDSCAPE_615/BorisJohnson", "publishedAt": "2020-03-27T14:12:34Z", "content": "British Prime Minister Boris Johnson became the first major world leader to test positive for the coronavirus as Spain saw a record number of deaths from the pandemic that is threatening millions around the world. After the Prime Ministers announcement, the c\u2026 [+2561 chars]"}, {"source": {"id": "the-hindu", "name": "The Hindu"}, "author": "PTI", "title": "Coronavirus | Treat for the fans as ICC opens archives", "description": "Move enables fans to relive some of the greatest cricketing moments", "url": "https://www.thehindu.com/sport/cricket/coronavirus-treat-for-the-fans-as-icc-opens-archives/article31186785.ece", "urlToImage": "https://www.thehindu.com/static/theme/default/base/img/og-image.jpg", "publishedAt": "2020-03-27T18:04:46Z", "content": "The International Cricket Council (ICC) has opened its archives of match footage, providing fans with an opportunity to relive some of the greatest cricketing moments, including Indias World Cup triumphs as people stay indoors to fight the COVID-19 pandemic.\r\u2026 [+1476 chars]"}, {"source": {"id": "the-hindu", "name": "The Hindu"}, "author": "IANS", "title": "Coronavirus | Mikel Arteta opens up about his virus recovery", "description": "The 38-year-old Arsenal manager tested positive for the virus on March 12 but has since recovered after self-isolating.", "url": "https://www.thehindu.com/sport/football/coronavirus-mikel-arteta-opens-up-about-his-virus-recovery/article31186401.ece", "urlToImage": "https://www.thehindu.com/sport/football/bvy9u8/article31186400.ece/ALTERNATES/LANDSCAPE_615/TH28MIKELARTETA", "publishedAt": "2020-03-27T16:49:18Z", "content": "Arsenal manager Mikel Arteta, who has completely recovered from COVID-19, believes people should be emotionally more open about the pandemic.\r\nArteta, 38, tested positive for the virus on March 12 but has since recovered after self-isolating. \r\nWe are in a wo\u2026 [+1304 chars]"}, {"source": {"id": "the-hindu", "name": "The Hindu"}, "author": "PTI", "title": "Coronavirus | We will talk about IPL later: Rohit Sharma", "description": "Let life get back to normal first, says the opening batsman.", "url": "https://www.thehindu.com/sport/cricket/coronavirus-we-will-talk-about-ipl-later-rohit-sharma/article31186712.ece", "urlToImage": "https://www.thehindu.com/sport/cricket/lpppv9/article31186711.ece/ALTERNATES/LANDSCAPE_615/TH28ROHIT", "publishedAt": "2020-03-27T17:14:27Z", "content": "Sport is of least priority in these troubled times, feels India batsman Rohit Sharma, who wants to talk about IPL only after normalcy returns. \r\nRohit, who has been out of action for last two months due to calf muscle injury was due for a comeback in the Indi\u2026 [+669 chars]"}, {"source": {"id": "the-hindu", "name": "The Hindu"}, "author": "Prabalika M. Borah", "title": "Travelling in fear: an emergency trip amid the Coronavirus chaos", "description": "When you need to make an emergency trip, in the midst of a pandemic, how do you go about it? This writer found out.", "url": "https://www.thehindu.com/life-and-style/travel/travelling-for-an-emergency-in-the-time-of-coronavirus-pandemic-from-hyderabad-to-guwahati/article31180239.ece", "urlToImage": "https://www.thehindu.com/life-and-style/travel/xueb6o/article31180237.ece/ALTERNATES/LANDSCAPE_615/hy26-airports-2", "publishedAt": "2020-03-27T07:54:16Z", "content": "I had to travel from Hyderabad, just before the lockdown, because of a family emergency in Guwahati, Assam. So I armed myself with hand sanitizer, a box of sanitising wipes, a mask and breakfast. \r\nFor the first time in my life, visiting my hometown of Guwaha\u2026 [+2229 chars]"}, {"source": {"id": "the-hindu", "name": "The Hindu"}, "author": "Special Correspondent", "title": "Coronavirus | Telugu film industry pledge crores to combat COVID-19", "description": "Pavan Kalyan donates \u20b92 cr., while Chiranjeevi, Mahesh Babu and Prabhas pledge \u20b91 crore each", "url": "https://www.thehindu.com/news/cities/Hyderabad/telugu-actors-loosen-their-purse-strings/article31176453.ece", "urlToImage": "https://www.thehindu.com/news/national/andhra-pradesh/dvnegp/article30640676.ece/ALTERNATES/LANDSCAPE_615/24VJPG4-PAWANKALYAN", "publishedAt": "2020-03-27T01:33:19Z", "content": "A day after he logged into the social media platform of Twitter, actor-politician K. Chiranjeevi pledged 1 crore to help film industry workers rendered jobless due to the lockdown to stop the spread of COVID-19 outbreak in the country. \r\nThe lockdown situatio\u2026 [+1008 chars]"}, {"source": {"id": "the-hindu", "name": "The Hindu"}, "author": "Special Correspondent", "title": "Coronavirus | Telugu film industry pledge crores to combat COVID-19", "description": "Pawan Kalyan donates \u20b92 cr., while Chiranjeevi, Mahesh Babu and Prabhas pledge \u20b91 crore each", "url": "https://www.thehindu.com/entertainment/telugu-actors-loosen-their-purse-strings/article31176453.ece", "urlToImage": "https://www.thehindu.com/news/national/andhra-pradesh/dvnegp/article30640676.ece/ALTERNATES/LANDSCAPE_615/24VJPG4-PAWANKALYAN", "publishedAt": "2020-03-27T09:31:24Z", "content": "A day after he logged into the social media platform of Twitter, actor-politician K. Chiranjeevi pledged 1 crore to help film industry workers rendered jobless due to the lockdown to stop the spread of COVID-19 outbreak in the country.\r\n\u00a0The lockdown situatio\u2026 [+1009 chars]"}, {"source": {"id": "the-hindu", "name": "The Hindu"}, "author": "Special Correspondent", "title": "Coronavirus | 3 more test positive in Gautam Buddh Nagar", "description": "The fresh cases include a woman and her mother", "url": "https://www.thehindu.com/news/cities/Delhi/coronavirus-3-more-test-positive-in-gautam-buddh-nagar/article31183380.ece", "urlToImage": "https://www.thehindu.com/news/cities/Delhi/vn4509/article31183379.ece/ALTERNATES/LANDSCAPE_615/VIRUSOUTBREAKINDIA1", "publishedAt": "2020-03-27T11:37:55Z", "content": "Three more persons, including two women, have been tested positive for COVID-19 in Gautam Buddh Nagar in Uttar Pradesh on Friday, taking the total number of infected persons in the area to 17, district officials said.\r\nOne woman and her mother have been teste\u2026 [+492 chars]"}]}