{"status": "ok", "totalResults": 80, "articles": [{"source": {"id": "the-hindu", "name": "The Hindu"}, "author": "PTI", "title": "Coronavirus | Two IFS probationers recovering in Uttarakhand", "description": "Chief Minister Trivendra Singh Rawat said their recovery shows the efficiency of doctors treating them.", "url": "https://www.thehindu.com/news/national/other-states/coronavirus-two-ifs-probationers-recovering-in-uttarakhand/article31192907.ece", "urlToImage": "https://www.thehindu.com/news/national/other-states/arequz/article31192950.ece/ALTERNATES/LANDSCAPE_615/28IN-VIRUS", "publishedAt": "2020-03-28T12:28:23Z", "content": "Two IFS probationers being treated for coronavirus (COVID-19) in Uttarakhand looked on way to recovery on Saturday, while one was discharged from hospital on Friday after testing negative twice.\r\n All three have tested negative for COVID-19. One was discharge\u2026 [+1593 chars]"}, {"source": {"id": "the-hindu", "name": "The Hindu"}, "author": "Kerala Bureau", "title": "Coronavirus | Kerala registers first COVID-19 death", "description": "The 69-year-old man had a history of heart disease, says authorities.", "url": "https://www.thehindu.com/news/cities/Kochi/coronavirus-kerala-registers-first-covid-19-death/article31190635.ece", "urlToImage": "https://www.thehindu.com/sci-tech/health/69d5s0/article30795873.ece/ALTERNATES/LANDSCAPE_615/CORONAVIRUS", "publishedAt": "2020-03-28T07:09:07Z", "content": "A 69-year-old man who was admitted to the COVID-19 care centre in Ernakulam died at 8 a.m. on March 28. He is Kerala's first COVID-19 victim.\r\n\u00a0The man, who had returned from Dubai, was admitted to Ernakulam Medical College Hospital with pneumonia on March 22\u2026 [+310 chars]"}, {"source": {"id": "the-hindu", "name": "The Hindu"}, "author": "AFP", "title": "Coronavirus | Russia to close borders", "description": "A decree on the government\u2019s website said Russia would \u201ctemporarily restrict traffic\u201d across national borders to prevent new infections.", "url": "https://www.thehindu.com/news/international/coronavirus-russia-to-close-borders/article31194579.ece", "urlToImage": "https://www.thehindu.com/static/theme/default/base/img/og-image.jpg", "publishedAt": "2020-03-28T16:39:47Z", "content": "Russia is to completely close its borders from Monday to stop the spread of coronavirus (COVID-19), the government said on Saturday.\r\nA decree on the governments website said Russia would temporarily restrict traffic across national borders to prevent new inf\u2026 [+691 chars]"}, {"source": {"id": "the-hindu", "name": "The Hindu"}, "author": "Special Correspondent", "title": "Coronavirus | Amid the exodus, a plea for food, medicine, transport", "description": "200 eminent citizens write to Centre to help out workers", "url": "https://www.thehindu.com/news/national/coronavirus-amid-the-exodus-a-plea-for-food-medicine-transport/article31194977.ece", "urlToImage": "https://www.thehindu.com/news/national/q6o9jj/article31194976.ece/ALTERNATES/LANDSCAPE_615/29TH-NEWS4", "publishedAt": "2020-03-28T17:30:19Z", "content": "Feeding centres, medical care and sanitised transport services are needed to provide immediate relief to the lakhs of migrant workers stranded on roads, said an appeal to the Central government signed by 200 academics, economists, social activists, lawyers, r\u2026 [+1559 chars]"}, {"source": {"id": "the-hindu", "name": "The Hindu"}, "author": "Piyush Pandey", "title": "Tata Sons commits \u20b91000 crore to fight coronavirus", "description": "The funding is over and above \u20b9500 crore announced by Tata Trusts chairman Ratan Tata", "url": "https://www.thehindu.com/news/national/tata-sons-commits-1000-crore-to-fight-coronavirus/article31193658.ece", "urlToImage": "https://www.thehindu.com/news/national/r4w71v/article31193657.ece/ALTERNATES/LANDSCAPE_615/NASSCOMKB", "publishedAt": "2020-03-28T14:29:34Z", "content": "Tata Sons, the principal holding company of Tata Group, has announced an additional 1000 crore support towards COVID-19 and plans to manufacture ventilators.\r\nThe funding will be over and above 500 crore announced by Ratan N. Tata, Chairman, Tata Trusts for a\u2026 [+849 chars]"}, {"source": {"id": "the-hindu", "name": "The Hindu"}, "author": "Ramesh Susarla", "title": "Coronavirus | Anantapur to test everyone with recent foreign travel history", "description": "30 relatives quarantined in Hindupur following death of a positive woman in Karnataka", "url": "https://www.thehindu.com/news/national/andhra-pradesh/coronavirus-anantapur-to-test-everyone-with-recent-foreign-travel-history/article31191058.ece", "urlToImage": "https://www.thehindu.com/static/theme/default/base/img/og-image.jpg", "publishedAt": "2020-03-28T08:54:21Z", "content": "All persons with a recent foregin travel history and being monitored in home isolation by a team of paramedical staff will undergo COVID-19 swab test (whether symptomatic or asymptomatic) at the Government Medical College VDRL Microbiology Laboratory at Anant\u2026 [+1616 chars]"}, {"source": {"id": "the-hindu", "name": "The Hindu"}, "author": "AFP", "title": "U.S. confirmed coronavirus cases cross 100,000: tracker", "description": "The biggest cluster by far is in New York, home to almost half the cases, overwhelming the hospital system", "url": "https://www.thehindu.com/news/international/us-confirmed-coronavirus-cases-cross-100000-tracker/article31189441.ece", "urlToImage": "https://www.thehindu.com/news/international/uhz7xy/article31189440.ece/ALTERNATES/LANDSCAPE_615/0001Q86TU", "publishedAt": "2020-03-28T04:40:28Z", "content": "The United States now has more than 100,000 confirmed cases of the new coronavirus, a tracker maintained by Johns Hopkins University showed Friday. There have been 100,717 cases including 1,544 deaths as of 6:00 pm Eastern time.\r\nThe biggest cluster by far is\u2026 [+1096 chars]"}, {"source": {"id": "the-hindu", "name": "The Hindu"}, "author": "Reuters", "title": "Coronavirus: Hungary imposes two-week lockdown", "description": "Orban said the epidemic was expected to peak in Hungary in June or July", "url": "https://www.thehindu.com/news/international/coronavirus-hungary-imposes-two-week-lockdown/article31189231.ece", "urlToImage": "https://www.thehindu.com/news/international/dtm8mq/article31189230.ece/ALTERNATES/LANDSCAPE_615/HEALTH-CORONAVIRUSHUNGARY-RESTRICTIONS", "publishedAt": "2020-03-28T03:09:55Z", "content": "Hungarian Prime Minister Viktor Orban announced a two-week lockdown on March 27 and pressed on with plans to give the government extra powers to fight COVID-19, despite criticism by rights groups.\r\nPeople will be allowed to go to work and do basic errands and\u2026 [+2119 chars]"}, {"source": {"id": "the-hindu", "name": "The Hindu"}, "author": "AFP", "title": "Coronavirus | Deaths in U.K. surge past 1,000", "description": "The State-run National Health Service has been frantically freeing up hospital beds, and is building a 4,000-bed field hospital in a London conference centre, which is due to open next week.", "url": "https://www.thehindu.com/news/international/coronavirus-uk-deaths-surge/article31195820.ece", "urlToImage": "https://www.thehindu.com/news/international/j7fyak/article31195819.ece/ALTERNATES/LANDSCAPE_615/29AFPUK0001Q9051", "publishedAt": "2020-03-28T19:58:52Z", "content": "The number of coronavirus deaths in Britain jumped by 260 in one day to pass 1,000, official data showed Saturday, the day after Prime Minister Boris Johnson himself tested positive.\r\nThe death toll was 1,019 at 5:00 p.m. (1700 GMT) on Friday, up from 759 at \u2026 [+2982 chars]"}, {"source": {"id": "the-hindu", "name": "The Hindu"}, "author": "AFP", "title": "Coronavirus | Mali records first death hours before election", "description": "The kidnapping of Souma\u00efla Ciss\u00e9, the leader of the main opposition party, earlier in the week has also cast a pall over the vote, with a security source saying he is \u201clikely\u201d in the hands of a jihadist group.", "url": "https://www.thehindu.com/news/international/coronavirus-mali-records-first-death-hours-before-election/article31196580.ece", "urlToImage": "https://www.thehindu.com/news/international/9bdjja/article31196577.ece/ALTERNATES/LANDSCAPE_615/0001Q85GT", "publishedAt": "2020-03-28T22:31:25Z", "content": "3924Mali recorded its first coronavirus death on Saturday, a day before the West African country voted in a long-delayed parliamentary election threatened by both the pandemic and security concerns.\r\nThe kidnapping of the leader of the main opposition party e\u2026 [+3642 chars]"}, {"source": {"id": "the-hindu", "name": "The Hindu"}, "author": "AFP", "title": "Coronavirus | Italy\u2019s toll tops 10,000, becomes highest in world", "description": "An additional 5,974 infections brought to 92,472, the number of people who have officially tested positive for COVID-19 in Italy since the crisis began last month.", "url": "https://www.thehindu.com/news/international/coronavirus-italys-toll-becomes-highest-in-world/article31195280.ece", "urlToImage": "https://www.thehindu.com/incoming/fueq2x/article31195344.ece/ALTERNATES/LANDSCAPE_615/23thmar0001Q75P5jpg", "publishedAt": "2020-03-28T18:15:45Z", "content": "Italys death toll from the novel coronavirus shot past 10,000 on Saturday with 889 new deaths, the countrys Civil Protection Service said.\r\nThe toll in Italy, which has suffered more deaths than any other country, now stands at 10,023. An additional 5,974 inf\u2026 [+138 chars]"}, {"source": {"id": "the-hindu", "name": "The Hindu"}, "author": "Reuters", "title": "Coronavirus: Turkey adopts \u2018voluntary quarantine\u2019, suspends international flights", "description": "Pandemic councils to be formed in 30 biggest cities to take additional precautions if necessary", "url": "https://www.thehindu.com/news/international/coronavirus-turkey-adopts-voluntary-quarantine-suspends-international-flights/article31189277.ece", "urlToImage": "https://www.thehindu.com/news/international/cbf6xq/article31189274.ece/ALTERNATES/LANDSCAPE_615/HEALTH-CORONAVIRUSG20-TURKEY", "publishedAt": "2020-03-28T03:37:23Z", "content": "President Tayyip Erdogan called on March 27 for a voluntary quarantine in which Turks stay at home except for shopping or basic needs to stem a surge of coronavirus cases, which jumped by a third in a day to 5,698 with 92 dead.\r\nIf we don't want these measure\u2026 [+1679 chars]"}, {"source": {"id": "the-hindu", "name": "The Hindu"}, "author": "PTI", "title": "Coronavirus: US to airlift citizens stranded in India", "description": "The US government is making arrangements to airlift over 2,000 American citizens stranded in India due to the suspension of flights and the lockdown in the country to limit the spread of the cornoviru", "url": "https://www.thehindu.com/news/international/coronavirus-us-to-airlift-citizens-stranded-in-india/article31191444.ece", "urlToImage": "https://www.thehindu.com/static/theme/default/base/img/og-image.jpg", "publishedAt": "2020-03-28T09:59:44Z", "content": "The US government is making arrangements to airlift over 2,000 American citizens stranded in India due to the suspension of flights and the lockdown in the country to limit the spread of the cornovirus pandemic, the State Department has said.\r\n Prime Minister\u2026 [+1618 chars]"}, {"source": {"id": "the-hindu", "name": "The Hindu"}, "author": "Agence France-Presse", "title": "China\u2019s coronavirus epicentre eases travel restrictions after lockdown", "description": "People stranded elsewhere are allowed to enter Wuhan.", "url": "https://www.thehindu.com/news/international/chinas-coronavirus-epicentre-eases-travel-restrictions-after-lockdown/article31194897.ece", "urlToImage": "https://www.thehindu.com/news/international/e5k6xw/article31194896.ece/ALTERNATES/LANDSCAPE_615/TH29-CHINA-LIFEINWUHAN", "publishedAt": "2020-03-28T17:17:01Z", "content": "Trains packed with thousands of passengers arrived in Wuhan on Saturday as the Chinese city that was Ground Zero for the global coronavirus (COVID-19) pandemic partly reopened after months in lockdown.\r\nReturnees, some wearing two face masks, latex gloves and\u2026 [+1338 chars]"}, {"source": {"id": "the-hindu", "name": "The Hindu"}, "author": "Reuters", "title": "Thailand reports 109 new coronavirus cases and one death", "description": "The latest death is of a patient with some prior health complication, Taweesin Wisanuyothin, the CCSA spokesman said.", "url": "https://www.thehindu.com/news/international/thailand-reports-109-new-coronavirus-cases-and-one-death/article31189566.ece", "urlToImage": "https://www.thehindu.com/news/international/46s48i/article31189565.ece/ALTERNATES/LANDSCAPE_615/THAILAND", "publishedAt": "2020-03-28T05:09:52Z", "content": "Thailand reported 109 new coronavirus cases and one death, bringing the total to 1,245 infections and 6 deaths, the spokesman of the government's Center for COVID-19 Situation Administration (CCSA) said on Saturday.\r\nThe latest death is of a patient with some\u2026 [+465 chars]"}, {"source": {"id": "the-hindu", "name": "The Hindu"}, "author": "PTI", "title": "China to share coronavirus data with US: Trump", "description": "Mr. Trump spoke to Mr. Xi over telephone, days after the US president angered Beijing by referring to the coronavirus as \u201cChinese virus\u201d and his Secretary of State Mike Pompeo said China\u2019s ruling Communist Party posed a \u201csubstantial threat\u201d to Americans\u2019 heal\u2026", "url": "https://www.thehindu.com/news/international/china-to-share-coronavirus-data-with-us-trump/article31189338.ece", "urlToImage": "https://www.thehindu.com/news/international/jp9atk/article28224207.ece/ALTERNATES/LANDSCAPE_615/TRUMPG20USCHINA", "publishedAt": "2020-03-28T04:08:28Z", "content": "China will share its data related to the novel coronavirus pandemic with the US and the country will learn from Beijings experience, President Donald Trump has said, a day after he held an hour-long conversation with his Chinese counterpart Xi Jinping.\r\nMr. T\u2026 [+4695 chars]"}, {"source": {"id": "the-hindu", "name": "The Hindu"}, "author": "PTI", "title": "Coronavirus lockdown | Human rights bodies ask police to ensure marginalised are not mistreated", "description": "\u201cFor these people, a state machinery has become a larger threat than the COVID-19 pandemic,\u201d said Amensty International India executive director Avinash Kumar.", "url": "https://www.thehindu.com/news/national/coronavirus-lockdown-human-rights-bodies-ask-police-to-ensure-marginalised-are-not-mistreated/article31194005.ece", "urlToImage": "https://www.thehindu.com/news/national/j9ugc/article31194004.ece/ALTERNATES/LANDSCAPE_615/28THPOLICEACTIONONLOCALS", "publishedAt": "2020-03-28T15:33:33Z", "content": "The Amnesty International and the Human Rights Watch (HRW) on Saturday urged police forces in the country to act with restrain while maintaining law and order during the coronavirus lockdown.\r\n The lockdown has left millions stranded, struggling to search for\u2026 [+1472 chars]"}, {"source": {"id": "the-hindu", "name": "The Hindu"}, "author": "PTI", "title": "Coronavirus lockdown | UP govt. arranges 1,000 buses for stranded migrant workers", "description": "On Saturday morning, senior police officers reached the Charbagh bus station in Lucknow to ensure that those arriving there were provided with food and water.", "url": "https://www.thehindu.com/news/national/other-states/coronavirus-lockdown-up-govt-arranges-1000-buses-for-stranded-migrant-workers/article31190990.ece", "urlToImage": "https://www.thehindu.com/news/national/other-states/smei85/article31190989.ece/ALTERNATES/LANDSCAPE_615/uttarpradesh-migrants", "publishedAt": "2020-03-28T08:38:10Z", "content": "The Uttar Pradesh government has arranged for 1,000 buses to ferry migrant labourers who are stranded on the border districts owing to a countrywide lockdown, an official spokesperson said on Saturday.\r\n Officials of the Transport Department, bus drivers and \u2026 [+1192 chars]"}, {"source": {"id": "the-hindu", "name": "The Hindu"}, "author": "Omar Rashid", "title": "Coronavirus | Despite U.P. CM\u2019s appeal, migrant workers throng Lucknow\u2019s bus stands", "description": "Without work or money, they see little point in staying put.", "url": "https://www.thehindu.com/news/national/other-states/despite-cms-appeal-migrant-workers-throng-lucknows-bus-stands/article31195738.ece", "urlToImage": "https://www.thehindu.com/news/national/other-states/a9lqea/article31195737.ece/ALTERNATES/LANDSCAPE_615/IMG20200328123727", "publishedAt": "2020-03-28T19:12:35Z", "content": "Do din ho gaye khana nahi mila abhi (its two days since we have got proper food), said Neeraj Yadav as he trudged along a deserted street, hefting his meagre belongings.\r\nWith a small group of friends, Mr. Yadav is heading towards the Qaiserbagh bus station i\u2026 [+5086 chars]"}, {"source": {"id": "the-hindu", "name": "The Hindu"}, "author": "PTI", "title": "All BJP MPs to release \u20b91 crore from MPLADS funds for coronavirus relief", "description": "Party president J.P. Nadda added that all party MPs and MLAs will donate their one month salary towards it as well.", "url": "https://www.thehindu.com/news/national/all-bjp-mps-to-release-1-crore-from-mplads-funds-for-coronavirus-relief/article31192768.ece", "urlToImage": "https://www.thehindu.com/news/national/veo962/article31192767.ece/ALTERNATES/LANDSCAPE_615/NADDKB", "publishedAt": "2020-03-28T12:10:02Z", "content": "New Delhi BJP president J.P. Nadda on Saturday announced that all party MPs will release 1 crore from their annual development fund to the central relief fund to fight the COVID-19 pandemic. In his tweets, he also said that all party MPs and MLAs will donate \u2026 [+521 chars]"}, {"source": {"id": "the-hindu", "name": "The Hindu"}, "author": "The Hindu Net Desk", "title": "Morning digest: India to add 40,000 ventilators by June to battle coronavirus, Kerala man among Kabul gurdwara attackers, and more", "description": "A select list of stories to read before you start your day", "url": "https://www.thehindu.com/news/morning-digest-march-28-2020/article31188239.ece", "urlToImage": "https://www.thehindu.com/news/national/other-states/ta2uef/article31182097.ece/ALTERNATES/LANDSCAPE_615/MPCORONA", "publishedAt": "2020-03-28T02:09:50Z", "content": "As the ICMR on Friday confirmed 75 fresh cases and 17 deaths in the COVID-19 outbreak, the Union Health Ministry announced that it was scaling up measures to combat the virus by bringing in 40,000 more ventilators in the next three months.\r\nCabinet Secretary \u2026 [+2344 chars]"}, {"source": {"id": "the-hindu", "name": "The Hindu"}, "author": "The Hindu Net Desk", "title": "India coronavirus lockdown, day 4 live updates | 871 positive cases, 21 death in India", "description": "The coronavirus outbreak has infected some 5,80,000 people and killed over 26,000 around the world after emerging in China in December 2019.", "url": "https://www.thehindu.com/news/national/india-coronavirus-lockdown-day-4-live-updates-871-positive-cases-21-death-in-india/article31189213.ece", "urlToImage": "https://www.thehindu.com/news/cities/Visakhapatnam/556coq/article31189216.ece/ALTERNATES/LANDSCAPE_615/andhrajpg", "publishedAt": "2020-03-28T02:58:24Z", "content": "COVID-19 has claimed 21 lives in India as of March 27, according to data from the Health Ministry and State governments. As many as 871 people have been tested positive for the coronavirus.\r\nThe outbreak has infected some 5,80,000 people and killed over 26,00\u2026 [+3494 chars]"}, {"source": {"id": "the-hindu", "name": "The Hindu"}, "author": "Mahesh Langa", "title": "Oxford University\u2019s coronavirus vaccine opens for clinical trial on humans", "description": "ChAdOx1 nCoV-19, the COVID-19 vaccine developed by Oxford, is based on an adenovirus vaccine vector and the SARS-CoV-2 spike protein.", "url": "https://www.thehindu.com/sci-tech/health/oxford-universitys-coronavirus-vaccine-opens-for-clinical-trial-on-humans/article31189704.ece", "urlToImage": "https://www.thehindu.com/sci-tech/health/xaaons/article31189701.ece/ALTERNATES/LANDSCAPE_615/oxfordhealth", "publishedAt": "2020-03-28T05:48:37Z", "content": "As the world is grappling with thousands of deaths and lakhs of coronavirus-infected cases, there is some hope as the worlds top university Oxford has announced its vaccine is entering Phase 1 clinical trials in humans.\r\nIn a press release, University of Oxfo\u2026 [+3853 chars]"}, {"source": {"id": "the-hindu", "name": "The Hindu"}, "author": "R. Prasad", "title": "Silent spread of novel coronavirus in Italy went undetected for weeks", "description": "By the time the first case was reported, the virus had already spread to most areas in southern Lombardy", "url": "https://www.thehindu.com/sci-tech/science/silent-spread-of-novel-coronavirus-in-italy-went-undetected-for-weeks/article31192774.ece", "urlToImage": "https://www.thehindu.com/sci-tech/science/o3lcmm/article31192773.ece/ALTERNATES/LANDSCAPE_615/29TH-SCIITALY1", "publishedAt": "2020-03-28T12:11:48Z", "content": "Italy reported its first laboratory-confirmed case of novel coronavirus (SARS-CoV-2) on February 20. But according to a study posted in a preprint repository arXiv, people appear to have been infected in early January and started showing symptoms by January 1\u2026 [+2879 chars]"}, {"source": {"id": "the-hindu", "name": "The Hindu"}, "author": "K.Shiv Shanker", "title": "Coronavirus | Telangana reports first death", "description": "Telangana Health Minister Eatala Rajender said that the 74-year-old man went to a masjid in Delhi.", "url": "https://www.thehindu.com/news/national/telangana/coronavirus-telangana-reports-first-death/article31194380.ece", "urlToImage": "https://www.thehindu.com/news/national/telangana/bdd9za/article31194379.ece/ALTERNATES/LANDSCAPE_615/TELANGANA", "publishedAt": "2020-03-28T16:18:13Z", "content": "The first death of a person who tested positive for coronavirus, was recorded in Telangana. A 74-year-old man with travel history to Delhi died at a private hospital. Samples collected from him tested positive for the virus.\r\nTelangana Health Minister Eatala \u2026 [+438 chars]"}, {"source": {"id": "the-hindu", "name": "The Hindu"}, "author": "Mahesh Langa", "title": "Oxford University\u2019s coronavirus vaccine opens for clinical trial on humans", "description": "ChAdOx1 nCoV-19, the COVID-19 vaccine developed by Oxford, is based on an adenovirus vaccine vector and the SARS-CoV-2 spike protein.", "url": "https://www.thehindu.com/sci-tech/health/oxford-universitys-coronavirus-vaccine-opens-for-clinical-trial-on-humans/article31189652.ece", "urlToImage": "https://www.thehindu.com/static/theme/default/base/img/og-image.jpg", "publishedAt": "2020-03-28T05:25:24Z", "content": "As the world is grappling with thousands of deaths and lakhs of coronavirus-infected cases, there is some hope as the worlds top university Oxford has announced its vaccine is entering Phase 1 clinical trials in humans.\r\nIn a press release, University of Oxfo\u2026 [+3806 chars]"}, {"source": {"id": "the-hindu", "name": "The Hindu"}, "author": "AFP", "title": "Coronavirus | Toll in U.S. hits new records", "description": "New York is the epicenter of the U.S. outbreak, with more than 50,000 \u2014 or about half \u2014 of the country\u2019s total cases.", "url": "https://www.thehindu.com/news/international/coronavirus-toll-in-us-hits-new-records/article31195855.ece", "urlToImage": "https://www.thehindu.com/news/international/457gc7/article31195854.ece/ALTERNATES/LANDSCAPE_615/0001Q90QM", "publishedAt": "2020-03-28T21:35:13Z", "content": "The number of new coronavirus cases in the United States, already the worlds highest, reached new records on Saturday, a count by Johns Hopkins University showed.\r\nAlso read:NY Presidential Primaries delayed, Trump eyes quarantine\r\nOver the past 48 hours the \u2026 [+848 chars]"}, {"source": {"id": "the-hindu", "name": "The Hindu"}, "author": "Reuters", "title": "Haiti hospital chief kidnapped amid coronavirus emergency", "description": "Dr. Jerry Bitar, a surgeon, was kidnapped shortly after leaving for work at Hospital Bernard Mevs from his home in an upmarket neighborhood of the capital, hospital staff told Reuters.", "url": "https://www.thehindu.com/news/international/haiti-hospital-chief-kidnapped-amid-coronavirus-emergency/article31189173.ece", "urlToImage": "https://www.thehindu.com/news/international/wxqemw/article29602139.ece/ALTERNATES/LANDSCAPE_615/2jpg", "publishedAt": "2020-03-28T02:04:03Z", "content": "The director of one of Haiti's top hospitals was kidnapped on Friday, prompting staff to refuse to take in new patients in protest as the impoverished country battles an outbreak of the novel coronavirus amid a spike in gang violence.\r\nDr. Jerry Bitar, a surg\u2026 [+3049 chars]"}, {"source": {"id": "the-hindu", "name": "The Hindu"}, "author": "Special Correspondent", "title": "Coronavirus | Haryana arranges facilities for migrants", "description": "Chief Minister Manohar Lal Khattar said checkpoints should be set up at each district to stop labourers movement and they can be further encouraged to stay in \u2018safe camps\u2019 which have been specially set up for them.", "url": "https://www.thehindu.com/news/national/other-states/coronavirus-haryana-arranges-facilities-for-migrants/article31195848.ece", "urlToImage": "https://www.thehindu.com/static/theme/default/base/img/og-image.jpg", "publishedAt": "2020-03-28T21:08:19Z", "content": "Haryana Chief Minister Manohar Lal Khattar on Saturday said that officials at the district level across the State had been directed to make arrangements for medical, stay and food facilities for migrant labourers. He gave the directions at a crisis coordinati\u2026 [+1354 chars]"}, {"source": {"id": "the-hindu", "name": "The Hindu"}, "author": "Amit Baruah", "title": "Coronavirus | Similar stories, very personal tragedies", "description": "\u201cNo one thinks of us. They should have spared a thought for us,\u201d say migrant workers", "url": "https://www.thehindu.com/news/national/coronavirus-similar-stories-very-personal-tragedies/article31191208.ece", "urlToImage": "https://www.thehindu.com/news/national/mdqire/article31191207.ece/ALTERNATES/LANDSCAPE_615/IMG3254", "publishedAt": "2020-03-28T09:19:05Z", "content": "Their stories are similar, their tragedies their own. Hundreds of workers, some accompanied by children, are on the move in both directions on National Highway-8, which links New Delhi with Jaipur. They are headed home to Sawai Madhopur, to Ayodhya, to Kannau\u2026 [+2597 chars]"}, {"source": {"id": "the-hindu", "name": "The Hindu"}, "author": "Associated Press", "title": "China sends medical aid to Pakistan to combat coronavirus outbreak", "description": "Plane with medical workers and aid reaches Islamabad", "url": "https://www.thehindu.com/news/international/china-sends-medical-aid-to-pakistan-to-combat-coronavirus-outbreak/article31194861.ece", "urlToImage": "https://www.thehindu.com/static/theme/default/base/img/og-image.jpg", "publishedAt": "2020-03-28T17:12:27Z", "content": "China sent a plane loaded with medical personnel and supplies to help Pakistan fight the spread of the coronavirus (COVID-19) in one of the worlds most populous nations, the Pakistani Foreign Ministry said Saturday.\r\nState Helpline numbers | Interactive map o\u2026 [+1476 chars]"}, {"source": {"id": "the-hindu", "name": "The Hindu"}, "author": "Aishwarya Upadhye", "title": "COVID-19: Cartoonists vs fake news during the Coronavirus lockdown", "description": "Tired of telling your family that garlic is more likely to keep the neighbours away than deter the virus? Here's some help from an unexpected quarter \u2014 cartoonists take on fake news", "url": "https://www.thehindu.com/entertainment/art/trending-now-cartoonists-on-social-media-fight-fake-news-during-the-covid-19-lockdown/article31191907.ece", "urlToImage": "https://www.thehindu.com/entertainment/art/wnk4k6/article31191904.ece/ALTERNATES/LANDSCAPE_615/Ravanan", "publishedAt": "2020-03-28T11:10:57Z", "content": "As India comes to a standstill due to the Coronavirus pandemic, cartoonists are swinging into action, to reach out to people and raise awareness about the virus, in an approachable, fun way.\r\nUnverified WhatsApp forwards are spreading fast, probably faster th\u2026 [+4540 chars]"}, {"source": {"id": "the-hindu", "name": "The Hindu"}, "author": "Ashish Rukhaiyar", "title": "Coronavirus | Why has the stock market been so volatile?", "description": "How long will the bear phase last?", "url": "https://www.thehindu.com/business/markets/coronavirus-why-has-the-stock-market-been-so-volatile/article31194421.ece", "urlToImage": "https://www.thehindu.com/business/markets/8r3c9i/article31194420.ece/ALTERNATES/LANDSCAPE_615/29THiStock-1212665854", "publishedAt": "2020-03-28T16:49:06Z", "content": "The story so far: On Friday, even after the Reserve Bank of India announced a slew of measures to boost the economy in the time of a pandemic, shares fell 1% to close at 29,416 points. The stock market has seen a lot of volatility with the benchmark Sensex ha\u2026 [+4534 chars]"}, {"source": {"id": "the-hindu", "name": "The Hindu"}, "author": "Special Correspondent", "title": "Coronavirus | First case for Cauvery delta from Kumbakonam", "description": "He is responding well to treatment at the hospital, says Dean.", "url": "https://www.thehindu.com/news/cities/Tiruchirapalli/first-covid-19-case-for-cauvery-delta-from-kumbakonam/article31196169.ece", "urlToImage": "https://www.thehindu.com/static/theme/default/base/img/og-image.jpg", "publishedAt": "2020-03-28T22:10:09Z", "content": "A 43-year-old man of Kumbakonam has tested positive for COVID-19 virus. This is the first case in Thanajvur district and for the delta region.\r\nThe patient had arrived from Chennai from West Indies via West Asia on March 18 and proceeded to Kumbakonam by road\u2026 [+1499 chars]"}, {"source": {"id": "the-hindu", "name": "The Hindu"}, "author": "R. Prasad", "title": "Coronavirus transmission possible from mother to child", "description": "Researchers found elevated levels of specific antibodies in a newborn", "url": "https://www.thehindu.com/sci-tech/health/possible-transmission-of-novel-coronavirus-from-mother-to-child/article31192788.ece", "urlToImage": "https://www.thehindu.com/static/theme/default/base/img/og-image.jpg", "publishedAt": "2020-03-28T15:49:37Z", "content": "A possible case of transmission of novel coronavirus (SARS-CoV-2) from the mother to the child has been reported on March 26 in the Journal of the American Medical Association (JAMA). The researchers from the Renmin Hospital of Wuhan University and other hosp\u2026 [+2191 chars]"}, {"source": {"id": "the-hindu", "name": "The Hindu"}, "author": "Shubashree Desikan", "title": "Coronavirus | Densely-packed areas in cities are vulnerable, says biocomplexity expert Madhav Marathe", "description": "\u201cYou can control COVID-19 via social distancing. You have to decide how effective that mechanism should be. We try and buy time until we have antivirals or a vaccine.\u201d", "url": "https://www.thehindu.com/sci-tech/health/coronavirus-densely-packed-areas-in-cities-are-vulnerable-says-biocomplexity-expert-madhav-marathe/article31195212.ece", "urlToImage": "https://www.thehindu.com/sci-tech/health/n7an3x/article31195211.ece/ALTERNATES/LANDSCAPE_615/28thmarMadhav-Marathe", "publishedAt": "2020-03-28T17:52:42Z", "content": "Madhav Marathe has extensive experience in modelling and studying infectious diseases. His group has supported almost every outbreak response in the US since 2002, including planning for the H5N1 in 2005, H1N1 in 2009, MERS in 2012, Ebola in 2014 and Zika in \u2026 [+15017 chars]"}, {"source": {"id": "the-hindu", "name": "The Hindu"}, "author": "Reuters", "title": "'Sorry, some will die': President Jair Bolsonaro on Brazil's coronavirus death toll", "description": "The President accused a state governor of manipulating the numbers for political ends, without giving evidence for his claims.", "url": "https://www.thehindu.com/news/international/brazils-bolsonaro-questions-coronavirus-deaths-says-sorry-some-will-die/article31189205.ece", "urlToImage": "https://www.thehindu.com/news/international/qpt6e3/article31189204.ece/ALTERNATES/LANDSCAPE_615/1208424724THNAK", "publishedAt": "2020-03-28T02:34:21Z", "content": "Brazil's President Jair Bolsonaro on Friday cast doubt on Sao Paulo's death toll from the coronavirus outbreak and accused the state governor of manipulating the numbers for political ends, without giving evidence for his claims.\r\nMr. Bolsonaro's accusations \u2026 [+3719 chars]"}, {"source": {"id": "the-hindu", "name": "The Hindu"}, "author": "PTI", "title": "Will consider Pakistan\u2019s request for financial aid to cope with coronavirus outbreak challenges: IMF", "description": "The COVID-19 cases in Pakistan on Saturday rose to over 1,320, including 11 deaths.", "url": "https://www.thehindu.com/news/international/will-consider-pakistans-request-for-financial-aid-to-cope-with-coronavirus-outbreak-challenges-imf/article31190829.ece", "urlToImage": "https://www.thehindu.com/news/international/drmwsz/article30941693.ece/ALTERNATES/LANDSCAPE_615/IMFFILE", "publishedAt": "2020-03-28T07:54:26Z", "content": "The International Monetary Fund (IMF) has said it would consider Pakistans request for financial assistance to cope with the challenges being posed by the novel coronavirus outbreak in the country.\r\nThe COVID-19 cases in Pakistan on Saturday rose to over 1,32\u2026 [+1714 chars]"}, {"source": {"id": "the-hindu", "name": "The Hindu"}, "author": "Gowri S", "title": "Tamil folk and classical art forms unite to fight Coronavirus in this music video", "description": "Titled \u2018United to Heal: Coronavai Jeyippom\u2019, the video features parai attam, silambattam, gaana, folk dance and Bharatanatyam in a bid to show that unity is key in the time of crisis", "url": "https://www.thehindu.com/entertainment/music/this-tamil-music-video-on-coronavirus-integrates-the-folk-art-forms-of-tamil-nadu/article31192700.ece", "urlToImage": "https://www.thehindu.com/entertainment/music/dsrso1/article31192695.ece/ALTERNATES/LANDSCAPE_615/United-to-Heal---Coronavai-Jeyippom3", "publishedAt": "2020-03-28T11:57:46Z", "content": "To the backdrop of a peppy mridangam bit that eventually joins the foot-tapping beats of parai, a couple of Bharatanatyam dancers alternate their vivacious movements with others. In the interludes, a woman wielding a silambam replete with colourful ribbons ti\u2026 [+2950 chars]"}, {"source": {"id": "the-hindu", "name": "The Hindu"}, "author": "PTI", "title": "Coronavirus lockdown | GoAir offers to fly migrant workers to home States", "description": "GoAir has reached out to the Civil Aviation Ministry and offered its services to fly these workers and their families to the airports closest to their homes, the airline said.", "url": "https://www.thehindu.com/news/national/coronavirus-lockdown-goair-offers-to-fly-migrant-workers-to-home-states/article31193513.ece", "urlToImage": "https://www.thehindu.com/news/national/8s64r4/article31193512.ece/ALTERNATES/LANDSCAPE_615/28THGOAIR", "publishedAt": "2020-03-28T13:58:57Z", "content": "GoAir on Saturday evinced interest in flying thousands of stranded migrant workers in various States to the airports closer to their homes amid the lockdown across the country, and said it has approached the government on this issue.\r\nWith both passenger trai\u2026 [+1123 chars]"}, {"source": {"id": "the-hindu", "name": "The Hindu"}, "author": "PTI", "title": "Coronavirus: U.S. announces $174 mn aid to 64 countries including $2.9 mn to India", "description": "According to United States Agency for International Development (USAID) Deputy Administrator, the new assistance builds on the U.S.\u2019 record of global health leadership.", "url": "https://www.thehindu.com/news/international/coronavirus-us-announces-174-mn-aid-to-64-countries-including-29-mn-to-india/article31189157.ece", "urlToImage": "https://www.thehindu.com/news/international/hdk3x3/article31189156.ece/ALTERNATES/LANDSCAPE_615/HEALTH-CORONAVIRUSUSA", "publishedAt": "2020-03-28T00:55:58Z", "content": "The United States on Friday announced $174 million financial assistance to 64 countries including $2.9 million to India to help them fight the coronavirus pandemic.\r\nThis is in addition to the $100 million aid announced by the U.S. in February.\r\nThe newly ann\u2026 [+1735 chars]"}, {"source": {"id": "the-hindu", "name": "The Hindu"}, "author": "Peerzada Ashiq", "title": "Coronavirus | Inured to lockdowns, but Valley hit hardest by latest one", "description": "Kashmir is now in its ninth day of a new lockdown. If the COVID-19 crisis does not subside by May, around 11,789 tonnes of cherry may be buried in the Valley\u2019s orchards.", "url": "https://www.thehindu.com/news/national/other-states/coronavirus-inured-to-lockdowns-but-valley-hit-hardest-by-latest-one/article31195841.ece", "urlToImage": "https://www.thehindu.com/news/national/other-states/a43ak1/article31195840.ece/ALTERNATES/LANDSCAPE_615/NEWS1KASHMIR", "publishedAt": "2020-03-28T21:04:38Z", "content": "Despite being a Friday, the only objects visible on the roads at Khimber village are concertina wires and the only sound is that of rain.\r\n\u00a0Despite 30 years of militancy, prolonged shutdowns and curfews, the COVID-19 outbreak has proved a greater challenge to\u2026 [+2882 chars]"}, {"source": {"id": "the-hindu", "name": "The Hindu"}, "author": "Bindu Shajan Perappadan", "title": "Coronavirus | Can drugs for Ebola be used to treat COVID-19?", "description": "What are the medicines being considered for the novel coronavirus pandemic?", "url": "https://www.thehindu.com/sci-tech/health/coronavirus-can-drugs-for-ebola-be-used-to-treat-covid-19/article31194458.ece", "urlToImage": "https://www.thehindu.com/sci-tech/health/hb0k83/article31194457.ece/ALTERNATES/LANDSCAPE_615/29THiStock-1210176669", "publishedAt": "2020-03-28T16:50:28Z", "content": "The story so far: Globally unknown till under 200-days ago, the virus SARS-CoV-2, has today, according to the World Health Organization (WHO), caused the worlds largest pandemic. Over half-a-million people are under lockdown, over six lakh are infected and ne\u2026 [+7262 chars]"}, {"source": {"id": "the-hindu", "name": "The Hindu"}, "author": "Suresh Seshadri", "title": "Coronavirus | Why has Kerala sought a relaxation of Fiscal Responsibility and Budget Management rules?", "description": "When can norms of the FRBM Act be flexible? How will it help?", "url": "https://www.thehindu.com/business/Economy/coronavirus-why-has-kerala-sought-a-relaxation-of-fiscal-responsibility-and-budget-management-rules/article31194488.ece", "urlToImage": "https://www.thehindu.com/business/Economy/5apg8h/article31194487.ece/ALTERNATES/LANDSCAPE_615/29THiStock-931658480", "publishedAt": "2020-03-28T16:52:29Z", "content": "The story so far: Kerala was one of the earliest States to announce an economic package of 20,000 crore to mitigate the impact on livelihoods and overall economic activity from the sweeping steps taken to battle the COVID-19 pandemic, including the latest 21-\u2026 [+5830 chars]"}, {"source": {"id": "the-hindu", "name": "The Hindu"}, "author": "R. Prasad", "title": "Possible transmission of novel coronavirus from mother to child", "description": "Researchers found elevated levels of specific antibodies in a newborn", "url": "https://www.thehindu.com/sci-tech/science/possible-transmission-of-novel-coronavirus-from-mother-to-child/article31192788.ece", "urlToImage": "https://www.thehindu.com/static/theme/default/base/img/og-image.jpg", "publishedAt": "2020-03-28T12:13:35Z", "content": "A possible case of transmission of novel coronavirus (SARS-CoV-2) from the mother to the child has been reported on March 26 in the Journal of the American Medical Association (JAMA). The researchers from the Renmin Hospital of Wuhan University and other hosp\u2026 [+2191 chars]"}, {"source": {"id": "the-hindu", "name": "The Hindu"}, "author": "Bindu Shajan Perappadan", "title": "Coronavirus | With over 180 fresh cases in 24 hours, India shifts focus to hotspots", "description": "No change in testing strategy, says ICMR; Kerala reports first death in Ernakulam.", "url": "https://www.thehindu.com/news/national/coronavirus-with-over-180-fresh-cases-in-24-hours-india-shifts-focus-to-hotspots/article31195396.ece", "urlToImage": "https://www.thehindu.com/news/national/psicum/article31195395.ece/ALTERNATES/LANDSCAPE_615/SRINAGAR", "publishedAt": "2020-03-28T18:21:03Z", "content": "With 185 new cases and two deaths due to COVID-19 reported in the last 24 hours, the Union Health Ministry on March 28 announced a change in strategy with increased focus on high-disease burden hotspots across India. Working with the State governments, there \u2026 [+4743 chars]"}, {"source": {"id": "the-hindu", "name": "The Hindu"}, "author": "Chitra Deepa Anantharam", "title": "Cultivating a rice-eating habit amid Coronavirus lockdown", "description": "Spirit of the Earth wants people to share heritage rice recipes on Instagram, to understand mindful eating and immunity building", "url": "https://www.thehindu.com/life-and-style/food/cultivating-a-rice-eating-habit-amid-coronavirus-lockdown/article31192744.ece", "urlToImage": "https://www.thehindu.com/life-and-style/food/oo6hkz/article31192742.ece/ALTERNATES/LANDSCAPE_615/CDCookerygarlicrice2", "publishedAt": "2020-03-28T12:07:33Z", "content": "Research says it takes 21 days to form a new habit. We have 21 days at home yes, its a lockdown, but its also an opportunity to reflect on our lifestyle, and understand the impact of it on our health, environment and community at large, says Jayanthi Somasund\u2026 [+3150 chars]"}, {"source": {"id": "the-hindu", "name": "The Hindu"}, "author": "AFP", "title": "Coronavirus | Iran death toll crosses 2,500", "description": "Health Ministry spokesman Kianoush Jahanpour told a news conference that 3,076 more cases had been confirmed in the past 24 hours, bringing the total number of infections to 35,408.", "url": "https://www.thehindu.com/news/international/coronavirus-iran-death-toll-crosses-2500/article31194807.ece", "urlToImage": "https://www.thehindu.com/news/international/lzavi6/article31194805.ece/ALTERNATES/LANDSCAPE_615/28IN-APTOPIXVIRUSOUTBREAKMIDEASTIRAN", "publishedAt": "2020-03-28T17:01:56Z", "content": "Iran announced on Saturday that 139 more people had died from the novel coronavirus (SARS-CoV-2), raising the official death toll to 2,517.\r\nGlobal death toll crosses 27,000, over six lakh cases registered in 183 countries\r\nHealth Ministry spokesman Kianoush \u2026 [+1119 chars]"}, {"source": {"id": "the-hindu", "name": "The Hindu"}, "author": "Special Correspondent", "title": "Coronavirus | Four in Muthupettai home-quarantined", "description": "According to police, Kadher Masthan, 62, Mansoor 61, Mohaideen, 57, and Siddiq, 62, undertook a \u2018Thapleek jamaath\u2019 trip to New Delhi during the second week of this month.", "url": "https://www.thehindu.com/news/cities/Tiruchirapalli/coronavirus-four-in-muthupettai-home-quarantined/article31196225.ece", "urlToImage": "https://www.thehindu.com/static/theme/default/base/img/og-image.jpg", "publishedAt": "2020-03-28T22:11:47Z", "content": "Four persons from Muthupettai who visited New Delhi recently were directed to remain in home quarantine after they were screened for COVID-19 symptoms at Thanjavur Medical College hospital.\r\nAccording to police, Kadher Masthan, 62, Mansoor 61, Mohaideen, 57, \u2026 [+2409 chars]"}, {"source": {"id": "the-hindu", "name": "The Hindu"}, "author": "Satyasundar Barik", "title": "Coronavirus | Odisha releases 80 prisoners on parole", "description": "The State has 90 jails with a capacity to accommodate 18,012 inmates. The authorities are trying to bring down the number of inmates by 2,000.", "url": "https://www.thehindu.com/news/national/other-states/coronavirus-odisha-releases-80-prisoners-on-parole/article31195849.ece", "urlToImage": "https://www.thehindu.com/static/theme/default/base/img/og-image.jpg", "publishedAt": "2020-03-28T21:13:44Z", "content": "Odisha prison authorities are trying to decongest jails by releasing undertrials and convicts on parole in view of the COVID-19 threat. Around 80 jail inmates were released by Saturday. We have finalised names of 1,727 jail inmates who will be going on parole\u2026 [+1399 chars]"}, {"source": {"id": "the-hindu", "name": "The Hindu"}, "author": "Staff Reporter", "title": "Coronavirus | Seven test negative in Tiruchi", "description": "Seven patients who were admitted to the isolation ward at Tiruchi Mahatma Gandhi Memorial Government Hospital tested negative for COVID 19, medical officers said on Saturday evening. The patients had", "url": "https://www.thehindu.com/news/cities/Tiruchirapalli/seven-test-negative-for-covid-19/article31195901.ece", "urlToImage": "https://www.thehindu.com/static/theme/default/base/img/og-image.jpg", "publishedAt": "2020-03-28T22:01:01Z", "content": "Seven patients who were admitted to the isolation ward at Tiruchi Mahatma Gandhi Memorial Government Hospital tested negative for COVID 19, medical officers said on Saturday evening. The patients had showed symptoms such as fever and cold and approached the h\u2026 [+762 chars]"}, {"source": {"id": "the-hindu", "name": "The Hindu"}, "author": "AFP", "title": "Coronavirus | Deaths in U.S. surge past 2,000", "description": "New York is the epicentre of the U.S. outbreak, with more than 50,000 \u2014 or about half \u2014 of the country\u2019s total cases.", "url": "https://www.thehindu.com/news/international/deaths-in-us-surge-past-2000/article31195855.ece", "urlToImage": "https://www.thehindu.com/news/international/457gc7/article31195854.ece/ALTERNATES/LANDSCAPE_615/0001Q90QM", "publishedAt": "2020-03-28T22:56:20Z", "content": "Deaths from new coronavirus in the United States surged past 2,000 Saturday, doubling in just three days, according to a tally by Johns Hopkins University.\r\nAlso read:NY Presidential Primaries delayed, Trump eyes quarantine\r\nThe number of deaths late Saturday\u2026 [+892 chars]"}, {"source": {"id": "the-hindu", "name": "The Hindu"}, "author": "Special Correspondent", "title": "Coronavirus | Seven flights transport medical supplies", "description": "While all these airlines carried cargo in the belly of their planes, discussions are on between the government and different airlines to allow freight to be carried inside passenger cabins as is being done by many international carriers in other parts of the \u2026", "url": "https://www.thehindu.com/news/national/coronavirus-seven-flights-transport-medical-supplies/article31194538.ece", "urlToImage": "https://www.thehindu.com/news/national/fhauah/article31194537.ece/ALTERNATES/LANDSCAPE_615/NEWS1AIRLINES", "publishedAt": "2020-03-28T16:32:33Z", "content": "The Air India and the IndiGo operated seven flights to 13 destinations to transport medical supplies, according to a senior official co-ordinating relief efforts along with the Ministry of Civil Aviation.\r\nThe Air India flew a Boeing 787 from Mumbai to Delhi \u2026 [+888 chars]"}, {"source": {"id": "the-hindu", "name": "The Hindu"}, "author": "Staff ReporterHYDERABAD", "title": "First coronavirus casualty in Telangana reported, eight new cases", "description": "No red zones in and around Hyderabad, says Eatala Rajender", "url": "https://www.thehindu.com/news/national/telangana/first-coronavirus-casualty-in-telangana-reported-eight-new-cases/article31194877.ece", "urlToImage": "https://www.thehindu.com/static/theme/default/base/img/og-image.jpg", "publishedAt": "2020-03-28T17:11:57Z", "content": "The first death of a person who tested positive for coronavirus was recorded in Telangana on Saturday. A 74-year-old man with travel history to New Delhi died at a corporate hospital in Hyderabad. Samples collected from him tested positive for the virus. His \u2026 [+2080 chars]"}, {"source": {"id": "the-hindu", "name": "The Hindu"}, "author": "Meera Srinivasan", "title": "Coronavirus | Sri Lanka terms Chennai COVID-19 \u2018high-risk zone\u2019", "description": "Alert as 4 test positive after city visit.", "url": "https://www.thehindu.com/news/international/coronavirus-sri-lanka-terms-chennai-covid-19-high-risk-zone/article31195781.ece", "urlToImage": "https://www.thehindu.com/news/cities/chennai/f66227/article31194270.ece/ALTERNATES/LANDSCAPE_615/Corona-police", "publishedAt": "2020-03-28T19:21:06Z", "content": "Sri Lanka on Saturday reported its first COVID-19 death, of a 65-year-old patient, who had diabetes and renal health complications, Health Ministry officials said. The island nation has 113 confirmed coronavirus patients so far. \r\n\u00a0Sri Lankas health officials\u2026 [+1038 chars]"}, {"source": {"id": "the-hindu", "name": "The Hindu"}, "author": "AFP", "title": "Coronavirus | France reports 319 more deaths, toll becomes 2,314", "description": "The number counts only those who died in hospital \u2014 not retirement homes or at home \u2014 while only those deemed at high risk are currently being tested.", "url": "https://www.thehindu.com/news/international/coronavirus-france-reports-more-deaths-toll-goes-over-2300/article31195744.ece", "urlToImage": "https://www.thehindu.com/news/international/3ywjdi/article31195743.ece/ALTERNATES/LANDSCAPE_615/29AFPParis0001Q17UK", "publishedAt": "2020-03-28T19:20:15Z", "content": "France on Saturday reported 319 more deaths caused by the coronavirus, bringing the total toll of the epidemic in the country to 2,314.\r\nPrime Minister Edouard Philippe warned that the battle against the virus in France was only just starting, warning the fir\u2026 [+2100 chars]"}, {"source": {"id": "the-hindu", "name": "The Hindu"}, "author": "Special Correspondent", "title": "Coronavirus | 5 new cases in Noida, Greater Noida", "description": "In order to stop the exodus of hundreds of daily wage workers from Gautam Buddh Nagar, the DM has passed an order directing landlords not to ask for rent from tenants for a month", "url": "https://www.thehindu.com/news/cities/Delhi/coronavirus-5-new-cases-in-noida-greater-noida/article31192594.ece", "urlToImage": "https://www.thehindu.com/news/cities/Delhi/ygkcaz/article31192593.ece/ALTERNATES/LANDSCAPE_615/VIRUSOUTBREAKINDIA1", "publishedAt": "2020-03-28T11:41:40Z", "content": "Five new cases of COVID-19 have been found in Gautam Budh Nagar on Saturday, district officials said. With this, the total number of cases in the district has reached 23.\r\nThree persons have been tested positive in Noida, while a couple has been tested positi\u2026 [+935 chars]"}, {"source": {"id": "the-hindu", "name": "The Hindu"}, "author": "AP", "title": "Coronavirus | New York delays Presidential Primary; Trump eyes a quarantine", "description": "All 50 U.S. States have reported some cases of the virus that causes COVID-19, but New York has the most, with over 52,000 positive tests for the illness and over 700 deaths.", "url": "https://www.thehindu.com/news/international/coronavirus-new-york-delays-presidential-primary-trump-eyes-a-quarantine/article31195826.ece", "urlToImage": "https://www.thehindu.com/news/international/j58rt5/article31195835.ece/ALTERNATES/LANDSCAPE_615/29MARVIRUSOUTBREAKNEWYORK", "publishedAt": "2020-03-28T20:39:15Z", "content": "As novel coronavirus cases kept rising in the national epicenter of New York, President Donald Trump said Saturday he is considering a quarantine affecting residents of the State, neighbouring New Jersey and Connecticut. \r\nNew York Governor Andrew Cuomo said \u2026 [+5010 chars]"}, {"source": {"id": "the-hindu", "name": "The Hindu"}, "author": "Special Correspondent", "title": "Coronavirus | No bar on fertilizer shops remaining open, say officials", "description": "The District Collector had also got in touch with the City Police Commissioner and Superintendent of Police, and requested them to instruct police personnel to allow fertilizer shops to function.", "url": "https://www.thehindu.com/news/cities/Tiruchirapalli/no-bar-on-fertilizer-shops-remaining-open-officials/article31196392.ece", "urlToImage": "https://www.thehindu.com/news/cities/Tiruchirapalli/lpccre/article31196391.ece/ALTERNATES/LANDSCAPE_615/29TYCITY-FERTILIZER", "publishedAt": "2020-03-28T22:20:11Z", "content": "With a section of farmers complaining that fertilizer shops are closed in Tiruchi and elsewhere in view of the curfew, Agriculture Department officials on Saturday clarified that there was no bar on those shops remaining open .\r\nThe officials said that as per\u2026 [+1559 chars]"}, {"source": {"id": "the-hindu", "name": "The Hindu"}, "author": "Staff Reporter", "title": "Coronavirus | Empty Central bus stand becomes Uzhavar Sandhai", "description": "36 stalls demarcated for farmers; prices fixed on a daily basis.", "url": "https://www.thehindu.com/news/cities/Tiruchirapalli/coronavirus-empty-central-bus-stand-becomes-uzhavar-sandhai/article31196348.ece", "urlToImage": "https://www.thehindu.com/news/cities/Tiruchirapalli/iyuzb1/article31196347.ece/ALTERNATES/LANDSCAPE_615/29TYCITY-UZHAVARSANDHAI", "publishedAt": "2020-03-28T22:17:12Z", "content": "The Thennur Uzhavar Sandhai has started functioning from Central bus stand on Saturday morning with vendors selling vegetables along the bus bays which remained empty following suspension of bus services due to enforcement of the prohibitory order. The Tiruch\u2026 [+1444 chars]"}, {"source": {"id": "the-hindu", "name": "The Hindu"}, "author": "PTI", "title": "PM Modi announces emergency relief fund to fight coronavirus", "description": "The Prime Minister\u2019s Citizen Assistance and Relief in Emergency Situations Fund will go a long way in creating a healthier India, PM Modi said on Twitter.", "url": "https://www.thehindu.com/news/national/pm-modi-announces-emergency-relief-fund-to-fight-coronavirus/article31192739.ece", "urlToImage": "https://www.thehindu.com/news/national/cvn86d/article31192828.ece/ALTERNATES/LANDSCAPE_615/28IN-VIRUS", "publishedAt": "2020-03-28T12:07:11Z", "content": "Prime Minister Narendra Modi on Saturday announced the creation of an assistance and emergency situation relief fund where people can contribute and help in the governments fight against coronavirus (COVID-19).\r\nState Helpline numbers | Interactive map of con\u2026 [+379 chars]"}, {"source": {"id": "the-hindu", "name": "The Hindu"}, "author": "Special Correspondent", "title": "Coronavirus | Police deploy drones to monitor movement of vehicles and people", "description": "426 persons, 152 vehicles were impounded so far for violating prohibitory order.", "url": "https://www.thehindu.com/news/cities/Tiruchirapalli/coronavirus-police-deploy-drones-to-monitor-movement-of-vehicles-and-people/article31196289.ece", "urlToImage": "https://www.thehindu.com/news/cities/Tiruchirapalli/jv2otw/article31196288.ece/ALTERNATES/LANDSCAPE_615/29TYCITY-DRONE", "publishedAt": "2020-03-28T22:14:20Z", "content": "The police have deployed drones for surveillance and effective implementation of curfew in the city.\r\nCommissioner of Police V. Varadharaju said here on Saturday that four drone cameras had been deployed in different parts of the city to monitor violators of \u2026 [+1456 chars]"}, {"source": {"id": "the-hindu", "name": "The Hindu"}, "author": "Reuters", "title": "COVID-19 | Pope holds dramatic solitary service for relief from coronavirus", "description": "The Vatican called the service \u201cAn Extraordinary Prayer in the Time of Pandemic,\u201d a sombre echo of an announcement by Italian officials minutes earlier that the coronavirus death toll in the country had surged past 9,000.", "url": "https://www.thehindu.com/news/international/covid-19-pope-holds-dramatic-solitary-service-for-relief-from-coronavirus/article31189191.ece", "urlToImage": "https://www.thehindu.com/news/international/4v7qxj/article31189187.ece/ALTERNATES/LANDSCAPE_615/VATICAN", "publishedAt": "2020-03-28T02:13:40Z", "content": "Pope Francis said the coronavirus had put everyone in the same boat as he held a dramatic, solitary prayer service in St. Peter's Square on Friday, urging the world to see the crisis as a test of solidarity and a reminder of basic values.\r\nThick darkness has \u2026 [+2304 chars]"}, {"source": {"id": "the-hindu", "name": "The Hindu"}, "author": "PTI", "title": "Coronavirus | Rajasthan CM Ashok Gehlot writes to PM Modi; seeks \u20b91 lakh crore grant to States", "description": "The Chief Minister of Rajasthan says the Centre should direct the Reserve Bank of India to provide the grant amount as an interest-free advance.", "url": "https://www.thehindu.com/news/national/other-states/coronavirus-rajasthan-cm-ashok-gehlot-writes-to-pm-modi-seeks-1-lakh-crore-grant-to-states/article31193857.ece", "urlToImage": "https://www.thehindu.com/news/national/pva2pd/article31042676.ece/ALTERNATES/LANDSCAPE_615/TH12GEHLOT", "publishedAt": "2020-03-28T15:07:21Z", "content": "Chief Minister Ashok Gehlot wrote to Prime Minister Narendra Modi on Saturday, urging him to take measures such as granting of 1 lakh crore to States to tackle the coronavirus (COVID-19) pandemic and problems during the lockdown to stop the spread of the dise\u2026 [+2079 chars]"}, {"source": {"id": "the-hindu", "name": "The Hindu"}, "author": "AFP", "title": "Coronavirus | Spain counts 832 deaths in 24 hours, pushing toll to 5,690", "description": "Madrid remains the worst-hit region, with 2,757 deaths and 21,520 infections, leaving hospitals and mortuaries overwhelmed", "url": "https://www.thehindu.com/news/international/coronavirus-spain-counts-832-deaths-in-24-hours-pushing-toll-to-5690/article31192980.ece", "urlToImage": "https://www.thehindu.com/news/international/b9d4yu/article31192978.ece/ALTERNATES/LANDSCAPE_615/SPAINKB", "publishedAt": "2020-03-28T12:48:45Z", "content": "The death toll from COVID-19 in Spain surged over 5,600 on Saturday after a record 832 people died in 24 hours, and the number of infections soared over 72,000, the government said.\r\n Spain has the worlds second-highest coronavirus death toll after Italy with\u2026 [+1561 chars]"}, {"source": {"id": "the-hindu", "name": "The Hindu"}, "author": "The Hindu", "title": "Coronavirus | 8 more test positive in Jammu and Kashmir, 329 FIRs against lockdown", "description": "Police-civilian confrontation spikes in Valley", "url": "https://www.thehindu.com/news/national/other-states/coronavirus-8-more-test-positive-in-jammu-and-kashmir-329-firs-against-lockdown/article31193848.ece", "urlToImage": "https://www.thehindu.com/news/national/other-states/weliff/article31193847.ece/ALTERNATES/LANDSCAPE_615/SRINAGARKB", "publishedAt": "2020-03-28T15:04:22Z", "content": "Eight more persons tested positive for COVID-19 in Kashmir on Saturday, pushing the number of cases to 28. \r\nThe police-civilian confrontation also spiked in the Valley, forcing the authorities to book and arrest dozens of civilians, including shopkeepers and\u2026 [+2277 chars]"}, {"source": {"id": "the-hindu", "name": "The Hindu"}, "author": "PTI", "title": "Coronavirus | Nitin Gadkari asks NHAI chief, toll operators to ensure food, water to migrant workers", "description": "Earlier, the Road Transport and Highways Minister had asked NHAI to suspend toll on all National Highways to ease transportation of essential goods and supplies.", "url": "https://www.thehindu.com/news/national/coronavirus-nitin-gadkari-asks-nhai-chief-toll-operators-to-ensure-food-water-to-migrant-workers/article31192595.ece", "urlToImage": "https://www.thehindu.com/news/national/other-states/nvk7n/article30656768.ece/ALTERNATES/LANDSCAPE_615/26BMNITINGADKARI1", "publishedAt": "2020-03-28T11:40:26Z", "content": "Union Minister Nitin Gadkari on Saturday asked NHAI Chairman and toll operators across National Highways to provide food, water and other necessary support to migrant workers.\r\nState Helpline numbers | Interactive map of confirmed coronavirus cases in India\r\n\u2026 [+2928 chars]"}, {"source": {"id": "the-hindu", "name": "The Hindu"}, "author": "Reuters", "title": "South Korea reports 146 new coronavirus cases, highest in a week", "description": "The Korea Centers for Disease Control and Prevention (KCDC) did not say how many of Friday's new cases were imported as it was still investigating.", "url": "https://www.thehindu.com/news/international/south-korea-reports-146-new-coronavirus-cases-highest-in-a-week/article31189223.ece", "urlToImage": "https://www.thehindu.com/news/international/szlarq/article30987712.ece/ALTERNATES/LANDSCAPE_615/THNAKVIRUSOUTBREAKSOUTHKOREA", "publishedAt": "2020-03-28T02:54:39Z", "content": "South Korea reported 146 new coronavirus cases on Friday, the highest number in a week, its disease control agency said on Saturday, with the country suffering a rise in imported cases from Europe and the United States during recent days.\r\nThe Korea Centers f\u2026 [+730 chars]"}, {"source": {"id": "the-hindu", "name": "The Hindu"}, "author": "Narayan Lakshman", "title": "Coronavirus | Countries report less than 20% of symptomatic cases, says U.K. epidemiologist", "description": "U.K. epidemiologist Adam Kucharski says a big challenge in fighting COVID-19 is that a lot of transmission happens very early on in the infection", "url": "https://www.thehindu.com/news/international/coronavirus-countries-report-less-than-20-of-symptomatic-cases-says-uk-epidemiologist/article31194945.ece", "urlToImage": "https://www.thehindu.com/news/international/ge8345/article31194944.ece/ALTERNATES/LANDSCAPE_615/TH29-UK-INTERVIEW", "publishedAt": "2020-03-28T17:32:23Z", "content": "Professor Adam Kucharski, who is an Associate Professor and the Sir Henry Dale Fellow at the London School of Hygiene and Tropical Medicine, specialises in the mathematical analysis of infectious disease outbreaks. He spoke to The Hindu about the global coron\u2026 [+4823 chars]"}, {"source": {"id": "the-hindu", "name": "The Hindu"}, "author": "Special Correspondent", "title": "Coronavirus | West Bengal ropes in Nobel laureate Abhijit Banerjee to raise awareness", "description": "During his recent visit to the State to meet his mother in January 2020 the Nobel laureate had expressed his desire to work for the State.", "url": "https://www.thehindu.com/news/national/other-states/coronavirus-west-bengal-ropes-in-nobel-laureate-abhijit-banerjee-to-raise-awareness/article31195852.ece", "urlToImage": "https://www.thehindu.com/static/theme/default/base/img/og-image.jpg", "publishedAt": "2020-03-28T21:23:05Z", "content": "West Bengal Chief Minister Mamata Banerjee on Saturday roped in Nobel laureate Abhijit Banerjee to spread awareness of COVID-19. On Saturday, the Chief Minister spoke to Mr. Banerjee and he agreed that he, along with his wife economist Esther Duflo, would hel\u2026 [+681 chars]"}, {"source": {"id": "the-hindu", "name": "The Hindu"}, "author": "Piyush Pandey", "title": "Tata Trusts chairman Ratan Tata commits \u20b9500 crore to fight coronavirus", "description": "The funds will be used for personal protective equipment for the medical personnel on the frontlines, respiratory systems for treating increasing cases, testing kits to increase per capita testing, and more", "url": "https://www.thehindu.com/news/national/tata-trusts-chairman-ratan-tata-commits-500-crore-to-fight-coronavirus/article31192605.ece", "urlToImage": "https://www.thehindu.com/news/national/6gsx09/article31192604.ece/ALTERNATES/LANDSCAPE_615/TATAKB", "publishedAt": "2020-03-28T11:40:07Z", "content": "Ratan Tata, chairman of Tata Trusts, has committed 500 crore to fight the COVID-19 crisis in the country.\r\nThe funds will be used for personal protective equipment for the medical personnel on the frontlines, respiratory systems for treating increasing cases,\u2026 [+1319 chars]"}, {"source": {"id": "the-hindu", "name": "The Hindu"}, "author": "PTI", "title": "PM Modi failed to handle coronavirus outbreak, should resign immediately: Chandrashekhar Azad", "description": "He said the Central government failed to take appropriate steps even after the World Health Organisation declared coronavirus a pandemic on February 5.", "url": "https://www.thehindu.com/news/national/pm-modi-failed-to-handle-coronavirus-outbreak-should-resign-immediately-chandrashekhar-azad/article31193254.ece", "urlToImage": "https://www.thehindu.com/news/national/90xfdo/article31193252.ece/ALTERNATES/LANDSCAPE_615/28IN-CHIEF", "publishedAt": "2020-03-28T13:22:24Z", "content": "Azad Samaj Party chief Chandrashekhar Azad on Saturday alleged that Prime Minister Narendra Modi has pushed crores of people working in the unorganised sector into destitution and demanded that he resign immediately. \r\nHe said the Central government failed to\u2026 [+1331 chars]"}, {"source": {"id": "the-hindu", "name": "The Hindu"}, "author": "AFP", "title": "Coronavirus | Global death toll crosses 27,000, over six lakh cases registered in 183 countries", "description": "The United States has the highest number of infected people with 104,837 diagnosed cases and 1,711 deaths.", "url": "https://www.thehindu.com/news/international/coronavirus-global-death-toll-crosses-27000-over-six-lakh-cases-registered-in-183-countries/article31193568.ece", "urlToImage": "https://www.thehindu.com/news/international/8qcau8/article31193567.ece/ALTERNATES/LANDSCAPE_615/28IN-VIRUSOUTBREAKWASHINGTON", "publishedAt": "2020-03-28T14:12:13Z", "content": "The number of deaths around the world from the novel coronavirus (COVID-19) stood at 27,989 on Saturday, according to a tally compiled by AFP at 1100 GMT from official sources.\r\nIndia coronavirus lockdown, day 4 live updates\r\nMore than 6,05,220 declared cases\u2026 [+1872 chars]"}, {"source": {"id": "the-hindu", "name": "The Hindu"}, "author": "The Hindu Net Desk", "title": "Top news of the day: Narendra Modi seeks funds from the public to fight coronavirus, many on the move on day 4 of lockdown, and more", "description": "The major news headlines of the day, and more.", "url": "https://www.thehindu.com/news/top-news-of-march-28-2020-narendra-modi-seeks-funds-from-the-public-to-fight-coronavirus-many-on-the-move-on-day-4-of-lockdown-and-more/article31193626.ece", "urlToImage": "https://www.thehindu.com/news/pfde3i/article31193625.ece/ALTERNATES/LANDSCAPE_615/HEALTH-CORONAVIRUSSOUTHASIA", "publishedAt": "2020-03-28T14:22:08Z", "content": "The Prime Ministers Citizen Assistance and Relief in Emergency Situations Fund will go a long way in creating a healthier India, Mr. Modi tweeted. | In Vizag, destitute man gets help after The Hindu photo goes viral\r\nTheir stories are similar, their tragedies\u2026 [+2664 chars]"}, {"source": {"id": "the-hindu", "name": "The Hindu"}, "author": "R. Prasad", "title": "Infecting healthy people with coronavirus can speed up vaccine trials", "description": "Participants will be carefully followed to monitor how they respond", "url": "https://www.thehindu.com/sci-tech/science/infecting-healthy-people-with-coronavirus-can-speed-up-vaccine-trials/article31190983.ece", "urlToImage": "https://www.thehindu.com/static/theme/default/base/img/og-image.jpg", "publishedAt": "2020-03-28T08:33:26Z", "content": "Even if everything goes to plan, it will take at least 12-18 months for a novel coronavirus (SARS-CoV-2) vaccine to be tested if conventional clinical trial procedures are adopted. Meanwhile, thousands are getting infected and hundreds are dying every few day\u2026 [+6363 chars]"}, {"source": {"id": "the-hindu", "name": "The Hindu"}, "author": "Neeraja Murthy", "title": "\u2018Chetuletti mokkuta\u2019: Band ChowRaasta\u2019s Ram Miriyala releases new Coronavirus song", "description": "Through a new Telugu song, Ram Miriyala of \u2018ChowRaasta\u2019 pleads, begs and appeals to people to stay indoors during the Coronavirus lockdown", "url": "https://www.thehindu.com/entertainment/music/ram-miriyala-of-band-chowraasta-on-the-inspiration-behind-his-new-coronavirus-song-titled-chetuletti-mokkuta/article31191524.ece", "urlToImage": "https://www.thehindu.com/entertainment/music/wbmdew/article31191522.ece/ALTERNATES/LANDSCAPE_615/hym29ram", "publishedAt": "2020-03-28T10:22:35Z", "content": "In times of Coronavirus, music is an obvious relief and a tool to inspire. Here comes Chetuletti mokkuta, a Telugu song by Ram Miriyala of band ChowRaasta urging people to be responsible and stay indoors and practice physical distancing. The song begins with \u2026 [+2429 chars]"}, {"source": {"id": "the-hindu", "name": "The Hindu"}, "author": "Special Correspondent", "title": "Maids who tested positive for coronavirus spark off panic in Bengaluru", "description": "The authorities have undertaken contact tracing after two maids who worked for a couple in Sanjaynagar, who had recently returned from abroad, contracted the novel coronavirus. One of the maids lived", "url": "https://www.thehindu.com/news/cities/bangalore/maids-who-tested-positive-for-coronavirus-spark-off-panic-in-bengaluru/article31195263.ece", "urlToImage": "https://www.thehindu.com/static/theme/default/base/img/og-image.jpg", "publishedAt": "2020-03-28T18:00:23Z", "content": "The authorities have undertaken contact tracing after two maids who worked for a couple in Sanjaynagar, who had recently returned from abroad, contracted the novel coronavirus. One of the maids lived in Geddalahalli and worked for several houses in Dollars Co\u2026 [+945 chars]"}, {"source": {"id": "the-hindu", "name": "The Hindu"}, "author": "Meghna Majumdar", "title": "These NGO\u2019s are working around Coronavirus lockdown restrictions to feed the needy", "description": "For daily wage earners, a 21-day lockdown means an abrupt pause in livelihood. Here are some NGOs who have their back", "url": "https://www.thehindu.com/news/cities/chennai/these-ngos-are-working-around-coronavirus-lockdown-restrictions-to-feed-the-needy/article31192583.ece", "urlToImage": "https://www.thehindu.com/news/cities/chennai/wyoek1/article31192582.ece/ALTERNATES/LANDSCAPE_615/30MPYUVANGO1", "publishedAt": "2020-03-28T11:37:26Z", "content": "Many of us, while checking our bank accounts and our stocked fridges this week, have felt a moment of gratitude for the economic security nets that we have, that will help us tide over the next 21 days. But there are also many who dont have this net, and now \u2026 [+3746 chars]"}, {"source": {"id": "the-hindu", "name": "The Hindu"}, "author": "The Hindu Net Desk", "title": "India coronavirus lockdown, day 4 live updates | 871 positive cases, 21 deaths in India", "description": "The coronavirus outbreak has infected some 5,80,000 people and killed over 26,000 around the world after emerging in China in December 2019.", "url": "https://www.thehindu.com/news/national/india-coronavirus-lockdown-march-28-2020-live-updates/article31189213.ece", "urlToImage": "https://www.thehindu.com/news/cities/Visakhapatnam/556coq/article31189216.ece/ALTERNATES/LANDSCAPE_615/andhrajpg", "publishedAt": "2020-03-28T04:44:14Z", "content": "COVID-19 has claimed 21 lives in India as of March 27, according to data from the Health Ministry and State governments. As many as 871 people have been tested positive for the coronavirus.\r\nThe outbreak has infected some 5,80,000 people and killed over 26,00\u2026 [+6076 chars]"}, {"source": {"id": "the-hindu", "name": "The Hindu"}, "author": "Jatin Anand", "title": "Coronavirus | At \u2018Zero Point\u2019 on Yamuna Expressway, flight from hunger beats fight against virus", "description": "As out-of-work migrant labourers try to rush home from the starting point of Yamuna Expressway, physical distancing is a fading mantra", "url": "https://www.thehindu.com/news/cities/Delhi/coronavirus-at-zero-point-on-yamuna-expressway-flight-from-hunger-beats-fight-against-virus/article31191367.ece", "urlToImage": "https://www.thehindu.com/news/cities/Delhi/8j70t1/article31191363.ece/ALTERNATES/LANDSCAPE_615/migrant", "publishedAt": "2020-03-28T19:01:20Z", "content": "The Zero Point on the Yamuna Expressway on Saturday transformed into a surging sea of migrant workers left with no option but to return home. But while they have a pressing need to do so as COVID-19 has deprived them of a livelihood in the national capital, t\u2026 [+3450 chars]"}]}