{"status": "ok", "totalResults": 70, "articles": [{"source": {"id": "the-hindu", "name": "The Hindu"}, "author": "Ravi Reddy, K. Shiv Shanker", "title": "Coronavirus | Three more deaths recorded", "description": "All three deceased, and 30 people who tested positive on Wednesday, returned after attending the Markaz prayers in Nizamuddin at New Delhi between March 13 and 15.", "url": "https://www.thehindu.com/news/national/telangana/coronavirus-three-more-deaths-recorded/article31231898.ece", "urlToImage": "https://www.thehindu.com/static/theme/default/base/img/og-image.jpg", "publishedAt": "2020-04-01T20:24:59Z", "content": "In a development that is causing concern to the State government, three more COVID-19 related deaths were reported on Wednesday taking the tally to nine. There was a sudden spike in the number of positive cases today with 30 patients detected with COVID-19.\r\n\u2026 [+2710 chars]"}, {"source": {"id": "the-hindu", "name": "The Hindu"}, "author": "Special Correspondent", "title": "Coronavirus | Gujarat detects 13 new cases", "description": "Of the 13, eigth were from Ahmedabad, two each were from Surat and Porbandar and one from tribal-dominated Panchmahal \u2014 the first for the district.", "url": "https://www.thehindu.com/news/national/other-states/coronavirus-gujarat-detects-13-new-cases/article31231965.ece", "urlToImage": "https://www.thehindu.com/static/theme/default/base/img/og-image.jpg", "publishedAt": "2020-04-01T21:25:03Z", "content": "In the States largest single-day spike so far, Gujarat on Wednesday reported 13 new COVID-19 positive cases, taking the total number of cases to 87. \r\nOf the 13, eight were from Ahmedabad, two each were from Surat and Porbandar and one from tribal-dominated P\u2026 [+1496 chars]"}, {"source": {"id": "the-hindu", "name": "The Hindu"}, "author": "PTI", "title": "Coronavirus | 94 inmates released to decongest Meghalaya prison", "description": "The decision was taken by a high-powered committee headed by Meghalaya High Court judge and Meghalaya State Legal Services Authority executive chairman Justice H.S. Thangkhiew at a meeting held in Shillong .", "url": "https://www.thehindu.com/news/national/other-states/coronavirus-94-inmates-released-to-decongest-meghalaya-prison/article31227228.ece", "urlToImage": "https://www.thehindu.com/news/national/oaaf6u/article30706068.ece/ALTERNATES/LANDSCAPE_615/thvli-supreme-court-of-india", "publishedAt": "2020-04-01T11:06:13Z", "content": "A total of 94 prisoners were released from the Shillong District Jail in Meghalaya as per the Supreme Court order to decongest prisons to check the spread of novel coronavirus (COVID-19), officials said on Wednesday.\r\nState Helpline numbers | Interactive map \u2026 [+1551 chars]"}, {"source": {"id": "the-hindu", "name": "The Hindu"}, "author": "PTI", "title": "Prominent virologist Gita Ramjee dies from coronavirus", "description": "In 2018, Ramjee was presented with the Outstanding Female Scientist Award in Lisbon by the European Development Clinical Trials Partnerships for her lifetime commitment to finding new HIV prevention methods", "url": "https://www.thehindu.com/news/international/prominent-virologist-gita-ramjee-dies-from-coronavirus/article31223651.ece", "urlToImage": "https://www.thehindu.com/news/international/nv8nv1/article31223650.ece/ALTERNATES/LANDSCAPE_615/EUdTLc3WAAAt-l3", "publishedAt": "2020-04-01T01:50:20Z", "content": "World-renowned virologist Gita Ramjee has become the first Indian-origin South African to have died after contracting the novel coronavirus that has killed five people in the country.\r\n Ramjee, a stellar vaccine scientist and an HIV prevention research leader\u2026 [+2072 chars]"}, {"source": {"id": "the-hindu", "name": "The Hindu"}, "author": "AFP", "title": "Coronavirus | Global cases near million as U.S. records youngest death", "description": "As governments expanded lockdowns that have affected half the planet, global agencies warned that parts of the world could face food shortages if authorities fail to navigate the crisis properly.", "url": "https://www.thehindu.com/news/international/coronavirus-global-cases-near-million-as-us-records-youngest-death/article31232712.ece", "urlToImage": "https://www.thehindu.com/incoming/rb8mph/article31232729.ece/ALTERNATES/LANDSCAPE_615/0001QC0T1jpg", "publishedAt": "2020-04-01T22:57:06Z", "content": "The world was quickly approaching one million confirmed coronavirus cases on Wednesday as a six-week-old baby died in the United States in what was believed to be the pandemics youngest victim.\r\nAlso read | COVID-19 worst crisis since World War II, says U.N. \u2026 [+6155 chars]"}, {"source": {"id": "the-hindu", "name": "The Hindu"}, "author": "Special Correspondent", "title": "Coronavirus | All safety measures being taken for the welfare of crew, says Air India", "description": "\u2018The best possible equipment is provided and aircraft is fumigated and disinfected\u2019", "url": "https://www.thehindu.com/news/national/coronavirus-all-safety-measures-being-taken-for-the-welfare-of-crew-says-air-india/article31230481.ece", "urlToImage": "https://www.thehindu.com/static/theme/default/base/img/og-image.jpg", "publishedAt": "2020-04-01T17:17:26Z", "content": "Air India said on Wednesday that is has taken adequate measures to protect the health and safety of its crew. The statement was in response to criticism from pilots unions that complained of poor precautionary steps taken by the airline when operating special\u2026 [+1161 chars]"}, {"source": {"id": "the-hindu", "name": "The Hindu"}, "author": "Special Correspondent", "title": "Coronavirus lockdown | DRDO gears up to make 20,000 PPE a day", "description": "At a Defence Ministry review meeting, three Service Chiefs and other officials highlight their efforts.", "url": "https://www.thehindu.com/news/national/coronavirus-lockdown-drdo-gears-up-to-make-20000-ppe-a-day/article31229996.ece", "urlToImage": "https://www.thehindu.com/news/national/k5ra2h/article31229995.ece/ALTERNATES/LANDSCAPE_615/2th-rajnath", "publishedAt": "2020-04-01T16:21:55Z", "content": "A laboratory under the Defence Research and Development Organisation (DRDO) had made arrangements to make 20,000 Personal Protective Equipment (PPE) a day and the DRDO was also engaged in minor modification of ventilators so that one machine could support fou\u2026 [+2438 chars]"}, {"source": {"id": "the-hindu", "name": "The Hindu"}, "author": "Afshan Yasmeen", "title": "Coronavirus: 12 from Karnataka who attended Tablighi Jamaat conference test negative", "description": "As many as twelve of the 40 identified from Karnataka who attended Tablighi congregation in Nizamuddin West, Delhi have tested negative for COVID-19, Health Minister B. Sriramulu said in a tweet on We", "url": "https://www.thehindu.com/news/national/karnataka/coronavirus-12-from-karnataka-who-attended-tablighi-jamaat-conference-test-negative/article31224402.ece", "urlToImage": "https://www.thehindu.com/static/theme/default/base/img/og-image.jpg", "publishedAt": "2020-04-01T06:06:44Z", "content": "As many as twelve of the 40 identified from Karnataka who attended Tablighi congregation in Nizamuddin West, Delhi have tested negative for COVID-19, Health Minister B. Sriramulu said in a tweet on Wednesday.\r\nIt is also learnt that 62 foreigners from Indones\u2026 [+295 chars]"}, {"source": {"id": "the-hindu", "name": "The Hindu"}, "author": "Shoumojit Banerjee", "title": "Coronavirus | 19 new cases in Maharashtra as State tally touches 321", "description": "The number of positive cases in Mumbai has exceeded 170 while that of Pune district stands at 50.", "url": "https://www.thehindu.com/news/national/other-states/coronavirus-19-new-cases-in-maharashtra-as-state-tally-touches-321/article31224340.ece", "urlToImage": null, "publishedAt": "2020-04-01T06:05:12Z", "content": null}, {"source": {"id": "the-hindu", "name": "The Hindu"}, "author": "Special Correspondent", "title": "Coronavirus lockdown: Karnataka govt. to distribute free excess milk to poor", "description": "Liquor shops to remain close till lockdown period", "url": "https://www.thehindu.com/news/national/karnataka/coronavirus-lockdown-karnataka-govt-to-distribute-free-excess-milk-to-poor/article31225356.ece", "urlToImage": "https://www.thehindu.com/static/theme/default/base/img/og-image.jpg", "publishedAt": "2020-04-01T08:49:34Z", "content": "As the 21-day COVID-19 lockdown entered the second week, the Karnataka government on Wednesday announced a slew of measures for the benefit of the farmers and consumers regarding essential items such as vegetables, fruits, eggs.\r\nThe State Government has deci\u2026 [+1822 chars]"}, {"source": {"id": "the-hindu", "name": "The Hindu"}, "author": "G. Anand", "title": "Coronavirus: UDF opposes salary challenge, says CM\u2019s relief fund not credible", "description": "State should create a separate Treasury account to deposit endowments received from the public for combating the pandemic, says Leader of the Opposition Ramesh Chennithala", "url": "https://www.thehindu.com/news/national/kerala/coronavirus-udf-opposes-salary-challenge-says-cms-relief-fund-not-credible/article31225492.ece", "urlToImage": "https://www.thehindu.com/news/national/kerala/4f02eq/article30651054.ece/ALTERNATES/LANDSCAPE_615/TH25RAMESHCHENNITHALA", "publishedAt": "2020-04-01T09:07:38Z", "content": "The Congress-led United Democratic Front (UDF) Opposition on Wednesday crossed swords with the Kerala government over the unilateral decision of the Cabinet to appropriate a months salary from State employees to augment the Chief Ministers Distress Relief Fun\u2026 [+2074 chars]"}, {"source": {"id": "the-hindu", "name": "The Hindu"}, "author": "Jagriti Chandra", "title": "Coronavirus | Life-saving pharma products flown out to many countries, says airline", "description": "India also received medical equipment and food supplies", "url": "https://www.thehindu.com/news/national/coronavirus-life-saving-pharma-products-flown-out-to-many-countries-says-airline/article31231960.ece", "urlToImage": "https://www.thehindu.com/static/theme/default/base/img/og-image.jpg", "publishedAt": "2020-04-01T21:13:56Z", "content": "A day after the government drew fire on the supply of pharma products to Serbia, the Emirates Cargo said it has flown several flights carrying life-saving pharma products and equipment from Mumbai, Bengaluru and Ahmedabad to the US, Europe, Australia and the \u2026 [+986 chars]"}, {"source": {"id": "the-hindu", "name": "The Hindu"}, "author": "Legal Correspondent", "title": "Coronavirus lockdown | Plea in SC to ensure fair and sale of masks, sanitisers", "description": "Bench issues notice to Central and Delhi governments", "url": "https://www.thehindu.com/news/national/coronavirus-lockdown-plea-in-sc-to-ensure-fair-and-sale-of-masks-sanitisers/article31229502.ece", "urlToImage": "https://www.thehindu.com/news/national/1j17jw/article31229501.ece/ALTERNATES/LANDSCAPE_615/SANITISER", "publishedAt": "2020-04-01T15:14:30Z", "content": "The Supreme Court on Wednesday asked the Central and Delhi governments to respond to a petition for a direction to ensure fair and equitable sale/distribution of masks, hand sanitisers and liquid soap among the public to deal with COVID-19.\r\nCOVID-19 | Intera\u2026 [+1258 chars]"}, {"source": {"id": "the-hindu", "name": "The Hindu"}, "author": "Legal Correspondent", "title": "SC adjourns plea seeking declaration of financial emergency due to coronavirus lockdown", "description": "Apex court said the petition would be taken up for hearing after the court resumes its normal functioning", "url": "https://www.thehindu.com/news/national/sc-adjourns-plea-seeking-declaration-of-financial-emergency-due-to-coronavirus-lockdown/article31230011.ece", "urlToImage": "https://www.thehindu.com/news/national/z09k2p/article31230010.ece/ALTERNATES/LANDSCAPE_615/SUPREMECOURT", "publishedAt": "2020-04-01T16:27:02Z", "content": "The Supreme Court on Wednesday adjourned a petition for issuing directions to the government to declare national financial emergency under Article 360 in the wake of the coronavirus pandemic.\r\nA Bench led by Justice L. Nageswara Rao said the petition would be\u2026 [+1226 chars]"}, {"source": {"id": "the-hindu", "name": "The Hindu"}, "author": "Reuters", "title": "Spain reports more than 100,000 coronavirus cases, new daily death toll record", "description": "Overall fatalities caused by the disease rose to 9,053 from 8,189 on Tuesday. The daily death toll reached a record 864", "url": "https://www.thehindu.com/news/international/spain-reports-more-than-100000-coronavirus-cases-new-daily-death-toll-record/article31227223.ece", "urlToImage": "https://www.thehindu.com/news/international/f83t2l/article31227222.ece/ALTERNATES/LANDSCAPE_615/SPAINKB", "publishedAt": "2020-04-01T11:03:52Z", "content": "The number of cases of coronavirus in Spain surpassed 100,000 on Wednesday while the number of fatalities reported overnight reached a new record, the country's health ministry said.\r\nThe number of cases rose to 102,136 on Wednesday up from 94,417 on Tuesday,\u2026 [+221 chars]"}, {"source": {"id": "the-hindu", "name": "The Hindu"}, "author": "Reuters", "title": "Coronavirus | Brazil confirms first case among indigenous people in the Amazon", "description": "Health experts warn that the spreading virus could be lethal for Brazil\u2019s 850,000 indigenous people, who have been decimated for centuries by diseases brought by Europeans, from smallpox and malaria to the flu.", "url": "https://www.thehindu.com/news/international/coronavirus-brazil-confirms-first-case-among-indigenous-people-in-the-amazon/article31230427.ece", "urlToImage": "https://www.thehindu.com/static/theme/default/base/img/og-image.jpg", "publishedAt": "2020-04-01T17:14:33Z", "content": "An indigenous woman in a village deep in the Amazon rainforest has contracted the novel coronavirus, the first case reported among Brazils more than 300 tribes, the Health Ministrys indigenous health service Sesait said on Wednesday.\r\nThe 19-year-old woman fr\u2026 [+1499 chars]"}, {"source": {"id": "the-hindu", "name": "The Hindu"}, "author": "Meera Srinivasan", "title": "Coronavirus | Sri Lanka needs to scale up testing, say govt. doctors", "description": "Number of positive cases reported in Sri Lanka so far is 146", "url": "https://www.thehindu.com/news/international/coronavirus-sri-lanka-needs-to-scale-up-testing-say-govt-doctors/article31231510.ece", "urlToImage": "https://www.thehindu.com/news/international/h9m7cd/article31231509.ece/ALTERNATES/LANDSCAPE_615/thjc-Lanka", "publishedAt": "2020-04-01T18:33:45Z", "content": "A powerful trade union of government doctors in Sri Lanka has urged authorities to scale up testing to contain the spread of COVID-19 cases within the country. The number of positive cases reported in Sri Lanka so far is 146.\r\nAlso read | Opposition urges Sri\u2026 [+2114 chars]"}, {"source": {"id": "the-hindu", "name": "The Hindu"}, "author": "The Hindu Net Desk", "title": "Morning digest: Officials of Tablighi Jamaat charged with defying restrictions, U.S. coronavirus death toll surpasses China's, and more", "description": "A select list of stories to read before you start your day", "url": "https://www.thehindu.com/news/morning-digest-april-1-2020/article31223616.ece", "urlToImage": "https://www.thehindu.com/news/national/2htdfk/article31223681.ece/ALTERNATES/LANDSCAPE_615/TH31-VARGHESE-AGHL7A8F1G3jpgjpg", "publishedAt": "2020-04-01T02:47:57Z", "content": "With at least 24 of its occupants testing positive for the\u00a0novel coronavirus, an\u00a0Islamic centre in the national capital\u00a0has turned out to be the latest hotspot of COVID-19. More than 400 people with symptoms were admitted to different hospitals and over 1,100\u2026 [+7456 chars]"}, {"source": {"id": "the-hindu", "name": "The Hindu"}, "author": "Special Correspondent", "title": "Coronavirus | Solace for the stranded", "description": "Giving away \u20b9500 each, sari, dhoti, rice and vegetables to 12 migrant families from north India, who were stranded in Manamadurai on Wednesday, Minister for Khadi and Village Industries G. Baskaran di", "url": "https://www.thehindu.com/news/cities/Madurai/coronavirus-solace-for-the-stranded/article31232254.ece", "urlToImage": "https://www.thehindu.com/news/cities/Madurai/g95pqn/article31232253.ece/ALTERNATES/LANDSCAPE_615/02MASVG-BASKARAN", "publishedAt": "2020-04-01T22:06:44Z", "content": "Giving away 500 each, sari, dhoti, rice and vegetables to 12 migrant families from north India, who were stranded in Manamadurai on Wednesday, Minister for Khadi and Village Industries G. Baskaran directed officials to take care of them until the curfew was l\u2026 [+194 chars]"}, {"source": {"id": "the-hindu", "name": "The Hindu"}, "author": "Staff Reporter", "title": "Coronavirus | Nine new positive cases in Madurai", "description": "Six of them are from Melur, three from Elumalai", "url": "https://www.thehindu.com/news/cities/Madurai/nine-new-positive-cases-in-madurai/article31231978.ece", "urlToImage": "https://www.thehindu.com/static/theme/default/base/img/og-image.jpg", "publishedAt": "2020-04-01T21:38:23Z", "content": "Six persons from Melur and three from Elumalai in the district tested positive for COVID-19 on Wednesday. The infected persons, all middle-aged men, attended the religious conclave held at Nizamuddin in Delhi on March 9 and 10. \r\nCollector T.G. Vinay said tha\u2026 [+1109 chars]"}, {"source": {"id": "the-hindu", "name": "The Hindu"}, "author": "Special Correspondent", "title": "Coronavirus | IndiaNivesh shuts down broking services", "description": "The statement stated that the broking firm will neither solicit new clients nor take any fresh orders or transactions with its existing clients.", "url": "https://www.thehindu.com/business/markets/coronavirus-indianivesh-shuts-down-broking-services/article31231808.ece", "urlToImage": "https://www.thehindu.com/static/theme/default/base/img/og-image.jpg", "publishedAt": "2020-04-01T19:11:31Z", "content": "IndiaNivesh Shares and Securities has shut down all its broking operations on account of the liquidity crunch caused due to the ongoing coronavirus pandemic.\r\nIn a statement issued to the stock exchanges late on Wednesday, IndiaNivesh said its broking subsidi\u2026 [+1724 chars]"}, {"source": {"id": "the-hindu", "name": "The Hindu"}, "author": "Reuters", "title": "Iran's coronavirus death toll rises to 3,036 - health ministry official", "description": "Iran&#39;s death toll from the new coronavirus has reached 3,036, with 138 deaths in the past 24 hours, Health Ministry spokesman Kianush Jahanpur told state TV on Wednesday, adding that the country h", "url": "https://www.thehindu.com/news/international/irans-coronavirus-death-toll-rises-to-3036-health-ministry-official/article31227470.ece", "urlToImage": "https://www.thehindu.com/news/international/jm7r1i/article31227469.ece/ALTERNATES/LANDSCAPE_615/HEALTH-CORONAVIRUSIRAN-USA", "publishedAt": "2020-04-01T11:29:31Z", "content": "Iran's death toll from the new coronavirus has reached 3,036, with 138 deaths in the past 24 hours, Health Ministry spokesman Kianush Jahanpur told state TV on Wednesday, adding that the country had 47,593 infected cases.\r\nWe had 2,987 new cases of infected p\u2026 [+95 chars]"}, {"source": {"id": "the-hindu", "name": "The Hindu"}, "author": "Special Correspondent", "title": "Coronavirus | West Bengal quarantines 54 Nizamuddin congregation participants", "description": "People who attended the gathering are cooperating with State government, says Mamata", "url": "https://www.thehindu.com/news/national/other-states/coronavirus-west-bengal-quarantines-54-nizamuddin-congregation-participants/article31231959.ece", "urlToImage": "https://www.thehindu.com/static/theme/default/base/img/og-image.jpg", "publishedAt": "2020-04-01T21:10:30Z", "content": "West Bengal Chief Minister Mamata Banerjee on Wednesday said the government has quarantined 54 persons including 40 foreigners who attended the religious congregation organised by the Tablighi Jamaat in Delhi.\r\nThe Chief Minister, who held a meeting of the CO\u2026 [+1043 chars]"}, {"source": {"id": "the-hindu", "name": "The Hindu"}, "author": "Athira M", "title": "Coronavirus outbreak: Keralites employed in China return to work", "description": "As life in China slowly gets back on track after the COVID-19 outbreak, employees from around the world are returning to their offices. MetroPlus speaks to three people on what it's like to get back to their lives in Xiamen", "url": "https://www.thehindu.com/life-and-style/coronavirus-outbreak-keralites-employed-in-china-return-to-work/article31226496.ece", "urlToImage": "https://www.thehindu.com/life-and-style/f5bbb7/article31226492.ece/ALTERNATES/LANDSCAPE_615/03TVMCHINA", "publishedAt": "2020-04-01T10:20:24Z", "content": "Riyad Muhammedali, Binoy AK and Appu VK, colleagues at Base FX, a visual effects and animation company in Xiamen City in Fujian province of China, had big plans for the week-long holiday, which was to start on January 25, the first day of the Chinese New Year\u2026 [+6050 chars]"}, {"source": {"id": "the-hindu", "name": "The Hindu"}, "author": "AFP", "title": "Coronavirus | World could face a food crisis: UN, WTO", "description": "White House\u2019s COVID-19 coordinator projects a range of 1,00,000 to 2,40,000 deaths in the U.S.", "url": "https://www.thehindu.com/news/international/coronavirus-world-could-face-a-food-crisis-un-wto/article31231649.ece", "urlToImage": "https://www.thehindu.com/static/theme/default/base/img/og-image.jpg", "publishedAt": "2020-04-01T18:49:51Z", "content": "The heads of three global agencies warned on Wednesday of the risk of a worldwide food shortage if authorities fail to manage the ongoing COVID-19 crisis properly.\r\nMany governments around the world have put their populations on lockdown causing severe slow-d\u2026 [+2693 chars]"}, {"source": {"id": "the-hindu", "name": "The Hindu"}, "author": "Special Correspondent", "title": "Coronavirus | India welcomes foreign contributions to PM-CARES", "description": "Individuals and organisations can pitch in.", "url": "https://www.thehindu.com/news/national/coronavirus-india-welcomes-foreign-contributions-to-pm-cares/article31231450.ece", "urlToImage": "https://www.thehindu.com/news/national/88cdi5/article31231449.ece/ALTERNATES/LANDSCAPE_615/01THRDMODI1", "publishedAt": "2020-04-01T18:28:00Z", "content": "India welcomes foreign contributions to the PM-CARES fund to fight the threat posed by the novel coronavirus, a source said here on Wednesday. \r\nThe official highlighted the shortage of ventilators and personal protective equipment for medical professionals, \u2026 [+2566 chars]"}, {"source": {"id": "the-hindu", "name": "The Hindu"}, "author": "Special Correspondent", "title": "Coronavirus | Police cordon off Melapalayam after 16 residents test positive", "description": "Outsiders barred entry; door-to-door check for COVID 19 symptoms under way", "url": "https://www.thehindu.com/news/cities/Madurai/coronavirus-police-cordon-off-melapalayam-after-16-residents-test-positive/article31232016.ece", "urlToImage": "https://www.thehindu.com/news/cities/Madurai/oh0kzc/article31232015.ece/ALTERNATES/LANDSCAPE_615/02MATVL-MELA", "publishedAt": "2020-04-01T22:02:03Z", "content": "Police cordoned off Melapalayam on Wednesday after 16 residents from this densely populated place tested positive for COVID-19 on their return from a religious congregation in Delhi recently.\r\nEven after the State government clamped prohibitory orders under S\u2026 [+2336 chars]"}, {"source": {"id": "the-hindu", "name": "The Hindu"}, "author": "Iboyaima Laithangbam", "title": "Coronavirus: Fresh tests show Manipur girl is still positive", "description": "Chief Minister N. Biren asks those who participated in Delhi\u2019s Nizamuddin congregation to contact authorities", "url": "https://www.thehindu.com/news/national/other-states/coronavirus-fresh-tests-show-manipur-girl-is-still-positive/article31223881.ece", "urlToImage": "https://www.thehindu.com/static/theme/default/base/img/og-image.jpg", "publishedAt": "2020-04-01T03:47:41Z", "content": "Fresh tests on the 23-year-old girl, who is under quarantine in a medical college in Imphal since March 23, showed that she is still COVID-19 positive on Tuesday though her general condition is stable, according to media reports on Wednesday.\r\nMeanwhile, offi\u2026 [+1613 chars]"}, {"source": {"id": "the-hindu", "name": "The Hindu"}, "author": "The Hindu Net Desk", "title": "Coronavirus India lockdown day 8 updates | Positive cases cross 1500, death toll at 49", "description": "According to WHO's March 31 update, globally, 36,571 have died and 754,948 tested positive", "url": "https://www.thehindu.com/news/national/india-coronavirus-lockdown-april-1-2020-live-updates/article31223884.ece", "urlToImage": "https://www.thehindu.com/news/cities/Hyderabad/osq1op/article31223878.ece/ALTERNATES/LANDSCAPE_615/1jpg", "publishedAt": "2020-04-01T03:51:58Z", "content": "As India is under lockdown for a week now, the government has said the 21-day period will not be extended. The country is seeing a spurt in the number of coronavirus cases, with Gujarat, Punjab, Telangana and West Bengal reporting deaths.\r\nCOVID-19 has claime\u2026 [+3453 chars]"}, {"source": {"id": "the-hindu", "name": "The Hindu"}, "author": "Special Correspondent", "title": "Woman with coronavirus-like symptoms dies in isolation ward at Cuddalore GH", "description": "A Health department official said that the patient died due to diabetic ketoacidosis", "url": "https://www.thehindu.com/news/cities/puducherry/woman-with-coronavirus-like-symptoms-dies-in-isolation-ward-at-cuddalore-gh/article31228509.ece", "urlToImage": "https://www.thehindu.com/static/theme/default/base/img/og-image.jpg", "publishedAt": "2020-04-01T13:11:31Z", "content": "A 35-year-old woman admitted to the isolation ward in the Cuddalore Government General Hospital, with COVID-19 like symptoms, died on Wednesday. Her test results are awaited.\r\nA Health department official said that the patient had died due to diabetic ketoaci\u2026 [+276 chars]"}, {"source": {"id": "the-hindu", "name": "The Hindu"}, "author": "Special Correspondent", "title": "Coronavirus | Delhi to pay \u20b91 crore ex-gratia to kin of front-line personnel", "description": "After an emergency cabinet meeting on Wednesday, Chief Minister Arvind Kejriwal announced that if anybody loses their life while serving any COVID-19 patient, be it sanitation workers, doctors, nurses", "url": "https://www.thehindu.com/news/national/delhi-to-pay-1-crore-ex-gratia-to-kin-of-front-line-personnel/article31230190.ece", "urlToImage": "https://www.thehindu.com/static/theme/default/base/img/og-image.jpg", "publishedAt": "2020-04-01T16:46:40Z", "content": "After an emergency cabinet meeting on Wednesday, Chief Minister Arvind Kejriwal announced that if anybody loses their life while serving any COVID-19 patient, be it sanitation workers, doctors, nurses or any other staff, temporary or permanent, from governmen\u2026 [+2131 chars]"}, {"source": {"id": "the-hindu", "name": "The Hindu"}, "author": "PTI", "title": "U.K. extends work visas for Indian, foreign doctors amid coronavirus outbreak", "description": "The one-year extension will apply to around 2,800 migrant doctors, nurses and paramedics employed by the NHS whose visa is due to expire before October 1", "url": "https://www.thehindu.com/news/international/uk-extends-work-visas-for-indian-foreign-doctors-amid-coronavirus-outbreak/article31225008.ece", "urlToImage": "https://www.thehindu.com/static/theme/default/base/img/og-image.jpg", "publishedAt": "2020-04-01T08:01:52Z", "content": "In a relief to foreign doctors, including from India, whose visas were set to expire in October this year, the UK government has extended the deadline by one year amid the countrys fight against the COVID-19 pandemic.\r\n The UK government on Tuesday confirmed \u2026 [+2951 chars]"}, {"source": {"id": "the-hindu", "name": "The Hindu"}, "author": "PTI", "title": "21-year-old \u2018Supergirl\u2019 star Olivia Nikkanen tests positive for coronavirus", "description": "Actor shared a health update while appearing on Instagram Live with co-star Kathryn Newton", "url": "https://www.thehindu.com/entertainment/movies/21-year-old-supergirl-star-olivia-nikkanen-tests-positive-for-coronavirus/article31224566.ece", "urlToImage": "https://www.thehindu.com/entertainment/movies/w5wl6k/article31224565.ece/ALTERNATES/LANDSCAPE_615/olivia", "publishedAt": "2020-04-01T06:52:54Z", "content": "Actor Olivia Nikkanen, best known for her roles on shows The Society and Supergirl, says she has tested positive for the novel coronavirus.\r\n The 21-year-old actor shared a health update on Tuesday while appearing on Instagram Live with her co-star Kathryn Ne\u2026 [+1421 chars]"}, {"source": {"id": "the-hindu", "name": "The Hindu"}, "author": "PTI", "title": "\u2018Star Wars\u2019 actor Andrew Jack dies at 76 of coronavirus complications", "description": "As a dialect coach in Hollywood, Jack also worked on high-profile projects such as \u2018The Lord of the Rings\u2019 trilogy, \u2018Batman Begins\u2019 and several Marvel films", "url": "https://www.thehindu.com/entertainment/movies/star-wars-actor-andrew-jack-dies-at-76-of-coronavirus-complications/article31224580.ece", "urlToImage": "https://www.thehindu.com/entertainment/movies/41d7ip/article31224579.ece/ALTERNATES/LANDSCAPE_615/andrew", "publishedAt": "2020-04-01T07:08:09Z", "content": "Actor Andrew Jack, best known for playing Major Ematt in the Stars Wars films, has died of coronavirus complications at the age of 76.\r\n Jack passed away at a hospital in Chertsey, England on Tuesday, according to his agent, Jill McCullough, reported Deadline\u2026 [+1482 chars]"}, {"source": {"id": "the-hindu", "name": "The Hindu"}, "author": "Shoumojit Banerjee", "title": "Coronavirus | Over 130 from Pune district attended Nizamuddin Tablighi Jamaat conclave, say authorities", "description": "The divisional authorities say that they are tracking down those who participated in the conclave, some of whom are foreign nationals", "url": "https://www.thehindu.com/news/national/other-states/over-130-from-pune-district-attended-nizamuddin-tablighi-jamaat-conclave-say-authorities/article31224154.ece", "urlToImage": "https://www.thehindu.com/news/national/other-states/ipd0k7/article31224152.ece/ALTERNATES/LANDSCAPE_615/NIZAMUDDIN", "publishedAt": "2020-04-01T05:11:35Z", "content": "At least 182 persons in Pune division, including more than 130 in Pune district, had attended the fortnight-long conclave hosted by the Tablighi Jamaat, a global Islamic organisation, in Delhis Nizamuddin West area earlier this month, authorities said on Wedn\u2026 [+3050 chars]"}, {"source": {"id": "the-hindu", "name": "The Hindu"}, "author": "AFP", "title": "Coronavirus | Putin working remotely after doctor he met with tests positive", "description": "Russia has so far registered 2,777 cases of the coronavirus and 24 deaths, mostly in Moscow", "url": "https://www.thehindu.com/news/international/coronavirus-putin-working-remotely-after-doctor-he-met-with-tests-positive/article31231825.ece", "urlToImage": "https://www.thehindu.com/incoming/9cojwe/article31231870.ece/ALTERNATES/LANDSCAPE_615/RUSSIA-POLITICS-4ap", "publishedAt": "2020-04-01T19:23:29Z", "content": "Russian President Vladimir Putin has decided to handle his duties remotely, the Kremlin said Wednesday, after the head of the countrys main coronavirus hospital tested positive following a meeting with the president.\r\nDenis Protsenko, who met with Putin last \u2026 [+1269 chars]"}, {"source": {"id": "the-hindu", "name": "The Hindu"}, "author": "Legal Correspondent", "title": "Coronavirus lockdown has caused a humanitarian crisis, says plea in SC", "description": "Wants Centre, States to ensure payment of wages to migrant workers within a week", "url": "https://www.thehindu.com/news/national/coronavirus-lockdown-has-caused-a-humanitarian-crisis-says-plea-in-sc/article31229614.ece", "urlToImage": "https://www.thehindu.com/news/national/mdt1y7/article31229613.ece/ALTERNATES/LANDSCAPE_615/MIGRANTWORKERS2", "publishedAt": "2020-04-01T15:33:46Z", "content": "The Supreme Court on Wednesday agreed to urgently hear a petition filed by activists Harsh Mander and Anjali Bhardwaj that the declaration of the 21-day national lockdown without prior information precipitated an unprecedented humanitarian crisis for migrant \u2026 [+2684 chars]"}, {"source": {"id": "the-hindu", "name": "The Hindu"}, "author": "Sumant Sen, Naresh Singaravelu", "title": "Data | United States bears the global brunt of new coronavirus cases", "description": "Italy records dip in new cases, while Spain and U.S. face exponential increase in new deaths recorded", "url": "https://www.thehindu.com/data/data-united-states-bears-the-global-brunt-of-new-coronavirus-cases/article31231925.ece", "urlToImage": "https://www.thehindu.com/news/international/ndya71/article31201994.ece/ALTERNATES/LANDSCAPE_615/30MARTHVIRUSOUTBREAKNEWYORK", "publishedAt": "2020-04-01T20:39:09Z", "content": "United States and Spain continue to bear the brunt of the COVID-19 pandemic with consistent increases in the number of new cases recorded in the past week. \r\nOver 54% of the 48,757 new cases recorded on March 31 were from the U.S.\r\nThe U.S. is also witnessing\u2026 [+2378 chars]"}, {"source": {"id": "the-hindu", "name": "The Hindu"}, "author": "The Hindu Net Desk", "title": "Prithviraj Sukumaran\u2019s \u2018Aadujeevitham\u2019 team stuck in Jordan, requests return to India amid coronavirus pandemic", "description": "Director of the film has written to the Film Chamber and Kerala government, hoping for their 58-member team to travel back", "url": "https://www.thehindu.com/entertainment/movies/prithviraj-sukumarans-aadujeevitham-team-stuck-in-jordan-requests-return-to-india-amid-coronavirus-pandemic/article31224475.ece", "urlToImage": "https://www.thehindu.com/entertainment/movies/mattc1/article31224474.ece/ALTERNATES/LANDSCAPE_615/Prithviraj-in-Ayyappanum-Koshiyum-1", "publishedAt": "2020-04-01T06:38:53Z", "content": "Filmmaker Blessy, the director of Malayalam actor Prithviraj Sukumarans next film Aadujeevitham, has written to the Film Chamber requesting help for their 58-member team from Jordan where the shooting of their film was underway and to ensure their return to I\u2026 [+1910 chars]"}, {"source": {"id": "the-hindu", "name": "The Hindu"}, "author": "Prabalika M. Borah", "title": "Couples make the most of time together during the Coronavirus lockdown", "description": "A few couples are making use of the time during the COVID-19 lockdown, to knock down walls, build bridges, and forge stronger relationships", "url": "https://www.thehindu.com/life-and-style/how-couples-across-india-are-working-together-at-home/article31225682.ece", "urlToImage": "https://www.thehindu.com/life-and-style/r04swm/article31225677.ece/ALTERNATES/LANDSCAPE_615/couple-newjpgimage784410", "publishedAt": "2020-04-01T09:14:39Z", "content": "Weeks before the Coronavirus pandemic, Nishant Sinha, Hyderabad-based roaster was enthusiastic about a new business he and his wife had planned to start. My wife and I are flying back tomorrow to Delhi, he said. His wife Sheetal Saxena is looking to start her\u2026 [+4512 chars]"}, {"source": {"id": "the-hindu", "name": "The Hindu"}, "author": "Special Correspondent", "title": "Coronavirus | After exposure to positive patient, nursing staff demand protective gear", "description": "We had expressed our concern earlier as well, Punjab healthcare employees say", "url": "https://www.thehindu.com/news/national/other-states/coronavirus-after-exposure-to-positive-patient-nursing-staff-demand-gear/article31231926.ece", "urlToImage": "https://www.thehindu.com/static/theme/default/base/img/og-image.jpg", "publishedAt": "2020-04-01T20:39:24Z", "content": "After the healthcare staff at the Postgraduate Institute of Medical Education and Research here was exposed to a COVID-19 patient in the absence of desired safety gear, the nursing staff has asked the authorities to provide personal protective equipment in th\u2026 [+1362 chars]"}, {"source": {"id": "the-hindu", "name": "The Hindu"}, "author": "The Hindu Net Desk", "title": "Prithiviraj Sukumaran\u2019s \u2018Aadujeevitham\u2019 team stuck in Jordan, requests return to India amid coronavirus pandemic", "description": "Director of the film has written to the Film Chamber and Kerala government, hoping for their 58-member team to travel back", "url": "https://www.thehindu.com/entertainment/movies/prithiviraj-sukumarans-aadujeevitham-team-stuck-in-jordan-requests-return-to-india-amid-coronavirus-pandemic/article31224475.ece", "urlToImage": "https://www.thehindu.com/entertainment/movies/mattc1/article31224474.ece/ALTERNATES/LANDSCAPE_615/Prithviraj-in-Ayyappanum-Koshiyum-1", "publishedAt": "2020-04-01T06:24:28Z", "content": "Filmmaker Blessy, the director of Malayalam actor Prithviraj Sukumarans next film Aadujeevitham, has written to the Film Chamber requesting help for their 58-member team from Jordan where the shooting of their film was underway and to ensure their return to I\u2026 [+1910 chars]"}, {"source": {"id": "the-hindu", "name": "The Hindu"}, "author": "Susan Joe Philip", "title": "Coronavirus | Coimbatore-based companies manufacture 3D-printed face shields", "description": "The design is open sourced and anyone can now use it free of cost to manufacture the shields, say the manufacturers", "url": "https://www.thehindu.com/sci-tech/health/covid-19-coimbatore-based-companies-manufacture-3d-printed-face-shields-for-sanitation-workers/article31217234.ece", "urlToImage": "https://www.thehindu.com/news/cities/Coimbatore/sy0c95/article31217233.ece/ALTERNATES/LANDSCAPE_615/Image1", "publishedAt": "2020-04-01T05:25:25Z", "content": "It was the morning of the Janata Curfew. Ebin Ephrem Elavathingal, senior manager of AIC RISE (an incubator backed by Government of India under the NITI Aayog Programme); Hari Vijay, founder of Augment3Di; and Vigneshwaran S, founder of Virtual Frontier Robot\u2026 [+2390 chars]"}, {"source": {"id": "the-hindu", "name": "The Hindu"}, "author": "Dr. A. Jaishree Gajaraj", "title": "Coronavirus | Managing pregnancy and childbirth", "description": "\u201cDoctor, I am in my 31st week of pregnancy; neighbours and friends tell me that I am more prone to get the infection. I am afraid. What should I do?\u201dAs obstetricians taking care of mums-to-be, we have", "url": "https://www.thehindu.com/news/cities/chennai/experts-speak-on-coronavirus-managing-pregnancy-and-childbirth/article31231108.ece", "urlToImage": "https://www.thehindu.com/news/cities/chennai/92ivfl/article31231107.ece/ALTERNATES/LANDSCAPE_615/expert", "publishedAt": "2020-04-01T20:32:49Z", "content": "Doctor, I am in my 31st week of pregnancy; neighbours and friends tell me that I am more prone to get the infection. I am afraid. What should I do?\r\nAs obstetricians taking care of mums-to-be, we have received many a phone call seeking help and reassurance. T\u2026 [+4706 chars]"}, {"source": {"id": "the-hindu", "name": "The Hindu"}, "author": "Special Correspondent", "title": "Coronavirus | RBI announces more measures to fight economic disruptions", "description": "Extention of realisation period of export proceeds and allowing States to borrow more", "url": "https://www.thehindu.com/business/Economy/coronavirus-rbi-announces-more-measures-to-fight-economic-disruptions/article31224844.ece", "urlToImage": "https://www.thehindu.com/business/Economy/ims4re/article31224843.ece/ALTERNATES/LANDSCAPE_615/RBIKB", "publishedAt": "2020-04-01T07:33:52Z", "content": "Mumbai The Reserve Bank of India has announced more measures to fight economic disruptions caused by the Coronavirus, like extention of realisation period of export proceeds and allowing States to borrow more. \r\n\"Presently value of the goods or software expor\u2026 [+1208 chars]"}, {"source": {"id": "the-hindu", "name": "The Hindu"}, "author": "Staff Reporter", "title": "Niloufer doctors test negative for coronavirus", "description": "Telangana Health department officials heaved a sigh of relief as 11 junior doctors, and a few senior doctors, Class-IV employees, from Niloufer Hospital tested negative for coronavirus. The healthcare", "url": "https://www.thehindu.com/news/national/telangana/niloufer-doctors-test-negative-for-coronavirus/article31230199.ece", "urlToImage": "https://www.thehindu.com/static/theme/default/base/img/og-image.jpg", "publishedAt": "2020-04-01T16:48:08Z", "content": "Telangana Health department officials heaved a sigh of relief as 11 junior doctors, and a few senior doctors, Class-IV employees, from Niloufer Hospital tested negative for coronavirus. The healthcare professionals gave their samples for tests after they got \u2026 [+1104 chars]"}, {"source": {"id": "the-hindu", "name": "The Hindu"}, "author": "K. Umashanker", "title": "Coronavirus is beyond grasp of these residents", "description": "While some believe it\u2019s a skin disease, others call it a female ghost", "url": "https://www.thehindu.com/news/national/andhra-pradesh/coronavirus-is-beyond-grasp-of-these-residents/article31230797.ece", "urlToImage": "https://www.thehindu.com/news/national/andhra-pradesh/o6zaws/article31230796.ece/ALTERNATES/LANDSCAPE_615/02VJCHITTOORVILAGE", "publishedAt": "2020-04-01T17:34:52Z", "content": "Even as the COVID-19 scare grips the entire world, the virus is beyond grasp of the residents of about a dozen hamlets at the forested areas and hillocks in Bangarupalem mandal bordering the forests of Tamil Nadu.\r\nThough the COVID-19 concern has been largely\u2026 [+2967 chars]"}, {"source": {"id": "the-hindu", "name": "The Hindu"}, "author": "Special Correspondent", "title": "Coronavirus outbreak | JEE-Advanced test postponed", "description": "IIT Delhi, the organising institute for Joint Entrance Examination (JEE-Advanced) 2020, on Wednesday announced that it has postponed the entrance examination that was scheduled to be held on May 17.Wa", "url": "https://www.thehindu.com/news/national/coronavirus-outbreak-jee-advanced-test-postponed/article31230790.ece", "urlToImage": "https://www.thehindu.com/static/theme/default/base/img/og-image.jpg", "publishedAt": "2020-04-01T17:34:21Z", "content": "IIT Delhi, the organising institute for Joint Entrance Examination (JEE-Advanced) 2020, on Wednesday announced that it has postponed the entrance examination that was scheduled to be held on May 17.\r\nWatch | What is contact tracing?\r\nJEE (Main) 2020 April exa\u2026 [+444 chars]"}, {"source": {"id": "the-hindu", "name": "The Hindu"}, "author": "Staff Reporter", "title": "Coronavirus: Free \u2018tele-consultation\u2019 launched in Karnataka", "description": "The Karnataka government launched a free tele-consultation initiative to help citizens obtain information regarding COVID-19 and for clarifications of any sorts with regards to the pandemic. Citizens", "url": "https://www.thehindu.com/news/national/karnataka/coronavirus-free-tele-consultation-launched-in-karnataka/article31224473.ece", "urlToImage": "https://www.thehindu.com/static/theme/default/base/img/og-image.jpg", "publishedAt": "2020-04-01T06:24:04Z", "content": "The Karnataka government launched a free tele-consultation initiative to help citizens obtain information regarding COVID-19 and for clarifications of any sorts with regards to the pandemic. Citizens will now be able to directly interact with doctors through \u2026 [+1402 chars]"}, {"source": {"id": "the-hindu", "name": "The Hindu"}, "author": "AFP", "title": "UK records over 500 daily coronavirus deaths for first time", "description": "Some 29,474 people have now tested positive, an increase of 4,324 over the previous day", "url": "https://www.thehindu.com/news/international/uk-records-over-500-daily-coronavirus-deaths-for-first-time/article31229314.ece", "urlToImage": "https://www.thehindu.com/news/international/roru76/article31229313.ece/ALTERNATES/LANDSCAPE_615/12161549511", "publishedAt": "2020-04-01T14:34:31Z", "content": "Britain reported 563 daily coronavirus deaths on Wednesday, the first time the national toll has exceeded 500, bringing the total fatalities to 2,352, according to official figures.\r\nFollow live updates here\r\nAs of 5 p.m. (1600 GMT) on 31 March, of those hosp\u2026 [+931 chars]"}, {"source": {"id": "the-hindu", "name": "The Hindu"}, "author": "Special Correspondent", "title": "Coronavirus | 72 Gujarat attendees of Tablighi congregation identified", "description": "Search on to identify all 1,500 people from the State to have been in the Nizamuddin area during the event", "url": "https://www.thehindu.com/news/national/other-states/coronavirus-72-gujarat-attendees-of-tablighi-congregation-identified/article31231953.ece", "urlToImage": "https://www.thehindu.com/static/theme/default/base/img/og-image.jpg", "publishedAt": "2020-04-01T20:55:27Z", "content": "The Gujarat Police has identified 72 persons from the State to have attended the Tablighi Jamaat religious congregation in Delhis Nizamuddin area, which has emerged as a major coronavirus hotspot. \r\nOf them, 71 persons have been traced and quarantined; one of\u2026 [+2650 chars]"}, {"source": {"id": "the-hindu", "name": "The Hindu"}, "author": "AFP", "title": "Coronavirus | UN\u2019s COP26 climate summit postponed, says U.K. government", "description": "UN Climate Change Executive Secretary Patricia Espinosa said postponement was unavoidable but that the pandemic should not divert the world from the climate change challenge.", "url": "https://www.thehindu.com/news/international/coronavirus-uns-cop26-climate-summit-postponed-says-uk-government/article31231982.ece", "urlToImage": "https://www.thehindu.com/incoming/ac6ci2/article31231984.ece/ALTERNATES/LANDSCAPE_615/000V26W0jpg", "publishedAt": "2020-04-01T21:57:09Z", "content": "The United Nations COP26 Climate Change Summit due to take place in the Scottish city of Glasgow in November has been postponed due to the coronavirus pandemic, the British government said on Wednesday.\r\nCoronavirus|Putin working remotely after doctor he met \u2026 [+1126 chars]"}, {"source": {"id": "the-hindu", "name": "The Hindu"}, "author": "Mohammed Iqbal", "title": "Coronavirus | 14 more positive cases found in Rajasthan", "description": "As part of the continuing measures to control the pandemic and generate resources to fight COVID-19, the State government has deferred part salaries of the Ministers, MLAs and officers.", "url": "https://www.thehindu.com/news/national/other-states/coronavirus-14-more-positive-cases-found-in-rajasthan/article31231094.ece", "urlToImage": "https://www.thehindu.com/static/theme/default/base/img/og-image.jpg", "publishedAt": "2020-04-01T18:01:21Z", "content": "Fourteen more COVID-19 positive cases were detected in Rajasthan on Wednesday, taking the number of infected persons in the State to over 90. \r\nThirteen of the infected persons were found in the Ramganj area of Jaipurs cufew-bound Walled City, which has emerg\u2026 [+1669 chars]"}, {"source": {"id": "the-hindu", "name": "The Hindu"}, "author": "Shiv Sahay Singh", "title": "Coronavirus | Two more deaths take West Bengal toll to six", "description": "Four of the casualties have been reported in the State in the past 48 hours, and in at least two cases, the test reports were received after the death of the patient", "url": "https://www.thehindu.com/news/cities/kolkata/coronavirus-two-more-deaths-take-west-bengal-toll-to-six/article31225101.ece", "urlToImage": "https://www.thehindu.com/news/8r56fz/article31129606.ece/ALTERNATES/LANDSCAPE_615/Howrah-COVID", "publishedAt": "2020-04-01T08:18:39Z", "content": "Two more deaths were reported from COVID-19 in West Bengal on Wednesday, taking the toll due to contagious viral infection in the State to six. While one patient, who was admitted to the NRS Medical College and Hospital, passed away on Tuesday evening, anothe\u2026 [+1737 chars]"}, {"source": {"id": "the-hindu", "name": "The Hindu"}, "author": "Devesh K. Pandey", "title": "Coronavirus | Press Information Bureau sets up fact-check portal", "description": "The government will send responses to messages sent by e-mail to the portal at the earliest on the facts related to the virus.", "url": "https://www.thehindu.com/news/national/coronavirus-press-information-bureau-sets-up-fact-check-portal/article31231972.ece", "urlToImage": "https://www.thehindu.com/static/theme/default/base/img/og-image.jpg", "publishedAt": "2020-04-01T21:34:22Z", "content": "The Press Information Bureau (PIB) under the Information &amp; Broadcasting Ministry has set up a portal, COVID-19 Fact Check Unit, which will be operational from Thursday.\r\nThe government will send responses to messages sent by e-mail to the portal at the ea\u2026 [+1000 chars]"}, {"source": {"id": "the-hindu", "name": "The Hindu"}, "author": "Special Correspondent", "title": "Coronavirus | 500 placed under quarantine in Haryana, says Khattar", "description": "The number of positive cases in the State is 16, says Chief Minister", "url": "https://www.thehindu.com/news/national/other-states/coronavirus-500-placed-under-quarantine-in-haryana-says-khattar/article31231958.ece", "urlToImage": "https://www.thehindu.com/static/theme/default/base/img/og-image.jpg", "publishedAt": "2020-04-01T21:07:31Z", "content": "Haryana Chief Minister Manohar Lal Khattar on Wednesday said acting on the inputs from the police and the Intelligence Bureau (IB), more than 500 persons who returned to the State after attending a congregation at Nizamuddin in Delhi have been placed under qu\u2026 [+933 chars]"}, {"source": {"id": "the-hindu", "name": "The Hindu"}, "author": "Special Correspondent", "title": "Coronavirus | Expedite tracing of Tabligh attendees, Centre tells States", "description": "Cabinet Secretary holds a videoconference with Chief Secretaries of all the States", "url": "https://www.thehindu.com/news/national/coronavirus-expedite-tracing-of-tabligh-attendees-states-told/article31226196.ece", "urlToImage": "https://www.thehindu.com/news/national/4jw5ay/article31226195.ece/ALTERNATES/LANDSCAPE_615/NIZAMKB", "publishedAt": "2020-04-01T10:05:17Z", "content": "Cabinet Secretary Rajiv Gauba on Wednesday held a videoconference with the Chief Secretaries of all the States a day after the Tablighi Markaz (centre) at Nizamuddin was evacuated and the area put under an intense lockdown. \r\nPrime Minister Narendra Modi is t\u2026 [+1227 chars]"}, {"source": {"id": "the-hindu", "name": "The Hindu"}, "author": "Staff Reporter", "title": "Coronavirus | Coimbatore Police intercept container trucks packed with migrants", "description": "Five drivers arrested for attempting to ferry 250 workers out of State to Madhya Pradesh, Rajasthan.", "url": "https://www.thehindu.com/news/national/tamil-nadu/coronavirus-coimbatore-police-intercept-container-trucks-packed-with-migrants/article31231891.ece", "urlToImage": "https://www.thehindu.com/news/national/tamil-nadu/9mv0pn/article31231890.ece/ALTERNATES/LANDSCAPE_615/02THLORRIESP1", "publishedAt": "2020-04-01T20:11:25Z", "content": "The Coimbatore Police have arrested five truck drivers for attempting to illegally take 250 migrant workers in container trucks to their native places in Madhya Pradesh and Rajasthan, violating the nationwide COVID-19 lockdown. \r\nThree trucks bearing Haryana \u2026 [+2503 chars]"}, {"source": {"id": "the-hindu", "name": "The Hindu"}, "author": "AFP", "title": "Coronavirus | Six-week-old newborn dead, says Connecticut State Governor", "description": "The fast-spreading virus is believed to be more dangerous for older adults, though increasingly it appears to be also sending younger patients to the hospital as well.", "url": "https://www.thehindu.com/news/international/coronavirus-six-week-old-newborn-dead-says-connecticut-state-governor/article31232897.ece", "urlToImage": "https://www.thehindu.com/incoming/yosslj/article31232898.ece/ALTERNATES/LANDSCAPE_615/0001QB1TVjpg", "publishedAt": "2020-04-01T23:36:29Z", "content": "A six-week-old infant has died of complications relating to COVID-19, the governor of the U.S. State of Connecticut said Wednesday, in one of the youngest recorded deaths from the virus.\r\nAlso read | COVID-19 worst crisis since World War II, says U.N. chief\r\n\u2026 [+1419 chars]"}, {"source": {"id": "the-hindu", "name": "The Hindu"}, "author": "Special Correspondent", "title": "Coronavirus | India sees a sharp spike in infections", "description": "Over 370 new cases registered in past 24 hours.", "url": "https://www.thehindu.com/news/national/coronavirus-india-sees-a-sharp-spike-in-infections/article31230930.ece", "urlToImage": "https://www.thehindu.com/news/national/n6xxpo/article31230929.ece/ALTERNATES/LANDSCAPE_615/01THRDKOYEMBEDU1", "publishedAt": "2020-04-01T17:44:57Z", "content": "India reported three deaths and over 370 new cases on April 1 the highest-ever single-day increase in its COVID-19 tally. \r\nThis brought the total confirmed cases to 1,637 and took the death toll to 38. One hundred and thirty two persons have been cured/disch\u2026 [+2250 chars]"}, {"source": {"id": "the-hindu", "name": "The Hindu"}, "author": "Syed Sajjad Ali", "title": "Coronavirus lockdown | All 22 Tablighi Jamaat attendees from Tripura identified", "description": "They have been placed in institutional quarantine", "url": "https://www.thehindu.com/news/national/coronavirus-lockdown-all-22-tablighi-jamaat-attendees-from-tripura-identified/article31228856.ece", "urlToImage": "https://www.thehindu.com/news/national/27gbyi/article31228855.ece/ALTERNATES/LANDSCAPE_615/VBK-TABLIGHI-TRIPURA-CORONAVIRUS-PTI", "publishedAt": "2020-04-01T13:48:23Z", "content": "Tripura health officials with the help of police on Wednesday tracked down 22 persons who attended the Tablighi Jamaat religious congregation in New Delhi. They have been sent to institutional quarantine at two facilities, a senior health official involved in\u2026 [+1049 chars]"}, {"source": {"id": "the-hindu", "name": "The Hindu"}, "author": "Sidharth Yadav", "title": "Coronavirus | Khargone man who died earlier tests positive, Madhya Pradesh toll 6", "description": "The State has so far reported 86 positive cases", "url": "https://www.thehindu.com/news/national/coronavirus-khargone-man-who-died-earlier-tests-positive-madhya-pradesh-toll-6/article31224686.ece", "urlToImage": "https://www.thehindu.com/static/theme/default/base/img/og-image.jpg", "publishedAt": "2020-04-01T07:13:25Z", "content": "A 65-year-old man from Khargone district, who died on March 29 while undergoing treatment at a hospital in Indore, has tested positive for COVID-19, taking to six the toll owing to the illness in Madhya Pradesh. \r\nThe man from Dhargoan village in Maheshwar te\u2026 [+1011 chars]"}, {"source": {"id": "the-hindu", "name": "The Hindu"}, "author": "Krishnadas Rajagopal", "title": "Coronavirus | Supreme Court order to media in consonance with Disaster Management Act", "description": "Media can be directed to carry advisories regarding threatening disaster situations", "url": "https://www.thehindu.com/news/national/other-states/coronavirus-supreme-court-order-to-media-in-consonance-with-disaster-management-act/article31231952.ece", "urlToImage": "https://www.thehindu.com/static/theme/default/base/img/og-image.jpg", "publishedAt": "2020-04-01T20:52:36Z", "content": "The Supreme Court order on Tuesday to media outlets to refer to and publish the official version about COVID-19 developments is in the spirit of the provisions of the Disaster Management Act of 2005.\r\nSection 67 of the 2005 Act empowers the government to dire\u2026 [+2253 chars]"}, {"source": {"id": "the-hindu", "name": "The Hindu"}, "author": "PTI", "title": "India looks at China, South Korea, Germany for best practices, technology to contain coronavirus", "description": "The move comes as India saw rapid increase in number of positive coronavirus cases in the last few days", "url": "https://www.thehindu.com/news/national/india-looks-at-china-south-korea-germany-for-best-practices-technology-to-contain-coronavirus/article31228013.ece", "urlToImage": "https://www.thehindu.com/news/national/other-states/pioq0l/article31221486.ece/ALTERNATES/LANDSCAPE_615/NKV-TESTINGKITS-AP", "publishedAt": "2020-04-01T12:22:04Z", "content": "India is looking at South Korea, Germany and China for procurement of cutting-edge technology and adopting best practices being followed by them in successfully containing the spread of coronavirus amid looming risk of the country entering the community infec\u2026 [+3038 chars]"}, {"source": {"id": "the-hindu", "name": "The Hindu"}, "author": "Special Correspondent", "title": "Coronavirus outbreak | CBSE to give 10 days notice for rescheduled board exams", "description": "Only 12 main papers for Class 12 will be rescheduled", "url": "https://www.thehindu.com/news/national/coronavirus-outbreak-cbse-to-give-10-days-notice-for-rescheduled-board-exams/article31230668.ece", "urlToImage": "https://www.thehindu.com/static/theme/default/base/img/og-image.jpg", "publishedAt": "2020-04-01T17:29:29Z", "content": "Out of the 40 papers for Class 10 and 12 board examinations that the Central Board of Secondary Education was forced to put on hold due to the situation caused by the COVID-19 pandemic, only papers in 12 key subjects for Class 12 will be rescheduled. The rema\u2026 [+4502 chars]"}, {"source": {"id": "the-hindu", "name": "The Hindu"}, "author": "Reuters", "title": "Patrick McEnroe feeling fine after mild case of coronavirus", "description": "McEnroe, younger brother of seven-times Grand Slam champion John, said he had been tested after experiencing \u201csome minor symptoms\u201d about 10 or 11 days ago", "url": "https://www.thehindu.com/sport/tennis/patrick-mcenroe-feeling-fine-after-mild-case-of-coronavirus/article31224376.ece", "urlToImage": "https://www.thehindu.com/sport/tennis/fr6ir/article31224375.ece/ALTERNATES/LANDSCAPE_615/PATKB", "publishedAt": "2020-04-01T06:06:57Z", "content": "Retired tennis player Patrick McEnroe has recovered from a mild case of coronavirus, he announced on social media on Tuesday.\r\nMcEnroe, younger brother of seven-times Grand Slam champion John, said he had been tested after experiencing some minor symptoms abo\u2026 [+549 chars]"}, {"source": {"id": "the-hindu", "name": "The Hindu"}, "author": "Meghna Majumdar", "title": "A Coronavirus lockdown reading list by Samit Basu", "description": "Staying indoors for a while? We have you covered. For your weekly Reading List, fantasy and sci-fi author Samit Basu recommends comfort reads by writers unparalleled in their genres, including some who inspired his own writings", "url": "https://www.thehindu.com/books/books-authors/coronavirus-lockdown-reading-list-by-samit-basu/article31227965.ece", "urlToImage": "https://www.thehindu.com/books/books-authors/6jzhyj/article31227963.ece/ALTERNATES/LANDSCAPE_615/2MPSAMITBASU", "publishedAt": "2020-04-01T12:21:42Z", "content": "Guards, Guards byTerry Pratchett\r\nSir Terrys Discworld, a multicultural fantasy universe, was one of the primary inspirations for the world-building of my first novel. Guards, Guards! is the first book of the City Watch trilogy, one of the best entry points i\u2026 [+1292 chars]"}, {"source": {"id": "the-hindu", "name": "The Hindu"}, "author": "Special Correspondent", "title": "Committee to ensure safe disposal of coronavirus victims\u2019 bodies", "description": "Standard operating procedure stipulated by the Central government to be followed", "url": "https://www.thehindu.com/news/cities/Hyderabad/committee-to-ensure-safe-disposal-of-coronavirus-victims-bodies/article31230013.ece", "urlToImage": "https://www.thehindu.com/news/cities/Hyderabad/kzrd8z/article31230012.ece/ALTERNATES/LANDSCAPE_615/HY02COROCOPS", "publishedAt": "2020-04-01T16:24:58Z", "content": "The Telangana State government has, on Wednesday, issued orders constituting a committee of officers from various departments to monitor disposal of the dead bodies of persons suspected of or confirmed to have died of COVID-19.\r\nA high-level meeting chaired b\u2026 [+1048 chars]"}, {"source": {"id": "the-hindu", "name": "The Hindu"}, "author": "Special Correspondent", "title": "Coronavirus | Delhi Police to track phones of people under quarantine", "description": "Strict action to be taken against violators, says Kejriwal as he follows example of other nations to curb COVID-19 spread", "url": "https://www.thehindu.com/news/cities/Delhi/coronavirus-delhi-police-to-track-phones-of-people-under-quarantine/article31230090.ece", "urlToImage": "https://www.thehindu.com/news/cities/Delhi/q59mv4/article31231792.ece/ALTERNATES/LANDSCAPE_615/01DELPRIYAQUARANTINE", "publishedAt": "2020-04-01T19:10:37Z", "content": "Chief Minister Arvind Kejriwal on Wednesday announced that the mobile phones of all those who have been asked to home quarantine themselves will be tracked by the Delhi Police to keep a check on their movement.\r\nSeveral other countries have used this technolo\u2026 [+2205 chars]"}, {"source": {"id": "the-hindu", "name": "The Hindu"}, "author": "Peerzada Ashiq", "title": "Coronavirus: Srinagar Mayor's escort \u2018isolated\u2019, 7 Tablighi associates booked in J&K", "description": "Those not disclosing their travel history will be booked soon, says official", "url": "https://www.thehindu.com/news/national/coronavirus-srinagar-mayors-escort-isolated-7-tablighi-associates-booked-in-jk/article31223750.ece", "urlToImage": "https://www.thehindu.com/news/national/x4clpq/article31210737.ece/ALTERNATES/LANDSCAPE_615/THVLI-16", "publishedAt": "2020-04-01T03:10:41Z", "content": "The Jammu and Kashmir administration on Tuesday quarantined the entire escort of Srinagar Mayor Junaid Azim Mattu after the brother of a police personnel tested positive for COVID-19. In a separate action, seven people associated with Tablighi Jamaat were boo\u2026 [+1519 chars]"}]}