{"status": "ok", "totalResults": 12, "articles": [{"source": {"id": "the-irish-times", "name": "The Irish Times"}, "author": null, "title": "North diveges from Republic on tackling Covid-19", "description": "Varadkar committed to co-operation as \u2018difference about is our common objective\u2019", "url": "https://www.irishtimes.com/news/health/north-diveges-from-republic-on-tackling-covid-19-1.4203453", "urlToImage": "https://www.irishtimes.com/image-creator/?id=1.4203452&origw=1440", "publishedAt": "2020-03-14T17:00:36Z", "content": "Northern Ireland for the moment will continue to diverge from the Republic on how to address the coronavirus emergency, it became clear after Ministers from the North and South met in Armagh on Saturday.\r\nWhile Taoiseach Leo Varadkar, who also attended the me\u2026 [+278 chars]"}, {"source": {"id": "the-irish-times", "name": "The Irish Times"}, "author": "Gerry Moriarty", "title": "North diverges from Republic on tackling Covid-19", "description": "Varadkar committed to co-operation as \u2018difference about is our common objective\u2019", "url": "https://www.irishtimes.com/news/health/north-diverges-from-republic-on-tackling-covid-19-1.4203453", "urlToImage": "https://www.irishtimes.com/image-creator/?id=1.4203452&origw=1440", "publishedAt": "2020-03-14T17:00:36Z", "content": "Northern Ireland for the moment will continue to diverge from the Republic on how to address the coronavirus emergency, it became clear after Ministers from the North and South met in Armagh on Saturday.\r\nWhile Taoiseach Leo Varadkar, who also attended the me\u2026 [+4795 chars]"}, {"source": {"id": "the-irish-times", "name": "The Irish Times"}, "author": "Jack Horgan-Jones", "title": "Covid-19: Beaumont Hospital to use kidney association building", "description": "Facility used by kidney transplant patients, dialysis patients and families during stays", "url": "https://www.irishtimes.com/news/health/covid-19-beaumont-hospital-to-use-kidney-association-building-1.4203466", "urlToImage": "https://www.irishtimes.com/polopoly_fs/1.4203465.1584209792!/image/image.jpg", "publishedAt": "2020-03-14T18:17:00Z", "content": "Dublins Beaumont Hospital has taken over a 13-room residential facility used by the Irish Kidney Association on its campus for use as part of Covid-19 contingency planning.\r\nThe building was used by kidney transplant patients, dialysis patients and their fami\u2026 [+2121 chars]"}, {"source": {"id": "the-irish-times", "name": "The Irish Times"}, "author": "Muiris Houston", "title": "Covid-19 Q&A: Dr Muiris Huston explains the fine detail", "description": "In a bid to disrupt the spread of this virus further advice is now available, so what is it?", "url": "https://www.irishtimes.com/news/health/covid-19-q-a-dr-muiris-huston-explains-the-fine-detail-1.4203445", "urlToImage": "https://www.irishtimes.com/image-creator/?id=1.4203443&origw=1253", "publishedAt": "2020-03-14T15:41:54Z", "content": "Ireland has introduced additional measures as part of an effort to interrupt the transmission of Covid-19.What is the latest advice from the National Public Health Emergency Team ?\r\n<ul><li>Individuals who have symptoms should self-isolate for a period of 14 \u2026 [+3226 chars]"}, {"source": {"id": "the-irish-times", "name": "The Irish Times"}, "author": "Gerry Moriarty", "title": "North will continue to diverge from Republic on tackling Covid-19", "description": "Varadkar committed to co-operation as \u2018difference about is our common objective\u2019", "url": "https://www.irishtimes.com/news/health/north-will-continue-to-diverge-from-republic-on-tackling-covid-19-1.4203453", "urlToImage": "https://www.irishtimes.com/image-creator/?id=1.4203452&origw=1440", "publishedAt": "2020-03-14T17:00:36Z", "content": "Northern Ireland for the moment will continue to diverge from the Republic on how to address the coronavirus emergency, it became clear after Ministers from the North and South met in Armagh on Saturday.\r\nWhile Taoiseach Leo Varadkar, who also attended the me\u2026 [+4795 chars]"}, {"source": {"id": "the-irish-times", "name": "The Irish Times"}, "author": "The Irish Times", "title": "Cruise industry listing badly after it is hit by Covid-19", "description": "When things go wrong on a cruise holiday they seen to go really wrong", "url": "https://www.irishtimes.com/business/transport-and-tourism/cruise-industry-listing-badly-after-it-is-hit-by-covid-19-1.4202485", "urlToImage": "https://www.irishtimes.com/image-creator/?id=1.4202477&origw=1440", "publishedAt": "2020-03-14T06:30:38Z", "content": "When the 2,666 passengers and 1,045 crew of the Diamond Princess set sail from Yokohama, near Tokyo, on January 20th, they had expected to disembark at the same port 15 days later on February 4th. Instead a passenger who got off the ship in Hong Kong tested p\u2026 [+2182 chars]"}, {"source": {"id": "the-irish-times", "name": "The Irish Times"}, "author": "Jack Horgan-Jones, Eoin Burke-Kennedy", "title": "Banks wary of Covid-19 impact on non-performing loan levels", "description": "Requests for debt moratoriums make lenders uneasy due to effect on balance sheets", "url": "https://www.irishtimes.com/business/economy/banks-wary-of-covid-19-impact-on-non-performing-loan-levels-1.4202580", "urlToImage": "https://www.irishtimes.com/image-creator/?id=1.4202577&origw=1440", "publishedAt": "2020-03-14T06:13:31Z", "content": "Irish lenders are closely watching the impact of coronavirus on their levels of non-performing loans amid an increase in contacts from customers potentially facing difficulties.\r\nThere is also uncertainty over how European regulators will handle an upswing in\u2026 [+3495 chars]"}, {"source": {"id": "the-irish-times", "name": "The Irish Times"}, "author": "Michael Walker", "title": "Michael Walker: Football must seize the opportunity in Covid-19 crisis", "description": "Uefa will be required to play leading role as game deals with enormity of coronavirus outbreak", "url": "https://www.irishtimes.com/sport/soccer/michael-walker-football-must-seize-the-opportunity-in-covid-19-crisis-1.4202186", "urlToImage": "https://www.irishtimes.com/image-creator/?id=1.4202184&origw=1440", "publishedAt": "2020-03-14T06:00:26Z", "content": "We are in a moment of crisis. Football has gone into lockdown. It is a precaution, it is sensible, it is worrying. But amid the anxiety came a reminder from BBC World that the Chinese word for crisis consists of two characters danger and opportunity.\r\nThis wa\u2026 [+6548 chars]"}, {"source": {"id": "the-irish-times", "name": "The Irish Times"}, "author": "The Irish Times", "title": "Covid-19: France to close shops, restaruants and entertainment points", "description": "Health authority indicates more than 90 fatalities and 4,500 infected to date in country", "url": "https://www.irishtimes.com/news/world/europe/covid-19-france-to-close-shops-restaruants-and-entertainment-points-1.4203477", "urlToImage": "https://www.irishtimes.com/image-creator/?id=1.4203476&origw=1440", "publishedAt": "2020-03-14T21:26:00Z", "content": "France will shut most shops, restaurants and entertainment facilities from midnight on Saturday and people should stay home as much as possible as the spread of coronavirus is accelerating, prime minister Edouard Philippe announced.\r\nHe was speaking at a news\u2026 [+2156 chars]"}, {"source": {"id": "the-irish-times", "name": "The Irish Times"}, "author": "Francess McDonnell", "title": "HSE and NHS officials in talks with Randox about using its rapid Covid-19 test", "description": "Co Antrim company has escalate production of test kits in anticipation of countries testing more people, particularly in Europe", "url": "https://www.irishtimes.com/business/health-pharma/hse-and-nhs-officials-in-talks-with-randox-about-using-its-rapid-covid-19-test-1.4202579", "urlToImage": "https://www.irishtimes.com/image-creator/?id=1.4202573&origw=1440", "publishedAt": "2020-03-14T07:40:09Z", "content": "Public health officials in the HSE and NHS are in talks with Co Antrim-based Randox about using its rapid Coronavirus test to help expand and speed up the diagnosis of Covid-19 cases in Ireland and Britain.\r\nThe diagnostics company has developed a test which \u2026 [+1836 chars]"}, {"source": {"id": "the-irish-times", "name": "The Irish Times"}, "author": null, "title": "Covid-19: France to close shops, restaurants and entertainment points", "description": "Health authority indicates more than 90 fatalities and 4,500 infected to date in country", "url": "https://www.irishtimes.com/news/world/europe/covid-19-france-to-close-shops-restaurants-and-entertainment-points-1.4203477", "urlToImage": "https://www.irishtimes.com/image-creator/?id=1.4203476&origw=1440", "publishedAt": "2020-03-14T21:26:00Z", "content": "France will shut most shops, restaurants and entertainment facilities from midnight on Saturday and people should stay home as much as possible as the spread of coronavirus is accelerating, prime minister Edouard Philippe announced.\r\nHe was speaking at a news\u2026 [+114 chars]"}, {"source": {"id": "the-irish-times", "name": "The Irish Times"}, "author": "Pat Leahy", "title": "Pat Leahy: How Irish politics and society may be reshaped by Covid-19", "description": "For the second time in 12 years the country is gripped by fear. In 2008, people suddenly woke up to the realisation that their lives would be changed drastically by an economic crisis which would reduce and, in many cases, destroy the personal prosperity they\u2026", "url": "https://www.irishtimes.com/opinion/pat-leahy-how-irish-politics-and-society-may-be-reshaped-by-covid-19-1.4202313", "urlToImage": "https://www.irishtimes.com/polopoly_fs/1.4202311.1584116749!/image/image.jpg", "publishedAt": "2020-03-14T05:00:00Z", "content": "For the second time in 12 years the country is gripped by fear. In 2008, people suddenly woke up to the realisation that their lives would be changed drastically by an economic crisis which would reduce and, in many cases, destroy the personal prosperity they\u2026 [+5074 chars]"}]}