{"status": "ok", "totalResults": 7, "articles": [{"source": {"id": "the-irish-times", "name": "The Irish Times"}, "author": "Gerry Moriarty", "title": "Northern Ireland\u2019s Covid-19 death toll rises to 21 people", "description": "New powers for police put into practice as 86 new coronavirus cases confirmed in North", "url": "https://www.irishtimes.com/news/ireland/irish-news/northern-ireland-s-covid-19-death-toll-rises-to-21-people-1.4215276", "urlToImage": "https://www.irishtimes.com/polopoly_fs/1.2302052.1438259328!/image/image.png", "publishedAt": "2020-03-29T19:09:30Z", "content": "Gerry Moriarty\r\nNorthern Editor\r\nThe number of deaths in Northern Ireland from coronavirus has increased to 21 after the Norths Public Health Agency (PHA) on Sunday reported that there had been six more fatalities.\r\nThe PHA also reported 86 new confirmed case\u2026 [+3273 chars]"}, {"source": {"id": "the-irish-times", "name": "The Irish Times"}, "author": "The Irish Times", "title": "\u2018Essential\u2019 Covid-19 staff include those supplying food and construction workers", "description": "List also includes healthcare, transport and banking and financial service workers", "url": "https://www.irishtimes.com/news/ireland/irish-news/essential-covid-19-staff-include-those-supplying-food-and-construction-workers-1.4215209", "urlToImage": "https://www.irishtimes.com/polopoly_fs/1.4215207.1585501815!/image/image.jpg", "publishedAt": "2020-03-29T17:10:03Z", "content": "Essential workers can still go to work despite Fridays restrictions, although people should be careful about putting themselves into qualifying categories and to carry a letter from their employer, along with personal ID, if they do.\r\nThe list is long and it \u2026 [+2623 chars]"}, {"source": {"id": "the-irish-times", "name": "The Irish Times"}, "author": "The Irish Times", "title": "\u2018Essential\u2019 Covid-19 staff include those supplying food and financial services", "description": "List also includes construction workers building Covid-19-linked projects", "url": "https://www.irishtimes.com/news/ireland/irish-news/essential-covid-19-staff-include-those-supplying-food-and-financial-services-1.4215209", "urlToImage": "https://www.irishtimes.com/polopoly_fs/1.4215207.1585503215!/image/image.jpg", "publishedAt": "2020-03-29T17:10:03Z", "content": "Essential workers can still go to work despite Fridays restrictions, although people should be careful about putting themselves into qualifying categories and to carry a letter from their employer, along with personal ID, if they do.\r\nThe list is long and it \u2026 [+2623 chars]"}, {"source": {"id": "the-irish-times", "name": "The Irish Times"}, "author": "Gerry Moriarty", "title": "New Covid-19 powers introduced in North as death toll rises to 21", "description": "Among those suffering from virus is Belfast solicitor Niall Murphy who is critical but stable in hospital", "url": "https://www.irishtimes.com/news/ireland/irish-news/new-covid-19-powers-introduced-in-north-as-death-toll-rises-to-21-1.4215276", "urlToImage": "https://www.irishtimes.com/image-creator/?id=1.4215285&origw=1440", "publishedAt": "2020-03-29T19:09:30Z", "content": "The number of deaths in Northern Ireland from coronavirus has increased to 21 after the Norths Public Health Agency (PHA) on Sunday reported there had been six more fatalities.\r\nThe PHA also reported 86 new confirmed cases of Covid-19, bringing the total of c\u2026 [+3233 chars]"}, {"source": {"id": "the-irish-times", "name": "The Irish Times"}, "author": "Marie O'Halloran", "title": "Seanad candidates told to forego count to avoid spread of Covid-19", "description": "The count centre is \u2018like being at a mart\u2019 and people should stay away, says Cathaoirleach", "url": "https://www.irishtimes.com/news/politics/seanad-candidates-told-to-forego-count-to-avoid-spread-of-covid-19-1.4215332", "urlToImage": "https://www.irishtimes.com/image-creator/?id=1.4215331&origw=1440", "publishedAt": "2020-03-29T21:27:49Z", "content": "Cathaoirleach of the Seanad Denis ODonovan has appealed to all Seanad election candidates and their supporters not to attend the election count which begins on Monday.\r\nMr ODonovan has been contacting candidates in the election for the five vocational panels \u2026 [+1977 chars]"}, {"source": {"id": "the-irish-times", "name": "The Irish Times"}, "author": "Daniel McLaughlin", "title": "Russia closing its borders as Covid-19 numbers accelerate", "description": "Church patriarch joins officials and tells people to stay at home and \u2018not act the fool\u2019", "url": "https://www.irishtimes.com/news/world/europe/russia-closing-its-borders-as-covid-19-numbers-accelerate-1.4215138", "urlToImage": "https://www.irishtimes.com/image-creator/?id=1.4215135&origw=1440", "publishedAt": "2020-03-29T15:40:19Z", "content": "Russia plans to close its borders on Monday to fight the coronavirus outbreak and is urging people of all ages to stay at home during a nine-day national shutdown, as its rate of Covid-19 infections continues to climb.\r\nRussian authorities reported a one-day \u2026 [+2845 chars]"}, {"source": {"id": "the-irish-times", "name": "The Irish Times"}, "author": "Simon Carswell", "title": "Coronavirus: HSE braces for possible peak of Covid-19 cases in mid-April", "description": "The HSE is preparing for a surge of coronavirus cases with 1,200 critical care beds but is unsure by how much the State\u2019s intensive care unit (ICU) capacity will be exceeded when the pandemic peaks here. The State\u2019s highest-ranking healthcare officials, at a \u2026", "url": "https://www.irishtimes.com/news/ireland/irish-news/coronavirus-hse-braces-for-possible-peak-of-covid-19-cases-in-mid-april-1.4215029", "urlToImage": "https://www.irishtimes.com/image-creator/?id=1.4215028&origw=1440", "publishedAt": "2020-03-29T12:02:09Z", "content": "The HSE is preparing for a surge of coronavirus cases with 1,200 critical care beds but is unsure by how much the States intensive care unit (ICU) capacity will be exceeded when the pandemic peaks here.\r\nThe States highest-ranking healthcare officials, at a b\u2026 [+2974 chars]"}]}