{"status": "ok", "totalResults": 13, "articles": [{"source": {"id": "the-irish-times", "name": "The Irish Times"}, "author": "Martin Wall", "title": "Weekly Covid-19 payment has risen to \u20ac350 \u2013 who will get it?", "description": "Q&A: Unemployment benefit and new wage subsidy scheme explained", "url": "https://www.irishtimes.com/news/ireland/irish-news/weekly-covid-19-payment-has-risen-to-350-who-will-get-it-1.4211294", "urlToImage": "https://www.irishtimes.com/image-creator/?id=1.4211279&origw=1440", "publishedAt": "2020-03-24T20:06:54Z", "content": "What has the Government now proposed to help workers affected by Covid-19?\r\nPreviously, the Government said it would offer 203 to people who lost their jobs. Now, it is to increase that sum to 350. \r\nWhat about those who are out sick, or self-isolating as a r\u2026 [+2536 chars]"}, {"source": {"id": "the-irish-times", "name": "The Irish Times"}, "author": null, "title": "Anorexic woman loses bid to be discharged from hospital over Covid-19 fears", "description": "\u2018I do not want to consign her to end of life care at the age of 19\u2019 \u2013 judge", "url": "https://www.irishtimes.com/news/crime-and-law/courts/high-court/anorexic-woman-loses-bid-to-be-discharged-from-hospital-over-covid-19-fears-1.4211343", "urlToImage": "https://www.irishtimes.com/image-creator/?id=1.4211339&origw=1440", "publishedAt": "2020-03-24T21:05:00Z", "content": "A severely anorexic young woman must be kept in hospital despite her fear of contracting Covid19 there because doctors consider her death is inevitable if she is discharged, the president of the High Court has ruled.\r\nIf I send her home, I am effectively deci\u2026 [+55 chars]"}, {"source": {"id": "the-irish-times", "name": "The Irish Times"}, "author": "The Irish Times", "title": "Storm brewing as insurers seek to reject Covid-19 claims", "description": "Cantillon: Insurers not covering business interruption as virus not listed in small print", "url": "https://www.irishtimes.com/business/financial-services/storm-brewing-as-insurers-seek-to-reject-covid-19-claims-1.4210247", "urlToImage": "https://www.irishtimes.com/image-creator/?id=1.4210245&origw=1440", "publishedAt": "2020-03-24T04:15:00Z", "content": "Minister for Finance Paschal Donohoe knew before calling in the chief executives of the States five retail banks into his offices last week he would get the headlines he wanted, with the industry agreeing to payment holidays for borrowers affected by the Covi\u2026 [+1951 chars]"}, {"source": {"id": "the-irish-times", "name": "The Irish Times"}, "author": "Laura Slattery", "title": "Covid-19 financial measures will help economy bounce back, says Ibec", "description": "Trade unions also welcome \u20ac3.7 billion package", "url": "https://www.irishtimes.com/business/economy/covid-19-financial-measures-will-help-economy-bounce-back-says-ibec-1.4211183", "urlToImage": "https://www.irishtimes.com/image-creator/?id=1.4211182&origw=1440", "publishedAt": "2020-03-24T18:32:39Z", "content": "The Governments 3.7 billion package to ease the fallout from the Covid-19 pandemic will play a crucial role in enabling the economy to bounce back at the end of the crisis, business group Ibec said.\r\nThe Irish Congress of Trade Unions (Ictu) also welcomed the\u2026 [+3331 chars]"}, {"source": {"id": "the-irish-times", "name": "The Irish Times"}, "author": "Ed Power", "title": "Candid, cool-headed Claire Byrne talks about her Covid-19 guilt", "description": "The broadcaster describes her eerily normal temperature, the slow simmer of aches and coughs", "url": "https://www.irishtimes.com/culture/tv-radio-web/candid-cool-headed-claire-byrne-talks-about-her-covid-19-guilt-1.4210755", "urlToImage": "https://www.irishtimes.com/image-creator/?id=1.4210753&origw=1440", "publishedAt": "2020-03-24T09:38:11Z", "content": "Absurdity mixed with slow-rising dread has become part of the fabric of daily life, and there is lots of both as Claire Byrne presents from her shed for a second week (RT\u00c9 One, 10.35pm). \r\nAs has already been reported, her worst fears about the cold symptoms \u2026 [+2877 chars]"}, {"source": {"id": "the-irish-times", "name": "The Irish Times"}, "author": "Patrick Freyne", "title": "John Boyne reopens Covid-19 story contest after over 4,000 children enter", "description": "Isolation Diaries: The novelist also tells us about his experience of the coronavirus shutdown", "url": "https://www.irishtimes.com/culture/books/john-boyne-reopens-covid-19-story-contest-after-over-4-000-children-enter-1.4210779", "urlToImage": "https://www.irishtimes.com/image-creator/?id=1.4210778&origw=1440", "publishedAt": "2020-03-24T10:11:05Z", "content": "Since the Covid-19 pandemic hit, the writer John Boyne has organised an impromptu short-story competition for children, with 7,200 worth of book tokens as prizes. He underestimated the demand and quickly had to rope in many writer friends, including Cecelia A\u2026 [+2866 chars]"}, {"source": {"id": "the-irish-times", "name": "The Irish Times"}, "author": "Patrick Freyne", "title": "John Boyne\u2019s Covid-19 story competition closes early with over 4,000 entries", "description": "Isolation Diaries: \u2018Writers generally like solitude... so life hasn\u2019t changed much\u2019", "url": "https://www.irishtimes.com/culture/books/john-boyne-s-covid-19-story-competition-closes-early-with-over-4-000-entries-1.4210779", "urlToImage": "https://www.irishtimes.com/image-creator/?id=1.4210778&origw=1440", "publishedAt": "2020-03-24T10:11:05Z", "content": "Since the Covid-19 pandemic hit, the writer John Boyne has organised an impromptu short story competition for children, with 7,200 worth of book tokens as prizes. He underestimated the demand and quickly had to rope in many writer friends, including Cecelia A\u2026 [+2428 chars]"}, {"source": {"id": "the-irish-times", "name": "The Irish Times"}, "author": "Joe Brennan", "title": "Aryzta moves to save cash as Covid-19 hits demand", "description": "Baked goods group Aryzta said on Tuesday it has moved to cut costs as the spread of Covid-19 will have a \u201cmaterial impact\u201d on its full-year results to the end of July as orders from quick-service restaurants and the catering industry have been hit by closures\u2026", "url": "https://www.irishtimes.com/business/agribusiness-and-food/aryzta-moves-to-save-cash-as-covid-19-hits-demand-1.4210728", "urlToImage": "https://www.irishtimes.com/image-creator/?id=1.4210727&origw=1440", "publishedAt": "2020-03-24T08:06:37Z", "content": "Baked goods group Aryzta said on Tuesday it has moved to cut costs as the spread of Covid-19 will have a material impact on its full-year results to the end of July as orders from quick-service restaurants and the catering industry have been hit by closures g\u2026 [+1026 chars]"}, {"source": {"id": "the-irish-times", "name": "The Irish Times"}, "author": "Miriam Lord", "title": "Miriam Lord: Leo calls a nation to double arms as it faces Covid-1916", "description": "Signs for hope are outlined as the war Cabinet gives an update on The Emergency", "url": "https://www.irishtimes.com/news/politics/miriam-lord-leo-calls-a-nation-to-double-arms-as-it-faces-covid-1916-1.4211382", "urlToImage": "https://www.irishtimes.com/image-creator/?id=1.4211380&origw=1440", "publishedAt": "2020-03-24T22:31:43Z", "content": "The Emergency has returned. \r\nThis time with a companion: The Shock."}, {"source": {"id": "the-irish-times", "name": "The Irish Times"}, "author": "Cliff Taylor", "title": "Cliff Taylor: Government does what it has to do on Covid-19 economic package", "description": "The economic support package announced by the Government is on a massive scale, representing exchequer spending of over 2 per cent of economic output in just three months. More than \u20ac300 million will be spent in each of the next 12 weeks, a total of almost \u20ac3\u2026", "url": "https://www.irishtimes.com/business/economy/cliff-taylor-government-does-what-it-has-to-do-on-covid-19-economic-package-1.4211293", "urlToImage": "https://www.irishtimes.com/image-creator/?id=1.4211292&origw=1440", "publishedAt": "2020-03-24T20:04:36Z", "content": "The economic support package announced by the Government is on a massive scale, representing exchequer spending of over 2 per cent of economic output in just three months.\r\nMore than 300 million will be spent in each of the next 12 weeks, a total of almost 3.\u2026 [+3977 chars]"}, {"source": {"id": "the-irish-times", "name": "The Irish Times"}, "author": "Joe Brennan", "title": "Applegreen defers bonuses and scraps dividend as Covid-19 hits footfall", "description": "Forecourt retailer Applegreen warned on Tuesday that it expects a \u201cmaterial reduction\u201d in profits this year, as footfall has dropped in its stores in Ireland, the UK and US have been hit in the past two weeks as governments and customers take increasing measu\u2026", "url": "https://www.irishtimes.com/business/retail-and-services/applegreen-defers-bonuses-and-scraps-dividend-as-covid-19-hits-footfall-1.4210719", "urlToImage": "https://www.irishtimes.com/image-creator/?id=1.4210718&origw=1440", "publishedAt": "2020-03-24T07:40:55Z", "content": "Forecourt retailer Applegreen warned on Tuesday that it expects a material reduction in profits this year, as footfall has dropped in its stores in Ireland, the UK and US have been hit in the past two weeks as governments and customers take increasing measure\u2026 [+1215 chars]"}, {"source": {"id": "the-irish-times", "name": "The Irish Times"}, "author": null, "title": "Cliff Taylor: Where will Ireland get the cash to pay the massive Covid -19 bills?", "description": "Ireland, like other countries, is going to commit eye-watering amounts of money to deal with the coronavirus epidemic. The required spending could easily reach \u20ac15 billion this year alone. But where do we get the money to pay for this \u2013 and how much cash do w\u2026", "url": "https://www.irishtimes.com/business/economy/cliff-taylor-where-will-ireland-get-the-cash-to-pay-the-massive-covid-19-bills-1.4210721", "urlToImage": "https://www.irishtimes.com/image-creator/?id=1.4210720&origw=1440", "publishedAt": "2020-03-24T07:47:22Z", "content": "Ireland, like other countries, is going to commit eye-watering amounts of money to deal with the coronavirus epidemic. The required spending could easily reach 15 billion this year alone. But where do we get the money to pay for this and how much cash do we h\u2026 [+499 chars]"}, {"source": {"id": "the-irish-times", "name": "The Irish Times"}, "author": "Bill Corcoran", "title": "Covid-19: South African lockdown will not curb spread for \u2018at least two weeks\u2019", "description": "Health minister warns public as number of cases rises to 554, increase of 102 in 24 hours", "url": "https://www.irishtimes.com/news/world/africa/covid-19-south-african-lockdown-will-not-curb-spread-for-at-least-two-weeks-1.4211166", "urlToImage": "https://www.irishtimes.com/image-creator/?id=1.4211159&origw=1440", "publishedAt": "2020-03-24T18:20:36Z", "content": "South Africas health minister has said it will take time for the countrys looming lockdown to curb the spread of coronavirus, with infection numbers expected to rise for another fortnight at least.\r\nZweli Mkhizes warning on Tuesday came after South African pr\u2026 [+2634 chars]"}]}