{"status": "ok", "totalResults": 21, "articles": [{"source": {"id": "the-irish-times", "name": "The Irish Times"}, "author": "Conor Pope", "title": "Coronavirus Q&A: How to shop safely during Covid-19", "description": "Conor Pope on how to keep yourself safe while shopping and minimise contact with coronavirus", "url": "https://www.irishtimes.com/news/ireland/irish-news/coronavirus-q-a-how-to-shop-safely-during-covid-19-1.4220019", "urlToImage": "https://www.irishtimes.com/image-creator/?id=1.4220018&origw=1440", "publishedAt": "2020-04-03T13:15:30Z", "content": "I have to wash my shopping now, do I?\r\nWell, no. Or yes. Maybe. \r\nAs the scale of the coronavirus crisis has deepened at home and abroad restrictions on daily life have become more intense. One of the few places people can now go is their supermarket. But peo\u2026 [+9806 chars]"}, {"source": {"id": "the-irish-times", "name": "The Irish Times"}, "author": "Colm Keena", "title": "Irish hospital system \u2018far from being overwhelmed\u2019 by Covid-19", "description": "Far from drawing up patient-scoring guidelines, Intensive Care Society president says", "url": "https://www.irishtimes.com/news/health/irish-hospital-system-far-from-being-overwhelmed-by-covid-19-1.4219476", "urlToImage": "https://www.irishtimes.com/image-creator/?id=1.4219474&origw=1440", "publishedAt": "2020-04-03T04:50:00Z", "content": "Hospitals in Dublin are under pressure because of Covid-19 but the intensive care capacity of the Irish health system is far from being overwhelmed, president of the Intensive Care Society of IrelandCatherine Motherway has said.\r\nThere have been discussions a\u2026 [+1832 chars]"}, {"source": {"id": "the-irish-times", "name": "The Irish Times"}, "author": "Mary Carolan", "title": "Court orders home detention of man with dementia amid Covid-19 concerns", "description": "Elderly man does not understand importance of \u2018cocooning\u2019, hand-washing and social distancing", "url": "https://www.irishtimes.com/news/crime-and-law/courts/high-court/court-orders-home-detention-of-man-with-dementia-amid-covid-19-concerns-1.4220311", "urlToImage": "https://www.irishtimes.com/image-creator/?id=1.4220063&origw=1440", "publishedAt": "2020-04-03T17:29:53Z", "content": "A High Court judge has ordered the effective detention in his own home of an elderly man with advancing dementia due to concerns he does not properly understand the risks to himself and others from Covid-19. \r\nThe man, aged in his 80s, does not understand the\u2026 [+2770 chars]"}, {"source": {"id": "the-irish-times", "name": "The Irish Times"}, "author": "Gordon Deegan", "title": "Mother tells court she is denying ex-partner access to son over Covid-19 fears", "description": "Judge says the law of the land is not based on HSE directives", "url": "https://www.irishtimes.com/news/crime-and-law/mother-tells-court-she-is-denying-ex-partner-access-to-son-over-covid-19-fears-1.4220233", "urlToImage": "https://www.irishtimes.com/image-creator/?id=1.4220232&origw=1440", "publishedAt": "2020-04-03T16:17:05Z", "content": "A mother has told a court that she is denying her ex-partner access to their son because she is protecting the boy and her family from coronavirus.\r\nThe couple are estranged and live in separate homes a number of miles away from each other in Co Clare.\r\nThe f\u2026 [+2695 chars]"}, {"source": {"id": "the-irish-times", "name": "The Irish Times"}, "author": "Kitty Holland", "title": "Impact of Covid-19 on Travelling people: \u2018Worst that ever came\u2019", "description": "Families living through the coronavirus crisis on what are overcrowded and unsafe sites", "url": "https://www.irishtimes.com/news/social-affairs/impact-of-covid-19-on-travelling-people-worst-that-ever-came-1.4219199", "urlToImage": "https://www.irishtimes.com/image-creator/?id=1.4219197&origw=1440", "publishedAt": "2020-04-03T01:00:00Z", "content": "Johnny McDonnell (84) has prostate cancer and bone cancer, and lives in a caravan in Dublin with no running water.\r\nA resident of St Dominics Park, an unofficial Traveller site in Darndale, McDonnell is worried about the coronavirus pandemic, particularly how\u2026 [+5594 chars]"}, {"source": {"id": "the-irish-times", "name": "The Irish Times"}, "author": "Jade Wilson", "title": "Covid-19: Cocooning elderly over 70 at risk of vitamin D deficiency", "description": "Supplements key to adequate intake during pandemic in the absence of sun exposure", "url": "https://www.irishtimes.com/news/health/covid-19-cocooning-elderly-over-70-at-risk-of-vitamin-d-deficiency-1.4220356", "urlToImage": "https://www.irishtimes.com/image-creator/?id=1.4220355&origw=1253", "publishedAt": "2020-04-03T19:15:33Z", "content": "Adults over 70 who are cocooning under coronavirus measures could be at high risk of vitamin D deficiency as they may lack opportunity for sun exposure.\r\nRecent research shows vitamin D helps prevent respiratory illness and benefits immune function. The Irish\u2026 [+3108 chars]"}, {"source": {"id": "the-irish-times", "name": "The Irish Times"}, "author": "Mary Carolan", "title": "Anorexic woman discharged from hospital over risk of \u2018alarming\u2019 rise in Covid-19", "description": "Court heard her risk of contracting the virus in hospital has \u2018significantly\u2019 increased", "url": "https://www.irishtimes.com/news/crime-and-law/courts/high-court/anorexic-woman-discharged-from-hospital-over-risk-of-alarming-rise-in-covid-19-1.4220310", "urlToImage": "https://www.irishtimes.com/image-creator/?id=1.4220307&origw=1440", "publishedAt": "2020-04-03T17:25:11Z", "content": "A severely anorexic young woman who unsuccessfully pleaded some 10 days ago for her hospital discharge because she feared she would contract Covid-19 and die will now be discharged. \r\nThe discharge order was made on Friday after the High Court heard her risk \u2026 [+3311 chars]"}, {"source": {"id": "the-irish-times", "name": "The Irish Times"}, "author": "John FitzGerald", "title": "Economy could have relatively rapid recovery from Covid-19", "description": "Government borrowing could end up being a quarter of what it was in the financial crisis", "url": "https://www.irishtimes.com/business/economy/economy-could-have-relatively-rapid-recovery-from-covid-19-1.4219181", "urlToImage": "https://www.irishtimes.com/image-creator/?id=1.4219179&origw=1440", "publishedAt": "2020-04-03T03:50:49Z", "content": "As a result of the last decades financial crisis, the Irish government borrowed 120 billion between 2007 and 2014, 75 billion for day-to-day services and another 45 billion to bail out the banks. While the Covid-19 economic crisis will be much sharper, hopefu\u2026 [+4228 chars]"}, {"source": {"id": "the-irish-times", "name": "The Irish Times"}, "author": "Peter Hamilton", "title": "Covid-19: Westport braces for tough times ahead", "description": "Effects of coronavirus will leave a scar on Mayo\u2019s picturesque tourism hub", "url": "https://www.irishtimes.com/business/transport-and-tourism/covid-19-westport-braces-for-tough-times-ahead-1.4219094", "urlToImage": "https://www.irishtimes.com/image-creator/?id=1.4219093&origw=1440", "publishedAt": "2020-04-03T04:26:49Z", "content": "Noel Kavanagh will have invested just shy of 6 million between his two businesses on Westports Octagon by the end of this year. The timing couldnt have been worse, the chairman of the Kavanagh Group, said.\r\nSitting in his now shuttered OCees coffee shop overl\u2026 [+10302 chars]"}, {"source": {"id": "the-irish-times", "name": "The Irish Times"}, "author": "Barry O'Halloran", "title": "Avolon cancels aircraft orders amid Covid-19 crisis", "description": "Irish aircraft leasing chief Slattery says aviation facing its biggest challenge", "url": "https://www.irishtimes.com/business/transport-and-tourism/avolon-cancels-aircraft-orders-amid-covid-19-crisis-1.4219913", "urlToImage": "https://www.irishtimes.com/image-creator/?id=1.4219912&origw=1440", "publishedAt": "2020-04-03T11:07:33Z", "content": "Irish aircraft lessor Avolon has cancelled or postponed orders for almost 120 aircraft to aid the business in surviving the Covid-19 crisis.\r\nGlobal travel restrictions to halt the spread of Coronavirus have grounded airlines and are likely to significantly c\u2026 [+1156 chars]"}, {"source": {"id": "the-irish-times", "name": "The Irish Times"}, "author": "The Irish Times", "title": "Primark sets up fund for factory workers hit by Covid-19 order cancellations", "description": "Retailer, known as Penneys in Ireland, will cover the wage component of clothing orders that were scheduled for shipment before being cancelled", "url": "https://www.irishtimes.com/business/retail-and-services/primark-sets-up-fund-for-factory-workers-hit-by-covid-19-order-cancellations-1.4220352", "urlToImage": "https://www.irishtimes.com/image-creator/?id=1.4220350&origw=1440", "publishedAt": "2020-04-03T19:00:10Z", "content": "Primark has set up a fund to pay the wages of factory employees who worked on clothing orders that were cancelled by the budget fashion chain because of the coronavirus pandemic.\r\nThe retailer, known as Penneys in Ireland and owned by Associated British Foods\u2026 [+1406 chars]"}, {"source": {"id": "the-irish-times", "name": "The Irish Times"}, "author": "Eoin Burke-Kennedy", "title": "Economy could shrink by 15% if Covid-19 measures extended \u2013 Central Bank", "description": "Report suggests decline in 2020 output will be bigger than anything seen during crash", "url": "https://www.irishtimes.com/business/economy/economy-could-shrink-by-15-if-covid-19-measures-extended-central-bank-1.4219434", "urlToImage": "https://www.irishtimes.com/image-creator/?id=1.4219433&origw=1440", "publishedAt": "2020-04-03T03:22:56Z", "content": "The Central Bank has warned that the Irish economy could shrink by an unprecedented 15 per cent if the coronavirus containment measures are kept in place for an extended period.\r\nIn its latest quarterly outlook, the bank said it expected the economy, in gross\u2026 [+2230 chars]"}, {"source": {"id": "the-irish-times", "name": "The Irish Times"}, "author": "Charlie Taylor", "title": "Housing market grinds to a halt as Covid-19 crisis takes hold", "description": "Number of properties listed for sale collapsed in last two weeks of March due to outbreak", "url": "https://www.irishtimes.com/business/economy/housing-market-grinds-to-a-halt-as-covid-19-crisis-takes-hold-1.4219296", "urlToImage": "https://www.irishtimes.com/polopoly_fs/1.4219291.1585846273!/image/image.jpg", "publishedAt": "2020-04-03T03:30:00Z", "content": "The residential property market has effectively ground to a halt due to the Covid-19 crisis with fewer than 1,300 properties posted for sale on website Daft.ie over the last two weeks, new figures show.\r\nThis is about half the number of properties posted for \u2026 [+2263 chars]"}, {"source": {"id": "the-irish-times", "name": "The Irish Times"}, "author": "Ruadh\u00e1n Mac Cormaic", "title": "Covid-19 has rehabilitated global collaboration, not undermined it", "description": "The coronavirus pandemic has already upended our world, breaking laws we thought were immutable and exposing the unsettling fragility of a way of life we took for granted. One of those iron laws, for at least a generation, has been ever-greater connectedness:\u2026", "url": "https://www.irishtimes.com/opinion/covid-19-has-rehabilitated-global-collaboration-not-undermined-it-1.4219886", "urlToImage": "https://www.irishtimes.com/image-creator/?id=1.4219885&origw=1440", "publishedAt": "2020-04-04T00:00:00Z", "content": "The coronavirus pandemic has already upended our world, breaking laws we thought were immutable and exposing the unsettling fragility of a way of life we took for granted. One of those iron laws, for at least a generation, has been ever-greater connectedness:\u2026 [+4715 chars]"}, {"source": {"id": "the-irish-times", "name": "The Irish Times"}, "author": "Naomi O\u2019Leary", "title": "Covid-19: Disaster among refugees looms as camp quarantined", "description": "Greek authorities isolate Ritsona camp as 23 migrants test positive close to capital, Athens", "url": "https://www.irishtimes.com/news/world/europe/covid-19-disaster-among-refugees-looms-as-camp-quarantined-1.4220290", "urlToImage": "https://www.irishtimes.com/image-creator/?id=1.4220289&origw=1440", "publishedAt": "2020-04-03T17:10:25Z", "content": "Doctors and aid groups have warned of a looming disaster as the coronavirus pandemic threatens to hit camps for migrants and refugees across Europe. \r\nIt comes after Greek authorities placed the Ritsona camp for asylum seekers under quarantine, as 23 migrants\u2026 [+3428 chars]"}, {"source": {"id": "the-irish-times", "name": "The Irish Times"}, "author": null, "title": "Brain drain and poverty hamper eastern Europe's Covid-19 response", "description": "Pandemic highlights EU's wealth gap and major westward migration by medics", "url": "https://www.irishtimes.com/news/world/europe/brain-drain-and-poverty-hamper-eastern-europe-s-covid-19-response-1.4220145", "urlToImage": "https://www.irishtimes.com/image-creator/?id=1.4220144&origw=1440", "publishedAt": "2020-04-03T15:17:51Z", "content": "Two airliners that landed at a virus-becalmed Vienna airport this week exposed the gulf between how rich and poor parts of Europe are able to cope with the coronavirus pandemic.\r\nThe planes arrived from the Bulgarian capital Sofia and the western Romanian cit\u2026 [+138 chars]"}, {"source": {"id": "the-irish-times", "name": "The Irish Times"}, "author": "The Irish Times", "title": "What happens if a tenant can\u2019t pay rent during the Covid-19 crisis?", "description": "If a tenant can\u2019t pay rent due to being laid off and the landlord doesn\u2019t have a mortgage on the rental property what should the procedure be? Can the tenant apply to go on the social housing list and then qualify for a Housing Assistance P ayment (Hap)? It s\u2026", "url": "https://www.irishtimes.com/life-and-style/homes-and-property/what-happens-if-a-tenant-can-t-pay-rent-during-the-covid-19-crisis-1.4217029", "urlToImage": "https://www.irishtimes.com/image-creator/?id=1.4217022&origw=1440", "publishedAt": "2020-04-03T05:00:00Z", "content": "If a tenant cant pay rent due to being laid off and the landlord doesnt have a mortgage on the rental property what should the procedure be? Can the tenant apply to go on the social housing list and then qualify for a Housing Assistance Payment (Hap)? It seem\u2026 [+4438 chars]"}, {"source": {"id": "the-irish-times", "name": "The Irish Times"}, "author": null, "title": "\u2018This is war\u2019: Irish health workers on their Covid-19 crises", "description": "The Irish Times invited healthcare workers in Ireland to share their experiences of working to combat the Covid-19 crisis. This is a selection of their responses, submitted over the past two weeks The radiographer: \u2018I go from being self-obsessed to knowing I \u2026", "url": "https://www.irishtimes.com/life-and-style/health-family/this-is-war-irish-health-workers-on-their-covid-19-crises-1.4218979", "urlToImage": "https://www.irishtimes.com/image-creator/?id=1.4219973&origw=3516", "publishedAt": "2020-04-03T14:00:00Z", "content": "The Irish Times invited healthcare workers in Ireland to share their experiences of working to combat the Covid-19 crisis. This is a selection of their responses, submitted over the past two weeks \r\nThe radiographer: I go from being self-obsessed\u00a0to knowing I\u2026 [+785 chars]"}, {"source": {"id": "the-irish-times", "name": "The Irish Times"}, "author": "Deirdre Falvey", "title": "Call to Shine Your Light at Easter as creative response to Covid-19", "description": "Irish people are being asked to \u201cShine Your Light\u201d on Easter Saturday for those who are sick, have lost their lives or their loved ones, as well as for frontline staff, healthcare workers and \u201cthose who keep us going\u201d. This is part of plans announced on Frida\u2026", "url": "https://www.irishtimes.com/culture/call-to-shine-your-light-at-easter-as-creative-response-to-covid-19-1.4220314", "urlToImage": "https://www.irishtimes.com/image-creator/?id=1.4220312&origw=1440", "publishedAt": "2020-04-03T13:30:00Z", "content": "Irish people are being asked to Shine Your Light on Easter Saturday for those who are sick, have lost their lives or their loved ones, as well as for frontline staff, healthcare workers and those who keep us going.\r\nThis is part of plans announced on Friday b\u2026 [+3565 chars]"}, {"source": {"id": "the-irish-times", "name": "The Irish Times"}, "author": "Rosita Boland", "title": "Covid-19 jargon buster: What are \u2018the curve\u2019, R0 and the NPHET?", "description": "THE JARGON Covid-19 Some diseases, like storms or hurricanes, get their own names. Covid-19 is the acronym the World Health Organisation has given this particular coronavirus respiratory disease. It stands for COronaVIrus Disease of 2019. Flattening the c urv\u2026", "url": "https://www.irishtimes.com/life-and-style/health-family/covid-19-jargon-buster-what-are-the-curve-r0-and-the-nphet-1.4219058", "urlToImage": "https://www.irishtimes.com/image-creator/?id=1.4219057&origw=619", "publishedAt": "2020-04-03T05:00:00Z", "content": "Covid-19 Some diseases, like storms or hurricanes, get their own names. Covid-19 is the acronym the World Health Organisation has given this particular coronavirus respiratory disease. It stands for COronaVIrus Disease of 2019.\r\nFlattening the curve Slowing t\u2026 [+4303 chars]"}, {"source": {"id": "the-irish-times", "name": "The Irish Times"}, "author": "Suzanne Lynch", "title": "Cuomo warns of New York \u2018crisis\u2019 after Covid-19 death toll in state passes 3,000", "description": "Governor signs order directing hospitals with lower needs to redistribute ventilators to facilities facing surge in patients", "url": "https://www.irishtimes.com/news/world/us/cuomo-warns-of-new-york-crisis-after-covid-19-death-toll-in-state-passes-3-000-1.4220347", "urlToImage": "https://www.irishtimes.com/image-creator/?id=1.4220344&origw=1440", "publishedAt": "2020-04-03T18:42:57Z", "content": "New York governor Andrew Cuomo warned that New York was in crisis after the death toll in the state from coronavirus passed 3,000, more than doubling in three days. \u00a0\r\nThe curve continues to go up, Mr Cuomo said at a news conference in Albany on Friday, as he\u2026 [+3947 chars]"}]}