{"status": "ok", "totalResults": 30, "articles": [{"source": {"id": "the-irish-times", "name": "The Irish Times"}, "author": "Mike Milotte", "title": "Meet the Irish woman leading New Zealand\u2019s Covid-19 response", "description": "\u2018Our advantage is that we are an island nation\u2019 \u2013 Dr Caroline McElnay", "url": "https://www.irishtimes.com/news/ireland/irish-news/meet-the-irish-woman-leading-new-zealand-s-covid-19-response-1.4224223", "urlToImage": "https://www.irishtimes.com/image-creator/?id=1.4224216&origw=1440", "publishedAt": "2020-04-09T00:00:00Z", "content": "Dr Caroline McElnay grew up on a dairy farm near Bushmills, Co Antrim and went on to study medicine at Queens University Belfast and public health at Manchester University. She emigrated to New Zealand 25 years ago.\r\nNow, she is New Zealands Tony Holohan, app\u2026 [+5491 chars]"}, {"source": {"id": "the-irish-times", "name": "The Irish Times"}, "author": "Kevin O'Sullivan", "title": "Trinity to set up Covid-19 research centre", "description": "Hub will be led by college immunologists and infectious disease clinicians from St James\u2019s Hospital", "url": "https://www.irishtimes.com/news/science/trinity-to-set-up-covid-19-research-centre-1.4224437", "urlToImage": "https://www.irishtimes.com/polopoly_fs/1.4224436.1586379677!/image/image.jpg", "publishedAt": "2020-04-08T23:11:47Z", "content": "Trinity College Dublin is to set up a Covid-19 research hub that will focus on the most urgent scientific breakthroughs needed to address the current pandemic including design of new drugs and a vaccine to combat the virus.\r\nThe hub will work with doctors fro\u2026 [+3460 chars]"}, {"source": {"id": "the-irish-times", "name": "The Irish Times"}, "author": "Marese McDonagh", "title": "'Panic buying is not an option': Food bank key for some families during Covid-19 crisis", "description": "Fine weather and local business help Boyle Family Resource Centre keep wheels turning", "url": "https://www.irishtimes.com/news/social-affairs/panic-buying-is-not-an-option-food-bank-key-for-some-families-during-covid-19-crisis-1.4224259", "urlToImage": "https://www.irishtimes.com/image-creator/?id=1.4224257&origw=1440", "publishedAt": "2020-04-09T00:00:00Z", "content": "The fine weather has helped the operators of a food bank in Boyle, Co Roscommon, as they distribute supplies to families in need during the coronavirus pandemic while observing strict social distancing rules.\r\nBefore the outbreak, Boyle Family Resource Centre\u2026 [+3211 chars]"}, {"source": {"id": "the-irish-times", "name": "The Irish Times"}, "author": "Conor Gallagher, Conor Lally", "title": "Garda\u00ed to monitor over 1,000 amenity locations under Covid-19 plan", "description": "Arrest \u2018will not be first port of call\u2019 for garda\u00ed enforcing restrictions, says Harris", "url": "https://www.irishtimes.com/news/crime-and-law/garda%C3%AD-to-monitor-over-1-000-amenity-locations-under-covid-19-plan-1.4223975", "urlToImage": "https://www.irishtimes.com/image-creator/?id=1.4223974&origw=1440", "publishedAt": "2020-04-08T12:29:56Z", "content": "Garda\u00ed are monitoring over 1,000 locations in the State for compliance with Government regulations on social distancing amid fears of public complacency about the spread of the coronavirus.\r\nThe locations include mountain walks, forest parks, beaches and othe\u2026 [+3410 chars]"}, {"source": {"id": "the-irish-times", "name": "The Irish Times"}, "author": "Mike Milotte", "title": "Meet the Irish woman near the top of New Zealand\u2019s Covid-19 response", "description": "\u2018Our advantage is that we are an island nation\u2019 \u2013 Dr Caroline McElnay", "url": "https://www.irishtimes.com/news/ireland/irish-news/meet-the-irish-woman-near-the-top-of-new-zealand-s-covid-19-response-1.4224223", "urlToImage": "https://www.irishtimes.com/image-creator/?id=1.4224216&origw=1440", "publishedAt": "2020-04-09T00:00:00Z", "content": "Dr Caroline McElnay grew up on a dairy farm near Bushmills, Co Antrim and went on to study medicine at Queens University Belfast and public health at Manchester University. She emigrated to New Zealand 25 years ago.\r\nNow, she is one of the public faces of\u00a0New\u2026 [+5545 chars]"}, {"source": {"id": "the-irish-times", "name": "The Irish Times"}, "author": "The Irish Times", "title": "Full text: The new Garda powers to enforce Covid-19 restrictions", "description": "Regulations entitled Health Act 1947 (Section 3IA - Temporary Restrictions) (Covid-19) Regulations 2020", "url": "https://www.irishtimes.com/news/crime-and-law/full-text-the-new-garda-powers-to-enforce-covid-19-restrictions-1.4224261", "urlToImage": "https://www.irishtimes.com/image-creator/?id=1.4224260&origw=1440", "publishedAt": "2020-04-08T17:09:41Z", "content": "Below is the full text of the regulations entitled Health Act 1947 (Section 3IA - Temporary Restrictions) (Covid-19) Regulations 2020 which were signed into law by Minister for Health Simon Harris on April 7th. \r\nThe Minister for Health, in exercise of the po\u2026 [+22776 chars]"}, {"source": {"id": "the-irish-times", "name": "The Irish Times"}, "author": "Barry Roche", "title": "Irish scientists develop reagent in effort to ease Covid-19 testing delays", "description": "Cork IT\u2019s Brigid Lucey hopes formula will mean Ireland will not have to rely on imports", "url": "https://www.irishtimes.com/news/science/irish-scientists-develop-reagent-in-effort-to-ease-covid-19-testing-delays-1.4223897", "urlToImage": "https://www.irishtimes.com/image-creator/?id=1.4223896&origw=1279", "publishedAt": "2020-04-08T10:35:00Z", "content": "A team of Irish scientists have come together to develop a key component for Covid-19 tests which should facilitate Irelands laboratories continuing to test for the virus.\r\nDr Brigid Lucey of Cork Institute of Technology explained said she was aware laborator\u2026 [+3822 chars]"}, {"source": {"id": "the-irish-times", "name": "The Irish Times"}, "author": "Barry O'Halloran", "title": "Covid lockdown hits electricity demand", "description": "Consultants say Irish people using less power as restrictions bite", "url": "https://www.irishtimes.com/business/energy-and-resources/covid-lockdown-hits-electricity-demand-1.4223937", "urlToImage": "https://www.irishtimes.com/image-creator/?id=1.4223936&origw=1440", "publishedAt": "2020-04-08T11:38:01Z", "content": "Irish electricity demand is falling in the face of the Covid-19 lockdown that has shut many of the countrys industries, one analysis shows.\r\nResearch by energy consultancy Cornwall Insight Ireland shows that demand across the Single Electricity Market, which \u2026 [+1076 chars]"}, {"source": {"id": "the-irish-times", "name": "The Irish Times"}, "author": "Charlie Taylor", "title": "Covid-19: Government announces \u20ac1bn in supports for businesses", "description": "Range of new measures announced including a \u20ac180m fund for manufacturing firms", "url": "https://www.irishtimes.com/business/economy/covid-19-government-announces-1bn-in-supports-for-businesses-1.4224150", "urlToImage": "https://www.irishtimes.com/image-creator/?id=1.4224149&origw=1440", "publishedAt": "2020-04-08T15:26:44Z", "content": "The Government has announced a major expansion of its financial supports for small and medium-sized businesses impacted by the Covid-19 crisis.\r\nIt has introduced a range of new measures and an expansion of existing ones to aid SMEs and so-called micro busine\u2026 [+3024 chars]"}, {"source": {"id": "the-irish-times", "name": "The Irish Times"}, "author": "Karl Stewart", "title": "Coronavirus: How Covid-19 may reshape the Irish retail landscape", "description": "The pandemic is set to result in long-lasting changes to consumer behaviour", "url": "https://www.irishtimes.com/business/commercial-property/coronavirus-how-covid-19-may-reshape-the-irish-retail-landscape-1.4221411", "urlToImage": "https://www.irishtimes.com/image-creator/?id=1.4221409&origw=1440", "publishedAt": "2020-04-08T05:00:00Z", "content": "The Covid-19 crisis has caused massive disruption in many industries, but particularly hard hit are the hospitality and retail sectors, both of which are heavily reliant on face-to-face human interaction. \r\nA range of measures have been introduced by the Gove\u2026 [+5997 chars]"}, {"source": {"id": "the-irish-times", "name": "The Irish Times"}, "author": "Laura Slattery", "title": "Radio stations will receive up to \u20ac95,000 under Covid-19 scheme", "description": "Special \u20ac2.5m funding round launched by Broadcasting Authority of Ireland", "url": "https://www.irishtimes.com/business/media-and-marketing/radio-stations-will-receive-up-to-95-000-under-covid-19-scheme-1.4223967", "urlToImage": "https://www.irishtimes.com/image-creator/?id=1.4223966&origw=1440", "publishedAt": "2020-04-08T12:21:38Z", "content": "Independent commercial radio stations can apply for up to 95,000 in special funds to help them raise public awareness and understanding of Covid-19 in a 2.5 million scheme launched by the Broadcasting Authority of Ireland. \r\nThe regulator has introduced the s\u2026 [+1913 chars]"}, {"source": {"id": "the-irish-times", "name": "The Irish Times"}, "author": "Paul Cullen", "title": "Big Covid-19 problem now a series of smaller firefights", "description": "Crystal clear that physical distancing works as a mechanism for slowing spread of virus", "url": "https://www.irishtimes.com/news/health/big-covid-19-problem-now-a-series-of-smaller-firefights-1.4223306", "urlToImage": "https://www.irishtimes.com/image-creator/?id=1.4223305&origw=1440", "publishedAt": "2020-04-08T01:37:06Z", "content": "Public health officials tackling the Covid-19 pandemic are like firefighters trying to bring a large blaze under control. \r\nWhat seems at first to be one large, uncontrollable fire is eventually, by dint of hard work, split into several smaller, more manageab\u2026 [+4906 chars]"}, {"source": {"id": "the-irish-times", "name": "The Irish Times"}, "author": "The Irish Times", "title": "Coronavirus: The Irish Times view on new garda powers to enforce Covid-19 restrictions", "description": "The acceptability of these measures will depend on light touch and common sense of garda\u00ed", "url": "https://www.irishtimes.com/opinion/editorial/coronavirus-the-irish-times-view-on-new-garda-powers-to-enforce-covid-19-restrictions-1.4224157", "urlToImage": "https://www.irishtimes.com/image-creator/?id=1.4224252&origw=1440", "publishedAt": "2020-04-08T20:00:00Z", "content": "The Government hopes that a combination of awareness of the last resort coercive powers granted to garda\u00ed for this holiday weekend, the shaming power of social disapproval of those who flout social distancing rules, and more than 50 checkpoints on roads aroun\u2026 [+1785 chars]"}, {"source": {"id": "the-irish-times", "name": "The Irish Times"}, "author": "James Sheehan", "title": "Covid-19: A chance to build a single-tier health service", "description": "Sl\u00e1intecare must be ditched for equitable system with better infrastructure and service", "url": "https://www.irishtimes.com/opinion/covid-19-a-chance-to-build-a-single-tier-health-service-1.4223258", "urlToImage": "https://www.irishtimes.com/image-creator/?id=1.4223257&origw=1440", "publishedAt": "2020-04-08T00:17:28Z", "content": "While this is a time of great difficulty for those who have lost loved ones infected by Covid-19, it is also a time when we are witnessing the very best of the Irish nation.\r\nThe dedication of the medical, nursing and ancillary staff has been a revelation to \u2026 [+5853 chars]"}, {"source": {"id": "the-irish-times", "name": "The Irish Times"}, "author": "Dave Hannigan", "title": "America at Large: Hurling advocate Dowling leading the fight against Covid-19", "description": "Limerick native and boss of a major healthcare provider drafted in to help co-ordinate New York\u2019s response to the virus", "url": "https://www.irishtimes.com/sport/gaelic-games/america-at-large-hurling-advocate-dowling-leading-the-fight-against-covid-19-1.4223277", "urlToImage": "https://www.irishtimes.com/image-creator/?id=1.4223271&origw=1440", "publishedAt": "2020-04-08T16:30:54Z", "content": "Just over two months ago, shortly before the world was tilted askew, Michael Dowling gave a public interview in Manhattan in which he was asked to discuss a person, a place and a thing that influenced his life. \r\nHaving spoken eloquently about former New York\u2026 [+4947 chars]"}, {"source": {"id": "the-irish-times", "name": "The Irish Times"}, "author": null, "title": "America at Large: Hurling fan Dowling leading the fight against Covid-19", "description": "Limerick native and boss of a major healthcare provider drafted in to help co-ordinate New York\u2019s response to the virus", "url": "https://www.irishtimes.com/sport/gaelic-games/america-at-large-hurling-fan-dowling-leading-the-fight-against-covid-19-1.4223277", "urlToImage": "https://www.irishtimes.com/image-creator/?id=1.4224313&origw=1440", "publishedAt": "2020-04-08T16:30:54Z", "content": "Just over two months ago, shortly before the world was tilted askew, Michael Dowling gave a public interview in Manhattan in which he was asked to discuss a person, a place and a thing that influenced his life.\r\nHaving spoken eloquently about former New York \u2026 [+323 chars]"}, {"source": {"id": "the-irish-times", "name": "The Irish Times"}, "author": "The Irish Times", "title": "Italian Olympic 800m finalist Donato Sabia dies from Covid-19 aged 56", "description": "Two-time Olympic finalist\u2019s father also died from the virus", "url": "https://www.irishtimes.com/sport/other-sports/italian-olympic-800m-finalist-donato-sabia-dies-from-covid-19-aged-56-1.4224386", "urlToImage": "https://www.irishtimes.com/image-creator/?id=1.4224384&origw=1440", "publishedAt": "2020-04-08T19:16:34Z", "content": "Twice Olympic 800 metres finalist Donato Sabia has died from Covid-19 at the age of 56, the Italian Olympic Committee (Coni) said on Wednesday.\r\nConi said in a statement that Sabia had been in the intensive care unit of the San Carlo hospital on Potenza, in t\u2026 [+668 chars]"}, {"source": {"id": "the-irish-times", "name": "The Irish Times"}, "author": "The Irish Times", "title": "First with the Covid-cuts?", "description": "Sir, \u2013Now that a week has passed since I lost my first battle with my new hair clippers, my wife has just informed me that my hair is \u201cstarting to look a bit more normal\u201d. This is on top of my neighbour giving himself an unintended haircut of which Keith Flin\u2026", "url": "https://www.irishtimes.com/opinion/letters/first-with-the-covid-cuts-1.4223344", "urlToImage": "https://www.irishtimes.com/polopoly_fs/1.3619339.1536160376!/image/image.jpg", "publishedAt": "2020-04-08T23:26:00Z", "content": "Sir, Now that a week has passed since I lost my first battle with my new hair clippers, my wife has just informed me that my hair is starting to look a bit more normal. \r\nThis is on top of my neighbour giving himself an unintended haircut of which Keith Flint\u2026 [+240 chars]"}, {"source": {"id": "the-irish-times", "name": "The Irish Times"}, "author": "The Irish Times", "title": "Covid-19: keep your distance over Easter", "description": "Sir, \u2013 Dr Kathryn Armstrong (April 7th) makes an appeal to the Northern Ireland authorities to prevent journeys to the Giant\u2019s Causeway. Can I ask our authorities to put a 24-hour watch on roads, trains and buses and prevent holiday home-owners and others fro\u2026", "url": "https://www.irishtimes.com/opinion/letters/covid-19-keep-your-distance-over-easter-1.4224244", "urlToImage": "https://www.irishtimes.com/polopoly_fs/1.3619339.1536160376!/image/image.jpg", "publishedAt": "2020-04-08T23:58:00Z", "content": "Sir, Dr Kathryn Armstrong (April 7th) makes an appeal to the Northern Ireland authorities to prevent journeys to the Giants Causeway. \r\nCan I ask our authorities to put a 24-hour watch on roads, trains and buses and prevent holiday home-owners and others from\u2026 [+8098 chars]"}, {"source": {"id": "the-irish-times", "name": "The Irish Times"}, "author": "Colin Gleeson", "title": "Human ground vibrations cut in three since Covid-19 restrictions", "description": "Human-made ground vibrations in Ireland are currently about three times lower than they were before the Government\u2019s restrictions on movement were introduced in response to the coronavirus pandemic, according to new data. Seismologists at Dublin Institute for\u2026", "url": "https://www.irishtimes.com/news/environment/human-ground-vibrations-cut-in-three-since-covid-19-restrictions-1.4224355", "urlToImage": "https://www.irishtimes.com/image-creator/?id=1.4224353&origw=1440", "publishedAt": "2020-04-08T18:22:48Z", "content": "Human-made ground vibrations in Ireland are currently about three times lower than they were before the Governments restrictions on movement were introduced in response to the coronavirus pandemic, according to new data.\r\nSeismologists at Dublin Institute for\u2026 [+1775 chars]"}, {"source": {"id": "the-irish-times", "name": "The Irish Times"}, "author": "Orna Mulcahy", "title": "Property lockdown: Houses that sold before Covid-19 struck", "description": "As coronavirus slows the property market to a crawl, with viewers unable to visit properties and uncertainty over mortgage approvals and job security, there is one property service that, for now at least, continues to operate. The Property Services Regulatory\u2026", "url": "https://www.irishtimes.com/life-and-style/homes-and-property/property-lockdown-houses-that-sold-before-covid-19-struck-1.4222213", "urlToImage": "https://www.irishtimes.com/image-creator/?id=1.4222211&origw=1440", "publishedAt": "2020-04-08T23:00:00Z", "content": "As coronavirus slows the property market to a crawl, with viewers unable to visit properties and uncertainty over mortgage approvals and job security, there is one property service that, for now at least, continues to operate.\r\nThe Property Services Regulator\u2026 [+8600 chars]"}, {"source": {"id": "the-irish-times", "name": "The Irish Times"}, "author": "Neil Briscoe", "title": "Air pollution from cars worsens Covid-19 effects, claims Italian researchers", "description": "Virus may be attaching itself to airborne particles from exhaust fumes", "url": "https://www.irishtimes.com/life-and-style/motors/air-pollution-from-cars-worsens-covid-19-effects-claims-italian-researchers-1.4223878", "urlToImage": "https://www.irishtimes.com/image-creator/?id=1.4223877&origw=1440", "publishedAt": "2020-04-08T09:17:59Z", "content": "Higher levels of air pollution could be worsening the effects of Covid-19, while Italian researchers have raised the possibility that the virus could be hijacking airborne soot particles to remain in the air for longer.\r\nThe research, carried out by the unive\u2026 [+4892 chars]"}, {"source": {"id": "the-irish-times", "name": "The Irish Times"}, "author": "Daniel McLaughlin", "title": "China closes border with Russia as Covid-19 threat shifts", "description": "Virus lockdown lifted on Wuhan but imposed on Suifenhe on Russian frontier", "url": "https://www.irishtimes.com/news/world/asia-pacific/china-closes-border-with-russia-as-covid-19-threat-shifts-1.4224296", "urlToImage": "https://www.irishtimes.com/image-creator/?id=1.4224294&origw=1440", "publishedAt": "2020-04-08T17:23:51Z", "content": "China has closed its land border with Russia, as the country where the coronavirus outbreak began tries to stop infected people arriving from its northern neighbour, where the number of cases is still rising sharply.\r\nRussia reported a record one-day increase\u2026 [+2889 chars]"}, {"source": {"id": "the-irish-times", "name": "The Irish Times"}, "author": "Ronald Quinlan", "title": "Dept of Housing to extend planning permissions due to expire during Covid-19 crisis", "description": "The Department of Housing has said it is preparing to issue a series of directives to local authorities to automatically extend the duration of existing planning permissions which might expire during the coronavirus pandemic. With all construction work other \u2026", "url": "https://www.irishtimes.com/life-and-style/homes-and-property/dept-of-housing-to-extend-planning-permissions-due-to-expire-during-covid-19-crisis-1.4223988", "urlToImage": "https://www.irishtimes.com/image-creator/?id=1.4223987&origw=1440", "publishedAt": "2020-04-08T23:00:00Z", "content": "The Department of Housing has said it is preparing to issue a series of directives to local authorities to automatically extend the duration of existing planning permissions which might expire during the coronavirus pandemic. \r\nWith all construction work othe\u2026 [+2728 chars]"}, {"source": {"id": "the-irish-times", "name": "The Irish Times"}, "author": "Peter Hamilton", "title": "Property market has not felt full impact of Covid-19, warns Sherry FitzGerald", "description": "The Irish property market has not yet felt the full impact of the Covid-19 crisis, Sherry FitzGerald has warned, as latest data show a smaller number of cash buyers in the market than last year. \u201cThere\u2019s no doubt it will have an impact but it\u2019s too early to d\u2026", "url": "https://www.irishtimes.com/business/economy/property-market-has-not-felt-full-impact-of-covid-19-warns-sherry-fitzgerald-1.4223984", "urlToImage": "https://www.irishtimes.com/image-creator/?id=1.4223976&origw=1440", "publishedAt": "2020-04-08T12:34:35Z", "content": "The Irish property market has not yet felt the full impact of the Covid-19 crisis, Sherry FitzGerald has warned, as latest data show a smaller number of cash buyers in the market than last year.\r\nTheres no doubt it will have an impact but its too early to det\u2026 [+2061 chars]"}, {"source": {"id": "the-irish-times", "name": "The Irish Times"}, "author": "Conor Gallagher, Conor Lally", "title": "Garda\u00ed to monitor more than 1,000 locations under Covid-19 powers", "description": "Garda\u00ed are monitoring more than 1,000 locations in the State for compliance with Government regulations on social distancing amid fears of public complacency about the spread of the coronavirus. The locations include mountain walks, forest parks, beaches and \u2026", "url": "https://www.irishtimes.com/news/crime-and-law/garda%C3%AD-to-monitor-more-than-1-000-locations-under-covid-19-powers-1.4223975", "urlToImage": "https://www.irishtimes.com/image-creator/?id=1.4223974&origw=1440", "publishedAt": "2020-04-08T12:29:56Z", "content": "Garda\u00ed are monitoring more than 1,000 locations in the State for compliance with Government regulations on social distancing amid fears of public complacency about the spread of the coronavirus.\r\nThe locations include mountain walks, forest parks, beaches and\u2026 [+3436 chars]"}, {"source": {"id": "the-irish-times", "name": "The Irish Times"}, "author": "The Irish Times", "title": "Boris Johnson still in intensive care battling Covid-19 but \u2018in good spirits\u2019", "description": "Johnson tested positive two weeks ago but his condition deteriorated on Monday", "url": "https://www.irishtimes.com/news/world/uk/boris-johnson-still-in-intensive-care-battling-covid-19-but-in-good-spirits-1.4223876", "urlToImage": "https://www.irishtimes.com/image-creator/?id=1.4223875&origw=1440", "publishedAt": "2020-04-08T09:07:33Z", "content": "British prime minister Boris Johnson is still responding to treatment in intensive care at a central London hospital, his spokesman said on Wednesday afternoon, adding the 55-year-old was in good spirits.\r\nThe prime minister remains clinically stable and is r\u2026 [+3118 chars]"}, {"source": {"id": "the-irish-times", "name": "The Irish Times"}, "author": "The Irish Times", "title": "Boris Johnson still in intensive care with Covid-19 but \u2018improving\u2019", "description": "Johnson tested positive two weeks ago but his condition deteriorated on Monday", "url": "https://www.irishtimes.com/news/world/uk/boris-johnson-still-in-intensive-care-with-covid-19-but-improving-1.4223876", "urlToImage": "https://www.irishtimes.com/image-creator/?id=1.4223875&origw=1440", "publishedAt": "2020-04-08T09:07:33Z", "content": "British prime minister Boris Johnson remains in intensive care but is improving and has been sitting up in bed and engaging with his clinical team, chancellor Rishi Sunak has said\r\nEarlier his spokesman said Mr Johnson is still responding to treatment in inte\u2026 [+3273 chars]"}, {"source": {"id": "the-irish-times", "name": "The Irish Times"}, "author": "The Irish Times", "title": "Boris Johnson \u2018stable\u2019 but still in intensive care battling Covid-19", "description": "Johnson tested positive two weeks ago but his condition deteriorated on Monday", "url": "https://www.irishtimes.com/news/world/uk/boris-johnson-stable-but-still-in-intensive-care-battling-covid-19-1.4223876", "urlToImage": "https://www.irishtimes.com/image-creator/?id=1.4223875&origw=1440", "publishedAt": "2020-04-08T09:07:33Z", "content": "British prime minister Boris Johnson is still responding to treatment in intensive care at a central London hospital, his spokesman said on Wednesday, adding the 55-year-old was in good spirits.\r\nThe prime minister remains clinically stable and is responding \u2026 [+3112 chars]"}, {"source": {"id": "the-irish-times", "name": "The Irish Times"}, "author": "The Irish Times", "title": "Boris Johnson stable after second night in intensive care battling Covid-19", "description": "Johnson tested positive two weeks ago but his condition deteriorated on Monday", "url": "https://www.irishtimes.com/news/world/uk/boris-johnson-stable-after-second-night-in-intensive-care-battling-covid-19-1.4223876", "urlToImage": "https://www.irishtimes.com/image-creator/?id=1.4223875&origw=1440", "publishedAt": "2020-04-08T09:07:33Z", "content": "British prime minister Boris Johnson spent a second night in intensive care and was in a stable condition on Wednesday after receiving oxygen support for coronavirus complications while his foreign minister directs the battle against the outbreak.\r\nMr Johnson\u2026 [+2735 chars]"}]}