{"status": "ok", "totalResults": 25, "articles": [{"source": {"id": "the-irish-times", "name": "The Irish Times"}, "author": "Gerry Moriarty", "title": "Forum to advise NI Executive on handling Covid-19 impact", "description": "Move comes amid continuing tensions between DUP and Sinn F\u00e9in on reaction to crisis", "url": "https://www.irishtimes.com/news/ireland/irish-news/forum-to-advise-ni-executive-on-handling-covid-19-impact-1.4214189", "urlToImage": "https://www.irishtimes.com/image-creator/?id=1.4214188&origw=1440", "publishedAt": "2020-03-27T19:09:33Z", "content": "A forum to advise the Northern Executive on how to deal with the coronavirus emergency is to be formed over the weekend, it was announced on Friday amid continuing differences between the DUP and Sinn F\u00e9in on how to manage the crisis.\r\nAs the coronavirus deat\u2026 [+4023 chars]"}, {"source": {"id": "the-irish-times", "name": "The Irish Times"}, "author": "The Irish Times", "title": "Covid-19: Irish family stranded in Peru enjoy kindness of strangers", "description": "News of pandemic filtered through when in Ecuador during year-long South American trip", "url": "https://www.irishtimes.com/news/ireland/irish-news/covid-19-irish-family-stranded-in-peru-enjoy-kindness-of-strangers-1.4214116", "urlToImage": "https://www.irishtimes.com/polopoly_fs/1.4214115.1585330955!/image/image.jpg", "publishedAt": "2020-03-27T17:43:19Z", "content": "Unable to leave their holiday apartment in Peru, following a national lockdown order, Christina Park, her husband and their two boys have, nevertheless, enjoyed the kindness of strangers.\r\nThe family, who will be among those returning on Sundays repatriation \u2026 [+2431 chars]"}, {"source": {"id": "the-irish-times", "name": "The Irish Times"}, "author": "Barry Roche", "title": "Funerals adapt to Covid-19: \u2018It\u2019s eerie, that\u2019s the only word I can use\u2019", "description": "Social distancing rules impacting on how communities offer support to the grieving", "url": "https://www.irishtimes.com/news/ireland/irish-news/funerals-adapt-to-covid-19-it-s-eerie-that-s-the-only-word-i-can-use-1.4213068", "urlToImage": "https://www.irishtimes.com/image-creator/?id=1.4213061&origw=1440", "publishedAt": "2020-03-27T01:04:00Z", "content": "Seven generations of the Fitzgerald family from Macroom in Co Cork have buried their neighbours. The familys undertaking tradition dates back to before the Famine and has seen them bury those who fell to the Spanish Flu a century ago.\r\nMartin Fitzgerald is no\u2026 [+2533 chars]"}, {"source": {"id": "the-irish-times", "name": "The Irish Times"}, "author": "Conor Gallagher", "title": "Prisons face a dilemma: A Covid-19 outbreak or releasing sex offenders", "description": "Most at-risk elderly inmates, some in their 80s, are serving sentences for sex crimes", "url": "https://www.irishtimes.com/news/crime-and-law/prisons-face-a-dilemma-a-covid-19-outbreak-or-releasing-sex-offenders-1.4213917", "urlToImage": "https://www.irishtimes.com/image-creator/?id=1.2205315&origw=960", "publishedAt": "2020-03-27T14:34:00Z", "content": "The Irish Prison Service (IPS) intends to release another tranche of inmates in an attempt to limit the potential for an outbreak of coronavirus in the prison system.\r\nThe majority of the States most vulnerable prisoners will remain in custody, however, due t\u2026 [+4860 chars]"}, {"source": {"id": "the-irish-times", "name": "The Irish Times"}, "author": "Mark Paul", "title": "Usit travel group in liquidation due to Covid-19", "description": "More than 100 jobs lost as language school goes under as well", "url": "https://www.irishtimes.com/business/transport-and-tourism/usit-travel-group-in-liquidation-due-to-covid-19-1.4214108", "urlToImage": "https://www.irishtimes.com/image-creator/?id=1.4214106&origw=1440", "publishedAt": "2020-03-27T17:34:07Z", "content": "Kinlay Group, the parent company of Usit travel agency, has gone out of business with the loss of more than 100 jobs due to a tsunami of effects spurred by Covid-19.\r\nKPMG restructuring specialists Kieran Wallace and Andrew OLeary have been appointed as provi\u2026 [+1477 chars]"}, {"source": {"id": "the-irish-times", "name": "The Irish Times"}, "author": "Martin Wolf", "title": "UK needs to be honest about its Covid-19 strategy", "description": "Martin Wolf: the economic and social costs of lockdowns seem likely to increase exponentially over time", "url": "https://www.irishtimes.com/business/economy/uk-needs-to-be-honest-about-its-covid-19-strategy-1.4214033", "urlToImage": "https://www.irishtimes.com/image-creator/?id=1.4214031&origw=1440", "publishedAt": "2020-03-27T16:12:38Z", "content": "What should the British government be trying to achieve with this weeks switch to a lockdown strategy?\r\nIt is embarking on a policy that will not just affect everybody in the country, but will impose huge costs, for months. The government must be able to expl\u2026 [+5169 chars]"}, {"source": {"id": "the-irish-times", "name": "The Irish Times"}, "author": "Charlie Taylor", "title": "Uniphar reports big jump in profits, expected to gain from Covid-19 crisis", "description": "Medical supplies group said profits rose to \u20ac31.7m last year as against \u20ac20.5m in 2018", "url": "https://www.irishtimes.com/business/health-pharma/uniphar-reports-big-jump-in-profits-expected-to-gain-from-covid-19-crisis-1.4213706", "urlToImage": "https://www.irishtimes.com/polopoly_fs/1.4213705.1585297593!/image/image.jpg", "publishedAt": "2020-03-27T08:26:41Z", "content": "Irish healthcare services company Uniphar which earlier this week reported a spike in demand due to the Covid-19 outbreak, has reported a 55 per cent jump in pre-tax profits for 2019.\r\nThe medical supplies group said profits before tax rose to 31.7 million la\u2026 [+1916 chars]"}, {"source": {"id": "the-irish-times", "name": "The Irish Times"}, "author": "Charlie Taylor", "title": "Uniphar reports big jump in profits but mixed outlook on Covid-19 crisis", "description": "Medical supplies group said profits rose to \u20ac31.7m last year as against \u20ac20.5m in 2018", "url": "https://www.irishtimes.com/business/health-pharma/uniphar-reports-big-jump-in-profits-but-mixed-outlook-on-covid-19-crisis-1.4213706", "urlToImage": "https://www.irishtimes.com/polopoly_fs/1.4213705.1585302706!/image/image.jpg", "publishedAt": "2020-03-27T08:26:41Z", "content": "Irish healthcare services company Uniphar which earlier this week reported a spike in demand due to the Covid-19 outbreak, has reported a 55 per cent jump in pre-tax profits for 2019.\r\nThe medical supplies group said profits before tax rose to 31.7 million la\u2026 [+2351 chars]"}, {"source": {"id": "the-irish-times", "name": "The Irish Times"}, "author": "Ronald Quinlan", "title": "Covid-19 crisis sees Tenable put plan for new Dublin docklands HQ \u2018on hold\u2019", "description": "US cybersecurity firm had been in talks for offices at 76 Sir John Rogerson\u2019s Quay", "url": "https://www.irishtimes.com/business/commercial-property/covid-19-crisis-sees-tenable-put-plan-for-new-dublin-docklands-hq-on-hold-1.4213079", "urlToImage": "https://www.irishtimes.com/polopoly_fs/1.4213078.1585239320!/image/image.jpg", "publishedAt": "2020-03-27T02:30:00Z", "content": "US cybersecurity firm Tenable has put a plan to relocate its existing international headquarters in Dublin to a new and bigger office in the citys docklands on hold due to the Covid-19 crisis.\r\nPrior to the outbreak of the coronavirus, the company had been at\u2026 [+1985 chars]"}, {"source": {"id": "the-irish-times", "name": "The Irish Times"}, "author": "Charlie Taylor", "title": "Covid-19 is a \u2018challenge unlike any other\u2019 for business leaders", "description": "New survey shows dramatic reversal in confidence among company directors", "url": "https://www.irishtimes.com/business/economy/covid-19-is-a-challenge-unlike-any-other-for-business-leaders-1.4213179", "urlToImage": "https://www.irishtimes.com/image-creator/?id=1.4213178&origw=1253", "publishedAt": "2020-03-27T04:45:02Z", "content": "The coronavirus outbreak is a challenge unlike any other for the State and its business leaders, according to the Institute of Directors Ireland (IoD), whose latest survey shows a dramatic reversal in confidence.\r\nThe survey, which was conducted over the last\u2026 [+1594 chars]"}, {"source": {"id": "the-irish-times", "name": "The Irish Times"}, "author": null, "title": "Central Bank makes insurer CEOs responsible for Covid-19 claims handling", "description": "Companies told to interpret policies in favour of customers where there is doubt.", "url": "https://www.irishtimes.com/business/financial-services/central-bank-makes-insurer-ceos-responsible-for-covid-19-claims-handling-1.4214080", "urlToImage": "https://www.irishtimes.com/image-creator/?id=1.4214079&origw=1440", "publishedAt": "2020-03-27T17:09:48Z", "content": "The Central Bank has told insurance chief executives in the State they must take personal responsibility for the oversight of how claims relating to Covid-19 are handled by their firms, and to interpret policies in favour of customers where there is doubt. \r\n\u2026 [+379 chars]"}, {"source": {"id": "the-irish-times", "name": "The Irish Times"}, "author": "Charlie Taylor", "title": "SSE sees no effect from Covid-19, to continue recommending dividend", "description": "Company expects earnings per share to be at lower end of expected 83p to 88p range", "url": "https://www.irishtimes.com/business/energy-and-resources/sse-sees-no-effect-from-covid-19-to-continue-recommending-dividend-1.4213695", "urlToImage": "https://www.irishtimes.com/polopoly_fs/1.4213694.1585295904!/image/image.jpg", "publishedAt": "2020-03-27T07:59:10Z", "content": "Energy giant SSE has said it has not been adversely affected by the Covid-19 outbreak as of yet and still expects to recommend a full-year dividend of 80 pence per share.\r\nThe company in January said it expected earnings per share to be at the lower end of th\u2026 [+1318 chars]"}, {"source": {"id": "the-irish-times", "name": "The Irish Times"}, "author": "Charlie Taylor", "title": "Start-ups warned of changing funding landscape due to Covid-19", "description": "Advice comes as new figures show 25% decine in funding locally last year", "url": "https://www.irishtimes.com/business/technology/start-ups-warned-of-changing-funding-landscape-due-to-covid-19-1.4213811", "urlToImage": "https://www.irishtimes.com/image-creator/?id=1.4213809&origw=1253", "publishedAt": "2020-03-27T11:38:00Z", "content": "Start-ups who are in the process of raising funds shouldnt spend too much time haggling over terms but should try to close as soon as possible given the current economic climate, a leading Irish tech veteran has warned.\r\nBrian Caulfield, who previously co-fou\u2026 [+1528 chars]"}, {"source": {"id": "the-irish-times", "name": "The Irish Times"}, "author": "Naomi O'Leary", "title": "Covid-19: Economic downturn worsens old EU splits", "description": "Countries hardest hit demand rapid action but \u2018frugals\u2019 remain cool on coronabonds", "url": "https://www.irishtimes.com/business/economy/covid-19-economic-downturn-worsens-old-eu-splits-1.4214059", "urlToImage": "https://www.irishtimes.com/image-creator/?id=1.4214057&origw=1440", "publishedAt": "2020-03-27T16:39:02Z", "content": "Leaders hoped the video conference would display European Union unity, to counter impressions the bloc has faltered in the face of the pandemic.\r\nInstead, the discussion between EU leaders on Thursday night descended into bitter acrimony along dividing lines \u2026 [+4460 chars]"}, {"source": {"id": "the-irish-times", "name": "The Irish Times"}, "author": "Paul Cullen", "title": "Why are 25% of confirmed Covid-19 cases health workers?", "description": "Coronavirus was barely in country when it cut through hospitals in Cork and Limerick", "url": "https://www.irishtimes.com/news/health/why-are-25-of-confirmed-covid-19-cases-health-workers-1.4213198", "urlToImage": "https://www.irishtimes.com/polopoly_fs/1.4213192.1585246495!/image/image.jpg", "publishedAt": "2020-03-27T01:05:01Z", "content": "One of the most worrying aspects of the crisis is the very high number of healthcare staff who have contracted Covid-19.\r\nAt present about 25 per cent of confirmed cases are health workers. When you take out those health staff who contracted the disease abroa\u2026 [+5051 chars]"}, {"source": {"id": "the-irish-times", "name": "The Irish Times"}, "author": "Paul Cullen", "title": "How is it that 25% of confirmed Covid-19 cases are health workers?", "description": "Coronavirus was barely in country when it cut through hospitals in Cork and Limerick", "url": "https://www.irishtimes.com/news/health/how-is-it-that-25-of-confirmed-covid-19-cases-are-health-workers-1.4213198", "urlToImage": "https://www.irishtimes.com/polopoly_fs/1.4213192.1585246495!/image/image.jpg", "publishedAt": "2020-03-27T01:05:01Z", "content": "One of the most worrying aspects of the crisis is the very high number of healthcare staff who have contracted Covid-19.\r\nAt present about 25 per cent of confirmed cases are health workers. When you take out those health staff who contracted the disease abroa\u2026 [+5051 chars]"}, {"source": {"id": "the-irish-times", "name": "The Irish Times"}, "author": "Joe Brennan", "title": "Death knell for dividends as firms try to save cash amid Covid-19 crisis", "description": "Slew of Dublin-listed companies scrap multimillion-euro dividend payment plans", "url": "https://www.irishtimes.com/business/death-knell-for-dividends-as-firms-try-to-save-cash-amid-covid-19-crisis-1.4212974", "urlToImage": "https://www.irishtimes.com/image-creator/?id=1.4212967&origw=1440", "publishedAt": "2020-03-27T05:15:40Z", "content": "Having triggered the wiping of more than $25 trillion off the value of public companies globally in the past five weeks as it wreaks havoc on health systems and economies, Covid-19 is now attacking another investor staple: the corporate dividend.\r\nA slew of c\u2026 [+11997 chars]"}, {"source": {"id": "the-irish-times", "name": "The Irish Times"}, "author": "The Irish Times", "title": "Covid-19 and mobilising testing resources", "description": "Sir, \u2013 Thank you for publishing the article by Prof Paul Moynagh, which makes the point that there is a resource of students and staff at universities that could help more with Covid-19 testing (\u201cUse university labs to clear the testing bottleneck\u201d, Opinion &\u2026", "url": "https://www.irishtimes.com/opinion/letters/covid-19-and-mobilising-testing-resources-1.4213211", "urlToImage": "https://www.irishtimes.com/polopoly_fs/1.3619339.1536160376!/image/image.jpg", "publishedAt": "2020-03-27T00:05:00Z", "content": "Sir, Thank you for publishing the article by Prof Paul Moynagh, which makes the point that there is a resource of students and staff at universities that could help more with Covid-19 testing (Use university labs to clear the testing bottleneck, Opinion &amp;\u2026 [+1015 chars]"}, {"source": {"id": "the-irish-times", "name": "The Irish Times"}, "author": "John Wilson", "title": "Coronavirus: Irish off-licences that offer collection and delivery during the Covid-19 shutdown", "description": "John Wilson's guide to independent wine merchants and the services they now provide", "url": "https://www.irishtimes.com/life-and-style/food-and-drink/coronavirus-irish-off-licences-that-offer-collection-and-delivery-during-the-covid-19-shutdown-1.4213998", "urlToImage": "https://www.irishtimes.com/image-creator/?id=1.4213999&origw=2982", "publishedAt": "2020-03-27T15:45:00Z", "content": "Is the coronavirus crisis creating a boom time for wine, beer and spirit retailers? Some of them say its as if Christmas has come early, with huge demand for home delivery and call-and-collect services. Weve compiled a list of what each off-licence we know ab\u2026 [+303 chars]"}, {"source": {"id": "the-irish-times", "name": "The Irish Times"}, "author": "Denis Staunton", "title": "Covid-19: British Government criticised after Johnson tests positive", "description": "Administration accused of being careless after health minister also sidelined with virus", "url": "https://www.irishtimes.com/news/world/uk/covid-19-british-government-criticised-after-johnson-tests-positive-1.4214239", "urlToImage": "https://www.irishtimes.com/polopoly_fs/1.4214238.1585342459!/image/image.jpg", "publishedAt": "2020-03-27T20:43:07Z", "content": "The British government has faced accusations of carelessness in failing to protect prime minister Boris Johnson and health secretary Matt Hancock from Covid-19 after they tested positive. The prime minister was tested for the virus after he showed mild sympto\u2026 [+3412 chars]"}, {"source": {"id": "the-irish-times", "name": "The Irish Times"}, "author": "The Irish Times", "title": "The Clare man in Russia on how Covid-19 is changing life there", "description": "Irish Times Abroad meets Brian Gleeson who moved from Copenhagen, Denmark to Moscow, Russia this month. He had lived in Denmark for three years with his wife and 16-month old son, Alex, who are still there. His mother Theresa Gleeson lives on her own in Clonl\u2026", "url": "https://www.irishtimes.com/life-and-style/abroad/the-clare-man-in-russia-on-how-covid-19-is-changing-life-there-1.4213151", "urlToImage": "https://www.irishtimes.com/image-creator/?id=1.4213149&origw=619", "publishedAt": "2020-03-27T10:05:23Z", "content": "Irish Times Abroad meets Brian Gleeson who\u00a0moved from Copenhagen, Denmark to Moscow, Russia this month. He had lived in Denmark for three years with his wife and 16-month old son, Alex, who are still there. His mother Theresa Gleeson lives on her own in Clonl\u2026 [+8953 chars]"}, {"source": {"id": "the-irish-times", "name": "The Irish Times"}, "author": "Rachel Flaherty", "title": "Covid-19: \u2018We wanted to come back and help\u2019- almost 100 doctors return", "description": "Healthcare workers around the world are in the spotlight this week as they selflessly work daily to fight the coronavirus pandemic and care people infected. We asked Irish health workers globally would they consider returning to Ireland to help with the Covid\u2026", "url": "https://www.irishtimes.com/life-and-style/abroad/covid-19-we-wanted-to-come-back-and-help-almost-100-doctors-return-1.4213785", "urlToImage": "https://www.irishtimes.com/image-creator/?id=1.4213784&origw=1440", "publishedAt": "2020-03-27T11:27:00Z", "content": "Healthcare workers around the world are in the spotlight this week as they selflessly work daily to fight the coronavirus pandemic and care people infected. We asked Irish health workers globally would they consider returning to Ireland to help with the Covid\u2026 [+1782 chars]"}, {"source": {"id": "the-irish-times", "name": "The Irish Times"}, "author": "Daniel McLaughlin", "title": "Russia braces for national shutdown to slow spread of Covid-19", "description": "Most workers told to stay at home for a week as outbreak gathers pace", "url": "https://www.irishtimes.com/news/world/europe/russia-braces-for-national-shutdown-to-slow-spread-of-covid-19-1.4214049", "urlToImage": "https://www.irishtimes.com/image-creator/?id=1.4214042&origw=1440", "publishedAt": "2020-03-27T16:30:00Z", "content": "Russia will ramp up its fight against coronavirus on Saturday with the start of a nine-day halt to non-essential work when most people will be expected to stay at home, amid questions about the true scale of the outbreak in the worlds biggest country.\r\nOffici\u2026 [+3482 chars]"}, {"source": {"id": "the-irish-times", "name": "The Irish Times"}, "author": "Kevin O'Sullivan", "title": "Antibodies from recovered Covid-19 patients to be given to critically ill", "description": "Blood from people in New York who have recovered expected to be effective treatment", "url": "https://www.irishtimes.com/news/world/us/antibodies-from-recovered-covid-19-patients-to-be-given-to-critically-ill-1.4214030", "urlToImage": "https://www.irishtimes.com/image-creator/?id=1.4214029&origw=1440", "publishedAt": "2020-03-27T16:11:12Z", "content": "Antibodies from patients who have recovered from Covid-19 will be transferred into critically-ill patients with the disease in New York over coming days with expectation it will be an effective treatment.\r\nBlood from people who have recovered from infection c\u2026 [+3443 chars]"}, {"source": {"id": "the-irish-times", "name": "The Irish Times"}, "author": "Sorcha Pollak", "title": "European doctors warn of Covid-19 \u2018disaster\u2019 for refugees on Lesbos", "description": "Petition by 5,000 doctors asks EU to rescue people from overcrowded Greek camp", "url": "https://www.irishtimes.com/news/world/europe/european-doctors-warn-of-covid-19-disaster-for-refugees-on-lesbos-1.4214187", "urlToImage": "https://www.irishtimes.com/image-creator/?id=1.4214181&origw=1440", "publishedAt": "2020-03-27T19:02:44Z", "content": "Doctors from across Europe have launched an appeal for the European Union to bring refugees to safety immediately, warning that an outbreak of coronavirus in a Greek refugee camp would have catastrophic consequences. \r\nIf the virus spreads among this vulnerab\u2026 [+2793 chars]"}]}