{"status": "ok", "totalResults": 11, "articles": [{"source": {"id": "the-irish-times", "name": "The Irish Times"}, "author": "Jack Horgan-Jones, Conor Pope", "title": "Coronavirus: New online system for Covid-19 tests becomes \u2018overburdened\u2019", "description": "Some 7,000 pubs in Ireland close in effort to contain virus", "url": "https://www.irishtimes.com/news/health/coronavirus-new-online-system-for-covid-19-tests-becomes-overburdened-1.4203961", "urlToImage": "https://www.irishtimes.com/image-creator/?id=1.4204117&origw=1440", "publishedAt": "2020-03-16T06:38:08Z", "content": "The new online system for booking Covid-19 tests has become overburdened, leading to outages and forcing the deployment of an alternative email system.\r\nSome general practitioners have also reported long delays in trying to contact the HSE by phone to secure \u2026 [+4693 chars]"}, {"source": {"id": "the-irish-times", "name": "The Irish Times"}, "author": "Gerry Moriarty", "title": "Northern Ireland appears primed to ramp up response to Covid-19", "description": "North\u2019s education Minister still reluctant to close schools and universities", "url": "https://www.irishtimes.com/news/ireland/irish-news/northern-ireland-appears-primed-to-ramp-up-response-to-covid-19-1.4204550", "urlToImage": "https://www.irishtimes.com/image-creator/?id=1.4204548&origw=1440", "publishedAt": "2020-03-16T20:11:57Z", "content": "Northern Ireland appeared primed to escalate its response to the coronavirus emergency in light of British prime minister Boris Johnsons call for drastic action to tackle the fast growth of Covid-19.\r\nMr Johnsons statement on Monday evening that all people in\u2026 [+3970 chars]"}, {"source": {"id": "the-irish-times", "name": "The Irish Times"}, "author": "Kevin O'Sullivan", "title": "Big increase in Covid-19 cases likely as testing is stepped up", "description": "The ability to process test results is also being ramped up", "url": "https://www.irishtimes.com/news/health/big-increase-in-covid-19-cases-likely-as-testing-is-stepped-up-1.4204453", "urlToImage": "https://www.irishtimes.com/image-creator/?id=1.4204451&origw=1440", "publishedAt": "2020-03-16T18:10:09Z", "content": "Scaled-up testing for coronavirus across the country from this week is expected to confirm a large increase in cases. \r\nThe measure is critical at this stage of the pandemic in Ireland to have any chance of curbing its worst effects, according to public healt\u2026 [+4197 chars]"}, {"source": {"id": "the-irish-times", "name": "The Irish Times"}, "author": "Paul Cullen", "title": "Covid-19 patients with best chance of survival to be prioritised", "description": "More lives likely to be saved by prioritisation, Medical Council tells doctors", "url": "https://www.irishtimes.com/news/health/covid-19-patients-with-best-chance-of-survival-to-be-prioritised-1.4203716", "urlToImage": "https://www.irishtimes.com/image-creator/?id=1.4203714&origw=1360", "publishedAt": "2020-03-16T06:21:00Z", "content": "Patients with the best chance of survival are to be prioritised as coronavirus overwhelms the health service, even where families disagree, the Medical Council has told doctors.\r\nIn making decisions based on the principle of prioritising the use of scarce res\u2026 [+2177 chars]"}, {"source": {"id": "the-irish-times", "name": "The Irish Times"}, "author": "Colin Gleeson", "title": "Willie Walsh defers IAG retirement to tackle Covid-19", "description": "Aer Lingus parent provides update on \u2019increasingly negative impact\u2019 of the virus", "url": "https://www.irishtimes.com/business/transport-and-tourism/willie-walsh-defers-iag-retirement-to-tackle-covid-19-1.4203972", "urlToImage": "https://www.irishtimes.com/image-creator/?id=1.4203973&origw=1440", "publishedAt": "2020-03-16T07:48:47Z", "content": "Willie Walsh is to defer his retirement and continue as group chief executive of Aer Lingus parent International Airlines Group (IAG) as the company continues to grapple with the coronavirus pandemic.\r\nIn a statement on Monday, IAG said the rapid spread of Co\u2026 [+3305 chars]"}, {"source": {"id": "the-irish-times", "name": "The Irish Times"}, "author": "Colin Gleeson", "title": "Paddy Power parent says Covid-19 disruption could cost it \u00a3110m", "description": "Flutter has told shareholders it is facing an unprecedented challenge from coronavirus", "url": "https://www.irishtimes.com/business/paddy-power-parent-says-covid-19-disruption-could-cost-it-110m-1.4203975", "urlToImage": "https://www.irishtimes.com/image-creator/?id=1.4203974&origw=1440", "publishedAt": "2020-03-16T08:00:25Z", "content": "Earnings at the parent company of bookmaker Paddy Power could fall by up to \u00a3110 million (122m) should the Covid-19 pandemic continue to mean restrictions on sporting events until August, the company has said.\r\nFlutter Entertainment provided an update to Euro\u2026 [+2873 chars]"}, {"source": {"id": "the-irish-times", "name": "The Irish Times"}, "author": "Gerry Moriarty", "title": "North\u2019s Executive agrees new measures to ramp up response to Covid-19", "description": "Measures include rates relief for businesses and support for the vulnerable", "url": "https://www.irishtimes.com/news/ireland/irish-news/north-s-executive-agrees-new-measures-to-ramp-up-response-to-covid-19-1.4204550", "urlToImage": "https://www.irishtimes.com/image-creator/?id=1.4204601&origw=1440", "publishedAt": "2020-03-16T20:11:57Z", "content": "Northern Ireland is escalating its response to the coronavirus emergency in light of British prime minister Boris Johnsons call for drastic action to tackle the fast growth of Covid-19.\r\nMr Johnsons statement on Monday evening that all people in the UK should\u2026 [+3148 chars]"}, {"source": {"id": "the-irish-times", "name": "The Irish Times"}, "author": "The Irish Times", "title": "Share your story: How have you been affected by the Covid-19 crisis?", "description": "If you\u2019ve lost your job, are worried about your business, had to cancel your holiday... we want to hear from you", "url": "https://www.irishtimes.com/life-and-style/people/share-your-story-how-have-you-been-affected-by-the-covid-19-crisis-1.4204555", "urlToImage": "https://www.irishtimes.com/image-creator/?id=1.4204554&origw=1440", "publishedAt": "2020-03-16T20:18:14Z", "content": "Its a health story. Its a business story. Its an economic story. Its a travel story. But at the heart of it all, the Covid-19 crisis is a human story. \r\nIt would be hard to find anyone in Ireland who has not been affected in some way by the coronavirus emerge\u2026 [+974 chars]"}, {"source": {"id": "the-irish-times", "name": "The Irish Times"}, "author": "Suzanne Lynch", "title": "Trump announces Covid-19 measures as individual states take lead", "description": "US health guidelines to be reassessed after 15 days but exclude quarantine and curfews", "url": "https://www.irishtimes.com/news/world/us/trump-announces-covid-19-measures-as-individual-states-take-lead-1.4204588", "urlToImage": "https://www.irishtimes.com/image-creator/?id=1.4204586&origw=1440", "publishedAt": "2020-03-16T21:28:43Z", "content": "US president Donald Trump unveiled a series of new guidelines to combat the threat of coronavirus, but stopped short of announcing a national curfew or quarantine.\r\nAs individual states across America began implementing sweeping measures to protect the public\u2026 [+3424 chars]"}, {"source": {"id": "the-irish-times", "name": "The Irish Times"}, "author": "Denis Staunton", "title": "\u2018Herd immunity\u2019 policy ditched as UK adapts Covid-19 response", "description": "Measures aim to stall rocketing infection rate but reluctance to close schools persists", "url": "https://www.irishtimes.com/news/world/uk/herd-immunity-policy-ditched-as-uk-adapts-covid-19-response-1.4204562", "urlToImage": "https://www.irishtimes.com/image-creator/?id=1.4204560&origw=1440", "publishedAt": "2020-03-16T21:00:00Z", "content": "The stringent new measures Boris Johnson announced on Monday represent a major shift in his governments approach to the coronavirus, bringing it into closer alignment with other European countries. Until now, Britain hoped to flatten the curve of the viruss s\u2026 [+2408 chars]"}, {"source": {"id": "the-irish-times", "name": "The Irish Times"}, "author": "Simon Carswell, Naomi O\u2019Leary, Conor Pope, Martin Wall", "title": "Coronavirus: HSE ramps up testing as Covid-19 shuts down Europe", "description": "Testing for coronavirus will intensify in Ireland from Monday as the number of cases in the State rose to 169 at the weekend and to 214 across the island. The Government called for the closure of the country\u2019s 7,000 pubs from last night until at least March 2\u2026", "url": "https://www.irishtimes.com/news/health/coronavirus-hse-ramps-up-testing-as-covid-19-shutdown-intensifies-across-europe-1.4203961", "urlToImage": "https://www.irishtimes.com/image-creator/?id=1.4203960&origw=1440", "publishedAt": "2020-03-16T06:38:08Z", "content": "Testing for coronavirus will intensify in Ireland from Monday as the number of cases in the State rose to 169 at the weekend and to 214 across the island. \r\nThe Government called for the closure of the countrys 7,000 pubs from last night until at least March \u2026 [+4310 chars]"}]}