{"status": "ok", "totalResults": 22, "articles": [{"source": {"id": "the-irish-times", "name": "The Irish Times"}, "author": "Colm Keena", "title": "Courts to pilot hearing cases remotely during Covid-19 pandemic", "description": "Journalists could watch proceedings in otherwise empty courtrooms under new system", "url": "https://www.irishtimes.com/news/crime-and-law/courts-to-pilot-hearing-cases-remotely-during-covid-19-pandemic-1.4217061", "urlToImage": "https://www.irishtimes.com/image-creator/?id=1.4217057&origw=1440", "publishedAt": "2020-03-31T16:04:17Z", "content": "Court cases are going to be heard remotely using video links as part the legal systems response to the coronavirus crisis.\r\nPilot use of the system is to begin in the third week of April as part of a plan to ensure that the justice system continues to work de\u2026 [+2501 chars]"}, {"source": {"id": "the-irish-times", "name": "The Irish Times"}, "author": "Claire O'Connell", "title": "Coronavirus: \u2018Everyone wants to help\u2019 \u2013 Irish researchers respond to Covid-19 crisis", "description": "Efforts include setting up a tracing call centre, donating equipment and linking scientists to areas of need", "url": "https://www.irishtimes.com/news/science/coronavirus-everyone-wants-to-help-irish-researchers-respond-to-covid-19-crisis-1.4216832", "urlToImage": "https://www.irishtimes.com/image-creator/?id=1.4216831&origw=899", "publishedAt": "2020-03-31T11:54:59Z", "content": "Researchers in Ireland are donating time, expertise and equipment to the frontline efforts in the Covid-19 pandemic.\r\nEveryone wants to help is the common refrain in the research community, and one that is prompting creativity and innovative thinking from sci\u2026 [+4446 chars]"}, {"source": {"id": "the-irish-times", "name": "The Irish Times"}, "author": "Gerry Moriarty", "title": "North gets additional \u00a3912m from British government to tackle Covid-19", "description": "Sinn F\u00e9in Minister Conor Murphy\u2019s budget sees 8 per cent increase in day to day spending in Northern Ireland", "url": "https://www.irishtimes.com/news/ireland/irish-news/north-gets-additional-912m-from-british-government-to-tackle-covid-19-1.4216979", "urlToImage": "https://www.irishtimes.com/polopoly_fs/1.4216978.1585666594!/image/image.jpg", "publishedAt": "2020-03-31T14:56:37Z", "content": "The Northern Executive has received \u00a3912 million in special funding from the British government to address the Covid-19 crisis, the Norths Minister for Finance Conor Murphy disclosed in the Assembly on Tuesday when publishing his budget for the coming year.\r\n\u2026 [+4201 chars]"}, {"source": {"id": "the-irish-times", "name": "The Irish Times"}, "author": "Conor Pope", "title": "Banks warn of increase in online scams targeting Covid-19 concerns", "description": "Criminals seeking to exploit the situation by tailoring scams to the unfolding crisis", "url": "https://www.irishtimes.com/news/ireland/irish-news/banks-warn-of-increase-in-online-scams-targeting-covid-19-concerns-1.4216926", "urlToImage": "https://www.irishtimes.com/image-creator/?id=1.4216925&origw=1440", "publishedAt": "2020-03-31T14:09:17Z", "content": "Criminals are increasingly targeting scared and vulnerable people online as the coronavirus crisis deepens, with banks and other groups warning that fraud will worsen in the weeks ahead. \r\nWith hundreds of thousands of people now working from home or out of w\u2026 [+3817 chars]"}, {"source": {"id": "the-irish-times", "name": "The Irish Times"}, "author": "Kevin O'Sullivan", "title": "Covid-19: Critically ill Irish patients to take part in global clinical trial", "description": "International trial aims to ensure findings on possible treatments are shared quickly", "url": "https://www.irishtimes.com/news/health/covid-19-critically-ill-irish-patients-to-take-part-in-global-clinical-trial-1.4217263", "urlToImage": "https://www.irishtimes.com/polopoly_fs/1.4217257.1585695516!/image/image.jpg", "publishedAt": "2020-04-01T00:00:00Z", "content": "Critically ill Irish patients with Covid-19 in intensive care units (ICU) are to take part in a global clinical trial evaluating potential treatments for the virus.\r\nThe trial will start enrolling patients in coming days. It is the first international, multi-\u2026 [+2409 chars]"}, {"source": {"id": "the-irish-times", "name": "The Irish Times"}, "author": "Ronald Quinlan", "title": "Covid-19 to see Dublin hotel development decline by 32%", "description": "Savills estimates delivery of new rooms to the end of 2022 will drop from 5,926 to 4,057", "url": "https://www.irishtimes.com/business/commercial-property/covid-19-to-see-dublin-hotel-development-decline-by-32-1.4216985", "urlToImage": "https://www.irishtimes.com/polopoly_fs/1.2302052.1438259328!/image/image.png", "publishedAt": "2020-03-31T15:00:00Z", "content": "Commercial real estate adviser Savills Ireland has estimated that Dublins hotel development pipeline will decline by up to 32 per cent as a direct result of the Covid-19 pandemic.\r\nWhile the boom in visitor numbers to the capital over the past decade has seen\u2026 [+2270 chars]"}, {"source": {"id": "the-irish-times", "name": "The Irish Times"}, "author": "Barry O'Halloran", "title": "Covid-19: Builders cease work on big developments", "description": "Move from construction companies comes after ramped up coronavirus restrictions", "url": "https://www.irishtimes.com/business/construction/covid-19-builders-cease-work-on-big-developments-1.4217267", "urlToImage": "https://www.irishtimes.com/image-creator/?id=1.4217266&origw=1440", "publishedAt": "2020-03-31T19:39:56Z", "content": "Builders have halted work on major road and other projects after the Government stepped up Covid-19 restrictions at the weekend.\r\nTaoiseach Leo Varadkar added construction to the list of industries that had to stop or limit activities when he announced extra \u2026 [+2439 chars]"}, {"source": {"id": "the-irish-times", "name": "The Irish Times"}, "author": "Mark Paul", "title": "Ireland \u2018resilient\u2019 enough to cope with cost of Covid-19, says Moody\u2019s", "description": "Ratings agency predicts State\u2019s borrowing capacity should hold up if crisis is short-lived", "url": "https://www.irishtimes.com/business/economy/ireland-resilient-enough-to-cope-with-cost-of-covid-19-says-moody-s-1.4217176", "urlToImage": "https://www.irishtimes.com/image-creator/?id=1.4217175&origw=1440", "publishedAt": "2020-03-31T18:02:45Z", "content": "The Republics credit profile is resilient enough to withstand the cost of Covid-19, according to global ratings agency Moodys as it predicted the economy could contract this year by as little as 1.6 per cent.\r\nThe agency, which had previously predicted econom\u2026 [+2322 chars]"}, {"source": {"id": "the-irish-times", "name": "The Irish Times"}, "author": null, "title": "How to budget your way through financial realities of Covid-19", "description": "If you have a rainy-day fund start eating into it now. That\u2019s what it\u2019s for. Stop paying in and start taking money out", "url": "https://www.irishtimes.com/business/personal-finance/how-to-budget-your-way-through-financial-realities-of-covid-19-1.4216004", "urlToImage": "https://www.irishtimes.com/polopoly_fs/1.4215996.1585584156!/image/image.jpg", "publishedAt": "2020-03-31T04:17:31Z", "content": "We didnt think wed be back here again so soon. Ten years on from the last financial crisis, recession looms once more. But theres a difference this time round: weve navigated these waters before. Our muscle memory is strong, and there are things you can do ri\u2026 [+307 chars]"}, {"source": {"id": "the-irish-times", "name": "The Irish Times"}, "author": "Charlie Taylor", "title": "EML secures \u20ac105m discount on deal for Irish fintech on back of Covid-19 crisis", "description": "Australian group renegotiates deal to acquire Prepaid Financial Services founded my Meath couple", "url": "https://www.irishtimes.com/business/financial-services/eml-secures-105m-discount-on-deal-for-irish-fintech-on-back-of-covid-19-crisis-1.4216770", "urlToImage": "https://www.irishtimes.com/polopoly_fs/1.4216769.1585648799!/image/image.jpg", "publishedAt": "2020-03-31T10:10:59Z", "content": "EML Payments, which announced a deal to acquire Irish fintech Prepaid Financial Services (PFS) late last year in a multimillion euro deal, has secured a 105 million discount on the purchase.\r\nThe Australian company cited economic realities brought about by th\u2026 [+2034 chars]"}, {"source": {"id": "the-irish-times", "name": "The Irish Times"}, "author": "Mark Paul", "title": "Moody\u2019s: State is \u2018resilient\u2019 enough to cope with the cost of Covid-19", "description": "Ratings agency predicts the State\u2019s borrowing capacity should hold up as long as the crisis is relatively short-lived", "url": "https://www.irishtimes.com/business/economy/moody-s-state-is-resilient-enough-to-cope-with-the-cost-of-covid-19-1.4217176", "urlToImage": "https://www.irishtimes.com/image-creator/?id=1.4217175&origw=1440", "publishedAt": "2020-03-31T18:02:45Z", "content": "The global ratings agency, Moodys, says the Republics credit profile is resilient enough to withstand the cost of Covid-19, as it predicted the economy could contract this year by as little as 1.6 per cent.\r\nThe agency, which had previously predicted growth i\u2026 [+2298 chars]"}, {"source": {"id": "the-irish-times", "name": "The Irish Times"}, "author": "Mark Paul", "title": "Ireland \u2018resilient\u2019 enough to cope with cost of Covid-19, Moody\u2019s says", "description": "Ratings agency predicts State\u2019s borrowing capacity should hold up if crisis is short-lived", "url": "https://www.irishtimes.com/business/economy/ireland-resilient-enough-to-cope-with-cost-of-covid-19-moody-s-says-1.4217176", "urlToImage": "https://www.irishtimes.com/image-creator/?id=1.4217175&origw=1440", "publishedAt": "2020-03-31T18:02:45Z", "content": "Global ratings agency Moodys says the Republics credit profile is resilient enough to withstand the cost of Covid-19, as it predicted the economy could contract this year by as little as 1.6 per cent.\r\nThe agency, which had previously predicted growth in the \u2026 [+2329 chars]"}, {"source": {"id": "the-irish-times", "name": "The Irish Times"}, "author": null, "title": "Cut your budget to fit the financial realities of Covid-19", "description": "If you have a rainy-day fund then start eating into it now because that\u2019s what it\u2019s for. Stop paying in, and start taking money out", "url": "https://www.irishtimes.com/business/personal-finance/cut-your-budget-to-fit-the-financial-realities-of-covid-19-1.4216004", "urlToImage": "https://www.irishtimes.com/polopoly_fs/1.4215996.1585584156!/image/image.jpg", "publishedAt": "2020-03-31T04:17:31Z", "content": "We didnt think wed be back here again so soon. Ten years on from the last financial crisis, recession looms once more. But theres a difference this time round: weve navigated these waters before. Our muscle memory is strong, and there are things you can do ri\u2026 [+307 chars]"}, {"source": {"id": "the-irish-times", "name": "The Irish Times"}, "author": "Gabriel Scally", "title": "Gabriel Scally: North and Republic must harmonise Covid-19 response", "description": "Two approaches to coronavirus testing and contact tracing are dangerously incompatible", "url": "https://www.irishtimes.com/opinion/gabriel-scally-north-and-republic-must-harmonise-covid-19-response-1.4216073", "urlToImage": "https://www.irishtimes.com/image-creator/?id=1.4216072&origw=1440", "publishedAt": "2020-03-31T00:00:03Z", "content": "Historically, islands have advantages when dealing with epidemics. For example avoiding importation of new cases by controlling movement to and from the island is comparatively simple. However, in this coronavirus pandemic, Irelands geographical advantage is \u2026 [+5487 chars]"}, {"source": {"id": "the-irish-times", "name": "The Irish Times"}, "author": "Eimear Nolan", "title": "We must not let fear of Covid-19 turn us against our Asian community", "description": "As far back as December, ethnic Asians in Ireland have reported discrimination fuelled by the Coronavirus.", "url": "https://www.irishtimes.com/opinion/we-must-not-let-fear-of-covid-19-turn-us-against-our-asian-community-1.4216977", "urlToImage": "https://www.irishtimes.com/image-creator/?id=1.4216976&origw=1440", "publishedAt": "2020-03-31T14:54:43Z", "content": "The spread of Covid-19 brings with it many challenges; how to protect society, the economy and the nation being at the forefront of our minds. It is true to say that Covid-19 has had an unprecedented impact on all of us, and it is likely to continue for some \u2026 [+3428 chars]"}, {"source": {"id": "the-irish-times", "name": "The Irish Times"}, "author": "The Irish Times", "title": "Presentation of Covid-19 data", "description": "A chara, \u2013 Coronavirus data in your newspaper\u2019s tables and charts divides the population from five to 65 years of age into 10-year age gaps. All those over 65, a potential 40 years, or two generations, are grouped together as a single cohort. A more informati\u2026", "url": "https://www.irishtimes.com/opinion/letters/presentation-of-covid-19-data-1.4217105", "urlToImage": "https://www.irishtimes.com/polopoly_fs/1.3619339.1536160376!/image/image.jpg", "publishedAt": "2020-03-31T23:02:00Z", "content": "A chara, Coronavirus data in your newspapers tables and charts divides the population from five to 65 years of age into 10-year age gaps. All those over 65, a potential 40 years, or two generations, are grouped together as a single cohort. A more informative \u2026 [+163 chars]"}, {"source": {"id": "the-irish-times", "name": "The Irish Times"}, "author": "Gerry Thornley", "title": "Shaft of light amid Covid-19 gloom as Ringrose signs Leinster deal", "description": "Silky centre to stay with Leinster until end of 2021-22 season at least", "url": "https://www.irishtimes.com/sport/rugby/shaft-of-light-amid-covid-19-gloom-as-ringrose-signs-leinster-deal-1.4217151", "urlToImage": "https://www.irishtimes.com/image-creator/?id=1.4217149&origw=1440", "publishedAt": "2020-03-31T23:00:00Z", "content": "A shaft of light amid the glooming. Garry Ringrose is believed to have signed a two-year contract to continue playing with Leinster and Ireland until at least the end of the 2021-22 season.\r\nSomewhat surprisingly, it will be the 25-year-olds first central con\u2026 [+4358 chars]"}, {"source": {"id": "the-irish-times", "name": "The Irish Times"}, "author": "Ewan Murray", "title": "Impact of Covid-19 fails to derail pragmatic Stenson", "description": "As Henrik Stenson spent Thursday evening on the Sawgrass range, the frustrations of a 74 to begin the Players Championship dominating his thoughts, he knew nothing of impending shutdown. The PGA Tour\u2019s flagship event lasted 18 holes on March 12th, with corona\u2026", "url": "https://www.irishtimes.com/sport/golf/impact-of-covid-19-fails-to-derail-pragmatic-stenson-1.4217153", "urlToImage": "https://www.irishtimes.com/image-creator/?id=1.4217152&origw=1440", "publishedAt": "2020-03-31T17:33:21Z", "content": "As Henrik Stenson spent Thursday evening on the Sawgrass range, the frustrations of a 74 to begin the Players Championship dominating his thoughts, he knew nothing of impending shutdown. The PGA Tours flagship event lasted 18 holes on March 12th, with coronav\u2026 [+4981 chars]"}, {"source": {"id": "the-irish-times", "name": "The Irish Times"}, "author": "Jennifer Bray, Fiach Kelly", "title": "Ireland \u2018squanders\u2019 geographical advantage with different Covid-19 stances North and South - Scally", "description": "Extra coronavirus checks on citizens returning to Ireland mooted but confirmation that Ireland will not close its borders", "url": "https://www.irishtimes.com/news/health/ireland-squanders-geographical-advantage-with-different-covid-19-stances-north-and-south-scally-1.4216251", "urlToImage": "https://www.irishtimes.com/image-creator/?id=1.4216249&origw=1440", "publishedAt": "2020-03-31T01:50:00Z", "content": "Extra checks on citizens returning to Ireland from abroad are under consideration by senior officials in the Department of Health to deal with the coronavirus crisis.\r\nTaoiseach Leo Varadkar said that while Ireland would not be closing its borders, the Nation\u2026 [+2658 chars]"}, {"source": {"id": "the-irish-times", "name": "The Irish Times"}, "author": "The Irish Times", "title": "Covid lockdown: Friends turn into Jack Sparrow, Mary Poppins, Edward Scissorhands and more", "description": "#CovidCloset features the friends dressed as Elton John, Mr Bean and Cruella de Vil", "url": "https://www.irishtimes.com/culture/film/covid-lockdown-friends-turn-into-jack-sparrow-mary-poppins-edward-scissorhands-and-more-1.4216041", "urlToImage": "https://www.irishtimes.com/image-creator/?id=1.4216040&origw=699", "publishedAt": "2020-03-31T05:00:53Z", "content": "Staying at home pretty much 23 hours a day has become the\u00a0new normal for most of us this week, during the coronavirus pandemic, but it doesnt mean life has to be boring. Among the people who are finding innovative ways to stay entertained are two friends who \u2026 [+642 chars]"}, {"source": {"id": "the-irish-times", "name": "The Irish Times"}, "author": "Kathy Sheridan", "title": "Kathy Sheridan: I should be enjoying the Covid-19 lockdown but I cannot", "description": "Way back in the pre-Covid-19 era, a cabinet-level politician en route to a television showdown confided that he occasionally fantasised about incurring an injury that would \u201cforce\u201d him to rest at home for a couple of months. The injury had to be carefully cal\u2026", "url": "https://www.irishtimes.com/opinion/kathy-sheridan-i-should-be-enjoying-the-covid-19-lockdown-but-i-cannot-1.4216996", "urlToImage": "https://www.irishtimes.com/image-creator/?id=1.4216987&origw=1440", "publishedAt": "2020-04-01T00:00:00Z", "content": "Way back in the pre-Covid-19 era, a cabinet-level politician en route to a television showdown confided that he occasionally fantasised about incurring an injury that would force him to rest at home for a couple of months. The injury had to be carefully calib\u2026 [+4891 chars]"}, {"source": {"id": "the-irish-times", "name": "The Irish Times"}, "author": "Daniel McLaughlin", "title": "Belarusian leader prescribes sport, sauna and vodka to beat Covid-19", "description": "Journalist arrested after criticising Lukashenko\u2019s views on coronavirus \u2018psychosis\u2019", "url": "https://www.irishtimes.com/news/world/europe/belarusian-leader-prescribes-sport-sauna-and-vodka-to-beat-covid-19-1.4217093", "urlToImage": "https://www.irishtimes.com/image-creator/?id=1.4217092&origw=960", "publishedAt": "2020-03-31T16:32:23Z", "content": "As most of the world turns to social distancing, face masks and hand sanitiser to slow the spread of coronavirus, Belarusians are being told that farming, sport, the sauna and a few shots of vodka are better ways to ward off the disease.\r\nAlexander Lukashenko\u2026 [+2531 chars]"}]}