{"status": "ok", "totalResults": 8, "articles": [{"source": {"id": "the-irish-times", "name": "The Irish Times"}, "author": "Jack Horgan-Jones, Paul Cullen", "title": "Minister warned of consequences of mixing Covid-19 and CF patients", "description": "Mixing CF and Covid-19 patients \u2018potentially disastrous\u2019, Cystic Fibrosis Ireland says", "url": "https://www.irishtimes.com/news/health/minister-warned-of-consequences-of-mixing-covid-19-and-cf-patients-1.4200288", "urlToImage": "https://www.irishtimes.com/image-creator/?id=1.4200286&origw=1199", "publishedAt": "2020-03-12T02:30:00Z", "content": "Minister for Health Simon Harris has been warned of the potentially disastrous consequences of mixing Covid-19 and cystic fibrosis (CF) patients as pressures on the health service intensify.\r\nIn a letter sent on Wednesday to Mr Harris, Cystic Fibrosis Ireland\u2026 [+4296 chars]"}, {"source": {"id": "the-irish-times", "name": "The Irish Times"}, "author": "Paul Cullen", "title": "Public told to limit social contacts following first Covid-19 death", "description": "Large number of public servants to be redeployed as WHO labels coronavirus a pandemic", "url": "https://www.irishtimes.com/news/health/public-told-to-limit-social-contacts-following-first-covid-19-death-1.4200305", "urlToImage": "https://www.irishtimes.com/image-creator/?id=1.4200323&origw=1200", "publishedAt": "2020-03-12T04:00:00Z", "content": "The public has been told to limit its social interactions and stop shaking hands with others as part of enhanced containment measures following the first death of a coronavirus patient in Ireland. \r\nThe elderly woman had an underlying condition which was term\u2026 [+3348 chars]"}, {"source": {"id": "the-irish-times", "name": "The Irish Times"}, "author": "Shane Stokes", "title": "Professional cycling registers first Covid-19 case", "description": "Colombian sprinter Fernando Gaviria of UAE Team Emirates tests positive for virus", "url": "https://www.irishtimes.com/sport/other-sports/professional-cycling-registers-first-covid-19-case-1.4201506", "urlToImage": "https://www.irishtimes.com/image-creator/?id=1.4201505&origw=1440", "publishedAt": "2020-03-12T19:01:40Z", "content": "International pro-cycling has its first big case of Covid-19, with the Colombian sprinter Fernando Gaviria confirming that he tested positive for the virus. Gaviria competed in the UAE Tour at the end of February, taking second on stage four, but the race was\u2026 [+2799 chars]"}, {"source": {"id": "the-irish-times", "name": "The Irish Times"}, "author": "Conor Lally", "title": "Government and Garda can use extreme powers to tackle Covid-19", "description": "The most stringent provisions to deal with infectious diseases set out in the Health Act 1947 now apply to coronavirus", "url": "https://www.irishtimes.com/news/health/government-and-garda-can-use-extreme-powers-to-tackle-covid-19-1.4200108", "urlToImage": "https://www.irishtimes.com/polopoly_fs/1.4200098.1583951881!/image/image.jpg", "publishedAt": "2020-03-12T03:30:00Z", "content": "People who ignore advice about the spread of Covid-19 and who do not act in the best interests of public health can face criminal prosecution resulting in fines and imprisonment of up to six months.\r\nFurthermore, public health staff were three weeks ago given\u2026 [+8340 chars]"}, {"source": {"id": "the-irish-times", "name": "The Irish Times"}, "author": "The Irish Times", "title": "Coronavirus: Trudeau self-isolates as Trump shrugs off possible Covid-19 exposure", "description": "Senior China medical adviser says pandemic could be over by June if states take action", "url": "https://www.irishtimes.com/news/world/coronavirus-trudeau-self-isolates-as-trump-shrugs-off-covid-19-exposure-1.4201045", "urlToImage": "https://www.irishtimes.com/image-creator/?id=1.4201044&origw=1440", "publishedAt": "2020-03-12T12:16:36Z", "content": "Canadian prime minister Justin Trudeau is quarantining himself at home after his wife exhibited flu-like symptoms amid the coronavirus outbreak. \r\nSophie Gr\u00e9goire Trudeau returned from a speaking engagement in Britain and had mild flu-like symptoms, including\u2026 [+5693 chars]"}, {"source": {"id": "the-irish-times", "name": "The Irish Times"}, "author": null, "title": "Coronavirus: Italy records over 1,000 deaths from Covid-19", "description": "Justin Trudeau self-isolates while Donald Trump shrugs off exposure to virus", "url": "https://www.irishtimes.com/news/world/coronavirus-italy-records-over-1-000-deaths-from-covid-19-1.4201045", "urlToImage": "https://www.irishtimes.com/image-creator/?id=1.4201044&origw=1440", "publishedAt": "2020-03-12T12:16:36Z", "content": "Italy, the centre of Europes coronavirus pandemic, has hit the milestone of 1,000 deaths since it saw its first cases of the Covid-19 virus in mid-February. \r\nOn Thursday, the country registered 15,113 confirmed cases and the death toll hit 1,016. More than h\u2026 [+133 chars]"}, {"source": {"id": "the-irish-times", "name": "The Irish Times"}, "author": "Fiach Kelly", "title": "Fianna F\u00e1il rejects Green Party idea of national government to tackle Covid-19", "description": "The Green Party\u2019s proposal to form a national government to deal with coronavirus has been rejected by Fianna F\u00e1il as a way of \u201cmaking government less effective, not more\u201d. The suggestion was also given a cool reception by Fine Gael and Sinn F\u00e9in, whose leade\u2026", "url": "https://www.irishtimes.com/news/politics/fianna-f%C3%A1il-rejects-green-party-idea-of-national-government-to-tackle-covid-19-1.4200251", "urlToImage": "https://www.irishtimes.com/image-creator/?id=1.4200247&origw=1440", "publishedAt": "2020-03-12T00:30:00Z", "content": "The Green Partys proposal to form a national government to deal with coronavirus has been rejected by Fianna F\u00e1il as a way of making government less effective, not more.\r\nThe suggestion was also given a cool reception by Fine Gael and Sinn F\u00e9in, whose leader \u2026 [+2097 chars]"}, {"source": {"id": "the-irish-times", "name": "The Irish Times"}, "author": "Naomi O\u2019Leary", "title": "Other countries may see Covid-19 outbreaks like Italy\u2019s, EU body warns", "description": "Shutdowns to fight pandemic as disease control centre warns outbreaks may worsen", "url": "https://www.irishtimes.com/news/world/europe/other-countries-may-see-covid-19-outbreaks-like-italy-s-eu-body-warns-1.4201561", "urlToImage": "https://www.irishtimes.com/image-creator/?id=1.4201549&origw=1440", "publishedAt": "2020-03-12T20:23:46Z", "content": "The high death tolls and mass coronavirus outbreaks seen in China and Italy are likely to soon occur in other countries around Europe, the European Unions disease prevention agency warned on Thursday.\r\nThe European Centre for Disease Prevention and Control (E\u2026 [+3091 chars]"}]}