{"status": "ok", "totalResults": 10, "articles": [{"source": {"id": "the-irish-times", "name": "The Irish Times"}, "author": "Mark Hilliard", "title": "Hospital trolley numbers fall steeply amid Covid-19 preparations", "description": "Drop may reflect GPs\u2019 reluctance to refer patients amid coronavirus outbreak", "url": "https://www.irishtimes.com/news/health/hospital-trolley-numbers-fall-steeply-amid-covid-19-preparations-1.4198663", "urlToImage": "https://www.irishtimes.com/image-creator/?id=1.4198662&origw=880", "publishedAt": "2020-03-10T12:15:22Z", "content": "A dramatic reduction in the number of patients on trolleys shows public hospitals are now refocusing on preparations for Covid-19, the Irish Nurses and Midwives Organisation (INMO) has said. \r\nIts latest daily update on the number of people awaiting hospital \u2026 [+3322 chars]"}, {"source": {"id": "the-irish-times", "name": "The Irish Times"}, "author": "Vivienne Clarke, Barry Roche, Paul Cullen", "title": "Coronavirus: Ireland records first death in patient with Covid-19", "description": "Person died earlier on Wednesday in east of country where they were being treated", "url": "https://www.irishtimes.com/news/health/coronavirus-ireland-records-first-death-in-patient-with-covid-19-1.4199223", "urlToImage": "https://www.irishtimes.com/image-creator/?id=1.4199218&origw=1440", "publishedAt": "2020-03-10T22:14:45Z", "content": "Ireland has recorded its first death from coronavirus.\r\nThe patient died earlier on Wednesday in a hospital in the east of the country, where they were been treated in recent days.\r\nIt is understood the patient initally presented with respiratory symptoms and\u2026 [+6435 chars]"}, {"source": {"id": "the-irish-times", "name": "The Irish Times"}, "author": "Jack Horgan-Jones, Peter Hamilton", "title": "Coronavirus: how do I get tested to see if I have Covid-19?", "description": "Everything you need to know about getting checked for the condition", "url": "https://www.irishtimes.com/news/health/coronavirus-how-do-i-get-tested-to-see-if-i-have-covid-19-1.4198487", "urlToImage": "https://www.irishtimes.com/image-creator/?id=1.4198486&origw=1440", "publishedAt": "2020-03-10T08:09:21Z", "content": "Hundreds of people have been tested for coronavirus across the State so far. But what do you need to know about testing?\r\nAccording to the Health Service Executive (HSE), it tests people who have either been in close contact with a confirmed case of coronavir\u2026 [+2499 chars]"}, {"source": {"id": "the-irish-times", "name": "The Irish Times"}, "author": "Jack Horgan-Jones, Peter Hamilton", "title": "Coronavirus: all you need to know about testing for Covid-19", "description": "HSE tests people who have been in close contact with a confirmed case, or who have been to a place where the   virus has spread in the last 14 days, and who are also exhibiting symptoms", "url": "https://www.irishtimes.com/news/health/coronavirus-all-you-need-to-know-about-testing-for-covid-19-1.4198487", "urlToImage": "https://www.irishtimes.com/image-creator/?id=1.4198486&origw=1440", "publishedAt": "2020-03-10T08:09:21Z", "content": "Hundreds of people have been tested for coronavirus across the State so far. But what do you need to know about testing?\r\nAccording to the Health Service Executive (HSE), it tests people who have either been in close contact with a confirmed case of coronavir\u2026 [+2499 chars]"}, {"source": {"id": "the-irish-times", "name": "The Irish Times"}, "author": "Proinsias O'Mahony", "title": "Investor psychology tips for surviving Covid-19", "description": "Personal classification of risk and danger are key determinants of market behaviours", "url": "https://www.irishtimes.com/business/personal-finance/investor-psychology-tips-for-surviving-covid-19-1.4192802", "urlToImage": "https://www.irishtimes.com/image-creator/?id=1.4192793&origw=1440", "publishedAt": "2020-03-10T05:15:00Z", "content": "Investor nerves have been jangling since Covid-19 infected the stock market. Some strategists say a vicious bear market is ahead, while others argue that investors have overreacted, divergent opinions mirrored in the confused market reaction after suffering t\u2026 [+6963 chars]"}, {"source": {"id": "the-irish-times", "name": "The Irish Times"}, "author": "Colin Gleeson", "title": "Struggling airlines slash capacity as Covid-19 hammers demand", "description": "European Commission is to bring in a law to ease its \u2018use it or lose it\u2019 rule for airport slots", "url": "https://www.irishtimes.com/business/transport-and-tourism/struggling-airlines-slash-capacity-as-covid-19-hammers-demand-1.4198896", "urlToImage": "https://www.irishtimes.com/image-creator/?id=1.4198895&origw=1440", "publishedAt": "2020-03-10T16:28:01Z", "content": "Airlines around the world sank deeper into crisis on Tuesday as the worsening coronavirus epidemic and Italys lockdown hammered passenger numbers, forced the cancellation of thousands of flights and led to the delaying of plane orders.\r\nThe European Commissio\u2026 [+3373 chars]"}, {"source": {"id": "the-irish-times", "name": "The Irish Times"}, "author": "The Irish Times", "title": "Viral economics: How Covid-19 might play out in Ireland", "description": "Cantillon: Impact on State a function of IT and pharma \u2013 two key economic elements", "url": "https://www.irishtimes.com/business/economy/viral-economics-how-covid-19-might-play-out-in-ireland-1.4197892", "urlToImage": "https://www.irishtimes.com/image-creator/?id=1.4197890&origw=1440", "publishedAt": "2020-03-10T02:45:00Z", "content": "One way of assessing the likely impact of the coronavirus here is to look at the dominant industries and consider whether they amplify or absorb the incoming shock. On an export basis, the twin pillars of the Irish economy are pharma and IT, both of which are\u2026 [+1731 chars]"}, {"source": {"id": "the-irish-times", "name": "The Irish Times"}, "author": "Se\u00e1n Moran", "title": "Se\u00e1n Moran: No easy way out for the GAA in face of the Covid-19 crisis", "description": "So much effort has gone into the architecture of the modern championships that there is no room for manoeuvre", "url": "https://www.irishtimes.com/sport/gaelic-games/se%C3%A1n-moran-no-easy-way-out-for-the-gaa-in-face-of-the-covid-19-crisis-1.4199061", "urlToImage": "https://www.irishtimes.com/image-creator/?id=1.4199058&origw=1440", "publishedAt": "2020-03-10T13:59:14Z", "content": "There is a sense of the GAA walking on eggshells as the country anxiously waits for whatever phase of the virus that shuts down everything. \r\nIt is, after all, uncomfortable to be looking at something with such serious public health implications, and worrying\u2026 [+5440 chars]"}, {"source": {"id": "the-irish-times", "name": "The Irish Times"}, "author": "Colin Gleeson", "title": "Struggling airlines slash capacity as Covid-19 hammers demand", "description": "European Commission is to bring in a law to ease its \u2018use it or lose it\u2019 rule for airport slots", "url": "https://www.irishtimes.com/business/transport-and-tourism/struggling-airlines-slash-capacity-as-covid-19-hammers-demand-1.4198896", "urlToImage": "https://www.irishtimes.com/image-creator/?id=1.4198895&origw=1440", "publishedAt": "2020-03-10T16:28:01Z", "content": "Airlines around the world sank deeper into crisis on Tuesday as the worsening coronavirus epidemic and Italys lockdown hammered passenger numbers, forced the cancellation of thousands of flights and led to the delaying of plane orders.\r\nThe European Commissio\u2026 [+3373 chars]"}, {"source": {"id": "the-irish-times", "name": "The Irish Times"}, "author": "The Irish Times", "title": "Irish Times view on government formation: Covid-19 requires real urgency", "description": "The public health emergency arising from the coronavirus epidemic has transformed the nature of the challenge facing our politicians. The time for posturing in advance of the formation of a new government is over. It is therefore welcome that Fianna F\u00e1il and \u2026", "url": "https://www.irishtimes.com/opinion/editorial/the-irish-times-view-on-government-formation-covid-19-requires-real-urgency-1.4199063", "urlToImage": "https://www.irishtimes.com/image-creator/?id=1.4199062&origw=1440", "publishedAt": "2020-03-10T21:30:00Z", "content": "The public health emergency arising from the coronavirus epidemic has transformed the nature of the challenge facing our politicians. The time for posturing in advance of the formation of a new government is over. It is therefore welcome that Fianna F\u00e1il and \u2026 [+2500 chars]"}]}