{"status": "ok", "totalResults": 7, "articles": [{"source": {"id": "the-irish-times", "name": "The Irish Times"}, "author": "Olivia Kelleher", "title": "Kissing Blarney Stone shelved amid Covid-19 fears", "description": "Famous stone attracts in the region of 460,000 visitors every year to Co Cork", "url": "https://www.irishtimes.com/news/ireland/irish-news/kissing-blarney-stone-shelved-amid-covid-19-fears-1.4202631", "urlToImage": "https://www.irishtimes.com/image-creator/?id=1.4202629&origw=1440", "publishedAt": "2020-03-13T22:09:45Z", "content": "The kissing of the Blarney Stone has been suspended for the foreseeable future amid fears about the spread of Covid-19 in Ireland.\r\nOwner of Blarney castle, Sir Charles Colthurt, said the suspension was a necessary step in the current climate.\r\nFor the first \u2026 [+1626 chars]"}, {"source": {"id": "the-irish-times", "name": "The Irish Times"}, "author": "Conor Lally", "title": "Hundreds of prisoners may be released to reduce jail risk of Covid-19", "description": "Prisoners with less than three months on their sentences would be considered for release first", "url": "https://www.irishtimes.com/news/crime-and-law/hundreds-of-prisoners-may-be-released-to-reduce-jail-risk-of-covid-19-1.4202626", "urlToImage": "https://www.irishtimes.com/image-creator/?id=1.2205315&origw=960", "publishedAt": "2020-03-13T21:37:04Z", "content": "Hundreds of prisoners may be released from jails in the Republic in a pre-emptive response by the Irish Prison Service to the coronavirus risk.\r\nSecurity sources have stressed that no decision had been made, adding the step may be taken to better position pri\u2026 [+2282 chars]"}, {"source": {"id": "the-irish-times", "name": "The Irish Times"}, "author": "The Irish Times", "title": "BT\u2019s chief executive Philip Jansen tests positive for Covid-19", "description": "Jansen (53) is the first publicly confirmed case among leaders of FTSE 100 companies", "url": "https://www.irishtimes.com/business/retail-and-services/bt-s-chief-executive-philip-jansen-tests-positive-for-covid-19-1.4202018", "urlToImage": "https://www.irishtimes.com/image-creator/?id=1.4202017&origw=1440", "publishedAt": "2020-03-13T09:24:44Z", "content": "The chief executive of BT Group has tested positive for Covid-19, becoming the first publicly confirmed case of a FTSE 100 chief executive who has coronavirus.\r\nPhilip Jansen tested positive for the virus on Thursday afternoon and is self-isolating, as advise\u2026 [+941 chars]"}, {"source": {"id": "the-irish-times", "name": "The Irish Times"}, "author": "Joe Brennan", "title": "Covid-19 wreaks havoc on markets as authorities struggle to keep up", "description": "Up to 30,000 job losses expected in Ireland\u2019s tourism sector amid fears of global recession", "url": "https://www.irishtimes.com/business/economy/covid-19-wreaks-havoc-on-markets-as-authorities-struggle-to-keep-up-1.4201492", "urlToImage": "https://www.irishtimes.com/image-creator/?id=1.4201491&origw=1440", "publishedAt": "2020-03-13T01:00:00Z", "content": "Pat McCann, whos seen his share of hard times as a hotel industry veteran of five decades, has learned all too quickly how economic contagion from Covid-19 is spreading more quickly than the virus itself.\r\nThe chief executive of Dalata Hotel Group reported on\u2026 [+10756 chars]"}, {"source": {"id": "the-irish-times", "name": "The Irish Times"}, "author": "Anne Lucey", "title": "Struggling Kerry hotels set to close over Covid-19, hotelier says", "description": "Staff cuts and fewer working hours in tourism amid cancellations and fall-off in trade", "url": "https://www.irishtimes.com/business/transport-and-tourism/struggling-kerry-hotels-set-to-close-over-covid-19-hotelier-says-1.4202471", "urlToImage": "https://www.irishtimes.com/image-creator/?id=1.4202470&origw=1440", "publishedAt": "2020-03-13T18:07:53Z", "content": "Multiple hotels are set to shut down in Kerry as they scramble to deal with floods of cancellations and sudden limits on events and gatherings, one hotelier has warned.\r\nThe new limits and the fall-off in corporate, domestic and international business will se\u2026 [+2241 chars]"}, {"source": {"id": "the-irish-times", "name": "The Irish Times"}, "author": "Finn McRedmond", "title": "Cheltenham shows Boris Johnson not at the races on Covid-19", "description": "UK prime minister\u2019s response to crisis contrasts with that of EU counterparts", "url": "https://www.irishtimes.com/opinion/cheltenham-shows-boris-johnson-not-at-the-races-on-covid-19-1.4201509", "urlToImage": "https://www.irishtimes.com/image-creator/?id=1.4201507&origw=1440", "publishedAt": "2020-03-13T01:16:42Z", "content": "As Leo Varadkar announced the shutdown of schools, colleges, childcare facilities and large public gatherings days after the cancellation of St Patricks Day parades around the country there has been something different altogether going on in the United Kingdo\u2026 [+4506 chars]"}, {"source": {"id": "the-irish-times", "name": "The Irish Times"}, "author": "The Irish Times", "title": "Covid-19 outbreak in Italy and S Korea a tale of two states", "description": "Story of two waves shows coming problem for countries grappling with spike in cases", "url": "https://www.irishtimes.com/news/world/europe/covid-19-outbreak-in-italy-and-s-korea-a-tale-of-two-states-1.4202546", "urlToImage": "https://www.irishtimes.com/image-creator/?id=1.4202545&origw=1440", "publishedAt": "2020-03-13T19:20:40Z", "content": "In Italy, millions are locked down and more than 1,000 people have died from the coronavirus. In South Korea, hit by the disease at about the same time, only a few thousand are quarantined and 67 people have died. As the virus courses through the world, the s\u2026 [+5871 chars]"}]}