{"status": "ok", "totalResults": 6, "articles": [{"source": {"id": "the-irish-times", "name": "The Irish Times"}, "author": "Gerry Moriarty, Freya McClements", "title": "NI Executive to decide on escalating Covid-19 response", "description": "Confirmation of 16 new cases in Northern Ireland over weekend triggers meeting", "url": "https://www.irishtimes.com/news/ireland/irish-news/ni-executive-to-decide-on-escalating-covid-19-response-1.4203655", "urlToImage": "https://www.irishtimes.com/image-creator/?id=1.4203654&origw=1440", "publishedAt": "2020-03-15T17:38:15Z", "content": "The Northern Executive is meeting on Monday to decide whether to escalate its response to the coronavirus emergency as 16 new cases were confirmed over the weekend, bringing the number of cases in Northern Ireland to 45.\r\nThe Norths Department of Health advis\u2026 [+2499 chars]"}, {"source": {"id": "the-irish-times", "name": "The Irish Times"}, "author": "The Irish Times", "title": "Coronavirus: Firefighter in Dublin tests positive for Covid-19", "description": "A firefighter/paramedic has been tested positive for Covid-19, Dublin Fire Brigade has said. The firefighter \u201cis under the medical care of the HSE and is doing well, we are respecting their privacy at this time and would ask that others follow likewise\u201d. It s\u2026", "url": "https://www.irishtimes.com/news/health/coronavirus-firefighter-in-dublin-tests-positive-for-covid-19-1.4203606", "urlToImage": "https://www.irishtimes.com/image-creator/?id=1.4203605&origw=723", "publishedAt": "2020-03-15T16:06:47Z", "content": "A firefighter/paramedic has been tested positive for Covid-19, Dublin Fire Brigade has said.\r\nThe firefighter is under the medical care of the HSE and is doing well, we are respecting their privacy at this time and would ask that others follow likewise.\r\nIt s\u2026 [+1080 chars]"}, {"source": {"id": "the-irish-times", "name": "The Irish Times"}, "author": "Prof Ciar\u00e1n O\u2019Boyle", "title": "Coronavirus: How to cope with Covid-19 anxiety", "description": "Anxiety is a normal human response to a threat, and it is particularly likely to occur when the threat is unpredictable and uncertain. Emotions such as anxiety are important as they orient us towards a threat and help us decide what to do next. However, the f\u2026", "url": "https://www.irishtimes.com/life-and-style/health-family/coronavirus-how-to-cope-with-covid-19-anxiety-1.4202396", "urlToImage": "https://www.irishtimes.com/image-creator/?id=1.4202385&origw=1440", "publishedAt": "2020-03-15T20:01:03Z", "content": "Anxiety is a normal human response to a threat, and it is particularly likely to occur when the threat is unpredictable and uncertain. Emotions such as anxiety are important as they orient us towards a threat and help us decide what to do next.\r\nHowever, the \u2026 [+7325 chars]"}, {"source": {"id": "the-irish-times", "name": "The Irish Times"}, "author": "Deirdre Falvey", "title": "How a Galway 2020 art show managed to survive Covid-19 restrictions", "description": "Savage Beauty in Connemara had been billed as largest such artwork in the world", "url": "https://www.irishtimes.com/culture/how-a-galway-2020-art-show-managed-to-survive-covid-19-restrictions-1.4203583", "urlToImage": "https://www.irishtimes.com/image-creator/?id=1.4203578&origw=1440", "publishedAt": "2020-03-15T15:40:00Z", "content": "If a tree falls in a forest and no one is around to hear it, does it make a sound? Or in this case: if the illumination of a whole Connemara mountain goes ahead anyway, even if audiences cannot see it because of a coronavirus pandemic, has it actually happene\u2026 [+4550 chars]"}, {"source": {"id": "the-irish-times", "name": "The Irish Times"}, "author": "Deirdre Falvey", "title": "How a Galway 2020 mountain illumination managed to survive Covid-19 restrictions", "description": "\u201cIf a tree falls in a forest and no one is around to hear it, does it make a sound?\u201d Or in this case: if the illumination of a whole Connemara mountain goes ahead anyway, even if audiences cannot see it because of a coronavirus pandemic, has it actually happe\u2026", "url": "https://www.irishtimes.com/culture/how-a-galway-2020-mountain-illumination-managed-to-survive-covid-19-restrictions-1.4203583", "urlToImage": "https://www.irishtimes.com/image-creator/?id=1.4203578&origw=1440", "publishedAt": "2020-03-15T15:40:00Z", "content": "If a tree falls in a forest and no one is around to hear it, does it make a sound? Or in this case: if the illumination of a whole Connemara mountain goes ahead anyway, even if audiences cannot see it because of a coronavirus pandemic, has it actually happene\u2026 [+4550 chars]"}, {"source": {"id": "the-irish-times", "name": "The Irish Times"}, "author": "The Irish Times", "title": "The Irish Times view on Covid-19\u2019s economic impact: Big and rapid response is vital", "description": "The extraordinary measures taken in Ireland in response to the coronavirus are entirely necessary on public health grounds \u2013 indeed more will need to be done. They will carry a significant cost to the economy and many businesses. This is unavoidable but also \u2026", "url": "https://www.irishtimes.com/opinion/editorial/the-irish-times-view-on-covid-19-s-economic-impact-big-and-rapid-response-is-vital-1.4203666", "urlToImage": "https://www.irishtimes.com/image-creator/?id=1.4203665&origw=1440", "publishedAt": "2020-03-15T18:09:21Z", "content": "The extraordinary measures taken in Ireland in response to the coronavirus are entirely necessary on public health grounds indeed more will need to be done. They will carry a significant cost to the economy and many businesses. This is unavoidable but also re\u2026 [+2483 chars]"}]}