{"status": "ok", "totalResults": 13, "articles": [{"source": {"id": "the-irish-times", "name": "The Irish Times"}, "author": "Harry McGee", "title": "Coronavirus: 58,000 applications received for Covid-19 welfare payment", "description": "Regina Doherty says Department of Social Protection has processed 43,000 of those claims", "url": "https://www.irishtimes.com/news/social-affairs/coronavirus-58-000-applications-received-for-covid-19-welfare-payment-1.4207063", "urlToImage": "https://www.irishtimes.com/image-creator/?id=1.4207061&origw=1440", "publishedAt": "2020-03-19T16:00:26Z", "content": "Minister for Social Protection Regina Doherty has said that there have been 58,000 applications so far for the Covid-19 payment introduced since the weekend for those who have been let go because of the coronavirus crisis. \r\nShe said her department has manage\u2026 [+429 chars]"}, {"source": {"id": "the-irish-times", "name": "The Irish Times"}, "author": "Jack Horgan-Jones", "title": "Coronavirus: Health experts warn against reading into data on Covid-19 patients", "description": "Figures released this week had shown concentrations of cases in people of working age", "url": "https://www.irishtimes.com/news/health/coronavirus-health-experts-warn-against-reading-into-data-on-covid-19-patients-1.4207371", "urlToImage": "https://www.irishtimes.com/image-creator/?id=1.4207368&origw=1440", "publishedAt": "2020-03-19T22:32:00Z", "content": "Public health experts have cautioned against reading too much into figures that show concentrations of cases in Ireland of Covid-19 in people of working age. \r\nData released this week by the Department of Health on the first 271 cases of the virus shows that \u2026 [+2065 chars]"}, {"source": {"id": "the-irish-times", "name": "The Irish Times"}, "author": "Joe Brennan", "title": "AIB postpones \u20ac1.3bn problem mortgages sale amid Covid-19 crisis", "description": "Distressed debt firms Lone Star and Cerberus thought to be interested in purchase", "url": "https://www.irishtimes.com/business/financial-services/aib-postpones-1-3bn-problem-mortgages-sale-amid-covid-19-crisis-1.4206809", "urlToImage": "https://www.irishtimes.com/image-creator/?id=1.4206807&origw=1440", "publishedAt": "2020-03-19T11:38:46Z", "content": "AIB, the Republics largest mortgage lender, has moved to postpone indefinitely its first sale of a deeply distressed owner-occupier loan book, which was set for final bids in middle of next month, according to sources. \r\nIt is estimated that the portfolio, du\u2026 [+1843 chars]"}, {"source": {"id": "the-irish-times", "name": "The Irish Times"}, "author": "Joe Brennan", "title": "Vulture funds\u2019 agents to follow banks\u2019 Covid-19 payment breaks", "description": "Lone Star and Oak Tree among companies joining plan", "url": "https://www.irishtimes.com/business/financial-services/vulture-funds-agents-to-follow-banks-covid-19-payment-breaks-1.4207236", "urlToImage": "https://www.irishtimes.com/image-creator/?id=1.4207235&origw=1440", "publishedAt": "2020-03-19T18:36:54Z", "content": "The States main credit servicing companies that manage tens of thousands of loans on behalf of so-called vulture funds plan to follow mainstream banks in offering loan payment breaks and a deferral of court proceedings for three months to customers hit by the\u2026 [+1826 chars]"}, {"source": {"id": "the-irish-times", "name": "The Irish Times"}, "author": "The Irish Times", "title": "Netflix to cut European traffic to preserve functioning of internet during Covid-19 crisis", "description": "Streaming service says it will reduce bit rates in Europe, after pressure from EU chief", "url": "https://www.irishtimes.com/business/media-and-marketing/netflix-to-cut-european-traffic-to-preserve-functioning-of-internet-during-covid-19-crisis-1.4207289", "urlToImage": "https://www.irishtimes.com/image-creator/?id=1.4207275&origw=1440", "publishedAt": "2020-03-19T19:23:19Z", "content": "Netflix said on Thursday it would reduce its bit rates across all its streams in Europe, in effect cutting traffic on its European networks by 25 per cent, to preserve the smooth functioning of the internet during the coronavirus crisis.\r\nThe move came after \u2026 [+1316 chars]"}, {"source": {"id": "the-irish-times", "name": "The Irish Times"}, "author": "Barry Roche", "title": "Covid-19 derails events recalling murdered lord mayor of Cork Tom\u00e1s MacCurtain", "description": "Family express disappointment at cancellations to mark the centenary of his death", "url": "https://www.irishtimes.com/culture/heritage/covid-19-derails-events-recalling-murdered-lord-mayor-of-cork-tom%C3%A1s-maccurtain-1.4207318", "urlToImage": "https://www.irishtimes.com/polopoly_fs/1.4207317.1584648698!/image/image.jpg", "publishedAt": "2020-03-19T20:12:08Z", "content": "The family of murdered lord mayor of Cork Tom\u00e1s MacCurtain have expressed disappointment at the cancellation of events to mark the centenary of his death but say it entirely understandable given the threat posed by Covid-19.\r\nMacCurtains granddaughter, Fionnu\u2026 [+2821 chars]"}, {"source": {"id": "the-irish-times", "name": "The Irish Times"}, "author": null, "title": "Bono\u2019s Covid-19 song: \u2018You can\u2019t touch but you can sing across rooftops\u2019", "description": "U2 singer releases Let Your Love Be Known on Instagram, for those \u2018in a tight spot and still singing\u2019", "url": "https://www.irishtimes.com/culture/music/bono-s-covid-19-song-you-can-t-touch-but-you-can-sing-across-rooftops-1.4207201", "urlToImage": "https://www.irishtimes.com/image-creator/?id=1.4207198&origw=1440", "publishedAt": "2020-03-19T18:10:00Z", "content": "For the Italians who inspired it for the Irish for anyone... in a tight spot and still singing. For the doctors, nurses, carers on the front line, its you were singing to.\r\nBono, inspired by Italians singing across their balconies while under quarantine durin\u2026 [+90 chars]"}, {"source": {"id": "the-irish-times", "name": "The Irish Times"}, "author": "Harry McGee", "title": "Coronavirus: 58,000 applications received for Covid-19 welfare payment", "description": "Regina Doherty says Department of Social Protection has processed 43,000 of those claims", "url": "https://www.irishtimes.com/news/social-affairs/coronavirus-minister-says-crisis-could-leave-over-400-000-people-out-of-work-1.4207063", "urlToImage": "https://www.irishtimes.com/image-creator/?id=1.4207061&origw=1440", "publishedAt": "2020-03-19T16:00:26Z", "content": "Minister for Social Protection Regina Doherty has said she accepts that more than 400,000 people could lose their jobs as a result of the coronavirus pandemic. \r\nAsked about projections from some analysts who forecast that the number of people made unemployed\u2026 [+1200 chars]"}, {"source": {"id": "the-irish-times", "name": "The Irish Times"}, "author": "Sylvia Thompson", "title": "Coronavirus: Are playdates right or wrong during Covid-19?", "description": "While most people now understand the concept of social distancing (keeping between one and two metres away from everyone else), regular hand-washing and coughing/sneezing etiquette as strategies to curtail the spread of Covid-19, it\u2019s difficult to know what t\u2026", "url": "https://www.irishtimes.com/life-and-style/health-family/parenting/coronavirus-are-playdates-right-or-wrong-during-covid-19-1.4206121", "urlToImage": "https://www.irishtimes.com/image-creator/?id=1.4206120&origw=1440", "publishedAt": "2020-03-19T06:00:22Z", "content": "While most people now understand the concept of social distancing (keeping between one and two metres away from everyone else), regular hand-washing and coughing/sneezing etiquette as strategies to curtail the spread of Covid-19, its difficult to know what to\u2026 [+2243 chars]"}, {"source": {"id": "the-irish-times", "name": "The Irish Times"}, "author": "Marie O'Halloran", "title": "Coronavirus: T\u00e1naiste issues stark warning on Covid-19 deaths as D\u00e1il debates emergency Bill", "description": "Green Party leader also says Leaving Cert oral exams should have been done by Skype", "url": "https://www.irishtimes.com/news/politics/oireachtas/coronavirus-t%C3%A1naiste-issues-stark-warning-on-covid-19-deaths-as-d%C3%A1il-debates-emergency-bill-1.4206992?localLinksEnabled=false", "urlToImage": null, "publishedAt": "2020-03-19T15:10:18Z", "content": null}, {"source": {"id": "the-irish-times", "name": "The Irish Times"}, "author": "Ronald Quinlan", "title": "Ireland\u2019s biggest landlords pledge to \u2018protect\u2019 tenants hit by Covid-19 crisis", "description": "A body representing a number of the country\u2019s biggest residential landlords including Ires Reit and Kennedy Wilson has committed to the introduction of a series of emergency measures to assist tenants having difficulty in meeting their rental payments during \u2026", "url": "https://www.irishtimes.com/life-and-style/homes-and-property/ireland-s-biggest-landlords-pledge-to-protect-tenants-hit-by-covid-19-crisis-1.4207189", "urlToImage": "https://www.irishtimes.com/image-creator/?id=1.4207183&origw=1440", "publishedAt": "2020-03-19T18:00:00Z", "content": "A body representing a number of the countrys biggest residential landlords including Ires Reit and Kennedy Wilson has committed to the introduction of a series of emergency measures to assist tenants having difficulty in meeting their rental payments during t\u2026 [+2576 chars]"}, {"source": {"id": "the-irish-times", "name": "The Irish Times"}, "author": "Marie O'Halloran", "title": "Coronavirus: T\u00e1naiste issues stark warning on Covid-19 deaths as D\u00e1il debates emergency Bill", "description": "Green Party leader also says Leaving Cert oral exams should have been done by Skype", "url": "https://www.irishtimes.com/news/politics/oireachtas/coronavirus-t%C3%A1naiste-issues-stark-warning-on-covid-19-deaths-as-d%C3%A1il-debates-emergency-bill-1.4206992", "urlToImage": "https://www.irishtimes.com/image-creator/?id=1.4206991&origw=778", "publishedAt": "2020-03-19T15:10:18Z", "content": "T\u00e1naiste Simon Coveney has said the leadership the Oireachtas gives in terms of people protecting themselves would make the difference about whether the Covid-19 virus kills hundreds of people, thousands of people or tens of thousands of people.\r\nHe was speak\u2026 [+6526 chars]"}, {"source": {"id": "the-irish-times", "name": "The Irish Times"}, "author": "Denis Staunton", "title": "Coronavirus: Britain can turn the tide on Covid-19 in 12 weeks, Johnson says", "description": "PM dismisses speculation London faces lockdown, as UK death toll from virus hits 144", "url": "https://www.irishtimes.com/news/world/uk/coronavirus-britain-can-turn-the-tide-on-covid-19-in-12-weeks-johnson-says-1.4206775", "urlToImage": "https://www.irishtimes.com/image-creator/?id=1.4206901&origw=1440", "publishedAt": "2020-03-19T10:46:43Z", "content": "Britain can turn the tide on coronavirus within 12 weeks, Boris Johnson has said, as the UKs death toll from the Covid-19 pandemic reached 144. The British prime minister said trials for a Covid-19 vaccine could begin within a month and that testing would be \u2026 [+4022 chars]"}]}