{"status": "ok", "totalResults": 24, "articles": [{"source": {"id": "the-irish-times", "name": "The Irish Times"}, "author": "Ronan McGreevy", "title": "Genetics shed light on origins of Irish strains of Covid-19", "description": "Strains identified in Dublin, Cork and Limerick linked to Birmingham, Boston and Copenhagen", "url": "https://www.irishtimes.com/news/ireland/irish-news/genetics-shed-light-on-origins-of-irish-strains-of-covid-19-1.4221383", "urlToImage": "https://www.irishtimes.com/image-creator/?id=1.4221382&origw=1440", "publishedAt": "2020-04-06T01:15:43Z", "content": "Since the Covid-19 virus strain was first identified in early 2020, scientists have been able to track its progress around the world. \r\nThe virus is very slowly evolving, but in making copies of itself in its human hosts, it can introduce occasional errors in\u2026 [+4443 chars]"}, {"source": {"id": "the-irish-times", "name": "The Irish Times"}, "author": "Kevin O'Sullivan", "title": "Coronavirus: More \u2018striking\u2019 evidence BCG vaccine might protect against Covid-19", "description": "Study shows countries with vaccination programmes have far fewer cases", "url": "https://www.irishtimes.com/news/health/coronavirus-more-striking-evidence-bcg-vaccine-might-protect-against-covid-19-1.4222110", "urlToImage": "https://www.irishtimes.com/image-creator/?id=1.4222109&origw=619", "publishedAt": "2020-04-06T14:16:49Z", "content": "More striking evidence has emerged that the BCG vaccine given to counter TB may provide protection against Covid-19 and significantly reduce death rates in countries with high levels of vaccination. \r\nA study of 178 countries by an Irish medical consultant wo\u2026 [+4013 chars]"}, {"source": {"id": "the-irish-times", "name": "The Irish Times"}, "author": "The Irish Times", "title": "Coronavirus: Assessment hubs to be set up around Ireland to deal with Covid-19 patients", "description": "Testing rates set to double to 4,500 a day, HSE says", "url": "https://www.irishtimes.com/news/ireland/irish-news/coronavirus-assessment-hubs-to-be-set-up-around-ireland-to-deal-with-covid-19-patients-1.4221923", "urlToImage": "https://www.irishtimes.com/image-creator/?id=1.4221925&origw=1440", "publishedAt": "2020-04-06T09:17:50Z", "content": "Covid-19 community assessment hubs will keep patients from overburdening the hospital system while being treated by healthcare staff, the head of the GP association has said.\r\nCommunity assessment hubs for Covid-19 will begin accepting their first patients th\u2026 [+2424 chars]"}, {"source": {"id": "the-irish-times", "name": "The Irish Times"}, "author": "Sorcha Pollak", "title": "Irish teens worry about futures, older relatives during Covid-19 pandemic", "description": "Ombudsman for children calls on young people to take part in #WhatIMiss campaign", "url": "https://www.irishtimes.com/news/social-affairs/irish-teens-worry-about-futures-older-relatives-during-covid-19-pandemic-1.4222503", "urlToImage": "https://www.irishtimes.com/image-creator/?id=1.4222502&origw=1440", "publishedAt": "2020-04-06T20:00:14Z", "content": "Irish teenagers are struggling to keep up with class work through remote learning with some unable to access a laptop or smart phone to follow lesson plans, Irelands leading youth organisation has warned.\r\nA digital survey carried out by For\u00f3ige among 16-18 y\u2026 [+3087 chars]"}, {"source": {"id": "the-irish-times", "name": "The Irish Times"}, "author": "Joe Brennan", "title": "Covid-19 adds to the challenges facing law firms", "description": "Law firms are cutting salaries and some are seeking to participate in the Government\u2019s temporary Covid-19 wage subsidiary scheme", "url": "https://www.irishtimes.com/business/retail-and-services/covid-19-adds-to-the-challenges-facing-law-firms-1.4221357", "urlToImage": "https://www.irishtimes.com/polopoly_fs/1.4221355.1586094612!/image/image.jpg", "publishedAt": "2020-04-06T02:45:00Z", "content": "Irish law firms are feeling the squeeze from Covid-19 as their levels of unbilled and unpaid work in progress has been rising in recent years, according to financial and professional services firm Smith &amp; Williamson Ireland, which conducts an annual surve\u2026 [+2006 chars]"}, {"source": {"id": "the-irish-times", "name": "The Irish Times"}, "author": "The Irish Times", "title": "JP Morgan rolls our Covid-19 relief measures, may suspend dividend", "description": "The bank said it had extended about $950m in new loans to small businesses", "url": "https://www.irishtimes.com/business/financial-services/jp-morgan-rolls-our-covid-19-relief-measures-may-suspend-dividend-1.4221998", "urlToImage": "https://www.irishtimes.com/polopoly_fs/1.4221997.1586173356!/image/image.jpg", "publishedAt": "2020-04-06T11:42:49Z", "content": "JPMorgan could consider suspending dividend for 2020 due to the ongoing coronavirus crisis, chief executive Jamie Dimon said on Monday, even as the bank rolled out relief measures for customers and small businesses.\r\nThe biggest US bank by assets could look a\u2026 [+1537 chars]"}, {"source": {"id": "the-irish-times", "name": "The Irish Times"}, "author": "Simon Carswell, Aodhan O'Faolain", "title": "Judge says fairer debt settlement system needed for Covid-19 economic crash", "description": "\u2018All too common\u2019 copying and pasting from affidavits criticised in personal insolvency cases", "url": "https://www.irishtimes.com/business/judge-says-fairer-debt-settlement-system-needed-for-covid-19-economic-crash-1.4222488", "urlToImage": "https://www.irishtimes.com/image-creator/?id=1.4222487&origw=1440", "publishedAt": "2020-04-06T19:41:56Z", "content": "A High Court judge has criticised the all too common practice of practitioners copying and pasting paragraphs from court papers in other cases without regard of the facts of individual cases.\r\nMr Justice Denis McDonald said in a judgment in one personal insol\u2026 [+2575 chars]"}, {"source": {"id": "the-irish-times", "name": "The Irish Times"}, "author": "Dominic Coyle", "title": "Major building projects could be delayed two years after Covid crisis", "description": "Housing shortage \u2018can be traced back to the failure to plan\u2019 during last crash", "url": "https://www.irishtimes.com/business/construction/major-building-projects-could-be-delayed-two-years-after-covid-crisis-1.4221408", "urlToImage": "https://www.irishtimes.com/image-creator/?id=1.4221407&origw=1440", "publishedAt": "2020-04-06T04:30:19Z", "content": "Major building projects could take up to two years to get up and running after the Covid crisis unless the Government learns lessons from the last financial crash, the Society of Chartered Surveyors Ireland (SCSI) has warned.\r\nIts inevitable coronavirus will \u2026 [+2687 chars]"}, {"source": {"id": "the-irish-times", "name": "The Irish Times"}, "author": "The Irish Times", "title": "City of London hiring grinds to a halt over Covid-19", "description": "\u2018The number of businesses we\u2019ve seen drop off in the last three to four weeks has just been astonishing\u2019", "url": "https://www.irishtimes.com/business/financial-services/city-of-london-hiring-grinds-to-a-halt-over-covid-19-1.4222025", "urlToImage": "https://www.irishtimes.com/image-creator/?id=1.4222024&origw=1440", "publishedAt": "2020-04-06T11:55:06Z", "content": "A hiring freeze has settled over the City of London as companies put expansion plans on hold or scrap them altogether while the coronavirus outbreak continues, although searches for top executive roles continue.\r\nThe number of businesses weve seen drop off in\u2026 [+3478 chars]"}, {"source": {"id": "the-irish-times", "name": "The Irish Times"}, "author": "Michael McAleer", "title": "Construction delays ahead, legal issues with pay cuts and some Covid perspective", "description": "Business Today: the best news, analysis and comment from The Irish Times business desk", "url": "https://www.irishtimes.com/business/construction/construction-delays-ahead-legal-issues-with-pay-cuts-and-some-covid-perspective-1.4221469", "urlToImage": "https://www.irishtimes.com/image-creator/?id=1.4221467&origw=1440", "publishedAt": "2020-04-06T05:30:00Z", "content": "Construction collapsed at record speed to its lowest level in 11 years as Covid-19 restrictions halted building across the Republic last month, the latest figures show. Barry OHalloran reports.\r\nThe news comes as the chartered surveyors warn that major buildi\u2026 [+1279 chars]"}, {"source": {"id": "the-irish-times", "name": "The Irish Times"}, "author": "Donald Clarke", "title": "Covid-19 has proved worse than the film-makers imagined", "description": "It\u2019s hard, in 100 minutes, to convey the slow terror of a virus that kills in low percentages", "url": "https://www.irishtimes.com/culture/film/covid-19-has-proved-worse-than-the-film-makers-imagined-1.4219443", "urlToImage": "https://www.irishtimes.com/image-creator/?id=1.4219442&origw=1440", "publishedAt": "2020-04-06T05:00:00Z", "content": "A few weeks ago (or was it decades?), when the current crisis slipped up eight jarring gears, articles such as this began telling readers that everyone was now watching Steven Soderberghs Contagion.\r\nYou read this sort of thing a lot. It sounds like it might \u2026 [+5221 chars]"}, {"source": {"id": "the-irish-times", "name": "The Irish Times"}, "author": "Andrew Hill", "title": "CEOs must turn Covid pay gestures into real executive pay reform", "description": "Bosses\u2019 bonus and long-term incentive plans remain mostly intact while staff contemplate lay-offs", "url": "https://www.irishtimes.com/business/work/ceos-must-turn-covid-pay-gestures-into-real-executive-pay-reform-1.4221910", "urlToImage": "https://www.irishtimes.com/image-creator/?id=1.4221908&origw=1440", "publishedAt": "2020-04-06T08:34:42Z", "content": "For decades, chief executives seemed to be paid according to two rules of thumb. First, they deserved to earn more than the average business leader. Second, their pay should never go down. Warren Buffett nicknamed the pay consultants who lubricated the remune\u2026 [+4560 chars]"}, {"source": {"id": "the-irish-times", "name": "The Irish Times"}, "author": "The Irish Times", "title": "Struggling to combat Covid-19", "description": "Sir, \u2013 Your front page article \u201cBCG study \u2018a potential game-changer\u201d (Kevin O\u2019Sullivan, April 4th) raised the possibility that BCG vaccination might alter the course of Covid-19 disease. According to the figures given in The Irish Times (April 6th), the death\u2026", "url": "https://www.irishtimes.com/opinion/letters/struggling-to-combat-covid-19-1.4222366", "urlToImage": "https://www.irishtimes.com/polopoly_fs/1.3619339.1536160376!/image/image.jpg", "publishedAt": "2020-04-06T23:52:00Z", "content": "Sir, Your front page article BCG study a potential game-changer (Kevin OSullivan, April 4th) raised the possibility that BCG vaccination might alter the course of Covid-19 disease.\r\nAccording to the figures given in The Irish Times (April 6th), the death rate\u2026 [+5343 chars]"}, {"source": {"id": "the-irish-times", "name": "The Irish Times"}, "author": "Emer Shelley", "title": "Why everyone over 70 should cocoon during Covid-19 crisis", "description": "Remember RT\u00c9 reporter Teresa Mannion\u2019s broadcast during Storm Desmond in 2017? She begged us all to stay at home. That would protect ourselves but it would also protect the emergency responders, who would need to come to our rescue if we were injured. In the \u2026", "url": "https://www.irishtimes.com/opinion/why-everyone-over-70-should-cocoon-during-covid-19-crisis-1.4221351", "urlToImage": "https://www.irishtimes.com/image-creator/?id=1.4221349&origw=1440", "publishedAt": "2020-04-06T00:24:11Z", "content": "Remember RT\u00c9 reporter Teresa Mannions broadcast during Storm Desmond in 2017? She begged us all to stay at home. That would protect ourselves but it would also protect the emergency responders, who would need to come to our rescue if we were injured.\r\nIn the \u2026 [+6431 chars]"}, {"source": {"id": "the-irish-times", "name": "The Irish Times"}, "author": "The Irish Times", "title": "Johnson still in charge despite hospitalisation for Covid-19 tests, UK government says", "description": "Prime minister in London NHS hospital where he was taken as \u2018precautionary step\u2019", "url": "https://www.irishtimes.com/news/world/uk/johnson-still-in-charge-despite-hospitalisation-for-covid-19-tests-uk-government-says-1.4221874", "urlToImage": "https://www.irishtimes.com/image-creator/?id=1.4221953&origw=1440", "publishedAt": "2020-04-06T05:51:40Z", "content": "British prime minister Boris Johnson was undergoing tests in hospital on Monday as he is still suffering coronavirus symptoms 10 days after testing positive, but the UK government insisted he remained in charge.\r\nMr Johnson, who had been isolating in Downing \u2026 [+3268 chars]"}, {"source": {"id": "the-irish-times", "name": "The Irish Times"}, "author": "The Irish Times", "title": "South Koreans warned not to let guard slip against Covid-19", "description": "Worldwide cases increase to more than 1.25 million with close to 70,000 deaths", "url": "https://www.irishtimes.com/news/world/south-koreans-warned-not-to-let-guard-slip-against-covid-19-1.4221893", "urlToImage": "https://www.irishtimes.com/image-creator/?id=1.4221892&origw=1440", "publishedAt": "2020-04-06T07:20:19Z", "content": "South Koreas vice health minister has urged vigilance to maintain hard-won gains against Covid-19.\r\nKim Gang-lip expressed concerns over loosened attitudes toward social distancing that he says puts the country at potential risk of an infection explosion simi\u2026 [+4399 chars]"}, {"source": {"id": "the-irish-times", "name": "The Irish Times"}, "author": "Gaye Cunnane", "title": "Covid-19 crisis: \u2018We have had to learn a new disease, new vocabulary, new skills\u2019", "description": "Dispatches from the frontlines: Gaye Cunnane is professor of Rheumatology at St James\u2019s Hospital", "url": "https://www.irishtimes.com/life-and-style/health-family/covid-19-crisis-we-have-had-to-learn-a-new-disease-new-vocabulary-new-skills-1.4220142", "urlToImage": "https://www.irishtimes.com/image-creator/?id=1.4220140&origw=697", "publishedAt": "2020-04-06T05:15:00Z", "content": "In a new online series, Dispatches from the frontlines, The Irish Times will share the stories and experiences of healthcare staff and other frontline workers during the Covid-19 crisis. If you would like to take part, click here.\r\nGaye Cunnane is professor o\u2026 [+5228 chars]"}, {"source": {"id": "the-irish-times", "name": "The Irish Times"}, "author": "The Irish Times", "title": "Share your story: Have you been bereaved during the Covid-19 crisis?", "description": "People are dying without family by their side. Funerals are restricted. We would like to hear your story", "url": "https://www.irishtimes.com/life-and-style/health-family/share-your-story-have-you-been-bereaved-during-the-covid-19-crisis-1.4217034", "urlToImage": "https://www.irishtimes.com/image-creator/?id=1.4217033&origw=1440", "publishedAt": "2020-04-06T13:47:00Z", "content": "\"The great vindictiveness of the virus is that it robs us of the rituals of grieving: no wakes, no big funeral Masses or secular celebrations, no queueing up to shake a hand and mutter Im sorry for your troubles,\" wrote Fintan O'Toole in a recent column.\u00a0\u00a0\"Ou\u2026 [+1403 chars]"}, {"source": {"id": "the-irish-times", "name": "The Irish Times"}, "author": "Gaye Cunnane", "title": "Doctors on Covid-19 frontline: \u2018What I miss most is normal human contact\u2019", "description": "Life in hospitals has altered beyond recognition, writes Gaye Cunnane, professor of rheumatology at St James\u2019s Hospital", "url": "https://www.irishtimes.com/life-and-style/health-family/doctors-on-covid-19-frontline-what-i-miss-most-is-normal-human-contact-1.4220142", "urlToImage": "https://www.irishtimes.com/image-creator/?id=1.4220140&origw=697", "publishedAt": "2020-04-06T05:15:00Z", "content": "In a new online series, Dispatches from the frontlines, The Irish Times will share the stories and experiences of healthcare staff and other frontline workers during the Covid-19 crisis. If you would like to take part, click here.\r\nGaye Cunnane is professor o\u2026 [+5228 chars]"}, {"source": {"id": "the-irish-times", "name": "The Irish Times"}, "author": "Daniel McLaughlin", "title": "Russia's government scolds regions over Covid-19 border closures", "description": "Attempts to seal off areas from rest of Russia \u2018unacceptable\u2019, says prime minister", "url": "https://www.irishtimes.com/news/world/europe/russia-s-government-scolds-regions-over-covid-19-border-closures-1.4222289", "urlToImage": "https://www.irishtimes.com/image-creator/?id=1.4222288&origw=1440", "publishedAt": "2020-04-06T16:48:03Z", "content": "Russias government has warned regional leaders against overstepping their authority as it struggles to co-ordinate its response to the accelerating spread of coronavirus across the worlds largest country.\r\nAnother 954 cases of coronavirus, also known as Covid\u2026 [+2706 chars]"}, {"source": {"id": "the-irish-times", "name": "The Irish Times"}, "author": "Dr Muiris Houston", "title": "A Covid-19 vaccine may be our best hope for a return to normal life", "description": "The coronavirus juggernaut continues to travel across the globe. For now we are relying on tools such as physical distancing to control the spread of the virus, but in the long term a Covid-19 vaccine may be our best hope for a return to normal life. Yet ther\u2026", "url": "https://www.irishtimes.com/life-and-style/health-family/a-covid-19-vaccine-may-be-our-best-hope-for-a-return-to-normal-life-1.4215928", "urlToImage": "https://www.irishtimes.com/polopoly_fs/1.4215921.1585581289!/image/image.jpg", "publishedAt": "2020-04-06T05:01:00Z", "content": "The coronavirus juggernaut continues to travel across the globe. For now we are relying on tools such as physical distancing to control the spread of the virus, but in the long term a Covid-19 vaccine may be our best hope for a return to normal life.\r\nYet the\u2026 [+3606 chars]"}, {"source": {"id": "the-irish-times", "name": "The Irish Times"}, "author": "David Zweig", "title": "Last couple in paradise: The Covid-19 honeymooners stranded in the Maldives", "description": "Olivia and Raul De Freitas are currently on their honeymoon, at a five-star resort, in the Maldives, a nation composed of more than 1,000 tiny, idyllic islands in the Indian Ocean, like a trail of smashed crystals scattered on a slab of blue glass. For years \u2026", "url": "https://www.irishtimes.com/life-and-style/travel/last-couple-in-paradise-the-covid-19-honeymooners-stranded-in-the-maldives-1.4221907", "urlToImage": "https://www.irishtimes.com/image-creator/?id=1.4221906&origw=1440", "publishedAt": "2020-04-06T08:30:00Z", "content": "Olivia and Raul De Freitas are currently on their honeymoon, at a five-star resort, in the Maldives, a nation composed of more than 1,000 tiny, idyllic islands in the Indian Ocean, like a trail of smashed crystals scattered on a slab of blue glass. For years \u2026 [+6511 chars]"}, {"source": {"id": "the-irish-times", "name": "The Irish Times"}, "author": "Mary Jennings", "title": "How to re-set your running routine during the Covid-19 crisis", "description": "Running has always been a great way to de-stress and take some valuable time out from our busy days. In times of challenge getting our daily dose of fresh air is just as important, but we do have to be adaptable and accept that our usual running freedom takes\u2026", "url": "https://www.irishtimes.com/life-and-style/health-family/fitness/how-to-re-set-your-running-routine-during-the-covid-19-crisis-1.4217063", "urlToImage": "https://www.irishtimes.com/image-creator/?id=1.4217062&origw=1440", "publishedAt": "2020-04-06T05:01:00Z", "content": "Running has always been a great way to de-stress and take some valuable time out from our busy days. In times of challenge getting our daily dose of fresh air is just as important, but we do have to be adaptable and accept that our usual running freedom takes\u2026 [+4559 chars]"}, {"source": {"id": "the-irish-times", "name": "The Irish Times"}, "author": "The Irish Times", "title": "Boris Johnson spends night in hospital being treated for Covid-19", "description": "British prime minister Boris Johnson has spent the night in hospital after he was admitted for tests as his coronavirus symptoms persist. He will stay for \u201cas long as needed\u201d in the London NHS hospital where he was taken as a \u201cprecautionary step\u201d on the advic\u2026", "url": "https://www.irishtimes.com/news/world/uk/boris-johnson-spends-night-in-hospital-being-treated-for-covid-19-1.4221874", "urlToImage": "https://www.irishtimes.com/image-creator/?id=1.4221873&origw=1440", "publishedAt": "2020-04-06T05:51:40Z", "content": "British prime minister Boris Johnson has spent the night in hospital after he was admitted for tests as his coronavirus symptoms persist.\r\nHe will stay for as long as needed in the London NHS hospital where he was taken as a precautionary step on the advice o\u2026 [+3694 chars]"}]}