{"status": "ok", "totalResults": 38, "articles": [{"source": {"id": "the-irish-times", "name": "The Irish Times"}, "author": "Kevin O'Sullivan", "title": "Covid-19: Virus-killing robot developed by TCD start-up", "description": "Akara Robotics device clinically proven to kill viruses and bacteria", "url": "https://www.irishtimes.com/news/health/covid-19-virus-killing-robot-developed-by-tcd-start-up-1.4211037", "urlToImage": "https://www.irishtimes.com/image-creator/?id=1.4211035&origw=1440", "publishedAt": "2020-03-25T02:00:00Z", "content": "A robot emitting ultraviolet light (UVC) with the ability to disinfect hospitals and get rid of the Covid-19 virus has been developed by a start-up attached to Trinity College Dublin. \r\nBeing able to clean healthcare facilities thoroughly and quickly is hugel\u2026 [+3382 chars]"}, {"source": {"id": "the-irish-times", "name": "The Irish Times"}, "author": "Cliff Taylor, Simon Carswell", "title": "How will the Government\u2019s Covid-19 income support scheme work?", "description": "State subsidy aims to prop up employee incomes during the coronavirus pandemic", "url": "https://www.irishtimes.com/news/health/how-will-the-government-s-covid-19-income-support-scheme-work-1.4212214", "urlToImage": "https://www.irishtimes.com/polopoly_fs/1.4212213.1585163413!/image/image.jpg", "publishedAt": "2020-03-25T19:15:52Z", "content": "The income support scheme is designed to help companies and other employers retain employees on their books through the duration of the pandemic by paying a subsidy equal to up to 70 per cent of their take-home pay, to a maximum of 410 a week.\r\nEmployers are \u2026 [+4707 chars]"}, {"source": {"id": "the-irish-times", "name": "The Irish Times"}, "author": "Niamh Towey", "title": "Covid-19: Rent-a-room tenants at risk of eviction", "description": "Threshold receives \u2018dozens of calls\u2019 from those told to leave homes by landlords", "url": "https://www.irishtimes.com/news/social-affairs/covid-19-rent-a-room-tenants-at-risk-of-eviction-1.4211120", "urlToImage": "https://www.irishtimes.com/polopoly_fs/1.4211119.1585070952!/image/image.jpg", "publishedAt": "2020-03-25T01:00:12Z", "content": "Coronavirus is putting rent-a-room tenants in the homes of landlords at risk of eviction as landlords seek to protect themselves from the pandemic.\r\nHousing charity Threshold says it has received dozens of calls from people in rent-a-room scenarios who have b\u2026 [+3758 chars]"}, {"source": {"id": "the-irish-times", "name": "The Irish Times"}, "author": "Cliff Taylor, Simon Carswell", "title": "Q&A: How will the Government\u2019s Covid-19 income support scheme work?", "description": "State subsidy aims to prop up employee incomes during the coronavirus pandemic", "url": "https://www.irishtimes.com/news/health/q-a-how-will-the-government-s-covid-19-income-support-scheme-work-1.4212214", "urlToImage": "https://www.irishtimes.com/polopoly_fs/1.4212213.1585204697!/image/image.jpg", "publishedAt": "2020-03-25T19:15:52Z", "content": "The income support scheme is designed to help companies and other employers retain employees on their books through the duration of the pandemic by paying a subsidy equal to up to 70 per cent of their take-home pay, to a maximum of 410 a week. \r\nEmployers are\u2026 [+4756 chars]"}, {"source": {"id": "the-irish-times", "name": "The Irish Times"}, "author": "Cliff Taylor, Simon Carswell", "title": "Q&A: How does the Covid-19 income support scheme work and who qualifies?", "description": "State subsidy aims to prop up employee incomes during the coronavirus pandemic", "url": "https://www.irishtimes.com/news/health/q-a-how-does-the-covid-19-income-support-scheme-work-and-who-qualifies-1.4212214", "urlToImage": "https://www.irishtimes.com/polopoly_fs/1.4212213.1585204697!/image/image.jpg", "publishedAt": "2020-03-25T19:15:52Z", "content": "The income support scheme is designed to help companies and other employers retain employees on their books through the duration of the pandemic by paying a subsidy equal to up to 70 per cent of their take-home pay, to a maximum of 410 a week. \r\nEmployers are\u2026 [+4756 chars]"}, {"source": {"id": "the-irish-times", "name": "The Irish Times"}, "author": "Jack Horgan-Jones", "title": "Private hospitals in State to cater for Covid-19 cases only as pandemic spreads", "description": "Non-essential elective surgery in private facilities to \u2018go to back of queue\u2019 during crisis", "url": "https://www.irishtimes.com/news/ireland/irish-news/private-hospitals-in-state-to-cater-for-covid-19-cases-only-as-pandemic-spreads-1.4211349", "urlToImage": "https://www.irishtimes.com/image-creator/?id=1.4211347&origw=1440", "publishedAt": "2020-03-25T05:15:00Z", "content": "The States private hospitals will initially not be used to cater for people suffering from Covid-19; however, it is anticipated that this will change as the pandemic spreads further.\r\nSources in the sector confirmed last night that, in the wake of a landmark \u2026 [+2676 chars]"}, {"source": {"id": "the-irish-times", "name": "The Irish Times"}, "author": "Paul Cullen", "title": "Italy, Austria and UK account for most imported cases of Covid-19", "description": "HSE report shows young people, while far less likely to get virus, have been hospitalised", "url": "https://www.irishtimes.com/news/health/italy-austria-and-uk-account-for-most-imported-cases-of-covid-19-1.4212048", "urlToImage": "https://www.irishtimes.com/image-creator/?id=1.4212047&origw=620", "publishedAt": "2020-03-25T16:01:34Z", "content": "Italy, Austria and the UK account for most of the cases of coronavirus that were imported into Ireland, according to a new analysis of cases.\r\nThere have been six outbreak clusters of Covid-19 in hospitals and four in nursing homes, the report by the HSEs Hea\u2026 [+2479 chars]"}, {"source": {"id": "the-irish-times", "name": "The Irish Times"}, "author": "Charlie Taylor", "title": "Keywords shrugs off Covid-19 impact, reiterates full-year forecast,", "description": "Dublin-based gaming company expecting revenues of \u20ac326m, up 30% on prior year", "url": "https://www.irishtimes.com/business/technology/keywords-shrugs-off-covid-19-impact-reiterates-full-year-forecast-1.4211786", "urlToImage": "https://www.irishtimes.com/polopoly_fs/1.4211785.1585133397!/image/image.jpg", "publishedAt": "2020-03-25T10:50:25Z", "content": "Keywords Studios, the Irish-headquartered but London-listed video gaming company, has said the Covid-19 crisis has had a minimal impact on its financial performance and that it expects to benefit from pent up demand from consumers once things return to normal\u2026 [+2430 chars]"}, {"source": {"id": "the-irish-times", "name": "The Irish Times"}, "author": "Joe Brennan", "title": "Central Bank urged to address insurers rejecting Covid-19 claims", "description": "Lobby group urges regulator to address stand-off between businesses and insurers", "url": "https://www.irishtimes.com/business/financial-services/central-bank-urged-to-address-insurers-rejecting-covid-19-claims-1.4211255", "urlToImage": "https://www.irishtimes.com/image-creator/?id=1.4211253&origw=1440", "publishedAt": "2020-03-25T03:54:25Z", "content": "The Alliance for Insurance Reform has written to Central Bank governor Gabriel Makhlouf urging the bank in its consumer-protection role to address a stand-off between businesses and the insurance industry over claims for loss of earnings as a result of corona\u2026 [+2983 chars]"}, {"source": {"id": "the-irish-times", "name": "The Irish Times"}, "author": "Joe Brennan", "title": "Malin sees clinical trials delays amid Covid-19 crisis", "description": "Life science investment group says outbreak has pushed back trial programme", "url": "https://www.irishtimes.com/business/health-pharma/malin-sees-clinical-trials-delays-amid-covid-19-crisis-1.4211700", "urlToImage": "https://www.irishtimes.com/image-creator/?id=1.4211699&origw=1440", "publishedAt": "2020-03-25T07:38:57Z", "content": "Irish life science investment companies Malin Corp said that it expects some brief delays in drug clinical trials being carried out by firms in which it is invested as the coronavirus crisis. \r\nThe company said on Monday, as it reported full-year results, tha\u2026 [+886 chars]"}, {"source": {"id": "the-irish-times", "name": "The Irish Times"}, "author": "Michael McAleer", "title": "Covid economic stimulus, mortgage requests, insurance calls and job lay-offs", "description": "Business Today: the best news, analysis and comment from The Irish Times business desk", "url": "https://www.irishtimes.com/business/economy/covid-economic-stimulus-mortgage-requests-insurance-calls-and-job-lay-offs-1.4211351", "urlToImage": "https://www.irishtimes.com/image-creator/?id=1.4211350&origw=1440", "publishedAt": "2020-03-25T06:30:00Z", "content": "The Governments Covid-19 economic stimulus package was largely welcomed, although construction unions appeared split over news that the Government would allow work to continue on building sites while asking many businesses to shut until next month to combat C\u2026 [+1317 chars]"}, {"source": {"id": "the-irish-times", "name": "The Irish Times"}, "author": "Francess McDonnell", "title": "Some 1,000 Moy Park staff walk out over Covid-19 working conditions", "description": "Union leaders accuse chicken processing company of putting \u2018profits before safety\u2019", "url": "https://www.irishtimes.com/business/manufacturing/some-1-000-moy-park-staff-walk-out-over-covid-19-working-conditions-1.4211890", "urlToImage": "https://www.irishtimes.com/image-creator/?id=1.4211889&origw=1440", "publishedAt": "2020-03-25T13:15:50Z", "content": "An estimated 1,000 workers have walked out of one Moy Parks key chicken production sites in the North in protest over what union leaders have described as unsafe conditions in relation to Covid-19.\r\nUnite said there had been a mass walkout by workers at Moy P\u2026 [+1572 chars]"}, {"source": {"id": "the-irish-times", "name": "The Irish Times"}, "author": "Joe Brennan", "title": "Central Bank to press insurers on customer rights amid Covid-19 stand-off", "description": "Firms with business interruption cover being told they are not eligible for compensation", "url": "https://www.irishtimes.com/business/financial-services/central-bank-to-press-insurers-on-customer-rights-amid-covid-19-stand-off-1.4212217", "urlToImage": "https://www.irishtimes.com/image-creator/?id=1.4212215&origw=1440", "publishedAt": "2020-03-25T19:11:04Z", "content": "The Central Bank will write to insurers in the coming days to press them to offer fair settlements to customers who are entitled to payouts on claims related to Covid-19, according to sources. \r\nThe regulator is also engaging with peers across Europe and the \u2026 [+2485 chars]"}, {"source": {"id": "the-irish-times", "name": "The Irish Times"}, "author": "Barry O'Halloran", "title": "Ryanair and Aer Lingus owner well placed to see out Covid-19 crisis \u2013 analysts", "description": "Carriers have cash to withstand longer term grounding of flights", "url": "https://www.irishtimes.com/business/transport-and-tourism/ryanair-and-aer-lingus-owner-well-placed-to-see-out-covid-19-crisis-analysts-1.4211817", "urlToImage": "https://www.irishtimes.com/image-creator/?id=1.4211816&origw=1440", "publishedAt": "2020-03-25T11:41:42Z", "content": "Ryanair and Aer Lingus owner International Consolidated Airlines Group (IAG) are among the best-placed carriers to see out the Covid-19 crisis, analysts say.\r\nAirlines globally could lose 230 billion in revenues this year as passenger flights are grounded ami\u2026 [+2324 chars]"}, {"source": {"id": "the-irish-times", "name": "The Irish Times"}, "author": "Peter Hamilton", "title": "State\u2019s largest hotel group makes sweeping changes to mitigate impact of Covid-19", "description": "Dalata has pulled shareholder dividend and renegotiated with lenders amid outbreak", "url": "https://www.irishtimes.com/business/transport-and-tourism/state-s-largest-hotel-group-makes-sweeping-changes-to-mitigate-impact-of-covid-19-1.4211883", "urlToImage": "https://www.irishtimes.com/image-creator/?id=1.4211882&origw=1440", "publishedAt": "2020-03-25T13:05:22Z", "content": "The States largest hotel group, Dalata, has pulled its shareholder dividend, renegotiated with its lenders and cancelled all non-essential maintenance as it grapples with the effects of coronavirus. \r\nIn its second trading update this month, the company flagg\u2026 [+3391 chars]"}, {"source": {"id": "the-irish-times", "name": "The Irish Times"}, "author": "Francess McDonnell", "title": "Union claims some 1,000 Moy Park staff walked out over Covid-19 working conditions", "description": "Union leaders accuse company of putting \u2018profits before safety\u2019", "url": "https://www.irishtimes.com/business/manufacturing/union-claims-some-1-000-moy-park-staff-walked-out-over-covid-19-working-conditions-1.4211890", "urlToImage": "https://www.irishtimes.com/image-creator/?id=1.4211889&origw=1440", "publishedAt": "2020-03-25T13:15:50Z", "content": "An estimated 1,000 workers have walked out of one Moy Parks key production sites in the North in protest over unsafe conditions in relation to Covid-19, a staff union said.\r\nUnite said there had been a mass walkout by workers at Moy Parks Seagoe site in Porta\u2026 [+1797 chars]"}, {"source": {"id": "the-irish-times", "name": "The Irish Times"}, "author": "Peter Hamilton", "title": "Dalata Hotel Group makes sweeping changes to mitigate impact of Covid-19", "description": "Hotel group has pulled shareholder dividend and renegotiated with lenders", "url": "https://www.irishtimes.com/business/transport-and-tourism/dalata-hotel-group-makes-sweeping-changes-to-mitigate-impact-of-covid-19-1.4211883", "urlToImage": "https://www.irishtimes.com/image-creator/?id=1.4211882&origw=1440", "publishedAt": "2020-03-25T13:05:22Z", "content": "The States largest hotel group, Dalata, has pulled its shareholder dividend, renegotiated with its lenders and will temporarily close some properties as it grapples with the effects of the coronavirus. \r\nIn its second trading update this month, the company fl\u2026 [+3376 chars]"}, {"source": {"id": "the-irish-times", "name": "The Irish Times"}, "author": "Joe Brennan", "title": "Central Bank to press insurers on customer entitlements amid Covid-19 standoff", "description": "Irish companies that have business interruption cover are being told they are not eligible for compensation", "url": "https://www.irishtimes.com/business/financial-services/central-bank-to-press-insurers-on-customer-entitlements-amid-covid-19-standoff-1.4212217", "urlToImage": "https://www.irishtimes.com/image-creator/?id=1.4212215&origw=1440", "publishedAt": "2020-03-25T19:11:04Z", "content": "The Central Bank will write to insurers in the coming days to press them to offer fair settlements to customers who are entitled to payouts on claims related to Covid-19, according to sources. \r\nThe regulator is also engaging with peers across Europe and the \u2026 [+2505 chars]"}, {"source": {"id": "the-irish-times", "name": "The Irish Times"}, "author": "David McWilliams, Joe Lynam", "title": "World will need new financial system after Covid-19", "description": "We need to avoid putting current system back together with sticking plaster", "url": "https://www.irishtimes.com/opinion/world-will-need-new-financial-system-after-covid-19-1.4211363", "urlToImage": "https://www.irishtimes.com/image-creator/?id=1.4211360&origw=1440", "publishedAt": "2020-03-25T01:27:08Z", "content": "The world as we know it is about to change radically as a result of Covid-19. How we live our lives, how we work, how we socialise and how money moves will change and profoundly. Well leave others to figure out the first three but in terms of how money moves \u2026 [+6550 chars]"}, {"source": {"id": "the-irish-times", "name": "The Irish Times"}, "author": "Johnny Watterson", "title": "Sport Ireland issues Covid-19 guidelines to athletes", "description": "\u2018It is essential to stress the importance of good social distancing and staying at home\u2019", "url": "https://www.irishtimes.com/sport/sport-ireland-issues-covid-19-guidelines-to-athletes-1.4212030", "urlToImage": "https://www.irishtimes.com/image-creator/?id=1.4212029&origw=1440", "publishedAt": "2020-03-25T15:43:59Z", "content": "Sport Ireland have recommended vigilance to their elite athletes following the postponement of the 2020 Tokyo Olympic Games, not least because of Covid-19 spikes in the age groups of athletes, coaches and back up teams.\r\nIn a memo that was sent to potential O\u2026 [+2312 chars]"}, {"source": {"id": "the-irish-times", "name": "The Irish Times"}, "author": "Kevin Mitchell", "title": "Covid-19: Wimbledon unlikely to begin on June 29th", "description": "Uncertainty suggests \u2018the chances of Wimbledon going ahead in June are slim to zero\u2019", "url": "https://www.irishtimes.com/sport/other-sports/covid-19-wimbledon-unlikely-to-begin-on-june-29th-1.4212052", "urlToImage": "https://www.irishtimes.com/image-creator/?id=1.4212051&origw=1440", "publishedAt": "2020-03-25T16:17:56Z", "content": "Wimbledon, which sits perilously close to the British prime ministers best-case forecast for a flattening out of coronavirus within 12 weeks, is highly unlikely to start on June 29th, if at all this summer.\r\nWith such uncertainty about, changing big, long-ter\u2026 [+4633 chars]"}, {"source": {"id": "the-irish-times", "name": "The Irish Times"}, "author": "Mairead McGuiness", "title": "Mairead McGuinness: The European Parliament has a role in the fight against Covid-19", "description": "The single market must continue to function smoothly", "url": "https://www.irishtimes.com/opinion/mairead-mcguinness-the-european-parliament-has-a-role-in-the-fight-against-covid-19-1.4211921", "urlToImage": "https://www.irishtimes.com/image-creator/?id=1.4211853&origw=1440", "publishedAt": "2020-03-25T13:45:27Z", "content": "It all happened so fast. We followed the news from Wuhan with concern - people getting sick, dying and China shutting down to control the rapid and deadly spread of Covid-19.\r\nWhat was so distant from us, is no longer so. Suddenly, the virus had jumped to our\u2026 [+4158 chars]"}, {"source": {"id": "the-irish-times", "name": "The Irish Times"}, "author": "Mairead McGuiness", "title": "Mairead McGuinness: The European Parliment has a role in the fight againts Covid-19", "description": "The single market must continue to function smoothly", "url": "https://www.irishtimes.com/opinion/mairead-mcguinness-the-european-parliment-has-a-role-in-the-fight-againts-covid-19-1.4211921", "urlToImage": "https://www.irishtimes.com/image-creator/?id=1.4211853&origw=1440", "publishedAt": "2020-03-25T13:45:27Z", "content": "It all happened so fast. We followed the news from Wuhan with concern - people getting sick, dying and China shutting down to control the rapid and deadly spread of COVID19.\r\nWhat was so distant from us, is no longer so. Suddenly, the virus had jumped to our \u2026 [+4151 chars]"}, {"source": {"id": "the-irish-times", "name": "The Irish Times"}, "author": "Paul Cullen", "title": "Covid-19: Italy, Austria and UK account for most imported cases", "description": "HSE report shows young people, while far less likely to get virus, have been hospitalised", "url": "https://www.irishtimes.com/news/health/covid-19-italy-austria-and-uk-account-for-most-imported-cases-1.4212048", "urlToImage": "https://www.irishtimes.com/image-creator/?id=1.4212047&origw=620", "publishedAt": "2020-03-25T16:01:34Z", "content": "People returning from Italy, Austria and the UK account for most of the travel-related coronavirus cases that have been diagnosed in Ireland to date, an analysis of confirmed infections finds.\r\nThere have been six outbreak clusters of Covid-19 in hospitals an\u2026 [+2689 chars]"}, {"source": {"id": "the-irish-times", "name": "The Irish Times"}, "author": "Sean Ingle", "title": "Two boxers from London qualifying event test positive for Covid-19", "description": "Ireland had a team of 13 fighters at Olympic qualifiers in London last week", "url": "https://www.irishtimes.com/sport/two-boxers-from-london-qualifying-event-test-positive-for-covid-19-1.4212157", "urlToImage": "https://www.irishtimes.com/image-creator/?id=1.4212156&origw=1440", "publishedAt": "2020-03-25T18:09:45Z", "content": "The International Olympic Committee has been accused of putting athletes health in jeopardy after two Turkish boxers and their head coach tested positive for coronavirus after returning home from an Olympic boxing tournament in London last week.\r\nEyup Gozgec,\u2026 [+2404 chars]"}, {"source": {"id": "the-irish-times", "name": "The Irish Times"}, "author": "The Irish Times", "title": "Covid-19 in Gaza", "description": "Sir, \u2013 As the first cases of Covid-19 have been identified in the besieged Palestinian territory of Gaza, we at Gaza Action Ireland call on Minister for Foreign Affairs Simon Coveney to demand that Israel lifts the siege on Gaza and that he pushes fellow EU f\u2026", "url": "https://www.irishtimes.com/opinion/letters/covid-19-in-gaza-1.4211099", "urlToImage": "https://www.irishtimes.com/polopoly_fs/1.3619339.1536160376!/image/image.jpg", "publishedAt": "2020-03-25T00:07:00Z", "content": "Sir, As the first cases of Covid-19 have been identified in the besieged Palestinian territory of Gaza, we at Gaza Action Ireland call on Minister for Foreign Affairs Simon Coveney to demand that Israel lifts the siege on Gaza and that he pushes fellow EU for\u2026 [+2375 chars]"}, {"source": {"id": "the-irish-times", "name": "The Irish Times"}, "author": "Conor Gallagher", "title": "Courtroom drama thin on the ground amid Covid-19 anguish", "description": "A junior counsel is clad in face mask and gloves ... the first sartorial update since 1685", "url": "https://www.irishtimes.com/news/crime-and-law/courtroom-drama-thin-on-the-ground-amid-covid-19-anguish-1.4211298", "urlToImage": "https://www.irishtimes.com/image-creator/?id=1.4211297&origw=1440", "publishedAt": "2020-03-25T01:00:41Z", "content": "The changes to the criminal courts system amid the coronavirus crisis are difficult to spot at first.\r\nAside from the hand-sanitiser dispensers and warning signs dotted around the Criminal Courts of Justice (CCJ) on Dublins Parkgate Street, the wheels of just\u2026 [+2904 chars]"}, {"source": {"id": "the-irish-times", "name": "The Irish Times"}, "author": "John McCartney", "title": "Housing back on agenda once Covid-19 crisis over", "description": "Growth of private rented sector set to slow by more affordable homes", "url": "https://www.irishtimes.com/business/commercial-property/housing-back-on-agenda-once-covid-19-crisis-over-1.4210777", "urlToImage": "https://www.irishtimes.com/polopoly_fs/1.4210776.1585044508!/image/image.jpg", "publishedAt": "2020-03-25T06:00:00Z", "content": "With human health at risk because of the coronavirus it feels almost vacuous to be writing about property. However, housing is one of the key social issues of our time and, when the coronavirus pandemic eventually passes, it will inevitably re-emerge as topic\u2026 [+4787 chars]"}, {"source": {"id": "the-irish-times", "name": "The Irish Times"}, "author": "Neil Briscoe", "title": "Covid-19: Can motor industry steer way through crisis?", "description": "Online car buying is up, and AA is offering free help for the elderly and health workers", "url": "https://www.irishtimes.com/life-and-style/motors/covid-19-can-motor-industry-steer-way-through-crisis-1.4207196", "urlToImage": "https://www.irishtimes.com/image-creator/?id=1.4207195&origw=1440", "publishedAt": "2020-03-25T06:00:00Z", "content": "The motoring world seems suddenly microscopic compared to the vast scale of the Covid-19 crisis. Still, some motoring life must continue, both here in Ireland and abroad, as people still need to work, and those working in vital services and industries still n\u2026 [+5966 chars]"}, {"source": {"id": "the-irish-times", "name": "The Irish Times"}, "author": null, "title": "Kathy Sheridan on Covid-19: No time to stigmatise elderly", "description": "We get it. Covid-19 is delivering a smart kick in the communal backside. No part of our lives remains untouched. We are levelled. We are isolated, shrouded in dread, grieving for the time and the hugs of loved ones that are lost to us for now. It\u2019s hardly sur\u2026", "url": "https://www.irishtimes.com/opinion/kathy-sheridan-on-covid-19-no-time-to-stigmatise-elderly-1.4211038", "urlToImage": "https://www.irishtimes.com/image-creator/?id=1.4211015&origw=1440", "publishedAt": "2020-03-25T01:00:00Z", "content": "We get it. Covid-19 is delivering a smart kick in the communal backside. No part of our lives remains untouched. We are levelled. We are isolated, shrouded in dread, grieving for the time and the hugs of loved ones that are lost to us for now.\r\nIts hardly sur\u2026 [+537 chars]"}, {"source": {"id": "the-irish-times", "name": "The Irish Times"}, "author": "Barry O'Halloran", "title": "Ryanair and owner of Aer Lingus well placed to see out Covid-19 crisis say analysts", "description": "Carriers have cash to withstand longer-term grounding of flights", "url": "https://www.irishtimes.com/business/transport-and-tourism/ryanair-and-owner-of-aer-lingus-well-placed-to-see-out-covid-19-crisis-say-analysts-1.4211817", "urlToImage": "https://www.irishtimes.com/image-creator/?id=1.4211816&origw=1440", "publishedAt": "2020-03-25T11:41:42Z", "content": "Ryanair and Aer Lingus owner International Consolidated Airlines Group (IAG) are among the best placed carriers to see out the Covid-19 crisis, analysts say.\r\nAirlines globally could lose 230 billion in revenues this year as passenger flights are grounded ami\u2026 [+2327 chars]"}, {"source": {"id": "the-irish-times", "name": "The Irish Times"}, "author": "Kathy Sheridan", "title": "Kathy Sheridan on Covid-19: the compulsion to pigeonhole groups of people is damaging", "description": "Virus has introduced a new loaded label, \u2018elderly with underlying conditions\u2019", "url": "https://www.irishtimes.com/opinion/kathy-sheridan-on-covid-19-the-compulsion-to-pigeonhole-groups-of-people-is-damaging-1.4211038", "urlToImage": "https://www.irishtimes.com/image-creator/?id=1.4211015&origw=1440", "publishedAt": "2020-03-25T01:00:00Z", "content": "We get it. Covid-19 is delivering a smart kick in the communal backside. No part of our lives remains untouched. We are levelled. We are isolated, shrouded in dread, grieving for the time and the hugs of loved ones that are lost to us for now.\r\nIts hardly sur\u2026 [+537 chars]"}, {"source": {"id": "the-irish-times", "name": "The Irish Times"}, "author": "Kathy Sheridan", "title": "Kathy Sheridan on Covid-19: Compulsion to pigeonhole groups of people is damaging", "description": "Virus has introduced a new loaded label, \u2018elderly with underlying conditions\u2019", "url": "https://www.irishtimes.com/opinion/kathy-sheridan-on-covid-19-compulsion-to-pigeonhole-groups-of-people-is-damaging-1.4211038", "urlToImage": "https://www.irishtimes.com/image-creator/?id=1.4211015&origw=1440", "publishedAt": "2020-03-25T01:00:00Z", "content": "We get it. Covid-19 is delivering a smart kick in the communal backside. No part of our lives remains untouched. We are levelled. We are isolated, shrouded in dread, grieving for the time and the hugs of loved ones that are lost to us for now.\r\nIts hardly sur\u2026 [+537 chars]"}, {"source": {"id": "the-irish-times", "name": "The Irish Times"}, "author": "Lara Marlowe", "title": "Covid-19: Resolute Macron says France \u2018will not give in\u2019", "description": "President devotes day to personnel on the front line of struggle against rampant virus", "url": "https://www.irishtimes.com/news/world/europe/covid-19-resolute-macron-says-france-will-not-give-in-1.4212266", "urlToImage": "https://www.irishtimes.com/image-creator/?id=1.4212265&origw=1440", "publishedAt": "2020-03-25T20:43:38Z", "content": "France is only at the beginning of the coronavirus epidemic, said President Emmanuel Macron on Wednesday night. But we will hold on . . . because we will not give in. We will hold on because we have the strength. \r\nMacron spoke outside an army field hospital \u2026 [+3726 chars]"}, {"source": {"id": "the-irish-times", "name": "The Irish Times"}, "author": "Graham Readfearn", "title": "Coronavirus: What happens to people\u2019s lungs if they get Covid-19?", "description": "What became known as Covid-19, or the coronavirus, started in late 2019 as a cluster of pneumonia cases with an unknown cause. The cause of the pneumonia was found to be a new virus \u2013 severe acute respiratory syndrome coronavirus 2, or Sars-CoV-2. The illness\u2026", "url": "https://www.irishtimes.com/life-and-style/health-family/coronavirus-what-happens-to-people-s-lungs-if-they-get-covid-19-1.4211714", "urlToImage": "https://www.irishtimes.com/image-creator/?id=1.4211712&origw=1440", "publishedAt": "2020-03-25T08:07:10Z", "content": "What became known as Covid-19, or the coronavirus, started in late 2019 as a cluster of pneumonia cases with an unknown cause. The cause of the pneumonia was found to be a new virus severe acute respiratory syndrome coronavirus 2, or Sars-CoV-2. The illness c\u2026 [+5388 chars]"}, {"source": {"id": "the-irish-times", "name": "The Irish Times"}, "author": "Ronald Quinlan", "title": "Covid-19 pushes short-term city lets to long-term rentals", "description": "Has the rapid spread of coronavirus brought with it an end to the AirBnB model of short-term rental, and the beginning of a solution to the shortage of rented housing in Dublin and Ireland\u2019s other cities? That\u2019s the question the Twitterati posed as the corona\u2026", "url": "https://www.irishtimes.com/life-and-style/homes-and-property/covid-19-pushes-short-term-city-lets-to-long-term-rentals-1.4211087", "urlToImage": "https://www.irishtimes.com/image-creator/?id=1.4211084&origw=1440", "publishedAt": "2020-03-25T06:00:00Z", "content": "Has the rapid spread of coronavirus brought with it an end to the AirBnB model of short-term rental, and the beginning of a solution to the shortage of rented housing in Dublin and Irelands other cities? \r\nThats the question the Twitterati posed as the corona\u2026 [+4022 chars]"}, {"source": {"id": "the-irish-times", "name": "The Irish Times"}, "author": "Suzanne Lynch", "title": "Coronavirus: Trump says \u2018lamestream media\u2019 trying to damage him with Covid-19 coverage", "description": "Senate to vote on $1.8trn stimulus plan as WHO says US could be next epicentre of virus", "url": "https://www.irishtimes.com/news/world/us/coronavirus-trump-says-lamestream-media-trying-to-damage-him-with-covid-19-coverage-1.4212287", "urlToImage": "https://www.irishtimes.com/image-creator/?id=1.4212280&origw=1440", "publishedAt": "2020-03-25T21:30:00Z", "content": "US president Donald Trump has accused the media of seeking to close the country for as long as possible in order to damage his chances in Novembers presidential election. \r\nTweeting from the White House on Wednesday, Mr Trump claimed that real people wanted t\u2026 [+3566 chars]"}, {"source": {"id": "the-irish-times", "name": "The Irish Times"}, "author": "Suzanne Lynch", "title": "Trump says \u2018lamestream media\u2019 trying to damage him with Covid-19 coverage", "description": "Senate to vote on $1.8trn stimulus plan as WHO says US could be next epicentre of virus", "url": "https://www.irishtimes.com/news/world/us/trump-says-lamestream-media-trying-to-damage-him-with-covid-19-coverage-1.4212287", "urlToImage": "https://www.irishtimes.com/image-creator/?id=1.4212280&origw=1440", "publishedAt": "2020-03-25T21:30:00Z", "content": "US president Donald Trump has accused the media of seeking to close the country for as long as possible in order to damage his chances in Novembers presidential election. \r\nTweeting from the White House on Wednesday, Mr Trump claimed that real people wanted t\u2026 [+3566 chars]"}]}