{"status": "ok", "totalResults": 4, "articles": [{"source": {"id": "the-irish-times", "name": "The Irish Times"}, "author": "Michael McDowell", "title": "Five-year national programme needed in new reality of Covid-19", "description": "Michael McDowell: Short-term government would not bring predictability now vital", "url": "https://www.irishtimes.com/opinion/five-year-national-programme-needed-in-new-reality-of-covid-19-1.4198937", "urlToImage": "https://www.irishtimes.com/image-creator/?id=1.4198936&origw=1440", "publishedAt": "2020-03-11T01:45:34Z", "content": "Just as we thought that the general election had created a perfect political storm in which no combination of two of the three largest parties could form a government unaided, we now have a national crisis superimposed on the political crisis.\r\nAs crises go, \u2026 [+5294 chars]"}, {"source": {"id": "the-irish-times", "name": "The Irish Times"}, "author": null, "title": "Una Mullally: Fragile Dublin is uniquely vulnerable to Covid-19", "description": "Faced with extreme global events all we can do as a collection of societies is rely on our robustness to withstand ill winds. But if cities are already vulnerable, the pain will be acute. As urban areas around the world struggle to chart a course through the \u2026", "url": "https://www.irishtimes.com/opinion/una-mullally-fragile-dublin-is-uniquely-vulnerable-to-covid-19-1.4199815", "urlToImage": "https://www.irishtimes.com/image-creator/?id=1.4199806&origw=1440", "publishedAt": "2020-03-11T14:18:47Z", "content": "Faced with extreme global events all we can do as a collection of societies is rely on our robustness to withstand ill winds. But if cities are already vulnerable, the pain will be acute. As urban areas around the world struggle to chart a course through the \u2026 [+354 chars]"}, {"source": {"id": "the-irish-times", "name": "The Irish Times"}, "author": "Colin Gleeson", "title": "Coronavirus: Trinity College Dublin confirms second positive test for Covid-19", "description": "Man being treated and university to withdraw students from hospital placements", "url": "https://www.irishtimes.com/news/education/coronavirus-trinity-college-confirms-second-positive-test-for-covid-19-1.4200327", "urlToImage": "https://www.irishtimes.com/image-creator/?id=1.4200326&origw=1440", "publishedAt": "2020-03-11T23:38:02Z", "content": "Trinity College Dublin has confirmed that a second member of the university community has tested positive for Covid-19.\r\nThe college told staff and students earlier this week that a member of its community was diagnosed with coronavirus but appeared to have m\u2026 [+2314 chars]"}, {"source": {"id": "the-irish-times", "name": "The Irish Times"}, "author": "Pat Leahy, Fiach Kelly", "title": "FG and FF to start government formation talks propelled by Covid-19", "description": "Talks between Fine Gael and Fianna F\u00e1il on forming a government will begin on Wednesday after a breakthrough between the two parties came amid increasing fears in political circles about the coronavirus. Taoiseach and Fine Gael leader Leo Varadkar and Fianna \u2026", "url": "https://www.irishtimes.com/news/politics/fg-and-ff-to-start-government-formation-talks-propelled-by-covid-19-1.4199137", "urlToImage": "https://www.irishtimes.com/image-creator/?id=1.4199135&origw=1440", "publishedAt": "2020-03-11T01:00:00Z", "content": "Talks between Fine Gael and Fianna F\u00e1il on forming a government will begin on Wednesday after a breakthrough between the two parties came amid increasing fears in political circles about the coronavirus. \r\nTaoiseach and Fine Gael leader Leo Varadkar and Fiann\u2026 [+2602 chars]"}]}