{"status": "ok", "totalResults": 8, "articles": [{"source": {"id": "the-irish-times", "name": "The Irish Times"}, "author": "Barry Roche", "title": "Two festivals cancelled in west Cork due to Covid-19", "description": "West Cork Literary Festival and West Cork Chamber Music Festival confirm they will not be going ahead", "url": "https://www.irishtimes.com/news/ireland/irish-news/two-festivals-cancelled-in-west-cork-due-to-covid-19-1.4225924", "urlToImage": "https://www.irishtimes.com/image-creator/?id=1.4225923&origw=1440", "publishedAt": "2020-04-10T10:23:13Z", "content": "The town of Bantry in west Cork has suffered a blow to its tourism industry as two artistic festivals are to be cancelled due to the coronavirus pandemic.\r\nThe organisers of the West Cork Literary Festival have decided to cancel this years festival which was \u2026 [+1164 chars]"}, {"source": {"id": "the-irish-times", "name": "The Irish Times"}, "author": "Freya McClements", "title": "Virologist says tackling Covid-19 should be co-ordinated on an all-Ireland basis", "description": "Outbreaks of coronavirus are evolving at the same time in both the South and North", "url": "https://www.irishtimes.com/news/ireland/irish-news/virologist-says-tackling-covid-19-should-be-co-ordinated-on-an-all-ireland-basis-1.4225350", "urlToImage": "https://www.irishtimes.com/image-creator/?id=1.4225347&origw=1440", "publishedAt": "2020-04-10T00:45:00Z", "content": "Measures to lift the lockdown imposed to tackle coronavirus in Ireland should be co-ordinated on an all-island basis, according to a Belfast virologist who is researching the virus. \r\nDr Connor Bamford, from the Wellcome-Wolfson Institute for Experimental Med\u2026 [+3956 chars]"}, {"source": {"id": "the-irish-times", "name": "The Irish Times"}, "author": "Barry O'Halloran", "title": "Coronavirus: How the Covid-19 crisis may reshape air travel", "description": "Amid the easing of some restrictions, airline industry faces continued turbulence", "url": "https://www.irishtimes.com/business/transport-and-tourism/coronavirus-how-the-covid-19-crisis-may-reshape-air-travel-1.4225138", "urlToImage": "https://www.irishtimes.com/image-creator/?id=1.4225135&origw=1440", "publishedAt": "2020-04-10T04:31:28Z", "content": "The first faint stirrings of economic revival are in the air. Denmark is planning to start reopening schools next week and Austria has announced a phased reopening of stores. But, Czech Republic aside, there is no immediate sign of governments lifting coronav\u2026 [+11496 chars]"}, {"source": {"id": "the-irish-times", "name": "The Irish Times"}, "author": "John FitzGerald", "title": "Covid-19 will limit next government\u2019s ability to tackle housing and climate change", "description": "John FitzGerald: New administration must underpromise in programme for government", "url": "https://www.irishtimes.com/business/economy/covid-19-will-limit-next-government-s-ability-to-tackle-housing-and-climate-change-1.4225381", "urlToImage": "https://www.irishtimes.com/image-creator/?id=1.4225379&origw=1440", "publishedAt": "2020-04-10T04:34:36Z", "content": "Since the early 1990s, coalition arrangements have been underpinned by detailed programmes for government that form a melange of the items that appeared in individual parties manifestoes. Such agreements limit the potential for policy rows that could destabil\u2026 [+4499 chars]"}, {"source": {"id": "the-irish-times", "name": "The Irish Times"}, "author": "Michael McAleer", "title": "Euro zone Covid-19 aid deal, recession, closures, and a few good books", "description": "Business Today: the best news, analysis and comment from The Irish Times business desk", "url": "https://www.irishtimes.com/business/economy/euro-zone-covid-19-aid-deal-recession-closures-and-a-few-good-books-1.4225440", "urlToImage": "https://www.irishtimes.com/image-creator/?id=1.4225439&origw=1440", "publishedAt": "2020-04-10T05:30:00Z", "content": "The 19 members of the euro zone hammered out a compromise on Thursday night to aid states in need of funding to address the profound economic fallout from the coronavirus pandemic. Naomi OLeary reports. \r\nThe pandemic sweeping the world will turn global econo\u2026 [+2570 chars]"}, {"source": {"id": "the-irish-times", "name": "The Irish Times"}, "author": "Tracey Darlington", "title": "Irishwoman on how Covid-19 is affecting Luxembourg", "description": "I grew up in Dublin and moved to Luxembourg with my husband, Keith, 20 years ago. We both work in the financial sector and initially planned to stay a couple of years, but quickly found that the country offered a work and life balance that we couldn\u2019t achieve\u2026", "url": "https://www.irishtimes.com/life-and-style/abroad/irishwoman-on-how-covid-19-is-affecting-luxembourg-1.4225507", "urlToImage": "https://www.irishtimes.com/image-creator/?id=1.4225526&origw=1200", "publishedAt": "2020-04-10T07:10:30Z", "content": "I grew up in Dublin and moved to Luxembourg with my husband, Keith, 20 years ago. We both work in the financial sector and initially planned to stay a couple of years, but quickly found that the country offered a work and life balance that we couldnt achieve \u2026 [+6148 chars]"}, {"source": {"id": "the-irish-times", "name": "The Irish Times"}, "author": "The Irish Times", "title": "Amazon confirms Covid-19 case at warehouse visited by Bezos this week", "description": "Amazon employee at Dallas warehouse visited by company CEO has tested positive for coronavirus", "url": "https://www.irishtimes.com/business/retail-and-services/amazon-confirms-covid-19-case-at-warehouse-visited-by-bezos-this-week-1.4225899", "urlToImage": "https://www.irishtimes.com/image-creator/?id=1.4225898&origw=1440", "publishedAt": "2020-04-10T08:51:59Z", "content": "An Amazon warehouse visited this week by chief executive Jeff Bezos confirmed its first employee coronavirus case, according to a message sent to workers on Thursday.\r\nThe employee who tested positive for Covid-19 was last at the site on Monday, according to \u2026 [+832 chars]"}, {"source": {"id": "the-irish-times", "name": "The Irish Times"}, "author": "Jennifer Bray, Jack Power, Jack Horgan-Jones", "title": "Government urged to disclose number awaiting Covid-19 test", "description": "Lack of clarity on 51,120 appointments for swabbing \u2018offered\u2019, Sinn F\u00e9in says", "url": "https://www.irishtimes.com/news/politics/government-urged-to-disclose-number-awaiting-covid-19-test-1.4225518", "urlToImage": "https://www.irishtimes.com/image-creator/?id=1.4225512&origw=1440", "publishedAt": "2020-04-10T01:34:04Z", "content": "Opposition politicians have called on the Government to disclose the number of potential coronavirus patients who are waiting to be tested amid confusion about the length of the backlog.\r\nAt a briefing for the leaders of the main political parties on Thursday\u2026 [+3132 chars]"}]}