{"status": "ok", "totalResults": 9, "articles": [{"source": {"id": "the-irish-times", "name": "The Irish Times"}, "author": "Conor Pope", "title": "How Covid-19 has changed the face of Irish shopping", "description": "Pricewatch: Retail has undergone a swift and bleak transformation under crisis guidelines", "url": "https://www.irishtimes.com/news/consumer/how-covid-19-has-changed-the-face-of-irish-shopping-1.4217930", "urlToImage": "https://www.irishtimes.com/image-creator/?id=1.4217918&origw=1440", "publishedAt": "2020-04-05T23:00:00Z", "content": "Early last month in what seems like another world Pricewatch was told by a retail expert that the shape of shopping in Ireland was on the cusp of a bleak transformation.\r\nA decree would be issued closing all but non-essential shops, we were told, and the hand\u2026 [+16809 chars]"}, {"source": {"id": "the-irish-times", "name": "The Irish Times"}, "author": "Simon Carswell", "title": "Covid-19 testing: Irish pharma firms source raw material to make reagent", "description": "Shortages of chemicals used in virus testing have left countries scrambling for materials", "url": "https://www.irishtimes.com/news/health/covid-19-testing-irish-pharma-firms-source-raw-material-to-make-reagent-1.4221266", "urlToImage": "https://www.irishtimes.com/image-creator/?id=1.4221265&origw=1440", "publishedAt": "2020-04-05T09:11:26Z", "content": "Firms within the Irish pharmaceutical industry have sourced a raw material from Europe that can be used to produce scarce chemical reagents that has delayed coronavirus testing.\r\nGlobal shortages in supplies of reagents used by labs to test swab samples taken\u2026 [+2274 chars]"}, {"source": {"id": "the-irish-times", "name": "The Irish Times"}, "author": "Niamh Cahill", "title": "Irish doctors on getting Covid-19: \u2018In 90 minutes, I deteriorated quite rapidly\u2019", "description": "An anaesthetist and a GP recount their experiences after contracting coronavirus", "url": "https://www.irishtimes.com/news/health/irish-doctors-on-getting-covid-19-in-90-minutes-i-deteriorated-quite-rapidly-1.4221491", "urlToImage": "https://www.irishtimes.com/image-creator/?id=1.4221486&origw=1440", "publishedAt": "2020-04-05T23:26:19Z", "content": "One in four people infected by Covid-19 in Ireland are healthcare workers, figures have shown. A breakdown of this cohort last week showed 25 per cent of these were doctors.\r\nTwo such frontline workers who were infected by the novel coronavirus spoke to The I\u2026 [+6147 chars]"}, {"source": {"id": "the-irish-times", "name": "The Irish Times"}, "author": "Patsy McGarry", "title": "Half of Dublin\u2019s Catholic priests cocooned due to Covid-19 measures", "description": "Restrictions placing \u2018great strain\u2019 on clergy still in active ministry, archbishop says", "url": "https://www.irishtimes.com/news/social-affairs/religion-and-beliefs/half-of-dublin-s-catholic-priests-cocooned-due-to-covid-19-measures-1.4221496", "urlToImage": "https://www.irishtimes.com/image-creator/?id=1.4221494&origw=1440", "publishedAt": "2020-04-05T17:26:20Z", "content": "The coronavirus outbreak has led to almost half of Dublins Catholic priests being confined to their homes as they are aged over 70, Archbishop Diarmuid Martin has said.\r\nThe most recent figures showed that 413 priests and 22 deacons were serving in Dublin. Dr\u2026 [+1582 chars]"}, {"source": {"id": "the-irish-times", "name": "The Irish Times"}, "author": "Chris Johns", "title": "Chris Johns: A shopping list for the post-Covid 19 world", "description": "It's time for debt forgiveness: anyone worried about \u2018moral hazard\u2019 (undeserving debtors getting away with financial murder) needs to lie down and get over it", "url": "https://www.irishtimes.com/business/economy/chris-johns-a-shopping-list-for-the-post-covid-19-world-1.4221239", "urlToImage": "https://www.irishtimes.com/image-creator/?id=1.4221238&origw=1440", "publishedAt": "2020-04-05T11:00:00Z", "content": "Everybody has a shopping list for the post Covid-19 world. Most of us will demand a better health service, an end to homelessness and lower inequality. Each of us has our own hopes: my own wish list, inevitably idiosyncratic, would feature a resurgence of the\u2026 [+5526 chars]"}, {"source": {"id": "the-irish-times", "name": "The Irish Times"}, "author": "Paul Cullen", "title": "Ireland has struggled to protect nursing homes from Covid-19", "description": "Government belatedly tackles problem with new measures to slow virus in care settings", "url": "https://www.irishtimes.com/news/health/ireland-has-struggled-to-protect-nursing-homes-from-covid-19-1.4221555", "urlToImage": "https://www.irishtimes.com/image-creator/?id=1.4221554&origw=1440", "publishedAt": "2020-04-05T23:36:19Z", "content": "Ireland has got many things rights in tackling the coronavirus pandemic but the handling of nursing homes is not one of them.\r\nIn less than 10 days, the number of outbreaks in public and private nursing homes has gone from four to 50. That number jumped by 10\u2026 [+4304 chars]"}, {"source": {"id": "the-irish-times", "name": "The Irish Times"}, "author": "The Irish Times", "title": "Legendary NFL kicker Tom Dempsey dies from Covid-19", "description": "New Orleans Saints record-breaker was born without any toes on his right foot", "url": "https://www.irishtimes.com/sport/other-sports/legendary-nfl-kicker-tom-dempsey-dies-from-covid-19-1.4221478", "urlToImage": "https://www.irishtimes.com/image-creator/?id=1.4221477&origw=1440", "publishedAt": "2020-04-05T16:48:59Z", "content": "The New Orleans Saints have confirmed that their legendary kicker, Tom Dempsey, has died after contracting Covid-19. He was 73.\r\nDempsey had an extraordinary career. He was born without toes on his right foot, the same foot he kicked with during his NFL caree\u2026 [+1165 chars]"}, {"source": {"id": "the-irish-times", "name": "The Irish Times"}, "author": "The Irish Times", "title": "The Irish Times view on a tourism sector in crisis: Counting the cost of Covid-19", "description": "", "url": "https://www.irishtimes.com/opinion/editorial/the-irish-times-view-on-a-tourism-sector-in-crisis-counting-the-cost-of-covid-19-1.4221606", "urlToImage": "https://www.irishtimes.com/image-creator/?id=1.4221604&origw=1440", "publishedAt": "2020-04-05T23:02:00Z", "content": "The impact of Covid-19 on air travel was perfectly illustrated last week in a trading update from Ryanair, the biggest budget airline in Europe. It is currently operating fewer than 20 flights a day as against a normal schedule of 2,500 daily. It cannot provi\u2026 [+2736 chars]"}, {"source": {"id": "the-irish-times", "name": "The Irish Times"}, "author": null, "title": "Legendary NFL kicker Tom Dempsey dies from Covid-19", "description": "The New Orleans Saints have confirmed that their legendary kicker, Tom Dempsey, has died after contracting Covid-19. He was 73. Dempsey had an extraordinary career. He was born without toes on his right foot, the same foot he kicked with during his NFL career\u2026", "url": "https://www.irishtimes.com/sport/other-sports/legendary-nfl-kicker-tom-dempsey-dies-after-contracting-covid-19-1.4221478", "urlToImage": "https://www.irishtimes.com/image-creator/?id=1.4221477&origw=1440", "publishedAt": "2020-04-05T16:48:59Z", "content": "The New Orleans Saints have confirmed that their legendary kicker, Tom Dempsey, has died after contracting Covid-19. He was 73.\r\nDempsey had an extraordinary career. He was born without toes on his right foot, the same foot he kicked with during his NFL caree\u2026 [+116 chars]"}]}