{"status": "ok", "totalResults": 25, "articles": [{"source": {"id": "the-irish-times", "name": "The Irish Times"}, "author": "Shauna Bowers", "title": "Responses to Covid-19 may be based on \u2018biased\u2019 studies", "description": "Analysis finds quality of some studies to be poor and recommendations questionable", "url": "https://www.irishtimes.com/news/science/responses-to-covid-19-may-be-based-on-biased-studies-1.4223026", "urlToImage": "https://www.irishtimes.com/image-creator/?id=1.4223307&origw=1440", "publishedAt": "2020-04-07T10:11:10Z", "content": "The current approach to tackling coronavirus may be flawed and based on overly optimistic evidence from biased and unreliable studies, research published in the British Medical Journal has suggested.\r\nEuropean researchers examined multiple studies on the viru\u2026 [+2223 chars]"}, {"source": {"id": "the-irish-times", "name": "The Irish Times"}, "author": "Shauna Bowers", "title": "Approach to tackling Covid-19 may be based on \u2018biased\u2019 studies, research warns", "description": "Analysis has found quality of some reporting is poor and recommendations questionable", "url": "https://www.irishtimes.com/news/science/approach-to-tackling-covid-19-may-be-based-on-biased-studies-research-warns-1.4223026", "urlToImage": "https://www.irishtimes.com/image-creator/?id=1.4223025&origw=1440", "publishedAt": "2020-04-07T10:11:10Z", "content": "The current approach to tackling coronavirus may be flawed and based on overly-optimistic evidence from biased and unreliable studies, research published in the British Medical Journal (BMJ) has suggested.\r\nEuropean researchers examined multiple studies on th\u2026 [+2227 chars]"}, {"source": {"id": "the-irish-times", "name": "The Irish Times"}, "author": "Martin Wall", "title": "Private consultants say they are \u2018100% committed to fight against Covid-19\u2019", "description": "Talks under way to break impasse over moving 600 consultants to public system", "url": "https://www.irishtimes.com/news/ireland/irish-news/private-consultants-say-they-are-100-committed-to-fight-against-covid-19-1.4222524", "urlToImage": "https://www.irishtimes.com/image-creator/?id=1.4222523&origw=1440", "publishedAt": "2020-04-07T00:00:23Z", "content": "The HSE has said discussions are under way between private sector medical consultants and the Department of Health aimed at addressing an impasse over Government proposals to move up to 600 of these doctors to the public system.\r\nThe Government has offered fu\u2026 [+2416 chars]"}, {"source": {"id": "the-irish-times", "name": "The Irish Times"}, "author": "Muiris Houston", "title": "A doctor writes: Where are all the non-Covid-19 patients?", "description": "Staying in pandemic mode for three months means each GP will not see one person with a life-altering condition", "url": "https://www.irishtimes.com/news/health/a-doctor-writes-where-are-all-the-non-covid-19-patients-1.4222379", "urlToImage": "https://www.irishtimes.com/image-creator/?id=1.4222378&origw=1440", "publishedAt": "2020-04-07T01:02:53Z", "content": "There is mounting concern among general practitioners and hospital doctors about the missing non-Covid-19 patients. Where are the people we know have developed chest pain, acute abdominal pain or red-flag symptoms of cancer in the past four weeks but who have\u2026 [+2965 chars]"}, {"source": {"id": "the-irish-times", "name": "The Irish Times"}, "author": "Jack Horgan-Jones", "title": "Creche owners criticise delays in roll-out of Covid-19 scheme", "description": "Early Childhood Ireland (ECI) seeking urgent update on proposed wage subsidy scheme", "url": "https://www.irishtimes.com/news/ireland/irish-news/creche-owners-criticise-delays-in-roll-out-of-covid-19-scheme-1.4223501", "urlToImage": "https://www.irishtimes.com/polopoly_fs/1.4223500.1586291168!/image/image.jpg", "publishedAt": "2020-04-07T20:26:24Z", "content": "Representatives of cr\u00e9che owners have criticised delays in the roll-out of the States new childcare subsidy scheme, which will see fees for parents waived during the next three months. \r\nThe ambitious plan will also see the Government become responsible for t\u2026 [+2106 chars]"}, {"source": {"id": "the-irish-times", "name": "The Irish Times"}, "author": "Shauna Bowers", "title": "Letter to grandad who died from Covid-19: 'I'm proud of my future because I can be like you'", "description": "Family of coronavirus victim says pandemic's impact on grief is often overlooked", "url": "https://www.irishtimes.com/news/ireland/irish-news/letter-to-grandad-who-died-from-covid-19-i-m-proud-of-my-future-because-i-can-be-like-you-1.4222341", "urlToImage": "https://www.irishtimes.com/image-creator/?id=1.4222340&origw=1200", "publishedAt": "2020-04-07T01:05:20Z", "content": "Christy OMalley (83) was a family man. He visited each of his children and grandchildren at least once a week, was fond of a family sing-song and organised word games to entertain the adults and children at gatherings.\r\nBut when he died from coronavirus on Ma\u2026 [+3294 chars]"}, {"source": {"id": "the-irish-times", "name": "The Irish Times"}, "author": "Barry O'Halloran", "title": "Air travel\u2019s post-Covid recovery \u201cuncertain\u201d", "description": "Analyst warns that aviation\u2019s rebound depends on pandemic\u2019s duration and economy", "url": "https://www.irishtimes.com/business/transport-and-tourism/air-travel-s-post-covid-recovery-uncertain-1.4223010", "urlToImage": "https://www.irishtimes.com/image-creator/?id=1.4223009&origw=1440", "publishedAt": "2020-04-07T09:06:40Z", "content": "Air travels prospects of recovery from the Covid-19 pandemic that has grounded virtually all passenger flights is uncertain, says one credit analyst.\r\nEuropean and US airlines have axed most passengers services in the face of travel restrictions aimed at cont\u2026 [+1368 chars]"}, {"source": {"id": "the-irish-times", "name": "The Irish Times"}, "author": "Francess McDonnell", "title": "North\u2019s firms \u2018at risk\u2019 over problems accessing emergency Covid funding", "description": "Companies struggling because of \u2018funding gap\u2019, business chiefs warn economy minister", "url": "https://www.irishtimes.com/business/economy/north-s-firms-at-risk-over-problems-accessing-emergency-covid-funding-1.4223416", "urlToImage": "https://www.irishtimes.com/image-creator/?id=1.4223414&origw=1440", "publishedAt": "2020-04-07T18:46:45Z", "content": "Business leaders in the North, including a former DUP economy minister, have warned the Northern Ireland Executive that small enterprises and start-ups are in danger of going to the wall because they cannot access any emergency Covid-19 funding.\r\nSimon Hamilt\u2026 [+1316 chars]"}, {"source": {"id": "the-irish-times", "name": "The Irish Times"}, "author": "Charlie Taylor", "title": "Some 2.7bn workers impacted by Covid-19 restrictions globally", "description": "New report says loss of working hours due to coronavirus equivalent to 195m full-time jobs", "url": "https://www.irishtimes.com/business/economy/some-2-7bn-workers-impacted-by-covid-19-restrictions-globally-1.4223268", "urlToImage": "https://www.irishtimes.com/polopoly_fs/1.4223267.1586275698!/image/image.jpg", "publishedAt": "2020-04-07T16:08:25Z", "content": "More than four out of five people in the global workforce are currently affected by full or partial workplace closures arising to the Covid-19 outbreak. \r\nThat is according to a new study from the UNs International Labour Organization (ILO), which says that a\u2026 [+2469 chars]"}, {"source": {"id": "the-irish-times", "name": "The Irish Times"}, "author": "Conor Purcell", "title": "Covid-19 crisis shows drastic economic policy changes possible \u2013 Piketty", "description": "French economist argues \u2018it should also be possible to invest in longer-term crises\u2019", "url": "https://www.irishtimes.com/business/economy/covid-19-crisis-shows-drastic-economic-policy-changes-possible-piketty-1.4222243", "urlToImage": "https://www.irishtimes.com/image-creator/?id=1.4222242&origw=1440", "publishedAt": "2020-04-07T03:55:51Z", "content": "Governments can make drastic changes to their economic policies at times of crisis, according to French author and leading economist Thomas Piketty. \r\nTimes of crisis are times when the existing ideologies are challenged and when national and international tr\u2026 [+3153 chars]"}, {"source": {"id": "the-irish-times", "name": "The Irish Times"}, "author": "Naomi O\u2019Leary", "title": "EU finance ministers hope to thrash out Covid-19 recovery plan", "description": "Meeting imes to resplve differences over financing of programme", "url": "https://www.irishtimes.com/business/economy/eu-finance-ministers-hope-to-thrash-out-covid-19-recovery-plan-1.4223159", "urlToImage": "https://www.irishtimes.com/image-creator/?id=1.4223158&origw=1440", "publishedAt": "2020-04-07T14:20:26Z", "content": "Euro zone finance ministers hope to thrash out a recovery plan to dig the continent out of the deep economic damage caused by the coronavirus pandemic.\r\nTuesdays video meeting aims to resolve deep differences between EU states on how best to finance the progr\u2026 [+2449 chars]"}, {"source": {"id": "the-irish-times", "name": "The Irish Times"}, "author": "Eoin Burke-Kennedy", "title": "NTMA raises \u20ac6bn from bond auction to help State meet Covid-19 costs", "description": "Funds to boost State coffers as support ramps up for coronavirus-hit firms and workers", "url": "https://www.irishtimes.com/business/financial-services/ntma-raises-6bn-from-bond-auction-to-help-state-meet-covid-19-costs-1.4223085", "urlToImage": "https://www.irishtimes.com/image-creator/?id=1.4223084&origw=1440", "publishedAt": "2020-04-07T12:37:38Z", "content": "The National Treasury Management Agency (NTMA) raised 6 billion in its largest bond sale in over a decade on Tuesday. The funds will help finance the States response to the coronavirus crisis, which is expected to result in a budget deficit of nearly 20 billi\u2026 [+2508 chars]"}, {"source": {"id": "the-irish-times", "name": "The Irish Times"}, "author": "The Irish Times", "title": "Majority of US citizens say income has been hit by Covid-19 crisis", "description": "Republicans more likely to be concerned about economic impact of pandemic than Democrats or independents.", "url": "https://www.irishtimes.com/business/economy/majority-of-us-citizens-say-income-has-been-hit-by-covid-19-crisis-1.4223066", "urlToImage": "https://www.irishtimes.com/image-creator/?id=1.4223065&origw=1257", "publishedAt": "2020-04-07T11:38:55Z", "content": "Nearly three-quarters of Americans say the coronavirus pandemic has reduced their familys income, with nearly half saying they would be without any income at all if they were unable to work because of illness, according to a new poll for the Financial Times.\r\u2026 [+4123 chars]"}, {"source": {"id": "the-irish-times", "name": "The Irish Times"}, "author": "Eoin Burke-Kennedy", "title": "NTMA raises \u20ac6bn from bond auction to help State meet costs of Covid-19", "description": "Funds will bolster State coffers as Government ramps up support for coronavirus-hit industries and workers", "url": "https://www.irishtimes.com/business/financial-services/ntma-raises-6bn-from-bond-auction-to-help-state-meet-costs-of-covid-19-1.4223085", "urlToImage": "https://www.irishtimes.com/image-creator/?id=1.4223084&origw=1440", "publishedAt": "2020-04-07T12:37:38Z", "content": "The National Treasury Management Agency (NTMA) has raised a near record 6 billion from a bond sale, which will help fund the States response to coronavirus.\r\nDemand from investors for the NTMAs auction of seven-year bonds was said to be strong with 33 billion\u2026 [+1006 chars]"}, {"source": {"id": "the-irish-times", "name": "The Irish Times"}, "author": null, "title": "DAA bonuses, Nama\u2019s deadline for Ringsend, and EU solidarity fighting Covid-19", "description": "Business Today: the best news, analysis and comment from The Irish Times business desk", "url": "https://www.irishtimes.com/business/daa-bonuses-nama-s-deadline-for-ringsend-and-eu-solidarity-fighting-covid-19-1.4222528", "urlToImage": "https://www.irishtimes.com/image-creator/?id=1.4222526&origw=1440", "publishedAt": "2020-04-07T05:30:49Z", "content": "DAA paid staff last week at Dublin and Cork airports a profit share and other bonuses due for 2019, the State-owned company has confirmed. Barry of Halloran has the details.\r\nNama has set April 20th as the deadline for final bids for the former Irish Glass Bo\u2026 [+156 chars]"}, {"source": {"id": "the-irish-times", "name": "The Irish Times"}, "author": "The Irish Times", "title": "The Irish Times view on press freedom and Covid-19: pretext for a crackdown", "description": "A deadly respiratory disease cannot be fought with the classic dictator\u2019s playbook; it cannot be shot, disappeared or simply denied out of existence", "url": "https://www.irishtimes.com/opinion/editorial/the-irish-times-view-on-press-freedom-and-covid-19-pretext-for-a-crackdown-1.4223315", "urlToImage": "https://www.irishtimes.com/image-creator/?id=1.4223314&origw=1440", "publishedAt": "2020-04-07T18:30:00Z", "content": "Since the earliest days of the coronavirus outbreak, autocratic governments have sought to control and suppress information on the disease. Using censorship and intimidation, China prevented the truth about the scale of the Covid-19 from getting out until mid\u2026 [+1823 chars]"}, {"source": {"id": "the-irish-times", "name": "The Irish Times"}, "author": "Chris Wiegand", "title": "Fleabag to be streamed online to raise funds for Covid-19 relief", "description": "Proceeds from Phoebe Waller-Bridge\u2019s show to go to medical and arts charities", "url": "https://www.irishtimes.com/culture/stage/fleabag-to-be-streamed-online-to-raise-funds-for-covid-19-relief-1.4223000", "urlToImage": "https://www.irishtimes.com/image-creator/?id=1.4222999&origw=1440", "publishedAt": "2020-04-07T08:30:07Z", "content": "It was one of 2019s hottest theatre shows, returning Phoebe Waller-Bridge to the stage in her most famous role and swiftly selling out in Londons West End.\r\nNow, the triumphant live production of Fleabag at Wyndhams theatre in London which has already been br\u2026 [+1790 chars]"}, {"source": {"id": "the-irish-times", "name": "The Irish Times"}, "author": "Ronan McGreevy", "title": "Government announces funding for ferry routes threatened by Covid-19", "description": "Up to \u20ac15m to be provided to ferry operators on routes to Wales, France and Spain", "url": "https://www.irishtimes.com/news/ireland/irish-news/government-announces-funding-for-ferry-routes-threatened-by-covid-19-1.4223466", "urlToImage": "https://www.irishtimes.com/image-creator/?id=1.4223464&origw=1440", "publishedAt": "2020-04-07T20:09:37Z", "content": "The Government is providing up to 15m to keep five critical sea routes going during the Covid-19 pandemic. \r\nThe routes between Dublin and Cherbourg and Rosslare to Fishguard and Pembroke in Wales, Cherbourg in France and Bilbao in Spain will be operated as a\u2026 [+2191 chars]"}, {"source": {"id": "the-irish-times", "name": "The Irish Times"}, "author": "The Irish Times", "title": "Providing dental care amid Covid-19", "description": "Sir, \u2013 While I appreciate this an exceptionally busy and stressful time for Minister for Health Simon Harris and his Government colleagues, it is also a very stressful time for members of the public and the dental profession. I am a general dental practitione\u2026", "url": "https://www.irishtimes.com/opinion/letters/providing-dental-care-amid-covid-19-1.4223348", "urlToImage": "https://www.irishtimes.com/polopoly_fs/1.3619339.1536160376!/image/image.jpg", "publishedAt": "2020-04-07T23:29:00Z", "content": "Sir, While I appreciate this an exceptionally busy and stressful time for Minister for Health Simon Harris and his Government colleagues, it is also a very stressful time for members of the public and the dental profession. I am a general dental practitioner \u2026 [+3037 chars]"}, {"source": {"id": "the-irish-times", "name": "The Irish Times"}, "author": "Colin Gleeson", "title": "Business activity in Dublin grinds to a seven-year low due to Covid-19 impact", "description": "Coronavirus pandemic has seen the IHS Markit PMI contract for first time since 2012", "url": "https://www.irishtimes.com/business/economy/business-activity-in-dublin-grinds-to-a-seven-year-low-due-to-covid-19-impact-1.4222967", "urlToImage": "https://www.irishtimes.com/image-creator/?id=1.4222966&origw=1440", "publishedAt": "2020-04-07T05:54:36Z", "content": "Business activity in Dublin dropped to a seven year low in the last quarter as the Covid-19 pandemic saw output grind to a halt.\r\nThe Q1 Dublin PMI, published by at IHS Markit on Tuesday, showed activity fell to 49.9 from 53.7, signalling a stagnation in busi\u2026 [+2087 chars]"}, {"source": {"id": "the-irish-times", "name": "The Irish Times"}, "author": "Prof Luke Clancy", "title": "Do you smoke or vape? Here\u2019s why Covid-19 means you should quit right now", "description": "Smoking-damaged lungs leave you at far greater risk from a coronavirus attack", "url": "https://www.irishtimes.com/life-and-style/health-family/do-you-smoke-or-vape-here-s-why-covid-19-means-you-should-quit-right-now-1.4217001", "urlToImage": "https://www.irishtimes.com/image-creator/?id=1.4216982&origw=1440", "publishedAt": "2020-04-07T05:01:49Z", "content": "Covid-19 is changing our lives, maybe for ever, and remarkable efforts are being made to save peoples lives. Action on smoking and vaping cessation must become part of these efforts because, already, data clearly show the influence of smoking on the disease c\u2026 [+6001 chars]"}, {"source": {"id": "the-irish-times", "name": "The Irish Times"}, "author": "The Irish Times", "title": "China goes 24 hours without recording a Covid-19 death", "description": "Global leaders call for greater funding for search to find a coronavirus vaccine", "url": "https://www.irishtimes.com/news/world/china-goes-24-hours-without-recording-a-covid-19-death-1.4222974", "urlToImage": "https://www.irishtimes.com/image-creator/?id=1.4222973&origw=1440", "publishedAt": "2020-04-07T06:28:19Z", "content": "China said it has recorded no deaths from the coronavirus in the last 24 hours.\r\nThe country recorded the first case of Covid-19 and suffered 3,331 deaths and 81,740 cases of Covid-19.\r\nAuthorities said in their daily update on Tuesday that there were 32 new \u2026 [+1942 chars]"}, {"source": {"id": "the-irish-times", "name": "The Irish Times"}, "author": "The Irish Times", "title": "Michael Gove self-isolating over Covid-19 fears", "description": "Member of cabinet office minister\u2019s family displaying symptoms of infection", "url": "https://www.irishtimes.com/news/world/uk/michael-gove-self-isolating-over-covid-19-fears-1.4223031", "urlToImage": "https://www.irishtimes.com/image-creator/?id=1.4223030&origw=1440", "publishedAt": "2020-04-07T10:20:30Z", "content": "British cabinet office minister Michael Gove is self isolating as a member of his family is displaying Covid-19 symptoms, an ITV reporter said.\r\nMr Gove, one of the most senior members of prime minister Boris Johnsons government, continues to work, ITV said.\r\u2026 [+1315 chars]"}, {"source": {"id": "the-irish-times", "name": "The Irish Times"}, "author": "Pat Leahy", "title": "Department of Health agrees memo with the North on Covid-19", "description": "Document expresses willingness to work together on sourcing medical supplies", "url": "https://www.irishtimes.com/news/politics/department-of-health-agrees-memo-with-the-north-on-covid-19-1.4223252", "urlToImage": "https://www.irishtimes.com/image-creator/?id=1.4223251&origw=1440", "publishedAt": "2020-04-07T15:39:06Z", "content": "The Department of Health in Dublin has agreed a memorandum of understanding with the Norths power-sharing administration in Stormont, pledging co-operation and collaboration in response to the Covid-19 pandemic. \r\nThe memo, which is signed by the chief medica\u2026 [+1528 chars]"}, {"source": {"id": "the-irish-times", "name": "The Irish Times"}, "author": "The Irish Times", "title": "Spain records rise in Covid-19 deaths for first time in five days", "description": "Global leaders call for greater funding for search to find a coronavirus vaccine", "url": "https://www.irishtimes.com/news/world/spain-records-rise-in-covid-19-deaths-for-first-time-in-five-days-1.4222974", "urlToImage": "https://www.irishtimes.com/image-creator/?id=1.4222973&origw=1440", "publishedAt": "2020-04-07T06:28:19Z", "content": "Spain has recorded a rise of daily coronavirus infections and deaths for the first time in five days, a result consistent with previous Tuesdays when a weekend backlog of tests and fatalities are reported. \r\nWith 743 new deaths in the last 24 hours, about 100\u2026 [+4978 chars]"}]}