{"status": "ok", "totalResults": 7, "articles": [{"source": {"id": "the-irish-times", "name": "The Irish Times"}, "author": "Brian Hutton", "title": "RT\u00c9 confirms staff member tests positive for Covid-19", "description": "Person is safe and at home and in self-isolation, broadcaster says in statement", "url": "https://www.irishtimes.com/news/health/rt%C3%A9-confirms-staff-member-tests-positive-for-covid-19-1.4209419", "urlToImage": "https://www.irishtimes.com/image-creator/?id=1.4209416&origw=1440", "publishedAt": "2020-03-22T21:40:18Z", "content": "RT\u00c9 has confirmed that a staff member has tested positive for Covid-19. \r\nImportantly, this person is safe and well at home and is following the Health Service Executive [HSE] guidelines for self-isolation, the broadcaster said in a statement. \r\nIn line with \u2026 [+736 chars]"}, {"source": {"id": "the-irish-times", "name": "The Irish Times"}, "author": "Conor Pope", "title": "Mother\u2019s Day under Covid-19 sees gifts left on doorsteps with lots of love", "description": "\u2018I need nothing but a virtual hug and to survive. That would be the best present ever\u2019", "url": "https://www.irishtimes.com/news/ireland/irish-news/mother-s-day-under-covid-19-sees-gifts-left-on-doorsteps-with-lots-of-love-1.4209400", "urlToImage": "https://www.irishtimes.com/image-creator/?id=1.4209399&origw=1440", "publishedAt": "2020-03-22T20:38:28Z", "content": "Love, in the time of corona, has to keep its distance but on a Mothers Day like no other many Irish people managed to make the best of a terrible situation by celebrating their mammies in ways which would have been unimaginable and intolerable four weeks ago.\u2026 [+2478 chars]"}, {"source": {"id": "the-irish-times", "name": "The Irish Times"}, "author": "Dominic Coyle", "title": "Insurers cite small print in rejecting Covid-19 claims", "description": "Seen & Heard: US software group scotches Dublin plans; K Club owner offloads nursing homes", "url": "https://www.irishtimes.com/business/insurers-cite-small-print-in-rejecting-covid-19-claims-1.4209141", "urlToImage": "https://www.irishtimes.com/image-creator/?id=1.4209139&origw=1440", "publishedAt": "2020-03-22T11:23:43Z", "content": "Insurance companies are rejecting claims for earnings lost due to coronavirus, even from businesses that paid extra for infectious disease cover, writes the Sunday Times. It cites claims specialist Owens McCarthy that said insurers are suing the small print t\u2026 [+2649 chars]"}, {"source": {"id": "the-irish-times", "name": "The Irish Times"}, "author": "Chris Johns", "title": "Covid-19 cash crunch: Could Apple back tax pay for crisis measures?", "description": "An escrow account holds \u20ac15bn in Apple taxes. In a changed world, we should use it", "url": "https://www.irishtimes.com/business/economy/covid-19-cash-crunch-could-apple-back-tax-pay-for-crisis-measures-1.4209152", "urlToImage": "https://www.irishtimes.com/image-creator/?id=1.4209150&origw=1440", "publishedAt": "2020-03-22T11:58:14Z", "content": "Where will the money come from? The cash being thrown at economies around the world will, in the first instance, be borrowed. Ultimately, taxes will have to rise. Suggested amounts run into trillions in the United States and the European Union. There are esti\u2026 [+4800 chars]"}, {"source": {"id": "the-irish-times", "name": "The Irish Times"}, "author": "Chris Johns", "title": "Covid-19 cash crunch: is now the time to tap the Apple account?", "description": "A move to spend the Apple taxes would signal a recognition that the world has changed", "url": "https://www.irishtimes.com/business/economy/covid-19-cash-crunch-is-now-the-time-to-tap-the-apple-account-1.4209152", "urlToImage": "https://www.irishtimes.com/image-creator/?id=1.4209150&origw=1440", "publishedAt": "2020-03-22T11:58:14Z", "content": "Where will the money come from? The cash being thrown at economies around the world will, in the first instance, be borrowed. Ultimately, taxes will have to rise. Suggested amounts run into trillions in the United States and the European Union. There are esti\u2026 [+4793 chars]"}, {"source": {"id": "the-irish-times", "name": "The Irish Times"}, "author": "Maureen Dowd", "title": "Maureen Dowd: Walking a line between Covid-19 and Trump 2020", "description": "It\u2019s not easy being a national treasure. \u201cI\u2019m exhausted,\u201d confessed Dr Anthony Fauci when I reached him Thursday evening in the middle of another 18-hour workday. \u201cI have changed my tune a bit, probably thanks to my wife,\u201d said the 79-year-old director of the\u2026", "url": "https://www.irishtimes.com/news/world/us/maureen-dowd-walking-a-line-between-covid-19-and-trump-2020-1.4209262", "urlToImage": "https://www.irishtimes.com/image-creator/?id=1.4209261&origw=1440", "publishedAt": "2020-03-22T16:16:55Z", "content": "Its not easy being a national treasure. Im exhausted, confessed Dr Anthony Fauci when I reached him Thursday evening in the middle of another 18-hour workday.\r\nI have changed my tune a bit, probably thanks to my wife, said the 79-year-old director of the US N\u2026 [+6114 chars]"}, {"source": {"id": "the-irish-times", "name": "The Irish Times"}, "author": "The Irish Times", "title": "Spain to extend state of emergency as Covid-19 death toll passes 1,700", "description": "The Spanish government sought on Sunday to extend until April 11th a state of emergency that it has imposed to try to control Europe\u2019s second-worst outbreak of coronavirus. The death toll jumped to more than 1,700, with more than 28,000 cases of infection.\u201cWe\u2026", "url": "https://www.irishtimes.com/news/world/europe/spain-to-extend-state-of-emergency-as-covid-19-death-toll-passes-1-700-1.4209394", "urlToImage": "https://www.irishtimes.com/image-creator/?id=1.4209392&origw=1440", "publishedAt": "2020-03-22T20:20:00Z", "content": "The Spanish government sought on Sunday to extend until April 11th a state of emergency that it has imposed to try to control Europes second-worst outbreak of coronavirus.\r\nThe death toll jumped to more than 1,700, with more than 28,000 cases of infection.We \u2026 [+3702 chars]"}]}