{"status": "ok", "totalResults": 25, "articles": [{"source": {"id": "the-irish-times", "name": "The Irish Times"}, "author": "Mike Milotte", "title": "Meet the Irish woman leading New Zealand\u2019s Covid-19 response", "description": "\u2018Our advantage is that we are an island nation\u2019 \u2013 Dr Caroline McElnay", "url": "https://www.irishtimes.com/news/ireland/irish-news/meet-the-irish-woman-leading-new-zealand-s-covid-19-response-1.4224223", "urlToImage": "https://www.irishtimes.com/image-creator/?id=1.4224216&origw=1440", "publishedAt": "2020-04-09T00:00:00Z", "content": "Dr Caroline McElnay grew up on a dairy farm near Bushmills, Co Antrim and went on to study medicine at Queens University Belfast and public health at Manchester University. She emigrated to New Zealand 25 years ago.\r\nNow, she is New Zealands Tony Holohan, app\u2026 [+5491 chars]"}, {"source": {"id": "the-irish-times", "name": "The Irish Times"}, "author": "Simon Carswell", "title": "Covid-19 clusters now in 100 nursing homes", "description": "More than half of clusters in east of country, HPSC figures show", "url": "https://www.irishtimes.com/news/crime-and-law/courts/district-court/covid-19-clusters-now-in-100-nursing-homes-1.4225363", "urlToImage": "https://www.irishtimes.com/image-creator/?id=1.4225362&origw=620", "publishedAt": "2020-04-09T17:46:25Z", "content": "The number of coronavirus infection clusters in nursing homes around the country has reached 100, according to the latest detailed figures on Covid-19 cases released by State officials.The States Health Protection Surveillance Centre disclosed more detailed i\u2026 [+1124 chars]"}, {"source": {"id": "the-irish-times", "name": "The Irish Times"}, "author": "Simon Carswell, Jack Horgan-Jones", "title": "Covid-19 clusters now in 100 nursing homes", "description": "More than half of clusters in east of country, HPSC figures show", "url": "https://www.irishtimes.com/news/health/covid-19-clusters-now-in-100-nursing-homes-1.4225363", "urlToImage": "https://www.irishtimes.com/image-creator/?id=1.4225362&origw=620", "publishedAt": "2020-04-09T17:46:25Z", "content": "The number of coronavirus infection clusters in nursing homes around the country has reached 100, according to the latest detailed figures on Covid-19 cases released by State officials.\r\nThe States Health Protection Surveillance Centre disclosed more detailed\u2026 [+2994 chars]"}, {"source": {"id": "the-irish-times", "name": "The Irish Times"}, "author": "Colin Gleeson", "title": "Garda\u00ed seize quantity of cigarettes at Covid-19 checkpoint", "description": "A car was stopped in Co Mayo and the driver was questioned about his movements", "url": "https://www.irishtimes.com/news/crime-and-law/garda%C3%AD-seize-quantity-of-cigarettes-at-covid-19-checkpoint-1.4225474", "urlToImage": "https://www.irishtimes.com/image-creator/?id=1.4225473&origw=1440", "publishedAt": "2020-04-09T20:09:08Z", "content": "Garda\u00ed seized a quantity of unstamped cigarettes at Bohola, Co Mayo, as part of a Covid-19 checkpoint on Wednesday.\r\nThe seizure was made as part of the Claremorris Community Engagement areas response to Covid-19.\r\nGarda\u00ed said a car was stopped at the Covid-1\u2026 [+328 chars]"}, {"source": {"id": "the-irish-times", "name": "The Irish Times"}, "author": "Gerry Moriarty", "title": "Four more deaths in Northern Ireland from Covid-19", "description": "NI politicians complain families \u2018pressured\u2019 to agree to no resuscitation for loved ones", "url": "https://www.irishtimes.com/news/ireland/irish-news/four-more-deaths-in-northern-ireland-from-covid-19-1.4225199", "urlToImage": "https://www.irishtimes.com/image-creator/?id=1.4225198&origw=1440", "publishedAt": "2020-04-09T15:03:47Z", "content": "The number of people who have died from coronavirus in Northern Ireland has risen by four to 82, according to the latest figures from the Norths Public Health Agency (PHA) published on Thursday afternoon.\r\nThe PHA also reported there were 138 new confirmed ca\u2026 [+3524 chars]"}, {"source": {"id": "the-irish-times", "name": "The Irish Times"}, "author": "Marese McDonagh", "title": "'Panic buying is not an option': Food bank key for some families during Covid-19 crisis", "description": "Fine weather and local business help Boyle Family Resource Centre keep wheels turning", "url": "https://www.irishtimes.com/news/social-affairs/panic-buying-is-not-an-option-food-bank-key-for-some-families-during-covid-19-crisis-1.4224259", "urlToImage": "https://www.irishtimes.com/image-creator/?id=1.4224257&origw=1440", "publishedAt": "2020-04-09T00:00:00Z", "content": "The fine weather has helped the operators of a food bank in Boyle, Co Roscommon, as they distribute supplies to families in need during the coronavirus pandemic while observing strict social distancing rules.\r\nBefore the outbreak, Boyle Family Resource Centre\u2026 [+3211 chars]"}, {"source": {"id": "the-irish-times", "name": "The Irish Times"}, "author": "Simon Carswell", "title": "Coronavirus: Call for nursing homes to carry out their own Covid-19 tests", "description": "Nursing home sector struggles with staffing levels as employees, residents await results", "url": "https://www.irishtimes.com/news/health/coronavirus-call-for-nursing-homes-to-carry-out-their-own-covid-19-tests-1.4224472", "urlToImage": "https://www.irishtimes.com/image-creator/?id=1.4224468&origw=1440", "publishedAt": "2020-04-09T00:42:13Z", "content": "Nursing homes should be allowed to carry out their own Covid-19 testing in order to help stem the coronavirus outbreak in residential care homes, the sectors representative has said.\r\nOne north Dublin nursing home, which is battling its own outbreak, is to st\u2026 [+3704 chars]"}, {"source": {"id": "the-irish-times", "name": "The Irish Times"}, "author": "Martin Wall", "title": "Government to suspend public service flexi-time for duration of Covid-19 crisis", "description": "Department of Public Expendtiure says \u2018crucial we show solidarity as unified public service\u2019", "url": "https://www.irishtimes.com/news/ireland/irish-news/government-to-suspend-public-service-flexi-time-for-duration-of-covid-19-crisis-1.4225079", "urlToImage": "https://www.irishtimes.com/polopoly_fs/1.4225078.1586437642!/image/image.jpg", "publishedAt": "2020-04-09T13:07:22Z", "content": "The Government is to suspend the regular operation of flexi-time working arrangements in the public service for the duration of the current Covid-19 crisis.\r\nIn a new update to public service employers on working arrangements, the Department of Public Expendi\u2026 [+2305 chars]"}, {"source": {"id": "the-irish-times", "name": "The Irish Times"}, "author": "Mike Milotte", "title": "Meet the Irish woman near the top of New Zealand\u2019s Covid-19 response", "description": "\u2018Our advantage is that we are an island nation\u2019 \u2013 Dr Caroline McElnay", "url": "https://www.irishtimes.com/news/ireland/irish-news/meet-the-irish-woman-near-the-top-of-new-zealand-s-covid-19-response-1.4224223", "urlToImage": "https://www.irishtimes.com/image-creator/?id=1.4224216&origw=1440", "publishedAt": "2020-04-09T00:00:00Z", "content": "Dr Caroline McElnay grew up on a dairy farm near Bushmills, Co Antrim and went on to study medicine at Queens University Belfast and public health at Manchester University. She emigrated to New Zealand 25 years ago.\r\nNow, she is one of the public faces of\u00a0New\u2026 [+5545 chars]"}, {"source": {"id": "the-irish-times", "name": "The Irish Times"}, "author": "Simon Carswell, Jack Power", "title": "Coronavirus: Doctors fear Covid-19 yet to peak in the State as ICUs near full capacity", "description": "Medics are concerned at prospect of surge in critically ill patients in coming days", "url": "https://www.irishtimes.com/news/health/coronavirus-doctors-fear-covid-19-yet-to-peak-in-the-state-as-icus-near-full-capacity-1.4224457", "urlToImage": "https://www.irishtimes.com/image-creator/?id=1.4224455&origw=1440", "publishedAt": "2020-04-09T01:01:38Z", "content": "Emergency care doctors have expressed concern that the peak of the most critically ill coronavirus patients has yet to hit hospitals as existing intensive care units (ICUs) approach full capacity.\r\nMedics have raised concerns about a surge of critically ill p\u2026 [+3863 chars]"}, {"source": {"id": "the-irish-times", "name": "The Irish Times"}, "author": "Charlie Taylor", "title": "Cybercriminals actively exploiting Covid-19 pandemic", "description": "Warning that hackers targeting those working remotely and hospitals", "url": "https://www.irishtimes.com/business/technology/cybercriminals-actively-exploiting-covid-19-pandemic-1.4225314", "urlToImage": "https://www.irishtimes.com/image-creator/?id=1.4225313&origw=1350", "publishedAt": "2020-04-09T16:46:21Z", "content": "Cybercriminals are actively exploiting the Covid-19 pandemic to target the general public and businesses, the National Cyber Security Centre (NCSC) has warned.\r\nIn new guidance published this week it said the move has created a considerable amount of concern \u2026 [+1760 chars]"}, {"source": {"id": "the-irish-times", "name": "The Irish Times"}, "author": "Peter Hamilton", "title": "Kenmare resources suspends guidance on Covid-19 uncertainty", "description": "Mining company has drawn down debt facilities to cope with crisis", "url": "https://www.irishtimes.com/business/energy-and-resources/kenmare-resources-suspends-guidance-on-covid-19-uncertainty-1.4224953", "urlToImage": "https://www.irishtimes.com/image-creator/?id=1.4224952&origw=1440", "publishedAt": "2020-04-09T09:59:17Z", "content": "Mining group Kenmare Resources has suspended its guidance for this year due to the uncertain outlook caused by the Covid-19 pandemic and drawn down debt facilities to cope with the crisis.\r\nThe Irish company, which operates the Moma Titanium minerals mine in \u2026 [+2026 chars]"}, {"source": {"id": "the-irish-times", "name": "The Irish Times"}, "author": "Philip Stephens", "title": "Post-Covid, welfare of majority not the privileged is crucial", "description": "Caveat: State inertia and halfhearted system reform biggest dangers to liberal democracy", "url": "https://www.irishtimes.com/business/health-pharma/post-covid-welfare-of-majority-not-the-privileged-is-crucial-1.4225116", "urlToImage": "https://www.irishtimes.com/image-creator/?id=1.4225115&origw=1440", "publishedAt": "2020-04-09T14:02:15Z", "content": "Peer through the fog and the world after coronavirus takes on different shapes. Some of the boundaries have been drawn. The economic legacy of the pandemic will include steep falls in output, widespread business failures, higher unemployment and a pile-up of \u2026 [+5356 chars]"}, {"source": {"id": "the-irish-times", "name": "The Irish Times"}, "author": "The Irish Times", "title": "Bank of England to directly finance UK\u2019s Covid-19 spending", "description": "Move allows government to bypass bond market until pandemic subsides", "url": "https://www.irishtimes.com/business/economy/bank-of-england-to-directly-finance-uk-s-covid-19-spending-1.4225210", "urlToImage": "https://www.irishtimes.com/image-creator/?id=1.4225208&origw=1440", "publishedAt": "2020-04-09T15:10:14Z", "content": "The UK has become the first country to embrace the monetary financing of government to fund the immediate cost of fighting coronavirus, with the Bank of England (BoE)agreeing to a Treasury demand to directly finance the states spending needs on a temporary ba\u2026 [+4832 chars]"}, {"source": {"id": "the-irish-times", "name": "The Irish Times"}, "author": "Barry O'Halloran", "title": "DAA to cut workers\u2019 pay by 20% as Covid-19 travel bans continue", "description": "State company responsible for Cork and Dublin airports to put most staff on four-day week", "url": "https://www.irishtimes.com/business/transport-and-tourism/daa-to-cut-workers-pay-by-20-as-covid-19-travel-bans-continue-1.4225321", "urlToImage": "https://www.irishtimes.com/image-creator/?id=1.4225320&origw=1440", "publishedAt": "2020-04-09T16:56:29Z", "content": "DAA, the State company responsible for Cork and Dublin airports, will put most of its 3,500 workers on a four-day week for almost two months from April 26th, cutting their pay by 20 per cent.\r\nAirports remain open for cargo and other essential flights, but ai\u2026 [+1067 chars]"}, {"source": {"id": "the-irish-times", "name": "The Irish Times"}, "author": "The Irish Times", "title": "Diageo withdraws full-year forecast in face of global Covid shutdown", "description": "Lockdowns imposed by governments significantly impacted its business worldwide", "url": "https://www.irishtimes.com/business/agribusiness-and-food/diageo-withdraws-full-year-forecast-in-face-of-global-covid-shutdown-1.4224887", "urlToImage": "https://www.irishtimes.com/image-creator/?id=1.4224884&origw=1440", "publishedAt": "2020-04-09T07:15:55Z", "content": "Guinness parent Diageo, the worlds largest spirits maker, abandoned its annual forecast for sales and profit growth, and suspended its shareholder returns programme for the rest of the year in response to the coronavirus pandemic.\r\nThe Johnnie Walker whisky m\u2026 [+1876 chars]"}, {"source": {"id": "the-irish-times", "name": "The Irish Times"}, "author": "Laura Slattery", "title": "Covid-19 could push half a billion people into poverty, Oxfam warns", "description": "Charity calls for debt cancellation, solidarity taxes and a swift boost to overseas aid", "url": "https://www.irishtimes.com/business/economy/covid-19-could-push-half-a-billion-people-into-poverty-oxfam-warns-1.4224336", "urlToImage": "https://www.irishtimes.com/image-creator/?id=1.4224333&origw=1440", "publishedAt": "2020-04-09T04:20:15Z", "content": "The economic fallout from the Covid-19 pandemic could push half a billion more people into poverty unless action is taken to bail out developing countries, Oxfam has warned.\r\nThe charity group is calling on world leaders to agree an economic rescue package to\u2026 [+3552 chars]"}, {"source": {"id": "the-irish-times", "name": "The Irish Times"}, "author": "Derek Scally", "title": "After getting ahead in Covid testing, Berlin now hopes to get ahead in recovery", "description": "Germany has mobilised every reserve and cranked up every economic generator to insulate business from worst economic shocks", "url": "https://www.irishtimes.com/business/economy/after-getting-ahead-in-covid-testing-berlin-now-hopes-to-get-ahead-in-recovery-1.4224318", "urlToImage": "https://www.irishtimes.com/image-creator/?id=1.4224314&origw=1440", "publishedAt": "2020-04-09T04:30:41Z", "content": "Germanys so-called economic wise men (including shock! one woman) are better known for hedging than hyperbole. So their grim coronavirus warning on Wednesday is worth heeding: Europes largest economy is facing a grave recession, with the steepest quarterly sl\u2026 [+2081 chars]"}, {"source": {"id": "the-irish-times", "name": "The Irish Times"}, "author": "The Irish Times", "title": "Covid message", "description": "A chara, \u2013 This Easter weekend the advice for families with holiday homes is to Cancel Overnight Visits for Infection Defence, or Covid. \u2013 Is mise, DERMOT O\u2019ROURKE, Lucan, Co Dublin.", "url": "https://www.irishtimes.com/opinion/letters/covid-message-1.4225351", "urlToImage": "https://www.irishtimes.com/polopoly_fs/1.3619339.1536160376!/image/image.jpg", "publishedAt": "2020-04-09T23:36:00Z", "content": "A chara, This Easter weekend the advice for families with holiday homes is to Cancel Overnight Visits for Infection Defence, or Covid. Is mise, \r\nDERMOT OROURKE,\r\nLucan, Co Dublin."}, {"source": {"id": "the-irish-times", "name": "The Irish Times"}, "author": "Pat Leahy, Jennifer Bray, Jack Power, Conor Gallagher, Simon Carswell", "title": "Government to announce extension of Covid-19 restrictions", "description": "Several senior sources expect the restrictions will remain in place until the May bank holiday weekend", "url": "https://www.irishtimes.com/news/politics/government-to-announce-extension-of-covid-19-restrictions-1.4225521", "urlToImage": "https://www.irishtimes.com/polopoly_fs/1.4225516.1586466463!/image/image.jpg", "publishedAt": "2020-04-09T23:05:00Z", "content": "The Government will on Friday announce an extension of the Covid-19 restrictions on commercial and social life, but is expected to indicate that a partial lifting of the strict regime could take place next month if the rate of infections continues to fall.\r\nT\u2026 [+5274 chars]"}, {"source": {"id": "the-irish-times", "name": "The Irish Times"}, "author": "Peter Hamilton", "title": "Bank puts business owner on hold for month on Covid finance", "description": "Hairdresser needed extra finance to ensure salon would survive coronavirus", "url": "https://www.irishtimes.com/business/financial-services/bank-puts-business-owner-on-hold-for-month-on-covid-finance-1.4224250", "urlToImage": "https://www.irishtimes.com/image-creator/?id=1.4224233&origw=1143", "publishedAt": "2020-04-09T04:33:42Z", "content": "Kevin Bodenham thought he was acting responsibly when he contacted his bank to arrange extra finance for his hairdressing business as Covid-19 threatened.\r\nMr Bodenham, who has run Moyo Hair and Beauty in Dublin 2 since 2008, is one of a vast number of busine\u2026 [+2469 chars]"}, {"source": {"id": "the-irish-times", "name": "The Irish Times"}, "author": "Colin Gleeson", "title": "GPs urge people with Covid-19 symptoms to self-isolate at home", "description": "Irish College of General Practitioners said vulnerable family members could be at risk", "url": "https://www.irishtimes.com/news/health/gps-urge-people-with-covid-19-symptoms-to-self-isolate-at-home-1.4224856", "urlToImage": "https://www.irishtimes.com/image-creator/?id=1.4224855&origw=1440", "publishedAt": "2020-04-09T06:00:39Z", "content": "General practitioners (GPs) have urged anyone with mild symptoms of Covid-19 to self-isolate in order to protect vulnerable people in family homes.\r\nThe Irish College of General Practitioners, the professional body for general practice, described mild symptom\u2026 [+2261 chars]"}, {"source": {"id": "the-irish-times", "name": "The Irish Times"}, "author": "Kevin O'Sullivan", "title": "Irish researchers develop split ventilator for use on two Covid-19 patients at once", "description": "The new device was developed by clinicians and members of the med tech sector in Galway", "url": "https://www.irishtimes.com/news/health/irish-researchers-develop-split-ventilator-for-use-on-two-covid-19-patients-at-once-1.4225528", "urlToImage": "https://www.irishtimes.com/image-creator/?id=1.4225527&origw=1440", "publishedAt": "2020-04-09T23:01:00Z", "content": "A team based in Galway has developed an adjustable split ventilator which can be used on two Covid-19 patients in intensive care at the one time.\r\nAs scaling up of ventilator production around the world in response to shortages caused by the pandemic is expec\u2026 [+4006 chars]"}, {"source": {"id": "the-irish-times", "name": "The Irish Times"}, "author": "Marie O'Halloran", "title": "Easter liturgies move online in response to Covid-19 restrictions", "description": "As hundreds of priests cocoon, crisis turns liturgical ceremonies into closed-door events", "url": "https://www.irishtimes.com/news/politics/easter-liturgies-move-online-in-response-to-covid-19-restrictions-1.4225366", "urlToImage": "https://www.irishtimes.com/image-creator/?id=1.4225364&origw=1440", "publishedAt": "2020-04-09T17:47:12Z", "content": "Easter liturgies will take place behind closed doors across Ireland as the coronavirus disrupts the most important week in the Christian calendar. It has transformed these most significant religious ceremonies into online events with at most 10 people attendi\u2026 [+3481 chars]"}, {"source": {"id": "the-irish-times", "name": "The Irish Times"}, "author": "Sorcha Pollak", "title": "Four isolation facilities to open for asylum seekers with Covid-19", "description": "SORCHA POLLAK Four self-isolation facilities for direct provision residents who display Covid-19 symptoms are set to be in operation by the end of the week with one centre open since Monday, the Department of Justice has said. The use of dedicated facilities \u2026", "url": "https://www.irishtimes.com/news/social-affairs/four-isolation-facilities-to-open-for-asylum-seekers-with-covid-19-1.4225036", "urlToImage": "https://www.irishtimes.com/image-creator/?id=1.4225035&origw=620", "publishedAt": "2020-04-09T12:22:27Z", "content": "Four self-isolation facilities for direct provision residents who display Covid-19 symptoms are set to be in operation by the end of the week with one centre open since Monday, the Department of Justice has said.\r\nThe use of dedicated facilities in Dublin, Co\u2026 [+4632 chars]"}]}