{"status": "ok", "totalResults": 30, "articles": [{"source": {"id": "the-irish-times", "name": "The Irish Times"}, "author": "Barry Roche", "title": "Garda\u00ed operating Covid-19 checkpoint seize \u20ac70,000 worth of heroin", "description": "Garda\u00ed say they remain vigilant on crime and drug dealing amid pandemic", "url": "https://www.irishtimes.com/news/ireland/irish-news/garda%C3%AD-operating-covid-19-checkpoint-seize-70-000-worth-of-heroin-1.4218162", "urlToImage": "https://www.irishtimes.com/image-creator/?id=1.4218160&origw=1440", "publishedAt": "2020-04-01T17:49:20Z", "content": "Garda\u00ed have warned drug dealers that they remain vigilant to their activities and will continue to pursue them even in the midst of the Covid-19 pandemic as evidenced by a 70,000 heroin seizure in North Cork yesterday.\r\nChief Supt Tom Myers of North Cork Gard\u2026 [+2288 chars]"}, {"source": {"id": "the-irish-times", "name": "The Irish Times"}, "author": "Brian Hutton", "title": "Cross-Border workers denied Covid-19 emergency benefit, TDs say", "description": "Affected woman says: \u2018I\u2019ve paid all my taxes and stamps in the South. Where has that money gone?\u2019", "url": "https://www.irishtimes.com/news/social-affairs/cross-border-workers-denied-covid-19-emergency-benefit-tds-say-1.4217056", "urlToImage": "https://www.irishtimes.com/image-creator/?id=1.4217055&origw=1440", "publishedAt": "2020-04-01T00:05:00Z", "content": "Thousands of cross-Border workers are being refused emergency Covid-19 payments because they live in Northern Ireland, TDs from the region say.\r\nDonegal deputy Thomas Pringle said he had been inundated with distressed people contacting him after being denied \u2026 [+3317 chars]"}, {"source": {"id": "the-irish-times", "name": "The Irish Times"}, "author": "Martin Wall", "title": "Dublin Bus tells union it has 582 surplus drivers due to Covid-19 service cuts", "description": "National Bus and Rail Union tells members the State-owned transport company has expressed concern about its future viability", "url": "https://www.irishtimes.com/news/ireland/irish-news/dublin-bus-tells-union-it-has-582-surplus-drivers-due-to-covid-19-service-cuts-1.4218293", "urlToImage": "https://www.irishtimes.com/polopoly_fs/1.4218291.1585770307!/image/image.jpg", "publishedAt": "2020-04-01T19:44:57Z", "content": "Dublin Bus has told trade unions that it now has nearly 600 surplus drivers after it moved to a Saturday schedule on foot of the current Covid-19 crisis.\r\nThe National Bus and Rail Union (NBRU) said in a note to members that management at the State-owned tran\u2026 [+1183 chars]"}, {"source": {"id": "the-irish-times", "name": "The Irish Times"}, "author": "Kitty Holland", "title": "Covid-19 cutting drug users and recovering addicts off from key supports", "description": "Merchants Quay Ireland fears relapse and deaths among \u2018very vulnerable demographic\u2019", "url": "https://www.irishtimes.com/news/social-affairs/covid-19-cutting-drug-users-and-recovering-addicts-off-from-key-supports-1.4217111", "urlToImage": "https://www.irishtimes.com/image-creator/?id=1.4217106&origw=1440", "publishedAt": "2020-04-01T05:00:00Z", "content": "Derek (35) had been stable, off heroin for the past five months and was to start a residential detoxification programme next week. \r\nId been working so hard to stay stable, stay clean, he says. \r\nHe had stayed away from friends who drink and was taking 30ml o\u2026 [+4166 chars]"}, {"source": {"id": "the-irish-times", "name": "The Irish Times"}, "author": "Paul Cullen, Jack Horgan-Jones", "title": "Coronavirus: Irish death rate from Covid-19 rises to 2.4% of cases", "description": "It will take 10 days to reach testing goal, Minister says", "url": "https://www.irishtimes.com/news/ireland/irish-news/coronavirus-varadkar-says-there-will-be-delay-in-testing-and-results-in-coming-weeks-1.4217657", "urlToImage": "https://www.irishtimes.com/image-creator/?id=1.4217811&origw=1440", "publishedAt": "2020-04-01T08:56:34Z", "content": "Taoiseach Leo Varadkar has said there will be delays in Covid-19 tests and results in the coming weeks.\r\nSpeaking in Dublin on Wednesday, Mr Varadkar told reporters he understands the anxiety and worry of people waiting for tests and results. He said: The cur\u2026 [+5678 chars]"}, {"source": {"id": "the-irish-times", "name": "The Irish Times"}, "author": "Jennifer Bray", "title": "Coronavirus: Contact tracing to be extended to suspected cases in effort to combat Covid-19", "description": "Varadkar says there will be delays in testing and results in coming weeks", "url": "https://www.irishtimes.com/news/ireland/irish-news/coronavirus-contact-tracing-to-be-extended-to-suspected-cases-in-effort-to-combat-covid-19-1.4217657", "urlToImage": "https://www.irishtimes.com/image-creator/?id=1.4217811&origw=1440", "publishedAt": "2020-04-01T08:56:34Z", "content": "Contact tracing will now be carried out for those suspected of having coronavirus as part of new measures to halt its spread, the Minister for Health Simon Harris has said.\r\nA team of 1,400 health officials will now begin contacting those who have been in clo\u2026 [+7215 chars]"}, {"source": {"id": "the-irish-times", "name": "The Irish Times"}, "author": "Colm Keena", "title": "Coronavirus: People in residential care with Covid-19 should be kept in homes, crisis team says", "description": "NPHET develops enhanced policies aimed at preventing spread in nursing homes", "url": "https://www.irishtimes.com/news/health/people-in-residential-care-with-covid-19-should-be-kept-in-homes-crisis-team-says-1.4218071", "urlToImage": "https://www.irishtimes.com/image-creator/?id=1.4218070&origw=1440", "publishedAt": "2020-04-01T16:13:44Z", "content": "The residents of nursing homes and other residential care institutions who have Covid-19 should be kept in the homes if there is no clinical or other advantage to them being moved, according to the national team overseeing the coronavirus crisis.\r\nWith approx\u2026 [+2957 chars]"}, {"source": {"id": "the-irish-times", "name": "The Irish Times"}, "author": "Paul Cullen", "title": "Coronavirus: Irish death rate from Covid-19 rises to 2.4% of cases", "description": "Overall rate likely to be lower when undiagnosed cases are eventually calculated", "url": "https://www.irishtimes.com/news/health/coronavirus-irish-death-rate-from-covid-19-rises-to-2-4-of-cases-1.4217851", "urlToImage": "https://www.irishtimes.com/image-creator/?id=1.4217845&origw=1440", "publishedAt": "2020-04-01T13:48:10Z", "content": "The death rate from Covid-19 in the State has risen to 2.4 per cent, a new report shows, as the disease takes a further toll on vulnerable groups.\r\nOf the 2,677 laboratory confirmed cases of the virus, 64 had died by last Monday, giving a case fatality rate o\u2026 [+1365 chars]"}, {"source": {"id": "the-irish-times", "name": "The Irish Times"}, "author": "Kevin O'Sullivan", "title": "Covid-19: Critically ill Irish patients to take part in global clinical trial", "description": "International trial aims to ensure findings on possible treatments are shared quickly", "url": "https://www.irishtimes.com/news/health/covid-19-critically-ill-irish-patients-to-take-part-in-global-clinical-trial-1.4217263", "urlToImage": "https://www.irishtimes.com/polopoly_fs/1.4217257.1585695516!/image/image.jpg", "publishedAt": "2020-04-01T00:00:00Z", "content": "Critically ill Irish patients with Covid-19 in intensive care units (ICU) are to take part in a global clinical trial evaluating potential treatments for the virus.\r\nThe trial will start enrolling patients in coming days. It is the first international, multi-\u2026 [+2409 chars]"}, {"source": {"id": "the-irish-times", "name": "The Irish Times"}, "author": "Patsy McGarry", "title": "Coronavirus: Catholic priests under pressure to perform funeral Masses despite Covid-19", "description": "Significant numbers of Irish Catholic priests cocooned in their homes as they are over 70", "url": "https://www.irishtimes.com/news/social-affairs/religion-and-beliefs/coronavirus-catholic-priests-under-pressure-to-perform-funeral-masses-despite-covid-19-1.4217162", "urlToImage": "https://www.irishtimes.com/image-creator/?id=1.4214991&origw=711", "publishedAt": "2020-04-01T00:00:03Z", "content": "Catholic priests are coming under continuing pressure to hold funeral Masses, particularly in rural Ireland, despite Government restrictions due to coronavirus.\r\nFr Brendan Hoban, co-founder of the Association of Catholic Priests, called on the Irish bishops \u2026 [+3696 chars]"}, {"source": {"id": "the-irish-times", "name": "The Irish Times"}, "author": "Ronald Quinlan", "title": "Tara Mines to resume operations despite Covid-19 risk", "description": "Owner says facility is \u2018essential\u2019 to supply of zinc and lead used in healthcare applications", "url": "https://www.irishtimes.com/business/energy-and-resources/tara-mines-to-resume-operations-despite-covid-19-risk-1.4217994", "urlToImage": "https://www.irishtimes.com/image-creator/?id=1.4217993&origw=1440", "publishedAt": "2020-04-01T12:00:00Z", "content": "Workers at Tara Mines have been told that the mine will resume production on Thursday morning after its Swedish owner, Boliden, determined that its operation is an essential service. \r\nWhile most workplaces outside those involved in the delivery of frontline \u2026 [+2364 chars]"}, {"source": {"id": "the-irish-times", "name": "The Irish Times"}, "author": null, "title": "Irish company working on Covid-19 test gets EU funding", "description": "Hibergene receives \u20ac1m from European Commission as it fast-tracks diagnostic test", "url": "https://www.irishtimes.com/business/health-pharma/irish-company-working-on-covid-19-test-gets-eu-funding-1.4217863", "urlToImage": "https://www.irishtimes.com/polopoly_fs/1.4217862.1585772105!/image/image.jpg", "publishedAt": "2020-04-01T13:56:08Z", "content": "Dublin-based medtech company Hibergene, which is working on a rapid diagnostic test for Covid-19, has secured funding of 1 million from the European Union for the project.\r\nThe companys Hg nCoV 19 test project is expected to deliver results within 60 minutes.\u2026 [+177 chars]"}, {"source": {"id": "the-irish-times", "name": "The Irish Times"}, "author": "Aodhan O'Faolain", "title": "DPD claims agents using Covid-19 for commercial reasons", "description": "Delivery firm gets injunctions against agents over allegedly seeking to discontinue services", "url": "https://www.irishtimes.com/business/retail-and-services/dpd-claims-agents-using-covid-19-for-commercial-reasons-1.4218173", "urlToImage": "https://www.irishtimes.com/image-creator/?id=1.4218171&origw=1440", "publishedAt": "2020-04-01T18:08:50Z", "content": "A logistics and parcel delivery firm has secured temporary High Court injunctions against two agents over allegedly seeking to discontinue their services arising from the Covid-19 emergency.\r\nInterlink Ireland Ltd claims both agents have said they would disco\u2026 [+3495 chars]"}, {"source": {"id": "the-irish-times", "name": "The Irish Times"}, "author": "Barry O'Halloran", "title": "Cityjet seeks auditors\u2019 advice on navigating Covid-19 crisis", "description": "Airline flies routes on contract for grounded European carriers", "url": "https://www.irishtimes.com/business/transport-and-tourism/cityjet-seeks-auditors-advice-on-navigating-covid-19-crisis-1.4217732", "urlToImage": "https://www.irishtimes.com/image-creator/?id=1.4217731&origw=1440", "publishedAt": "2020-04-01T11:07:51Z", "content": "Cityjet is seeking advice from its auditors Deloitte and other parties as it navigates through the Covid-19 crisis, the airline confirmed. \r\nThe Dublin-based carrier flies mainly short-haul routes under contract to European airlines such as Scandinavias SAS a\u2026 [+1049 chars]"}, {"source": {"id": "the-irish-times", "name": "The Irish Times"}, "author": "The Irish Times", "title": "British American Tobacco working on Covid-19 vaccine", "description": "BAT\u2019s US biotech unit working on vaccine using tobacco leaves", "url": "https://www.irishtimes.com/business/manufacturing/british-american-tobacco-working-on-covid-19-vaccine-1.4217741", "urlToImage": "https://www.irishtimes.com/image-creator/?id=1.4217740&origw=1440", "publishedAt": "2020-04-01T11:30:11Z", "content": "British American Tobacco, the maker of Benson &amp; Hedges and Lucky Strike cigarettes, said on Wednesday its US biotech unit was working on a potential vaccine for Covid-19 using proteins extracted from tobacco leaves.\r\nKentucky BioProcessing (KBP), the unit\u2026 [+1549 chars]"}, {"source": {"id": "the-irish-times", "name": "The Irish Times"}, "author": "Deirdre Costello", "title": "Covid-19 crisis puts value of the modern-day office into focus", "description": "Humans are hypersocial and work best as part of a team in colloborative environments", "url": "https://www.irishtimes.com/business/commercial-property/covid-19-crisis-puts-value-of-the-modern-day-office-into-focus-1.4216863", "urlToImage": "https://www.irishtimes.com/image-creator/?id=1.4216853&origw=1259", "publishedAt": "2020-04-01T04:45:00Z", "content": "For many years there has been a lot of noise that improvements in connectivity via new technologies would result in a drop in demand for office space because so people would be working from home. \r\nMany will now say that working from home has been tested and \u2026 [+3446 chars]"}, {"source": {"id": "the-irish-times", "name": "The Irish Times"}, "author": "Peter Hamilton", "title": "Revenue accelerates payment of R&D credit to help during Covid-19 crisis", "description": "Credit allows companies to reclaim 25% of expenditure on R&D", "url": "https://www.irishtimes.com/business/financial-services/revenue-accelerates-payment-of-r-d-credit-to-help-during-covid-19-crisis-1.4217901", "urlToImage": "https://www.irishtimes.com/image-creator/?id=1.4217900&origw=1440", "publishedAt": "2020-04-01T14:25:01Z", "content": "Revenue will expedite payment of the research and development tax credit in a move that could free up thousands of euro in cash for businesses struggling during the Covid-19 crisis. \r\nThe States tax collector said in selected cases, it will accelerate payment\u2026 [+2150 chars]"}, {"source": {"id": "the-irish-times", "name": "The Irish Times"}, "author": "Eoin Burke-Kennedy", "title": "\u20ac16m in unclaimed lottery money to support Covid-19 health effort", "description": "Long-running dispute over unclaimed prize pot resolved with funds going to good causes", "url": "https://www.irishtimes.com/business/financial-services/16m-in-unclaimed-lottery-money-to-support-covid-19-health-effort-1.4218054", "urlToImage": "https://www.irishtimes.com/image-creator/?id=1.4218053&origw=1440", "publishedAt": "2020-04-01T15:58:52Z", "content": "The operator of the National Lottery has agreed to have more than 16 million in unclaimed prize money, which had been the subject of a dispute, transferred to the exchequer to help support Covid-19 health measures.\r\nThe money dates back to when the National L\u2026 [+2119 chars]"}, {"source": {"id": "the-irish-times", "name": "The Irish Times"}, "author": "Charlie Taylor", "title": "Mater hospital turns to robots to help in battle against Covid-19", "description": "Hospital using robotic process automation to free up nurses to deal with infection control", "url": "https://www.irishtimes.com/business/technology/mater-hospital-turns-to-robots-to-help-in-battle-against-covid-19-1.4217757", "urlToImage": "https://www.irishtimes.com/polopoly_fs/1.4217756.1585741322!/image/image.jpg", "publishedAt": "2020-04-01T11:42:14Z", "content": "A Romanian robotic software company has teamed up with the Mater Hospital in Dublin to free up nurses from time-consuming admin work so they can concentrate on dealing with infection control, including Covid-19.\r\nUiPath, a company whose backers include Dublin\u2026 [+1940 chars]"}, {"source": {"id": "the-irish-times", "name": "The Irish Times"}, "author": "Joe Brennan", "title": "NTMA to raise billions of euro for State in bond sale amid Covid-19", "description": "Move comes as bill to fight impact of virus climbs", "url": "https://www.irishtimes.com/business/economy/ntma-to-raise-billions-of-euro-for-state-in-bond-sale-amid-covid-19-1.4217691", "urlToImage": "https://www.irishtimes.com/image-creator/?id=1.4217678&origw=1440", "publishedAt": "2020-04-01T09:36:42Z", "content": "The National Treasury Management Agency (NTMA) said on Wednesday that it plans to hire a group of banks to market a large bond deal in April, at a time when the Governments bill to fight the impact of Covid-19 on the health system and economy is rising. \r\nIt \u2026 [+3774 chars]"}, {"source": {"id": "the-irish-times", "name": "The Irish Times"}, "author": "Michael McDowell", "title": "Michael McDowell: Covid-19 crisis raises important points on the limits of the EU", "description": "State governments are better placed than Brussels to judge required remedial action", "url": "https://www.irishtimes.com/opinion/michael-mcdowell-covid-19-crisis-raises-important-points-on-the-limits-of-the-eu-1.4216994", "urlToImage": "https://www.irishtimes.com/image-creator/?id=1.4216989&origw=1440", "publishedAt": "2020-04-01T05:00:00Z", "content": "Only time will tell whether the Governments relief package including the wage subsidy will be effective in saving a broad range of enterprises from financial collapse in the coming weeks. Because it was emergency legislation, it was rushed. It leaves a lot of\u2026 [+5235 chars]"}, {"source": {"id": "the-irish-times", "name": "The Irish Times"}, "author": "Michael Jansen", "title": "Lack of official transparency leaves Egyptians unclear about Covid-19", "description": "Desperate Egyptians are killing cats in the mistaken belief they carry coronavirus. The lack of official transparency about the causes and cases of the virus has left the multitude of poor Egyptians to rely on rumours and false news. On Tuesday, the health mi\u2026", "url": "https://www.irishtimes.com/news/world/middle-east/lack-of-official-transparency-leaves-egyptians-unclear-about-covid-19-1.4218105", "urlToImage": "https://www.irishtimes.com/image-creator/?id=1.4218101&origw=1440", "publishedAt": "2020-04-01T17:01:24Z", "content": "Desperate Egyptians are killing cats in the mistaken belief they carry coronavirus. \r\nThe lack of official transparency about the causes and cases of the virus has left the multitude of poor Egyptians to rely on rumours and false news. On Tuesday, the health \u2026 [+3079 chars]"}, {"source": {"id": "the-irish-times", "name": "The Irish Times"}, "author": "Paul Cullen, Jack Horgan-Jones", "title": "Coronavirus: Irish death rate from Covid-19 rises to 2.4% of cases", "description": "It will take 10 days to reach testing goal, Minister says", "url": "https://www.irishtimes.com/news/ireland/irish-news/coronavirus-varadkar-says-there-will-be-delay-in-testing-and-results-in-coming-weeks-1.4217657", "urlToImage": "https://www.irishtimes.com/image-creator/?id=1.4217811&origw=1440", "publishedAt": "2020-04-01T08:56:34Z", "content": "Taoiseach Leo Varadkar has said there will be delays in Covid-19 tests and results in the coming weeks.\r\nSpeaking in Dublin on Wednesday, Mr Varadkar told reporters he understands the anxiety and worry of people waiting for tests and results. He said: The cur\u2026 [+5678 chars]"}, {"source": {"id": "the-irish-times", "name": "The Irish Times"}, "author": "Joe Brennan", "title": "Frontline bank workers to get pay top-ups during Covid-19 crisis", "description": "Bank staff dealt with about 7,000 calls a day last week from business customers", "url": "https://www.irishtimes.com/business/financial-services/frontline-bank-workers-to-get-pay-top-ups-during-covid-19-crisis-1.4217213", "urlToImage": "https://www.irishtimes.com/image-creator/?id=1.4217209&origw=1440", "publishedAt": "2020-04-01T02:20:38Z", "content": "Thousands of frontline bank workers are being offered top-up payments for putting their shoulders to the wheel as the sector seeks to maintain services during the coronavirus crisis. \r\nPermanent TSB has offered to pay a customer support allowance of 50 a day \u2026 [+2873 chars]"}, {"source": {"id": "the-irish-times", "name": "The Irish Times"}, "author": "Joe Brennan", "title": "PTSB mortgage holders in arrears face shorter Covid-19 payment breaks", "description": "Bank offering interim arrangements of two months\u2019 payment holidays for arrears cases", "url": "https://www.irishtimes.com/business/financial-services/ptsb-mortgage-holders-in-arrears-face-shorter-covid-19-payment-breaks-1.4217187", "urlToImage": "https://www.irishtimes.com/image-creator/?id=1.4217185&origw=1440", "publishedAt": "2020-04-01T01:55:30Z", "content": "Permanent TSB is holding back from offering mortgage holders already in arrears the full standard three-month mortgage payment break that banks in the Republic are making available to borrowers affected by the coronavirus crisis. \r\nPTSB is only offering an in\u2026 [+2493 chars]"}, {"source": {"id": "the-irish-times", "name": "The Irish Times"}, "author": "Joe Brennan", "title": "NTMA to raise billions of euro for State in bond sale to meet costs of Covid-19 crisis", "description": "Move comes at a time when the Government\u2019s bill to fight the impact of Covid-19 on the health system and economy is rising", "url": "https://www.irishtimes.com/business/economy/ntma-to-raise-billions-of-euro-for-state-in-bond-sale-to-meet-costs-of-covid-19-crisis-1.4217691", "urlToImage": "https://www.irishtimes.com/image-creator/?id=1.4217678&origw=1440", "publishedAt": "2020-04-01T09:36:42Z", "content": "The National Treasury Management Agency (NTMA) said on Tuesday that it plans to hire a group of banks to market a large bond deal in April, at a time when the Governments bill to fight the impact of Covid-19 on the health system and economy is rising. \r\nIt is\u2026 [+790 chars]"}, {"source": {"id": "the-irish-times", "name": "The Irish Times"}, "author": "Charlie Taylor", "title": "Irish company working on Covid-19 test gets European Union funding", "description": "Dublin-based medtech company Hibergene, which is working on a rapid diagnostic test for Covid-19, has secured funding of \u20ac1 million from the European Union for the project. The company\u2019s \u201cHg ncoV 19\u201d test project is expected to deliver results within 60 minut\u2026", "url": "https://www.irishtimes.com/business/health-pharma/irish-company-working-on-covid-19-test-gets-european-union-funding-1.4217863", "urlToImage": "https://www.irishtimes.com/polopoly_fs/1.4217862.1585749358!/image/image.jpg", "publishedAt": "2020-04-01T13:56:08Z", "content": "Dublin-based medtech company Hibergene, which is working on a rapid diagnostic test for Covid-19, has secured funding of 1 million from the European Union for the project.\r\nThe companys Hg ncoV 19 test project is expected to deliver results within 60 minutes.\u2026 [+1402 chars]"}, {"source": {"id": "the-irish-times", "name": "The Irish Times"}, "author": "Tom Tuite", "title": "Covid-19 threat denied by homeless woman accused of attacking two garda\u00ed", "description": "TOM TUITE A homeless woman accused of attacking two garda\u00ed in Dublin city-centre has been refused bail after a court heard she spat at them and threatened she had the coronavirus. Julie McDonagh (34), who is of no fixed abode, was charged with assault causing\u2026", "url": "https://www.irishtimes.com/news/crime-and-law/courts/district-court/covid-19-threat-denied-by-homeless-woman-accused-of-attacking-two-garda%C3%AD-1.4218018", "urlToImage": "https://www.irishtimes.com/polopoly_fs/1.2302052.1438259328!/image/image.png", "publishedAt": "2020-04-01T15:41:56Z", "content": "TOM TUITE \r\nA homeless woman accused of attacking two garda\u00ed in Dublin city-centre has been refused bail after a court heard she spat at them and threatened she had the coronavirus.\r\nJulie McDonagh (34), who is of no fixed abode, was charged with assault caus\u2026 [+1527 chars]"}, {"source": {"id": "the-irish-times", "name": "The Irish Times"}, "author": "Kathy Sheridan", "title": "Kathy Sheridan: I should be enjoying the Covid-19 lockdown but I cannot", "description": "Way back in the pre-Covid-19 era, a cabinet-level politician en route to a television showdown confided that he occasionally fantasised about incurring an injury that would \u201cforce\u201d him to rest at home for a couple of months. The injury had to be carefully cal\u2026", "url": "https://www.irishtimes.com/opinion/kathy-sheridan-i-should-be-enjoying-the-covid-19-lockdown-but-i-cannot-1.4216996", "urlToImage": "https://www.irishtimes.com/image-creator/?id=1.4216987&origw=1440", "publishedAt": "2020-04-01T00:00:00Z", "content": "Way back in the pre-Covid-19 era, a cabinet-level politician en route to a television showdown confided that he occasionally fantasised about incurring an injury that would force him to rest at home for a couple of months. The injury had to be carefully calib\u2026 [+4891 chars]"}, {"source": {"id": "the-irish-times", "name": "The Irish Times"}, "author": "The Irish Times", "title": "Texan spring break group tests positive for Covid-19 after Mexico trip", "description": "Critics say Mexico\u2019s low number of confirmed cases is because of poor testing rates", "url": "https://www.irishtimes.com/news/world/us/texan-spring-break-group-tests-positive-for-covid-19-after-mexico-trip-1.4217619", "urlToImage": "https://www.irishtimes.com/image-creator/?id=1.4217618&origw=662", "publishedAt": "2020-04-01T06:34:50Z", "content": "Twenty-eight students who returned to Texas after spring break at Mexicos Cabo San Lucas beach resort have tested positive for coronavirus, although Mexican officials pushed back against the suggestion that they picked up the virus at the tourist spot.\r\nThe 2\u2026 [+2985 chars]"}]}