{"status": "ok", "totalResults": 7, "articles": [{"source": {"id": "the-irish-times", "name": "The Irish Times"}, "author": "Kevin O'Sullivan", "title": "Coronavirus - the science: Will Covid-19 die this summer?", "description": "Edition 2: Is a lockdown in Ireland now inevitable to curb the spread of coronavirus?", "url": "https://www.irishtimes.com/news/health/coronavirus-the-science-will-covid-19-die-this-summer-1.4209033", "urlToImage": "https://www.irishtimes.com/image-creator/?id=1.4209032&origw=1279", "publishedAt": "2020-03-21T12:13:35Z", "content": "This is part of a series of regular updates from Irish Times Environment and Science Editor Kevin OSullivan who is examaining scientific initiatives and developments on coronavirus. Part one can be\u00a0found here.\r\nThe horrible aspect of the Covid-19 pandemic is \u2026 [+5212 chars]"}, {"source": {"id": "the-irish-times", "name": "The Irish Times"}, "author": "Colin Gleeson", "title": "Taoiseach lays out devastating economic effects of Covid-19", "description": "Business Week: widespread job losses forecast with no sector of the economy to escape", "url": "https://www.irishtimes.com/business/taoiseach-lays-out-devastating-economic-effects-of-covid-19-1.4208172", "urlToImage": "https://www.irishtimes.com/image-creator/?id=1.4208171&origw=1440", "publishedAt": "2020-03-21T08:04:00Z", "content": "Taoiseach Leo Varadkar won widespread acclaim for his televised address to the nation on St Patricks Day this week, but the address will also have left few in any doubt as to the scale of the crisis facing the country right now.\r\nNot only are things likely to\u2026 [+7925 chars]"}, {"source": {"id": "the-irish-times", "name": "The Irish Times"}, "author": "Simon Carswell", "title": "Medtech sector seeks special status to keep Covid suppies flowing", "description": "Makers of life-saving equipment want State backing to protect supplies and production", "url": "https://www.irishtimes.com/business/medtech-sector-seeks-special-status-to-keep-covid-suppies-flowing-1.4208262", "urlToImage": "https://www.irishtimes.com/image-creator/?id=1.4208258&origw=1440", "publishedAt": "2020-03-21T04:15:32Z", "content": "Irish companies making medical devices such as ventilators and medicines that are critical in saving people during the coronavirus epidemic want special status, known as red badging, from the Government to protect their businesses in the event of further rest\u2026 [+3048 chars]"}, {"source": {"id": "the-irish-times", "name": "The Irish Times"}, "author": "The Irish Times", "title": "While public is distracted by Covid-19, Nama shrugs off loan sale findings", "description": "Watchdog\u2019s report into the sale of Project Nantes buried under blizzard of news", "url": "https://www.irishtimes.com/business/commercial-property/while-public-is-distracted-by-covid-19-nama-shrugs-off-loan-sale-findings-1.4208238", "urlToImage": "https://www.irishtimes.com/image-creator/?id=1.4208237&origw=1440", "publishedAt": "2020-03-21T04:35:00Z", "content": "Paschal Donohoe, the Minister for Finance, has been sitting on The Comptroller and Auditor Generals report into the knockdown sale by Nama of loans linked to Derek Quinlan for three months. He received the report from Seamus McCarthys office on the day before\u2026 [+2049 chars]"}, {"source": {"id": "the-irish-times", "name": "The Irish Times"}, "author": "Cliff Taylor", "title": "Cliff Taylor: Where will the Government get the money to pay the Covid-19 bills?", "description": "Coronavirus costs are soaring and the budget outlook has completely transformed", "url": "https://www.irishtimes.com/opinion/cliff-taylor-where-will-the-government-get-the-money-to-pay-the-covid-19-bills-1.4208005", "urlToImage": "https://www.irishtimes.com/image-creator/?id=1.4208004&origw=1440", "publishedAt": "2020-03-21T01:00:00Z", "content": "The special Cabinet subcommittee on coronavirus met for the first time 12 days ago. Since then, everything has turned on its head. The economic cost has soared, seemingly over a period of days. Ireland may see a hit to economic output and employment of a scal\u2026 [+5171 chars]"}, {"source": {"id": "the-irish-times", "name": "The Irish Times"}, "author": "Ross O'Carroll-Kelly", "title": "Ross O\u2019Carroll-Kelly: \u2018You\u2019re not going out, Ross. Not bringing Covid-19 into this house!\u2019", "description": "For five days, I\u2019ve been stuck in the house, thinking \u2018God, my family are annoying'", "url": "https://www.irishtimes.com/life-and-style/people/ross-o-carroll-kelly-you-re-not-going-out-ross-not-bringing-covid-19-into-this-house-1.4204241", "urlToImage": "https://www.irishtimes.com/image-creator/?id=1.4204232&origw=1440", "publishedAt": "2020-03-21T06:03:00Z", "content": "In times of, I dont know, crisis, whenever I stort to feel anxious about the future of the world, I always find it helps to remember the words of the late, great Fr Denis Fehily: Iucunda memoria est praeteritorum malorum, which roughly translates as, Whatever\u2026 [+5416 chars]"}, {"source": {"id": "the-irish-times", "name": "The Irish Times"}, "author": "Cliff Taylor", "title": "Cliff Taylor: Where will State get money for Covid-19 measures?", "description": "The special Cabinet subcommittee on coronavirus met for the first time 12 days ago. Since then, everything has turned on its head. The economic cost has soared, seemingly over a period of days. Ireland may see a hit to economic output and employment of a scal\u2026", "url": "https://www.irishtimes.com/opinion/cliff-taylor-where-will-state-get-money-for-covid-19-measures-1.4208005", "urlToImage": "https://www.irishtimes.com/image-creator/?id=1.4208004&origw=1440", "publishedAt": "2020-03-21T01:00:00Z", "content": "The special Cabinet subcommittee on coronavirus met for the first time 12 days ago. Since then, everything has turned on its head. The economic cost has soared, seemingly over a period of days. Ireland may see a hit to economic output and employment of a scal\u2026 [+5466 chars]"}]}