{"status": "ok", "totalResults": 9, "articles": [{"source": {"id": "the-irish-times", "name": "The Irish Times"}, "author": "The Irish Times", "title": "Criminals may be taking advantage of Covid-19 disruption - garda\u00ed", "description": "Man arrested after estimated \u20ac350,000 of cocaine seized in Dublin", "url": "https://www.irishtimes.com/news/crime-and-law/criminals-may-be-taking-advantage-of-covid-19-disruption-garda%C3%AD-1.4204966", "urlToImage": "https://www.irishtimes.com/polopoly_fs/1.2302052.1438259328!/image/image.png", "publishedAt": "2020-03-17T10:26:02Z", "content": "Criminal gangs may bet attempting to take advantage of disruption caused by coronavirus, An Garda S\u00edoch\u00e1na has said.\r\nAssistant commissioner John ODriscoll made the comments following the seizure of about 350,000 of cocaine in Dublin.\r\nGarda\u00ed searched a prope\u2026 [+1036 chars]"}, {"source": {"id": "the-irish-times", "name": "The Irish Times"}, "author": "The Irish Times", "title": "Share your Covid-19 story: Have you lost your job or business?", "description": "Another 200,000 people could lose their jobs this week, retail group warns", "url": "https://www.irishtimes.com/news/ireland/irish-news/share-your-covid-19-story-have-you-lost-your-job-or-business-1.4204989", "urlToImage": "https://www.irishtimes.com/image-creator/?id=1.4204988&origw=1440", "publishedAt": "2020-03-17T11:25:42Z", "content": "An estimated 140,000 people have already lost their jobs due to the Covid-19 crisis, with another 200,000 retail jobs in jeopardy this week.\r\nIf you are an employee who has lost their job, a self-employed person whose income has rapidly dried up, or a busines\u2026 [+612 chars]"}, {"source": {"id": "the-irish-times", "name": "The Irish Times"}, "author": "Joe Brennan", "title": "Donohoe to meet bank chiefs as Covid-19 crisis deepens", "description": "Minister will be updated on measures taken by lenders in the past week to combat crisis", "url": "https://www.irishtimes.com/business/financial-services/donohoe-to-meet-bank-chiefs-as-covid-19-crisis-deepens-1.4205066", "urlToImage": "https://www.irishtimes.com/image-creator/?id=1.4205065&origw=1440", "publishedAt": "2020-03-17T14:31:41Z", "content": "Minister for Finance Paschal Donohoe will hold a meeting Wednesday afternoon with bank chief executives on how the industry is responding to the fallout from the Covid-19 crisis and an expected surge in bad loans as many businesses go under and homeowners fal\u2026 [+4056 chars]"}, {"source": {"id": "the-irish-times", "name": "The Irish Times"}, "author": null, "title": "Covid-19: Prof Patrick Honohan urges EU and ECB to take radical action", "description": "Former Irish Central Bank chief in charge during financial crisis says \u2018no excuse\u2019 for  delay", "url": "https://www.irishtimes.com/business/economy/covid-19-prof-patrick-honohan-urges-eu-and-ecb-to-take-radical-action-1.4205394", "urlToImage": "https://www.irishtimes.com/image-creator/?id=1.4205393&origw=1440", "publishedAt": "2020-03-17T21:38:59Z", "content": "EU governments and the ECB need to bring the full financial power of Europe into play to combat the coronavirus crisis and must not repeat the mistakes made during the financial crisis, according to former Irish Central Bank governor Patrick Honohan.\r\nIn an o\u2026 [+132 chars]"}, {"source": {"id": "the-irish-times", "name": "The Irish Times"}, "author": null, "title": "EU internal market under pressure as Covid-19 shuts borders", "description": "The European Union\u2019s single market was under increasing strain as border closures by member states to curb the spread of Covid-19 disrupted the flow of trade. The European Commission said border checks between EU countries could be in place for some time, as \u2026", "url": "https://www.irishtimes.com/news/world/europe/eu-internal-market-under-pressure-as-covid-19-shuts-borders-1.4205397", "urlToImage": "https://www.irishtimes.com/image-creator/?id=1.4205395&origw=1440", "publishedAt": "2020-03-17T21:40:44Z", "content": "The European Unions single market was under increasing strain as border closures by member states to curb the spread of Covid-19 disrupted the flow of trade.\r\nThe European Commission said border checks between EU countries could be in place for some time, as \u2026 [+92 chars]"}, {"source": {"id": "the-irish-times", "name": "The Irish Times"}, "author": null, "title": "Criminals may be taking advantage of Covid-19 disruption - garda\u00ed", "description": "Criminal gangs may bet attempting to take advantage of disruption caused by coronavirus, An Garda S\u00edoch\u00e1na has said. Assistant commissioner John O\u2019Driscoll made the comments following the seizure of about \u20ac350,000 of cocaine in Dublin. Garda\u00ed searched a prope\u2026", "url": "https://www.irishtimes.com/news/crime-and-law/criminals-may-be-taking-advantage-of-covid-19-disruption-garda%C3%AD-1.4204966?localLinksEnabled=false", "urlToImage": null, "publishedAt": "2020-03-17T10:26:02Z", "content": null}, {"source": {"id": "the-irish-times", "name": "The Irish Times"}, "author": "Tom Hennigan", "title": "Covid-19: Move to censure Brazil\u2019s Bolsonaro derailed by pandemic", "description": "Ex-ally\u2019s plan to impeach is foiled after flight to capital falls victim to wave of cancellations", "url": "https://www.irishtimes.com/news/world/covid-19-move-to-censure-brazil-s-bolsonaro-derailed-by-pandemic-1.4205249", "urlToImage": "https://www.irishtimes.com/image-creator/?id=1.4205248&origw=1440", "publishedAt": "2020-03-17T17:13:25Z", "content": "An attempt to impeach Brazils far-right president Jair Bolsonaro over his handling of Covid-19 has been frustrated by the growing impact of the pandemic on the south American country.\r\nFederal deputy Alexandre Frota had planned to lodge impeachment proceeding\u2026 [+2363 chars]"}, {"source": {"id": "the-irish-times", "name": "The Irish Times"}, "author": "Guy Hedgecoe", "title": "Spain to spend \u20ac200bn in bid to offset impact of Covid-19", "description": "By the numbers: Country has over 11,000 infections, 500 deaths and 1,000 recoveries", "url": "https://www.irishtimes.com/news/world/europe/spain-to-spend-200bn-in-bid-to-offset-impact-of-covid-19-1.4205265", "urlToImage": "https://www.irishtimes.com/image-creator/?id=1.4205264&origw=1440", "publishedAt": "2020-03-17T17:38:52Z", "content": "Spains government has announced economic measures worth 200 billion as the countrys economy and healthcare system struggle with the impact of the coronavirus.\r\nPrime minister Pedro S\u00e1nchez said the measures amounted to the biggest mobilisation of funds in Spa\u2026 [+2832 chars]"}, {"source": {"id": "the-irish-times", "name": "The Irish Times"}, "author": "Daniel McLaughlin", "title": "Covid-19 fails to slow Putin\u2019s \u2018anti-constitutional coup\u2019 in Russia", "description": "Kremlin takes steps to halt virus but still plans April vote on controversial reforms", "url": "https://www.irishtimes.com/news/world/europe/covid-19-fails-to-slow-putin-s-anti-constitutional-coup-in-russia-1.4205203", "urlToImage": "https://www.irishtimes.com/image-creator/?id=1.4205201&origw=1440", "publishedAt": "2020-03-17T16:20:53Z", "content": "Russia is ramping up its response to the coronavirus crisis but the Kremlin has played down speculation that it will have to postpone a public vote on constitutional changes that would allow president Vladimir Putin to rule until 2036.\r\nConcern over how the C\u2026 [+2840 chars]"}]}