{"status": "ok", "totalResults": 19, "articles": [{"source": {"id": "the-irish-times", "name": "The Irish Times"}, "author": "Jack Horgan-Jones", "title": "Coronavirus: Facebook forced to restore Covid-19 posts following complaints", "description": "Social network says posts on coronavirus were incorrectly removed from platform", "url": "https://www.irishtimes.com/news/health/coronavirus-facebook-forced-to-restore-covid-19-posts-following-complaints-1.4206006", "urlToImage": "https://www.irishtimes.com/image-creator/?id=1.4206004&origw=1440", "publishedAt": "2020-03-18T16:30:45Z", "content": "Facebook has been forced to restore some posts on its platform about Covid-19 which were incorrectly removed by automated systems that monitor content on the social network.\r\nSome news publishers using the platform had complained that posts linking to article\u2026 [+1137 chars]"}, {"source": {"id": "the-irish-times", "name": "The Irish Times"}, "author": "Jack Power", "title": "Coronavirus: Donohoe to discuss economic fallout with banks as demand for Covid-19 tests surges", "description": "Latest figures show there are now 292 confirmed cases of coronavirus in State", "url": "https://www.irishtimes.com/news/ireland/irish-news/coronavirus-donohoe-to-discuss-economic-fallout-with-banks-as-demand-for-covid-19-tests-surges-1.4205686", "urlToImage": "https://www.irishtimes.com/image-creator/?id=1.4205685&origw=1200", "publishedAt": "2020-03-18T09:15:59Z", "content": "Minister for Finance Paschal Donohoe is to meet bank chief executives on Wednesday to discuss the financial fallout from the coronavirus pandemic,\r\nThe health service is continuing to struggle following a large surge in people referred for testing for the cor\u2026 [+2902 chars]"}, {"source": {"id": "the-irish-times", "name": "The Irish Times"}, "author": "Dr Muiris Houston", "title": "If you are on ibuprofen, do not stop because of Covid-19 \u2013 EMA", "description": "Paracetamol is first medication of choice if you develop high temperature", "url": "https://www.irishtimes.com/news/health/if-you-are-on-ibuprofen-do-not-stop-because-of-covid-19-ema-1.4205916", "urlToImage": "https://www.irishtimes.com/image-creator/?id=1.4205912&origw=1440", "publishedAt": "2020-03-18T14:50:57Z", "content": "There is significant confusion about whether it is safe to take anti -inflammatory drugs if you develop symptoms of coronavirus infection. This is primarily due to online rumours but there has also been some divergent medical advice on the issue. \r\nThere are \u2026 [+2285 chars]"}, {"source": {"id": "the-irish-times", "name": "The Irish Times"}, "author": "Vivienne Clarke", "title": "Coronavirus: Radio presenter Ciara Kelly tells listeners she has Covid-19", "description": "\u2018A lovely paramedic came, in full gear, to my house and swabbed my throat and my nose\u2019", "url": "https://www.irishtimes.com/news/health/coronavirus-radio-presenter-ciara-kelly-tells-listeners-she-has-covid-19-1.4205833", "urlToImage": "https://www.irishtimes.com/image-creator/?id=1.4205832&origw=1440", "publishedAt": "2020-03-18T13:15:45Z", "content": "Newstalk presenter Ciara Kelly has announced on air that she has been diagnosed with Covid-19.\r\nShe told listeners she had something personal to tell them at the beginning of her show. I have the coronavirus and I have been broadcasting from the hot press for\u2026 [+2184 chars]"}, {"source": {"id": "the-irish-times", "name": "The Irish Times"}, "author": null, "title": "Further 74 cases of Covid-19 confirmed in Republic on Wednesday", "description": "Chief medical office says public showing \u2018high degree of understanding\u2019 about the importance of self-isolation for people showing symptoms", "url": "https://www.irishtimes.com/news/health/further-74-cases-of-covid-19-confirmed-in-republic-on-wednesday-1.4206242", "urlToImage": "https://www.irishtimes.com/image-creator/?id=1.4206240&origw=1440", "publishedAt": "2020-03-18T22:05:00Z", "content": "A further 74 cases of Covid-19 were confirmed by the National Public Health Emergency Team on Wednesday night. The new cases involve 29 women and 45 men. The total number of cases in the Republic is now 366. \r\nIt also published an analysis of the first 271 ca\u2026 [+84 chars]"}, {"source": {"id": "the-irish-times", "name": "The Irish Times"}, "author": "David Raleigh", "title": "Covid-19: Limerick pharma plant active in vaccine effort", "description": "Regeneron working alongside sister plant in New York", "url": "https://www.irishtimes.com/business/health-pharma/covid-19-limerick-pharma-plant-active-in-vaccine-effort-1.4205866", "urlToImage": "https://www.irishtimes.com/image-creator/?id=1.4205864&origw=1210", "publishedAt": "2020-03-18T13:47:33Z", "content": "Limerick-based pharmaceutical company Regeneron is working alongside its sister plant in New York to develop a full suite of medicines as it launches clinical test trials on critically ill coronavirus patients in the hope of developing a life-saving vaccine.\r\u2026 [+1904 chars]"}, {"source": {"id": "the-irish-times", "name": "The Irish Times"}, "author": "Charlie Taylor", "title": "Irish project for easy-to-assemble Covid-19 ventilators bears fruit", "description": "Open Source Ventilator project has prototypes ready to be validated by HSE", "url": "https://www.irishtimes.com/business/health-pharma/irish-project-for-easy-to-assemble-covid-19-ventilators-bears-fruit-1.4205999", "urlToImage": "https://www.irishtimes.com/polopoly_fs/1.4205998.1584548742!/image/image.jpg", "publishedAt": "2020-03-18T16:25:51Z", "content": "An Irish project to develop easy-to-assemble mechanically-operated ventilators that could be used in the treatment of patients with Covid-19 is progressing well. It now has prototypes ready that may be validated for use by the Health Service Executive (HSE) f\u2026 [+2805 chars]"}, {"source": {"id": "the-irish-times", "name": "The Irish Times"}, "author": "The Irish Times", "title": "Global stocks tumble again as investors shrug off Covid crisis supports", "description": "Pandemic worries eclipse hopes broad policy support would combat the economic fallout", "url": "https://www.irishtimes.com/business/markets/global-stocks-tumble-again-as-investors-shrug-off-covid-crisis-supports-1.4205662", "urlToImage": "https://www.irishtimes.com/image-creator/?id=1.4205661&origw=1440", "publishedAt": "2020-03-18T07:32:45Z", "content": "Global stock futures and Asian shares tumbled in choppy trade on Wednesday, as worries about the coronavirus pandemic eclipsed hopes broad policy support would combat the economic fallout from the outbreak.\r\nMost traditional safe-haven assets were also under \u2026 [+4017 chars]"}, {"source": {"id": "the-irish-times", "name": "The Irish Times"}, "author": "Joe Brennan", "title": "Banks to defer legal cases against borrowers in default amid Covid-19", "description": "Irish bank chiefs set to meet Minister for Finance on Wednesday", "url": "https://www.irishtimes.com/business/financial-services/banks-to-defer-legal-cases-against-borrowers-in-default-amid-covid-19-1.4205750", "urlToImage": "https://www.irishtimes.com/image-creator/?id=1.4205749&origw=1253", "publishedAt": "2020-03-18T11:44:41Z", "content": "Irish bank chiefs are preparing to sign up to a three-month deferral of current legal proceedings against borrowers in default as they meet the Minister for Finance on Wednesday afternoon to discuss measures being taken to ease the pressure on borrowers amid \u2026 [+4119 chars]"}, {"source": {"id": "the-irish-times", "name": "The Irish Times"}, "author": "Charlie Taylor", "title": "New Covid-19 online portal allows GPs to treat patients remotely", "description": "HSE-approved portal is intended to protect frontline workers from contacting Covid-19", "url": "https://www.irishtimes.com/business/health-pharma/new-covid-19-online-portal-allows-gps-to-treat-patients-remotely-1.4205959", "urlToImage": "https://www.irishtimes.com/image-creator/?id=1.4205958&origw=1253", "publishedAt": "2020-03-18T15:31:48Z", "content": "A new online portal that allows GPs and healthcare providers to treat people remotely so as to protect themselves from Covid-19 has gone live.\r\nThe portal is a collaboration between the HSE and Wellola, an Enterprise Ireland-backed company. It took just four \u2026 [+1705 chars]"}, {"source": {"id": "the-irish-times", "name": "The Irish Times"}, "author": "Joe Brennan", "title": "Covid-19 gives banks \u2018chance to do the right thing\u2019 \u2013 Goodbody", "description": "Irish bank chiefs set to meet Minister for Finance on Wednesday", "url": "https://www.irishtimes.com/business/financial-services/covid-19-gives-banks-chance-to-do-the-right-thing-goodbody-1.4205750", "urlToImage": "https://www.irishtimes.com/image-creator/?id=1.4205749&origw=1253", "publishedAt": "2020-03-18T11:44:41Z", "content": "Irish bank chiefs, preparing to discuss the coronavirus crisis with the Minister for Finance on Wednesday afternoon, have scope to do the right thing by distressed borrowers as long as regulators take a pragmatic view, according to Goodbody Stockbrokers analy\u2026 [+3374 chars]"}, {"source": {"id": "the-irish-times", "name": "The Irish Times"}, "author": "Mark Paul", "title": "Desmond-backed miner delays results and cancels diamond sales due to Covid-19", "description": "Mountain Province Diamonds had been due to sell diamonds in Antwerp this week", "url": "https://www.irishtimes.com/business/energy-and-resources/desmond-backed-miner-delays-results-and-cancels-diamond-sales-due-to-covid-19-1.4205848", "urlToImage": "https://www.irishtimes.com/image-creator/?id=1.4205845&origw=1217", "publishedAt": "2020-03-18T13:33:18Z", "content": "A Canadian diamond miner backed by Dermot Desmond has postponed gem sales and delayed the release of its full-year financial results because of the practical impact on the business of movement restrictions to fight Covid-19.\r\nMountain Province Diamonds, which\u2026 [+1685 chars]"}, {"source": {"id": "the-irish-times", "name": "The Irish Times"}, "author": "Joe Brennan", "title": "Coronavirus: Banks agree mortgage breaks and repossession deferrals amid Covid-19", "description": "Contactless payment threshold is also to be raised from \u20ac30 to \u20ac50", "url": "https://www.irishtimes.com/business/financial-services/coronavirus-banks-agree-mortgage-breaks-and-repossession-deferrals-amid-covid-19-1.4205750", "urlToImage": "https://www.irishtimes.com/image-creator/?id=1.4205907&origw=1440", "publishedAt": "2020-03-18T11:44:41Z", "content": "The heads of the States five banks vowed in a meeting with the Minister for Finance on Wednesday to defer legal proceedings and repossessions against borrowers in default and extend payment holidays to homeowners and businesses hit by the economic crisis spar\u2026 [+3763 chars]"}, {"source": {"id": "the-irish-times", "name": "The Irish Times"}, "author": "Jack Power, Martin Wall, Gerry Moriarty, Harry McGee", "title": "Coronavirus: Minister says \u2018many more\u2019 will become unemployed due to Covid-19", "description": "Northern Ireland to close schools, while latest figures show 292 cases of coronavirus in State", "url": "https://www.irishtimes.com/news/health/coronavirus-minister-says-many-more-will-become-unemployed-due-to-covid-19-1.4205686", "urlToImage": "https://www.irishtimes.com/image-creator/?id=1.4205685&origw=1200", "publishedAt": "2020-03-18T09:15:59Z", "content": "All schools in Northern Ireland are to close from Monday in response to the coronavirus crisis.\r\nThe DUP First Minister Arlene Foster made the announcement on Wednesday evening. She said it was an unprecedented step and one that was likely to mean schools wil\u2026 [+6572 chars]"}, {"source": {"id": "the-irish-times", "name": "The Irish Times"}, "author": "Pat Leahy, Fiach Kelly, Jack Horgan-Jones, Martin Wall", "title": "Government unveils social restrictions and economic supports in battle against Covid-19", "description": "Number testing positives jumps by over 200 for second day in a row, while another fatality is recorded", "url": "https://www.irishtimes.com/news/politics/government-unveils-social-restrictions-and-economic-supports-in-battle-against-covid-19-1.4211385", "urlToImage": "https://www.irishtimes.com/image-creator/?id=1.4211388&origw=799", "publishedAt": "2020-03-18T01:00:26Z", "content": "A drastic curtailment of commercial and social activity and massive package of aid to the stricken economy have been unveiled by the Government to combat the spread of coronavirus and to alleviate the economic hardship the pandemic has brought.\r\nMinisters and\u2026 [+5465 chars]"}, {"source": {"id": "the-irish-times", "name": "The Irish Times"}, "author": "Freya McClements", "title": "Derry school with suspected case of Covid-19 not allowed to close", "description": "A primary school in Northern Ireland with a suspected case of coronavirus in one of its pupils has been denied permission to close by the North\u2019s Department of Education, the school\u2019s principal has said. The pupil at Ebrington Primary and Nursery School in De\u2026", "url": "https://www.irishtimes.com/news/ireland/irish-news/derry-school-with-suspected-case-of-covid-19-not-allowed-to-close-1.4205388", "urlToImage": "https://www.irishtimes.com/image-creator/?id=1.4205384&origw=1440", "publishedAt": "2020-03-18T00:26:40Z", "content": "A primary school in Northern Ireland with a suspected case of coronavirus in one of its pupils has been denied permission to close by the Norths Department of Education, the schools principal has said. \r\nThe pupil at Ebrington Primary and Nursery School in De\u2026 [+2833 chars]"}, {"source": {"id": "the-irish-times", "name": "The Irish Times"}, "author": "Carl O'Brien", "title": "Coronavirus: Hundreds of medicine students fast-tracked into fight against Covid-19", "description": "Earlier this month Anthony Jared Machikan was studying hard for his final year medical exams that take place in May. Then the Royal College of Surgeons in Ireland (RCSI) announced it was fast-tracking the exams due to the coronavirus threat, cutting study tim\u2026", "url": "https://www.irishtimes.com/news/education/coronavirus-hundreds-of-medicine-students-fast-tracked-into-fight-against-covid-19-1.4205676", "urlToImage": "https://www.irishtimes.com/image-creator/?id=1.4205675&origw=1440", "publishedAt": "2020-03-18T08:34:28Z", "content": "Earlier this month Anthony Jared Machikan was studying hard for his final year medical exams that take place in May.\r\nThen the Royal College of Surgeons in Ireland (RCSI) announced it was fast-tracking the exams due to the coronavirus threat, cutting study ti\u2026 [+3725 chars]"}, {"source": {"id": "the-irish-times", "name": "The Irish Times"}, "author": "Pat Leahy, Fiach Kelly, Jack Horgan-Jones, Martin Wall", "title": "Government unveiled social restrictions and economic supports in battle against Covid-19", "description": "A drastic curtailment of commercial and social activity, and a massive package of aid to the stricken economy have been unveiled by the Government to combat the spread of coronavirus and to alleviate the economic hardship the pandemic has brought. Ministers a\u2026", "url": "https://www.irishtimes.com/news/politics/government-unveiled-social-restrictions-and-economic-supports-in-battle-against-covid-19-1.4211385", "urlToImage": "https://www.irishtimes.com/image-creator/?id=1.4211383&origw=1440", "publishedAt": "2020-03-18T01:00:26Z", "content": "A drastic curtailment of commercial and social activity, and a massive package of aid to the stricken economy have been unveiled by the Government to combat the spread of coronavirus and to alleviate the economic hardship the pandemic has brought.\r\nMinisters \u2026 [+5540 chars]"}, {"source": {"id": "the-irish-times", "name": "The Irish Times"}, "author": "Pat Leahy", "title": "Prospect of early agreement on new government fades in face of Covid-19 crisis", "description": "Discussions due to continue on Thursday and Friday between FG and FF", "url": "https://www.irishtimes.com/news/politics/prospect-of-early-agreement-on-new-government-fades-in-face-of-covid-19-crisis-1.4206222", "urlToImage": "https://www.irishtimes.com/image-creator/?id=1.4206219&origw=1440", "publishedAt": "2020-03-18T20:57:10Z", "content": "Talks on a new government resumed between Fine Gael and Fianna Fail negotiating teams at Leinster House on Wednesday where the two sides discussed efforts necessary to tackle the coronavirus crisis.\r\nDiscussions are due to continue on Thursday and Friday betw\u2026 [+3169 chars]"}]}