{"status": "ok", "totalResults": 23, "articles": [{"source": {"id": "the-irish-times", "name": "The Irish Times"}, "author": "Jack Power", "title": "Call for journalists to be \u2018essential service\u2019 in Covid-19 lockdown", "description": "Newspaper industry groups call on Government to protect printing press supply chain", "url": "https://www.irishtimes.com/news/ireland/irish-news/call-for-journalists-to-be-essential-service-in-covid-19-lockdown-1.4208114", "urlToImage": "https://www.irishtimes.com/image-creator/?id=1.4208113&origw=1364", "publishedAt": "2020-03-20T17:12:09Z", "content": "Journalism must be designated as an essential service in the event of any future restriction of public movement during the coronavirus crisis, Newsbrands Ireland has told the Government. \r\nThe group, which represents the national newspaper industry, wrote to \u2026 [+2465 chars]"}, {"source": {"id": "the-irish-times", "name": "The Irish Times"}, "author": "Kitty Holland", "title": "Employers who offer more than State's Covid-19 payment will not be refunded", "description": "Businesses that pay temporarily laid-off staff over \u20ac203 weekly will not be refunded", "url": "https://www.irishtimes.com/news/social-affairs/employers-who-offer-more-than-state-s-covid-19-payment-will-not-be-refunded-1.4207366", "urlToImage": "https://www.irishtimes.com/image-creator/?id=1.4207365&origw=1440", "publishedAt": "2020-03-20T03:00:00Z", "content": "Employers who temporarily lay off workers because of coronavirus will not be refunded for paying them anything over and above the new Covid-19 unemployment payment of 203 per week offered by the State.\r\nWhen the new payment scheme was announced on Sunday, the\u2026 [+3441 chars]"}, {"source": {"id": "the-irish-times", "name": "The Irish Times"}, "author": "Kitty Holland", "title": "Covid-19: Employers unable to top up State\u2019s payment to laid-off staff", "description": "Businesses that pay temporarily laid-off staff over \u20ac203 weekly will not be refunded", "url": "https://www.irishtimes.com/news/social-affairs/covid-19-employers-unable-to-top-up-state-s-payment-to-laid-off-staff-1.4207366", "urlToImage": "https://www.irishtimes.com/image-creator/?id=1.4207365&origw=1440", "publishedAt": "2020-03-20T03:00:00Z", "content": "Employers forced to temporarily lay off workers because of coronavirus will not be allowed to pay them anything over and above the new Covid-19 unemployment payment of 203 per week offered by the State.\r\nWhen the new payment scheme was announced on Sunday, th\u2026 [+3442 chars]"}, {"source": {"id": "the-irish-times", "name": "The Irish Times"}, "author": "Jennifer Bray, Freya McClements", "title": "Dublin and Stormont arrive at united front to tackle Covid-19", "description": "\u2018The coronavirus has no political consideration. It is neither British nor Irish, unionist or nationalist\u2019", "url": "https://www.irishtimes.com/news/ireland/irish-news/dublin-and-stormont-arrive-at-united-front-to-tackle-covid-19-1.4208051", "urlToImage": "https://www.irishtimes.com/image-creator/?id=1.4208049&origw=1440", "publishedAt": "2020-03-20T16:11:21Z", "content": "Inside the grey and modern building that houses the North-South Ministerial Council on Upper English Street in Armagh, political leaders from both sides of the Border faced each other from opposite sides of a long polished table. \r\nIt had been a long and tens\u2026 [+4167 chars]"}, {"source": {"id": "the-irish-times", "name": "The Irish Times"}, "author": "Martin Wall", "title": "Coronavirus: Mater Private criticised over sick pay for staff who contract Covid-19", "description": "Siptu says hospital\u2019s staff must rely on existing sick leave arrangements amid outbreak", "url": "https://www.irishtimes.com/news/health/coronavirus-mater-private-criticised-over-sick-pay-for-staff-who-contract-covid-19-1.4208299", "urlToImage": "https://www.irishtimes.com/image-creator/?id=1.4208296&origw=1440", "publishedAt": "2020-03-20T21:50:50Z", "content": "The trade union Siptu has criticised management at the Mater Private hospital in Dublin over arrangements for staff who have to take sick leave due to the coronavirus outbreak.\r\nThe union said the hospital had told its representatives that staff who needed to\u2026 [+2645 chars]"}, {"source": {"id": "the-irish-times", "name": "The Irish Times"}, "author": null, "title": "Covid-19: President hopes future generations look back on response with pride", "description": "Michael D. Higgins says older people appreciative of caring approach being taken by many", "url": "https://www.irishtimes.com/news/ireland/irish-news/covid-19-president-hopes-future-generations-look-back-on-response-with-pride-1.4208293", "urlToImage": "https://www.irishtimes.com/image-creator/?id=1.4208292&origw=743", "publishedAt": "2020-03-20T21:41:32Z", "content": "President Michael D. Higgins has said he hopes future generations will look back with pride at how Irish society has risen to the challenges posed by the coronaviurs pandemic.\r\nTens of thousands of people have offered to work or return to work in the health s\u2026 [+121 chars]"}, {"source": {"id": "the-irish-times", "name": "The Irish Times"}, "author": "Martin Wall, Kitty Holland", "title": "Covid-19: Unions propose financial scheme to aid laid-off workers", "description": "Government under pressure from unions and bosses to support those who lose jobs", "url": "https://www.irishtimes.com/news/ireland/irish-news/covid-19-unions-propose-financial-scheme-to-aid-laid-off-workers-1.4208278", "urlToImage": "https://www.irishtimes.com/image-creator/?id=1.4208277&origw=1253", "publishedAt": "2020-03-20T20:38:04Z", "content": "Proposals that would mean workers laid off due to the coronavirus outbreak receive payments up to an equivalent of 40,000 per year have been advanced by trade unions.\r\nUnder the initiative, submitted to the Government this week, the cost of a three-month wage\u2026 [+2638 chars]"}, {"source": {"id": "the-irish-times", "name": "The Irish Times"}, "author": "Laura Slattery", "title": "New priorities, Big Brother weirdness and Covid-19 in Westminster", "description": "Planet Business: There\u2019s only one story", "url": "https://www.irishtimes.com/business/economy/new-priorities-big-brother-weirdness-and-covid-19-in-westminster-1.4206759", "urlToImage": "https://www.irishtimes.com/image-creator/?id=1.4206754&origw=1440", "publishedAt": "2020-03-20T05:10:49Z", "content": "In London, a woman crosses the bridge in front of St Pauls Cathedral wearing a facemask and gloves and checking her phone, but the feeling on Monday, when this picture was taken, was that the facts of coronavirus hadnt yet sunk in across Britain. London was s\u2026 [+2838 chars]"}, {"source": {"id": "the-irish-times", "name": "The Irish Times"}, "author": "Mark Paul", "title": "Cider maker C&C issues Covid-19 profits warning", "description": "Bulmers maker in talks with tax authorities in Republic and Britain over duty payments", "url": "https://www.irishtimes.com/business/manufacturing/cider-maker-c-c-issues-covid-19-profits-warning-1.4207942", "urlToImage": "https://www.irishtimes.com/image-creator/?id=1.4207941&origw=1440", "publishedAt": "2020-03-20T14:39:49Z", "content": "C&amp;C, the maker of Bulmers/Magners cider, has issued a profit warning due to the impact of Covid-19, a little more than a week after telling investors that it was assuming no impact from the virus. \r\nIt also revealed it is in talks with tax authorities in \u2026 [+1487 chars]"}, {"source": {"id": "the-irish-times", "name": "The Irish Times"}, "author": "Mark Paul", "title": "Cidermaker C&C issues Covid-19 profits warning", "description": "Bulmers manufacturer is in talks with tax authorities over alcohol duty payments", "url": "https://www.irishtimes.com/business/manufacturing/cidermaker-c-c-issues-covid-19-profits-warning-1.4207942", "urlToImage": "https://www.irishtimes.com/image-creator/?id=1.4207941&origw=1440", "publishedAt": "2020-03-20T14:39:49Z", "content": "The Bulmers/Magners cider maker, C&amp;C has issued a profit warning due to the impact of Covid-19, a little over a week after telling investors that it was assuming no impact from the virus. It also revealed it is in talks with tax authorities in the Republi\u2026 [+1493 chars]"}, {"source": {"id": "the-irish-times", "name": "The Irish Times"}, "author": "Mark Paul", "title": "Covid-19: Utilities, banks and insurers must do the decent thing", "description": "Businesses hit by Covid-19 are entitled to expect sense of fair play inherent in the Irish", "url": "https://www.irishtimes.com/business/economy/covid-19-utilities-banks-and-insurers-must-do-the-decent-thing-1.4206949", "urlToImage": "https://www.irishtimes.com/image-creator/?id=1.4206946&origw=1440", "publishedAt": "2020-03-20T05:30:16Z", "content": "Past scandals have sometimes made us doubt the extent of it, but a sense of decency has always been an integral part of being Irish. Our society is a million miles from perfect. It is as riven with problems and inequities as any other. But, still, an inherent\u2026 [+5909 chars]"}, {"source": {"id": "the-irish-times", "name": "The Irish Times"}, "author": "Joe Brennan", "title": "How Lagarde\u2019s flippancy led to godsend for EU governments fighting Covid-19", "description": "Market Beat: Emergency bond-buying programme is blurring the ECB\u2019s mandate", "url": "https://www.irishtimes.com/business/how-lagarde-s-flippancy-led-to-godsend-for-eu-governments-fighting-covid-19-1.4208072", "urlToImage": "https://www.irishtimes.com/image-creator/?id=1.4208067&origw=1440", "publishedAt": "2020-03-20T16:34:29Z", "content": "Eight minutes after Wednesday midnight in Frankfurt, European Central Bank (ECB) president Christine Lagarde took to Twitter to channel her own version of predecessor Mario Draghs crisis-era whatever it takes to preserve the euro moment.\r\nExtraordinary times \u2026 [+5691 chars]"}, {"source": {"id": "the-irish-times", "name": "The Irish Times"}, "author": "The Irish Times", "title": "No interest or repayments for six months on Microfinance Ireland\u2019s Covid-19 loans", "description": "Minister for Business Heather Humphreys urges small firms hit by outbreak to apply", "url": "https://www.irishtimes.com/business/economy/no-interest-or-repayments-for-six-months-on-microfinance-ireland-s-covid-19-loans-1.4208240", "urlToImage": "https://www.irishtimes.com/polopoly_fs/1.4208239.1584733182!/image/image.jpg", "publishedAt": "2020-03-20T19:40:19Z", "content": "There will be an option for a six-month moratorium on interest and repayments under the new Microfinance Ireland Covid-19 loan scheme, Minister for Business Heather Humphreys has announced.\r\nThe Minister urged micro enterprises, which are sole traders and lim\u2026 [+980 chars]"}, {"source": {"id": "the-irish-times", "name": "The Irish Times"}, "author": "Charlie Taylor", "title": "No crying in their beer for craft brewers over Covid-19 crisis", "description": "Craft producers are looking to weather disruption and keep the beer flowing", "url": "https://www.irishtimes.com/business/agribusiness-and-food/no-crying-in-their-beer-for-craft-brewers-over-covid-19-crisis-1.4207918", "urlToImage": "https://www.irishtimes.com/image-creator/?id=1.4207914&origw=1440", "publishedAt": "2020-03-20T14:18:41Z", "content": "Listening to Bob Coggins is enough to bring a tear to the eye of any fan of craft ales, lagers and stouts.\r\nWere going to have to pour a lot of beer down the drain if we cant get to package it soon, says the commercial director of Sligo-based craft brewer Whi\u2026 [+5364 chars]"}, {"source": {"id": "the-irish-times", "name": "The Irish Times"}, "author": "The Irish Times", "title": "The Irish Times view on Covid-19 crisis in Iran", "description": "A confused response", "url": "https://www.irishtimes.com/opinion/editorial/the-irish-times-view-on-covid-19-crisis-in-iran-1.4207328", "urlToImage": "https://www.irishtimes.com/image-creator/?id=1.4207327&origw=1440", "publishedAt": "2020-03-20T01:00:00Z", "content": "Iran on Wednesday reported its single biggest jump in fatalities from coronavirus, as another 147 people died, raising the countrys overall death toll to 1,135 and its confirmed cases to 17,361. Yet food markets remain packed and roads crowded as families tra\u2026 [+1758 chars]"}, {"source": {"id": "the-irish-times", "name": "The Irish Times"}, "author": "Michael Jansen", "title": "Iran struggles to fight Covid-19 as US sanctions hurt healthcare", "description": "Aid flows to Tehran from Emirates, Kuwait and Qatar amid reported 1,300 deaths", "url": "https://www.irishtimes.com/news/world/middle-east/iran-struggles-to-fight-covid-19-as-us-sanctions-hurt-healthcare-1.4208129", "urlToImage": "https://www.irishtimes.com/image-creator/?id=1.4208127&origw=1440", "publishedAt": "2020-03-20T17:25:09Z", "content": "The Emirates, Kuwait and Qatar have stepped up to provide Iran with cash and medical aid as the Trump administration has ramped up punitive sanctions which impede Tehrans efforts to fight coronavirus. \r\nBritain, China and Russia have called for sanctions to b\u2026 [+3072 chars]"}, {"source": {"id": "the-irish-times", "name": "The Irish Times"}, "author": "Naomi O\u2019Leary", "title": "Covid-19: United Nations warn of worldwide economic slump", "description": "In Italy death toll rises 627 over 24 hours while virus fatalities crest 1,000 in Spain", "url": "https://www.irishtimes.com/news/world/europe/covid-19-united-nations-warn-of-worldwide-economic-slump-1.4208285", "urlToImage": "https://www.irishtimes.com/image-creator/?id=1.4208284&origw=1440", "publishedAt": "2020-03-20T20:54:50Z", "content": "Italy recorded its highest daily total of coronavirus deaths on Friday as the United Nations warned of a global recession perhaps of record dimensions.\r\nWe are in an unprecedented situation and the normal rules no longer apply, said UN chief Antonio Guterres \u2026 [+2433 chars]"}, {"source": {"id": "the-irish-times", "name": "The Irish Times"}, "author": "Finn McRedmond", "title": "Covid-19: Ways to socialise successfully at a social distance", "description": "People are now turning to the like of Zoom and Skype for face-to-face contact", "url": "https://www.irishtimes.com/opinion/covid-19-ways-to-socialise-successfully-at-a-social-distance-1.4206861", "urlToImage": "https://www.irishtimes.com/polopoly_fs/1.4206858.1584622363!/image/image.jpg", "publishedAt": "2020-03-20T02:06:14Z", "content": "Surreal has been the word du jour as Europe grapples with measures to curb the spread of Covid-19. When just last week Cheltenham racecourse was teeming to the brim with 60,000 revellers, most people are now staying at home, coming to terms with the prospect \u2026 [+376 chars]"}, {"source": {"id": "the-irish-times", "name": "The Irish Times"}, "author": "R\u00f3is\u00edn Ingle", "title": "R\u00f3is\u00edn Ingle: Before Covid-19 we did normal things like made plans. Remember?", "description": "This Mother\u2019s Day, think of the mothers at home, in houses that have become like prisons", "url": "https://www.irishtimes.com/life-and-style/people/r%C3%B3is%C3%ADn-ingle-before-covid-19-we-did-normal-things-like-made-plans-remember-1.4207391", "urlToImage": "https://www.irishtimes.com/image-creator/?id=1.4207389&origw=1440", "publishedAt": "2020-03-20T05:47:00Z", "content": "Before Corona we did normal things like made plans. Remember? Or sometimes we did things on a whim. Like the day two weeks ago, which feels more like two years ago, I visited a cafe called Daddys in Rialto. Its closed now, of course. Shutters down. The friend\u2026 [+5843 chars]"}, {"source": {"id": "the-irish-times", "name": "The Irish Times"}, "author": null, "title": "R\u00f3is\u00edn Ingle: Before Covid-19 we did normal things like make plans. Remember?", "description": "This Mother\u2019s Day, think of the mums at home, in houses that have become like prisons", "url": "https://www.irishtimes.com/life-and-style/people/r%C3%B3is%C3%ADn-ingle-before-covid-19-we-did-normal-things-like-make-plans-remember-1.4207391", "urlToImage": null, "publishedAt": "2020-03-20T05:47:00Z", "content": null}, {"source": {"id": "the-irish-times", "name": "The Irish Times"}, "author": "Harry McGee, Barry Roche", "title": "Minister not proposing fishing fleet tie-up despite Covid-19 impact", "description": "Minister for the Marine Michael Creed has said he is not proposing any tie-up of the fishing fleet despite industry figures reporting that the coronavirus outbreak has had a devastating impact on the sector. Mr Creed held a teleconference with fishing industr\u2026", "url": "https://www.irishtimes.com/news/politics/minister-not-proposing-fishing-fleet-tie-up-despite-covid-19-impact-1.4208243", "urlToImage": "https://www.irishtimes.com/image-creator/?id=1.4208242&origw=1440", "publishedAt": "2020-03-20T19:48:36Z", "content": "Minister for the Marine Michael Creed has said he is not proposing any tie-up of the fishing fleet despite industry figures reporting that the coronavirus outbreak has had a devastating impact on the sector. \r\nMr Creed held a teleconference with fishing indus\u2026 [+3087 chars]"}, {"source": {"id": "the-irish-times", "name": "The Irish Times"}, "author": "Conor Pope, Rachel Collins", "title": "K Club offered to State for free to house medics or patients in Covid-19 crisis", "description": "One of Ireland\u2019s most exclusive hotels, the 134-bedroomed K Club in Co Kildare has been offered to the State for free to help in the Covid-19 battle. Michael Fetherston, the owner of the five-star The K Club estate in Straffan, Co Kildare, said that his hotel\u2026", "url": "https://www.irishtimes.com/life-and-style/travel/k-club-offered-to-state-for-free-to-house-medics-or-patients-in-covid-19-crisis-1.4208248", "urlToImage": "https://www.irishtimes.com/image-creator/?id=1.4208246&origw=1440", "publishedAt": "2020-03-20T20:10:46Z", "content": "One of Irelands most exclusive hotels, the 134-bedroomed K Club in Co Kildare has been offered to the State for free to help in the Covid-19 battle.\r\nMichael Fetherston, the owner of the five-star The K Club estate in Straffan, Co Kildare, said that his hotel\u2026 [+2167 chars]"}, {"source": {"id": "the-irish-times", "name": "The Irish Times"}, "author": null, "title": "Republican senators face calls to resign over reports of stock sale before Covid-19 market meltdown", "description": "Richard Burr calls for ethics committee to review matter ; Kelly Loeffler says report \u2018baseless attack\u2019", "url": "https://www.irishtimes.com/news/world/us/republican-senators-face-calls-to-resign-over-reports-of-stock-sale-before-covid-19-market-meltdown-1.4208151", "urlToImage": "https://www.irishtimes.com/image-creator/?id=1.4208150&origw=1440", "publishedAt": "2020-03-20T17:38:05Z", "content": "Two Republican senators faced calls to resign on Friday over media reports they sold substantial amounts of stock before the global coronavirus-induced market meltdown after receiving private briefings on the outbreak.\r\nSenate Intelligence Committee chairman \u2026 [+274 chars]"}]}