{"status": "ok", "totalResults": 32, "articles": [{"source": {"id": "the-irish-times", "name": "The Irish Times"}, "author": "Jack Horgan-Jones", "title": "Covid-19: Children services being shifted from Tallaght hospital", "description": "Move as a result of \u2018anticipated demand on acute services, especially adult services\u2019", "url": "https://www.irishtimes.com/news/ireland/irish-news/covid-19-children-services-being-shifted-from-tallaght-hospital-1.4213310", "urlToImage": "https://www.irishtimes.com/image-creator/?id=1.4213309&origw=1440", "publishedAt": "2020-03-26T20:41:50Z", "content": "Childrens Health Ireland (CHI) has announced that it is moving acute paediatric services out of its unit at Tallaght hospital due to anticipated unprecedented demand on acute services, especially adult services at the hospital.\r\nThe children and young persons\u2026 [+1423 chars]"}, {"source": {"id": "the-irish-times", "name": "The Irish Times"}, "author": "Gerry Moriarty", "title": "Three more Covid-19 deaths reported in Northern Ireland", "description": "Ten deaths and 231 people tested positive for coronavirus in North", "url": "https://www.irishtimes.com/news/ireland/irish-news/three-more-covid-19-deaths-reported-in-northern-ireland-1.4213028", "urlToImage": "https://www.irishtimes.com/image-creator/?id=1.4213022&origw=1440", "publishedAt": "2020-03-26T15:08:15Z", "content": "Three more people in Northern Ireland have died due to the coronavirus, bringing the total number of fatalities in the North so far to ten, the Norths Public Health Agency (PHA)reported on Thursday afternoon.\r\nThe PHA also reported that testing has resulted i\u2026 [+109 chars]"}, {"source": {"id": "the-irish-times", "name": "The Irish Times"}, "author": "Kevin O'Sullivan", "title": "Covid-19: Pangolins found to carry diseases linked to contagion", "description": "Most-commonly illegally trafficked mammal used as food and also in traditional medicine", "url": "https://www.irishtimes.com/news/health/covid-19-pangolins-found-to-carry-diseases-linked-to-contagion-1.4213075", "urlToImage": "https://www.irishtimes.com/image-creator/?id=1.4213074&origw=1440", "publishedAt": "2020-03-26T16:08:54Z", "content": "Coronaviruses detected in a small number of pangolins smuggled into China were shown to be closely related to Covid-19, according to research published on Thursday.\r\nThe degree of similarity is insufficient to suggest pangolins are the intermediate hosts dire\u2026 [+2981 chars]"}, {"source": {"id": "the-irish-times", "name": "The Irish Times"}, "author": "Paul Cullen", "title": "Life in an ICU during Covid-19: \u2018There is no hugging someone who is upset\u2019", "description": "Coronavirus outbreak means protective gear is a key issue for intensive care staff", "url": "https://www.irishtimes.com/news/health/life-in-an-icu-during-covid-19-there-is-no-hugging-someone-who-is-upset-1.4212066", "urlToImage": "https://www.irishtimes.com/image-creator/?id=1.4212059&origw=1200", "publishedAt": "2020-03-26T02:30:00Z", "content": "Personal protective equipment, ie clothing used when treating infectious patients, is a key issue in the coronavirus pandemic.\r\nA shortage of personal protective equipment (PPE) in China and Italy greatly contributed to the toll of sickness and death among he\u2026 [+5029 chars]"}, {"source": {"id": "the-irish-times", "name": "The Irish Times"}, "author": "Gerry Moriarty", "title": "Man charged with coughing over PSNI officers and claiming to have Covid-19", "description": "Accused (39) due to appear at Belfast Magistrates court", "url": "https://www.irishtimes.com/news/ireland/irish-news/man-charged-with-coughing-over-psni-officers-and-claiming-to-have-covid-19-1.4212805", "urlToImage": "https://www.irishtimes.com/image-creator/?id=1.4212803&origw=1440", "publishedAt": "2020-03-26T10:44:05Z", "content": "A man (39) is due to appear at Belfast Magistrates Court on Thurday charged in relation to allegedly deliberately coughing over PSNI officers and claiming to have Covid-19.\r\nThe man is charged with common assault and two counts of attempting to commit grievou\u2026 [+242 chars]"}, {"source": {"id": "the-irish-times", "name": "The Irish Times"}, "author": "The Irish Times", "title": "Inside the race to find drugs to treat Covid-19", "description": "Scientists are focusing on three main drug types", "url": "https://www.irishtimes.com/business/health-pharma/inside-the-race-to-find-drugs-to-treat-covid-19-1.4212879", "urlToImage": "https://www.irishtimes.com/image-creator/?id=1.4212876&origw=1440", "publishedAt": "2020-03-26T12:17:13Z", "content": "It was Friday March 13th when doctors at the largest healthcare provider in New York City decided to take the search for a coronavirus drug into their own hands. Many of their Covid-19 patients were not getting better and some were getting worse.\r\nTwo of the \u2026 [+14132 chars]"}, {"source": {"id": "the-irish-times", "name": "The Irish Times"}, "author": "Eoin Burke-Kennedy", "title": "Ireland heads for recession as Covid-19 bites - ESRI", "description": "Think tank says coronavirus shutdown will result in sharp decline in consumption, investment and net trade", "url": "https://www.irishtimes.com/business/economy/ireland-heads-for-recession-as-covid-19-bites-esri-1.4212761", "urlToImage": "https://www.irishtimes.com/image-creator/?id=1.4212760&origw=1440", "publishedAt": "2020-03-26T09:09:24Z", "content": "The Irish economy will fall into recession this year, shrinking by as much as 7.1 per cent as a result of the coronavirus pandemic, the Economic and Social Research Institute (ESRI) has predicted.\r\nIn its latest quarterly assessment, the think tank said the o\u2026 [+1084 chars]"}, {"source": {"id": "the-irish-times", "name": "The Irish Times"}, "author": "Eoin Burke-Kennedy", "title": "Ireland heads for recession this year as Covid-19 to shrink economy - ESRI warns", "description": "Irish economy is expected to shrink by 7.1% this year as consumption, investment and trade declines, think tank says", "url": "https://www.irishtimes.com/business/economy/ireland-heads-for-recession-this-year-as-covid-19-to-shrink-economy-esri-warns-1.4212761", "urlToImage": "https://www.irishtimes.com/image-creator/?id=1.4212760&origw=1440", "publishedAt": "2020-03-26T09:46:40Z", "content": "The Irish economy will fall into recession this year, shrinking by as much as 7.1 per cent as a result of the coronavirus crisis, the Economic and Social Research Institute (ESRI) has predicted.\r\nIn its latest quarterly assessment, the think tank said the Cov\u2026 [+1926 chars]"}, {"source": {"id": "the-irish-times", "name": "The Irish Times"}, "author": null, "title": "Overseas visitors to Republic rose in weeks prior to Covid-19 crisis", "description": "CSO figures show 615,200 trips from overseas residents to the State last month", "url": "https://www.irishtimes.com/business/transport-and-tourism/overseas-visitors-to-republic-rose-in-weeks-prior-to-covid-19-crisis-1.4212864", "urlToImage": "https://www.irishtimes.com/image-creator/?id=1.4212863&origw=1253", "publishedAt": "2020-03-26T11:58:51Z", "content": "The number of visitors to the Republic rose by 4.1 per cent last month despite the spread of Covid-19 to Europe.\r\nNew figures from the Central Statistics Office show that trips taken by Irish residents overseas also increased in February, rising 0.5 per cent \u2026 [+64 chars]"}, {"source": {"id": "the-irish-times", "name": "The Irish Times"}, "author": "Eoin Burke-Kennedy", "title": "Coronavirus: Ireland heading for recession this year as Covid-19 hits economy, ESRI warns", "description": "Economy is expected to contract by 7.1% in 2020 as consumption, investment and trade declines, think tank says", "url": "https://www.irishtimes.com/business/economy/coronavirus-ireland-heading-for-recession-this-year-as-covid-19-hits-economy-esri-warns-1.4212761", "urlToImage": "https://www.irishtimes.com/image-creator/?id=1.4212760&origw=1440", "publishedAt": "2020-03-26T09:46:40Z", "content": "The Irish economy will fall into recession this year, shrinking by as much as 7.1 per cent as a result of the coronavirus crisis, the Economic and Social Research Institute (ESRI) has predicted.\r\nIn its latest quarterly assessment, the think tank said the Cov\u2026 [+3020 chars]"}, {"source": {"id": "the-irish-times", "name": "The Irish Times"}, "author": "Ed Power", "title": "Operation Covid Nation: \u2018What the actual f**k?\u2019", "description": "RT\u00c9 is right to make a show about coping with coronavirus. But scrap the trivialising name", "url": "https://www.irishtimes.com/culture/tv-radio-web/operation-covid-nation-what-the-actual-f-k-1.4213029", "urlToImage": "https://www.irishtimes.com/image-creator/?id=1.4213015&origw=1440", "publishedAt": "2020-03-26T15:09:10Z", "content": "When details began to circulate of a new RT\u00c9 lifestyle show with the title Operation Covid Nation, many of us assumed it was a joke. It was so tacky, tasteless and unimaginative. Well done, whoever came up with it, we said; was it Waterford Whispers?\r\nBut, no\u2026 [+4440 chars]"}, {"source": {"id": "the-irish-times", "name": "The Irish Times"}, "author": "Johnny Watterson", "title": "Bernard Dunne wanted boxers tested for Covid-19", "description": "Team of 13 had competed at Olympic qualifying event in London", "url": "https://www.irishtimes.com/sport/other-sports/bernard-dunne-wanted-boxers-tested-for-covid-19-1.4213060", "urlToImage": "https://www.irishtimes.com/image-creator/?id=1.4213059&origw=1440", "publishedAt": "2020-03-26T15:59:52Z", "content": "Bernard Dunne, the High Performance Director of Irish boxing, asked for the entire Irish boxing team, coaching staff and back-up team to be tested for Covid-19 but was told that because of volume and lack of symptoms testing was not available.\r\nThirteen Irish\u2026 [+4164 chars]"}, {"source": {"id": "the-irish-times", "name": "The Irish Times"}, "author": "Jackie Cahill", "title": "Siobh\u00e1n Killeen urges public to heed advice after testing positive for Covid-19", "description": "Dublin footballer works as a radiographer at the Mater Hospital in Dublin", "url": "https://www.irishtimes.com/sport/gaelic-games/gaelic-football/siobh%C3%A1n-killeen-urges-public-to-heed-advice-after-testing-positive-for-covid-19-1.4213143", "urlToImage": "https://www.irishtimes.com/image-creator/?id=1.4213139&origw=1440", "publishedAt": "2020-03-26T16:58:24Z", "content": "Dublin footballer Siobh\u00e1n Killeen has revealed that she has tested positive for Covid-19 and has urged people to abide by expert advice in the fight against the coronavirus. \r\nKilleen, 27, first experienced symptoms last Sunday evening, was tested on Monday, \u2026 [+4903 chars]"}, {"source": {"id": "the-irish-times", "name": "The Irish Times"}, "author": "Mark Hilliard, Deirdre Falvey, Marie O'Halloran", "title": "Covid-19: Ireland salutes courageous healthcare workers", "description": "Grateful nation unites in show of solidarity with under pressure front-line personnel", "url": "https://www.irishtimes.com/life-and-style/people/covid-19-ireland-salutes-courageous-healthcare-workers-1.4213066", "urlToImage": "https://www.irishtimes.com/image-creator/?id=1.4213342&origw=1440", "publishedAt": "2020-03-26T14:00:00Z", "content": "At 8pm front doors opened, windows were unlocked and they gathered in streets and on balconies against a backdrop of beeping car horns as Ireland applauded its healthcare workers.\r\nAs far as any profession goes, it is a long-lived appreciation but this was di\u2026 [+2560 chars]"}, {"source": {"id": "the-irish-times", "name": "The Irish Times"}, "author": null, "title": "Coronavirus: Ireland stops and applauds those on Covid-19 frontline", "description": "At 8pm there was a public show of appreciation for healthcare workers", "url": "https://www.irishtimes.com/life-and-style/people/coronavirus-ireland-stops-and-applauds-those-on-covid-19-frontline-1.4213066", "urlToImage": "https://www.irishtimes.com/image-creator/?id=1.4213064&origw=1440", "publishedAt": "2020-03-26T14:00:00Z", "content": "A man wearing a gas mask gives a thumbs-up as part of daily applause in support of medical workers, in Nice, France. Photograph: Valery Hache/AFP via Getty Images"}, {"source": {"id": "the-irish-times", "name": "The Irish Times"}, "author": "Mark Hilliard", "title": "Covid-19: State overwhelmed by claims for financial assistance", "description": "The State has been overwhelmed by claims for financial assistance due to the coronavirus outbreak, with an amount normally seen over 10 months being filed in just 10 working days. The Department of Employment Affairs and Social Protection has moved to reassur\u2026", "url": "https://www.irishtimes.com/news/social-affairs/covid-19-state-overwhelmed-by-claims-for-financial-assistance-1.4213312", "urlToImage": "https://www.irishtimes.com/polopoly_fs/1.4213311.1585255874!/image/image.jpg", "publishedAt": "2020-03-26T20:51:36Z", "content": "The State has been overwhelmed by claims for financial assistance due to the coronavirus outbreak, with an amount normally seen over 10 months being filed in just 10 working days. \r\nThe Department of Employment Affairs and Social Protection has moved to reass\u2026 [+1282 chars]"}, {"source": {"id": "the-irish-times", "name": "The Irish Times"}, "author": "Harry McGee", "title": "Temporary morgue facilities planned for possible Covid-19 case surge", "description": "The Government is preparing to provide temporary morgue facilities in anticipation of a surge of deaths due to the Covid-19 pandemic. At a Department of the Taoiseach press briefing on Thursday, it was disclosed that in the event of a sharp rise in mortality,\u2026", "url": "https://www.irishtimes.com/news/politics/temporary-morgue-facilities-planned-for-possible-covid-19-case-surge-1.4212930", "urlToImage": "https://www.irishtimes.com/image-creator/?id=1.4212928&origw=1440", "publishedAt": "2020-03-26T13:16:44Z", "content": "The Government is preparing to provide temporary morgue facilities in anticipation of a surge of deaths due to the Covid-19 pandemic. \r\nAt a Department of the Taoiseach press briefing on Thursday, it was disclosed that in the event of a sharp rise in mortalit\u2026 [+1881 chars]"}, {"source": {"id": "the-irish-times", "name": "The Irish Times"}, "author": "Marie O'Halloran", "title": "Covid-19: Insurers warned over \u2018interpreting policies to own advantage\u2019", "description": "D\u00e1il hears concerns about companies refusing to honour claims for loss of business", "url": "https://www.irishtimes.com/news/politics/covid-19-insurers-warned-over-interpreting-policies-to-own-advantage-1.4213335", "urlToImage": "https://www.irishtimes.com/polopoly_fs/1.4213334.1585257812!/image/image.jpg", "publishedAt": "2020-03-26T21:24:46Z", "content": "Minister for Business Heather Humphreys has warned insurers not to reject claims from businesses forced to close by interpreting policies to their own advantage.\r\nDuring the ongoing debate on the latest raft of emergency legislation provisions Ms Humphreys al\u2026 [+2130 chars]"}, {"source": {"id": "the-irish-times", "name": "The Irish Times"}, "author": "The Irish Times", "title": "Covid-19: Global infections now exceed 490,000", "description": "Fatalities now at 22,000 worldwide but figures also show 118,000 people recovered", "url": "https://www.irishtimes.com/news/world/covid-19-global-infections-now-exceed-490-000-1.4212723", "urlToImage": "https://www.irishtimes.com/image-creator/?id=1.4213254&origw=1440", "publishedAt": "2020-03-26T06:51:08Z", "content": "Covid-19 cases worldwide have now topped 491,000, with 22,000 dead and 118,000 recovered, according to the Johns Hopkins Coronavirus Resource Center.\r\nItaly reported its biggest jump in new cases in the past five days, with most infections in the hard-hit nor\u2026 [+3950 chars]"}, {"source": {"id": "the-irish-times", "name": "The Irish Times"}, "author": "Eoin Burke-Kennedy", "title": "ESRI warns Ireland heading for recession this year as Covid-19 hits economy", "description": "Economy expected to contract by 7.1% in 2020 as consumption, investment and trade declines", "url": "https://www.irishtimes.com/business/economy/esri-warns-ireland-heading-for-recession-this-year-as-covid-19-hits-economy-1.4212761", "urlToImage": "https://www.irishtimes.com/image-creator/?id=1.4212760&origw=1440", "publishedAt": "2020-03-26T09:46:40Z", "content": "The Irish economy will fall into recession this year, shrinking by as much as 7.1 per cent as a result of the coronavirus crisis, the Economic and Social Research Institute (ESRI) has predicted. \r\nUp to 350,000 people are also expected to lose their jobs, a s\u2026 [+2528 chars]"}, {"source": {"id": "the-irish-times", "name": "The Irish Times"}, "author": "Deirdre Falvey", "title": "Coronavirus: Ireland urged to stop and applaud those on Covid-19 frontline tonight", "description": "At 8pm there will be a public show of appreciation for healthcare workers", "url": "https://www.irishtimes.com/life-and-style/people/coronavirus-ireland-urged-to-stop-and-applaud-those-on-covid-19-frontline-tonight-1.4213066", "urlToImage": "https://www.irishtimes.com/image-creator/?id=1.4213064&origw=1440", "publishedAt": "2020-03-26T16:04:00Z", "content": "Theres a call for a public show of appreciation for workers on the frontline of the coronavirus crisis at 8pm on Thursday in the Republic. \r\nIn the past couple of weeks, France, Spain and India, among other countries, have publicly applauded healthcare worker\u2026 [+1682 chars]"}, {"source": {"id": "the-irish-times", "name": "The Irish Times"}, "author": "Mark Hilliard, Deirdre Falvey, Marie O'Halloran", "title": "Covid-19: Ireland stops to give round of applause for front line workers", "description": "Grateful nation unites in a show of solidarity with under pressure medical personnel", "url": "https://www.irishtimes.com/life-and-style/people/covid-19-ireland-stops-to-give-round-of-applause-for-front-line-workers-1.4213066", "urlToImage": "https://www.irishtimes.com/image-creator/?id=1.4213342&origw=1440", "publishedAt": "2020-03-26T14:00:00Z", "content": "At 8pm front doors opened, windows were unlocked and they gathered in streets and on balconies against a backdrop of beeping car horns as Ireland applauded its healthcare and front line workers fighting the coronavirus pandemic\r\nAs far as any professions go, \u2026 [+2982 chars]"}, {"source": {"id": "the-irish-times", "name": "The Irish Times"}, "author": null, "title": "Vatican readies contingency plan for Covid-19 in papal residence", "description": "Move comes after priest in Santa Marta quarters tests positive and is hospitalised", "url": "https://www.irishtimes.com/news/world/europe/vatican-readies-contingency-plan-for-covid-19-in-papal-residence-1.4213197", "urlToImage": "https://www.irishtimes.com/image-creator/?id=1.4213196&origw=1440", "publishedAt": "2020-03-26T18:15:11Z", "content": "The Vatican is conducting tests for coronavirus on the dozens of priests who live in the same residence as Pope Francis and making contingency plans to move those diagnosed with the disease elsewhere, said a source in the Holy See on Thursday.\r\nThe moves come\u2026 [+165 chars]"}, {"source": {"id": "the-irish-times", "name": "The Irish Times"}, "author": "Eoin Burke-Kennedy", "title": "Ireland heads for recession this year as Covid-19 to shrink economy - ESRI warns", "description": "The Irish economy will fall into recession this year, shrinking by as much as 7.1 per cent as a result of the coronavirus crisis, the Economic and Social Research Institute (ESRI) has predicted. In its latest quarterly assessment, the think tank said the Covi\u2026", "url": "https://www.irishtimes.com/business/economy/coronavirus-ireland-heads-for-recession-this-year-as-covid-19-hits-economy-esri-warns-1.4212761", "urlToImage": "https://www.irishtimes.com/image-creator/?id=1.4212760&origw=1440", "publishedAt": "2020-03-26T09:46:40Z", "content": "The Irish economy will fall into recession this year, shrinking by as much as 7.1 per cent as a result of the coronavirus crisis, the Economic and Social Research Institute (ESRI) has predicted.\r\nIn its latest quarterly assessment, the think tank said the Cov\u2026 [+1926 chars]"}, {"source": {"id": "the-irish-times", "name": "The Irish Times"}, "author": "Mariie O'Halloran", "title": "Brexit means Ireland better placed to confront Covid-19, says Varadkar", "description": "Taoiseach Leo Varadkar has told the D\u00e1il TDs were taking unprecedented actions to respond to an unprecedented emergency. The thousands of hours spent preparing for Brexit was now an advantage, because the plans to prepare for that challenge were now of use in\u2026", "url": "https://www.irishtimes.com/news/politics/brexit-means-ireland-better-placed-to-confront-covid-19-says-varadkar-1.4212869", "urlToImage": "https://www.irishtimes.com/polopoly_fs/1.4212868.1585225352!/image/image.jpg", "publishedAt": "2020-03-26T12:12:15Z", "content": "MARIE OHALLORAN\r\nTaoiseach Leo Varadkar has told the D\u00e1il TDs were taking unprecedented actions to respond to an unprecedented emergency.\r\nThe thousands of hours spent preparing for Brexit was now an advantage, because the plans to prepare for that challenge \u2026 [+3372 chars]"}, {"source": {"id": "the-irish-times", "name": "The Irish Times"}, "author": null, "title": "The Clareman in Moscow on how they are tackling Covid-19", "description": "Irish Times Abroad meets Brian Gleeson, who is general manager of the Radisson Blu Olympiyskiy Hotel in Moscow. He moved from Copenhagen to Moscow this month after spending three years in Denmark with his wife and 16-month old son, Alex, who are still there. \u2026", "url": "https://www.irishtimes.com/life-and-style/abroad/the-clareman-in-moscow-on-how-they-are-tackling-covid-19-1.4213151", "urlToImage": "https://www.irishtimes.com/image-creator/?id=1.4213149&origw=619", "publishedAt": "2020-03-26T17:15:42Z", "content": "Irish Times Abroad meets Brian Gleeson, who is general manager of the Radisson Blu Olympiyskiy Hotel in Moscow. He moved from Copenhagen to Moscow this month after spending three years in Denmark with his wife and 16-month old son, Alex, who are still there. \u2026 [+129 chars]"}, {"source": {"id": "the-irish-times", "name": "The Irish Times"}, "author": "Barry O'Halloran", "title": "Airlines to lose \u20ac70bn in sales as Covid-19 grounds European flights", "description": "Air passenger demand could be halved, costing European airlines \u20ac70 billion in lost sales, as Covid-19 grounds flights across the continent, one industry body warned on Thursday. The International Air Transport Association (IATA) predicted that demand for fli\u2026", "url": "https://www.irishtimes.com/business/transport-and-tourism/airlines-to-lose-70bn-in-sales-as-covid-19-grounds-european-flights-1.4213105", "urlToImage": "https://www.irishtimes.com/image-creator/?id=1.4213104&origw=1440", "publishedAt": "2020-03-26T16:27:27Z", "content": "Air passenger demand could be halved, costing European airlines 70 billion in lost sales, as Covid-19 grounds flights across the continent, one industry body warned on Thursday.\r\nThe International Air Transport Association (IATA) predicted that demand for fli\u2026 [+778 chars]"}, {"source": {"id": "the-irish-times", "name": "The Irish Times"}, "author": "Harry McGee", "title": "Temporary morgue facilities planned for a possible Covid-19 case surge", "description": "Way to allow farmers sell cattle while the marts are closed is being sought", "url": "https://www.irishtimes.com/news/politics/temporary-morgue-facilities-planned-for-a-possible-covid-19-case-surge-1.4212930", "urlToImage": "https://www.irishtimes.com/image-creator/?id=1.4212928&origw=1440", "publishedAt": "2020-03-26T13:16:44Z", "content": "The Government is preparing to provide temporary mortuary facilities in anticipation of a surge of the Covid-19 pandemic. \r\nIt said it is is working on this deeply sensitive issue as one the wider consequences of the surge of cases, and mortalities, that migh\u2026 [+4330 chars]"}, {"source": {"id": "the-irish-times", "name": "The Irish Times"}, "author": "Daniel McLaughlin", "title": "EU urges Kosovo to focus on Covid-19 amid political crisis", "description": "Power struggle and US pressure bring down two-month-old government", "url": "https://www.irishtimes.com/news/world/europe/eu-urges-kosovo-to-focus-on-covid-19-amid-political-crisis-1.4213189", "urlToImage": "https://www.irishtimes.com/image-creator/?id=1.4213185&origw=1440", "publishedAt": "2020-03-26T18:05:00Z", "content": "The European Union has urged Kosovo to focus on fighting coronavirus after a power struggle between its leaders, a row over how to combat Covid-19 and pressure from the United States combined to topple its reformist government.\r\nDeputies voted late on Wednesd\u2026 [+2271 chars]"}, {"source": {"id": "the-irish-times", "name": "The Irish Times"}, "author": "Guy Hedgecoe", "title": "\u2018Top of the curve\u2019? Spain hopes Covid-19 peak reached as deaths surpass 4,000", "description": "Tentative signs of progress as country\u2019s 655 deaths in 24 hours lower than previous day", "url": "https://www.irishtimes.com/news/world/europe/top-of-the-curve-spain-hopes-covid-19-peak-reached-as-deaths-surpass-4-000-1.4213184", "urlToImage": "https://www.irishtimes.com/image-creator/?id=1.4213182&origw=1440", "publishedAt": "2020-03-26T18:00:00Z", "content": "As coronavirus spreads across Spain and the number of deaths continues to rise substantially each day, the countrys healthcare system is struggling to manage the pressure. However, the government hopes that the most recent figures suggest the tide could be tu\u2026 [+4692 chars]"}, {"source": {"id": "the-irish-times", "name": "The Irish Times"}, "author": "Guy Hedgecoe", "title": "\u2018Top of the curve\u2019? Spain hopes Covid-19 peak reached as deaths pass 4,000", "description": "Tentative signs of progress as country\u2019s 655 deaths in 24 hours lower than previous day", "url": "https://www.irishtimes.com/news/world/europe/top-of-the-curve-spain-hopes-covid-19-peak-reached-as-deaths-pass-4-000-1.4213184", "urlToImage": "https://www.irishtimes.com/image-creator/?id=1.4213182&origw=1440", "publishedAt": "2020-03-26T18:00:00Z", "content": "As coronavirus spreads across Spain and the number of deaths continues to rise substantially each day, the countrys healthcare system is struggling to manage the pressure. However, the government hopes that the most recent figures suggest the tide could be tu\u2026 [+4692 chars]"}, {"source": {"id": "the-irish-times", "name": "The Irish Times"}, "author": "Niamh Cahill, Barry Roche", "title": "On the Covid-19 frontline: \u2018We would all love to hide in a corner but none of us will\u2019", "description": "Covid-19 has led some doctors to strange discussions, as well as concerns over supplies", "url": "https://www.irishtimes.com/news/health/on-the-covid-19-frontline-we-would-all-love-to-hide-in-a-corner-but-none-of-us-will-1.4211969", "urlToImage": "https://www.irishtimes.com/image-creator/?id=1.4211966&origw=1440", "publishedAt": "2020-03-26T01:00:06Z", "content": "Maiti\u00fa \u00d3 Faol\u00e1in and his wife Triona, who are both GPs, sat down at the kitchen table in the family home in Ashbourne, Co Meath, last week to have the strangest conversation of their married lives.\r\nWhen things started to get worse, I had to sit down with my \u2026 [+2551 chars]"}]}