{"status": "ok", "totalResults": 21, "articles": [{"source": {"id": "the-irish-times", "name": "The Irish Times"}, "author": "The Irish Times", "title": "RT\u00c9 broadcaster Claire Byrne confirms she got Covid-19", "description": "The broadcaster says she is \u2018well now and through the peak of the condition\u2019", "url": "https://www.irishtimes.com/news/health/rt%C3%A9-broadcaster-claire-byrne-confirms-she-got-covid-19-1.4210141", "urlToImage": "https://www.irishtimes.com/polopoly_fs/1.4210140.1584985690!/image/image.jpg", "publishedAt": "2020-03-23T17:38:37Z", "content": "RT\u00c9 has confirmed that broadcaster Claire Byrne has been diagnosed with the coronavirus Covid-19.\r\nThe broadcaster released details of an email Byrne sent to staff in which she said she was well now and through the peak of the condition. She expressed her tha\u2026 [+781 chars]"}, {"source": {"id": "the-irish-times", "name": "The Irish Times"}, "author": "Sorcha Pollak", "title": "Department announces Covid-19 self-isolation facility for asylum seekers", "description": "Charities call for people in HSE risk categories to be moved from \u2018overcrowded\u2019 centres", "url": "https://www.irishtimes.com/news/social-affairs/department-announces-covid-19-self-isolation-facility-for-asylum-seekers-1.4210289", "urlToImage": "https://www.irishtimes.com/image-creator/?id=1.4210287&origw=1440", "publishedAt": "2020-03-23T20:35:19Z", "content": "An off-site self-isolation facility for asylum seekers suspected of contracting coronavirus is to be piloted as part of a range of measures to try and curb the spread in direct-provision centres.\r\nThe Department of Justice announced on Monday that all centres\u2026 [+1674 chars]"}, {"source": {"id": "the-irish-times", "name": "The Irish Times"}, "author": "Gerry Moriarty", "title": "Twenty new Covid-19 cases confirmed in Northern Ireland", "description": "Deputy First Minister Michelle O\u2019Neill close to tears when taking question on virus emergency", "url": "https://www.irishtimes.com/news/ireland/irish-news/twenty-new-covid-19-cases-confirmed-in-northern-ireland-1.4210078", "urlToImage": "https://www.irishtimes.com/image-creator/?id=1.4210076&origw=1440", "publishedAt": "2020-03-23T16:33:18Z", "content": "The number of coronavirus cases in Northern Ireland has increased by 20 as from Monday afternoon, bringing the number of cases in the North to 148, the Norths Department of Health has announced. \r\nThere also were twenty new cases reported on Sunday. To date t\u2026 [+2038 chars]"}, {"source": {"id": "the-irish-times", "name": "The Irish Times"}, "author": "Jack Power", "title": "Covid-19: Scouting Ireland to help \u2018cocooning\u2019 support of elderly", "description": "Adult volunteers to assist in community support effort of pensioners and the vulnerable", "url": "https://www.irishtimes.com/news/ireland/irish-news/covid-19-scouting-ireland-to-help-cocooning-support-of-elderly-1.4209938", "urlToImage": "https://www.irishtimes.com/image-creator/?id=1.4209937&origw=1440", "publishedAt": "2020-03-23T15:09:49Z", "content": "Scouting Ireland is preparing for its adult volunteers to assist in the States plan to cocoon elderly and vulnerable people in their homes to protect them from the coronavirus in the coming weeks.\r\nThe youth organisation has more than 50,000 members, includin\u2026 [+2236 chars]"}, {"source": {"id": "the-irish-times", "name": "The Irish Times"}, "author": "Barry Roche", "title": "Impact of Covid-19 on drugs trade likely to hit recreational cocaine users most", "description": "Garda sources say reduction in cocaine use more likely to be due to economic factors than to closure of clubs and pubs", "url": "https://www.irishtimes.com/news/ireland/irish-news/impact-of-covid-19-on-drugs-trade-likely-to-hit-recreational-cocaine-users-most-1.4210279", "urlToImage": "https://www.irishtimes.com/polopoly_fs/1.4210271.1584994695!/image/image.jpg", "publishedAt": "2020-03-23T20:18:06Z", "content": "The Covid-19 outbreak will cut demand for cocaine and other drugs if it leads to hundreds of thousands of people losing their jobs, garda\u00ed believe.\r\nThe recreational drug-user the guy who takes cocaine at weekends may not be spending their money on cocaine, a\u2026 [+3426 chars]"}, {"source": {"id": "the-irish-times", "name": "The Irish Times"}, "author": "Tim O'Brien", "title": "Covid-19: Los Paddys relieved to make it back from south America", "description": "Band in frantic efforts to get home from Chile after airport options worldwide tighten up", "url": "https://www.irishtimes.com/news/ireland/irish-news/covid-19-los-paddys-relieved-to-make-it-back-from-south-america-1.4210145", "urlToImage": "https://www.irishtimes.com/polopoly_fs/1.4210144.1584985254!/image/image.jpg", "publishedAt": "2020-03-23T17:41:56Z", "content": "Seven members and supporters of eclectic group Los Paddys, which had gone to south America for St Patricks Day, arrived back in Co Clare on Monday after a marathon journey through half closed airports in Chile, Canada and Britain.\r\nLos Paddys describe their m\u2026 [+2348 chars]"}, {"source": {"id": "the-irish-times", "name": "The Irish Times"}, "author": "Joe Brennan", "title": "Minister urged to act on insurers rejecting Covid-19 claims", "description": "Thousands of pubs, cafes, restaurants and leisure facilities have closed in recent weeks", "url": "https://www.irishtimes.com/business/financial-services/minister-urged-to-act-on-insurers-rejecting-covid-19-claims-1.4209738", "urlToImage": "https://www.irishtimes.com/image-creator/?id=1.4209737&origw=1440", "publishedAt": "2020-03-23T10:24:48Z", "content": "Minister for Finance Paschal Donohoe has been urged by Fianna Fail to call in insurance bosses as the industry is rejecting claims for loss of earnings as a result of coronavirus, relying on fine print and technicalities to avoid payouts. \r\nFianna Fails busin\u2026 [+2588 chars]"}, {"source": {"id": "the-irish-times", "name": "The Irish Times"}, "author": "Joe Brennan", "title": "Minister weighs in as insurers reject Covid-19 claims", "description": "Thousands of pubs, cafes, restaurants and leisure facilities have closed in recent weeks", "url": "https://www.irishtimes.com/business/financial-services/minister-weighs-in-as-insurers-reject-covid-19-claims-1.4209738", "urlToImage": "https://www.irishtimes.com/image-creator/?id=1.4209737&origw=1440", "publishedAt": "2020-03-23T10:24:48Z", "content": "Minister for Finance Paschal Donohoe has called on insurers not to reject businesses claims for loss of earnings if they were advised by the Government to shut up shop to contain the spread of Covid-19, amid widespread evidence that the industry is relying on\u2026 [+4730 chars]"}, {"source": {"id": "the-irish-times", "name": "The Irish Times"}, "author": "James Politi, Lauren Fedor", "title": "Congress deadlocked over $2tn US Covid stimulus deal", "description": "Democrats fear proposed deal too generous to big business with not enough for hospitals", "url": "https://www.irishtimes.com/business/economy/congress-deadlocked-over-2tn-us-covid-stimulus-deal-1.4209688", "urlToImage": "https://www.irishtimes.com/image-creator/?id=1.4209686&origw=1440", "publishedAt": "2020-03-23T08:01:07Z", "content": "The Trump administration and congressional leaders struggled to reach a deal on fiscal stimulus measures worth nearly $2 trillion to help the US weather the coronavirus pandemic as jittery markets opened around the world. \r\nThe negotiations hit an impasse on \u2026 [+4498 chars]"}, {"source": {"id": "the-irish-times", "name": "The Irish Times"}, "author": null, "title": "Donohoe weighs in as insurers reject Covid-19 claims", "description": "Insurance Ireland warn solvency of many insurers could be called into question", "url": "https://www.irishtimes.com/business/financial-services/donohoe-weighs-in-as-insurers-reject-covid-19-claims-1.4209738", "urlToImage": "https://www.irishtimes.com/image-creator/?id=1.4209737&origw=1440", "publishedAt": "2020-03-23T10:24:48Z", "content": "Minister for Finance Paschal Donohoe has called on insurers not to reject businesses claims for loss of earnings if they were advised by the Government to shut up shop to contain the spread of Covid-19, amid evidence the industry is relying on fine print and \u2026 [+367 chars]"}, {"source": {"id": "the-irish-times", "name": "The Irish Times"}, "author": "Joe Brennan", "title": "BofI temporarily closes 101 branches as Covid-19 spreads", "description": "Outlets will continue to provide ATM services", "url": "https://www.irishtimes.com/business/financial-services/bofi-temporarily-closes-101-branches-as-covid-19-spreads-1.4209753", "urlToImage": "https://www.irishtimes.com/image-creator/?id=1.4209752&origw=1440", "publishedAt": "2020-03-23T10:35:13Z", "content": "Bank of Ireland is temporarily closing 101 branches, almost 40 per cent of its locations, amid the ongoing spread of Covid-19. The bank will redirect staff to help larger offices and contact centres cope with a surge in queries from customers looking for paym\u2026 [+3235 chars]"}, {"source": {"id": "the-irish-times", "name": "The Irish Times"}, "author": "Joe Brennan", "title": "Uniphar shares rise amid Covid-19 business boost", "description": "Shares in the company were 5.8 per cent higher at \u20ac1.10", "url": "https://www.irishtimes.com/business/health-pharma/uniphar-shares-rise-amid-covid-19-business-boost-1.4209771", "urlToImage": "https://www.irishtimes.com/image-creator/?id=1.4209772&origw=1440", "publishedAt": "2020-03-23T11:17:13Z", "content": "Shares in Uniphar, the Irish healthcare services company that that floated last summer, jumped on Monday as it reported a significant spike in demand across its business as the Government and healthcare industry ramped up preparations to deal with an expected\u2026 [+1473 chars]"}, {"source": {"id": "the-irish-times", "name": "The Irish Times"}, "author": "Joe Brennan", "title": "Bank of Ireland to shut 101 branches as Covid-19 spreads", "description": "Outlets will continue to provide ATM services", "url": "https://www.irishtimes.com/business/financial-services/bank-of-ireland-to-shut-101-branches-as-covid-19-spreads-1.4209753", "urlToImage": "https://www.irishtimes.com/image-creator/?id=1.4209752&origw=1440", "publishedAt": "2020-03-23T10:35:13Z", "content": "Bank of Ireland is temporarily closing 101 branches almost 40 per cent of its locations amid the ongoing spread of Covid-19 and will redirect staff to help larger offices and contact centres cope with a surge in queries from customers looking for payment brea\u2026 [+1539 chars]"}, {"source": {"id": "the-irish-times", "name": "The Irish Times"}, "author": "The Irish Times", "title": "Markets must be kept open despite Covid-19, European regulators urge", "description": "Curbs on short-sellers and volatility in some EU states amid fears for stock exchange staff", "url": "https://www.irishtimes.com/business/markets/markets-must-be-kept-open-despite-covid-19-european-regulators-urge-1.4210298", "urlToImage": "https://www.irishtimes.com/image-creator/?id=1.4210296&origw=1440", "publishedAt": "2020-03-23T20:40:55Z", "content": "Short-sellers cannot be blamed for the rout in stocks and markets should be kept open during the coronavirus epidemic, regulators in Europe said on Monday.\r\nEuropes STOXX 600 index has fallen to around a seven-year low as investors price a likely recession in\u2026 [+2176 chars]"}, {"source": {"id": "the-irish-times", "name": "The Irish Times"}, "author": "Dominic Coyle", "title": "Tapping Apple or eurobonds to meet the economic cost of Covid-19", "description": "Business Today: the best news, analysis and comment from The Irish Times business desk", "url": "https://www.irishtimes.com/business/tapping-apple-or-eurobonds-to-meet-the-economic-cost-of-covid-19-1.4209672", "urlToImage": "https://www.irishtimes.com/image-creator/?id=1.4209671&origw=1440", "publishedAt": "2020-03-23T06:45:29Z", "content": "Coronavirus continues to overshadow the business world, with much of corporate Ireland figuring how they and their employees are going to manage a sustained shutdown, or whether they can pivot into areas in demand as the State battles to contain Covid-19.\r\nBi\u2026 [+2134 chars]"}, {"source": {"id": "the-irish-times", "name": "The Irish Times"}, "author": "Derek Scally", "title": "German packages to cushion against Covid-19 now collectively worth \u20ac1 trillion", "description": "Berlin determined to use \u2018all we have\u2019 to limit looming economic crisis", "url": "https://www.irishtimes.com/business/economy/german-packages-to-cushion-against-covid-19-now-collectively-worth-1-trillion-1.4210239", "urlToImage": "https://www.irishtimes.com/image-creator/?id=1.4210237&origw=1279", "publishedAt": "2020-03-23T19:36:57Z", "content": "When Germany announced a massive package of measures on Monday to cushion the devastating effects of coronavirus on Europes largest economy, Stephen Molloy was watching closely.\r\nFor the Dublin-born co-owner of design company Fundamental Berlin, crisis measur\u2026 [+2972 chars]"}, {"source": {"id": "the-irish-times", "name": "The Irish Times"}, "author": "Joe Brennan", "title": "Bank of Ireland to temporarily shut 101 branches as Covid-19 spreads", "description": "Outlets will continue to provide ATM services", "url": "https://www.irishtimes.com/business/financial-services/bank-of-ireland-to-temporarily-shut-101-branches-as-covid-19-spreads-1.4209753", "urlToImage": "https://www.irishtimes.com/image-creator/?id=1.4209752&origw=1440", "publishedAt": "2020-03-23T10:35:13Z", "content": "Bank of Ireland is temporarily closing 101 branches almost 40 per cent of its locations amid the ongoing spread of Covid-19 and will redirect staff to help larger offices and contact centres cope with a surge in queries from customers looking for payment brea\u2026 [+380 chars]"}, {"source": {"id": "the-irish-times", "name": "The Irish Times"}, "author": "The Irish Times", "title": "Coronavirus: UN to create global Covid-19 fund", "description": "Olympics faces postponement as virus hits markets worldwide", "url": "https://www.irishtimes.com/news/world/coronavirus-un-to-create-global-covid-19-fund-1.4209692", "urlToImage": "https://www.irishtimes.com/image-creator/?id=1.4209691&origw=1440", "publishedAt": "2020-03-23T08:18:08Z", "content": "The United Nations will create a fund to support the treatment of coronavirus patients worldwide, Norways foreign ministry said on Monday.\r\nA multi-donor fund under UN auspices will provide predictability for our partners and help to make the efforts more eff\u2026 [+6605 chars]"}, {"source": {"id": "the-irish-times", "name": "The Irish Times"}, "author": "Peter Goff", "title": "In China Covid-19 leaves social upheaval in its wake", "description": "Beijing Letter: With global markets in disarray, Chinese firms turn to domestic consumer", "url": "https://www.irishtimes.com/news/world/asia-pacific/in-china-covid-19-leaves-social-upheaval-in-its-wake-1.4209916", "urlToImage": "https://www.irishtimes.com/image-creator/?id=1.4209915&origw=1440", "publishedAt": "2020-03-23T14:42:50Z", "content": "As people across China take tentative steps towards a new normality after two months of national trauma, the world they assess has been reshaped. Entering a state of flux, relationships are changing.\r\nFor some, this relationship change involves ending marriag\u2026 [+4437 chars]"}, {"source": {"id": "the-irish-times", "name": "The Irish Times"}, "author": "Joe Brennan", "title": "Finance Ireland pauses \u20ac100m IPO due to Covid-19 damage to markets", "description": "Non-bank lender Finance Ireland has pressed the pause button on its planned \u20ac100 million-plus initial public offering (IPO) as the rapid spread of coronavirus globally has hit equity markets badly in recent weeks. The lender, led by chief executive Billy Kane\u2026", "url": "https://www.irishtimes.com/business/financial-services/finance-ireland-pauses-100m-ipo-due-to-covid-19-damage-to-markets-1.4209305", "urlToImage": "https://www.irishtimes.com/image-creator/?id=1.4209303&origw=1440", "publishedAt": "2020-03-23T05:49:59Z", "content": "Non-bank lender Finance Ireland has pressed the pause button on its planned 100 million-plus initial public offering (IPO) as the rapid spread of coronavirus globally has hit equity markets badly in recent weeks.\r\nThe lender, led by chief executive Billy Kane\u2026 [+2758 chars]"}, {"source": {"id": "the-irish-times", "name": "The Irish Times"}, "author": "Deirdre Falvey", "title": "Covid-19: Galway Capital of Culture year may to extended into 2021", "description": "The Galway 2020 board will have an emergency meeting on Tuesday to consider the future of its European Capital of Culture year, in the face of the ongoing coronavirus crisis. It is believed one of the options being considered is to seek to extend the capital \u2026", "url": "https://www.irishtimes.com/culture/covid-19-galway-capital-of-culture-year-may-to-extended-into-2021-1.4210116", "urlToImage": "https://www.irishtimes.com/image-creator/?id=1.4210115&origw=1440", "publishedAt": "2020-03-23T15:00:00Z", "content": "The Galway 2020 board will have an emergency meeting on Tuesday to consider the future of its European Capital of Culture year, in the face of the ongoing coronavirus crisis. \r\nIt is believed one of the options being considered is to seek to extend the capita\u2026 [+2371 chars]"}]}