{"status": "ok", "totalResults": 22, "articles": [{"source": {"id": "the-irish-times", "name": "The Irish Times"}, "author": "Simon Carswell", "title": "Almost 90% of applicants receive Covid-19 unemployment payment", "description": "About 30,000 people rejected because they are ineligible or submitted incorrect information", "url": "https://www.irishtimes.com/news/ireland/irish-news/almost-90-of-applicants-receive-covid-19-unemployment-payment-1.4218887", "urlToImage": "https://www.irishtimes.com/image-creator/?id=1.4218886&origw=620", "publishedAt": "2020-04-02T09:54:20Z", "content": "Almost 90 per cent of people who lost their jobs as a result of the coronavirus pandemic and applied for the Governments emergency unemployment payment received it.\r\nThe Department of Employment Affairs and Social Protection has made the 350 a week payment to\u2026 [+2820 chars]"}, {"source": {"id": "the-irish-times", "name": "The Irish Times"}, "author": null, "title": "Drogheda shop assailant arrested by garda\u00ed at Covid-19 checkpoint", "description": "Man threatened female shop worker with syringe and demanded money, say garda\u00ed", "url": "https://www.irishtimes.com/news/crime-and-law/drogheda-shop-assailant-arrested-by-garda%C3%AD-at-covid-19-checkpoint-1.4219498", "urlToImage": null, "publishedAt": "2020-04-02T22:15:35Z", "content": null}, {"source": {"id": "the-irish-times", "name": "The Irish Times"}, "author": "Paul Cullen", "title": "Coronavirus: Should everybody be wearing masks to combat Covid-19?", "description": "Debate complicated by shortage of protective equipment and conflicting advice on masks", "url": "https://www.irishtimes.com/news/health/coronavirus-should-everybody-be-wearing-masks-to-combat-covid-19-1.4218062", "urlToImage": "https://www.irishtimes.com/image-creator/?id=1.4216205&origw=1440", "publishedAt": "2020-04-02T01:15:00Z", "content": "Should healthcare workers wear masks even for routine engagements with patients? And should the wider population also wear masks in order to suppress the spread of coronavirus?\r\nThese are questions that refuse to go away, despite official guidance, in Ireland\u2026 [+4717 chars]"}, {"source": {"id": "the-irish-times", "name": "The Irish Times"}, "author": "Declan Brennan", "title": "Child rapist with Covid-19 concerns refused bail", "description": "Judge says if he granted bail \u2018everybody\u2019 convicted of such offences would be knocking on door saying \u2018let me out\u2019", "url": "https://www.irishtimes.com/news/crime-and-law/courts/criminal-court/child-rapist-with-covid-19-concerns-refused-bail-1.4219010", "urlToImage": "https://www.irishtimes.com/image-creator/?id=1.4219007&origw=1440", "publishedAt": "2020-04-02T12:37:13Z", "content": "A High Court judge has refused to release a convicted child rapist on bail on the basis of the mans concerns about Covid-19.\r\nJustice Tony Hunt told lawyers for the Dublin man that if he released the man on bail everybody convicted of these type of offences w\u2026 [+1974 chars]"}, {"source": {"id": "the-irish-times", "name": "The Irish Times"}, "author": "Mark Hilliard", "title": "Protective clothing should be worn while preparing Covid-19 victims\u2019 remains \u2013 HSE", "description": "Family members \u2018should be advised not to kiss the deceased\u2019, new guidelines suggest", "url": "https://www.irishtimes.com/news/health/protective-clothing-should-be-worn-while-preparing-covid-19-victims-remains-hse-1.4219462", "urlToImage": "https://www.irishtimes.com/image-creator/?id=1.4219461&origw=1440", "publishedAt": "2020-04-02T20:19:01Z", "content": "Anyone washing or preparing the remains of a person who had Covid-19 is advised to wear an apron or long sleeved gown, gloves, surgical face mask and eye protection, new guidelines have set out.\r\nSimilar protective clothing is recommended for anyone handling \u2026 [+2365 chars]"}, {"source": {"id": "the-irish-times", "name": "The Irish Times"}, "author": "Jack Horgan-Jones, Jennifer Bray", "title": "Ireland\u2019s pharma industry gears up to make key ingredient for Covid-19 testing", "description": "Inability to secure sufficient supplies of reagent has led to reduced testing of samples", "url": "https://www.irishtimes.com/news/ireland/irish-news/ireland-s-pharma-industry-gears-up-to-make-key-ingredient-for-covid-19-testing-1.4218334", "urlToImage": "https://www.irishtimes.com/polopoly_fs/1.4218328.1585784163!/image/image.jpg", "publishedAt": "2020-04-02T00:10:38Z", "content": "Irelands pharmaceutical industry has indicated it is gearing up to produce key ingredients for Covid-19 testing which the State is struggling to source on the international market. \r\nThe industry could produce enough reagent a key laboratory ingredient which \u2026 [+2162 chars]"}, {"source": {"id": "the-irish-times", "name": "The Irish Times"}, "author": "Martin Wall", "title": "Private practice to continue in public hospitals during Covid-19 crisis", "description": "Doctors with contractual rights can continue to see non-Covid-19 fee-paying patients", "url": "https://www.irishtimes.com/news/health/private-practice-to-continue-in-public-hospitals-during-covid-19-crisis-1.4218289", "urlToImage": "https://www.irishtimes.com/polopoly_fs/1.4218287.1585769975!/image/image.jpg", "publishedAt": "2020-04-02T00:48:58Z", "content": "Private patients with non-Covid-19 illnesses will continue to be treated in public hospitals during the coronavirus pandemic, it has emerged.\r\nThe Government this week effectively took over the facilities of 19 private hospitals around the country as part of \u2026 [+3926 chars]"}, {"source": {"id": "the-irish-times", "name": "The Irish Times"}, "author": "The Irish Times", "title": "\u2018We are with you, in thought and in spirit\u2019 - President broadcasts message on Covid-19", "description": "Message broadcast at midday on Thursday across the Republic", "url": "https://www.irishtimes.com/news/health/we-are-with-you-in-thought-and-in-spirit-president-broadcasts-message-on-covid-19-1.4218997", "urlToImage": "https://www.irishtimes.com/image-creator/?id=1.4218996&origw=1440", "publishedAt": "2020-04-02T12:11:45Z", "content": "This is the full text of a message from President Michael D Higgins for Local, Regional and Community Radio Stations and Newspapers. It was broadcast at midday on Thursday across the Republic. \r\nKnowing how important local media local, community radio station\u2026 [+4749 chars]"}, {"source": {"id": "the-irish-times", "name": "The Irish Times"}, "author": "Nora-Ide McAuliffe", "title": "Coronavirus: Westmeath has the highest rate of Covid-19 in Ireland", "description": "Both Westmeath and Dublin rates significantly higher than rest of State", "url": "https://www.irishtimes.com/news/ireland/irish-news/coronavirus-westmeath-has-the-highest-rate-of-covid-19-in-ireland-1.4218810", "urlToImage": "https://www.irishtimes.com/image-creator/?id=1.4218809&origw=1440", "publishedAt": "2020-04-02T07:17:00Z", "content": "Westmeath currently has the highest rate of coronavirus cases outside of Dublin, analysis of the Health Protection Surveillance Centres data shows.\u00a0\r\nThis Irish Times analysis of the HPSCs figures is based on the latest breakdown of data by county made availa\u2026 [+2834 chars]"}, {"source": {"id": "the-irish-times", "name": "The Irish Times"}, "author": "Jack Horgan-Jones, Jennifer Bray", "title": "Ireland\u2019s pharma industry gear up to make key ingredient for Covid-19 testing", "description": "Inability to secure sufficient supplies of reagent has led to reduced testing of samples", "url": "https://www.irishtimes.com/news/ireland/irish-news/ireland-s-pharma-industry-gear-up-to-make-key-ingredient-for-covid-19-testing-1.4218334", "urlToImage": "https://www.irishtimes.com/polopoly_fs/1.4218328.1585784163!/image/image.jpg", "publishedAt": "2020-04-02T00:10:38Z", "content": "Irelands pharmaceutical industry has indicated it is gearing up to produce key ingredients for Covid-19 testing which the State is struggling to source on the international market. \r\nThe industry could produce enough reagent a key laboratory ingredient which \u2026 [+2162 chars]"}, {"source": {"id": "the-irish-times", "name": "The Irish Times"}, "author": "Nora-Ide McAuliffe", "title": "Coronavirus: Westmeath has highest rate of Covid-19 outside of Dublin", "description": "Both Westmeath and Dublin rates significantly higher than rest of State", "url": "https://www.irishtimes.com/news/ireland/irish-news/coronavirus-westmeath-has-highest-rate-of-covid-19-outside-of-dublin-1.4218810", "urlToImage": "https://www.irishtimes.com/image-creator/?id=1.4218809&origw=1440", "publishedAt": "2020-04-02T07:17:00Z", "content": "Westmeath currently has the highest rate of coronavirus cases outside of Dublin, analysis of the Health Protection Surveillance Centres data shows.\u00a0\r\nThis Irish Times analysis of the HPSCs figures is based on the latest breakdown of data by county made availa\u2026 [+2834 chars]"}, {"source": {"id": "the-irish-times", "name": "The Irish Times"}, "author": "Joe Brennan", "title": "Bank of Ireland long-fingers problem mortgages sale amid Covid-19 crisis", "description": "Growing economic uncertainty cools international investor interest", "url": "https://www.irishtimes.com/business/financial-services/bank-of-ireland-long-fingers-problem-mortgages-sale-amid-covid-19-crisis-1.4218126", "urlToImage": "https://www.irishtimes.com/image-creator/?id=1.4218121&origw=1440", "publishedAt": "2020-04-02T05:00:19Z", "content": "Bank of Ireland has long-fingered plans to sell hundreds of millions of euro of problem mortgages until the second half of this year, as the appetite among international investors for such assets has been hit by the Covid-19 pandemic. \r\nThe bank, led by chief\u2026 [+2759 chars]"}, {"source": {"id": "the-irish-times", "name": "The Irish Times"}, "author": "Charlie Taylor", "title": "Start-up funding nosedives in Covid-19 crisis but fintechs to flourish", "description": "New forecast indicates as much as $84bn in funding at risk as crisis dominates", "url": "https://www.irishtimes.com/business/technology/start-up-funding-nosedives-in-covid-19-crisis-but-fintechs-to-flourish-1.4218910", "urlToImage": "https://www.irishtimes.com/image-creator/?id=1.4218909&origw=1292", "publishedAt": "2020-04-02T10:31:12Z", "content": "Intempo Glitter Ball speaker: Light up your home disco partyCompact, rechargeable bluetooth speaker with built-in LED lights and a big sound"}, {"source": {"id": "the-irish-times", "name": "The Irish Times"}, "author": null, "title": "Brown Thomas and Arnotts staff to receive full pay during Covid-19 crisis", "description": "Fashion retailer Penneys says it will pay 80 per cent of salaries for its 5,000 staff here", "url": "https://www.irishtimes.com/business/retail-and-services/brown-thomas-and-arnotts-staff-to-receive-full-pay-during-covid-19-crisis-1.4219229", "urlToImage": "https://www.irishtimes.com/polopoly_fs/1.4219267.1585845206!/image/image.jpg", "publishedAt": "2020-04-02T16:01:26Z", "content": "Brown Thomas and Arnotts have said they will continue to ensure all employees receive their full salaries during the Covid-19 crisis.\r\nThe retailers, which this week announced plans to suspend online operations after recently closing their physical stores, sa\u2026 [+179 chars]"}, {"source": {"id": "the-irish-times", "name": "The Irish Times"}, "author": "Greg Wood, Rory Carroll", "title": "Cheltenham faces criticism after racegoers suffer Covid-19 symptoms", "description": "Jockey Club defend decision to hold four-day festival with huge crowds in attendance", "url": "https://www.irishtimes.com/sport/racing/cheltenham-faces-criticism-after-racegoers-suffer-covid-19-symptoms-1.4219458", "urlToImage": "https://www.irishtimes.com/image-creator/?id=1.4219456&origw=1440", "publishedAt": "2020-04-02T20:09:44Z", "content": "The Jockey Club, the owner of the Cheltenham Festival, has defended its decision to proceed with last months four-day event after Andrew Parker Bowles, the former husband of the Duchess of Cornwall, became the latest high-profile attendee to report subsequent\u2026 [+3467 chars]"}, {"source": {"id": "the-irish-times", "name": "The Irish Times"}, "author": "Jack Horgan-Jones", "title": "Q&A Covid-19 testing: How many tests have we done?", "description": "What happened to the goal of 15,000 tests a day and other testing questions", "url": "https://www.irishtimes.com/news/health/q-a-covid-19-testing-how-many-tests-have-we-done-1.4218320", "urlToImage": "https://www.irishtimes.com/image-creator/?id=1.4218314&origw=1440", "publishedAt": "2020-04-02T00:12:00Z", "content": "How many tests have we done, and how many are we doing?\r\nIn terms of laboratory tests, which produce a positive or negative result on a sample, we have done just over 30,000, with a positive rate in the current tests of about 15 per cent. About 14 labs are pr\u2026 [+3576 chars]"}, {"source": {"id": "the-irish-times", "name": "The Irish Times"}, "author": "Simon Carswell", "title": "Irish family pay tribute to UK medic who died from Covid-19", "description": "Carlow family of Dublin-educated doctor Amged El-Hawrani \u2018devastated\u2019 at his death", "url": "https://www.irishtimes.com/news/ireland/irish-news/irish-family-pay-tribute-to-uk-medic-who-died-from-covid-19-1.4218944", "urlToImage": "https://www.irishtimes.com/image-creator/?id=1.4218943&origw=1440", "publishedAt": "2020-04-02T11:17:21Z", "content": "The Irish family of the first frontline medic to die in the UKs coronavirus outbreak are devastated at his loss, his Co Carlow-based brother-in-law has said.\r\nAmged El-Hawrani, an ear, nose and throat consultant working in England, died at Glenfield Hospital \u2026 [+2386 chars]"}, {"source": {"id": "the-irish-times", "name": "The Irish Times"}, "author": "The Irish Times", "title": "World food prices fall on lower oil prices, Covid-19 crisis", "description": "UN\u2019s Food and Agriculture Organization increased forecast for cereal production", "url": "https://www.irishtimes.com/business/agribusiness-and-food/world-food-prices-fall-on-lower-oil-prices-covid-19-crisis-1.4218872", "urlToImage": "https://www.irishtimes.com/image-creator/?id=1.4218871&origw=1253", "publishedAt": "2020-04-02T09:34:31Z", "content": "World food prices fell sharply in March, hit by a drop in demand tied to the coronavirus pandemic and a plunge in global oil prices, the United Nations food agency said on Thursday.\r\nThe Food and Agriculture Organization (FAO) food price index, which measures\u2026 [+2125 chars]"}, {"source": {"id": "the-irish-times", "name": "The Irish Times"}, "author": "The Irish Times", "title": "Students: How has the Covid-19 crisis affected you?", "description": "Exams have been cancelled and universities are closed. We want to hear how you have been affected", "url": "https://www.irishtimes.com/news/education/students-how-has-the-covid-19-crisis-affected-you-1.4219022", "urlToImage": "https://www.irishtimes.com/image-creator/?id=1.4219021&origw=1440", "publishedAt": "2020-04-02T15:00:00Z", "content": "Most colleges and universities have cancelled or postponed this summers exams and have moved their teaching programme online. However, this shift might not suit everyone. Some will not have access to broadband while others will miss the various resources usua\u2026 [+602 chars]"}, {"source": {"id": "the-irish-times", "name": "The Irish Times"}, "author": "Rahul Bedi", "title": "India\u2019s poorest face critical food shortages during Covid-19 lockdown", "description": "Privileged and middle-classes continue to live comfortably in larger towns and cities", "url": "https://www.irishtimes.com/news/world/asia-pacific/india-s-poorest-face-critical-food-shortages-during-covid-19-lockdown-1.4219279", "urlToImage": "https://www.irishtimes.com/image-creator/?id=1.4219278&origw=960", "publishedAt": "2020-04-02T16:43:14Z", "content": "The lockdown enforced across India for its 1.3 billion people to try to combat the coronavirus pandemic has revealed a glaring class divide in which the countrys economically underprivileged continue to be worst hit.\r\nEver since it was imposed by prime minist\u2026 [+2730 chars]"}, {"source": {"id": "the-irish-times", "name": "The Irish Times"}, "author": "The Irish Times", "title": "Rerun of the Gathering might just be the tonic for Irish tourism post-Covid", "description": "Diaspora-focused tourism jamboree, the Gathering, had plenty of critics ahead of its 2013 launch. Ryanair\u2019s Michael O\u2019Leary derided it as \u201cthe Grabbing\u201d, while actor Gabriel Byrne, who had been retained as a cultural ambassador for the State, very harshly lab\u2026", "url": "https://www.irishtimes.com/business/transport-and-tourism/rerun-of-the-gathering-might-just-be-the-tonic-for-irish-tourism-post-covid-1.4218319", "urlToImage": "https://www.irishtimes.com/image-creator/?id=1.4218317&origw=1440", "publishedAt": "2020-04-02T05:30:07Z", "content": "Diaspora-focused tourism jamboree, the Gathering, had plenty of critics ahead of its 2013 launch. Ryanairs Michael OLeary derided it as the Grabbing, while actor Gabriel Byrne, who had been retained as a cultural ambassador for the State, very harshly labelle\u2026 [+1625 chars]"}, {"source": {"id": "the-irish-times", "name": "The Irish Times"}, "author": "Joe Humphreys", "title": "Can\u2019t travel because of Covid-19? There\u2019s always the inner journey", "description": "This week normally sees legions of holiday-makers rushing to the ports and airports for an Easter getaway. But that\u2019s all changed. Countless short breaks have been cancelled, and summer holidays look doubtful too, with the coronavirus pandemic yet to peak. Ar\u2026", "url": "https://www.irishtimes.com/culture/can-t-travel-because-of-covid-19-there-s-always-the-inner-journey-1.4212988", "urlToImage": "https://www.irishtimes.com/image-creator/?id=1.4212987&origw=1440", "publishedAt": "2020-04-02T04:00:00Z", "content": "This week normally sees legions of holiday-makers rushing to the ports and airports for an Easter getaway. But thats all changed. Countless short breaks have been cancelled, and summer holidays look doubtful too, with the coronavirus pandemic yet to peak.\r\nAr\u2026 [+5661 chars]"}]}