{"status": "ok", "totalResults": 11, "articles": [{"source": {"id": "the-irish-times", "name": "The Irish Times"}, "author": "Amanda Ferguson", "title": "Stormont introduces \u2018extraordinary powers\u2019 after 15th Covid-19 death", "description": "Restrctions on movement come into force after another 49 positive tests recorded", "url": "https://www.irishtimes.com/news/ireland/irish-news/stormont-introduces-extraordinary-powers-after-15th-covid-19-death-1.4214952", "urlToImage": "https://www.irishtimes.com/image-creator/?id=1.4214950&origw=1440", "publishedAt": "2020-03-28T14:31:24Z", "content": "Sweeping powers to restrict the movement of people to help curb the spread of coronavirus in Northern Ireland come into force from 11pm.\r\nIn a statement issued on Saturday night, the Stormont Executive said it had agreed to adopt the powers in response to the\u2026 [+5440 chars]"}, {"source": {"id": "the-irish-times", "name": "The Irish Times"}, "author": "The Irish Times", "title": "Johnson\u2019s Covid positive: a bad omen for UK\u2019s other social distancing project", "description": "Brexiteer PM now finds himself trapped in Downing Street office, cut off from staff", "url": "https://www.irishtimes.com/business/economy/johnson-s-covid-positive-a-bad-omen-for-uk-s-other-social-distancing-project-1.4214158", "urlToImage": "https://www.irishtimes.com/image-creator/?id=1.4214156&origw=1440", "publishedAt": "2020-03-28T05:30:10Z", "content": "The UK governments 360-degree turn on coronavirus was metaphorically completed yesterday when the prime minister, Boris Johnson, his health minster, Matt Hancock, and his chief medical officer, Chris Whitty, revealed they had all tested positive for the virus\u2026 [+1886 chars]"}, {"source": {"id": "the-irish-times", "name": "The Irish Times"}, "author": "Barry O'Halloran", "title": "Retail landlords worried rents will dry up during Covid-19 crisis", "description": "\u2018There is a feeling that it is just a matter of time\u2019 says property manager", "url": "https://www.irishtimes.com/business/commercial-property/retail-landlords-worried-rents-will-dry-up-during-covid-19-crisis-1.4214202", "urlToImage": "https://www.irishtimes.com/image-creator/?id=1.4214200&origw=1440", "publishedAt": "2020-03-28T06:52:44Z", "content": "Retail landlords fear rents will dry up as all but essential stores shut up shop amid the Covid-19 crisis.\r\nThis week, clothing chain Penneys confirmed it would suspend paying rent on its 37 shops in the Republic to ease the damage done to its business by los\u2026 [+1887 chars]"}, {"source": {"id": "the-irish-times", "name": "The Irish Times"}, "author": "Jennifer O'Connell", "title": "Jennifer O'Connell: Covid-19 is normalising mass surveillance of citizens", "description": "Track-and-trace strategy to contain coronavirus uses citizens\u2019 personal data", "url": "https://www.irishtimes.com/opinion/jennifer-o-connell-covid-19-is-normalising-mass-surveillance-of-citizens-1.4213829", "urlToImage": "https://www.irishtimes.com/image-creator/?id=1.4213827&origw=1440", "publishedAt": "2020-03-28T00:33:28Z", "content": "We already have two silver bullets to control the spread of coronavirus. Those weapons are soap and our own forbearance.\r\nIts not a lot. But with more than half a million cases of infection reported worldwide, and in the absence of anything more muscular on t\u2026 [+5935 chars]"}, {"source": {"id": "the-irish-times", "name": "The Irish Times"}, "author": "The Irish Times", "title": "Will Covid-19 force Primark to rethink decision not to sell online?", "description": "With its stores shut, Penneys owner needs an ecommerce outlet to reach young shoppers", "url": "https://www.irishtimes.com/business/retail-and-services/will-covid-19-force-primark-to-rethink-decision-not-to-sell-online-1.4214199", "urlToImage": "https://www.irishtimes.com/image-creator/?id=1.4214198&origw=1440", "publishedAt": "2020-03-28T06:03:31Z", "content": "The coronavirus pandemic has shone a spotlight once more on discount fashion retailer Primarks decision to eschew online sales.\r\nPrimark, which trades in its Irish home market as Penneys, is an outlier in its industry. It seems incongruous for a youth-focused\u2026 [+1793 chars]"}, {"source": {"id": "the-irish-times", "name": "The Irish Times"}, "author": "The Irish Times", "title": "Irish writers on Covid-19: \u2018We\u2019re all having a shockin\u2019 dose of the wombles\u2019", "description": "\u2018It\u2019s unexpectedly romantic,\u2019 says John Boyne. \u2019It shows us our true selves,\u2019 says Patricia Scanlan", "url": "https://www.irishtimes.com/culture/books/irish-writers-on-covid-19-we-re-all-having-a-shockin-dose-of-the-wombles-1.4212107", "urlToImage": "https://www.irishtimes.com/image-creator/?id=1.4212106&origw=1440", "publishedAt": "2020-03-28T02:12:54Z", "content": "I was sitting on a bench at the smokers section outside Madrid airport last week, just taking a break from the facemask but seriously thinking about going back on the fags, when two Spanish soldiers passed by and at gunpoint encouraged us all to maintain our \u2026 [+19231 chars]"}, {"source": {"id": "the-irish-times", "name": "The Irish Times"}, "author": "Glen Murphy", "title": "I knew I\u2019d recover from Covid-19. But when Mam was struck down \u2026 that floored me", "description": "Irish Times journalist Glen Murphy just about coped with coronavirus. Then his mother fell ill", "url": "https://www.irishtimes.com/life-and-style/health-family/i-knew-i-d-recover-from-covid-19-but-when-mam-was-struck-down-that-floored-me-1.4213110", "urlToImage": "https://www.irishtimes.com/image-creator/?id=1.4213166&origw=960", "publishedAt": "2020-03-28T06:00:00Z", "content": "Its very seldom Ive ever gone home sick from school or work. Mostly because I always felt guilty about calling in sick, even if I genuinely needed to. This is probably why I never expected to be part of a global pandemic.\r\nFor me, symptoms of the coronavirus,\u2026 [+4897 chars]"}, {"source": {"id": "the-irish-times", "name": "The Irish Times"}, "author": "Kevin O'Sullivan", "title": "Benign impact of Covid-19 on air quality and carbon emissions", "description": "The world is in a dark place, gripped by a pandemic that could rage for months and take countless lives. But it has led to an astonishing fall in air pollution in the most heavily populated parts of the planet. European Space Agency (ESA) satellites offer rem\u2026", "url": "https://www.irishtimes.com/news/environment/benign-impact-of-covid-19-on-air-quality-and-carbon-emissions-1.4213930", "urlToImage": "https://www.irishtimes.com/image-creator/?id=1.4213929&origw=1317", "publishedAt": "2020-03-28T01:00:59Z", "content": "The world is in a dark place, gripped by a pandemic that could rage for months and take countless lives. But it has led to an astonishing fall in air pollution in the most heavily populated parts of the planet. \r\nEuropean Space Agency (ESA) satellites offer r\u2026 [+6148 chars]"}, {"source": {"id": "the-irish-times", "name": "The Irish Times"}, "author": "Patrick Freyne", "title": "Homeless in the Covid-19 era: \u2018We all feel a bit queer, clammy, fluey\u2019", "description": "Earlier this week, this paper published a letter from four homeless men highlighting their difficulties self-isolating in the coronavirus crisis. One of those men was 59-year-old Ray Halpin, an adult education co-ordinator at the Lourdes Youth and Community C\u2026", "url": "https://www.irishtimes.com/life-and-style/health-family/homeless-in-the-covid-19-era-we-all-feel-a-bit-queer-clammy-fluey-1.4213012", "urlToImage": "https://www.irishtimes.com/image-creator/?id=1.4213011&origw=1440", "publishedAt": "2020-03-28T06:05:00Z", "content": "Earlier this week, this paper published a letter from four homeless men highlighting their difficulties self-isolating in the coronavirus crisis. One of those men was 59-year-old Ray Halpin, an adult education co-ordinator at the Lourdes Youth and Community C\u2026 [+8385 chars]"}, {"source": {"id": "the-irish-times", "name": "The Irish Times"}, "author": "Gemma Tipton", "title": "Virtual viewing: A guide to visiting museums online in the age of Covid-19", "description": "To paraphrase a philosophical conundrum: if an artwork exists in a gallery, and nobody sees it, is it still meaningful? As cultural institutions closed their doors amid the Covid-19 pandemic, those in charge immediately began wondering and working on how to k\u2026", "url": "https://www.irishtimes.com/culture/virtual-viewing-a-guide-to-visiting-museums-online-in-the-age-of-covid-19-1.4211121", "urlToImage": "https://www.irishtimes.com/image-creator/?id=1.4211112&origw=1440", "publishedAt": "2020-03-28T05:00:00Z", "content": "To paraphrase a philosophical conundrum: if an artwork exists in a gallery, and nobody sees it, is it still meaningful? As cultural institutions closed their doors amid the Covid-19 pandemic, those in charge immediately began wondering and working on how to k\u2026 [+10038 chars]"}, {"source": {"id": "the-irish-times", "name": "The Irish Times"}, "author": "The Irish Times", "title": "Meitheal matters: Tell us about acts of kindness during the Covid-19 crisis", "description": "Meitheal is the word for an old Irish tradition of neighbours coming together to help others to harvest crops or save hay, building friendships, respect and unity in the community in challenging times. The Covid-19 crisis is bringing out a surge of meitheal, \u2026", "url": "https://www.irishtimes.com/life-and-style/meitheal-matters-tell-us-about-acts-of-kindness-during-the-covid-19-crisis-1.4214933", "urlToImage": "https://www.irishtimes.com/image-creator/?id=1.4214932&origw=1025", "publishedAt": "2020-03-28T14:00:00Z", "content": "Meitheal is the word for an old Irish tradition of neighbours coming together to help others to harvest crops or save hay, building friendships, respect and unity in the community in challenging times. The Covid-19 crisis is bringing out a surge of meitheal, \u2026 [+486 chars]"}]}