{"status": "ok", "totalResults": 29, "articles": [{"source": {"id": "the-irish-times", "name": "The Irish Times"}, "author": "Kevin O'Sullivan", "title": "Q&A: Covid-19 and impact on people with cancer", "description": "Those with cancer classified in most at-risk group and subject to severe restrictions", "url": "https://www.irishtimes.com/news/health/q-a-covid-19-and-impact-on-people-with-cancer-1.4216043", "urlToImage": "https://www.irishtimes.com/image-creator/?id=1.4216042&origw=1364", "publishedAt": "2020-03-30T16:32:47Z", "content": "The Covid-19 pandemic is immensely challenging and distressing for people with cancer, but also for those not sure if they have the disease not to mention their families.\r\nThis is greatly added to because cancer patients undergoing treatment often have weaken\u2026 [+3804 chars]"}, {"source": {"id": "the-irish-times", "name": "The Irish Times"}, "author": "Sarah Burns", "title": "Cork Covid-19 test centre reopens after kit shortage resolved", "description": "All referrals for testing in Cork and Kerry offered appointments on Monday, says HSE", "url": "https://www.irishtimes.com/news/health/cork-covid-19-test-centre-reopens-after-kit-shortage-resolved-1.4215817", "urlToImage": "https://www.irishtimes.com/image-creator/?id=1.4215816&origw=1253", "publishedAt": "2020-03-30T13:44:34Z", "content": "The coronavirus testing centre at the Pairc U\u00ed Chaoimh stadium in Cork has reopened on Monday after insufficient testing kits forced its closure on Sunday. \r\nThe Health Service Executive said all referrals for testing in Cork and Kerry received by close of bu\u2026 [+1763 chars]"}, {"source": {"id": "the-irish-times", "name": "The Irish Times"}, "author": "Martin Wall", "title": "Covid-19: Teachers may be redeployed outside education sector", "description": "School managers receive Government guidance on potential to work within wider service", "url": "https://www.irishtimes.com/news/education/covid-19-teachers-may-be-redeployed-outside-education-sector-1.4216125", "urlToImage": "https://www.irishtimes.com/image-creator/?id=1.4216124&origw=1253", "publishedAt": "2020-03-30T17:56:11Z", "content": "Teachers may be redeployed to work outside the education sector as part of the Governments overall efforts to deal with the coronavirus pandemic.\r\nIn a circular to school managers on March 27th the Department of Education said under overall Government guidanc\u2026 [+1418 chars]"}, {"source": {"id": "the-irish-times", "name": "The Irish Times"}, "author": "Paul Cullen", "title": "Highest daily increase yet in Covid-19 diagnoses recorded", "description": "We are beginning to see encouraging signs in our efforts to flatten the curve - Holohan", "url": "https://www.irishtimes.com/news/health/highest-daily-increase-yet-in-covid-19-diagnoses-recorded-1.4216209", "urlToImage": "https://www.irishtimes.com/image-creator/?id=1.4216208&origw=1440", "publishedAt": "2020-03-30T19:33:50Z", "content": "Eight more patients diagnosed with Covid-19 have died, the National Public Health Emergency Team reported on Monday evening.\r\nSix of the eight deaths were in the east, one was in the south and one was in the west.\r\nThe patients included five women and three m\u2026 [+2581 chars]"}, {"source": {"id": "the-irish-times", "name": "The Irish Times"}, "author": "Jack Power", "title": "Covid-19: Irish citizens evacuated from Peru arrive home", "description": "Near-40 hour trip from Peru brings ends the honeymoon like no other for one couple", "url": "https://www.irishtimes.com/news/ireland/irish-news/covid-19-irish-citizens-evacuated-from-peru-arrive-home-1.4216087", "urlToImage": "https://www.irishtimes.com/image-creator/?id=1.4216086&origw=1440", "publishedAt": "2020-03-30T17:20:01Z", "content": "A 17-hour bus journey to Perus capital Lima in a rush to board a flight back to Ireland ended a honeymoon like no other for Neil Cooney (34) and his wife Kath (32).\r\nThe pair were among more than 100 Irish citizens repatriated on an emergency flight from Peru\u2026 [+3798 chars]"}, {"source": {"id": "the-irish-times", "name": "The Irish Times"}, "author": null, "title": "Covid-19: Shipping line Stena vows to keep supply lines open", "description": "Company to run freight-only services to Ireland if staff depleted due to impact of virus", "url": "https://www.irishtimes.com/news/ireland/irish-news/covid-19-shipping-line-stena-vows-to-keep-supply-lines-open-1.4216216", "urlToImage": "https://www.irishtimes.com/polopoly_fs/1.4216215.1585597377!/image/image.jpg", "publishedAt": "2020-03-30T19:43:40Z", "content": "One of Europes largest ferry companies has said it could continue to run freight-only services to Ireland in a worst-case staffing scenario. \r\nOn Monday, Stena Line said it would continue its normal UK and Ireland operations but because of daily changes in pr\u2026 [+99 chars]"}, {"source": {"id": "the-irish-times", "name": "The Irish Times"}, "author": "Freya McClements", "title": "Covid-19: Foster and O\u2019Neill united in struggle to save lives", "description": "Northern Ireland\u2019s Executive demonstrating \u2018common purpose\u2019, say political leaders", "url": "https://www.irishtimes.com/news/ireland/irish-news/covid-19-foster-and-o-neill-united-in-struggle-to-save-lives-1.4216186", "urlToImage": "https://www.irishtimes.com/image-creator/?id=1.4216185&origw=1440", "publishedAt": "2020-03-30T19:17:40Z", "content": "The Norths First and Deputy First ministers admitted on Monday to a difference of emphasis on tackling the coronavirus crisis, but said the Executives common purpose is to save lives. \r\nThe DUPs Arlene Foster and Michelle ONeill of Sinn F\u00e9in rejected any sugg\u2026 [+2517 chars]"}, {"source": {"id": "the-irish-times", "name": "The Irish Times"}, "author": "Kevin O'Sullivan", "title": "Engineers gather to produce \u2018battlefield\u2019 ventilator in war on Covid-19", "description": "An intensive two-week Galway hackathon has produced a prototype design", "url": "https://www.irishtimes.com/news/health/engineers-gather-to-produce-battlefield-ventilator-in-war-on-covid-19-1.4215049", "urlToImage": "https://www.irishtimes.com/image-creator/?id=1.4215047&origw=1440", "publishedAt": "2020-03-30T02:00:00Z", "content": "A team of engineers and specialists in medical devices gathered in Galway are finalising the prototype of an emergency ventilator for use in treating critically-ill Covid-19 patients. \r\nThey hope the battlefield ventilator will help ease a likely surge in dem\u2026 [+3561 chars]"}, {"source": {"id": "the-irish-times", "name": "The Irish Times"}, "author": null, "title": "Coronavirus: Eight further deaths from Covid-19 reported, 295 new cases detected", "description": "Government reaches deal with private hospitals to take them over during crisis", "url": "https://www.irishtimes.com/news/ireland/irish-news/coronavirus-eight-further-deaths-from-covid-19-reported-295-new-cases-detected-1.4215991", "urlToImage": "https://www.irishtimes.com/image-creator/?id=1.4215990&origw=1440", "publishedAt": "2020-03-30T15:57:49Z", "content": "Eight more patients diagnosed with Covid-19 have died, the National Public Health Emergency Team reported on Monday evening.\r\n\u00a0Six of the eight deaths were in the east, one was in the south and one was in the west. The patients included five women and three m\u2026 [+83 chars]"}, {"source": {"id": "the-irish-times", "name": "The Irish Times"}, "author": "Mark Paul", "title": "Covid-19 crisis to wipe out Q1 housing market recovery", "description": "There were 12,170 agreed sales in the first three months of the year, survey shows", "url": "https://www.irishtimes.com/business/economy/covid-19-crisis-to-wipe-out-q1-housing-market-recovery-1.4215184", "urlToImage": "https://www.irishtimes.com/image-creator/?id=1.4215183&origw=1440", "publishedAt": "2020-03-30T05:20:03Z", "content": "The housing market was making a recovery in the first quarter of 2020 after a lull sparked by Brexit, but its progress has been swept away by the Covid-19 crisis, according to the latest quarterly report by property site Myhome.ie.\r\nThe report by Myhome, owne\u2026 [+1822 chars]"}, {"source": {"id": "the-irish-times", "name": "The Irish Times"}, "author": "Charlie Taylor", "title": "Revenue suspends phone helpline services due to Covid-19", "description": "National employer helpline and ROS technical helpdesk are still available", "url": "https://www.irishtimes.com/business/economy/revenue-suspends-phone-helpline-services-due-to-covid-19-1.4215683", "urlToImage": "https://www.irishtimes.com/polopoly_fs/1.4215682.1585564255!/image/image.jpg", "publishedAt": "2020-03-30T10:31:22Z", "content": "Revenue has said it is suspending the majority of its phone helplines until mid-April due to the additional restrictive Covid-19 measures announced by the Government on Friday evening.\r\nIn a statement it said all telephones helplines will be unavailable outsi\u2026 [+780 chars]"}, {"source": {"id": "the-irish-times", "name": "The Irish Times"}, "author": "Peter Hamilton", "title": "Covid-19 pandemic has \u2018limited impact\u2019 on Fusion Antibodies", "description": "Clients of contract research company working on solution to coronavirus outbreak", "url": "https://www.irishtimes.com/business/health-pharma/covid-19-pandemic-has-limited-impact-on-fusion-antibodies-1.4215755", "urlToImage": "https://www.irishtimes.com/image-creator/?id=1.4215754&origw=1253", "publishedAt": "2020-03-30T12:35:59Z", "content": "Northern Ireland contract research company Fusion Antibodies has so far had a very limited impact from the Covid-19 pandemic, with the company remaining fully operational. \r\nIn a stock market update the company, listed on Londons AIM exchange, said that any s\u2026 [+1206 chars]"}, {"source": {"id": "the-irish-times", "name": "The Irish Times"}, "author": "Charlie Taylor", "title": "NY\u2019s largest healthcare provider using Irish technology in Covid-19 testing", "description": "Technopath\u2019s technology shreds and disintects infectious waste to kill pathogens", "url": "https://www.irishtimes.com/business/health-pharma/ny-s-largest-healthcare-provider-using-irish-technology-in-covid-19-testing-1.4216113", "urlToImage": "https://www.irishtimes.com/image-creator/?id=1.4216110&origw=1440", "publishedAt": "2020-03-30T17:40:48Z", "content": "New York states largest healthcare provider and private employer Northwell has implemented a new technology from Co Tipperary company Technopath to break down medical waste resulting from laboratory testing.\r\nBallina-based Techopaths Envetec 200 system will b\u2026 [+1845 chars]"}, {"source": {"id": "the-irish-times", "name": "The Irish Times"}, "author": "Mark Paul", "title": "Insolvency lawyer warns of \u2018disaster\u2019 if firms reject Covid-19 wage subsidies", "description": "Arthur Cox partner says fears over trading while insolvent are \u2018without foundation\u2019", "url": "https://www.irishtimes.com/business/economy/insolvency-lawyer-warns-of-disaster-if-firms-reject-covid-19-wage-subsidies-1.4215171", "urlToImage": "https://www.irishtimes.com/image-creator/?id=1.4215170&origw=1440", "publishedAt": "2020-03-30T04:55:43Z", "content": "The head of insolvency at one of Irelands top corporate law firms has warned that recent criticisms of the States scheme to pay 70 per cent of workers wages through the Covid-19 crisis are without foundation and risk social disaster.\r\nWillie Daly, head of the\u2026 [+2758 chars]"}, {"source": {"id": "the-irish-times", "name": "The Irish Times"}, "author": "Mark Paul", "title": "Initial Covid-19 impact on commerce the tip of the iceberg", "description": "Economic Pulse shows the services sector witnessed the steepest drop in sentiment", "url": "https://www.irishtimes.com/business/economy/initial-covid-19-impact-on-commerce-the-tip-of-the-iceberg-1.4215220", "urlToImage": "https://www.irishtimes.com/image-creator/?id=1.4215218&origw=1440", "publishedAt": "2020-03-30T04:41:03Z", "content": "An index tracking business and consumer sentiment plunged to a historic low earlier this month and the fall is likely just the tip of the iceberg compared to what is in store in coming months.\r\nThe Bank of Ireland Economic Pulse index in March recorded its lo\u2026 [+1577 chars]"}, {"source": {"id": "the-irish-times", "name": "The Irish Times"}, "author": "Mark Paul", "title": "Kerry pressing ahead with agm next month despite Covid-19 crisis", "description": "Pay pack of CEO increased last year to just under \u20ac4 million, a rise of 55%", "url": "https://www.irishtimes.com/business/agribusiness-and-food/kerry-pressing-ahead-with-agm-next-month-despite-covid-19-crisis-1.4215838", "urlToImage": "https://www.irishtimes.com/image-creator/?id=1.4215837&origw=1440", "publishedAt": "2020-03-30T14:16:00Z", "content": "The global food ingredients giant, Kerry Group, is pressing ahead with its annual general meeting of shareholders next month, despite the Covid-19 crisis.\r\nKerry on Monday sent to shareholders a copy of its annual report and a notice of its agm, which it plan\u2026 [+1357 chars]"}, {"source": {"id": "the-irish-times", "name": "The Irish Times"}, "author": "Eoin Burke-Kennedy", "title": "Irish economy to suffer mildest shock to output from Covid-19, OECD says", "description": "Paris-based think tank suggest impact of shutdown will reduce activity here by 15%", "url": "https://www.irishtimes.com/business/irish-economy-to-suffer-mildest-shock-to-output-from-covid-19-oecd-says-1.4215764", "urlToImage": "https://www.irishtimes.com/image-creator/?id=1.4215763&origw=1440", "publishedAt": "2020-03-30T12:47:08Z", "content": "The Irish economy will be the least impacted by the coronavirus pandemic, the Organisation for Economic Co-operation and Development (OECD) has said.\r\nThe Paris-based think tank estimates that the shutdown to slow the spread of the virus could reduce economic\u2026 [+2183 chars]"}, {"source": {"id": "the-irish-times", "name": "The Irish Times"}, "author": "Paul Cullen", "title": "Total of Covid-19 diagnoses increases by 295 to 2,910", "description": "We are beginning to see encouraging signs in our efforts to flatten the curve - Holohan", "url": "https://www.irishtimes.com/news/health/total-of-covid-19-diagnoses-increases-by-295-to-2-910-1.4216209", "urlToImage": "https://www.irishtimes.com/image-creator/?id=1.4216208&origw=1440", "publishedAt": "2020-03-30T19:33:50Z", "content": "Eight more patients diagnosed with Covid-19 have died, the National Public Health Emergency Team reported on Monday evening.\r\nSix of the eight deaths were in the east, one was in the south and one was in the west.\r\nThe patients included five women and three m\u2026 [+2549 chars]"}, {"source": {"id": "the-irish-times", "name": "The Irish Times"}, "author": "Richard Gillis", "title": "Covid virus shutdown puts a check on sport\u2019s hyberbole", "description": "For many of us, the absence of live sport is already leaving a large hole in our so called lives. Yesterday I picked up a Jonathan Franzen novel that\u2019s been on the bookshelf for five years, only to wake up two hours later watching reruns of Jack Nicklaus winn\u2026", "url": "https://www.irishtimes.com/business/covid-virus-shutdown-puts-a-check-on-sport-s-hyberbole-1.4215661", "urlToImage": "https://www.irishtimes.com/image-creator/?id=1.4215659&origw=1440", "publishedAt": "2020-03-30T09:43:51Z", "content": "For many of us, the absence of live sport is already leaving a large hole in our so called lives. Yesterday I picked up a Jonathan Franzen novel thats been on the bookshelf for five years, only to wake up two hours later watching reruns of Jack Nicklaus winni\u2026 [+4541 chars]"}, {"source": {"id": "the-irish-times", "name": "The Irish Times"}, "author": "Tim O'Brien", "title": "Reduced timetables, but more buses to limit Covid-19 risk", "description": "Public transport operators are cutting services and diverting trains and buses to peak times in an attempt to ensure less crowded conditions from this week. Revised timetables for Irish Rail across all routes will come into effect on Monday with Dublin Bus, G\u2026", "url": "https://www.irishtimes.com/news/ireland/irish-news/reduced-timetables-but-more-buses-to-limit-covid-19-risk-1.4215881", "urlToImage": "https://www.irishtimes.com/image-creator/?id=1.4215880&origw=1440", "publishedAt": "2020-03-30T14:50:49Z", "content": "Public transport operators are cutting services and diverting trains and buses to peak times in an attempt to ensure less crowded conditions from this week.\r\nRevised timetables for Irish Rail across all routes will come into effect on Monday with Dublin Bus, \u2026 [+3034 chars]"}, {"source": {"id": "the-irish-times", "name": "The Irish Times"}, "author": "Sarah Burns", "title": "Flight to China to collect Covid-19 supplies forced to turn back", "description": "Aer Lingus flight EI9018 from Dublin to Beijing forced to return after a bird strike", "url": "https://www.irishtimes.com/news/ireland/irish-news/flight-to-china-to-collect-covid-19-supplies-forced-to-turn-back-1.4215738", "urlToImage": "https://www.irishtimes.com/image-creator/?id=1.4215737&origw=1440", "publishedAt": "2020-03-30T12:07:40Z", "content": "A flight from Dublin to China, which was due to collect medical supplies, has had to return due to a collision with a bird. \r\nFlight EI9018 to Beijing returned to Dublin on Monday afternoon. \r\nEI9018 has returned to Dublin following a bird strike, a spokeswom\u2026 [+250 chars]"}, {"source": {"id": "the-irish-times", "name": "The Irish Times"}, "author": "Marie O'Halloran", "title": "Seanad election: Covid cocooning means new NUI returning officer", "description": "Department of Environment rejects plan for Dr Maurice Manning to virtually supervise", "url": "https://www.irishtimes.com/news/politics/seanad-election-covid-cocooning-means-new-nui-returning-officer-1.4215834", "urlToImage": "https://www.irishtimes.com/image-creator/?id=1.4215833&origw=835", "publishedAt": "2020-03-30T14:07:27Z", "content": "A new returning officer is to be appointed to supervise a Seanad election panel because of cocooning rules for the Covid-19 pandemic.\r\nChancellor of the National University of Ireland (NUI) Maurice Manning is also the returning officer but because he is over \u2026 [+3142 chars]"}, {"source": {"id": "the-irish-times", "name": "The Irish Times"}, "author": "Sarah Burns", "title": "Irish flight to collect Covid-19 supplies in China resumes journey", "description": "Aer Lingus flight EI9018 from Dublin to Beijing forced to return after a bird strike", "url": "https://www.irishtimes.com/news/ireland/irish-news/irish-flight-to-collect-covid-19-supplies-in-china-resumes-journey-1.4215738", "urlToImage": "https://www.irishtimes.com/image-creator/?id=1.4215737&origw=1440", "publishedAt": "2020-03-30T12:07:40Z", "content": "An Aer Lingus flight from Dublin to China to collect medical supplies for coronavirus, resumed its journey on Monday evening having earlier returned due to a bird strike.\r\nFlight EI9018 to Beijing departed Dublin Airport at about 5.15pm, according to online t\u2026 [+1419 chars]"}, {"source": {"id": "the-irish-times", "name": "The Irish Times"}, "author": "June Shannon", "title": "Coronavirus: The issues with looking after a child with Covid-19 in the home", "description": "Like adults, children can of course contract coronavirus. However, the good news, if there is any to be gleaned from this global pandemic, is that children, generally, have much milder symptoms, much better prognosis, and deaths are extremely rare. Covid-19 i\u2026", "url": "https://www.irishtimes.com/life-and-style/health-family/parenting/coronavirus-the-issues-with-looking-after-a-child-with-covid-19-in-the-home-1.4213919", "urlToImage": "https://www.irishtimes.com/image-creator/?id=1.4213918&origw=1440", "publishedAt": "2020-03-30T05:01:44Z", "content": "Like adults, children can of course contract coronavirus. However, the good news, if there is any to be gleaned from this global pandemic, is that children, generally, have much milder symptoms, much better prognosis, and deaths are extremely rare.\r\nCovid-19 \u2026 [+8053 chars]"}, {"source": {"id": "the-irish-times", "name": "The Irish Times"}, "author": "Martin Wall", "title": "Dunnes Stores staff to get 10% Covid-19 payment, says union", "description": "Staff at Dunnes Stores are to receive a 10 per cent Covid-19 premium payment backdated to March 9th, according to trade union Mandate. The union said on Monday that the move brought Dunnes into line with other retailers including Aldi and Tesco, who were the \u2026", "url": "https://www.irishtimes.com/news/ireland/irish-news/dunnes-stores-staff-to-get-10-covid-19-payment-says-union-1.4215993", "urlToImage": "https://www.irishtimes.com/image-creator/?id=1.4215992&origw=1440", "publishedAt": "2020-03-30T15:58:26Z", "content": "Staff at Dunnes Stores are to receive a 10 per cent Covid-19 premium payment backdated to March 9th, according to trade union Mandate. \r\nThe union said on Monday that the move brought Dunnes into line with other retailers including Aldi and Tesco, who were th\u2026 [+2126 chars]"}, {"source": {"id": "the-irish-times", "name": "The Irish Times"}, "author": null, "title": "The Irishman living in lockdown in Madrid as it is brought to its knees by Covid-19", "description": "Each week, Irish Times Abroad meets an Irish person overseas. This week, Brendan Boyle, who is originally from Tralee, Co Kerry but now lives in Madrid, where he is working in corporate communications. He lives with his girlfriend Larissa. Life in Madrid is l\u2026", "url": "https://www.irishtimes.com/life-and-style/abroad/the-irishman-living-in-lockdown-in-madrid-as-it-is-brought-to-its-knees-by-covid-19-1.4215734?localLinksEnabled=false", "urlToImage": null, "publishedAt": "2020-03-30T11:58:22Z", "content": null}, {"source": {"id": "the-irish-times", "name": "The Irish Times"}, "author": "Daniel McLaughlin", "title": "Orban wins power to rule by decree as Hungary fights Covid-19", "description": "Nationalist leader's critics fear special measures will be extended and misused", "url": "https://www.irishtimes.com/news/world/europe/orban-wins-power-to-rule-by-decree-as-hungary-fights-covid-19-1.4216128", "urlToImage": "https://www.irishtimes.com/image-creator/?id=1.4216126&origw=1440", "publishedAt": "2020-03-30T17:57:17Z", "content": "Hungarys parliament has given its nationalist government sweeping powers to combat the coronavirus pandemic, and effectively handed populist prime minister Viktor Orban the right to rule by decree for an indefinite period.\r\nDeputies voted 137-53 in favour of \u2026 [+2499 chars]"}, {"source": {"id": "the-irish-times", "name": "The Irish Times"}, "author": "The Irish Times", "title": "Covid-19: Spain now third country with more infections than China", "description": "Over 800 deaths in Spain and same number in Italy, but with record number cured there", "url": "https://www.irishtimes.com/news/world/covid-19-spain-now-third-country-with-more-infections-than-china-1.4215592", "urlToImage": "https://www.irishtimes.com/image-creator/?id=1.4216232&origw=1440", "publishedAt": "2020-03-30T05:47:30Z", "content": "Spain has become the third country to surpass China in coronavirus infections after the United States and Italy.\r\nWith a population of only 47 million to Chinas 1.4 billion, Spains tally of infections reached 85,195 on Monday, a rise of 8 per cent from the pr\u2026 [+5039 chars]"}, {"source": {"id": "the-irish-times", "name": "The Irish Times"}, "author": null, "title": "The Irishman living in lockdown in Madrid as it is brought to its knees by Covid-19 - The Irish Times", "description": "The Irishman living in lockdown in Madrid as it is brought to its knees by Covid-19 The Irish Times", "url": "https://www.irishtimes.com/life-and-style/abroad/the-irishman-living-in-lockdown-in-madrid-as-it-is-brought-to-its-knees-by-covid-19-1.4215734", "urlToImage": null, "publishedAt": "2020-03-30T11:59:45Z", "content": null}]}