{"status": "ok", "totalResults": 5, "articles": [{"source": {"id": "the-irish-times", "name": "The Irish Times"}, "author": "Jack Power", "title": "Covid-19: Inside the operation to evacuate Irish stranded abroad", "description": "From Peru and Australia: Behind the scenes story of how diplomats got the Irish home", "url": "https://www.irishtimes.com/news/ireland/irish-news/covid-19-inside-the-operation-to-evacuate-irish-stranded-abroad-1.4220098", "urlToImage": "https://www.irishtimes.com/polopoly_fs/1.4220097.1585931983!/image/image.jpg", "publishedAt": "2020-04-04T05:00:25Z", "content": "Ten hours into a gruelling bus journey from Tarapoto, a city on the edge of the Amazon in northern Peru, the bus carrying Irish citizens to Lima for a flight home was stopped by two local police officers.\r\nThe minibus was one of five organised by Irish diplom\u2026 [+10000 chars]"}, {"source": {"id": "the-irish-times", "name": "The Irish Times"}, "author": "Kevin O'Sullivan", "title": "Tuberculosis vaccine \u2018potential game-changer\u2019 in Covid-19 fight", "description": "Countries with high BCG vaccination rates have fewer coronavirus deaths, study shows", "url": "https://www.irishtimes.com/news/health/tuberculosis-vaccine-potential-game-changer-in-covid-19-fight-1.4220383", "urlToImage": "https://www.irishtimes.com/image-creator/?id=1.4220381&origw=1440", "publishedAt": "2020-04-04T00:10:00Z", "content": "A study indicating that the BCG vaccine for tuberculosis could help to protect against Covid-19 is a potential game-changer in global efforts to curb the pandemic, according to a leading immunologist.\r\nThe research indicating that countries whose populations \u2026 [+2324 chars]"}, {"source": {"id": "the-irish-times", "name": "The Irish Times"}, "author": "Joe Brennan", "title": "CRH chief\u2019s \u20ac9.3m pay package under scrutiny as Covid-19 impacts earnings", "description": "Investor adviser concerned about Albert Manifold\u2019s \u20ac677k pension benefit last year", "url": "https://www.irishtimes.com/business/construction/crh-chief-s-9-3m-pay-package-under-scrutiny-as-covid-19-impacts-earnings-1.4220260", "urlToImage": "https://www.irishtimes.com/image-creator/?id=1.4220259&origw=1440", "publishedAt": "2020-04-04T04:16:53Z", "content": "CRHs chief executive Albert Manifolds 9.31 million remuneration package has drawn criticism from a leading shareholder advisory group at a time when Irelands largest publicly quoted company faces an earnings squeeze from the Covid-19 pandemic. \r\nGlass Lewis, \u2026 [+3111 chars]"}, {"source": {"id": "the-irish-times", "name": "The Irish Times"}, "author": "Ruadh\u00e1n Mac Cormaic", "title": "Covid-19 has rehabilitated global collaboration, not undermined it", "description": "The coronavirus pandemic has already upended our world, breaking laws we thought were immutable and exposing the unsettling fragility of a way of life we took for granted. One of those iron laws, for at least a generation, has been ever-greater connectedness:\u2026", "url": "https://www.irishtimes.com/opinion/covid-19-has-rehabilitated-global-collaboration-not-undermined-it-1.4219886", "urlToImage": "https://www.irishtimes.com/image-creator/?id=1.4219885&origw=1440", "publishedAt": "2020-04-04T00:00:00Z", "content": "The coronavirus pandemic has already upended our world, breaking laws we thought were immutable and exposing the unsettling fragility of a way of life we took for granted. One of those iron laws, for at least a generation, has been ever-greater connectedness:\u2026 [+4715 chars]"}, {"source": {"id": "the-irish-times", "name": "The Irish Times"}, "author": null, "title": "Patients who regularly see doctors are not doing so for fear of Covid-19", "description": "As GPs across the country spend more and more time speaking to patients concerned about having caught coronavirus, concerns have been raised that some patients with acute or chronic illnesses who regularly need to see their doctors are not doing so for fear o\u2026", "url": "https://www.irishtimes.com/life-and-style/health-family/patients-who-regularly-see-doctors-are-not-doing-so-for-fear-of-covid-19-1.4217859", "urlToImage": "https://www.irishtimes.com/image-creator/?id=1.4217852&origw=1440", "publishedAt": "2020-04-04T19:01:11Z", "content": "As GPs across the country spend more and more time speaking to patients concerned about having caught coronavirus, concerns have been raised that some patients with acute or chronic illnesses who regularly need to see their doctors are not doing so for fear o\u2026 [+205 chars]"}]}