{"status": "ok", "totalResults": 66, "articles": [{"source": {"id": "the-hindu", "name": "The Hindu"}, "author": "Special Correspondent", "title": "Coronavirus lockdown | Congress counters Amit Shah", "description": "Giving critical inputs should not be misconstrued by the government, says Anand Sharma", "url": "https://www.thehindu.com/news/national/coronavirus-lockdown-congress-counters-amit-shah/article31249047.ece", "urlToImage": "https://www.thehindu.com/news/national/gjlnyz/article31249046.ece/ALTERNATES/LANDSCAPE_615/ANANDSHARMA", "publishedAt": "2020-04-03T12:06:48Z", "content": "Rejecting Home Minister Amit Shahs allegation that the Congress is playing partisan politics over COVID-19, senior Congress leader Anand Sharma said that the party is only constructively engaged. \r\nMr. Shah in a tweet on Thursday had accused the Congress of p\u2026 [+1142 chars]"}, {"source": {"id": "the-hindu", "name": "The Hindu"}, "author": "Staff Reporter", "title": "Coronavirus | 95,692 persons home quarantined in Erode district", "description": "ERODE With a total of 32 persons testing positive for COVID-19 in Erode district, 25,557 families comprising 95,692 members were home quarantined in the district as on Friday.Addressing media persons,", "url": "https://www.thehindu.com/news/national/tamil-nadu/coronavirus-95692-persons-home-quarantined-in-erode-district/article31249137.ece", "urlToImage": "https://www.thehindu.com/static/theme/default/base/img/og-image.jpg", "publishedAt": "2020-04-03T12:14:11Z", "content": "ERODE With a total of 32 persons testing positive for COVID-19 in Erode district, 25,557 families comprising 95,692 members were home quarantined in the district as on Friday.\r\nAddressing media persons, Collector C. Kathiravan said that of the positive cases,\u2026 [+1127 chars]"}, {"source": {"id": "the-hindu", "name": "The Hindu"}, "author": "PTI", "title": "Coronavirus: Students to take global exams TOEFL, GRE at home", "description": "The tests had been suspended across the globe following coronavirus outbreak.", "url": "https://www.thehindu.com/news/national/coronavirus-students-to-take-global-exams-toefl-gre-at-home/article31244381.ece", "urlToImage": "https://www.thehindu.com/news/national/ae8v5r/article31244380.ece/ALTERNATES/LANDSCAPE_615/TH03GRE-TOEFL", "publishedAt": "2020-04-03T05:58:05Z", "content": "Global exams like TOEFL and GRE will be taken at home except in mainland China and Iran in view of the COVID-19 situation across the globe, according to the Educational Testing Service (ETS).\r\nThe tests had been suspended across the globe following coronaviru\u2026 [+772 chars]"}, {"source": {"id": "the-hindu", "name": "The Hindu"}, "author": "Omar Rashid", "title": "Coronavirus | U.P. villages tense as many skip quarantine", "description": "The government estimates that around 2-2.5 lakh migrants returned to various districts of U.P. after it operated bus services to transport them back from Delhi and nearby cities.", "url": "https://www.thehindu.com/news/national/coronavirus-up-villages-tense-as-many-skip-quarantine/article31251008.ece", "urlToImage": "https://www.thehindu.com/news/national/bgq03h/article31251443.ece/ALTERNATES/LANDSCAPE_615/upjpg", "publishedAt": "2020-04-03T18:18:43Z", "content": "Authorities in Uttar Pradesh are struggling to contain people within coronavirus (COVID-19) quarantine centres in rural areas.\r\nInteractive map of confirmed coronavirus cases in India | State Helpline numbers\r\nIn many districts, migrants who returned home fol\u2026 [+5776 chars]"}, {"source": {"id": "the-hindu", "name": "The Hindu"}, "author": "Special Correspondent", "title": "Coronavirus | IIT-Roorkee develops Prana-Vayu, a low-cost ventilator", "description": "The closed-loop ventilator can deliver the required amount of air to the patient, with an automated process controlling the pressure and flow rates", "url": "https://www.thehindu.com/news/national/coronavirus-iit-roorkee-develops-prana-vayu-a-low-cost-ventilator/article31252339.ece", "urlToImage": "https://www.thehindu.com/todays-paper/tp-national/tp-kerala/aofbsd/article31213589.ece/ALTERNATES/LANDSCAPE_615/KochiCITYRegiG3I7A5CA43jpgjpg", "publishedAt": "2020-04-03T17:35:21Z", "content": "Amid the growing demand for hospital ventilators due to the COVID-19 pandemic, IIT-Roorkee has developed a low-cost portable ventilator in association with AIIMS-Rishikesh, which can be manufactured for just 25,000.\r\nAlso read | Waive duty on ventilators, lif\u2026 [+1781 chars]"}, {"source": {"id": "the-hindu", "name": "The Hindu"}, "author": "AFP", "title": "Coronavirus | Passengers from virus-hit ships start leaving Florida", "description": "107 passengers and 143 crew reported flu-like symptoms during the voyage, but many have since recovered.", "url": "https://www.thehindu.com/news/international/coronavirus-passengers-from-virus-hit-ships-start-leaving-florida/article31253549.ece", "urlToImage": "https://www.thehindu.com/incoming/3xol3c/article31253550.ece/ALTERNATES/LANDSCAPE_615/0001QD021jpg", "publishedAt": "2020-04-03T21:27:44Z", "content": "Passengers from a coronavirus-hit cruise ship and its sister vessel, also struck with a handful of cases, started heading home Friday from Florida, after being stranded at sea for days.\r\nThe Zaandam, operated by Holland America Line, began its stranger-than-f\u2026 [+3299 chars]"}, {"source": {"id": "the-hindu", "name": "The Hindu"}, "author": "Special Correspondent", "title": "Coronavirus | 102 more cases in Tamil Nadu, total count crosses 400 mark", "description": "Beela Rajesh rules out community transmission as only three of 376 persons tested positive.", "url": "https://www.thehindu.com/news/cities/chennai/coronavirus-102-more-cases-in-tamil-nadu-total-count-crosses-400-mark/article31250188.ece", "urlToImage": "https://www.thehindu.com/news/cities/chennai/1oq2nu/article31250186.ece/ALTERNATES/LANDSCAPE_615/TNDISINFECTANT", "publishedAt": "2020-04-03T16:34:12Z", "content": "Tamil Nadu witnessed another surge in coronavirus disease (COVID-19) cases on April 3. A total of 102 persons tested positive for COVID-19, of which 100 were linked to the Tablighi Jamaat conference held in Nizamuddin in Delhi. With this, the total COVID-19 c\u2026 [+2327 chars]"}, {"source": {"id": "the-hindu", "name": "The Hindu"}, "author": "Lalatendu Mishra", "title": "Coronavirus | Maharashtra, BMC, Mpower tie up to launch mental health helpline", "description": "Called \u2018BMC-Mpower 1on1\u2019 this facility will operate 24x7 and is available free of cost for people across Maharashtra", "url": "https://www.thehindu.com/news/national/other-states/coronavirus-maharashtra-bmc-mpower-tie-up-to-launch-mental-health-helpline/article31248628.ece", "urlToImage": "https://www.thehindu.com/news/national/other-states/x3modn/article31248627.ece/ALTERNATES/LANDSCAPE_615/THACKERAYKB", "publishedAt": "2020-04-03T11:35:34Z", "content": "To assist in mental health concerns of citizens owing to the coronavirus pandemic, Mpower, which is into Indian mental healthcare, has tied up with the Government of Maharashtra and Brihanmumbai Municipal Corporation (BMC) to launch a toll-free helpline numbe\u2026 [+2089 chars]"}, {"source": {"id": "the-hindu", "name": "The Hindu"}, "author": "Shiv Sahay Singh", "title": "Coronavirus: Cases, casualties rise, Bengal govt. drags its feet on updating numbers", "description": "The government highlights active cases instead of total infections", "url": "https://www.thehindu.com/news/national/other-states/coronavirus-cases-casualties-rise-bengal-govt-drags-its-feet-on-updating-numbers/article31244946.ece", "urlToImage": "https://www.thehindu.com/news/national/other-states/doc621/article31244945.ece/ALTERNATES/LANDSCAPE_615/THAVDKOLKATA", "publishedAt": "2020-04-03T10:14:55Z", "content": "While the number of cases of Coronavirus infection and casualties continued to rise in West Bengal, the State government seems to be dragging its feet on updating numbers of the casualties. On April 2, the first time since the outbreak, the State did not rele\u2026 [+3957 chars]"}, {"source": {"id": "the-hindu", "name": "The Hindu"}, "author": "Prafulla Das", "title": "Coronavirus | Odisha government announces complete shutdown for 48 hours in three cities", "description": "The objective is to prevent community transmission of COVID-19", "url": "https://www.thehindu.com/news/national/other-states/coronavirus-odisha-government-announces-complete-shutdown-for-48-hours-in-three-cities/article31247576.ece", "urlToImage": "https://www.thehindu.com/news/national/other-states/a4omj/article31247575.ece/ALTERNATES/LANDSCAPE_615/ODISHAKB", "publishedAt": "2020-04-03T10:21:56Z", "content": "BHUBANESWAR The Odisha government on Friday announced complete shutdown in three major cities, including Bhubaneswar and Cuttack, for 48 hours to prevent community transmission of COVID-19.\r\nThe shutdown, which will remain in force from 8 p.m. on April 3 till\u2026 [+2214 chars]"}, {"source": {"id": "the-hindu", "name": "The Hindu"}, "author": "Reuters", "title": "Singapore to close workplaces, schools for one month in latest coronavirus measures", "description": "Food establishments, markets and supermarkets, clinics, hospitals, utilities, transport and key banking services will remain open", "url": "https://www.thehindu.com/news/international/singapore-to-close-workplaces-schools-for-one-month-in-latest-coronavirus-measures/article31246425.ece", "urlToImage": "https://www.thehindu.com/news/international/wy1mh0/article31246424.ece/ALTERNATES/LANDSCAPE_615/SINGKB", "publishedAt": "2020-04-03T09:12:50Z", "content": "Singapore will close schools and most workplaces, except for essential services and key economic sectors, for a month, Prime Minister Lee Hsien Loong said on Friday, as part of stricter measures to stop the spread of the coronavirus.\r\nSingapore's infections, \u2026 [+1056 chars]"}, {"source": {"id": "the-hindu", "name": "The Hindu"}, "author": "Reuters", "title": "Coronavirus | U.K. death toll rises to 3,605; up 23% in a day", "description": "British government scientists say that the country would be doing well if it kept the coronavirus death toll below 20,000.", "url": "https://www.thehindu.com/news/international/coronavirus-uk-death-toll-rises-to-3605-up-23-in-a-day/article31250357.ece", "urlToImage": "https://www.thehindu.com/news/international/mml1mk/article31250356.ece/ALTERNATES/LANDSCAPE_615/UK-CORONAVIRUS", "publishedAt": "2020-04-03T13:59:58Z", "content": "The United Kingdom death toll from the coronavirus rose by 684 to 3,605 as of 1600 GMT on April 2, up 23% on the previous day.\r\nAs of 9am on April 3, a total of 173,784 people have been tested of which 38,168 were positive.\r\nStephen Powis, the national medica\u2026 [+1012 chars]"}, {"source": {"id": "the-hindu", "name": "The Hindu"}, "author": "AP", "title": "U.S. records 1,169 coronavirus fatalities", "description": "Worldwide, confirmed new coronavirus infections surged past 1 million and deaths topped 54,000", "url": "https://www.thehindu.com/news/international/us-records-1169-coronavirus-fatalities/article31251987.ece", "urlToImage": "https://www.thehindu.com/news/international/1diebe/article31251986.ece/ALTERNATES/LANDSCAPE_615/thjc-US-healthcare-workers", "publishedAt": "2020-04-03T17:00:14Z", "content": "The U.S. recorded 1,169 COVID-19 fatalities in the past 24 hours, the Johns Hopkins University tracker showed on Thursday, the highest one-day death toll recorded in any country since the global pandemic began.\r\nThe toll reflected figures reported by the univ\u2026 [+3447 chars]"}, {"source": {"id": "the-hindu", "name": "The Hindu"}, "author": "Magandeep Singh", "title": "Coronavirus: not a marketing hook", "description": "Getting creative on social media is likely the best way for brands to stay engaged\u2026 without taking advantage of the situation", "url": "https://www.thehindu.com/life-and-style/luxury/marketing-and-branding-in-the-time-of-coronavirus/article31249616.ece", "urlToImage": "https://www.thehindu.com/life-and-style/luxury/1gf9j3/article31249615.ece/ALTERNATES/LANDSCAPE_615/magan", "publishedAt": "2020-04-03T13:04:45Z", "content": "Recently, while cruising the world on my handheld from the comfort of my wingback, I was almost thrown right off it! I had just read that Patek Philippe, the holy grail of the watch world, would be selling online. In the larger scheme, I know the internet has\u2026 [+5803 chars]"}, {"source": {"id": "the-hindu", "name": "The Hindu"}, "author": "Tanvi Deshpande", "title": "Coronavirus | Dharavi victim likely met Jamaat members", "description": "A 56-year-old garment shop owner tested positive from Baliga Nagar and died on April 1.", "url": "https://www.thehindu.com/news/national/coronavirus-dharavi-victim-likely-met-jamaat-members/article31251972.ece", "urlToImage": "https://www.thehindu.com/news/national/sp47gj/article31251971.ece/ALTERNATES/LANDSCAPE_615/TH05MUMBAI", "publishedAt": "2020-04-03T16:56:12Z", "content": "The Mumbai police have prima facie found out that the first person who died of COVID-19 at Dharavi had come in contact with around 10 Tablighi Jamaat members who had attended the gathering of the sect in Delhi. The police, Brihanmumbai Municipal Corporation a\u2026 [+2277 chars]"}, {"source": {"id": "the-hindu", "name": "The Hindu"}, "author": "PTI", "title": "British comedian Eddie Large dies of coronavirus", "description": "The Glasgow-born artiste, whose real name was Edward McGinnis, found fame alongside comedian Syd Little in the 1970s and 80s.", "url": "https://www.thehindu.com/news/international/british-comedian-eddie-large-dies-of-coronavirus/article31244687.ece", "urlToImage": "https://www.thehindu.com/static/theme/default/base/img/og-image.jpg", "publishedAt": "2020-04-03T06:13:52Z", "content": "Veteran English comedian Eddie Large has passed away at the age of 78 after complications due to coronavirus. Larges son, Ryan McGinnis, shared the news on Facebook, saying his father had been suffering with heart failure and contracted the virus in hospital.\u2026 [+1854 chars]"}, {"source": {"id": "the-hindu", "name": "The Hindu"}, "author": "Staff Reporter", "title": "Coronavirus | Disinfection exercise in Madurai villages", "description": "The district administration has issued an order on Friday to disinfect all villages to prevent spread of coronavirusThe conservancy workers have been provided with masks and gloves while disinfecting", "url": "https://www.thehindu.com/news/cities/Madurai/disinfection-exercise-on-in-madurai-villages/article31253907.ece", "urlToImage": "https://www.thehindu.com/static/theme/default/base/img/og-image.jpg", "publishedAt": "2020-04-03T22:12:05Z", "content": "The district administration has issued an order on Friday to disinfect all villages to prevent spread of coronavirus\r\nThe conservancy workers have been provided with masks and gloves while disinfecting villages using phenyl and bleaching powder. Additional Di\u2026 [+765 chars]"}, {"source": {"id": "the-hindu", "name": "The Hindu"}, "author": "The Hindu Net Desk", "title": "Coronavirus India lockdown Day 10 live updates |", "description": "Worldwide, the number of coronavirus\u00a0infections has hit 1 million, with more than 50,000 deaths, according to the tally kept by Johns Hopkins University.", "url": "https://www.thehindu.com/news/national/india-coronavirus-lockdown-april-3-2020-live-updates/article31243605.ece", "urlToImage": "https://www.thehindu.com/news/national/other-states/vmr9t0/article31243619.ece/ALTERNATES/LANDSCAPE_615/coronavirusjpg", "publishedAt": "2020-04-03T02:25:58Z", "content": "India saw a doubling of the number of\u00a0COVID-19\u00a0cases in the past week, with 328 more cases and 12 deaths reported on April 2. According to the Union Health Ministry, the tally now stands at 2,069 cases, with 53 deaths and 155 cured of the novel coronavirus in\u2026 [+2304 chars]"}, {"source": {"id": "the-hindu", "name": "The Hindu"}, "author": "PTI", "title": "British comedian Eddie Large dies of coronavirus", "description": "The Glasgow-born artiste, whose real name was Edward McGinnis, found fame alongside comedian Syd Little in the 1970s and 80s.", "url": "https://www.thehindu.com/entertainment/british-comedian-eddie-large-dies-of-coronavirus/article31244687.ece", "urlToImage": "https://www.thehindu.com/incoming/1jqg5h/article31245347.ece/ALTERNATES/LANDSCAPE_615/eddie-largejpg", "publishedAt": "2020-04-03T07:20:52Z", "content": "Veteran English comedian Eddie Large has passed away at the age of 78 after complications due to coronavirus. Larges son, Ryan McGinnis, shared the news on Facebook, saying his father had been suffering with heart failure and contracted the virus in hospital.\u2026 [+1854 chars]"}, {"source": {"id": "the-hindu", "name": "The Hindu"}, "author": "Prafulla Das", "title": "Coronavirus | Positive cases jump to 20", "description": "Of the 15 new cases, 10 belonged to the capital city of Bhubaneswar, while two were reported from Bhadrak and one each from Cuttack, Puri and Jajpur.", "url": "https://www.thehindu.com/news/national/other-states/coronavirus-positive-cases-jump-to-20/article31253502.ece", "urlToImage": "https://www.thehindu.com/news/national/other-states/sfwr28/article31253501.ece/ALTERNATES/LANDSCAPE_615/04APRTHODISHACORONA", "publishedAt": "2020-04-03T19:56:36Z", "content": "Odisha made a quantum jump in coronavirus infection by reporting as many as 15 new cases taking the total number of COVID-19 cases to 20 in the State on Friday.\r\nAlso read |Odisha government announces complete shutdown for 48 hours in three cities\r\nOf the 15 \u2026 [+660 chars]"}, {"source": {"id": "the-hindu", "name": "The Hindu"}, "author": "Special Correspondent", "title": "Coronavirus | Tamil Nadu still in Stage 2, says Health Secretary", "description": "Beela Rajesh rules out community transmission as only three of the 376 persons, who were admitted for severe acute respiratory infection, tested positive for coronavirus.", "url": "https://www.thehindu.com/news/national/tamil-nadu/coronavirus-tamil-nadu-still-in-stage-2-says-health-secretary/article31251901.ece", "urlToImage": "https://www.thehindu.com/news/national/tamil-nadu/2r4t28/article31251900.ece/ALTERNATES/LANDSCAPE_615/TN-stage2", "publishedAt": "2020-04-03T16:43:08Z", "content": "Three out of 376 persons, who were admitted to hospitals for severe acute respiratory infection (SARI), have tested positive for coronavirus disease (COVID-19) in Tamil Nadu. This shows that the State is still in Stage 2 of COVID-19 transmission, according to\u2026 [+2463 chars]"}, {"source": {"id": "the-hindu", "name": "The Hindu"}, "author": "Bishwanath Ghosh", "title": "Coronavirus | Jadavpur University students, alumni form network to help needy", "description": "The driving force behind this initiative is 90.8 Community Radio JU, which has opened a Facebook page \u2014 Radio JU Fight against COVID-19 \u2014 so that people can ask for help.", "url": "https://www.thehindu.com/news/national/other-states/coronavirus-jadavpur-university-students-alumni-form-network-to-help-needy/article31253545.ece", "urlToImage": "https://www.thehindu.com/incoming/pbs7r1/article31253547.ece/ALTERNATES/LANDSCAPE_615/jadavpur2117204f04apr2020", "publishedAt": "2020-04-03T20:47:35Z", "content": "Present and former students of Jadavpur University (JU), spread out in different parts of Kolkata and West Bengal, are connecting on social media in a big way to reach essentials to the needy in the city and the State during the lockdown. The driving force be\u2026 [+1828 chars]"}, {"source": {"id": "the-hindu", "name": "The Hindu"}, "author": "Staff Reporter", "title": "Coronavirus | Safety precautions on at Urban Primary Health Centres", "description": "Nutrition kits are also being distributed to eligible pregnant women.", "url": "https://www.thehindu.com/news/cities/Madurai/safety-precautions-on-at-uphcs/article31253642.ece", "urlToImage": "https://www.thehindu.com/static/theme/default/base/img/og-image.jpg", "publishedAt": "2020-04-03T22:03:58Z", "content": "In the wake of the spread of COVID-19 pandemic, various safety precautions, including conducting a limited number of ante-natal check-ups and regular disinfection, are under way at Urban Primary Health Centres (UPHC) in the city.\r\nAn official from the health \u2026 [+1069 chars]"}, {"source": {"id": "the-hindu", "name": "The Hindu"}, "author": "Staff Reporter", "title": "Coronavirus | Ensure basic facilities to migrant workers, say Tiruppur Collector", "description": "The district administration has been estimating the number workers staying outside company premises and assisting them by providing essential supplies, Mr. Vijayakarthikeyan said.", "url": "https://www.thehindu.com/news/cities/Coimbatore/coronavirus-ensure-basic-facilities-to-migrant-workers-say-tiruppur-collector/article31254144.ece", "urlToImage": "https://www.thehindu.com/static/theme/default/base/img/og-image.jpg", "publishedAt": "2020-04-03T22:29:30Z", "content": "Tiruppur Collector K. Vijayakarthikeyan on Tuesday requested industrialists in the district to ensure basic facilities to their migrant workers during the COVID-19 lockdown.\r\nAccording to a press release, Mr. Vijayakarthikeyan said thousands of migrant worker\u2026 [+1392 chars]"}, {"source": {"id": "the-hindu", "name": "The Hindu"}, "author": "AFP", "title": "Coronavirus | German curbs are working, says RKI\u2019s president", "description": "He stressed that restrictions on public life \u201cneed to be maintained.\u201d", "url": "https://www.thehindu.com/news/international/coronavirus-german-curbs-are-working-says-rkis-president/article31251953.ece", "urlToImage": "https://www.thehindu.com/static/theme/default/base/img/og-image.jpg", "publishedAt": "2020-04-03T16:48:42Z", "content": "Measures taken by German officials to slow the spread of the coronavirus (COVID-19) are starting to show effect, Lothar Wieler, the president of Robert Koch Institute (RKI), for disease control said on Friday. He stressed that restrictions on public life need\u2026 [+1882 chars]"}, {"source": {"id": "the-hindu", "name": "The Hindu"}, "author": "Legal Correspondent", "title": "Coronavirus lockdown | Settle border blockade amicably, SC tells Karnataka, Kerala", "description": "Karnataka\u2019s blockade has choked free flow of vehicles carrying essential items and patients amid COVID-19 outbreak", "url": "https://www.thehindu.com/news/national/coronavirus-lockdown-settle-border-blockade-amicably-sc-tells-karnataka-kerala/article31249645.ece", "urlToImage": "https://www.thehindu.com/news/national/8sfeeo/article31249644.ece/ALTERNATES/LANDSCAPE_615/TALAPADYTOLLPLAZA", "publishedAt": "2020-04-03T13:10:01Z", "content": "The Supreme Court on Friday urged Karnataka and Kerala to amicably resolve their issues concerning a border blockade that has choked the free flow of vehicles carrying essential items and patients in the midst of the COVID-19 outbreak.\r\nKarnataka, which impos\u2026 [+2457 chars]"}, {"source": {"id": "the-hindu", "name": "The Hindu"}, "author": "The Hindu Data Team", "title": "COVID-19 | State-wise tracker for coronavirus cases, deaths and testing rates", "description": "The charts are updated based on a combination of numbers reported by the central Health Ministry, and updates from the State governments, Health departments", "url": "https://www.thehindu.com/data/covid-19-state-wise-tracker-for-coronavirus-cases-deaths-and-testing-rates/article31248444.ece", "urlToImage": "https://www.thehindu.com/society/pq37ji/article31181275.ece/ALTERNATES/LANDSCAPE_615/29SMKERALANEW5", "publishedAt": "2020-04-03T11:37:12Z", "content": "The charts track the total number of confirmed COVID-19 cases and related deaths across India's States.\r\nThe charts are updated based on a combination of numbers reported by the central Health Ministry, and updates from the State governments and Health depart\u2026 [+1550 chars]"}, {"source": {"id": "the-hindu", "name": "The Hindu"}, "author": "Srinivasa Ramanujam", "title": "Ginger, lemon and turmeric: How dieticians at Chennai\u2019s GH are using these to help Coronavirus patients", "description": "The patients who have tested positive are fed a healthy diet of idli, chapati and mint rice", "url": "https://www.thehindu.com/sci-tech/health/how-lemon-ginger-and-turmeric-are-helping-coronavirus-patients-at-chennais-gh/article31236370.ece", "urlToImage": "https://www.thehindu.com/news/cities/chennai/3p56ie/article31236366.ece/ALTERNATES/LANDSCAPE_615/3MPDIETFOOD", "publishedAt": "2020-04-03T06:13:50Z", "content": "It is a challenging task to reach Dr Sujatha Venkatesh, Chief Dietician at Chennais Rajiv Gandhi Government General Hospital, on the telephone. Her daily routine has gone for a toss over the past few weeks, ever since the Coronavirus hit Tamil Nadu. With an i\u2026 [+2383 chars]"}, {"source": {"id": "the-hindu", "name": "The Hindu"}, "author": "Suhasini Haidar", "title": "Coronavirus | Thousands of Indians stranded overseas are disheartened as govt. refuses to lift passenger ban", "description": "Five countries \u2014 U.K. France, Germany, Ireland and Canada \u2014 have chartered Air India\u2019s services to repatriate their citizens from India, but flights won\u2019t bring Indians back", "url": "https://www.thehindu.com/news/national/coronavirus-thousands-of-indians-stranded-overseas-are-disheartened-as-govt-refuses-to-lift-passenger-ban/article31250290.ece", "urlToImage": "https://www.thehindu.com/news/national/4m0err/article31250289.ece/ALTERNATES/LANDSCAPE_615/AIRINDIA", "publishedAt": "2020-04-03T13:54:53Z", "content": "Twenty-three-year-old Rahul V., an MBA student in East London, first heard about Air India flights coming to the United Kingdom from a British government website he has been tracking for the past two weeks, ever since India banned travel for passengers from t\u2026 [+3648 chars]"}, {"source": {"id": "the-hindu", "name": "The Hindu"}, "author": "Special Correspondent", "title": "Coronavirus | Revised testing norms likely as number of cases continues to rise", "description": "In an interim advisory, the Indian Council of Medical Research recommended the use of the rapid antibody test in the country\u2019s coronavirus hotspots.", "url": "https://www.thehindu.com/news/national/coronavirus-revised-testing-norms-likely-in-india-as-number-of-cases-continues-to-rise/article31252532.ece", "urlToImage": "https://www.thehindu.com/news/national/h2zjoq/article31252530.ece/ALTERNATES/LANDSCAPE_615/04THCART-PG1", "publishedAt": "2020-04-03T17:54:46Z", "content": "The number of COVID-19 cases continued to rise in the country with 336 new cases reported in the past 24 hours taking the total tally to 2,547, while 18 more deaths were reported, the Union Health Ministry said on April 3.\r\nIndia has registered 62 deaths due \u2026 [+4072 chars]"}, {"source": {"id": "the-hindu", "name": "The Hindu"}, "author": "Special Correspondent", "title": "Shah Rukh Khan lends hand to coronavirus fight on several fronts", "description": "Actor assures assistance to provide protective equipment to healthcare workers, food to the needy, and essentials to acid attack survivors", "url": "https://www.thehindu.com/entertainment/shah-rukh-khan-lends-hand-to-coronavirus-fight-on-several-fronts/article31242287.ece", "urlToImage": "https://www.thehindu.com/news/cities/mumbai/ehq9pm/article31242285.ece/ALTERNATES/LANDSCAPE_615/03BMSRK", "publishedAt": "2020-04-03T07:21:09Z", "content": "After Akshay Kumar and Salman Khan, its the turn of another Bollywood heavyweight, Shah Rukh Khan, to put his money behind the fight against COVID-19. However, unlike Akshay and Salman, SRKs appears to be a more diversified portfolio when it comes to charity,\u2026 [+5083 chars]"}, {"source": {"id": "the-hindu", "name": "The Hindu"}, "author": "PTI", "title": "China to observe April 4 as mourning day for coronavirus victims", "description": "During the commemoration, national flags will fly at half-mast across the country and in all Chinese embassies and consulates abroad, and public recreational activities will be suspended across the country", "url": "https://www.thehindu.com/news/international/china-to-observe-april-4-as-mourning-day-for-coronavirus-victims/article31244545.ece", "urlToImage": "https://www.thehindu.com/news/international/nlhxin/article31244544.ece/ALTERNATES/LANDSCAPE_615/LIKB", "publishedAt": "2020-04-03T06:06:23Z", "content": "China will observe a national day of mourning on Saturday for martyrs, including the whistleblower doctor Li Wenliang, who sacrificed their lives in the fight against the COVID-19 outbreak and the over 3,300 people who died of it in the country.\r\nDuring the c\u2026 [+3066 chars]"}, {"source": {"id": "the-hindu", "name": "The Hindu"}, "author": "PTI", "title": "Coronavirus | UNGA adopts resolution, calls for global cooperation to fight pandemic", "description": "UNSC is yet to discuss the coronavirus outbreak, even as the total number of cases across the world crossed one million.", "url": "https://www.thehindu.com/news/international/coronavirus-unga-adopts-resolution-calls-for-global-cooperation-to-fight-pandemic/article31247224.ece", "urlToImage": "https://www.thehindu.com/news/international/zi4n26/article31247223.ece/ALTERNATES/LANDSCAPE_615/UNGA", "publishedAt": "2020-04-03T10:01:05Z", "content": "The UN General Assembly has unanimously adopted its first resolution on the coronavirus pandemic co-sponsored by India and 187 other nations, calling for intensified global cooperation to defeat the deadly disease that is causing severe disruption to societie\u2026 [+5396 chars]"}, {"source": {"id": "the-hindu", "name": "The Hindu"}, "author": "PTI", "title": "\u2018The Yogi Bear Show\u2019 voice actor Julie Bennet dies of coronavirus", "description": "The actor, who died at the age of 88, was best known as the voice of Cindy Bear in the Hanna-Barbera cartoon series", "url": "https://www.thehindu.com/entertainment/movies/the-yogi-bear-show-voice-actor-julie-bennet-dies-of-coronavirus/article31246040.ece", "urlToImage": "https://www.thehindu.com/entertainment/movies/urt1h/article31246039.ece/ALTERNATES/LANDSCAPE_615/cindy-bear-julie-bennett-1213629-1280x0", "publishedAt": "2020-04-03T08:42:28Z", "content": "Veteran actor Julie Bennett, best known as the voice of Cindy Bear in the Hanna-Barbera cartoon series The Yogi Bear Show , has died at the age of 88 from coronavirus complications.\r\n Bennett passed away on March 31, at Cedars-Sinai Medical Center in Los Ange\u2026 [+737 chars]"}, {"source": {"id": "the-hindu", "name": "The Hindu"}, "author": "The Hindu Net Desk", "title": "Morning digest: Coronavirus cases worldwide hit 1 million, Dharavi emerges as COVID-19 hotspot, and more", "description": "A select list of stories to read before you start your day", "url": "https://www.thehindu.com/news/morning-digest-april-3-2020/article31241084.ece", "urlToImage": "https://www.thehindu.com/news/national/andhra-pradesh/u661cq/article31230976.ece/ALTERNATES/LANDSCAPE_615/02-VJ-ONGOLESANITISING", "publishedAt": "2020-04-03T02:17:38Z", "content": "The number of\u00a0COVID-19\u00a0cases in India has doubled in the past week, with 328 more cases and 12 deaths reported on April 2. According to the Union Health Ministry, the tally now stands at 2,069 cases, with 53 deaths and 155 cured of the novel coronavirus infec\u2026 [+7988 chars]"}, {"source": {"id": "the-hindu", "name": "The Hindu"}, "author": "PTI", "title": "Tom Cruise confirms \u2018Top Gun: Maverick\u2019 release pushed to December, due to coronavirus", "description": "The actor took to Twitter to share the new release date of the film, which is the sequel to his 1986 classic hit", "url": "https://www.thehindu.com/entertainment/movies/tom-cruise-confirms-top-gun-maverick-release-pushed-to-december-due-to-coronavirus/article31245141.ece", "urlToImage": "https://www.thehindu.com/entertainment/movies/u8eo1d/article31245140.ece/ALTERNATES/LANDSCAPE_615/top-gun-maverick-trailer-image", "publishedAt": "2020-04-03T07:04:46Z", "content": "Hollywood star Tom Cruise on Friday announced that the release of his much-awaited film Top Gun: Maverick has been postponed to December due to coronavirus pandemic. The anticipated Paramount Pictures movie, which was scheduled to debut on June 24, will now r\u2026 [+730 chars]"}, {"source": {"id": "the-hindu", "name": "The Hindu"}, "author": "Omar Rashid, Jatin Anand, Ajeet Mahale", "title": "India coronavirus lockdown | Migrant workers and their long march to uncertainty", "description": "Blamed for leaving their homes in defiance of the lockdown, hungry, and cash-strapped, migrants struggle in packed shelters, while those who managed to reach their native places face hostility. Ajeet Mahale, Jatin Anand and Omar Rashid report on their plight", "url": "https://www.thehindu.com/news/national/india-coronavirus-lockdown-migrant-workers-and-their-long-march-to-uncertainty/article31251952.ece", "urlToImage": "https://www.thehindu.com/news/national/auzz1d/article31251948.ece/ALTERNATES/LANDSCAPE_615/4THMIGRANTS", "publishedAt": "2020-04-03T18:42:39Z", "content": "In my 20 years in Mumbai, I have never seen such a sight, said Gopal Das as he recounted his ordeal on March 21 at the Lokmanya Tilak Terminus. Gopal was among the sea of people who had attempted to board what would be the last few trains out of the city to t\u2026 [+16136 chars]"}, {"source": {"id": "the-hindu", "name": "The Hindu"}, "author": "AFP", "title": "Coronavirus | Amid new research, U.S. CDC recommends face masks to stop virus spread", "description": "On Friday, Anthony Fauci, head of infectious diseases at the National Institutes of Health, cited \u201crecent information that the virus can actually be spread even when people just speak as opposed to coughing and sneezing.\u201d", "url": "https://www.thehindu.com/news/international/coronavirus-amid-new-research-us-cdc-recommends-face-masks-to-stop-virus-spread/article31254275.ece", "urlToImage": "https://www.thehindu.com/incoming/qokapu/article31254460.ece/ALTERNATES/LANDSCAPE_615/0001Q68B8jpg", "publishedAt": "2020-04-03T23:12:58Z", "content": "President Donald Trump on Friday recommended that Americans cover their faces with masks when outdoors, a policy U-turn following growing scientific research suggesting their widespread use can stem the spread of the coronavirus.\r\nAlso read | U.S. records 1,1\u2026 [+4166 chars]"}, {"source": {"id": "the-hindu", "name": "The Hindu"}, "author": "The Hindu", "title": "In pictures | The fight against coronavirus continues on Day-10 of lockdown", "description": "In India, the number of COVID-19 cases doubled in the past week.", "url": "https://www.thehindu.com/news/national/in-pictures-the-fight-against-coronavirus-continues-on-day-10-of-lockdown/article31249242.ece", "urlToImage": "https://www.thehindu.com/news/national/wzb5kj/article31249223.ece/ALTERNATES/LANDSCAPE_615/DAY10-12", "publishedAt": "2020-04-03T13:43:18Z", "content": "The number of coronavirus infections worldwide has hit 1 million, with more than 50,000 deaths, according to the tally kept by Johns Hopkins University. In India, the number of COVID-19 cases doubled in the past week, with over 300 new cases, and 12 deaths re\u2026 [+295 chars]"}, {"source": {"id": "the-hindu", "name": "The Hindu"}, "author": "Staff Reporter", "title": "Coronavirus | Protective suits given to conservancy workers", "description": "The funds were generated from the Muthanad Mund Eco-development committee (EDC), and the suits were handed over to the district administration on Thursday.", "url": "https://www.thehindu.com/news/cities/Coimbatore/coronavirus-protective-suits-given-to-conservancy-workers/article31254239.ece", "urlToImage": "https://www.thehindu.com/static/theme/default/base/img/og-image.jpg", "publishedAt": "2020-04-03T22:45:04Z", "content": "The Forest Department handed over 70 protective suits, it purchased using funds from its eco-tourism initiatives, to the district administration for use by conservancy workers.\r\nThe coverall suits, purchased at 84,000, will be given to the workers engaged in \u2026 [+845 chars]"}, {"source": {"id": "the-hindu", "name": "The Hindu"}, "author": "Special Correspondent", "title": "Coronavirus | 71 more quarantined in Virudhunagar", "description": "The district administration has been keeping hostels of various colleges ready to convert them into isolation wards to meet any eventuality.", "url": "https://www.thehindu.com/news/cities/Madurai/coronavirus-71-more-quarantined-in-virudhunagar/article31253573.ece", "urlToImage": "https://www.thehindu.com/static/theme/default/base/img/og-image.jpg", "publishedAt": "2020-04-03T22:00:50Z", "content": "Virudhunagar district administration has quarantined 71 persons who were in close contact with the 10 persons who have tested positive for COVID-19, Collector R. Kannan, has said. \r\nStating that the infection has not reached the third stage of community sprea\u2026 [+1089 chars]"}, {"source": {"id": "the-hindu", "name": "The Hindu"}, "author": "PTI", "title": "Face mask not enough to protect from coronavirus: White House", "description": "\u201cJust remember, it (face mask) is not a substitute for everything that were asking people to do,\u201d Deborah Brix from the White House Task Force on Coronavirus told reporters at a news conference on Thursday.", "url": "https://www.thehindu.com/news/international/face-mask-not-enough-to-protect-from-coronavirus-white-house/article31243610.ece", "urlToImage": "https://www.thehindu.com/incoming/xftmzs/article31243292.ece/ALTERNATES/LANDSCAPE_615/0001QC1ANjpg", "publishedAt": "2020-04-03T02:04:13Z", "content": "Wearing a face mask alone is not adequate enough to protect an individual from coronavirus, the White House has said, emphasising that the strict enforcement of social distancing measures and other precautions are key in the fight against the deadly COVID-19 \u2026 [+3505 chars]"}, {"source": {"id": "the-hindu", "name": "The Hindu"}, "author": "Reuters", "title": "How the coronavirus crisis is affecting food supply", "description": "More wide-scale crop losses are looming in India, where a lockdown has sent masses of workers home, leaving farms and markets short of hands as staple crops like wheat near harvest.", "url": "https://www.thehindu.com/news/international/how-the-coronavirus-crisis-is-affecting-food-supply/article31244018.ece", "urlToImage": "https://www.thehindu.com/todays-paper/tp-national/tp-tamilnadu/5pu38b/article31243303.ece/ALTERNATES/LANDSCAPE_615/02apr-tykrrans0GSJ7AFCCR3jpgjpg", "publishedAt": "2020-04-03T04:15:48Z", "content": "The coronavirus pandemic has disrupted global food supplies and is causing labour shortages in agriculture worldwide.\r\nAre we facing food shortages?\r\nPanic buying by shoppers cleared supermarket shelves of staples such as pasta and flour as populations worldw\u2026 [+3422 chars]"}, {"source": {"id": "the-hindu", "name": "The Hindu"}, "author": "AFP", "title": "Coronavirus | More than 900 deaths in Spain for second day", "description": "But health ministry figures confirm a consistent downward trend in the rate of new cases and fatalities.", "url": "https://www.thehindu.com/news/international/coronavirus-more-than-900-deaths-in-spain-for-second-day/article31247402.ece", "urlToImage": "https://www.thehindu.com/news/international/s7zewy/article31247400.ece/ALTERNATES/LANDSCAPE_615/SPAIN-CORONA", "publishedAt": "2020-04-03T10:10:34Z", "content": "More than 900 people died in Spain over the past 24 hours for the second day running, government figures showed on Friday, although the rate of new infections and deaths continued to slow. \r\nSpain has the world's second-highest death toll after Italy with the\u2026 [+458 chars]"}, {"source": {"id": "the-hindu", "name": "The Hindu"}, "author": "AFP", "title": "Coronavirus | Donald Trump says CDC recommends wearing masks while outside", "description": "\u201cYou don\u2019t have to do it and I\u2019m choosing not to do it, but some people may want to do it and that\u2019s okay,\u201d the President said at a White House press conference.", "url": "https://www.thehindu.com/news/international/coronavirus-donald-trump-says-cdc-recommends-wearing-masks-while-outside/article31254275.ece", "urlToImage": "https://www.thehindu.com/static/theme/default/base/img/og-image.jpg", "publishedAt": "2020-04-03T22:55:17Z", "content": "President Donald Trump announced Friday new government recommendations for all Americans to wear masks when they go outside to help deter spread of the coronavirus.\r\nMr. Trump told a White House press conference that the Centers for Disease Control and Preven\u2026 [+280 chars]"}, {"source": {"id": "the-hindu", "name": "The Hindu"}, "author": "AFP", "title": "Coronavirus | Trump, Macron plan UN Security Council talks on pandemic", "description": "The two leaders spoke by phone and \u201cdiscussed convening P5 leaders soon to increase UN cooperation on defeating the pandemic and ensuring international peace and security,\u201d the White House press office said.", "url": "https://www.thehindu.com/news/international/coronavirus-trump-macron-plan-un-security-council-talks-on-pandemic/article31254218.ece", "urlToImage": "https://www.thehindu.com/incoming/bctm8w/article31254236.ece/ALTERNATES/LANDSCAPE_615/TRUMP-MACRON", "publishedAt": "2020-04-03T22:38:41Z", "content": "U.S. President Donald Trump and his French counterpart Emmanuel Macron on Friday urged top-level UN talks on the coronavirus crisis, with France pushing for a focus on war zones around the world.\r\nAlso read | U.S. records 1,169 coronavirus fatalities in 24 ho\u2026 [+1486 chars]"}, {"source": {"id": "the-hindu", "name": "The Hindu"}, "author": "PTI", "title": "Coronavirus | Youth campaign #50MealPackChallenge delivers 5 lakh meals during lockdown", "description": "A 50 meal pack contains uncooked ration in a carry bag for preparing 50 meals, organisers said", "url": "https://www.thehindu.com/news/cities/Delhi/coronavirus-youth-campaign-50mealpackchallenge-delivers-5-lakh-meals-during-lockdown/article31245515.ece", "urlToImage": "https://www.thehindu.com/news/cities/Delhi/2zd3tp/article31245514.ece/ALTERNATES/LANDSCAPE_615/SHAHDARAMARKETAREA", "publishedAt": "2020-04-03T07:52:20Z", "content": "A youth-driven campaign, with the help of the Delhi Police and a government PSU, has served five lakh meals in less than a week to the underprivileged and daily-wagers during the lockdown period, the organisers said Friday.\r\nThe campaign, #50MealPackChallenge\u2026 [+712 chars]"}, {"source": {"id": "the-hindu", "name": "The Hindu"}, "author": "Afshan Yasmeen", "title": "Coronavirus: another new case detected in Karnataka; total 125 now", "description": "Another new COVID-19 case has been detected iin Karnataka on Friday morning taking the total number of cases to 125. This includes three deaths and 11 discharged persons.The new case is a 75-year-old", "url": "https://www.thehindu.com/news/national/karnataka/coronavirus-another-new-case-detected-in-karnataka-total-125-now/article31245427.ece", "urlToImage": "https://www.thehindu.com/news/national/karnataka/vvkitz/article31224048.ece/ALTERNATES/LANDSCAPE_615/CORONAVIRUSESCOVID-19", "publishedAt": "2020-04-03T07:44:01Z", "content": "Another new COVID-19 case has been detected iin Karnataka on Friday morning taking the total number of cases to 125. This includes three deaths and 11 discharged persons.\r\nThe new case is a 75-year-old male resident of Bagalkote. A detailed investigation is u\u2026 [+293 chars]"}, {"source": {"id": "the-hindu", "name": "The Hindu"}, "author": "Omar Ahmed", "title": "Coronavirus | Village officials find quarantine hard to enforce", "description": "Police have filed cases against migrant workers from cities escaping from centres", "url": "https://www.thehindu.com/news/national/coronavirus-village-officials-find-quarantine-hard-to-enforce/article31251008.ece", "urlToImage": "https://www.thehindu.com/news/national/pql7r5/article31251156.ece/ALTERNATES/LANDSCAPE_615/03IN-MATURA", "publishedAt": "2020-04-03T15:15:17Z", "content": "Authorities in Uttar Pradesh are struggling to contain people within coronavirus (COVID-19) quarantine centres in rural areas.\r\nInteractive map of confirmed coronavirus cases in India | State Helpline numbers\r\nIn many districts, migrants who returned home fol\u2026 [+5776 chars]"}, {"source": {"id": "the-hindu", "name": "The Hindu"}, "author": "The Hindu", "title": "Coronavirus | Home Secretary letter to all Chief Secretaries", "description": "Home Secretary Ajay Bhalla, IAS letter to all Chief Secretaries of States and Union Territories for containment of COVID-19 epidemic in the country.Click here to read letter", "url": "https://www.thehindu.com/news/resources/coronavirus-home-secretary-letter-to-all-chief-secretaries/article31252036.ece", "urlToImage": "https://www.thehindu.com/static/theme/default/base/img/og-image.jpg", "publishedAt": "2020-04-03T17:02:46Z", "content": "Home Secretary Ajay Bhalla, IAS letter to all Chief Secretaries of States and Union Territories for containment of COVID-19 epidemic in the country.\r\nClick here to read letter\r\nSign up for a 30-day free trial. Sign Up\r\nNot convinced? Know why you should pay f\u2026 [+240 chars]"}, {"source": {"id": "the-hindu", "name": "The Hindu"}, "author": "PTI", "title": "Rupee slips 48 paise to 76.08 against US dollar in early trade amid coronavirus scare", "description": "Forex traders said weak opening in domestic equities dragged the local unit amid mounting fears of a coronavirus-led economic slowdown.", "url": "https://www.thehindu.com/business/markets/rupee-slips-48-paise-to-7608-against-us-dollar-in-early-trade-amid-coronavirus-scare/article31244133.ece", "urlToImage": "https://www.thehindu.com/todays-paper/tp-business/9uimks/article31147487.ece/ALTERNATES/LANDSCAPE_615/23bmmsa-Rupee-hG6379G0JB3jpgjpg", "publishedAt": "2020-04-03T04:41:40Z", "content": "The Indian rupee fell 48 paise to 76.08 against the US dollar in opening trade on Friday, as investors braced for a prolonged period of uncertainty as coronavirus cases witnessed a sharp rise across the world and in India.\r\nForex traders said weak opening in \u2026 [+1278 chars]"}, {"source": {"id": "the-hindu", "name": "The Hindu"}, "author": "Lalatendu Mishra", "title": "Coronavirus: CIMA to let students take exams at home from May", "description": "Many test centres have been closed, preventing the delivery of CIMA Objective Tests and Case Study examinations to students around the world", "url": "https://www.thehindu.com/news/cities/mumbai/coronavirus-cima-to-let-students-take-exams-at-home-from-may/article31244382.ece", "urlToImage": "https://www.thehindu.com/static/theme/default/base/img/og-image.jpg", "publishedAt": "2020-04-03T05:51:37Z", "content": "With the spread of COVID-19 creating unprecedented situations, the Chartered Institute of Management Accountants (CIMA) has, for the first time, agreed to allow students to take their examination remotely at home from May.\r\nFollowing the spread of the viral i\u2026 [+2095 chars]"}, {"source": {"id": "the-hindu", "name": "The Hindu"}, "author": "PTI", "title": "Gathering of migrant workers, Tablighi Jamaat meet setback to efforts to combat coronavirus, says President", "description": "Care has to be taken that no compromise is made on the question of social distancing, the President added.", "url": "https://www.thehindu.com/news/national/gathering-of-migrant-workers-tablighi-jamaat-meet-setback-to-efforts-to-combat-coronavirus-says-president/article31248849.ece", "urlToImage": "https://www.thehindu.com/news/national/smiu5q/article31248848.ece/ALTERNATES/LANDSCAPE_615/RAMNATHKOVIND", "publishedAt": "2020-04-03T11:52:15Z", "content": "President Ram Nath Kovind on Friday expressed concern over the gathering of migrant workers in Anand Vihar and the congregation of Tablighi Jamaat in Nizamuddin, saying these two incidents caused a setback to the efforts to combat coronavirus, according to a \u2026 [+1318 chars]"}, {"source": {"id": "the-hindu", "name": "The Hindu"}, "author": "AFP", "title": "Coronavirus | Deaths in U.S., Spain take global death toll past 50,000", "description": "While Italy still leads the world in fatalities, France, Belgium and Britain have also been hard hit.", "url": "https://www.thehindu.com/news/international/coronavirus-deaths-in-us-spain-take-global-death-toll-past-50000/article31249520.ece", "urlToImage": "https://www.thehindu.com/news/international/awwunf/article31249519.ece/ALTERNATES/LANDSCAPE_615/US-CORONAVIRUS", "publishedAt": "2020-04-03T12:58:01Z", "content": "The number of confirmed coronavirus deaths accelerated past 50,000 on Friday as the United States, Spain and Britain grappled with their highest tolls yet and the world economy took a massive hit.\r\nAlso read: Coronavirus | UNGA adopts resolution, calls for gl\u2026 [+5726 chars]"}, {"source": {"id": "the-hindu", "name": "The Hindu"}, "author": "Staff Reporter", "title": "Coronavirus | Home Guards, police lend a helping hand to migrant workers", "description": "According to T.K. Dhanasekhar, Area Commandant of Home Guards, Coimbatore City, nearly 10 personnel began distributing the packets from Thursday morning.", "url": "https://www.thehindu.com/news/cities/Coimbatore/coronavirus-home-guards-police-lend-a-helping-hand-to-migrant-workers/article31254237.ece", "urlToImage": "https://www.thehindu.com/static/theme/default/base/img/og-image.jpg", "publishedAt": "2020-04-03T22:42:56Z", "content": "Personnel from Tamil Nadu Home Guards and the Coimbatore City Police engaged in distributing food packets and essential commodities to the migrant workers stranded here on Friday.\r\nHome Guard personnel distributed about 250 food packets in Rathinapuri area to\u2026 [+925 chars]"}, {"source": {"id": "the-hindu", "name": "The Hindu"}, "author": "PTI", "title": "Mosques remain open in Pakistan as coronavirus cases rise to nearly 2,500", "description": "The mosques made announcement urging people to pray at home, but some people defied the instruction and visited mosques, according to reports.", "url": "https://www.thehindu.com/news/international/mosques-remain-open-in-pakistan-as-coronavirus-cases-rise-to-nearly-2500/article31251770.ece", "urlToImage": "https://www.thehindu.com/static/theme/default/base/img/og-image.jpg", "publishedAt": "2020-04-03T16:25:20Z", "content": "Several mosques remained opened on Friday across Pakistan and people offered prayers there despite a government ban on big congregational gatherings in order to curb the spread of SARS-CoV-19 that has killed 37 people and infected nearly 2,500 others in the c\u2026 [+809 chars]"}, {"source": {"id": "the-hindu", "name": "The Hindu"}, "author": "PTI", "title": "Coronavirus | Modi\u2019s blackout call puts power grid managers on high alert", "description": "However, the Power Ministry has maintained that there will be no impact on the operation of the grid.", "url": "https://www.thehindu.com/news/national/coronavirus-modis-blackout-call-puts-power-grid-managers-on-high-alert/article31252494.ece", "urlToImage": "https://www.thehindu.com/news/national/pp3msl/article31252598.ece/ALTERNATES/LANDSCAPE_615/03APRGRID", "publishedAt": "2020-04-03T17:46:59Z", "content": "Prime Minister Narendra Modis call for a nine-minute blackout at 9 p.m. on April 5 has raised concerns for power grid managers as they are gearing up for ensuring grid stability during the period.\r\nAlso read|Switching off lights nationwide unlikely to disrupt\u2026 [+2316 chars]"}, {"source": {"id": "the-hindu", "name": "The Hindu"}, "author": "PTI", "title": "Coronavirus | \u2018Nice offer\u2019 from Putin on medical supplies to U.S, says Trump", "description": "The U.S. President dismisses Kremlin \u2018propaganda\u2019 warning", "url": "https://www.thehindu.com/news/international/coronavirus-nice-offer-from-putin-on-medical-supplies-to-us-says-trump/article31243653.ece", "urlToImage": "https://www.thehindu.com/news/international/sxdi29/article31243651.ece/ALTERNATES/LANDSCAPE_615/THAVDTRUMP", "publishedAt": "2020-04-03T02:38:41Z", "content": "U.S. President Donald Trump has said his Russian counterpart Vladimir Putin extended a very nice offer to him by providing America with medical supplies and equipment to combat the deadly coronavirus, brushing aside a warning that it would result in Kremlin p\u2026 [+1744 chars]"}, {"source": {"id": "the-hindu", "name": "The Hindu"}, "author": "Staff Reporter", "title": "Coronavirus | FIR against father over going for evening walk during lockdown", "description": "The son said he made the PCR call to convince his father with the help of policemen but they took them to a police station and registered the FIR", "url": "https://www.thehindu.com/news/cities/Delhi/coronavirus-fir-against-father-over-going-for-evening-walk-during-lockdown/article31247604.ece", "urlToImage": "https://www.thehindu.com/news/cities/Delhi/jx1u7q/article31247603.ece/ALTERNATES/LANDSCAPE_615/1208145370", "publishedAt": "2020-04-03T10:25:52Z", "content": "NEW DELHI: Delhi Police has registered an FIR against a 59-year-old after his son filed a police complaint that his father was violating lockdown orders and going out for evening walks, a police officer said on Friday.\r\nThe son, meanwhile, said he merely want\u2026 [+1240 chars]"}, {"source": {"id": "the-hindu", "name": "The Hindu"}, "author": "The Hindu Net Desk", "title": "Coronavirus | PM Modi to share video message at 9 a.m. today", "description": "Last month, the Prime Minister had addressed the nation twice \u2014 on March 19 and March 24.", "url": "https://www.thehindu.com/news/national/prime-minister-narendra-modi-live-updates-april-3-2020/article31243832.ece", "urlToImage": "https://www.thehindu.com/news/national/88cdi5/article31231449.ece/ALTERNATES/LANDSCAPE_615/01THRDMODI1", "publishedAt": "2020-04-03T03:16:18Z", "content": "Prime Minister\u00a0Narendra Modi\u00a0is scheduled to share a video message with people on April 3 amid a nationwide lockdown to combat the\u00a0coronavirus outbreak.\r\nAt 9 a.m. tomorrow morning, Ill share a small video message with my fellow Indians, PM Modi wrote on Twit\u2026 [+690 chars]"}, {"source": {"id": "the-hindu", "name": "The Hindu"}, "author": "PTI", "title": "Coronavirus | Modi seeks support of sports heroes; stars promise to do their bit", "description": "The athletes, along with sports minister Kiren Rijiju, participated in nearly an hour-long video call which started at 11 am", "url": "https://www.thehindu.com/sport/other-sports/coronavirus-modi-seeks-support-of-sports-heroes-stars-promise-to-do-their-bit/article31249147.ece", "urlToImage": "https://www.thehindu.com/sport/other-sports/kyvunt/article31249146.ece/ALTERNATES/LANDSCAPE_615/NARENDRAMODI", "publishedAt": "2020-04-03T12:16:42Z", "content": "Prime Minister Narendra Modi on Friday turned to Indias sporting heroes for support in the herculean battle to contain the COVID-19 pandemic and more than 40 accomplished champions such as Virat Kohli and P V Sindhu responded by vowing to raise awareness and \u2026 [+5172 chars]"}, {"source": {"id": "the-hindu", "name": "The Hindu"}, "author": "Sanjay Vijayakumar", "title": "Coronavirus | Companies cannot force leave without pay, say experts", "description": "The employer may treat it as leave without pay if an employee refuses to work from home, says legal expert.", "url": "https://www.thehindu.com/business/Industry/coronavirus-companies-cannot-force-leave-without-pay-say-experts/article31244434.ece", "urlToImage": "https://www.thehindu.com/news/national/tamil-nadu/2na8d/article31098240.ece/ALTERNATES/LANDSCAPE_615/18MARTH-WORK", "publishedAt": "2020-04-03T05:59:54Z", "content": "Companies cannot force employees to take leave without pay amid the 21-day lockdown imposed by the government to control to the spread of COVID-19, according to experts.\r\nIn general, annual leave is a statutory entitlement to be availed at the employees discr\u2026 [+1627 chars]"}, {"source": {"id": "the-hindu", "name": "The Hindu"}, "author": "Special Correspondent", "title": "Coronavirus | Tantransco prepares for blackout on April 5", "description": "All engineers have been asked to be present in headquarters between 8 p.m. and 10.30 p.m, with sufficient manpower, to monitor and take necessary action to maintain proper voltage levels.", "url": "https://www.thehindu.com/news/national/tamil-nadu/coronavirus-tantransco-prepares-for-modis-april-5-blackout-call/article31253061.ece", "urlToImage": "https://www.thehindu.com/news/national/tamil-nadu/57fce/article31253060.ece/ALTERNATES/LANDSCAPE_615/04APRTHPOWERTRANSMISSIONLINES", "publishedAt": "2020-04-03T18:37:56Z", "content": "Anticipating a steep fall and subsequent rise in the lighting load on April 5 between 9 p.m and 9.09 p.m., when Prime Minister Narendra Modi has appealed to citizens to switch off lights, the Tamil Nadu Transmission Corporation (Tantransco) is gearing up to e\u2026 [+699 chars]"}, {"source": {"id": "the-hindu", "name": "The Hindu"}, "author": "PTI", "title": "OUP India offers free online access to its educational resources on coronavirus", "description": "OUP\u2019s academic journals website has launched a new free hub of over 2,500 research articles and online chapters relevant to coronavirus.", "url": "https://www.thehindu.com/books/oup-india-offers-free-online-access-to-its-educational-resources-on-coronavirus/article31246590.ece", "urlToImage": "https://www.thehindu.com/news/national/other-states/dq0nnf/article31243824.ece/ALTERNATES/LANDSCAPE_615/03BMTESTING", "publishedAt": "2020-04-03T09:31:15Z", "content": "Oxford University Press (OUP) on Friday announced that it is offering free online access to its educational resources on coronavirus in order to assist researchers, medical professionals and others who are working to address the pandemic.\r\nThe worlds largest \u2026 [+2304 chars]"}, {"source": {"id": "the-hindu", "name": "The Hindu"}, "author": "PTI", "title": "Coronavirus | 21 FIRs in Delhi\u2019s Dwarka for home quarantine violations", "description": "Strict enforcement of home quarantine guidelines in the district is being ensured through regular surveillance by way of physical verification and technical monitoring, a police official said", "url": "https://www.thehindu.com/news/cities/Delhi/coronavirus-21-firs-in-delhis-dwarka-for-home-quarantine-violations/article31245734.ece", "urlToImage": "https://www.thehindu.com/news/cities/Delhi/wa2371/article31245756.ece/ALTERNATES/LANDSCAPE_615/DWARKA", "publishedAt": "2020-04-03T08:13:41Z", "content": "Twenty-one FIRs have been registered against people in Dwarka for flouting home quarantine rules, police said on Friday.\r\nThe violators have been booked under the relevant sections of the Indian Penal Code and the Section 3 of Epidemic Diseases Act, they said\u2026 [+279 chars]"}, {"source": {"id": "the-hindu", "name": "The Hindu"}, "author": "Jacob Koshy", "title": "Coronavirus lockdown lifts Delhi\u2019s March air quality to 5-year high", "description": "CPCB data shows pollution fell nationwide with cities recording \u2018good\u2019 air quality rising to 30, from 6", "url": "https://www.thehindu.com/news/cities/Delhi/coronavirus-lockdown-lifts-delhis-march-air-quality-to-5-year-high/article31252221.ece", "urlToImage": "https://www.thehindu.com/news/national/u05m80/article30478526.ece/ALTERNATES/LANDSCAPE_615/POLLUTION-AIRQUALITY", "publishedAt": "2020-04-03T17:24:34Z", "content": "The ongoing lockdown due to COVID-19 pandemic has pushed pollution levels in Delhi to a 5-year low and, across India, the number of cities that recorded good on the air quality index jumped from 6 on March 16 to 30 as on March 29, according to data from the C\u2026 [+2567 chars]"}]}