{"status": "ok", "totalResults": 47, "articles": [{"source": {"id": "the-hindu", "name": "The Hindu"}, "author": "Special Correspondent", "title": "Coronavirus | Priyanka demands more testing", "description": "An opportunity for people to put up a united fight: Rahul", "url": "https://www.thehindu.com/news/national/coronavirus-priyanka-demands-more-testing/article31274416.ece", "urlToImage": "https://www.thehindu.com/news/national/jrydc5/article31274415.ece/ALTERNATES/LANDSCAPE_615/thjc-priyanka-Gandhi", "publishedAt": "2020-04-06T17:41:00Z", "content": "Congress general secretary Priyanka Gandhi Vadra on Monday asked prominent people to raise their voice to demand more testing for coronavirus, while her brother and former party chief Rahul Gandhi said the pandemic also offered an opportunity to people to put\u2026 [+1940 chars]"}, {"source": {"id": "the-hindu", "name": "The Hindu"}, "author": "Amarnath Tewary", "title": "Coronavirus | Jharkhand reports fourth case", "description": "A man from Ranchi has tested positive", "url": "https://www.thehindu.com/news/national/other-states/coronavirus-jharkhand-reports-fourth-case/article31267096.ece", "urlToImage": "https://www.thehindu.com/news/national/other-states/bcepoo/article31267095.ece/ALTERNATES/LANDSCAPE_615/PTI01-04-2020000102A", "publishedAt": "2020-04-06T05:28:00Z", "content": "Jharkhand on Monday reported its fourth COVID-19 case from Hindpidhi area of Ranchi, the State capital.\r\nA man has tested positive and has been admitted to the special COVID-19 ward at the government-run Rajendra Institute of Medical Sciences (RIMS) hospital.\u2026 [+836 chars]"}, {"source": {"id": "the-hindu", "name": "The Hindu"}, "author": "PTI", "title": "Coronavirus | PM Modi calls Australian counterpart", "description": "\u201cThey agreed on the importance of bilateral experience-sharing in the context of this health crisis, including through collaborative research efforts,\u201d an official statement said.", "url": "https://www.thehindu.com/news/national/coronavirus-pm-modi-calls-australian-counterpart/article31269595.ece", "urlToImage": "https://www.thehindu.com/news/national/5f3xd4/article31269594.ece/ALTERNATES/LANDSCAPE_615/VIRUSOUTBREAKAUSTRALIAECONOMY", "publishedAt": "2020-04-06T10:13:06Z", "content": "Prime Minister Narendra Modi on April 6 had a telephonic conversation with his Australian counterpart Scott Morrison and the two leaders agreed on the importance of sharing experience on ways to tackle the spread of coronavirus.\r\nMr. Modi and Mr. Morrison als\u2026 [+957 chars]"}, {"source": {"id": "the-hindu", "name": "The Hindu"}, "author": "Special Correspondent", "title": "Coronavirus outbreak | 40,000 isolation beds ready: Railways", "description": "375 coaches are being converted in a day, it says", "url": "https://www.thehindu.com/news/national/coronavirus-outbreak-40000-isolation-beds-ready-railways/article31272150.ece", "urlToImage": "https://www.thehindu.com/news/national/n2scm8/article31272149.ece/ALTERNATES/LANDSCAPE_615/VBK-ISOLATIONCOACH-RAILWAYS-VIJAYSONEJI", "publishedAt": "2020-04-06T13:41:25Z", "content": "The Railways on Monday said it has converted 2,500 of its coaches part of its initial target of at least 5,000 into isolation wards.\r\nFull coverage on coronavirus\r\nIn times of lockdown when manpower resources are limited and have to be rationalised and rotate\u2026 [+678 chars]"}, {"source": {"id": "the-hindu", "name": "The Hindu"}, "author": "Special Correspondent", "title": "Coronavirus: 25-member medical team sent to worst-affected Kasaragod", "description": "The district has 119 out of the 256 patients currently under treatment in Kerala", "url": "https://www.thehindu.com/news/national/kerala/coronavirus-25-member-medical-team-sent-to-worst-affected-kasaragod/article31267671.ece", "urlToImage": "https://www.thehindu.com/news/national/kerala/xp5kj/article31267670.ece/ALTERNATES/LANDSCAPE_615/keralakasaragd", "publishedAt": "2020-04-06T06:54:02Z", "content": "A 25-member team from Thiruvananthapuram Government Medical College hospital is currently at Kasaragod to help the district health administration prepare the new Kasaragod Government Medical College as the dedicated COVID-19 care hospital for the district.\r\nT\u2026 [+1672 chars]"}, {"source": {"id": "the-hindu", "name": "The Hindu"}, "author": "Nistula Hebbar", "title": "Coronavirus | PM Modi hints at an extended lockdown", "description": "At a meeting of the Union Council of Ministers, Prime Minister Modi asked for suggestions on extending the coronavirus lockdown", "url": "https://www.thehindu.com/news/national/coronavirus-pm-modi-hints-at-an-extended-lockdown/article31271609.ece", "urlToImage": "https://www.thehindu.com/news/national/jpmdj2/article31271654.ece/ALTERNATES/LANDSCAPE_615/NKV-NARENDRAMODI", "publishedAt": "2020-04-06T12:42:02Z", "content": "As the country entered day 13 of the 21-day all-India lockdown, Prime Minister Modi on April 6 asked his Council of Ministers on how to do a calibrated exit from the lockdown, especially since the cases related to the Tablighi Jamaat centre and Indias own tal\u2026 [+2044 chars]"}, {"source": {"id": "the-hindu", "name": "The Hindu"}, "author": "Satyasundar Barik", "title": "Coronavirus: Odisha witnesses highest single-day spike in new cases", "description": "With 18 people testing positive on April 5, the State\u2019s tally stands at 39.", "url": "https://www.thehindu.com/news/national/other-states/coronavirus-odisha-witnesses-highest-single-day-spike-in-new-cases/article31267396.ece", "urlToImage": "https://www.thehindu.com/news/national/other-states/ty0kx2/article31267395.ece/ALTERNATES/LANDSCAPE_615/BHUBANESWARLOCKDOWN", "publishedAt": "2020-04-06T06:14:57Z", "content": "Odisha witnessed the highest single-day spike in COVID-19 cases on April 5 with 18 new people testing positive. Now, the States cases have jumped to 39 from April 4s tally of 21.\r\nThe capital city of Bhubaneswar is the hotspot in Odisha as all Sundays 18 case\u2026 [+2690 chars]"}, {"source": {"id": "the-hindu", "name": "The Hindu"}, "author": "Bindu Shajan Perappadan", "title": "Coronavirus | \u2018Don\u2019t target doctors asking for protective equipment\u2019", "description": "AIIMS Resident Doctors\u2019 Association writes to Prime Minister", "url": "https://www.thehindu.com/news/national/coronavirus-dont-target-doctors-asking-for-protective-equipment/article31275030.ece", "urlToImage": "https://www.thehindu.com/news/national/deep9j/article31275029.ece/ALTERNATES/LANDSCAPE_615/06THPPE", "publishedAt": "2020-04-06T18:36:03Z", "content": "Dont target Doctors asking for personal protective equipment (PPE), is the appeal that the All India Institute of Medical Sciences (AIIMS) Resident Doctors Association (RDA) has made to Prime Minister Narendra Modi in its letter on Monday\r\nRDA AIIMS general s\u2026 [+1618 chars]"}, {"source": {"id": "the-hindu", "name": "The Hindu"}, "author": "Bindu Shajan Perappadan", "title": "Coronavirus | 47% of patients below 40, says govt.", "description": "Maharashtra reports 21 deaths in past 24 hours; 704 new cases nationwide", "url": "https://www.thehindu.com/news/national/47-of-patients-below-40-says-govt/article31274408.ece", "urlToImage": "https://www.thehindu.com/news/national/2al8pq/article31274407.ece/ALTERNATES/LANDSCAPE_615/06THRDCORONA1", "publishedAt": "2020-04-06T17:43:15Z", "content": "India has registered the largest single-day rise in COVID-19 cases and deaths in the past 24 hours with 704 new cases and over 30 deaths reported. The tally on Monday stood at 4,281 confirmed cases and 111 deaths, according to the Union Health Ministry.\r\nCOVI\u2026 [+3397 chars]"}, {"source": {"id": "the-hindu", "name": "The Hindu"}, "author": "Special Correspondent", "title": "Coronavirus | One death, 50 new cases in T.N.", "description": "Forty-eight of the fresh cases have link to Delhi event", "url": "https://www.thehindu.com/news/national/tamil-nadu/coronavirus-one-death-50-new-cases-in-tn/article31275099.ece", "urlToImage": "https://www.thehindu.com/news/national/tamil-nadu/ylo7z2/article31275098.ece/ALTERNATES/LANDSCAPE_615/TH06ZAFI1", "publishedAt": "2020-04-06T18:45:50Z", "content": "Tamil Nadu reported its sixth COVID-19 death, and added 50 new cases to its tally on Monday. With this, the State now has 621 cases.\r\nThe victim was a 57-year-old woman, who was admitted to the Rajiv Gandhi Government General Hospital at 8 p.m. on Sunday with\u2026 [+3099 chars]"}, {"source": {"id": "the-hindu", "name": "The Hindu"}, "author": "Suhasini Haidar", "title": "Coronavirus | Brazil seeks lifting of curbs imposed by India on export of hydroxychloroquine", "description": "As requests to supply the drug pile up from other countries as well, officials said the government may reconsider its notification on Saturday that banned all exports of the drug.", "url": "https://www.thehindu.com/news/international/coronavirus-brazil-seeks-lifting-of-curbs-imposed-by-india-on-export-of-hydroxychloroquine/article31274106.ece", "urlToImage": "https://www.thehindu.com/news/international/yusrtz/article31274105.ece/ALTERNATES/LANDSCAPE_615/thjc--Bolsonaro", "publishedAt": "2020-04-06T17:03:22Z", "content": "A day after U.S. President Donald Trump said he spoke to Prime Minister Narendra Modi on the issue, Brazilian President Jair Bolsonaro announced that he had also requested India to allow the supply of the drug hydroxychloroquine (HCQ), now being used as a pos\u2026 [+3663 chars]"}, {"source": {"id": "the-hindu", "name": "The Hindu"}, "author": "Damini Nath", "title": "Coronavirus | Municipalities using Smart Cities\u2019 command centres turn into war rooms", "description": "Focus is on CCTV surveillance, traffic management, using heat maps to set up virus containment zones and real-time tracking of ambulances.", "url": "https://www.thehindu.com/news/national/coronavirus-municipalities-using-smart-cities-command-centres-turn-into-war-rooms/article31274714.ece", "urlToImage": "https://www.thehindu.com/news/national/id97gg/article31274713.ece/ALTERNATES/LANDSCAPE_615/iStock-922969498", "publishedAt": "2020-04-06T17:55:37Z", "content": "Municipalities implementing the Smart Cities Mission have started using their Integrated Command and Control Centres (ICCCs) as war rooms for COVID-19 response, including carrying out CCTV surveillance of public spaces, using heat maps to set up virus contain\u2026 [+2681 chars]"}, {"source": {"id": "the-hindu", "name": "The Hindu"}, "author": "Bindu Shajan PerappadanNEW DELHI:", "title": "Coronavirus outbreak | Tamil Nadu, Maharashtra to get PPE\u2019s donated by China", "description": "Supply lines from abroad opened up on Monday with the receipt of 1.70 lakh Personal Protection Equipment (PPE) coveralls donated from China, the Union", "url": "https://www.thehindu.com/news/national/coronavirus-outbreak-tamil-nadu-maharashtra-to-get-ppes-donated-by-china/article31273465.ece", "urlToImage": null, "publishedAt": "2020-04-06T15:42:15Z", "content": null}, {"source": {"id": "the-hindu", "name": "The Hindu"}, "author": "AFP", "title": "Coronavirus lockdown | UN chief urges governments to protect women against domestic violence", "description": "UN chief Antonio Guterres called for setting up emergency warning systems in pharmacies and groceries, and for safe ways for women to seek support, without alerting their abusers", "url": "https://www.thehindu.com/news/international/coronavirus-lockdown-un-chief-urges-governments-to-protect-women-against-domestic-violence/article31268517.ece", "urlToImage": "https://www.thehindu.com/todays-paper/tp-features/tp-metroplus/34eh72/article30121025.ece/ALTERNATES/LANDSCAPE_615/KochiCITYInsiGRT6PGFPA3jpgjpg", "publishedAt": "2020-04-06T08:10:55Z", "content": "United Nations Secretary General Antonio Guterres has urged governments to include the protection of women in their response to the deadly novel coronavirus pandemic.\r\n Reports of domestic violence have surged globally in the wake of massive lockdowns imposed\u2026 [+1415 chars]"}, {"source": {"id": "the-hindu", "name": "The Hindu"}, "author": "PTI", "title": "Trump extends best wishes to Boris Johnson; says will recover from coronavirus", "description": "The British Prime Minister has been hospitalised for coronavirus testing", "url": "https://www.thehindu.com/news/international/trump-extends-best-wishes-to-boris-johnson-says-will-recover-from-coronavirus/article31266382.ece", "urlToImage": "https://www.thehindu.com/news/international/9tu5tp/article31266381.ece/ALTERNATES/LANDSCAPE_615/THNAKHEALTH-CORONAVIRUSUSA", "publishedAt": "2020-04-06T01:11:03Z", "content": "U.S. President Donald Trump has extended his well wishes to British Prime Minister Boris Johnson, who was admitted to a hospital for further coronavirus tests after testing positive last month.\r\nMr. Johnson was admitted to a hospital on Sunday as a precaution\u2026 [+577 chars]"}, {"source": {"id": "the-hindu", "name": "The Hindu"}, "author": "Nahla Nainar", "title": "Medical robots to the rescue in the battle against Coronavirus", "description": "The alert over the COVID-19 pandemic has united several key supplemental technologies in the shape of medical robots", "url": "https://www.thehindu.com/sci-tech/technology/gadgets/how-medical-robots-are-helping-doctors-in-the-fight-against-coronavirus/article31271989.ece", "urlToImage": "https://www.thehindu.com/sci-tech/technology/gadgets/nev33k/article31271983.ece/ALTERNATES/LANDSCAPE_615/07MP-ASIMOV-KOCHI", "publishedAt": "2020-04-06T13:22:46Z", "content": "COVID-19 has not just added to the already heavy workload of healthcare professionals around the globe; it has also created the additional concern of medical workers getting infected due to direct contact with patients. \r\nThis past week, as post-detection and\u2026 [+5914 chars]"}, {"source": {"id": "the-hindu", "name": "The Hindu"}, "author": "Reuters", "title": "Coronavirus | This is going to be our 9/11 moment, says doctor as U.S. braces for 'hardest' week", "description": "The number of COVID-19 cases in U.S. reach 335,000 with over 9,500 deaths.", "url": "https://www.thehindu.com/news/international/coronavirus-our-911-moment-says-doctor-as-us-braces-for-hardest-week/article31266388.ece", "urlToImage": "https://www.thehindu.com/news/international/6sws9z/article31266387.ece/ALTERNATES/LANDSCAPE_615/THNAKHEALTH-CORONAVIRUSUSA", "publishedAt": "2020-04-06T01:48:23Z", "content": "The United States on Sunday entered one of the most critical weeks so far in the coronavirus crisis, with government officials warning that the death toll in places such as New York, Michigan and Louisiana was a sign of trouble to come in other states.\r\nAlso \u2026 [+4308 chars]"}, {"source": {"id": "the-hindu", "name": "The Hindu"}, "author": "Peerzada Ashiq", "title": "Coronavirus | Three more test positive in Kashmir", "description": "The authorities seal a colony in Srinagar for being a virus hotspot.", "url": "https://www.thehindu.com/news/national/coronavirus-three-more-test-positive-in-kashmir/article31275174.ece", "urlToImage": "https://www.thehindu.com/static/theme/default/base/img/og-image.jpg", "publishedAt": "2020-04-06T19:19:56Z", "content": "Three more tested positive for COVID-19 in Kashmir on Monday taking the toll to 109. The authorities have sealed a colony in Srinagar for being a virus hotspot.\r\nThree new positive cases were detected from the Kashmir division. Of the 109 positive cases, 103 \u2026 [+864 chars]"}, {"source": {"id": "the-hindu", "name": "The Hindu"}, "author": "Omar Rashid", "title": "Coronavirus | Lockdown likely to be extended in Uttar Pradesh", "description": "The number of cases in U.P. touched 308, including 164 linked to the Jamaat, the government said.", "url": "https://www.thehindu.com/news/national/lockdown-likely-to-be-extended-in-up/article31274819.ece", "urlToImage": "https://www.thehindu.com/news/national/jy3ws1/article31274818.ece/ALTERNATES/LANDSCAPE_615/06THLTYOGI", "publishedAt": "2020-04-06T18:10:06Z", "content": "Uttar Pradesh may extend the ongoing lockdown beyond April 14, a senior government official said on Monday citing the rising number of COVID-19 positive cases in the State including those linked to the Tablighi Jamaat.\r\nThe number of cases in U.P. touched 308\u2026 [+1719 chars]"}, {"source": {"id": "the-hindu", "name": "The Hindu"}, "author": "Reuters", "title": "Tiger at New York's Bronx Zoo tests positive for coronavirus", "description": "The virus that causes COVID-19 is believed to have spread from animals to humans, and a handful of animals have tested positive in Hong Kong.", "url": "https://www.thehindu.com/news/international/tiger-at-new-yorks-bronx-zoo-tests-positive-for-coronavirus/article31266377.ece", "urlToImage": "https://www.thehindu.com/news/international/7nf8r1/article31266376.ece/ALTERNATES/LANDSCAPE_615/THNAKHEALTH-CORONAVIRUSUSA-ZOO", "publishedAt": "2020-04-06T00:48:41Z", "content": "A tiger at the Bronx Zoo in New York City has tested positive for the respiratory disease caused by the novel coronavirus, in the first known case of a human infecting an animal and making it sick, the zoo's chief veterinarian said on Sunday.\r\nNadia, the 4-ye\u2026 [+1703 chars]"}, {"source": {"id": "the-hindu", "name": "The Hindu"}, "author": "Special Correspondent", "title": "Coronavirus | TN Chief Minister non-committal on extension of lockdown", "description": "Palaniswami said pandemic was contagious and more cases were being reported.", "url": "https://www.thehindu.com/news/national/tamil-nadu/coronavirus-tn-chief-minister-non-committal-on-extension-of-lockdown/article31271314.ece", "urlToImage": "https://www.thehindu.com/news/national/tamil-nadu/cmz2x/article31271313.ece/ALTERNATES/LANDSCAPE_615/PALANISWAMI", "publishedAt": "2020-04-06T12:10:37Z", "content": "Chief Minister Edappadi K Palaniswami on Monday did not commit to the likelihood of the prohibitory orders and ongoing lockdown due to COVID-19 being extended beyond April 14.\r\nAlso read: PM calls for complete lockdown of entire nation for 21 days\r\nWhen a jou\u2026 [+896 chars]"}, {"source": {"id": "the-hindu", "name": "The Hindu"}, "author": "M.L. Melly Maitreyi", "title": "Coronavirus | IT/ ITES companies prepared for WFH till month-end", "description": "To ensure employees follow social distancing norms until COVID-19 curve is flattened", "url": "https://www.thehindu.com/news/national/telangana/coronavirus-it-ites-companies-prepared-for-wfh-till-month-end/article31272828.ece", "urlToImage": "https://www.thehindu.com/news/national/telangana/jgocqn/article31272886.ece/ALTERNATES/LANDSCAPE_615/thvli-WFH-work-from-home", "publishedAt": "2020-04-06T14:32:14Z", "content": "Many IT and ITES companies are inclined to exercise caution even if the Centre may not extend lockdown beyond April 14, by asking their employees to work from home for a few more days.\r\nA financial services company with global operations indicated it may ask \u2026 [+2510 chars]"}, {"source": {"id": "the-hindu", "name": "The Hindu"}, "author": "PTI", "title": "\u2018Jaws\u2019 actor Lee Fierro dies of coronavirus complications", "description": "In the 1975\u2019s Jaws , Fierro played grieving mother to young Alex Kintner (Jeffrey Voorhees), the second victim of the killer great white shark.", "url": "https://www.thehindu.com/entertainment/jaws-actor-lee-fierro-dies-of-coronavirus-complications/article31266949.ece", "urlToImage": "https://www.thehindu.com/children/vsa29e/article27069995.ece/ALTERNATES/LANDSCAPE_615/06ytjawsjpg", "publishedAt": "2020-04-06T05:18:12Z", "content": "Actor Lee Fierro, best known for playing Mrs Kintner in Steven Spielbergs Jaws , has died of complications due to coronavirus. She was 91.\r\n The actor had moved from her home on Marthas Vineyard, Massachusetts, where Jaws was filmed, and was living in Ohio at\u2026 [+862 chars]"}, {"source": {"id": "the-hindu", "name": "The Hindu"}, "author": "Bindu Shajan Perappadan", "title": "Coronavirus outbreak | Tamil Nadu, Maharashtra to get PPE\u2019s donated by China", "description": "Supply lines from abroad opened up on Monday with the receipt of 1.70 lakh Personal Protection Equipment (PPE) coveralls donated from China, the Union Health Ministry said.Full coverage on coronavirus", "url": "https://www.thehindu.com/news/national/coronavirus-outbreak-170-lakh-chinese-ppes-to-ease-shortage/article31273465.ece", "urlToImage": "https://www.thehindu.com/news/national/8jpco3/article31273506.ece/ALTERNATES/LANDSCAPE_615/VBK-PPE-CORONA-PTI", "publishedAt": "2020-04-06T15:57:57Z", "content": "Supply lines from abroad opened up on Monday with the receipt of 1.70 lakh Personal Protection Equipment (PPE) coveralls donated from China, the Union Health Ministry said.\r\nFull coverage on coronavirus\r\nAlong with domestic supplies of 20,000 coveralls, a tot\u2026 [+2341 chars]"}, {"source": {"id": "the-hindu", "name": "The Hindu"}, "author": "Reuters", "title": "Ireland\u2019s PM returns to medical practice to help in coronavirus crisis", "description": "He rejoined the medical register in March, and offered his services to the country\u2019s Health Service Executive (HSE) for one session a week in areas that are within his scope of practice.", "url": "https://www.thehindu.com/news/international/irelands-pm-returns-to-medical-practice-to-help-in-coronavirus-crisis/article31267426.ece", "urlToImage": "https://www.thehindu.com/news/international/cllnvw/article31267425.ece/ALTERNATES/LANDSCAPE_615/TH06VARADKAR", "publishedAt": "2020-04-06T06:17:33Z", "content": "Irelands Prime Minister Leo Varadkar has re-registered as a medical practitioner and will work one shift a week to help out during the coronavirus crisis, his office said on Sunday.\r\nMr. Varadkar worked as a doctor for seven years before leaving the professio\u2026 [+1171 chars]"}, {"source": {"id": "the-hindu", "name": "The Hindu"}, "author": "Special Correspondent", "title": "Coronavirus | Ensure those in the frontline get PPE, Congress tells Centre", "description": "Emergence of hospitals as clusters of transmission points to alarming shortage, it says", "url": "https://www.thehindu.com/news/national/coronavirus-ensure-those-in-the-frontline-get-ppe-congress-tells-centre/article31273122.ece", "urlToImage": "https://www.thehindu.com/static/theme/default/base/img/og-image.jpg", "publishedAt": "2020-04-06T14:56:30Z", "content": "Senior Congress leader and party general secretary K.C. Venugopal on Monday wrote to Union Health Minister Harsh Vardhan demanding urgent intervention from the Centre in ensuring Personal Protective Equipment (PPE) to the doctors, nurses and health worker who\u2026 [+1248 chars]"}, {"source": {"id": "the-hindu", "name": "The Hindu"}, "author": "Vijaita Singh", "title": "Coronavirus outbreak | Affected districts increased from 62 to 257 in a span of 15 days", "description": "In all, there are 718 districts in the country spread over 28 States and eight Union Territories", "url": "https://www.thehindu.com/news/national/coronavirus-outbreak-affected-districts-increased-from-62-to-257-in-a-span-of-15-days/article31273104.ece", "urlToImage": "https://www.thehindu.com/news/national/qt9s8x/article31273202.ece/ALTERNATES/LANDSCAPE_615/VBK-ISOLATIONCOACH-REUTERS", "publishedAt": "2020-04-06T15:03:09Z", "content": "The total number of districts that reported COVID-19 positive cases across the country jumped from 62 to 257 in a span of 15 days, a presentation made by the Ministry of Health to the Cabinet Secretary said.\r\nAlso read | PM lights lamp as nation joins hands a\u2026 [+2701 chars]"}, {"source": {"id": "the-hindu", "name": "The Hindu"}, "author": "The Hindu", "title": "In pictures | Coronavirus struggles: 13 days and still counting", "description": "As the 21-day nationwide lockdown to prevent the spread of coronavirus (COVID-19) infection entered Day 13, several fresh cases of infection were reported from Delhi, Maharashtra, Tamil Nadu, Gujarat and Jammu and Kashmir, among other places, taking the natio\u2026", "url": "https://www.thehindu.com/news/national/in-pictures-coronavirus-struggles-13-days-and-still-counting/article31272173.ece", "urlToImage": "https://www.thehindu.com/news/national/ecflve/article31272156.ece/ALTERNATES/LANDSCAPE_615/DAY13-11", "publishedAt": "2020-04-06T17:02:22Z", "content": "All the Supreme Court judges, including Chief Justice of India (CJI) Sharad A. Bobde, have contributed 50,000 each to the PM-CARES fund to aid the \r\nLegal Correspondent"}, {"source": {"id": "the-hindu", "name": "The Hindu"}, "author": "L. Kanthimathi", "title": "Chennai hotels cater to migrant workers and those in the front lines of the battle against novel Coronavirus", "description": "They are doing this work with the support of government departments", "url": "https://www.thehindu.com/news/cities/chennai/chennai-hotels-cater-to-migrant-workers-and-those-in-the-front-lines-of-the-battle-against-novel-coronavirus/article31267852.ece", "urlToImage": "https://www.thehindu.com/news/cities/chennai/revh4f/article31267838.ece/ALTERNATES/LANDSCAPE_615/05dctngr-GRT-1", "publishedAt": "2020-04-06T07:11:39Z", "content": "City restaurants are joining the relief work by preparing food for migrant labourers, as also for those working on the front lines to ensure normality in these unusual times. This work is being carried out in coordination with functionaries of government depa\u2026 [+1065 chars]"}, {"source": {"id": "the-hindu", "name": "The Hindu"}, "author": "Special Correspondent", "title": "Coronavirus | India leaves behind local transmission phase, moves into 'large outbreaks amenable to containment' strategy", "description": "Three-tier protocol listed by Ministry", "url": "https://www.thehindu.com/news/national/coronavirus-indian-leaves-behind-local-transmission-phase-now-implementing-the-large-outbreaks-amenable-to-containment-strategy/article31274186.ece", "urlToImage": "https://www.thehindu.com/news/national/k5cmg5/article31274185.ece/ALTERNATES/LANDSCAPE_615/06THLTNEWDELHI", "publishedAt": "2020-04-06T17:15:48Z", "content": "With just over a week left of the 21-day coronavirus (COVID-19) containment lockdown, the Union Health Ministry said on Monday that India has now stepped out of the local transmission phase and moved into the large outbreaks amenable to containment phase. \r\nW\u2026 [+3155 chars]"}, {"source": {"id": "the-hindu", "name": "The Hindu"}, "author": "Vignesh Radhakrishnan, Sumant Sen, Naresh Singaravelu", "title": "Data | Japan's limited testing strategy for coronavirus does not yield in the long run", "description": "After an initial low, a recent surge in the number of confirmed COVID-19 cases in Japan reveals holes in its response to the pandemic", "url": "https://www.thehindu.com/data/data-japans-limited-testing-strategy-for-coronavirus-does-not-yield-in-the-long-run/article31275120.ece", "urlToImage": "https://www.thehindu.com/news/international/rsdaus/article31275108.ece/ALTERNATES/LANDSCAPE_615/JAPANFINANCIALMARKET", "publishedAt": "2020-04-06T18:58:54Z", "content": "Japan is among the few countries that went against the grain in its response to the COVID-19 pandemic. \r\nInitially, the number of cases was low, largely due to the identification of disease clusters and despite the absence of a lockdown or intensive testing. \u2026 [+2525 chars]"}, {"source": {"id": "the-hindu", "name": "The Hindu"}, "author": "PTI", "title": "Coronavirus | Curb people\u2019s movement in national parks, Centre tells States and U.T.s after tiger tests positive in U.S.", "description": "Chief Wildlife Wardens of all States and U.T.s have been directed to constitute a task force or a Rapid Action Force to manage the situation as quickly as possible and create a \u2018round-the-clock\u2019 reporting mechanism with a Nodal Officer for swift management of\u2026", "url": "https://www.thehindu.com/news/national/coronavirus-curb-peoples-movement-in-national-parks-centre-tells-states-and-uts-after-tiger-tests-positive-in-us/article31270759.ece", "urlToImage": "https://www.thehindu.com/news/national/lo2y5k/article31270758.ece/ALTERNATES/LANDSCAPE_615/9APRTHNATIONALPARK1", "publishedAt": "2020-04-06T11:29:19Z", "content": "The Union Environment Ministry on Monday asked all States and Union Territories to take precautionary measures to stop the spread of coronavirus from humans to animals and restrict the movement of people in various national parks and sanctuaries after a tiger\u2026 [+1911 chars]"}, {"source": {"id": "the-hindu", "name": "The Hindu"}, "author": "S B Vijaya Mary", "title": "This Kuchipudi dancer appeals for empathy towards doctors fighting Coronavirus", "description": "The tribute can be seen in a YouTube video featuring Hyderabad-based Kuchipudi exponent Deepika Reddy and her daughter Shloka Reddy", "url": "https://www.thehindu.com/entertainment/hyderabad-kuchipudi-dancer-deepika-reddy-and-shloka-reddy-appeal-for-empathy-towards-doctors-fighting-coronavirus/article31267981.ece", "urlToImage": "https://www.thehindu.com/entertainment/bzqdlb/article31267979.ece/ALTERNATES/LANDSCAPE_615/hym07deepika-2", "publishedAt": "2020-04-06T07:27:17Z", "content": "While most of us are happy just forwarding WhatsApp messages, reminding our family and friends to stay safe, members of the classical dance fraternity have been putting their best efforts to convey the message through their art. Hyderabad-based well-known Kuc\u2026 [+2013 chars]"}, {"source": {"id": "the-hindu", "name": "The Hindu"}, "author": "Nistula Hebbar", "title": "Coronavirus | PM Modi hints at calibrated exit from lockdown", "description": "At a meeting of the Union Council of Ministers, Prime Minister Modi asked for suggestions on extending the coronavirus lockdown", "url": "https://www.thehindu.com/news/national/coronavirus-pm-modi-hints-at-calibrated-exit-from-lockdown/article31271609.ece", "urlToImage": "https://www.thehindu.com/news/national/jpmdj2/article31271654.ece/ALTERNATES/LANDSCAPE_615/NKV-NARENDRAMODI", "publishedAt": "2020-04-06T12:58:35Z", "content": "As the nation entered the 13th day\u00a0of a 21-day lockdown\u00a0on Monday, Prime Minister Narendra Modi asked his Council of Ministers on just how to do a calibrated exit from the confinement, especially since the cases related to the Tablighi Jamaat Centre and the c\u2026 [+2032 chars]"}, {"source": {"id": "the-hindu", "name": "The Hindu"}, "author": "Special Correspondent", "title": "Coronavirus outbreak | Centre profiteering during crisism says Congress", "description": "Share profit with citizens, party says", "url": "https://www.thehindu.com/news/national/coronavirus-outbreak-centre-profiteering-during-crisism-says-congress/article31273915.ece", "urlToImage": "https://www.thehindu.com/news/national/ivyf84/article31273914.ece/ALTERNATES/LANDSCAPE_615/NEWS1ABHISHEKSINGHVI", "publishedAt": "2020-04-06T16:47:30Z", "content": "The government should not resort to profiteering at a time when the country is battling the COVID-19 pandemic, the Congress said on Monday. It asked the Centre to resort to profit-sharing with the citizens.\r\nAlso read | Affected districts increased from 62 to\u2026 [+1714 chars]"}, {"source": {"id": "the-hindu", "name": "The Hindu"}, "author": "PTI", "title": "Coronavirus | Plea in HC for evacuating Indians stranded in U.S.", "description": "The petition has been moved by a couple, whose daughter is stranded jobless in the U.S. after her employer suddenly asked her to resign on March 20 in the wake of COVID-19", "url": "https://www.thehindu.com/news/cities/Delhi/coronavirus-plea-in-hc-for-evacuating-indians-stranded-in-us/article31269957.ece", "urlToImage": "https://www.thehindu.com/news/cities/Delhi/ginug6/article31269956.ece/ALTERNATES/LANDSCAPE_615/PTI222020000022B", "publishedAt": "2020-04-06T10:49:34Z", "content": "A plea was moved on Monday in the Delhi High Court for the safe and secure return of all Indian citizens employed in the United States of America (USA) and now stranded there without jobs in the wake of the coronavirus pandemic.\r\nThe petition was heard via vi\u2026 [+1748 chars]"}, {"source": {"id": "the-hindu", "name": "The Hindu"}, "author": "S. Vijay Kumar", "title": "Coronavirus | Alert issued on women who attended Tablighi meet", "description": "Agencies issue alert to identify them", "url": "https://www.thehindu.com/news/national/coronavirus-alert-issued-on-women-who-attended-tablighi-meet/article31265071.ece", "urlToImage": "https://www.thehindu.com/news/national/jhqm3k/article31251878.ece/ALTERNATES/LANDSCAPE_615/TH05TABLIGHI", "publishedAt": "2020-04-06T04:41:56Z", "content": "Intelligence agencies have issued an alert about a group of women Islamic preachers belonging to the womens wing of the Tablighi Jamaat the Mastooraat Jamaat who had attended last months congregation in Delhi. The women travelled to several States and also wi\u2026 [+1855 chars]"}, {"source": {"id": "the-hindu", "name": "The Hindu"}, "author": "M.L. Melly Maitreyi", "title": "Coronavirus | IT/ ITES companies prepared for WFH till month-end", "description": "To ensure employees follow social distancing norms until COVID-19 curve is flattened", "url": "https://www.thehindu.com/news/national/coronavirus-it-ites-companies-prepared-for-wfh-till-month-end/article31272828.ece", "urlToImage": null, "publishedAt": "2020-04-06T14:28:20Z", "content": null}, {"source": {"id": "the-hindu", "name": "The Hindu"}, "author": "Krishnadas Rajagopal", "title": "Coronavirus | Restrictions on court hearings lawful, says Supreme Court", "description": "Apex court invokes special powers under Article 142, says steps in tune with \u2018social distancing norms\u2019.", "url": "https://www.thehindu.com/news/national/coronavirus-restrictions-on-court-hearings-lawful-says-supreme-court/article31274285.ece", "urlToImage": "https://www.thehindu.com/news/national/tgkut6/article31274284.ece/ALTERNATES/LANDSCAPE_615/thjc-SC", "publishedAt": "2020-04-06T17:26:36Z", "content": "The Supreme Court on Monday deemed all restrictions imposed on people from entering, attending or taking part in court hearings as lawful in the wake of the COVID-19 pandemic.\r\nA Bench led by Chief Justice of India (CJI) Sharad A. Bobde said these restriction\u2026 [+2991 chars]"}, {"source": {"id": "the-hindu", "name": "The Hindu"}, "author": "Reuters", "title": "Coronavirus | British Prime Minister Boris Johnson's health worsens, taken to intensive care", "description": "\u201cThe PM has asked Foreign Secretary Dominic Raab, who is the First Secretary of State, to deputise for him where necessary.\u201d", "url": "https://www.thehindu.com/news/international/coronavirus-british-prime-minister-boris-johnsons-health-worsens-taken-to-intensive-care/article31275182.ece", "urlToImage": "https://www.thehindu.com/news/international/lf8qho/article31275181.ece/ALTERNATES/LANDSCAPE_615/JOHNSON", "publishedAt": "2020-04-06T19:44:48Z", "content": "British Prime Minister Boris Johnson was moved to an intensive care unit on Monday after hiscoronavirus symptoms worsened, but his Downing Street office said he was still conscious.\r\nBritain has no formal succession plan should the prime minister become incap\u2026 [+3637 chars]"}, {"source": {"id": "the-hindu", "name": "The Hindu"}, "author": "AFP", "title": "Coronavirus | World leaders wish British Prime Minister Boris Johnson a quick recovery", "description": "U.S. president Donald Trump said that Washington had offered to provide medical assistance if needed.", "url": "https://www.thehindu.com/news/international/world-leaders-wish-uk-pm-johnson-a-quick-recovery/article31275845.ece", "urlToImage": "https://www.thehindu.com/news/international/cr85uc/article30958445.ece/ALTERNATES/LANDSCAPE_615/BORISJOHNSON", "publishedAt": "2020-04-06T22:31:01Z", "content": "British Prime Minister Boris Johnson's admission to intensive care with coronavirus prompted an outpouring of well-wishes from world leaders on Monday.\r\nHere are some of the global figures who wished the British leader a quick recovery:\r\nUSA\r\nU.S. President D\u2026 [+3254 chars]"}, {"source": {"id": "the-hindu", "name": "The Hindu"}, "author": "The Hindu Net Desk", "title": "Coronavirus India lockdown Day 13 updates | Positive cases cross 4,000, death toll at 129", "description": "According to WHO's April 5 update, globally, 62,955 have died and over eleven lakh tested positive", "url": "https://www.thehindu.com/news/national/india-coronavirus-lockdown-april-6-2020-live-updates/article31266604.ece", "urlToImage": "https://www.thehindu.com/news/national/7boz66/article31266603.ece/ALTERNATES/LANDSCAPE_615/DAY11-4", "publishedAt": "2020-04-06T03:52:41Z", "content": "As the number of coronavirus cases crossed 4,000, millions of Indians across the country on April 5 switched off lights at their homes and lit candles and diyas or turned on mobile phone torches on Sunday night, responding to Prime Minister Narendra Modis app\u2026 [+3748 chars]"}, {"source": {"id": "the-hindu", "name": "The Hindu"}, "author": "Legal Correspondent", "title": "Coronavirus | Plea filed in Supreme Court to direct government to stop media from communalising the Tablighi Jamaat incident", "description": "The petition said the \u201cunfortunate incident of the Tablighi Jamat was used to demonise and blame the entire Muslim community\u201d.", "url": "https://www.thehindu.com/news/national/coronavirus-plea-filed-in-sc-to-direct-government-to-stop-media-from-communalising-the-tablighi-jamaat-incident/article31274476.ece", "urlToImage": "https://www.thehindu.com/static/theme/default/base/img/og-image.jpg", "publishedAt": "2020-04-06T17:46:33Z", "content": "A writ petition was filed on Monday in the Supreme Court by the Jamiat Ulama-i-Hind for a direction to the Centre to stop the media from communalising the Tablighi Jamaat incident, which is allegedly linked to the spread of COVID-19. \r\nAlso read | Affected di\u2026 [+1041 chars]"}, {"source": {"id": "the-hindu", "name": "The Hindu"}, "author": "Sidharth Yadav", "title": "32 officials infected as coronavirus hits Madhya Pradesh Health Department", "description": "State grapples to locate the source of the outbreak.", "url": "https://www.thehindu.com/news/national/other-states/32-officials-infected-as-coronavirus-hits-madhya-pradesh-health-department/article31274315.ece", "urlToImage": "https://www.thehindu.com/news/national/other-states/s3qhke/article31274314.ece/ALTERNATES/LANDSCAPE_615/06THLTBHOPAL", "publishedAt": "2020-04-06T17:33:21Z", "content": "The Madhya Pradesh Directorate of Health Services is floundering to locate the source of the coronavirus (COVID-19) outbreak in its office building which had infected 32 officials, from the senior-most bureaucrat to personal assistants and peons, in the past \u2026 [+4564 chars]"}, {"source": {"id": "the-hindu", "name": "The Hindu"}, "author": "Staff Reporter", "title": "Coronavirus: 176 FIRs in Delhi for violating home quarantine guidelines", "description": "Contact details of some 25,000 people put under home quarantine has been shared with Delhi Police by the health department", "url": "https://www.thehindu.com/news/cities/Delhi/coronavirus-176-firs-in-delhi-for-violating-home-quarantine-guidelines/article31267351.ece", "urlToImage": "https://www.thehindu.com/news/cities/Delhi/f1bbjm/article31267350.ece/ALTERNATES/LANDSCAPE_615/PTI24-03-2020000234B", "publishedAt": "2020-04-06T06:12:32Z", "content": "Delhi Police have registered 176 FIRs against people violating home quarantine guidelines and were not present at home during a physical verification, an officer said on Monday.\r\nPolice said the Delhi government health department has shared with them the cont\u2026 [+1091 chars]"}, {"source": {"id": "the-hindu", "name": "The Hindu"}, "author": "The Hindu Net Desk", "title": "Top news of the day: PM Modi hints at calibrated exit from coronavirus lockdown; Cabinet approves ordinance to reduce salaries of PM, Ministers, MPs by 30% for a year, and more", "description": "The major news headlines of the day, and more.", "url": "https://www.thehindu.com/news/top-news-of-the-day-april-6-2020/article31271979.ece", "urlToImage": "https://www.thehindu.com/news/6o9vrc/article31271978.ece/ALTERNATES/LANDSCAPE_615/COVID19", "publishedAt": "2020-04-06T13:53:21Z", "content": "As the country entered day 13 of the 21-day all-India lockdown, Prime Minister Modi on April 6 asked his Council of Ministers on how to do a calibrated exit from the lockdown, especially since the cases related to the Tablighi Jamaat centre and Indias own tal\u2026 [+2940 chars]"}, {"source": {"id": "the-hindu", "name": "The Hindu"}, "author": "Divya Kala Bhavani", "title": "This app scores you on your social distancing amid the Coronavirus pandemic", "description": "DROR app leverages Bluetooth technology to incentivise people to keep their distance during the ongoing COVID-19 lockdown", "url": "https://www.thehindu.com/sci-tech/technology/dror-app-adds-bluetooth-feature-which-scores-users-on-their-social-distancing/article31268723.ece", "urlToImage": "https://www.thehindu.com/sci-tech/technology/3pty37/article31268722.ece/ALTERNATES/LANDSCAPE_615/dror", "publishedAt": "2020-04-06T08:44:46Z", "content": "Technology has been one of the frontlining industries in the battle against Coronavirus, but one of the tools which has been widely discussed is Bluetooth. On March 30, Delhi-based DROR released a Bluetooth-enabled Social Distancing Tracker feature in its act\u2026 [+2108 chars]"}]}