{"status": "ok", "totalResults": 67, "articles": [{"source": {"id": "the-hindu", "name": "The Hindu"}, "author": "Afshan Yasmeen", "title": "Coronavirus: positive cases touch 124 in Karnataka", "description": "11 from Bidar, who are linked to the Tablighi Jamaat, test positive", "url": "https://www.thehindu.com/news/national/karnataka/coronavirus-positive-cases-touch-124-in-karnataka/article31235231.ece", "urlToImage": "https://www.thehindu.com/static/theme/default/base/img/og-image.jpg", "publishedAt": "2020-04-02T09:37:33Z", "content": "The total number of positive COVID-19 cases in Karnataka touched 124 today. These include three deaths, 10 discharged persons and 11 from Bidar, who are linked to the Tablighi Jamaat. \r\nAs many as 1,000 people linked to Tablighi Jamaat have been screened in K\u2026 [+602 chars]"}, {"source": {"id": "the-hindu", "name": "The Hindu"}, "author": "PTI", "title": "Coronavirus | Singapore reports fourth death", "description": "Seven Indian nationals were among 74 new coronavirus cases reported in Singapore on Wednesday", "url": "https://www.thehindu.com/news/international/coronavirus-singapore-reports-fourth-death/article31233003.ece", "urlToImage": "https://www.thehindu.com/news/international/w6uh6p/article31233002.ece/ALTERNATES/LANDSCAPE_615/HEALTH-CORONAVIRUSSINGAPORE", "publishedAt": "2020-04-02T02:30:55Z", "content": "Singapore has reported its fourth death due to the novel coronavirus, the Health Ministry said on April 2, a day after 74 new COVID-19 infections, including seven Indians, were confirmed in the country.\r\n The ministry said that a 68-year-old male Indonesian n\u2026 [+1430 chars]"}, {"source": {"id": "the-hindu", "name": "The Hindu"}, "author": "Special Correspondent", "title": "Coronavirus lockdown: BJP terms Sonia Gandhi statement petty politics", "description": "Modi leadership is being lauded domestically and globally, they say", "url": "https://www.thehindu.com/news/national/coronavirus-lockdown-bjp-terms-sonia-gandhi-statement-petty-politics/article31240393.ece", "urlToImage": "https://www.thehindu.com/news/national/other-states/lerjdd/article30943326.ece/ALTERNATES/LANDSCAPE_615/AMITSHAH", "publishedAt": "2020-04-02T16:25:44Z", "content": "The BJP on Thursday reacted sharply to Congress president Sonia Gandhis statement that the all-India lockdown by the Centre to arrest the spread of COVID-19 was ill planned. \r\nA slew of leaders including Union Home Minister Amit Shah and party president J.P. \u2026 [+1337 chars]"}, {"source": {"id": "the-hindu", "name": "The Hindu"}, "author": "Suvojit Bagchi", "title": "Coronavirus lockdown | Remote Arunachal border village running out of food", "description": "Plea for help from the government as shops in district headquarters, reached after a long journey, are shut", "url": "https://www.thehindu.com/news/national/other-states/coronavirus-lockdown-remote-arunachal-border-village-running-out-of-food/article31240030.ece", "urlToImage": "https://www.thehindu.com/news/national/other-states/52hae3/article31240029.ece/ALTERNATES/LANDSCAPE_615/ARUNCHALPTIPHOTO", "publishedAt": "2020-04-02T15:49:17Z", "content": "Narinso Hari, a 35-year-old farmer from the Isnia village on India-China border in Arunachal Pradesh, was a very worried man on Wednesday evening. He was returning to his village in the Upper Subansiri district empty-handed from Daporijo, the district headqua\u2026 [+3166 chars]"}, {"source": {"id": "the-hindu", "name": "The Hindu"}, "author": "Special Correspondent", "title": "Coronavirus: Punjab reports fifth death, confirmed cases stand at 46", "description": "The 62-year-old deceased, a recipient of the Padma Shri award, had recently returned from abroad", "url": "https://www.thehindu.com/news/national/other-states/coronavirus-punjab-reports-fifth-death-confirmed-cases-stand-at-46/article31233382.ece", "urlToImage": "https://www.thehindu.com/news/national/other-states/5cbinz/article31233380.ece/ALTERNATES/LANDSCAPE_615/PUNJAB", "publishedAt": "2020-04-02T04:20:31Z", "content": "Punjab on April 2 reported one more COVID-19 death, taking the tally on account of the deadly virus to five, said an official.\r\nThe 62-year-old patient died around 4.30 in the morning (Thursday). He was found COVID-19 positive and suffered a sudden cardiac ar\u2026 [+582 chars]"}, {"source": {"id": "the-hindu", "name": "The Hindu"}, "author": "Afshan Yasmeen", "title": "Coronavirus | Nearly 1,500 from Karnataka may have attended Tablighi event", "description": "800 people have been traced and 143 of these are found to be symptomatic", "url": "https://www.thehindu.com/news/national/karnataka/coronavirus-nearly-1500-from-karnataka-may-have-attended-tablighi-event/article31233254.ece", "urlToImage": "https://www.thehindu.com/news/national/karnataka/a1iqt1/article31233252.ece/ALTERNATES/LANDSCAPE_615/01BGPAGE3", "publishedAt": "2020-04-02T03:33:14Z", "content": "About 1,500 people from Karnataka may have attended the Tablighi Jamaat event in Nizamuddin West, Delhi, from March 8 to 20. Of these, the State has been able to trace 800 people and 143 of these have been found to be symptomatic.\r\nJawaid Akhtar, Additional C\u2026 [+1734 chars]"}, {"source": {"id": "the-hindu", "name": "The Hindu"}, "author": "Sidharth Yadav", "title": "Coronavirus | Woman doctor, policeman test positive in Indore", "description": "All the 13 doctors who came in primary contact with her have been quarantined", "url": "https://www.thehindu.com/news/national/other-states/coronavirus-woman-doctor-policeman-test-positive-in-indore/article31242494.ece", "urlToImage": "https://www.thehindu.com/static/theme/default/base/img/og-image.jpg", "publishedAt": "2020-04-02T20:20:32Z", "content": "As COVID-19 cases surge in Indore, a 28-year-old medical resident postgraduate student and a policeman tested positive for the illness in the city on Wednesday night.\r\nAs soon as the doctor from the gynaecology department tested positive, she was admitted to \u2026 [+1303 chars]"}, {"source": {"id": "the-hindu", "name": "The Hindu"}, "author": "Reuters", "title": "Israel's health minister diagnosed with coronavirus", "description": "Netanyahu tested negative for the virus on Monday after a parliamentary aide was confirmed to have it.", "url": "https://www.thehindu.com/news/international/israels-health-minister-diagnosed-with-coronavirus/article31233991.ece", "urlToImage": "https://www.thehindu.com/news/international/q768fs/article31233990.ece/ALTERNATES/LANDSCAPE_615/CHINA-HEALTHISRAEL-NETANYAHU", "publishedAt": "2020-04-02T06:45:02Z", "content": "Israel's health minister and his wife were diagnosed with coronavirus and are in isolation following guidelines, the health ministry said on April 2.\r\nYaakov Litzman, 71, an ally of Israeli Prime Minister Benjamin Netanyahu, has appeared regularly alongside t\u2026 [+1404 chars]"}, {"source": {"id": "the-hindu", "name": "The Hindu"}, "author": "AFP", "title": "Coronavirus | Donald Trump announces he tested negative again", "description": "This was the President\u2019s second test, using a new rapid method that Mr. Trump said took a minute to complete and barely 15 minutes to return a result.", "url": "https://www.thehindu.com/news/international/coronavirus-donald-trump-announces-he-tested-negative-again/article31243291.ece", "urlToImage": "https://www.thehindu.com/incoming/xftmzs/article31243292.ece/ALTERNATES/LANDSCAPE_615/0001QC1ANjpg", "publishedAt": "2020-04-02T22:42:32Z", "content": "President Donald Trump announced Thursday that he has taken his second coronavirus test at the White House since the outbreak began and was found to be negative.\r\nCoronavirus | Confirmed cases hit 1 million worldwide, deaths pass 50,000\r\nI just took it this m\u2026 [+397 chars]"}, {"source": {"id": "the-hindu", "name": "The Hindu"}, "author": "The Hindu Net Desk", "title": "Coronavirus India lockdown Day 9 live updates | Death toll touches 62; over 1,900 test positive", "description": "Over 1,900 COVID-19 positive cases have been reported in India as of Thursday. The country saw 62 deaths, of which Maharashtra accounts for 16. More t", "url": "https://www.thehindu.com/news/national/india-coronavirus-lockdown-april-2-2020-live-updates/article31233014.ece", "urlToImage": "https://www.thehindu.com/news/national/tamil-nadu/8kww3/article31224024.ece/ALTERNATES/LANDSCAPE_615/24THCRRIGVA79GHN79KKCI2jpgjpg", "publishedAt": "2020-04-02T03:05:41Z", "content": "Over 1,900 COVID-19 positive cases have been reported in India as of Thursday. The country saw 62 deaths, of which Maharashtra accounts for 16. \r\nMore than 9,00,000 people have been infected by the novel coronavirus and nearly 46,000 have died since it first \u2026 [+2006 chars]"}, {"source": {"id": "the-hindu", "name": "The Hindu"}, "author": "Shoumojit Banerjee", "title": "Coronavirus: Two from Pune district who went to Nizamuddin conclave test positive", "description": "Samples of 42 persons from Pune who were part of event test negative", "url": "https://www.thehindu.com/news/national/other-states/coronavirus-two-from-pune-district-who-went-to-nizamuddin-conclave-test-positive/article31234627.ece", "urlToImage": "https://www.thehindu.com/news/national/other-states/udqxo0/article31234626.ece/ALTERNATES/LANDSCAPE_615/THAVDPUNE", "publishedAt": "2020-04-02T08:31:29Z", "content": "Two persons from Pimpri-Chinchwad who had returned after attending a religious conclave at the Markaz Nizamuddin, the international headquarters of Tablighi Jamaat in Delhi, have tested positive for COVID-19, authorities confirmed on Thursday.\r\nThese two case\u2026 [+3019 chars]"}, {"source": {"id": "the-hindu", "name": "The Hindu"}, "author": "Vijaita Singh", "title": "Coronavirus | Geo-fencing app will be used to locate quarantine violators", "description": "The government has tested an application that triggers e-mails and SMS alerts to an authorised government agency if a person has jumped quarantine or escaped from isolation, based on the person\u2019s mobile phone\u2019s cell tower location.", "url": "https://www.thehindu.com/news/national/coronavirus-geo-fencing-app-will-be-used-to-locate-quarantine-violators/article31241055.ece", "urlToImage": "https://www.thehindu.com/news/national/hjg9li/article31241054.ece/ALTERNATES/LANDSCAPE_615/iStock-670150128", "publishedAt": "2020-04-02T17:32:22Z", "content": "The Centre is using powers under the Indian Telegraph Act to fetch information from telecom companies every 15 minutes to track COVID-19 cases across the country. \r\nThe government has tested an application that triggers e-mails and SMS alerts to an authorised\u2026 [+2428 chars]"}, {"source": {"id": "the-hindu", "name": "The Hindu"}, "author": "Staff Reporter", "title": "Coronavirus outbreak | ECoR to convert 261 coaches into quarantine facilities by April 15", "description": "Oxygen cylinders, mosquito nets and plastic curtains among the provisions", "url": "https://www.thehindu.com/news/national/coronavirus-outbreak-ecor-to-convert-261-coaches-into-quarantine-facilities-by-april-15/article31240600.ece", "urlToImage": "https://www.thehindu.com/static/theme/default/base/img/og-image.jpg", "publishedAt": "2020-04-02T16:43:49Z", "content": "The East Coast Railway (ECoR) said it would convert 261 coaches into quarantine facilities by April 15.\r\nFull coverage on coronavirus\r\nAfter conversion, they will be attached to form trains and will be kept at stations with all the medical facilities.\r\nThe co\u2026 [+1434 chars]"}, {"source": {"id": "the-hindu", "name": "The Hindu"}, "author": "PTI", "title": "Coronavirus | World Bank approves $1 billion emergency funds for India to tackle pandemic", "description": "The Washington-based development lender has also approved $200 million for Pakistan, $100 million for Afghanistan, $7.3 million for Maldives and $128.6 million for Sri Lanka.", "url": "https://www.thehindu.com/news/international/coronavirus-world-bank-approves-1-billion-emergency-funds-for-india-to-tackle-pandemic/article31242213.ece", "urlToImage": "https://www.thehindu.com/todays-paper/tp-business/maouby/article31242214.ece/ALTERNATES/LANDSCAPE_615/29thARUN01NOTEG951QM3LQ3jpgjpg-4aprth", "publishedAt": "2020-04-02T19:14:52Z", "content": "The World Bank on Thursday approved $1 billion emergency financing for India to tackle the coronavirus outbreak, which has claimed 76 lives and infected 2,500 others in the country.\r\nThe World Banks first set of aid projects, amounting to $1.9 billion, will a\u2026 [+2752 chars]"}, {"source": {"id": "the-hindu", "name": "The Hindu"}, "author": "Jacob Koshy", "title": "Coronavirus | Doctors wary of BCG vaccine study", "description": "The vaccine is known to confer a strong immune response that had protective effects beyond just staving off a tuberculosis infection.", "url": "https://www.thehindu.com/sci-tech/health/coronavirus-doctors-wary-of-bcg-vaccine-study/article31234253.ece", "urlToImage": "https://www.thehindu.com/sci-tech/science/s9o1ol/article31234252.ece/ALTERNATES/LANDSCAPE_615/VACCINE2", "publishedAt": "2020-04-02T17:34:20Z", "content": "Doctors and scientists in India have expressed caution on a study, which argues that countries that have deployed the BCG-tuberculosis vaccine in their immunisation programmes have seen fewer deaths from coronavirus (COVID-19).\r\nThe study, that hasnt been pee\u2026 [+3285 chars]"}, {"source": {"id": "the-hindu", "name": "The Hindu"}, "author": "AFP", "title": "Coronavirus | PM Netanyahu re-enters quarantine after Israel\u2019s Health Minister tests positive", "description": "Netanyahu\u2019s previous quarantine, imposed after one of his staffers tested positive, had ended on Wednesday night", "url": "https://www.thehindu.com/news/international/coronavirus-pm-netanyahu-re-enters-quarantine-after-israels-health-minister-tests-positive/article31241034.ece", "urlToImage": "https://www.thehindu.com/news/international/oafhph/article31241033.ece/ALTERNATES/LANDSCAPE_615/ISRAELNETANYAHU", "publishedAt": "2020-04-02T17:24:38Z", "content": "Health Minister Yaakov Litzman, a leading member of the ultra-Orthodox Jewish community, has tested positive for COVID-19, forcing Prime Minister Benjamin Netanyahu to re-enter precautionary quarantine, officials said Thursday. \r\nNetanyahus previous quarantin\u2026 [+2358 chars]"}, {"source": {"id": "the-hindu", "name": "The Hindu"}, "author": "Sweta Akundi", "title": "Saturday night party scenes under the coronavirus lockdown", "description": "In the absence of pub-hopping, we go app-hopping, using QuarantineChat, Rave, Zoom and House Party among others to socialise with strangers in remote corners of the world", "url": "https://www.thehindu.com/society/app-hopping-using-quarantinechat-rave-zoom-house-party/article31236767.ece", "urlToImage": "https://www.thehindu.com/society/uhzlu4/article31236766.ece/ALTERNATES/LANDSCAPE_615/03MPParty", "publishedAt": "2020-04-02T11:16:24Z", "content": "Hi, where are you from? A man breathes into my ear. But he isnt talking to me, he is talking to another woman on this public group chat that I have entered on Rave. It is a multimedia messenger app that allows users to watch videos in sync, while also texting\u2026 [+3659 chars]"}, {"source": {"id": "the-hindu", "name": "The Hindu"}, "author": "Special Correspondent", "title": "Coronavirus | Rajya Sabha members\u2019 oath taking put off", "description": "A new Member is not entitled to sit, participate and vote in the House or in a Committee until he has taken the oath.", "url": "https://www.thehindu.com/news/national/coronavirus-rajya-sabha-members-oath-taking-put-off/article31242402.ece", "urlToImage": "https://www.thehindu.com/static/theme/default/base/img/og-image.jpg", "publishedAt": "2020-04-02T20:02:08Z", "content": "Rajya Sabha Chairman Venkaiah Naidu has put on hold the oath taking by 37 newly elected members of the Upper House till the nationwide lockdown is lifted.\r\nSome of the 55 members elected last month include JD(U)s Harivansh who serves as Deputy Chairman, NCP p\u2026 [+230 chars]"}, {"source": {"id": "the-hindu", "name": "The Hindu"}, "author": "Staff Reporter", "title": "Coronavirus | Distribution of cash, commodities to ration cardholders begins", "description": "To ensure personal distancing, markings were done in front of the shops. However, at many shops personal distancing norms were flouted.", "url": "https://www.thehindu.com/news/cities/Coimbatore/coronavirus-distribution-of-cash-commodities-to-ration-cardholders-begins/article31243298.ece", "urlToImage": "https://www.thehindu.com/news/cities/Coimbatore/fafavf/article31243297.ece/ALTERNATES/LANDSCAPE_615/SA03SLMPUBLIC", "publishedAt": "2020-04-02T22:47:43Z", "content": "The distribution of financial assistance of 1,000, and essential commodities free of cost to 6.84 lakh rice cardholders through 1,146 ration shops in the district began here on Thursday. \r\nOnly 50 persons were allowed to receive the assistance in the morning \u2026 [+2453 chars]"}, {"source": {"id": "the-hindu", "name": "The Hindu"}, "author": "Staff Reporter", "title": "Coronavirus | CRPF men punish those found roaming on the street", "description": "A video of Central Reserve Police Force (CRPF) personnel forcing five men to air squat as punishment for allegedly roaming in a street near Ukkadam here surfaced on Thursday. The police said that the", "url": "https://www.thehindu.com/news/cities/Coimbatore/coronavirus-crpf-men-punish-those-found-roaming-on-the-street/article31243385.ece", "urlToImage": "https://www.thehindu.com/static/theme/default/base/img/og-image.jpg", "publishedAt": "2020-04-02T23:00:43Z", "content": "A video of Central Reserve Police Force (CRPF) personnel forcing five men to air squat as punishment for allegedly roaming in a street near Ukkadam here surfaced on Thursday. \r\nThe police said that the incident, which happened on Thursday, had come to their a\u2026 [+508 chars]"}, {"source": {"id": "the-hindu", "name": "The Hindu"}, "author": "Special Correspondent", "title": "Coronavirus | Indian Overseas Bank deploys mobile ATM to help customers", "description": "Customers would be allowed to enter the mobile ATM only after cleaning their hands with sanitisers which will be provided at the unit.", "url": "https://www.thehindu.com/news/cities/Tiruchirapalli/coronavirus-indian-overseas-bank-deploys-mobile-atm-to-help-customers/article31242608.ece", "urlToImage": "https://www.thehindu.com/static/theme/default/base/img/og-image.jpg", "publishedAt": "2020-04-02T21:59:08Z", "content": "The Indian Overseas Bank has deployed a mobile Automated Teller Machine in view of the prohibitory order that has been enforced in view of the COVID-19 pandemic.\r\nCustomers would be allowed to enter the mobile ATM only after cleaning their hands with sanitise\u2026 [+758 chars]"}, {"source": {"id": "the-hindu", "name": "The Hindu"}, "author": "AP", "title": "Coronavirus | Confirmed cases hit 1 million worldwide, deaths pass 50,000", "description": "However, the true numbers are believed to be much higher, because of testing shortages, many mild cases that have gone unreported, and suspicions that some countries are covering up the extent of their outbreaks.", "url": "https://www.thehindu.com/news/international/coronavirus-confirmed-cases-hit-1-million-worldwide-deaths-blow-past-50000/article31242562.ece", "urlToImage": "https://www.thehindu.com/news/international/ag5ts3/article31242560.ece/ALTERNATES/LANDSCAPE_615/03APRTHVIRUSOUTBREAKECUADOR", "publishedAt": "2020-04-02T21:50:41Z", "content": "The number of coronavirus infections worldwide has hit 1 million, with more than 50,000 deaths, according to the tally kept by Johns Hopkins University.\r\nCoronavirus | Wuhan initially downplayed crisis, says China expert Dali Yang\r\nThe figures were another bl\u2026 [+8595 chars]"}, {"source": {"id": "the-hindu", "name": "The Hindu"}, "author": "Special Correspondent", "title": "Coronavirus outbreak | MHA blacklists 960 foreigners for Tablighi ties", "description": "The Ministry of Home Affairs (MHA) has blacklisted 960 foreigners, present in India on tourist visas, for their involvement in Tablighi Jamaat activities, Union Home Minister Amit Shah tweeted on Thur", "url": "https://www.thehindu.com/news/national/coronavirus-outbreak-mha-blacklists-960-foreigners-for-tablighi-ties/article31240910.ece", "urlToImage": "https://www.thehindu.com/static/theme/default/base/img/og-image.jpg", "publishedAt": "2020-04-02T17:13:13Z", "content": "The Ministry of Home Affairs (MHA) has blacklisted 960 foreigners, present in India on tourist visas, for their involvement in Tablighi Jamaat activities, Union Home Minister Amit Shah tweeted on Thursday.\r\nExplained | Who are the Tablighi Jamaat?\r\nMHA has al\u2026 [+1969 chars]"}, {"source": {"id": "the-hindu", "name": "The Hindu"}, "author": "Praveen Sudevan", "title": "The new \u2018Baby Shark\u2019 song wants you to wash hands and stay safe from Coronavirus", "description": "South Korean educational brand Pinkfong has modified its super-hit \u2018Baby Shark\u2019 song to inspire better hygiene", "url": "https://www.thehindu.com/entertainment/music/have-you-seen-the-new-baby-shark-song-that-teaches-you-to-wash-your-hands/article31234882.ece", "urlToImage": "https://www.thehindu.com/static/theme/default/base/img/og-image.jpg", "publishedAt": "2020-04-02T08:58:22Z", "content": "The World Health Organisation, on their COVID-19 advice for the public webpage, says, Regularly and thoroughly clean your hands with an alcohol-based hand rub or wash them with soap and water.\r\nWhy? Washing your hands with soap and water or using alcohol-base\u2026 [+1073 chars]"}, {"source": {"id": "the-hindu", "name": "The Hindu"}, "author": "PTI", "title": "Coronavirus: Gambhir vows to contribute 2 years\u2019 salary to PM CARES Fund", "description": "Cricketer-turned-politician Gautam Gambhir on Thursday said he has decided to contribute his two years\u2019 salary as an MP to the Prime Minister-CARES fund to tackle the COVID-19 pandemic sweeping throug", "url": "https://www.thehindu.com/sport/cricket/coronavirus-gambhir-vows-to-contribute-2-years-salary-to-pm-cares-fund/article31233860.ece", "urlToImage": "https://www.thehindu.com/todays-paper/tp-miscellaneous/tp-others/bqehix/article29545984.ece/ALTERNATES/LANDSCAPE_615/Chargesheet-agaGRO6GPCUB3jpgjpg", "publishedAt": "2020-04-02T06:23:09Z", "content": "Cricketer-turned-politician Gautam Gambhir on Thursday said he has decided to contribute his two years salary as an MP to the Prime Minister-CARES fund to tackle the COVID-19 pandemic sweeping through the country.\r\n The BJPs Lok Sabha member from East Delhi m\u2026 [+586 chars]"}, {"source": {"id": "the-hindu", "name": "The Hindu"}, "author": "IANS", "title": "Legendary jazz musician Ellis Marsalis Jr. dies of coronavirus at 85", "description": "Musician and teacher was a New Orleans legend, and was inducted into The Louisiana Music Hall of Fame in 2018", "url": "https://www.thehindu.com/entertainment/legendary-jazz-musician-ellis-marsalis-jr-dies-of-coronavirus-at-85/article31238079.ece", "urlToImage": "https://www.thehindu.com/entertainment/yojtev/article31238078.ece/ALTERNATES/LANDSCAPE_615/jazz", "publishedAt": "2020-04-02T12:26:14Z", "content": "Legendary jazz pianist and teacher Ellis Marsalis Jr. died at the age of 85 due to complications of coronavirus.\r\nHe had passed away on Wednesday, reports usatoday.com.\r\nIt is with great sadness that I announce the passing of my father, Ellis Marsalis Jr., so\u2026 [+1250 chars]"}, {"source": {"id": "the-hindu", "name": "The Hindu"}, "author": "AP", "title": "Coronavirus | U.S. President Donald Trump resists national shutdown, leaving it up to States", "description": "Trump said he wants to give governors\u2019 \u201cflexibility\u201d on whether a stay-at-home policy is the best option for their constituents but acknowledged that he\u2019s looking at limiting air and rail travel between hotspots within the United States", "url": "https://www.thehindu.com/news/international/coronavirus-us-president-donald-trump-resists-national-shutdown-leaving-it-up-to-states/article31241718.ece", "urlToImage": "https://www.thehindu.com/news/international/5b2cvl/article31241717.ece/ALTERNATES/LANDSCAPE_615/DONALDTRUMP", "publishedAt": "2020-04-02T18:04:10Z", "content": "U.S. President Donald Trump is resisting calls to issue a national stay-at-home order to stem the spread of the novel coronavirus despite his administrations projections that tens of thousands of Americans are likely to be killed by the disease. One by one, t\u2026 [+7704 chars]"}, {"source": {"id": "the-hindu", "name": "The Hindu"}, "author": "Satyasundar Barik", "title": "Coronavirus lockdown | Odisha must work out safe return of migrants, say experts", "description": "Inter-State coordination strategy required before lockdown restrictions are lifted", "url": "https://www.thehindu.com/news/national/other-states/coronavirus-lockdown-odisha-must-work-out-safe-return-of-migrants-say-experts/article31239469.ece", "urlToImage": "https://www.thehindu.com/news/national/other-states/vtje6z/article31239468.ece/ALTERNATES/LANDSCAPE_615/ODISHAMIGRANTS", "publishedAt": "2020-04-02T14:49:16Z", "content": "The Odisha government should work out an inter-State coordination strategy for the safe return of migrant workers stranded in other States before lockdown restrictions are lifted, said migration experts here.\r\nAlso read | Migrant workers from Odisha stranded \u2026 [+2764 chars]"}, {"source": {"id": "the-hindu", "name": "The Hindu"}, "author": "Bindu Shajan Perappadan", "title": "Coronavirus | Don\u2019t go out or meet people, Health Ministry tells elderly", "description": "It warned that elderly people are at a higher risk of COVID-19 infection due to their decreased immunity and body reserves besides multiple associated co-morbidities", "url": "https://www.thehindu.com/news/national/coronavirus-dont-go-out-or-meet-people-health-ministry-tells-elderly/article31236512.ece", "urlToImage": "https://www.thehindu.com/news/national/b1rx14/article31236511.ece/ALTERNATES/LANDSCAPE_615/PTI26-03-2020000146A", "publishedAt": "2020-04-02T10:49:19Z", "content": "The Union Health Ministry on Thursday issued an advisory to the elderly in the wake of the novel coronavirus pandemic, warning that the disease tends to be more severe among the elderly, resulting in higher mortality.\r\nThe number of COVID-19 cases so far has \u2026 [+1180 chars]"}, {"source": {"id": "the-hindu", "name": "The Hindu"}, "author": "The Hindu", "title": "Beyond Trump's Wall: the Americans riding out coronavirus in Latin America", "description": "LAGO DE ATITLAN, Guatemala, April 1 Some Americans, from young backpackers to retirees, are hunkering down for the coronavirus pandemic far from home in Latin America, saying they feel safer and see n", "url": "https://www.thehindu.com/life-and-style/travel/some-americans-stay-back-in-latin-america-instead-of-returing-to-the-us-as-they-feel-safer-there-in-the-wake-of-the-covid-19-pandemic/article31234006.ece", "urlToImage": "https://www.thehindu.com/life-and-style/travel/nxsov5/article31234005.ece/ALTERNATES/LANDSCAPE_615/02TVMMEXICO", "publishedAt": "2020-04-02T06:48:28Z", "content": "LAGO DE ATITLAN, Guatemala, April 1 Some Americans, from young backpackers to retirees, are hunkering down for the coronavirus pandemic far from home in Latin America, saying they feel safer and see no point in scrambling to return.\r\nWhile thousands of Americ\u2026 [+5267 chars]"}, {"source": {"id": "the-hindu", "name": "The Hindu"}, "author": "PTI", "title": "Coronavirus | U.S. begins repatriation of its nationals from India, says official", "description": "So far, the U.S. has repatriated over 30,000 citizens from over 60 countries on more than 350 flights.", "url": "https://www.thehindu.com/news/international/coronavirus-us-begins-repatriation-of-its-nationals-from-india-says-official/article31232996.ece", "urlToImage": "https://www.thehindu.com/news/international/vjosxv/article31044904.ece/ALTERNATES/LANDSCAPE_615/Trump", "publishedAt": "2020-04-02T02:21:59Z", "content": "The U.S. has begun repatriation of its stranded nationals, who want to return home, from India which is undergoing a 21-day lockdown to stem the spread of coronavirus pandemic, a senior American diplomat has said, praising the Indian government for extending \u2026 [+3612 chars]"}, {"source": {"id": "the-hindu", "name": "The Hindu"}, "author": "Amarnath Tewary", "title": "Coronavirus | Siwan doctor who wanted to rope in quacks to combat pandemic suspended", "description": "No civil surgeon in his right sense can issue such a letter which has undermined the efforts of State government in battling virus, says Bihar Principal Health Secretary", "url": "https://www.thehindu.com/news/national/other-states/coronavirus-siwan-doctor-who-wanted-to-rope-in-quacks-to-combat-pandemic-suspended/article31242390.ece", "urlToImage": "https://www.thehindu.com/static/theme/default/base/img/og-image.jpg", "publishedAt": "2020-04-02T19:57:09Z", "content": "Siwan civil surgeon Ashesh Kumar was suspended for issuing an official letter to rope in services of Jhola Chhap doctors (quacks) to combat COVID-19 pandemic in the district. The screenshot of his controversial letter had gone viral on social media. The State\u2026 [+2771 chars]"}, {"source": {"id": "the-hindu", "name": "The Hindu"}, "author": "Special Correspondent", "title": "Coronavirus | Air India to bring personal protective equipment from Shanghai, Hong Kong", "description": "The flights are being operated on commercial basis following demands from pharmaceutical firms and their intermediaries", "url": "https://www.thehindu.com/news/national/coronavirus-air-india-to-bring-personal-protective-equipment-from-shanghai-hong-kong/article31242092.ece", "urlToImage": "https://www.thehindu.com/static/theme/default/base/img/og-image.jpg", "publishedAt": "2020-04-02T18:28:46Z", "content": "Air India has received Chinas clearance to operate cargo flights to Shanghai and Hong Kong to help Indian pharmaceutical companies import personal protective equipment for frontline health workers.\r\nWe have secured requisite approvals from Shanghai for our fl\u2026 [+905 chars]"}, {"source": {"id": "the-hindu", "name": "The Hindu"}, "author": "PTI", "title": "Actor Ali Wentworth tests positive for coronavirus, calls it \u2018pure misery\u2019", "description": "Wentworth\u2019s husband, \u2018Good Morning America\u2019 anchor George Stephanopoulos, announced he will be working from home", "url": "https://www.thehindu.com/entertainment/movies/actor-ali-wentworth-tests-positive-for-coronavirus-calls-it-pure-misery/article31236005.ece", "urlToImage": "https://www.thehindu.com/entertainment/movies/k3gjs2/article31236004.ece/ALTERNATES/LANDSCAPE_615/Screenshot-2020-04-02-at-34159-PM", "publishedAt": "2020-04-02T10:19:56Z", "content": "Comic Ali Wentworth says she has contracted the novel coronavirus and has never been sicker.\r\nThe Its Complicated actor shared a health update on Instagram on Wednesday.\r\nI have tested positive for the Corona Virus. Ive never been sicker. High fever. Horrific\u2026 [+356 chars]"}, {"source": {"id": "the-hindu", "name": "The Hindu"}, "author": "PTI", "title": "Coronavirus outbreak | About 9,000 Tablighi Jamaat members, primary contacts quarantined in country: MHA", "description": "According to a Home Ministry statement on Wednesday, some 2,100 foreigners visited India for Tabligh programmes since January 1 this year", "url": "https://www.thehindu.com/news/national/coronavirus-outbreak-about-9000-tablighi-jamaat-members-primary-contacts-quarantined-in-country-mha/article31236954.ece", "urlToImage": "https://www.thehindu.com/news/3a3d5m/article31237183.ece/ALTERNATES/LANDSCAPE_615/01bgbgyasJamaGI17ABTRN3jpgjpg", "publishedAt": "2020-04-02T11:16:40Z", "content": "About 9,000 Tablighi Jamaat members and their primary contacts have been quarantined till now across the country in view of the coronavirus infection, a senior Home Ministry official said on April 2.\r\nAlso read | Coronavirus India lockdown Day 9 updates\r\nPuny\u2026 [+504 chars]"}, {"source": {"id": "the-hindu", "name": "The Hindu"}, "author": "Reuters", "title": "China's coronavirus numbers 'a little bit on the light side' says Trump", "description": "The U.S. President\u2019s comments came after a senior Republican lawmaker cast doubt on Beijing's COVID-19 data", "url": "https://www.thehindu.com/news/international/chinas-coronavirus-numbers-a-little-bit-on-the-light-side-says-trump/article31233330.ece", "urlToImage": "https://www.thehindu.com/news/international/vf6m8x/article31046469.ece/ALTERNATES/LANDSCAPE_615/HEALTH-CORONAVIRUSUSA", "publishedAt": "2020-04-02T04:08:53Z", "content": "U.S. President Donald Trump said on Wednesday the coronavirus statistics China was reporting seemed a little bit on the light side, while his national security adviser said Washington had no way of knowing if Beijing's figures were accurate.\r\nThe comments cam\u2026 [+2435 chars]"}, {"source": {"id": "the-hindu", "name": "The Hindu"}, "author": "P.K. Ajith Kumar", "title": "Online chess classes ensure training is not impacted during coronavirus pandemic", "description": "Coach Sushrutha Reddy feels Zoom a better platform to teach a group", "url": "https://www.thehindu.com/sport/other-sports/online-chess-classes-ensure-training-is-not-impacted-during-coronavirus-pandemic/article31240104.ece", "urlToImage": "https://www.thehindu.com/sport/other-sports/nyzj6s/article31240103.ece/ALTERNATES/LANDSCAPE_615/TH02RAMESH", "publishedAt": "2020-04-02T15:58:29Z", "content": "When the warning signals began to emerge from China about a few weeks ago, Sushrutha Reddy felt he should be prepared. It didnt matter he was living in Bengaluru, far away from the epicentre of the coronavirus outbreak.\r\nA chess coach, he knew that he would h\u2026 [+2103 chars]"}, {"source": {"id": "the-hindu", "name": "The Hindu"}, "author": "Praveen Sudevan", "title": "A bit of magic during Coronavirus lockdown: JK Rowling launches \u2018Harry Potter At Home\u2019", "description": "The newly launched section, which will be a part of the online portal Wizarding World, will have quizzes, puzzles, games and more", "url": "https://www.thehindu.com/life-and-style/jk-rowling-launches-harry-potter-at-home/article31237123.ece", "urlToImage": "https://www.thehindu.com/life-and-style/luslk3/article31237122.ece/ALTERNATES/LANDSCAPE_615/02BGMPOTTER2", "publishedAt": "2020-04-02T11:22:23Z", "content": "Potterheads, assemble. Very few things would have offered an escape so wondrous as the JK Rowlings world of wizards and witches for you. Thirteen years after the final Harry Potter book, there are numerous things movies, plays, etc about the franchise that yo\u2026 [+1109 chars]"}, {"source": {"id": "the-hindu", "name": "The Hindu"}, "author": "PTI", "title": "Coronavirus | One more tests positive in Puducherry, tally goes up to 4", "description": "An official said the person who tested positive is a woman from the neighbouring Ariyankuppam village.", "url": "https://www.thehindu.com/news/national/other-states/coronavirus-one-more-tests-positive-in-puducherry-tally-goes-up-to-4/article31239833.ece", "urlToImage": "https://www.thehindu.com/news/national/other-states/228x8w/article31239832.ece/ALTERNATES/LANDSCAPE_615/02IN-COVID19LOCKDOWN", "publishedAt": "2020-04-02T15:33:42Z", "content": "One more person tested positive for coronavirus (COVID-19) in Puducherry, taking the total number of active cases in the Union Territory to four, a senior official said on April 2.\r\nState Helpline numbers | Interactive map of confirmed coronavirus cases in In\u2026 [+674 chars]"}, {"source": {"id": "the-hindu", "name": "The Hindu"}, "author": "The Hindu", "title": "In pictures | Slices of life on Day-9 of coronavirus lockdown", "description": "COVID-19 has claimed more than 70 lives in India as of April 02, according to data from the Health Ministry and State governments.", "url": "https://www.thehindu.com/multimedia/in-pictures-slices-of-life-on-day-9-of-coronavirus-lockdown/article31238108.ece", "urlToImage": "https://www.thehindu.com/news/national/3abyjl/article31238088.ece/ALTERNATES/LANDSCAPE_615/DAY9-8", "publishedAt": "2020-04-02T16:59:52Z", "content": "India has reported over 2,000 active COVID-19 cases till date. Most of the cases reported on the day-9 of the lockdown were linked to the Nizamuddin cluster. More than 9,00,000 people have been infected by the novel coronavirus and nearly 46,000 have died sin\u2026 [+903 chars]"}, {"source": {"id": "the-hindu", "name": "The Hindu"}, "author": "Sriram Lakshman", "title": "Wealthy, young and educated people more likely to use Net during coronavirus lockdown", "description": "In India, 57% of 18-29 year-olds use the Net or a smartphone", "url": "https://www.thehindu.com/sci-tech/technology/internet/wealthy-young-and-educated-people-more-likely-to-use-net-during-coronavirus-lockdown/article31242155.ece", "urlToImage": "https://www.thehindu.com/sci-tech/technology/internet/fxhphx/article31242154.ece/ALTERNATES/LANDSCAPE_615/INTERNETINDIA", "publishedAt": "2020-04-02T18:36:27Z", "content": "Those who are wealthier, younger, and more educated are likely to stay more connected during the coronavirus pandemic as countries institute various degrees of lockdown, new analysis released by the Pew Research Centre suggest. \r\nThe results are particularly \u2026 [+2257 chars]"}, {"source": {"id": "the-hindu", "name": "The Hindu"}, "author": "Shoumojit Banerjee", "title": "Coronavirus | Three fresh cases reported in Maharashtra", "description": "State\u2019s tally touches 338", "url": "https://www.thehindu.com/news/national/other-states/coronavirus-three-fresh-cases-reported-in-maharashtra/article31233676.ece", "urlToImage": "https://www.thehindu.com/news/national/other-states/yq20v0/article31233675.ece/ALTERNATES/LANDSCAPE_615/COVID19LOCKDOWN", "publishedAt": "2020-04-02T05:43:06Z", "content": "Three new cases of COVID-19 were reported on April 2 from Pune and Buldhana districts, taking Maharashtras tally to 338.\r\nTwo new cases were reported from Pune and, in a matter of growing concern for authorities, yet another case was reported from Buldhana di\u2026 [+2257 chars]"}, {"source": {"id": "the-hindu", "name": "The Hindu"}, "author": "Staff Reporter", "title": "Coronavirus | 516 foreign returnees in quarantine", "description": "The district administration has dedicated government hospitals in Namakkal, Rasipuram and Tiruchengode for COVID-19 treatment, alongside two private hospital in Namakkal and Tiruchengode.", "url": "https://www.thehindu.com/news/cities/Coimbatore/coronavirus-516-foreign-returnees-in-quarantine/article31243324.ece", "urlToImage": "https://www.thehindu.com/static/theme/default/base/img/og-image.jpg", "publishedAt": "2020-04-02T22:52:09Z", "content": "As many as 516 persons, who returned from foreign countries, are in house quarantine in Namakkal district, said Somasundaram, Deputy Director, Health Services, here on Thursday. \r\nThe district administration has dedicated government hospitals in Namakkal, Ras\u2026 [+894 chars]"}, {"source": {"id": "the-hindu", "name": "The Hindu"}, "author": "AFP", "title": "Indonesia frees 18,000 prisoners over coronavirus fears", "description": "Indonesia\u2019s creaking prison system has just 522 institutions for some 2,70,000 inmates", "url": "https://www.thehindu.com/news/international/indonesia-frees-18000-prisoners-over-coronavirus-fears/article31241900.ece", "urlToImage": "https://www.thehindu.com/news/international/n1tb11/article31241899.ece/ALTERNATES/LANDSCAPE_615/INDONESIA", "publishedAt": "2020-04-02T18:12:05Z", "content": "2016Indonesia has released some 18,000 inmates in a desperate bid to stop coronavirus from rampaging through its notoriously overcrowded prison system, authorities said Thursday.\r\nThe mass release comes days after the Southeast Asian nation said it would free\u2026 [+1743 chars]"}, {"source": {"id": "the-hindu", "name": "The Hindu"}, "author": "PTI", "title": "Coronavirus | Positive cases in Tamil Nadu rise to 309", "description": "Of the 75 cases reported on April 2, 74 were returnees from a recent Tablighi Jamat congregation held in Delhi\u2019s Nizamuddin West.", "url": "https://www.thehindu.com/news/national/tamil-nadu/coronavirus-positive-cases-in-tamil-nadu-rise-to-309/article31238734.ece", "urlToImage": "https://www.thehindu.com/news/national/tamil-nadu/bqusft/article31238775.ece/ALTERNATES/LANDSCAPE_615/02IN-CHENNAI", "publishedAt": "2020-04-02T13:49:53Z", "content": "As many as 75 more people tested positive for coronavirus (COVID-19) in Tamil Nadu on April 2 and the total count rose to 309, a senior official said and the tally is the second highest in the country. \r\nInteractive map of confirmed coronavirus cases in India\u2026 [+735 chars]"}, {"source": {"id": "the-hindu", "name": "The Hindu"}, "author": "Staff Reporter", "title": "Delhi police stop buses with foreign tourists amid coronavirus lockdown", "description": "The buses had \u201cspecial permission\u201d from the Ministry of External Affairs to \u201cevacuate\u201d tourists stranded in different parts of the country: Delhi police", "url": "https://www.thehindu.com/news/cities/Delhi/delhi-police-stop-buses-with-foreign-tourists-amid-coronavirus-lockdown/article31239163.ece", "urlToImage": "https://www.thehindu.com/static/theme/default/base/img/og-image.jpg", "publishedAt": "2020-04-02T14:22:07Z", "content": "Two buses carrying foreign tourists were stopped by the Delhi traffic police at the India Gate traffic signal on Thursday afternoon amid the ongoing nationwide lockdown, Swaraj Express television news channel reported. \r\nAn official of the Delhi Police told T\u2026 [+610 chars]"}, {"source": {"id": "the-hindu", "name": "The Hindu"}, "author": "Staff Reporter", "title": "Coronavirus: BMC sweeper is second positive case in Dharavi", "description": "The 52-year-old person is a resident of Worli\u2019s Jijamata Nagar but developed symptoms in Dharavi on Monday", "url": "https://www.thehindu.com/news/cities/mumbai/coronavirus-bmc-sweeper-is-second-positive-case-in-dharavi/article31234805.ece", "urlToImage": "https://www.thehindu.com/news/cities/mumbai/q3hmhx/article31234804.ece/ALTERNATES/LANDSCAPE_615/BMCINDHARAVI", "publishedAt": "2020-04-02T08:49:36Z", "content": "A 52-year-old Brihanmumbai Municipal Corporation sweeper became the second person to test positive for COVID-19 in Dharavi on Thursday. \r\nDharavi reported its first case on Wednesday and the person died the same day. \r\nThe second affected person is not a resi\u2026 [+675 chars]"}, {"source": {"id": "the-hindu", "name": "The Hindu"}, "author": "PTI", "title": "Coronavirus | Govt extends deployment of 100 CAPF companies in Delhi", "description": "The Union home ministry issued an order on Wednesday extending the deployment of about 10,000 troops in these companies \u201cfor maintaining law and order during lockdown in Delhi,\u201d an official told PTI", "url": "https://www.thehindu.com/news/cities/Delhi/coronavirus-govt-extends-deployment-of-100-capf-companies-in-delhi/article31235182.ece", "urlToImage": "https://www.thehindu.com/news/cities/Delhi/wyhkti/article31235181.ece/ALTERNATES/LANDSCAPE_615/COVID19LOCKDOWNNEWDELHI", "publishedAt": "2020-04-02T09:36:14Z", "content": "The Centre has extended the deployment of 100 Central Armed Police Force (CAPF) companies in the national capital for strengthening security during the ongoing lockdown in view of the COVID-19 pandemic, a senior official said on Thursday.\r\n The Union home min\u2026 [+862 chars]"}, {"source": {"id": "the-hindu", "name": "The Hindu"}, "author": "Staff Reporter", "title": "Coronavirus | Periyar University\u2019s psychology department gives out mental health tips", "description": "According to a release, the public have been advised to distance themselves from COVID-19 news and not to browse internet for disease symptoms.", "url": "https://www.thehindu.com/news/cities/Coimbatore/coronavirus-periyar-universitys-psychology-department-gives-out-mental-health-tips/article31243300.ece", "urlToImage": "https://www.thehindu.com/static/theme/default/base/img/og-image.jpg", "publishedAt": "2020-04-02T22:49:53Z", "content": "The Department of Psychology of Periyar University has given a few tips for better mental health amid COVID-19 fears and lockdown.\r\nAccording to a release, the public have been advised to distance themselves from COVID-19 news and not to browse internet for d\u2026 [+441 chars]"}, {"source": {"id": "the-hindu", "name": "The Hindu"}, "author": "Shiv Sahay SinghKolkata", "title": "Coronavirus | West Bengal Chief Secretary differs with doctors on deaths", "description": "Awaiting results in the case of four deaths as they suffered from co-morbidities, says official", "url": "https://www.thehindu.com/news/national/other-states/coronavirus-bengal-chief-secretary-differs-with-doctors-on-deaths/article31241906.ece", "urlToImage": "https://www.thehindu.com/static/theme/default/base/img/og-image.jpg", "publishedAt": "2020-04-02T18:12:09Z", "content": "While the number of the COVID-19 cases and casualties continued to rise in West Bengal, the State government is taking a lot of time to confirm whether or not the deaths are due to the contagious viral infection.\r\nInteractive map of confirmed coronavirus case\u2026 [+2437 chars]"}, {"source": {"id": "the-hindu", "name": "The Hindu"}, "author": "Special Correspondent", "title": "Coronavirus | Don\u2019t communalise fight against pandemic, says CPI(M)", "description": "Not only Tablighi Jamaat but also all big gatherings that had taken place in many parts of the country after the March 13 order went out to prohibit assembly of over 200 people must be investigated, the party said.", "url": "https://www.thehindu.com/news/national/coronavirus-dont-communalise-fight-against-pandemic-says-cpim/article31240958.ece", "urlToImage": "https://www.thehindu.com/static/theme/default/base/img/og-image.jpg", "publishedAt": "2020-04-02T17:19:25Z", "content": "The CPI(M) condemned the campaign in social media to communalise the fight against COVID-19. Its Polit Bureau said in a statement here that it was irresponsible on the part of the Tablighi Jamaat to have organised a meeting in mid-March when restrictions had \u2026 [+1022 chars]"}, {"source": {"id": "the-hindu", "name": "The Hindu"}, "author": "Special Correspondent", "title": "Coronavirus | Number of cases in India doubles in five days", "description": "Health Ministry confirms that it was looking at tweaking the testing protocol, with a rapid anti-body test in hotspots, where those indicating a positive would be sent for confirmation, and others would be quarantined.", "url": "https://www.thehindu.com/news/national/coronavirus-number-of-cases-in-india-doubles-in-five-days/article31242190.ece", "urlToImage": "https://www.thehindu.com/news/national/10p2sz/article31242188.ece/ALTERNATES/LANDSCAPE_615/VIRUSOUTBREAKINDIA", "publishedAt": "2020-04-02T18:43:12Z", "content": "The number of COVID-19 cases in India has doubled in the past week, with 328 more cases and 12 deaths reported on April 2. According to the Union Health Ministry, the tally now stands at 2,069 cases, with 53 deaths and 155 cured of the novel coronavirus infec\u2026 [+4040 chars]"}, {"source": {"id": "the-hindu", "name": "The Hindu"}, "author": "Srinivasa Ramanujam", "title": "Ginger, lemon and turmeric: How dieticians at Chennai\u2019s GH are using these to help Coronavirus patients", "description": "The patients who have tested positive are fed a healthy diet of idli, chapati and mint rice", "url": "https://www.thehindu.com/news/cities/chennai/how-lemon-ginger-and-turmeric-are-helping-coronavirus-patients-at-chennais-gh/article31236370.ece", "urlToImage": "https://www.thehindu.com/news/cities/chennai/3p56ie/article31236366.ece/ALTERNATES/LANDSCAPE_615/3MPDIETFOOD", "publishedAt": "2020-04-02T10:37:32Z", "content": "It is a challenging task to reach Dr Sujatha Venkatesh, Chief Dietician at Chennais Rajiv Gandhi Government General Hospital, on the telephone. Her daily routine has gone for a toss over the past few weeks, ever since the Coronavirus hit Tamil Nadu. With an i\u2026 [+2383 chars]"}, {"source": {"id": "the-hindu", "name": "The Hindu"}, "author": "PTI", "title": "On Ram Navami, Kejriwal seeks strength from Lord Ram to fight coronavirus", "description": "\u201c...My only request to Lord Ram is to give strength to all of us, especially healthcare personnel, to fight COVID-19,\u201d he tweeted", "url": "https://www.thehindu.com/news/cities/Delhi/on-ram-navami-kejriwal-seeks-strength-from-lord-ram-to-fight-coronavirus/article31233968.ece", "urlToImage": "https://www.thehindu.com/news/cities/Delhi/ullx0f/article31233967.ece/ALTERNATES/LANDSCAPE_615/KEJRIWALHANUMANMANDIR2020", "publishedAt": "2020-04-02T06:38:01Z", "content": "Delhi Chief Minister Arvind Kejriwal on Thursday greeted people on the occasion of Ram Navami and sought strength from Lord Ram for all, especially healthcare personnel, to fight coronavirus.\r\nThe spring festival of Ram Navami is celebrated to mark the birth \u2026 [+388 chars]"}, {"source": {"id": "the-hindu", "name": "The Hindu"}, "author": "AFP", "title": "Global coronavirus cases near a million as Spain sees record deaths", "description": "Since emerging in China in December, COVID-19 has infected more than 9,40,000 people across the world", "url": "https://www.thehindu.com/news/international/global-coronavirus-cases-near-a-million-as-spain-sees-record-deaths/article31240795.ece", "urlToImage": "https://www.thehindu.com/news/international/ut9s29/article31240794.ece/ALTERNATES/LANDSCAPE_615/02THRDSPAIN1", "publishedAt": "2020-04-02T17:05:50Z", "content": "Confirmed coronavirus cases approached one million around the world on Thursday as Europe reeled from the pandemic and the United States reported record numbers of people out of work.\r\nThe virus claimed thousands more lives in its relentless march across the \u2026 [+5328 chars]"}, {"source": {"id": "the-hindu", "name": "The Hindu"}, "author": "Special Correspondent", "title": "Shah Rukh Khan lends hand to coronavirus fight on several fronts", "description": "Actor assures assistance to provide protective equipment to healthcare workers, food to the needy, and essentials to acid attack survivors", "url": "https://www.thehindu.com/news/cities/mumbai/shah-rukh-khan-lends-hand-to-coronavirus-fight-on-several-fronts/article31242287.ece", "urlToImage": "https://www.thehindu.com/news/cities/mumbai/ehq9pm/article31242285.ece/ALTERNATES/LANDSCAPE_615/03BMSRK", "publishedAt": "2020-04-02T19:39:06Z", "content": "After Akshay Kumar and Salman Khan, its the turn of another Bollywood heavyweight, Shah Rukh Khan, to put his money behind the fight against COVID-19. However, unlike Akshay and Salman, SRKs appears to be a more diversified portfolio when it comes to charity,\u2026 [+5083 chars]"}, {"source": {"id": "the-hindu", "name": "The Hindu"}, "author": "Special Correspondent", "title": "Coronavirus | Home Secretary Ajay Bhalla writes to States to take action", "description": "He asked the States to implement the Finance Ministry\u2019s advisory to stagger account holders, maintain social distancing at bank branches and take the assistance of security personnel to maintain law and order at banks.", "url": "https://www.thehindu.com/news/national/coronavirus-home-secretary-ajay-bhalla-writes-to-states-to-take-action/article31241182.ece", "urlToImage": "https://www.thehindu.com/news/national/z6fd5/article31241181.ece/ALTERNATES/LANDSCAPE_615/02TH-LTUNIONHOMESECRETARY", "publishedAt": "2020-04-02T17:38:48Z", "content": "Union Home Secretary Ajay Bhalla on Thursday wrote to the Chief Secretaries of all States asking them to book people under relevant provisions of the Disaster Management Act, 2005, and the IPC for false claims, obstruction, false warning and disobedience, amo\u2026 [+816 chars]"}, {"source": {"id": "the-hindu", "name": "The Hindu"}, "author": "D. Madhavan", "title": "COVID-19: Small grocery store \u2018fights\u2019 Coronavirus with discarded flex boards", "description": "Exasperated with having to continually remind shoppers to maintain social distance, the owner decided to raise this wall of protection in front of his shop in Perambur, a locality in Chennai", "url": "https://www.thehindu.com/news/cities/chennai/covid-19-small-grocery-store-fights-coronavirus-with-discarded-flex-boards/article31239199.ece", "urlToImage": "https://www.thehindu.com/news/cities/chennai/aljr26/article31239198.ece/ALTERNATES/LANDSCAPE_615/05dc-CoronavirusShopFlexboards", "publishedAt": "2020-04-02T14:26:10Z", "content": "Two flex boards with wooden reefers have come in handy for a grocery shopkeeper in Perambur, Chennai to promote social distancing among his customers. \r\nS. Arumugam, owner-and-shopkeeper of Sri Narasimha Stores, a grocery shop of remarkably small dimensions t\u2026 [+1565 chars]"}, {"source": {"id": "the-hindu", "name": "The Hindu"}, "author": "Special Correspondent", "title": "Coronavirus | People flock to ration shops to get essential commodities, cash dole from government", "description": "Beneficiaries given pamphlets to create awareness about COVID-19", "url": "https://www.thehindu.com/news/cities/Coimbatore/coronavirus-people-flock-to-ration-shops-to-get-essential-commodities-cash-dole-from-government/article31243365.ece", "urlToImage": "https://www.thehindu.com/news/cities/Coimbatore/r2pkep/article31243364.ece/ALTERNATES/LANDSCAPE_615/CB03-PDS", "publishedAt": "2020-04-02T22:57:26Z", "content": "The district saw beneficiaries lining up in batches throughout the day in front of PDS outlets across the district on Thursday to receive essential commodities and COVID-19 cash relief of 1000 announced by the Chief Minister. \r\nMinister for Municipal Administ\u2026 [+1437 chars]"}, {"source": {"id": "the-hindu", "name": "The Hindu"}, "author": "PTI", "title": "Coronavirus: 15 more test positive in Assam, all attended Nizamuddin meet", "description": "The state has \u201centered a very critical stage and we have to maintain the lockdown strictly to ensure that the situation does not worsen\u201d, Health Minister said at a press conference", "url": "https://www.thehindu.com/news/national/other-states/coronavirus-15-more-test-positive-in-assam-all-attended-nizamuddin-meet/article31233053.ece", "urlToImage": "https://www.thehindu.com/news/national/other-states/lkfr09/article31233051.ece/ALTERNATES/LANDSCAPE_615/EUhAvVSUMAAU2aG", "publishedAt": "2020-04-02T03:06:41Z", "content": "Fifteen more people tested positive for COVID-19 in Assam, taking the total number of such cases in the State to 16, Health Minister Himanta Biswa Sarma said. All the patients had attended a congregation organised by the Tablighi Jamaat in Delhis Nizamuddin W\u2026 [+3086 chars]"}, {"source": {"id": "the-hindu", "name": "The Hindu"}, "author": "Rohan Premkumar", "title": "Coronavirus | Activists voice concern over leak of patients list on social media", "description": "The list also had unverified \u201ctest results\u201d of four persons, declaring that four of the 10 people in the list had tested positive for COVID-19.", "url": "https://www.thehindu.com/news/cities/Coimbatore/coronavirus-activists-voice-concern-over-leak-of-patients-list-on-social-media/article31243384.ece", "urlToImage": "https://www.thehindu.com/static/theme/default/base/img/og-image.jpg", "publishedAt": "2020-04-02T22:59:27Z", "content": "The leak of a list of names on social media of 10 persons from the Nilgiris who attended the Tablighi Jamaat event in Delhi has raised serious privacy concerns among activists here, with many calling for action against the people responsible for the leaks.\r\nT\u2026 [+2296 chars]"}, {"source": {"id": "the-hindu", "name": "The Hindu"}, "author": "Stanly Johny", "title": "Explained | Who are the Tablighi Jamaat, the organisation at the epicentre of Coronavirus outbreak in India?", "description": "The Islamic Organisation has presence in 150 countries and millions of followers", "url": "https://www.thehindu.com/news/national/explained-who-are-the-tablighi-jamaat-the-organisation-at-the-epicentre-of-coronavirus-outbreak-in-india/article31238915.ece", "urlToImage": "https://www.thehindu.com/news/national/wvarh5/article31238914.ece/ALTERNATES/LANDSCAPE_615/TABLIGHIJAMAAT", "publishedAt": "2020-04-02T13:56:56Z", "content": "The Tablighi Jamaat, a little known Islamic organisation, has been at the centre of a controversy after dozens of people who attended a religious congregation the group held at its headquarters in Delhi in March tested positive for COVID-19. At least 2,000 pe\u2026 [+3991 chars]"}, {"source": {"id": "the-hindu", "name": "The Hindu"}, "author": "Agence France-Presse", "title": "Coronavirus lockdown: Athletics anti-doping programme \u2018severely disrupted\u2019", "description": "The Athletics Integrity Unit (AIU) has acknowledged that its anti-doping programme will be \u201cseverely disrupted\u201d because of the coronavirus pandemic.The AIU, the independent anti-doping watchdog for tr", "url": "https://www.thehindu.com/sport/coronavirus-lockdown-athletics-anti-doping-programme-severely-disrupted/article31240825.ece", "urlToImage": "https://www.thehindu.com/static/theme/default/base/img/og-image.jpg", "publishedAt": "2020-04-02T17:08:11Z", "content": "The Athletics Integrity Unit (AIU) has acknowledged that its anti-doping programme will be severely disrupted because of the coronavirus pandemic.\r\nThe AIU, the independent anti-doping watchdog for track and field set up in 2017, operates testing procedures i\u2026 [+935 chars]"}, {"source": {"id": "the-hindu", "name": "The Hindu"}, "author": "Ananth Krishnan", "title": "Coronavirus | Wuhan initially downplayed crisis, says China expert Dali Yang", "description": "Prof. Dali Yang explains how the outbreak slipped through China\u2019s system", "url": "https://www.thehindu.com/opinion/interview/coronavirus-wuhan-initially-downplayed-crisis-says-china-expert-dali-yang/article31240608.ece", "urlToImage": "https://www.thehindu.com/opinion/interview/flrz3g/article31240607.ece/ALTERNATES/LANDSCAPE_615/Dali-Yang-one", "publishedAt": "2020-04-02T16:44:32Z", "content": "On December 31, 2019, the Wuhan government announced an outbreak of viral pneumonia. Until January 19, Wuhan authorities would maintain there was no proof of human-to-human transmission but the following day, Chinas government would reveal otherwise. Decision\u2026 [+7776 chars]"}, {"source": {"id": "the-hindu", "name": "The Hindu"}, "author": "PTI", "title": "Government launches \u2018AarogyaSetu\u2019 app to assess, alert people about coronavirus patients", "description": "According to a Ministry official, the app will detect only fresh cases and will send out alerts to only those who have been nearby the infected person.", "url": "https://www.thehindu.com/news/national/government-launches-aarogyasetu-app-to-assess-alert-people-about-coronavirus-patients/article31239070.ece", "urlToImage": "https://www.thehindu.com/news/national/2zpzim/article31239069.ece/ALTERNATES/LANDSCAPE_615/02IN-BOATS", "publishedAt": "2020-04-02T14:16:40Z", "content": "The government on April 02 launched a mobile app to help people assess themselves the risk of getting infected with coronavirus (COVID-19) and alert authorities if they have come in close contact with a person infected with the deadly virus.\r\nState Helpline n\u2026 [+2051 chars]"}, {"source": {"id": "the-hindu", "name": "The Hindu"}, "author": "AP", "title": "Coronavirus | Over 95% who died in Europe were over 60: WHO", "description": "\u2018More than four in five of those people had at least one other chronic underlying conditions, like cardiovascular disease, hypertension or diabetes\u2019", "url": "https://www.thehindu.com/news/international/coronavirus-over-95-who-died-in-europe-were-over-60-who/article31237494.ece", "urlToImage": "https://www.thehindu.com/news/international/wkb8lk/article31237493.ece/ALTERNATES/LANDSCAPE_615/HANSKLUGE", "publishedAt": "2020-04-02T11:38:25Z", "content": "The head of the World Health Organizations office in Europe, Dr. Hans Kluge, says figures show that more than 95% of people who have died of coronavirus in the continent have been aged over 60.\r\n But, Dr. Hans Kluge said age is not the only risk factor for se\u2026 [+1249 chars]"}, {"source": {"id": "the-hindu", "name": "The Hindu"}, "author": "PTI", "title": "Coronavirus | 1 held, dozen booked for group namaz in Noida despite lockdown", "description": "An FIR was lodged after a video surfaced on social media on Wednesday evening purportedly showing the gathering on the terrace of a house for the prayer, police said", "url": "https://www.thehindu.com/news/cities/Delhi/coronavirus-1-held-dozen-booked-for-group-namaz-in-noida-despite-lockdown/article31233734.ece", "urlToImage": "https://www.thehindu.com/news/cities/Delhi/afnxnm/article31233733.ece/ALTERNATES/LANDSCAPE_615/IDPRAYERSJAMAMASJID", "publishedAt": "2020-04-02T06:03:01Z", "content": "One man was arrested and around a dozen people booked here for allegedly gathering for a group namaz in violation of lockdown restrictions imposed due to coronavirus, the Noida police said on Thursday.\r\nAn FIR was lodged under provisions including those of th\u2026 [+2328 chars]"}]}