{"status": "ok", "totalResults": 62, "articles": [{"source": {"id": "the-hindu", "name": "The Hindu"}, "author": "The Hindu", "title": "Epicentre shifts: On coronavirus spread", "description": "Global efforts to counter the virus have been uneven, with Europe and the U.S. faltering", "url": "https://www.thehindu.com/opinion/editorial/epicentre-shifts-the-hindu-editorial-on-the-coronavirus-spread-outside-china/article31093409.ece", "urlToImage": "https://www.thehindu.com/static/theme/default/base/img/og-image.jpg", "publishedAt": "2020-03-17T19:25:09Z", "content": "With 1,08,394 cases reported from outside mainland China as on March 17, there are more people infected with the novel coronavirus (SARS-CoV-2) in other parts of the world than in mainland China (81,058). Also, as on March 17, the number of deaths (4,279) in \u2026 [+2577 chars]"}, {"source": {"id": "the-hindu", "name": "The Hindu"}, "author": "Aditya Anand", "title": "Coronavirus | GoAir suspends international operations", "description": "Introduces leave without pay; enhances all cleaning procedures", "url": "https://www.thehindu.com/news/national/covid-19-goair-suspends-international-operations/article31091634.ece", "urlToImage": "https://www.thehindu.com/news/national/v4kx7g/article31091632.ece/ALTERNATES/LANDSCAPE_615/THAVDDELHIAIRPORT", "publishedAt": "2020-03-17T13:38:53Z", "content": "On account of the cancellations and visa restrictions due to the COVID-19 pandemic, low-cost carrier GoAir on Tuesday announced a temporary suspension of all its international flights between March 17 and April 15 along with implementing a short-term temporar\u2026 [+2183 chars]"}, {"source": {"id": "the-hindu", "name": "The Hindu"}, "author": "PTI", "title": "Coronavirus | Maharashtra Police suspends drunk driving test", "description": "At 39, Maharashtra has so far recorded the highest number of COVID-19 cases in the country", "url": "https://www.thehindu.com/news/national/other-states/coronavirus-maharashtra-police-suspends-drunk-driving-test/article31089218.ece", "urlToImage": "https://www.thehindu.com/news/national/other-states/gc14hp/article31089217.ece/ALTERNATES/LANDSCAPE_615/DRINKANDDRIVE", "publishedAt": "2020-03-17T06:49:48Z", "content": "In a bid to protect police personnel from novel coronavirus infection, Maharashtra Highway Police has suspended breath-analyser tests needed to check drunk driving, a senior officer said.\r\nA circular in this regard was issued by Vinay Kargaonkar, Additional D\u2026 [+839 chars]"}, {"source": {"id": "the-hindu", "name": "The Hindu"}, "author": "Reuters", "title": "Coronavirus | S.Korea reports fewer than 100 new coronavirus cases for a third day", "description": "The new numbers are well below a Feb. 29 peak of 909, and bring the country's total infections to 8,320, the Korea Centers for Disease Control and Prevention (KCDC) said.", "url": "https://www.thehindu.com/news/international/skorea-reports-fewer-than-100-new-coronavirus-cases-for-a-third-day/article31088152.ece", "urlToImage": "https://www.thehindu.com/news/international/it5l2c/article30969203.ece/ALTERNATES/LANDSCAPE_615/VIRUSOUTBREAKSOUTHKOREA", "publishedAt": "2020-03-17T02:12:39Z", "content": "South Korea reported 84 new coronavirus cases on Tuesday, marking a third day in a row that the county has reported fewer than 100 new infections amid growing hopes that Asia's largest outbreak outside China may be easing.\r\nThe new numbers are well below a Fe\u2026 [+508 chars]"}, {"source": {"id": "the-hindu", "name": "The Hindu"}, "author": "Special Correspondent", "title": "Coronavirus | MoS for External Affairs under self-quarantine", "description": "Tested negative but a matter of precaution, says Muraleedharan", "url": "https://www.thehindu.com/news/national/coronavirus-mos-for-external-affairs-under-self-quarantine/article31096061.ece", "urlToImage": "https://www.thehindu.com/news/national/ii0n19/article31096060.ece/ALTERNATES/LANDSCAPE_615/MURALEEDHARAN", "publishedAt": "2020-03-17T23:33:49Z", "content": "Minister of State for External Affairs V. Muraleedharan is under self-quarantine after he showed symptoms of COVID-19 infection. The Minister told The Hindu that he has tested negative for the viral infection.\r\nHealth Ministry sources said Mr. Muraleedharan h\u2026 [+1011 chars]"}, {"source": {"id": "the-hindu", "name": "The Hindu"}, "author": "Special Correspondent", "title": "Coronavirus | COVID-19 claims India\u2019s third victim in Mumbai", "description": "Number of cases rise to 143; Centre bans entry of passengers from Afghanistan, Philippines, Malaysia.", "url": "https://www.thehindu.com/news/national/coronavirus-covid-19-claims-indias-third-victim-in-mumbai/article31091789.ece", "urlToImage": "https://www.thehindu.com/news/national/bz0p6s/article31091788.ece/ALTERNATES/LANDSCAPE_615/VBK-MUMBAI-CORONAVIRUS-REUTERS", "publishedAt": "2020-03-17T17:26:42Z", "content": "India reported its third death from the COVID-19 pandemic on Tuesday, with the Union Health Ministry putting the number of positive cases at 137.\u00a0 However data from States puts the number at 143. \r\nThe deceased person had a history of travel to Dubai and was \u2026 [+3008 chars]"}, {"source": {"id": "the-hindu", "name": "The Hindu"}, "author": "Meera Srinivasan", "title": "Coronavirus | Sri Lanka infections jump to 43", "description": "Government suspends all international flight arrivals for two weeks", "url": "https://www.thehindu.com/news/international/coronavirus-sri-lanka-infections-jump-to-43/article31093482.ece", "urlToImage": "https://www.thehindu.com/news/international/13c2nd/article31093481.ece/ALTERNATES/LANDSCAPE_615/thjc-Lanka-Covid", "publishedAt": "2020-03-17T17:39:42Z", "content": "Even as the number COVID-19 cases in Sri Lanka rose to 43 on Tuesday, the government decided to suspend all international flight arrivals for two weeks beginning Wednesday midnight, President Gotabaya Rajapaksas office said.\r\nThe move, according to government\u2026 [+1793 chars]"}, {"source": {"id": "the-hindu", "name": "The Hindu"}, "author": "IANS", "title": "Over one third of Valencia squad has coronavirus", "description": "In a statement, the club said the virus spread among the squad following last month\u2019s trip to Milan, \u201can area confirmed as \u2018high risk\u2019 by the Italian authorities days afterwards\u201d, for the first leg of their Champions League last\u201416 tie against Atalanta.", "url": "https://www.thehindu.com/news/international/over-one-third-of-valencia-squad-has-coronavirus/article31089518.ece", "urlToImage": "https://www.thehindu.com/news/international/59ds6k/article31089517.ece/ALTERNATES/LANDSCAPE_615/HEALTH-CORONAVIRUSSPAIN", "publishedAt": "2020-03-17T08:07:44Z", "content": "Spanish football club Valencia has confirmed that 35 per cent of players and staff members have tested positive for the novel coronavirus.\r\nIn a statement, the club said the virus spread among the squad following last months trip to Milan, an area confirmed a\u2026 [+1290 chars]"}, {"source": {"id": "the-hindu", "name": "The Hindu"}, "author": "PTI", "title": "Coronavirus | 54,000 people under community surveillance across country, says Harsh Vardhan", "description": "The Health Minister also urged MPs to visit quarantine facilities in their areas and suggest ways to help improve facilities and take care of deficiencies.", "url": "https://www.thehindu.com/news/national/coronavirus-54000-people-under-community-surveillance-across-country-says-harsh-vardhan/article31090927.ece", "urlToImage": "https://www.thehindu.com/news/national/e0ph6k/article30736740.ece/ALTERNATES/LANDSCAPE_615/HarshVardhan-NKV", "publishedAt": "2020-03-17T12:06:36Z", "content": "Around 54,000 people across the country are being kept under community surveillance through health workers, Health Minister Harsh Vardhan told the Rajya Sabha on Tuesday while lauding the efforts of the doctors and paramedics in dealing with the cases of coro\u2026 [+2635 chars]"}, {"source": {"id": "the-hindu", "name": "The Hindu"}, "author": "PTI", "title": "Coronavirus | Dehradun Congress leader in Dehradun advised to stay in isolation at home", "description": "Uttarakhand Congress vice president Suryakant Dhasmana has been advised to stay in isolation at home for 14 days after he visited a government hospital here to assess the health department\u2019s preparedn", "url": "https://www.thehindu.com/news/national/coronavirus-dehradun-congress-leader-in-dehradun-advised-to-stay-in-isolation-at-home/article31092072.ece", "urlToImage": "https://www.thehindu.com/static/theme/default/base/img/og-image.jpg", "publishedAt": "2020-03-17T14:35:54Z", "content": "Uttarakhand Congress vice president Suryakant Dhasmana has been advised to stay in isolation at home for 14 days after he visited a government hospital here to assess the health departments preparedness to deal with coronavirus outbreak.\r\n Sharing the informa\u2026 [+544 chars]"}, {"source": {"id": "the-hindu", "name": "The Hindu"}, "author": "PTI", "title": "Coronavirus | Om Birla circulates list of dos and don\u2019ts related to COVID-19 among MPs", "description": "The Lok Sabha speaker was informed that thermal scanning at all points of entry have also been initiated.", "url": "https://www.thehindu.com/news/national/coronavirus-om-birla-circulates-list-of-dos-and-donts-related-to-covid-19-among-mps/article31092230.ece", "urlToImage": "https://www.thehindu.com/news/national/pexeic/article31092229.ece/ALTERNATES/LANDSCAPE_615/OMBIRLA", "publishedAt": "2020-03-17T15:09:35Z", "content": "Lok Sabha Speaker Om Birla on Tuesday reviewed the preparation to tackle the spread of novel coronavirus in Parliament and he was informed that all non-essential visits to the Parliament House Estate have been curtailed.\r\nWatch | COVID-19: Dos and don'ts from\u2026 [+1872 chars]"}, {"source": {"id": "the-hindu", "name": "The Hindu"}, "author": "PTI", "title": "Coronavirus | Mumbai man becomes third person in India to die of COVID-19, number of cases climbs to 140", "description": "The Mumbai patient with a travel history to Dubai is the first COVID-19 death in Maharashtra, which has the most number of coronavirus cases at 39, officials said.", "url": "https://www.thehindu.com/news/national/coronavirus-mumbai-man-becomes-third-person-in-india-to-die-of-covid-19-number-of-cases-climbs-to-140/article31091789.ece", "urlToImage": "https://www.thehindu.com/news/national/bz0p6s/article31091788.ece/ALTERNATES/LANDSCAPE_615/VBK-MUMBAI-CORONAVIRUS-REUTERS", "publishedAt": "2020-03-17T14:17:58Z", "content": "India on March 17 reported its third coronavirus fatality with a 63-year-old dying in Mumbai, Health Ministry officials said as the number of positive cases rose to 142 and more parts of the country shut down to stem the spread of the infection.\r\nAlso read | \u2026 [+5472 chars]"}, {"source": {"id": "the-hindu", "name": "The Hindu"}, "author": "Reuters", "title": "Coronavirus | China gives go-ahead for human trials of COVID-19 vaccine", "description": "Researchers will do tests on 108 healthy persons", "url": "https://www.thehindu.com/news/international/coronavirus-china-gives-go-ahead-for-human-trials-of-covid-19-vaccine/article31093441.ece", "urlToImage": "https://www.thehindu.com/news/international/wvtmdv/article31093439.ece/ALTERNATES/LANDSCAPE_615/18TH-CHINA", "publishedAt": "2020-03-17T17:31:46Z", "content": "China has given the go-ahead for researchers to begin human safety tests of an experimental coronavirus vaccine in the race to develop a shot against the COVID-19 epidemic that has killed more than 7,000 people worldwide. Researchers at Chinas Academy of Mili\u2026 [+1026 chars]"}, {"source": {"id": "the-hindu", "name": "The Hindu"}, "author": "Reuters", "title": "Philippines first country to suspend all financial markets as coronavirus spreads", "description": "Global markets are in meltdown as the pandemic spreads, with roughly $14 trillion in shareholder value erased and even safe assets such as gold have been sold to cover losses.", "url": "https://www.thehindu.com/news/international/philippines-first-country-to-suspend-all-financial-markets-as-coronavirus-spreads/article31088324.ece", "urlToImage": "https://www.thehindu.com/news/international/g27bxd/article31088335.ece/ALTERNATES/LANDSCAPE_615/GLOBAL-MARKETS", "publishedAt": "2020-03-17T03:00:40Z", "content": "The Philippine Stock Exchange closed indefinitely on Tuesday while currency and bond trading were suspended, the first market shutdowns worldwide in response to the coronavirus, with authorities citing risks to the safety of traders.\r\nThe shutdown comes after\u2026 [+2762 chars]"}, {"source": {"id": "the-hindu", "name": "The Hindu"}, "author": "Bindu Shajan Perappadan", "title": "Conduct coronavirus test for free, ICMR urges private labs", "description": "The Council says it is pressing into action two rapid-testing units at Odisha and Noida which can test 1,400 samples a day.", "url": "https://www.thehindu.com/sci-tech/health/conduct-coronavirus-test-for-free-icmr-urges-private-labs/article31093045.ece", "urlToImage": "https://www.thehindu.com/static/theme/default/base/img/og-image.jpg", "publishedAt": "2020-03-17T16:46:33Z", "content": "The Union Health Ministry has made it mandatory for private institutions to notify coronavirus (COVID-19) patients while the Indian Council of Medical Research (ICMR) has appealed to private labs which have approached them to offer the test for free.\r\nState H\u2026 [+2082 chars]"}, {"source": {"id": "the-hindu", "name": "The Hindu"}, "author": "Vignesh Radhakrishnan, Sumant Sen", "title": "Data | 5,680 flights cancelled: Coronavirus impact on global air travel", "description": "Close to 70% of departures from and arrivals to Rome international airport were cancelled this week", "url": "https://www.thehindu.com/data/data-5680-flights-cancelled-coronavirus-impact-on-global-air-travel/article31094441.ece", "urlToImage": "https://www.thehindu.com/news/cities/mumbai/5g11xa/article31071165.ece/ALTERNATES/LANDSCAPE_615/15BMAIRPORT", "publishedAt": "2020-03-17T20:17:40Z", "content": "Close to 5,680 planned flights which were supposed to either depart from or arrive at 10 foreign airports this week were cancelled mostly due to travel bans related to COVID-19. Airports in Italy and South Korea are the most affected, while the ones in India \u2026 [+3043 chars]"}, {"source": {"id": "the-hindu", "name": "The Hindu"}, "author": "Special Correspondent", "title": "Coronavirus casts shadow on Bodoland council polls", "description": "\u201cOur feedback is that there is no threat of the virus in the BTC areas, as people from outside are not involved in campaigns,\u201d Assam\u2019s Social Welfare Minister Pramila Rani Brahma told The Hindu.", "url": "https://www.thehindu.com/news/national/coronavirus-casts-shadow-on-bodoland-council-polls/article31092844.ece", "urlToImage": "https://www.thehindu.com/news/national/4vxd46/article31092843.ece/ALTERNATES/LANDSCAPE_615/US-CHINA-VIRUS-HEALTH", "publishedAt": "2020-03-17T16:13:40Z", "content": "The Assam governments decision to restrict large gatherings as a precaution against the COVID-19 causing coronavirus may cast a shadow on the Bodoland Territorial Council (BTC) elections scheduled for April 4.\r\nMost of the candidates have filed their nominati\u2026 [+2341 chars]"}, {"source": {"id": "the-hindu", "name": "The Hindu"}, "author": "AFP", "title": "Japan Olympic panel official has coronavirus", "description": "\u201cToday, my test result showed positive for the new coronavirus,\u201d Tashima said in a statement", "url": "https://www.thehindu.com/sport/other-sports/japan-olympic-panel-official-has-coronavirus/article31093033.ece", "urlToImage": "https://www.thehindu.com/sport/other-sports/rc4qyn/article31093032.ece/ALTERNATES/LANDSCAPE_615/TH18TASHIMA", "publishedAt": "2020-03-17T16:40:54Z", "content": "Japan Olympic Committee deputy chief Kozo Tashima said on Tuesday he had contracted coronavirus.\r\nToday, my test result showed positive for the new coronavirus, Tashima said in a statement, issued via the Japan Football Association, which he also heads.\r\nI ha\u2026 [+1576 chars]"}, {"source": {"id": "the-hindu", "name": "The Hindu"}, "author": "PTI", "title": "Coronavirus | Next couple of weeks crucial: Saina", "description": "Former World No. 1 K. Srikanth also took to twitter, urging people to help each other instead of panicking.", "url": "https://www.thehindu.com/sport/other-sports/coronavirus-next-couple-of-weeks-crucial-saina/article31092557.ece", "urlToImage": "https://www.thehindu.com/sport/other-sports/xbksij/article31092556.ece/ALTERNATES/LANDSCAPE_615/TH18SAINA", "publishedAt": "2020-03-17T15:45:35Z", "content": "India ace shuttler Saina Nehwal, on Monday, stressed on the importance of taking necessary precautions in the next two weeks to contain the spread of the novel coronavirus, which has created a global upheaval.\r\nLets be cautious and stay at home. These next co\u2026 [+303 chars]"}, {"source": {"id": "the-hindu", "name": "The Hindu"}, "author": "Shiv Sahay Singh", "title": "Coronavirus | West Bengal reports first case", "description": "The student has been kept under isolation at Infectious Disease, Hospital Beleghta in Kolkata.", "url": "https://www.thehindu.com/news/national/other-states/coronavirus-west-bengal-reports-first-case/article31093265.ece", "urlToImage": "https://www.thehindu.com/news/cities/kolkata/c59uej/article31093266.ece/ALTERNATES/LANDSCAPE_615/Infectious-Disease-and-Beliaghata-General-Hospitaljpg", "publishedAt": "2020-03-17T17:05:04Z", "content": "West Bengal has reported its first positive case of coronavirus as a student who returned from United Kingdom tested positive.\r\nSenior officials of the State government said that the student has been kept under isolation at Infectious Disease, Hospital Belegh\u2026 [+622 chars]"}, {"source": {"id": "the-hindu", "name": "The Hindu"}, "author": "PTI", "title": "Coronavirus | Ford asks 10,000 employees in India to work from home", "description": "Volvo Car India and Tata Motors too have announced work from home as a safety measure for its employees due to the rising number of coronavirus infections in India", "url": "https://www.thehindu.com/business/Industry/coronavirus-ford-asks-10000-employees-in-india-to-work-from-home/article31089427.ece", "urlToImage": "https://www.thehindu.com/business/Industry/78spl7/article31089426.ece/ALTERNATES/LANDSCAPE_615/CORONAVIRUS", "publishedAt": "2020-03-17T07:46:59Z", "content": "In wake of the coronavirus pandemic, U.S. auto major Ford has asked 10,000 employees in India, except those in business-critical roles, to work from home, a step which has also been taken up by Swedish luxury car maker Volvo.\r\nA Ford India spokesperson said, \u2026 [+2114 chars]"}, {"source": {"id": "the-hindu", "name": "The Hindu"}, "author": "PTI", "title": "Ashok Gehlot holds all-party meet to discuss coronavirus threat", "description": "The Chief Minister of Rajasthan said, \u201cIt is our collective responsibility to ensure people are aware, prepared and that everybody takes precautions, he said.", "url": "https://www.thehindu.com/news/national/other-states/ashok-gehlot-holds-all-party-meet-to-discuss-coronavirus-threat/article31091445.ece", "urlToImage": "https://www.thehindu.com/news/national/pva2pd/article31042676.ece/ALTERNATES/LANDSCAPE_615/TH12GEHLOT", "publishedAt": "2020-03-17T13:29:40Z", "content": "Rajasthan Chief Minister Ashok Gehlot on Tuesday held an all-party meeting to discuss the threat of the coronavirus (COVID-19) spread and devise ways and means to tackle it.\r\nState Helpline numbers | A map of confirmed cases in India\r\n Holding all-party meeti\u2026 [+888 chars]"}, {"source": {"id": "the-hindu", "name": "The Hindu"}, "author": "Special Correspondent", "title": "Coronavirus | Efforts on to rescue 300 fishermen stranded in Iran", "description": "Many of those stuck are from Tamil Nadu", "url": "https://www.thehindu.com/news/national/tamil-nadu/coronavirus-efforts-on-to-rescue-300-fishermen-stranded-in-iran/article31095990.ece", "urlToImage": "https://www.thehindu.com/static/theme/default/base/img/og-image.jpg", "publishedAt": "2020-03-17T23:26:13Z", "content": "The State government is making efforts on a war-footing to bring back around 300 Indian fishermen, including many from T.N., who are currently stranded in Iran, where air transport has been disrupted due to the COVID-19 threat, Fisheries Minister D. Jayakumar\u2026 [+559 chars]"}, {"source": {"id": "the-hindu", "name": "The Hindu"}, "author": "Bindu Shajan Perappadan", "title": "Air pollution may further impact coronavirus patients: doctors", "description": "Those in polluted regions and with compromised lung function should take extra care, they say.", "url": "https://www.thehindu.com/sci-tech/health/air-pollution-may-further-impact-coronavirus-patients-doctors/article31092789.ece", "urlToImage": "https://www.thehindu.com/news/cities/Delhi/yihlda/article31092878.ece/ALTERNATES/LANDSCAPE_615/POLLUTION", "publishedAt": "2020-03-17T16:10:07Z", "content": "A collective of doctors working on health impacts of air pollution has warned that people living regions with high levels of air pollution and with compromised lung function could be more vulnerable to coronavirus (COVID-19). \r\nState Helpline numbers | A map \u2026 [+3163 chars]"}, {"source": {"id": "the-hindu", "name": "The Hindu"}, "author": "Special Correspondent", "title": "Coronavirus | Punjab government orders closure of malls, weekly kisan mandis", "description": "State asks School Education department to postpone exams", "url": "https://www.thehindu.com/news/national/other-states/coronavirus-punjab-government-orders-closure-of-malls-weekly-kisan-mandis/article31094812.ece", "urlToImage": "https://www.thehindu.com/static/theme/default/base/img/og-image.jpg", "publishedAt": "2020-03-17T21:49:24Z", "content": "In a bid to prohibit public gathering in the wake of COVID-19 scare, the Punjab government on Tuesday issued directions to close down all shopping complexes, malls, museums, local weekly kisan mandis till March 31.\r\nAn advisory has been issued to all religiou\u2026 [+1593 chars]"}, {"source": {"id": "the-hindu", "name": "The Hindu"}, "author": "AFP", "title": "Coronavirus | UEFA postpones Euro 2020 by a year", "description": "UEFA said the new proposed dates for the tournament were June 11 to July 11 next year, as Euro 2020 becomes Euro 2021.", "url": "https://www.thehindu.com/sport/football/coronavirus-uefa-postpones-euro-2020-by-a-year/article31092364.ece", "urlToImage": "https://www.thehindu.com/sport/football/k5xd7p/article31092363.ece/ALTERNATES/LANDSCAPE_615/UEFA", "publishedAt": "2020-03-17T15:24:00Z", "content": "The European championship, due to be played in June and July this year, has been postponed until 2021 because of the coronavirus pandemic, European football's governing body UEFA said on Tuesday.\r\nAlso read: Copa America postponed to 2021, says CONMEBOL\r\nUEFA\u2026 [+4245 chars]"}, {"source": {"id": "the-hindu", "name": "The Hindu"}, "author": "The Hindu Net Desk", "title": "Coronavirus live updates | India bans entry from EU, U.K", "description": "As of March 16, the WHO has reported 168,019 confirmed cases of COVID-19 and 6,610 deaths worldwide.", "url": "https://www.thehindu.com/news/national/coronavirus-live-updates-march-17-2020/article31088570.ece", "urlToImage": "https://www.thehindu.com/news/cities/mumbai/abep34/article31071165.ece/ALTERNATES/LANDSCAPE_615/15BMAIRPORT", "publishedAt": "2020-03-17T04:08:56Z", "content": "As world continues to grapple with the coronavirus pandemic, the Union Health Ministry on Monday evening said there were 114 confirmed cases of\u00a0COVID-19\u00a0in India. Reports from States, however, put the figure of persons testing positive for COVID-19 at 123. Th\u2026 [+5218 chars]"}, {"source": {"id": "the-hindu", "name": "The Hindu"}, "author": "PTI", "title": "\u2018Game of Thrones\u2019 star Kristofer Hivju tests positive for coronavirus", "description": "Actor joins Idris Elba, Tom Hanks, Rita Wilson and former Bond girl Olga Kurylenko among celebrities, who tested positive for coronavirus", "url": "https://www.thehindu.com/entertainment/movies/game-of-thrones-star-kristofer-hivju-tests-positive-for-coronavirus/article31089488.ece", "urlToImage": "https://www.thehindu.com/entertainment/movies/r0kk6z/article31089487.ece/ALTERNATES/LANDSCAPE_615/Kristofer-Hivju", "publishedAt": "2020-03-17T08:00:35Z", "content": "Game of Thrones star Kristofer Hivju has revealed that he tested positive for the coronavirus.\r\n The Norwegian actor, who played Tormund Giantsbane in HBOs epic fantasy series, took to Instagram on Monday to share his diagnosis.\r\n Though in good health, Hivju\u2026 [+1181 chars]"}, {"source": {"id": "the-hindu", "name": "The Hindu"}, "author": "Sharad Vyas", "title": "Coronavirus | Corporate and industry leaders urged to support daily wagers", "description": "Health Minister asks corporate firms to protect interests of contract labourers amid economic turmoil", "url": "https://www.thehindu.com/news/cities/mumbai/coronavirus-corporate-and-industry-leaders-urged-to-support-daily-wagers/article31094381.ece", "urlToImage": "https://www.thehindu.com/news/cities/mumbai/ylks9w/article31094380.ece/ALTERNATES/LANDSCAPE_615/18BMHealth-meet", "publishedAt": "2020-03-17T22:53:19Z", "content": "The State government on Tuesday urged top corporate and industry leaders to protect the interests of contract labourers and daily wage workers amid the economic turbulence caused by the novel coronavirus outbreak. \r\nHealth Minister Rajesh Tope directed repres\u2026 [+1769 chars]"}, {"source": {"id": "the-hindu", "name": "The Hindu"}, "author": "PTI", "title": "Coronavirus | Union Health Ministry recommends anti-HIV drugs", "description": "This combination of drugs was given for the first time to an elderly Italian couple currently undergoing treatment for COVID-19 at the SMS hospital in Jaipur.", "url": "https://www.thehindu.com/sci-tech/health/coronavirus-union-health-ministry-recommends-anti-hiv-drugs/article31094466.ece", "urlToImage": "https://www.thehindu.com/sci-tech/health/88a5ei/article31094465.ece/ALTERNATES/LANDSCAPE_615/Mask-Gandhi", "publishedAt": "2020-03-17T20:22:00Z", "content": "The Union Health Ministry has recommended use of anti-HIV drug combinations Lopinavir and Ritonavir on a case-to-case basis depending upon the severity of the condition of a person having coronavirus infection.\r\nIn its revised guidelines on the Clinical Manag\u2026 [+3696 chars]"}, {"source": {"id": "the-hindu", "name": "The Hindu"}, "author": "Jacob Koshy", "title": "Coronavirus | Two indigenous tests for detection being tested", "description": "To accelerate development of drugs and diagnostics, the government will be forming a Rapid Response Regulatory Framework to rapidly evaluate potential diagnostic kits and vaccines against COVID-19.", "url": "https://www.thehindu.com/sci-tech/health/two-indigenous-tests-for-detecting-coronavirus-being-tested/article31093316.ece", "urlToImage": "https://www.thehindu.com/news/national/other-states/czw2r3/article31093372.ece/ALTERNATES/LANDSCAPE_615/17IN-IRAQ", "publishedAt": "2020-03-17T20:28:04Z", "content": "Two diagnostic tests for coronavirus (COVID-19) the first to be developed entirely in India are currently being evaluated by the National Institute of Virology (NIV) in Pune, a senior official in the Department of Biotechnology told The Hindu.\r\nThe NIV is in \u2026 [+1918 chars]"}, {"source": {"id": "the-hindu", "name": "The Hindu"}, "author": "PTI", "title": "Coronavirus | All national camps, except those preparing for Olympics, postponed: Rijiju", "description": "Sports Minister Kiren Rijiju said the academic training at the National Centre of Excellence and Sports Authority of India Centres will also be suspended.", "url": "https://www.thehindu.com/sport/coronavirus-all-national-camps-except-those-preparing-for-olympics-postponed-rijiju/article31091168.ece", "urlToImage": "https://www.thehindu.com/sport/athletics/6vsjdn/article30989926.ece/ALTERNATES/LANDSCAPE_615/RIJIJU", "publishedAt": "2020-03-17T12:45:06Z", "content": "All national camps, except for those where athletes are preparing for the upcoming Tokyo Olympics, were on Tuesday postponed until further order in view of the COVID-19 pandemic.\r\n Sports Minister Kiren Rijiju said the academic training at the National Centre\u2026 [+2229 chars]"}, {"source": {"id": "the-hindu", "name": "The Hindu"}, "author": "Staff Reporter", "title": "Coronavirus| Mumbai Corporation begins stamping hands of those under home quarantine", "description": "As many as 528 have been advised home quarantine", "url": "https://www.thehindu.com/news/cities/mumbai/covid-19-mumbai-corporation-begins-stamping-hands-of-those-under-home-quarantine/article31089073.ece", "urlToImage": "https://www.thehindu.com/news/cities/mumbai/xr7yz1/article31089072.ece/ALTERNATES/LANDSCAPE_615/mumbai-quarantine-stamp", "publishedAt": "2020-03-17T06:19:45Z", "content": "The Brihanmumbai Municipal Corporation (BMC) has started stamping the hands of those advised to undergo home quarantine for Covid-19 to prevent them from mingling in public.\r\nAs on March 15, 528 persons had been advised self-quarantine. These are people who d\u2026 [+885 chars]"}, {"source": {"id": "the-hindu", "name": "The Hindu"}, "author": "Reuters", "title": "In bid to slow coronavirus, Canada shuts borders to foreign nationals", "description": "Trudeau urged people to stay home and restrict contact with others", "url": "https://www.thehindu.com/news/international/in-bid-to-slow-coronavirus-canada-shuts-borders-to-foreign-nationals/article31088039.ece", "urlToImage": "https://www.thehindu.com/news/international/j70wmh/article31088038.ece/ALTERNATES/LANDSCAPE_615/VIRUSOUTBREAKCANADA", "publishedAt": "2020-03-17T01:17:09Z", "content": "Canada closed its borders to all foreign nationals except U.S. citizens and permanent residents on March 16, with Prime Minister Justin Trudeau urging people to limit social contact to stem the spread of COVID-19.\r\nSeveral other countries have taken the same \u2026 [+2907 chars]"}, {"source": {"id": "the-hindu", "name": "The Hindu"}, "author": "PTI", "title": "Coronavirus | FIR filed after Pune police get false info on \u2018patient\u2019", "description": "Perpetrator messaged divisional commissioner", "url": "https://www.thehindu.com/news/cities/mumbai/coronavirus-fir-filed-after-pune-police-get-false-info-on-patient/article31087973.ece", "urlToImage": "https://www.thehindu.com/static/theme/default/base/img/og-image.jpg", "publishedAt": "2020-03-17T02:09:35Z", "content": "The Pune Police on Monday filed a case against an unidentified person for spreading false information regarding the novel coronavirus infection.\r\nThe person sent messages to Pune Divisional Commissioner Dr. Deepak Mhaisekar claiming that a person tested posit\u2026 [+340 chars]"}, {"source": {"id": "the-hindu", "name": "The Hindu"}, "author": "R. Prasad", "title": "Coronavirus | Undetected cases drive spread in community, say researchers", "description": "These cases can expose a large population to the virus than would otherwise occur", "url": "https://www.thehindu.com/sci-tech/science/coronavirus-undetected-cases-drive-spread-in-community-say-researchers/article31089707.ece", "urlToImage": "https://www.thehindu.com/news/international/by4wra/article31007088.ece/ALTERNATES/LANDSCAPE_615/Coronavirus-China", "publishedAt": "2020-03-17T09:02:17Z", "content": "Eighty-six percent of people in China who were infected with novel coronavirus (SARS-CoV-2) were not tested in the two-week period before travel restrictions came into force on January 23 in Wuhan and other cities. And these undetected cases contributed to th\u2026 [+2975 chars]"}, {"source": {"id": "the-hindu", "name": "The Hindu"}, "author": "The Hindu Net Desk", "title": "Coronavirus | A complete list of travel advisories issued by the Union Health Ministry", "description": "A list of travel advisories issued by the Ministry of Health and Family Welfare of India to check the spread of coronavirus pandemic in the country", "url": "https://www.thehindu.com/news/national/coronavirus-travel-advisories-issued-by-union-health-ministry/article31089582.ece", "urlToImage": "https://www.thehindu.com/news/national/7p7owk/article31089667.ece/ALTERNATES/LANDSCAPE_615/airportcovid19jpg", "publishedAt": "2020-03-17T09:03:47Z", "content": "In the wake of coronavirus pandemic, India has been taking strict precautionary measures to check the spread of the pandemic in the country.\r\nThe Ministry of Health and Family Welfare has put up several travel advisory. The land borders of the country has als\u2026 [+3454 chars]"}, {"source": {"id": "the-hindu", "name": "The Hindu"}, "author": "PTI", "title": "Coronavirus | U.S. begins clinical trial of investigational vaccine for coronavirus", "description": "The trial began at the Kaiser Permanente Washington Health Research Institute (KPWHRI) in Seattle as the first participant received the investigational vaccine.", "url": "https://www.thehindu.com/news/international/coronavirus-us-begins-clinical-trial-of-investigational-vaccine-for-coronavirus/article31088464.ece", "urlToImage": "https://www.thehindu.com/news/international/efzucn/article31088487.ece/ALTERNATES/LANDSCAPE_615/VIRUSOUTBREAKVACCINEVOLUNTEERS", "publishedAt": "2020-03-17T03:50:47Z", "content": "Supported by a global coalition founded by India and Norway, the US has begun the phase one clinical trial of an investigational vaccine designed to protect against the coronavirus disease which has claimed the lives of over 7,000 people globally.\r\nThe trial \u2026 [+4995 chars]"}, {"source": {"id": "the-hindu", "name": "The Hindu"}, "author": "PTI", "title": "Coronavirus to hit movement-driven sectors, disrupt supply chains: Moody\u2019s", "description": "Global automakers are also under great pressure because of their reliance on international supply chains, while gaming and non-food retail in certain regions are also exposed to supply chain disruptions, and the inevitable decline in foot traffic", "url": "https://www.thehindu.com/business/coronavirus-to-hit-movement-driven-sectors-disrupt-supply-chains-moodys/article31089787.ece", "urlToImage": "https://www.thehindu.com/business/b69w8a/article31089786.ece/ALTERNATES/LANDSCAPE_615/MOODYS", "publishedAt": "2020-03-17T09:16:40Z", "content": "Moodys Investors Service has said that global spread of new coronavirus (COVID-19) will significantly slow economic growth, which will in turn amplify its financial impact on several key free movement-driven sectors.\r\nSectors reliant on trade and the free mov\u2026 [+1530 chars]"}, {"source": {"id": "the-hindu", "name": "The Hindu"}, "author": "Tanvi Deshpande", "title": "Coronavirus | Maharashtra government orders epidemiological study", "description": "JJ Hospital, BJ Medical College, Nagpur Medical College to submit report", "url": "https://www.thehindu.com/news/cities/mumbai/coronavirus-maharashtra-government-orders-epidemiological-study/article31094717.ece", "urlToImage": "https://www.thehindu.com/news/cities/mumbai/m7josg/article31094736.ece/ALTERNATES/LANDSCAPE_615/18BM--FAMILY", "publishedAt": "2020-03-17T22:46:21Z", "content": "The Maharashtra government has asked JJ Hospital, BJ Medical College in Pune, and Nagpur Medical College to conduct an epidemiological study of novel coronavirus (COVID-19) and submit a report. It claims that every government medical college in the State is n\u2026 [+1225 chars]"}, {"source": {"id": "the-hindu", "name": "The Hindu"}, "author": "Tadi Vidura", "title": "Coronavirus checkposts come up in Kurnool district", "description": "Visitors to the Srisailam shrine to be screened at inter-State borders", "url": "https://www.thehindu.com/news/national/andhra-pradesh/coronavirus-checkposts-come-up-in-kurnool-district/article31093636.ece", "urlToImage": "https://www.thehindu.com/news/national/andhra-pradesh/2c1k8a/article31093635.ece/ALTERNATES/LANDSCAPE_615/18-VJ-COVIDCHECKPOST", "publishedAt": "2020-03-17T18:03:44Z", "content": "District authorities have set up seven inter-State checkposts along the borders of Karnataka and Telangana as a precautionary measure to stop the spread of COVID-19.\r\nOf the seven checkposts, five have been set up along the A.P.-Karnataka border while the oth\u2026 [+997 chars]"}, {"source": {"id": "the-hindu", "name": "The Hindu"}, "author": "Special Correspondent", "title": "Coronavirus | Tamil Nadu forms Special Task Force", "description": "Health Minister C. Vijayabaskar said a consultation through videoconferencing was held at Dr. MGR Medical University to obtain advice of internationally renowned experts.", "url": "https://www.thehindu.com/news/national/tamil-nadu/coronavirus-tamil-nadu-forms-special-task-force/article31094241.ece", "urlToImage": "https://www.thehindu.com/news/cities/chennai/kdzcyw/article31094240.ece/ALTERNATES/LANDSCAPE_615/18THRAILWAY", "publishedAt": "2020-03-17T20:36:18Z", "content": "Chief Minister Edappadi K. Palaniswami on Tuesday informed the Assembly that he had issued directions for the constitution of a Special Task Force under the leadership of the Chief Secretary to take action and monitor the steps being taken to tackle COVID-19 \u2026 [+1225 chars]"}, {"source": {"id": "the-hindu", "name": "The Hindu"}, "author": "AFP", "title": "Coronavirus | France locks down over pandemic fears", "description": "Macron asks the French to stay at home for 15 days; EU plans to ban non-essential travel to continent", "url": "https://www.thehindu.com/news/international/coronavirus-france-locks-down-over-pandemic-fears/article31093029.ece", "urlToImage": "https://www.thehindu.com/news/international/5h31fw/article31093027.ece/ALTERNATES/LANDSCAPE_615/thjc-Eiffel-3", "publishedAt": "2020-03-17T16:40:39Z", "content": "France moved into a near-total lockdown on Tuesday over fears of COVID-19 spread, the latest country to impose draconian restrictions affecting the lives of millions of people.\r\nEuropean leaders also plan to ban all non-essential travel into the continent on \u2026 [+2602 chars]"}, {"source": {"id": "the-hindu", "name": "The Hindu"}, "author": "AP", "title": "Coronavirus | Just one fresh case in Wuhan, says China", "description": "The update raised China\u2019s totals to 80,881 cases and 3,226 deaths.", "url": "https://www.thehindu.com/news/international/coronavirus-just-one-fresh-case-in-wuhan-says-china/article31093304.ece", "urlToImage": "https://www.thehindu.com/news/international/vjbwea/article31093303.ece/ALTERNATES/LANDSCAPE_615/HEALTH-CORONAVIRUSCHINA", "publishedAt": "2020-03-17T17:09:06Z", "content": "China on Tuesday reported 21 new cases of the virus, 20 of them imported. Just one new case was confirmed in Wuhan, the Hubei provincial capital, where the illness was first detected in late December. \r\nThe update raised Chinas totals to 80,881 cases and 3,22\u2026 [+344 chars]"}, {"source": {"id": "the-hindu", "name": "The Hindu"}, "author": "Gareema Bangad", "title": "Taxi, auto drivers bear the brunt of coronavirus fear", "description": "\u2018Business has dropped by 25%\u2019", "url": "https://www.thehindu.com/news/cities/mumbai/taxi-auto-drivers-bear-the-brunt-of-coronavirus-fear/article31094460.ece", "urlToImage": "https://www.thehindu.com/static/theme/default/base/img/og-image.jpg", "publishedAt": "2020-03-17T20:21:42Z", "content": "With the shutting down of schools, colleges and public places, the citys autorickshaws and cab drivers experienced a major slack in business over the last few days. \r\nSince beaches have shut, public travelling to such places has reduced by almost 50%. Even th\u2026 [+1812 chars]"}, {"source": {"id": "the-hindu", "name": "The Hindu"}, "author": "Jacob Koshy", "title": "Two indigenous tests for detecting coronavirus being tested", "description": "To accelerate development of drugs and diagnostics, the government will be forming a Rapid Response Regulatory Framework to rapidly evaluate potential diagnostic kits and vaccines against COVID-19.", "url": "https://www.thehindu.com/news/national/other-states/two-indigenous-tests-for-detecting-coronavirus-being-tested/article31093316.ece", "urlToImage": "https://www.thehindu.com/news/national/other-states/czw2r3/article31093372.ece/ALTERNATES/LANDSCAPE_615/17IN-IRAQ", "publishedAt": "2020-03-17T17:14:50Z", "content": "Two diagnostic tests for coronavirus (COVID-19) the first to be developed entirely in India are currently being evaluated by the National Institute of Virology (NIV) in Pune, a senior official in the Department of Biotechnology told The Hindu.\r\nThe NIV is in \u2026 [+1918 chars]"}, {"source": {"id": "the-hindu", "name": "The Hindu"}, "author": "Damini Nath", "title": "Coronavirus | AIADMK MP claims Siddha can prevent viral infections, bring dead back to life", "description": "She was speaking during the discussion on the National Commission for Indian System of Medicine Bill, 2019 and the National Commission for Homoeopathy Bill, 2019", "url": "https://www.thehindu.com/news/national/coronavirus-aiadmk-mp-claims-siddha-can-prevent-viral-infections-bring-dead-back-to-life/article31096150.ece", "urlToImage": "https://www.thehindu.com/news/national/7859h4/article31096149.ece/ALTERNATES/LANDSCAPE_615/PARLIAMENTWINTERSESSION", "publishedAt": "2020-03-17T23:47:42Z", "content": "At a time when the world is grappling with COVID-19, an MP on Tuesday claimed that medicinal herbs prescribed in the Siddha system of traditional medicine could keep all viral infections, including the pandemic, at bay. \r\nVijila Sathyanath of the AIADMK said \u2026 [+1019 chars]"}, {"source": {"id": "the-hindu", "name": "The Hindu"}, "author": "AFP", "title": "Coronavirus | Kevin Durant among Brooklyn Nets players diagnosed with COVID-19", "description": "\u201cEveryone be careful, take care of yourself and quarantine. We're going to get through this,\u201d Durant was quoted as saying.", "url": "https://www.thehindu.com/sport/other-sports/kevin-durant-among-brooklyn-nets-players-diagnosed-with-covid-19/article31095197.ece", "urlToImage": "https://www.thehindu.com/sport/other-sports/uayjnr/article31095196.ece/ALTERNATES/LANDSCAPE_615/FILES-BASKET-NBA-NETS-VIRUS-HEALTH", "publishedAt": "2020-03-17T22:17:45Z", "content": "Kevin Durant is reportedly among four Brooklyn Nets players who have tested positive for the new coronavirus and are in isolation.\r\nThe injured Durant, who has yet to play for the Nets since signing for the club last year, confirmed to The Athletic website he\u2026 [+2029 chars]"}, {"source": {"id": "the-hindu", "name": "The Hindu"}, "author": "Special Correspondent", "title": "Coronavirus | Rahul attacks govt, but Karti compliments it on COVID-19", "description": "Govt ill-prepared to deal with economic \u2018tsunami\u2019 that is going to be exacerbated because of COVID-19: Rahul", "url": "https://www.thehindu.com/news/national/coronavirus-rahul-attacks-govt-but-karti-compliments-it-on-covid-19/article31093023.ece", "urlToImage": "https://www.thehindu.com/news/national/iwzyld/article31093022.ece/ALTERNATES/LANDSCAPE_615/TH18KARTI", "publishedAt": "2020-03-17T16:39:31Z", "content": "Even as former Congress president Rahul Gandhi on Tuesday said in Delhi that the Narendra Modi government was ill-prepared to deal with the economic tsunami that is going to be exacerbated because of COVID-19, in the Lok Sabha, his party colleague Karti Chida\u2026 [+1494 chars]"}, {"source": {"id": "the-hindu", "name": "The Hindu"}, "author": "Special Correspondent", "title": "Coronavirus | Lower courts in Punjab, Haryana and Chandigarh to hear only urgent matters", "description": "HC order calls for precautionary measures to prevent the spread of coronavirus.", "url": "https://www.thehindu.com/news/national/other-states/coronavirus-lower-courts-in-punjab-haryana-and-chandigarh-to-hear-only-urgent-matters/article31091028.ece", "urlToImage": "https://www.thehindu.com/static/theme/default/base/img/og-image.jpg", "publishedAt": "2020-03-17T12:17:31Z", "content": "As a precautionary measure in the wake of coronavirus (COVID-19) pandemic, the Punjab and Haryana High Court on Tuesday directed all courts at the district and sub-divisional level in Punjab, Haryana and the Union Territory of Chandigarh to restrict their fun\u2026 [+1198 chars]"}, {"source": {"id": "the-hindu", "name": "The Hindu"}, "author": "Peerzada Ashiq", "title": "Coronavirus | 3 more COVID-19 cases in Ladakh, one more in J&K", "description": "Ladakh administration imposes Section 144", "url": "https://www.thehindu.com/news/national/other-states/coronavirus-3-more-covid-19-cases-in-ladakh-one-more-in-jk/article31096090.ece", "urlToImage": "https://www.thehindu.com/news/national/other-states/ct8hc9/article31096089.ece/ALTERNATES/LANDSCAPE_615/JampKCOVID19", "publishedAt": "2020-03-17T23:36:35Z", "content": "Three fresh cases of COVID-19 were confirmed by the Ladakh administration on Tuesday, taking the total number of cases to six in the sparsely populated cold desert region.\r\nThree more from Ladakh have tested positive. Two are from Leh district and one is from\u2026 [+1482 chars]"}, {"source": {"id": "the-hindu", "name": "The Hindu"}, "author": "Tanvi Deshpande", "title": "Coronavirus | Spas, clubs, pubs, discotheques, amusement parks to be closed in Mumbai", "description": "Spitting to incur an instant fine of \u20b91,000", "url": "https://www.thehindu.com/news/cities/mumbai/coronavirus-spas-clubs-pubs-discotheques-amusement-parks-to-be-closed-in-mumbai/article31094483.ece", "urlToImage": "https://www.thehindu.com/news/cities/mumbai/zayqot/article31094495.ece/ALTERNATES/LANDSCAPE_615/18BMBOATRIDE", "publishedAt": "2020-03-17T22:43:35Z", "content": "The Brihanmumbai Municipal Corporation on Tuesday ordered the closure of spas, clubs, discotheques, Sanjay Gandhi National Park, and amusement parks, apart from banning mass congregations. It has also asked private and public sector companies to encourage the\u2026 [+1833 chars]"}, {"source": {"id": "the-hindu", "name": "The Hindu"}, "author": "PTI", "title": "Coronavirus | Thought it was a joke, says Richardson", "description": "Briefly quarantined after having one of the symptoms, his test turned negative", "url": "https://www.thehindu.com/sport/cricket/coronavirus-thought-it-was-a-joke-says-richardson/article31092602.ece", "urlToImage": "https://www.thehindu.com/sport/cricket/vx8ueq/article31092601.ece/ALTERNATES/LANDSCAPE_615/TH18KANE", "publishedAt": "2020-03-17T15:49:41Z", "content": "Australian pacer Kane Richardson, quarantined briefly for suspected COVID-19 before being found negative, said he thought it was all a joke at first.\r\nI was at risk because Id travelled overseas within (the previous) two weeks and I had one of the four sympto\u2026 [+1379 chars]"}, {"source": {"id": "the-hindu", "name": "The Hindu"}, "author": "The Hindu Net Desk", "title": "Top stories of the day: Mumbai reports India\u2019s third coronavirus death, Supreme Court issues notice to Kamal Nath government on floor test, and more", "description": "The major news headlines of the day, and more.", "url": "https://www.thehindu.com/news/top-stories-of-march-17-2020-mumbai-reports-indias-third-coronavirus-death-supreme-court-issues-notice-to-kamal-nath-government-on-floor-test-and-more/article31091966.ece", "urlToImage": "https://www.thehindu.com/news/w7nz31/article31091965.ece/ALTERNATES/LANDSCAPE_615/Piazza-San-Silvestro", "publishedAt": "2020-03-17T14:18:30Z", "content": "The Mumbai patient with a travel history to Dubai is the first COVID-19 death in Maharashtra, which has the most number of coronavirus cases in the country. | Mumbai Corporation begins stamping hands of those under home quarantine | Day's updates\r\nA Bench of \u2026 [+1849 chars]"}, {"source": {"id": "the-hindu", "name": "The Hindu"}, "author": "Bindu Shajan Perappadan", "title": "Coronavirus | Air pollution may further impact patients, say doctors", "description": "Those in polluted regions and with compromised lung function should take extra care, they say.", "url": "https://www.thehindu.com/sci-tech/health/coronavirus-air-pollution-may-further-impact-patients-say-doctors/article31092789.ece", "urlToImage": "https://www.thehindu.com/news/cities/Delhi/yihlda/article31092878.ece/ALTERNATES/LANDSCAPE_615/POLLUTION", "publishedAt": "2020-03-17T17:44:46Z", "content": "A collective of doctors working on health impacts of air pollution has warned that people living regions with high levels of air pollution and with compromised lung function could be more vulnerable to coronavirus (COVID-19). \r\nState Helpline numbers | A map \u2026 [+3163 chars]"}, {"source": {"id": "the-hindu", "name": "The Hindu"}, "author": "Special Correspondent", "title": "Coronavirus | 24 under observation in isolation wards in Tamil Nadu", "description": "Passengers from 7 affected countries quarantined", "url": "https://www.thehindu.com/news/cities/chennai/coronavirus-24-under-observation-in-isolation-wards-in-tamil-nadu/article31094255.ece", "urlToImage": "https://www.thehindu.com/news/cities/chennai/d297hm/article31094254.ece/ALTERNATES/LANDSCAPE_615/18THHEALTH", "publishedAt": "2020-03-17T23:00:14Z", "content": "Twenty-four persons are under observation for symptoms of COVID-19 in isolation wards of government medical college hospitals, and a total of 2,635 persons are under home quarantine in the State, as per a bulletin issued by the Directorate of Public Health an\u2026 [+1460 chars]"}, {"source": {"id": "the-hindu", "name": "The Hindu"}, "author": "Special Correspondent", "title": "Coronavirus | Preventive measures in place in prisons across T.N.", "description": "Prisoners screened; temporary quarantine units created", "url": "https://www.thehindu.com/news/cities/chennai/coronavirus-preventive-measures-in-place-in-prisons-across-tn/article31094297.ece", "urlToImage": "https://www.thehindu.com/news/cities/chennai/c9fphz/article31094296.ece/ALTERNATES/LANDSCAPE_615/18THPRISON3", "publishedAt": "2020-03-17T23:06:03Z", "content": "The Prison Department has brought in a series of measures to prevent the spread of COVID-19 among its personnel and inmates in the State. \r\nPrisoners are properly screened at the time of admission. Those who have sore throat, cough, fever or cold are lodged s\u2026 [+1890 chars]"}, {"source": {"id": "the-hindu", "name": "The Hindu"}, "author": "Special Correspondent", "title": "Coronavirus | Delhi government begins disinfection drive for public vehicles", "description": "Certificate given to sanitised vehicles", "url": "https://www.thehindu.com/news/cities/Delhi/delhi-government-begins-disinfection-drive-for-public-vehicles/article31094200.ece", "urlToImage": "https://www.thehindu.com/news/cities/Delhi/re5o3o/article31094199.ece/ALTERNATES/LANDSCAPE_615/17DELPRIYAVEHICLEDISINFECTED", "publishedAt": "2020-03-17T22:33:05Z", "content": "The Delhi government on Tuesday began a disinfection drive for public service vehicles such as autorickshaws, gramin sewa, phat-phat sewa, maxi cab, eco-friendly sewa and others. The Delhi government said, 1,751 vehicles were sanitised in the first shift from\u2026 [+860 chars]"}, {"source": {"id": "the-hindu", "name": "The Hindu"}, "author": "Special Correspondent", "title": "Coronavirus | 51 private labs will soon be allowed to conduct tests", "description": "WHO prescription on tests not for India, says ICMR chief.", "url": "https://www.thehindu.com/sci-tech/health/coronavirus-51-private-labs-will-soon-be-allowed-to-conduct-tests/article31093721.ece", "urlToImage": "https://www.thehindu.com/sci-tech/health/gzgs7h/article31093720.ece/ALTERNATES/LANDSCAPE_615/17THBALRAM1", "publishedAt": "2020-03-17T18:16:54Z", "content": "The test, test, test prescription of the World Health Organisation (WHO) is not for India, Director-General of the Indian Council of Medical Research (ICMR) Balram Bhargava said on Tuesday, stressing that community transmission of COVID-19 has not yet occurre\u2026 [+3342 chars]"}, {"source": {"id": "the-hindu", "name": "The Hindu"}, "author": "Special Correspondent", "title": "Coronavirus | Crowds to be restricted in T. Nagar and other busy areas", "description": "Corporation to implement disinfection plan; action on shops which do not adhere to guidelines", "url": "https://www.thehindu.com/news/cities/chennai/coronavirus-crowds-to-be-restricted-in-t-nagar-and-other-busy-areas/article31094320.ece", "urlToImage": "https://www.thehindu.com/news/cities/chennai/bsyeqf/article31094318.ece/ALTERNATES/LANDSCAPE_615/18THTNAGAR1", "publishedAt": "2020-03-17T23:01:43Z", "content": "Entry of people to major shops in commercial areas such as T.Nagar, George Town, Purasawalkam and Velachery will be regulated to prevent the spread of COVID-19, as part of the disinfection plan.\r\nSpeaking to mediapersons on Tuesday, Municipal Administration M\u2026 [+1716 chars]"}, {"source": {"id": "the-hindu", "name": "The Hindu"}, "author": "\u200bSpecial Correspondent\u200b", "title": "Coronavirus | 2 new cases in Noida, chances of community transmission increased, says official", "description": "Both the patients are stable. One of them is Tamiflu, says medical officer", "url": "https://www.thehindu.com/news/national/coronavirus-2-new-cases-in-noida-chances-of-community-transmission-increased-says-official/article31092356.ece", "urlToImage": "https://www.thehindu.com/news/national/bz0p6s/article31091788.ece/ALTERNATES/LANDSCAPE_615/VBK-MUMBAI-CORONAVIRUS-REUTERS", "publishedAt": "2020-03-17T15:31:14Z", "content": "Two new cases of the COVID-19 came to light in Noida on Tuesday. One of them is a woman resident of Sector 100 and has a travel history of France. The other lives in Sector 78 and is a colleague of the senior executive of a leather factory in Greater Noida, w\u2026 [+1995 chars]"}, {"source": {"id": "the-hindu", "name": "The Hindu"}, "author": "Jaideep Deo Bhanj", "title": "Coronavirus | National Restaurant Association of India issues advisory to members to shut operations", "description": "National Restaurant Association of India issues advisory even as eateries in city record low footfall", "url": "https://www.thehindu.com/news/cities/Delhi/coronavirus-national-restaurant-association-of-india-issues-advisory-to-members-to-shut-operations/article31094167.ece", "urlToImage": "https://www.thehindu.com/news/cities/Delhi/prlh0g/article31094166.ece/ALTERNATES/LANDSCAPE_615/18DECOVIDD", "publishedAt": "2020-03-17T22:27:26Z", "content": "The National Restaurant Association of India (NRAI) has issued an advisory to all its members to shut down their restaurant operations from March 18-31, or till such a time when no new COVID-19 cases are reported. \r\nThis comes at a time when the hospitality i\u2026 [+3911 chars]"}]}