{"status": "ok", "totalResults": 82, "articles": [{"source": {"id": "the-hindu", "name": "The Hindu"}, "author": "Special Correspondent", "title": "Coronavirus lockdown: Hassan police draw flak", "description": "Hassan Police have come under severe criticism over the recent incident of assaulting a person, who was on the way to a clinic along with his son suffering from fever", "url": "https://www.thehindu.com/news/national/karnataka/coronavirus-lockdown-hassan-police-draw-flak/article31204236.ece", "urlToImage": "https://www.thehindu.com/static/theme/default/base/img/og-image.jpg", "publishedAt": "2020-03-30T07:16:04Z", "content": "Hassan Police have come under severe criticism over the recent incident of assaulting a person, who was on the way to a clinic along with his son suffering from fever, on charges of violating the lockdown regulations and attacking the police on duty.\r\nShabbir\u2026 [+1949 chars]"}, {"source": {"id": "the-hindu", "name": "The Hindu"}, "author": "Special Correspondent", "title": "Coronavirus: Milk procurement in Kerala likely to be affected", "description": "Large unsold quantities are being converted into milk powder in cooperative and privately-owned plants in Tamil Nadu which is now refusing to accept milk from Kerala", "url": "https://www.thehindu.com/news/national/kerala/coronavirus-milk-procurement-in-kerala-likely-to-be-affected/article31204982.ece", "urlToImage": "https://www.thehindu.com/news/national/kerala/fqulqe/article31204981.ece/ALTERNATES/LANDSCAPE_615/MILMAKB", "publishedAt": "2020-03-30T09:22:25Z", "content": "Milk procurement in the State is likely to be hit again with Tamil Nadu reportedly refusing to accept milk from Kerala citing COVID-19 concerns.\r\nA frantic Kerala Cooperative Milk Marketing Federation (Milma) has urged the State Government to take up the matt\u2026 [+1195 chars]"}, {"source": {"id": "the-hindu", "name": "The Hindu"}, "author": "Piyush Pandey", "title": "Coronavirus | L&T contributes \u20b9150 crore to PM-CARES Funds", "description": "Sets aside \u20b9500 crore per month to support contract workers by continuing to pay their wages during the ongoing lockdown and providing them with food and basic amenities at labour camps", "url": "https://www.thehindu.com/news/national/coronavirus-lt-contributes-150-crore-to-pm-cares-funds/article31204841.ece", "urlToImage": "https://www.thehindu.com/news/national/qfplwo/article31204840.ece/ALTERNATES/LANDSCAPE_615/NAIKKB", "publishedAt": "2020-03-30T08:59:38Z", "content": "Engineering and construction major Larsen &amp; Toubro (L&amp;T) has committed to donate 150 crore to PM-CARES Fund and participate in corporate Indias response to COVID-19 through funds, community welfare plans and through leveraging its expertise to offer a\u2026 [+1671 chars]"}, {"source": {"id": "the-hindu", "name": "The Hindu"}, "author": "Mohammed Iqbal", "title": "Coronavirus | Bhilwara readies quarantine facilities after massive screening", "description": "The industrial hub has so far reported 26 COVID-19 positive cases, which comprise about half the State\u2019s tally of patients.", "url": "https://www.thehindu.com/news/national/other-states/coronavirus-bhilwara-readies-quarantine-facilities-after-massive-screening/article31211421.ece", "urlToImage": "https://www.thehindu.com/news/national/other-states/6f3hss/article31211420.ece/ALTERNATES/LANDSCAPE_615/30TH-THGRP-BHILWARA", "publishedAt": "2020-03-30T17:08:13Z", "content": "After screening as many as 24 lakh people for coronavirus (COVID-19) symptoms by deploying 650 teams of health workers over a nine-day period, the administration in Rajasthans Bhilwara district has readied facilities to quarantine 15,000 persons to meet an em\u2026 [+2349 chars]"}, {"source": {"id": "the-hindu", "name": "The Hindu"}, "author": "Devesh K. Pandey", "title": "Coronavirus | Close to 90,000 register with NDMA as volunteers", "description": "Close to 90,000 individuals and over 3,700 organisations have so far registered with the Prime Minister Narendra Modi-led National Disaster Management Authority (NDMA) for the fight against Covid-19.W", "url": "https://www.thehindu.com/news/national/coronavirus-close-to-90000-register-with-ndma-as-volunteers/article31212933.ece", "urlToImage": "https://www.thehindu.com/static/theme/default/base/img/og-image.jpg", "publishedAt": "2020-03-30T19:40:33Z", "content": "Close to 90,000 individuals and over 3,700 organisations have so far registered with the Prime Minister Narendra Modi-led National Disaster Management Authority (NDMA) for the fight against Covid-19.\r\nWhile 366 donation requests were initiated by 7-30 p.m. on\u2026 [+831 chars]"}, {"source": {"id": "the-hindu", "name": "The Hindu"}, "author": "Special Correspondent", "title": "Coronavirus | Telecom operators extend validity of prepaid packs", "description": "The two state owned telcos \u2014 BSNL and MTNL, on Monday extended the validity of their prepaid packs and committed to credit additional talk time of \u20b910 to such accounts amid the 21-day lockdown.", "url": "https://www.thehindu.com/news/national/coronavirus-telecom-operators-extend-validity-of-prepaid-packs/article31212683.ece", "urlToImage": "https://www.thehindu.com/static/theme/default/base/img/og-image.jpg", "publishedAt": "2020-03-30T18:36:05Z", "content": "In a move that will benefit nearly 20 crore mobile users in the country, including those in low-income groups, Bharti Airtel, along with the two state owned telcos BSNL and MTNL, on Monday extended the validity of their prepaid packs and committed to credit a\u2026 [+1486 chars]"}, {"source": {"id": "the-hindu", "name": "The Hindu"}, "author": "PTI", "title": "Coronavirus | Yogi Adityanath reaches Gautam Buddh Nagar in Uttar Pradesh", "description": "The Chief Minister visited the area to take stock of the situation in the district due to the coronavirus outbreak and preparedness to deal with the situation.", "url": "https://www.thehindu.com/news/national/other-states/coronavirus-yogi-adityanath-reaches-gautam-buddh-nagar-in-uttar-pradesh/article31207297.ece", "urlToImage": "https://www.thehindu.com/news/national/other-states/pkdbwt/article31207296.ece/ALTERNATES/LANDSCAPE_615/30IN-VIRUS", "publishedAt": "2020-03-30T12:10:22Z", "content": "Uttar Pradesh Chief Minister Yogi Adityanath arrived in Nodia on Monday to take stock of the situation in Gautam Buddh Nagar, which has so far recorded 32 positive cases of coronavirus (COVID-19), the highest for any district in the State, officials said.\r\nSt\u2026 [+524 chars]"}, {"source": {"id": "the-hindu", "name": "The Hindu"}, "author": "Special Correspondent", "title": "Coronavirus outbreak | Pitch in, PM Modi tells social welfare organisations", "description": "Holds videoconference with them on steps to fight COVID-19", "url": "https://www.thehindu.com/news/national/coronavirus-outbreak-pitch-in-pm-modi-tells-social-welfare-organisations/article31210573.ece", "urlToImage": "https://www.thehindu.com/news/national/gbxem6/article31210572.ece/ALTERNATES/LANDSCAPE_615/VBK-MODI-VIDEOCONFERENCING-PTI", "publishedAt": "2020-03-30T15:36:07Z", "content": "Keeping with his series of interactions with all stakeholders in the fight against COVID-19, Prime Minister Narendra Modi on Monday met leaders of social welfare organisations via videoconferencing. \r\nAlso read | Narendra Modi shares fitness routine, yoga vid\u2026 [+1208 chars]"}, {"source": {"id": "the-hindu", "name": "The Hindu"}, "author": "Jagriti Chandra", "title": "Coronavirus | Vistara passenger tests positive after Mumbai-Goa flight", "description": "The DHS has issued a public appeal request to all passengers on the Vistara flight (March 22 from Mumbai to Goa) to report on Helpline 104 or 0832-2421810 or 2225538 or report to the nearest health centre.", "url": "https://www.thehindu.com/news/national/coronavirus-vistara-passenger-tests-positive-after-mumbai-goa-flight/article31207403.ece", "urlToImage": "https://www.thehindu.com/news/national/12hehv/article31207402.ece/ALTERNATES/LANDSCAPE_615/VISTARAKB", "publishedAt": "2020-03-30T12:17:22Z", "content": "NEW DELHI A passenger who took a Vistara flight on March 22 tested positive for COVID-19 in Goa, following which the local health department has appealed to the public to report themselves to the helpline or to the nearest health centre.\r\nThe said passenger t\u2026 [+570 chars]"}, {"source": {"id": "the-hindu", "name": "The Hindu"}, "author": "Special Correspondent", "title": "Coronavirus | Allow movement of migrant workers, says Manish Tewari", "description": "The problem, he said, is not Delhi-centric and that the workers across the country are clamouring to get back to the safety of their communities, the Congress MP.", "url": "https://www.thehindu.com/news/national/coronavirus-allow-movement-of-migrant-workers-says-manish-tewari/article31212942.ece", "urlToImage": "https://www.thehindu.com/static/theme/default/base/img/og-image.jpg", "publishedAt": "2020-03-30T19:44:03Z", "content": "Congress MP Manish Tewari has urged Prime Minister Narendra Modi that the movement of the migrant workers, who are headed home due to the ongoing lockdown, should not be curtailed, instead it should be facilitated and the workers can be quarantined at their d\u2026 [+761 chars]"}, {"source": {"id": "the-hindu", "name": "The Hindu"}, "author": "Special Correspondent", "title": "Coronavirus | U.S. cancels Red Flag air exercise", "description": "The Indian Air Force (IAF) was to take part in the exercise with its Sukhoi Su-30 fighter jets, defence sources said.", "url": "https://www.thehindu.com/news/international/coronavirus-us-cancels-red-flag-air-exercise/article31201649.ece", "urlToImage": "https://www.thehindu.com/static/theme/default/base/img/og-image.jpg", "publishedAt": "2020-03-30T02:39:18Z", "content": "The U.S. Air Force has cancelled Phase-I of its flagship multilateral air exercise, Red Flag, scheduled in Alaska from April 30. \r\nThe Indian Air Force (IAF) was to take part in the exercise with its Sukhoi Su-30 fighter jets, defence sources said.\r\nWe got co\u2026 [+835 chars]"}, {"source": {"id": "the-hindu", "name": "The Hindu"}, "author": "AFP", "title": "Coronavirus | Global lockdown tightens as deaths mount", "description": "World leaders \u2014 several of whom have been stricken or forced into isolation \u2014 are still grappling for ways to deal with a crisis that will have economic and social shockwaves unseen since World War II.", "url": "https://www.thehindu.com/news/international/coronavirus-global-lockdown-tightens-as-deaths-mount/article31213863.ece", "urlToImage": "https://www.thehindu.com/incoming/dr16ck/article31213878.ece/ALTERNATES/LANDSCAPE_615/0001QA2ZAjpg", "publishedAt": "2020-03-30T22:58:42Z", "content": "Harsh lockdowns aimed at halting the march of the coronavirus extended worldwide Monday as the death toll soared past 35,000 and new waves of U.S. outbreaks pushed the nations containment efforts to the brink.\r\nAlso read |Five members of U.S. Congress test po\u2026 [+5363 chars]"}, {"source": {"id": "the-hindu", "name": "The Hindu"}, "author": "Reuters", "title": "Iran reports 117 new coronavirus deaths, toll at 2757", "description": "Country plans tougher curbs on movement", "url": "https://www.thehindu.com/news/international/iran-reports-117-new-coronavirus-deaths-toll-at-2757/article31207609.ece", "urlToImage": "https://www.thehindu.com/news/international/616m6x/article31207608.ece/ALTERNATES/LANDSCAPE_615/IRANKB", "publishedAt": "2020-03-30T12:34:56Z", "content": "Iran had 117 new COVID-19 deaths in the last 24 hours, bringing the total to 2,757, a health ministry spokesman said on Monday, prompting the Middle East's worst-hit country to consider tougher curbs on movement.\r\nThe total number of infections climbed to 41,\u2026 [+1441 chars]"}, {"source": {"id": "the-hindu", "name": "The Hindu"}, "author": "Reuters", "title": "Coronavirus | Five members of U.S. Congress test positive", "description": "An estimated 230 House members returned to Washington to pass the $2.2 trillion Economic Relief Bill despite the health risks of travelling and gathering at the Capitol.", "url": "https://www.thehindu.com/news/international/coronavirus-five-members-of-us-congress-test-positive/article31213004.ece", "urlToImage": "https://www.thehindu.com/incoming/ks3pdz/article31213005.ece/ALTERNATES/LANDSCAPE_615/0001Q6553jpg", "publishedAt": "2020-03-30T20:21:25Z", "content": "Six members of the U.S. Congress have announced that they have contracted the novel coronavirus, and more than 30 others are or were self-quarantining in hopes of limiting the spread of the pandemic.\r\nAlso read |New York State surpasses 1,000 deaths\r\nNow that\u2026 [+3091 chars]"}, {"source": {"id": "the-hindu", "name": "The Hindu"}, "author": "PTI", "title": "Coronavirus: China reports 4 deaths, 31 new cases", "description": "The four deaths were reported from the virus epicentre Hubei province", "url": "https://www.thehindu.com/news/international/coronavirus-china-reports-4-deaths-31-new-cases/article31203265.ece", "urlToImage": "https://www.thehindu.com/news/international/lmvq9r/article31203264.ece/ALTERNATES/LANDSCAPE_615/THAVDWUHAN", "publishedAt": "2020-03-30T03:44:37Z", "content": "China has reported 31 new cases of coronavirus including 30 imported ones while the death toll reached 3,304 with four more fatalities, health officials said on Monday.\r\n The countrys National Health Commission (NHC) in its daily report said 31 new confirmed \u2026 [+1723 chars]"}, {"source": {"id": "the-hindu", "name": "The Hindu"}, "author": "Meera Srinivasan", "title": "Coronavirus | Opposition urges Sri Lankan govt. to reconvene Parliament", "description": "\u2018President can\u2019t approve funds to fight COVID-19 after April 30\u2019", "url": "https://www.thehindu.com/news/international/opposition-urges-sri-lankan-govt-to-reconvene-parliament/article31212330.ece", "urlToImage": "https://www.thehindu.com/news/international/kndv31/article31212329.ece/ALTERNATES/LANDSCAPE_615/TH31-SRILANKA-BATTLINGTHEVIRUS", "publishedAt": "2020-03-30T18:04:10Z", "content": "Nearly a month after President Gotabaya Rajapaksa dissolved Parliament and called for elections, the Oppositions calls for reconvening the legislature have grown louder in Sri Lanka.\r\nA day after the Parliament completed 4.5 years of its term constitutionally\u2026 [+2953 chars]"}, {"source": {"id": "the-hindu", "name": "The Hindu"}, "author": "Omar Rashid", "title": "Coronavirus: Migrants returning to Bareilly forced to take bath in the open with sanitiser", "description": "It's more important to save them...getting wet does not mean much, says nodal officer in-charge of COVID-19 in Bareilly", "url": "https://www.thehindu.com/news/national/other-states/coronavirus-in-bareilly-migrants-forced-to-take-bath-in-the-open-with-sanitiser/article31204430.ece", "urlToImage": "https://www.thehindu.com/news/national/other-states/rp9ck9/article31204429.ece/ALTERNATES/LANDSCAPE_615/barielly", "publishedAt": "2020-03-30T07:52:46Z", "content": "Migrant labourers returning to their homes from cities were forced by the administration in Bareilly to take an open bath in groups with sanitiser solution before they were allowed entry into the district.\r\nAs per a footage of the incident, a group of migrant\u2026 [+1373 chars]"}, {"source": {"id": "the-hindu", "name": "The Hindu"}, "author": "PTI", "title": "Coronavirus survivor from Gujarat says staying at home is the only option", "description": "The woman, a resident of Ambawadi locality in Ahmedabad, was discharged from Sardar Vallabhbhai Patel Hospital in Ahmedabad on March 29 after she recovered from the coronavirus disease COVID-19", "url": "https://www.thehindu.com/news/national/coronavirus-survivor-from-gujarat-says-staying-at-home-is-the-only-option/article31207272.ece", "urlToImage": "https://www.thehindu.com/static/theme/default/base/img/og-image.jpg", "publishedAt": "2020-03-30T12:06:03Z", "content": "A 34-year-old woman, who has recovered from COVID-19, now regrets her decision to travel abroad which resulted in her contracting the infection, and has urged people to remain indoors to check the spread of the deadly virus.\r\nWatch | What is contact tracing?\r\u2026 [+1306 chars]"}, {"source": {"id": "the-hindu", "name": "The Hindu"}, "author": "Priscilla Jebaraj", "title": "Coronavirus | Rabi harvest to be affected for want of farm workers", "description": "Farmers also worry about govt. procurement and the ability to sell crops as mandis are still closed", "url": "https://www.thehindu.com/news/national/coronavirus-rabi-harvest-to-be-affected-for-want-of-farm-workers/article31211415.ece", "urlToImage": "https://www.thehindu.com/news/national/msjb78/article31211414.ece/ALTERNATES/LANDSCAPE_615/30THRDCHILLI1", "publishedAt": "2020-03-30T17:06:48Z", "content": "The lakhs of migrant workers streaming to their home villages due to the COVID-19 pandemic and the subsequent lockdown have left many farmers across the country bereft of agricultural labour just before the crucial harvesting season of the rabi or winter crop\u2026 [+3453 chars]"}, {"source": {"id": "the-hindu", "name": "The Hindu"}, "author": "Legal Correspondent", "title": "Coronavirus lockdown: SC seeks status report from govt. on movement of migrant workers", "description": "CJI S.A. Bobde makes it clear that the court does not want to create a state of confusion by passing any direction at this point of time while the government is on the job", "url": "https://www.thehindu.com/news/national/coronavirus-lockdown-sc-seeks-status-report-from-govt-on-movement-of-migrant-workers/article31204990.ece", "urlToImage": "https://www.thehindu.com/todays-paper/3mi3er/article31202279.ece/ALTERNATES/LANDSCAPE_615/th29-devesh-RetGFM7A2QLP3jpgjpg", "publishedAt": "2020-03-30T09:28:13Z", "content": "The Supreme Court on Monday sought a report from the government on steps taken about the largescale inter-State movement of migrant workers during the 21-day national lockdown on account of the COVID-19 outbreak.\r\nA Bench of Chief Justice S.A. Bobde and L. Na\u2026 [+2229 chars]"}, {"source": {"id": "the-hindu", "name": "The Hindu"}, "author": "PTI", "title": "Coronavirus | CAPFs seek live WhatsApp location from troops on leave, working from home to prevent COVID-19 spread", "description": "All CAPFs have been asked to collect this WhatsApp-based data on a daily basis", "url": "https://www.thehindu.com/news/national/coronavirus-capfs-seek-live-whatsapp-location-from-troops-on-leave-working-from-home-to-prevent-covid-19-spread/article31207480.ece", "urlToImage": "https://www.thehindu.com/static/theme/default/base/img/og-image.jpg", "publishedAt": "2020-03-30T12:25:11Z", "content": "The paramilitary forces have directed that live location of all officers and jawans allowed to work from home or on leave should be obtained daily to prevent the spread of COVID-19 after two positive cases were reported among them, officials said on March 30.\u2026 [+3847 chars]"}, {"source": {"id": "the-hindu", "name": "The Hindu"}, "author": "AFP", "title": "Coronavirus | Great Pyramid of Giza lights up in solidarity against pandemic", "description": "Egypt has so far registered 656 COVID-19 cases, including 41 deaths and 150 reported recoveries.", "url": "https://www.thehindu.com/news/international/coronavirus-great-pyramid-of-giza-lights-up-in-solidarity-against-pandemic/article31213670.ece", "urlToImage": "https://www.thehindu.com/incoming/xxizr/article31213672.ece/ALTERNATES/LANDSCAPE_615/0001QA3NQjpg", "publishedAt": "2020-03-30T22:40:01Z", "content": "Egypts famed Great Pyramid was emblazoned Monday evening with messages of unity and solidarity with those battling the novel coronavirus the world over. \r\nStay safe, Stay at home and Thank you to those keeping us safe, flashed in blue and green lights across \u2026 [+1585 chars]"}, {"source": {"id": "the-hindu", "name": "The Hindu"}, "author": "PTI", "title": "Indian businessman donates entire property to quarantine coronavirus affected patients in Dubai", "description": "I am extremely pleased to support the city that has continued to contribute to my success and growth for the past 25 years, he said.", "url": "https://www.thehindu.com/news/international/indian-businessman-donates-entire-property-to-quarantine-coronavirus-affected-patients-in-dubai/article31206912.ece", "urlToImage": "https://www.thehindu.com/news/international/8nv93w/article31206910.ece/ALTERNATES/LANDSCAPE_615/30THDUBAI", "publishedAt": "2020-03-30T11:41:54Z", "content": "A Dubai-based Indian businessman has donated a fully-equipped building owned by him to the countrys health authorities for the purpose of quarantining coronavirus affected patients, according to media reports.\r\nAjay Sobhraj, Founder and Chairman of Dubai-base\u2026 [+1937 chars]"}, {"source": {"id": "the-hindu", "name": "The Hindu"}, "author": "PTI", "title": "Coronavirus | Prince Charles recovers from COVID-19, out of self-isolation", "description": "UK remains under a stay-at-home lockdown with strict social distancing rules in force as the death toll from the virus hit 1,228.", "url": "https://www.thehindu.com/news/international/coronavirus-prince-charles-recovers-from-covid-19-out-of-self-isolation/article31207701.ece", "urlToImage": "https://www.thehindu.com/news/international/kag16f/article31207700.ece/ALTERNATES/LANDSCAPE_615/PRINCECHARLES", "publishedAt": "2020-03-30T12:40:32Z", "content": "Britains Prince Charles came out of self-isolation on Monday, seven days after it was confirmed that he had tested positive for coronavirus, a royal spokesperson said.\r\n The 71-year-old heir to the British throne had been self-isolating on the Queens Balmoral\u2026 [+1648 chars]"}, {"source": {"id": "the-hindu", "name": "The Hindu"}, "author": "The Hindu Net Desk", "title": "Morning digest: ICMR denies community transmission of coronavirus, Trump extends distancing guidelines by 30 days, and more", "description": "A select list of stories to read before you start your day", "url": "https://www.thehindu.com/news/morning-digest-march-30-2020/article31200931.ece", "urlToImage": "https://www.thehindu.com/news/international/k7ykif/article31202942.ece/ALTERNATES/LANDSCAPE_615/30MARVIRUSOUTBREAKTRUMP", "publishedAt": "2020-03-30T02:36:51Z", "content": "India on Sunday reported more than 100 new cases of\u00a0COVID-19, bringing the overall case load to 979. There have been six deaths in the past 24 hours, said Joint Secretary in the Union Health Ministry Lav Agrawal at a briefing. We have identified certain emerg\u2026 [+5593 chars]"}, {"source": {"id": "the-hindu", "name": "The Hindu"}, "author": "Special Correspondent", "title": "Coronavirus | Punjab reports two deaths", "description": "Chief Minister Amarinder Singh says curfew will be extended till April 14 as Chandigarh sees five fresh cases.", "url": "https://www.thehindu.com/news/national/other-states/coronavirus-punjab-reports-two-deaths/article31212568.ece", "urlToImage": "https://www.thehindu.com/static/theme/default/base/img/og-image.jpg", "publishedAt": "2020-03-30T18:16:54Z", "content": "Punjab has reported two COVID-19 deaths taking the number to three while one fresh case has also been reported, officials told The Hindu on Monday.\r\nInteractive map of confirmed coronavirus cases in India\r\nA 62-year-old man died at the Government Medical Coll\u2026 [+2204 chars]"}, {"source": {"id": "the-hindu", "name": "The Hindu"}, "author": null, "title": "Unusually inept: On US surpassing China in coronavirus cases", "description": "The U.S. can still pull itself out of the virus crisis, but not without tougher steps", "url": "https://www.thehindu.com/opinion/editorial/unusually-inept/article31211594.ece", "urlToImage": null, "publishedAt": "2020-03-30T18:19:02Z", "content": null}, {"source": {"id": "the-hindu", "name": "The Hindu"}, "author": "Jacob Koshy", "title": "\u2018Moderate humidity may deter coronavirus\u2019", "description": "Monsoon could slow down spread", "url": "https://www.thehindu.com/news/national/moderate-humidity-may-deter-coronavirus/article31211798.ece", "urlToImage": "https://www.thehindu.com/news/national/4ujw0c/article31211864.ece/ALTERNATES/LANDSCAPE_615/HUMIDITY", "publishedAt": "2020-03-30T17:35:30Z", "content": "Coronaviruses are sensitive to humidity and are less likely to thrive at moderate levels of humidity, a series of experimental studies over the years have shown.\r\nCOVID-19 | Interactive map of confirmed coronavirus cases in India\r\nEarlier this month, a study \u2026 [+1840 chars]"}, {"source": {"id": "the-hindu", "name": "The Hindu"}, "author": "AP", "title": "Coronavirus | New York State surpasses 1,000 deaths", "description": "The total number of State-wide deaths isn\u2019t expected to be released until Monday, but with at least 250 additional deaths recorded outside the city as of Sunday morning, the State\u2019s total fatalities was at least 1,026.", "url": "https://www.thehindu.com/news/international/coronavirus-new-york-state-surpasses-1000-deaths/article31212907.ece", "urlToImage": "https://www.thehindu.com/news/international/lnclk0/article31212906.ece/ALTERNATES/LANDSCAPE_615/31MARCHTHAP30-03-2020000006A", "publishedAt": "2020-03-30T19:27:28Z", "content": "New York States death toll from the coronavirus outbreak climbed Sunday above 1,000, less than a month after the first known infection in the State. Most of those deaths have come in just the past few days. \r\nNew York City reported in the evening that its tol\u2026 [+5276 chars]"}, {"source": {"id": "the-hindu", "name": "The Hindu"}, "author": "Shoumojit Banerjee", "title": "Coronavirus | 12 fresh cases recorded in Maharashtra", "description": "Nashik among districts that have reported cases", "url": "https://www.thehindu.com/news/national/other-states/coronavirus-12-fresh-cases-recorded-in-maharashtra/article31203654.ece", "urlToImage": "https://www.thehindu.com/news/cities/mumbai/4p0mam/article31203627.ece/ALTERNATES/LANDSCAPE_615/mumbai-", "publishedAt": "2020-03-30T05:39:21Z", "content": "Maharashtra recorded 12 COVID-19 positive cases on Monday to take the States tally to 215, with fresh cases being reported from Pune, Mumbai, Nagpur, Kolhapur and the first positive case reported from Nashik in north Maharashtra.\r\nWhile Pune district recorded\u2026 [+1796 chars]"}, {"source": {"id": "the-hindu", "name": "The Hindu"}, "author": "The Hindu", "title": "Coronavirus impact: Bengaluru\u2019s auto drivers struggle due to lockdown", "description": "Forced to stay home, many of them, without daily incomes, are hampered financially", "url": "https://www.thehindu.com/todays-paper/tp-features/tp-metroplus/bengalurus-auto-drivers-struggle-due-to-lockdown/article31205965.ece", "urlToImage": "https://www.thehindu.com/todays-paper/tp-features/tp-metroplus/54v639/article31205964.ece/ALTERNATES/LANDSCAPE_615/Auto-driver", "publishedAt": "2020-03-30T10:31:14Z", "content": "Auto driver Sampangi K, 36, gets, on average, eight rides every day, with which he makes about 500. He uses most of the earnings to run his home and repay his vehicle loan of 1.8 lakh. The nation-wide lockdown due to the COVID-19 outbreak, however, has stoppe\u2026 [+2704 chars]"}, {"source": {"id": "the-hindu", "name": "The Hindu"}, "author": "AFP", "title": "Country music star Joe Diffie dies of coronavirus", "description": "Joe Diffie, a Grammy award-winning country music singer who had several chart-topping hits in the 1990s, has died of coronavirus. He was 61.Diffie&#39;s death was announced on his Facebook page, which", "url": "https://www.thehindu.com/entertainment/music/country-music-star-joe-diffie-dies-of-coronavirus/article31203025.ece", "urlToImage": "https://www.thehindu.com/entertainment/music/jr6xbo/article31203024.ece/ALTERNATES/LANDSCAPE_615/0001Q95XP", "publishedAt": "2020-03-30T02:07:49Z", "content": "Joe Diffie, a Grammy award-winning country music singer who had several chart-topping hits in the 1990s, has died of coronavirus. He was 61.\r\nDiffie's death was announced on his Facebook page, which said he died on Sunday \"from complications of coronavirus.\"\r\u2026 [+514 chars]"}, {"source": {"id": "the-hindu", "name": "The Hindu"}, "author": "Piyush Pandey", "title": "Coronavirus | RIL donates \u20b9500 crore to PM CARES Fund", "description": "RIL remains committed to supporting India\u2019s response to the Covid-19 challenge and will continue to build up its support.", "url": "https://www.thehindu.com/business/Industry/coronavirus-ril-donates-500-crore-to-pm-cares-fund/article31209426.ece", "urlToImage": "https://www.thehindu.com/business/Industry/4w7tuh/article31209424.ece/ALTERNATES/LANDSCAPE_615/MUKESHANDNITA", "publishedAt": "2020-03-30T14:45:10Z", "content": "MUMBAI Mukesh Ambani-led Reliance Industries Ltd. (RIL) announced a donation of 500 crore to PM CARES Fund in response to the call by the Prime Minister to support the nations fight against the Coronavirus onslaught.\r\nIn addition to the financial contribution\u2026 [+1610 chars]"}, {"source": {"id": "the-hindu", "name": "The Hindu"}, "author": "Special Correspondent", "title": "Coronavirus outbreak | Ramachandra Guha slams creation of PM CARES Fund", "description": "\u201cIt only promotes sycophancy and chamchagiri of the rich towards PM\u2019", "url": "https://www.thehindu.com/news/national/coronavirus-outbreak-ramachandra-guha-slams-creation-of-pm-cares-fund/article31211597.ece", "urlToImage": "https://www.thehindu.com/news/national/4n0ziq/article31211596.ece/ALTERNATES/LANDSCAPE_615/NEWS1RAMACHANDRAGUHA-2", "publishedAt": "2020-03-30T17:17:38Z", "content": "Creation of Prime Ministers Citizen Assistance and Relief in Emergency Situations (PM CARES) Fund when the Prime Ministers National Relief Fund already exists is undemocratic, unfederal and in poor taste, noted historian Ramachandra Guha said on Monday.\r\nAlso\u2026 [+1828 chars]"}, {"source": {"id": "the-hindu", "name": "The Hindu"}, "author": "Kennith Rosario Mumbai", "title": "People from Northeast face racist slurs coronavirus lockdown", "description": "Several employed in service sectors like spas, beauty parlours and salons are unable to make ends meet", "url": "https://www.thehindu.com/news/cities/mumbai/people-from-northeast-face-racist-slurs-coronavirus-lockdown/article31212978.ece", "urlToImage": "https://www.thehindu.com/news/cities/mumbai/26bxu7/article31212977.ece/ALTERNATES/LANDSCAPE_615/31bm-Chongpi-Kipgen", "publishedAt": "2020-03-30T19:55:18Z", "content": "Its not uncommon for 35-year-old Chongpi Kipgen to be called coronavirus when she steps out for groceries in her neighbourhood in Ulwe, Navi Mumbai. Hailing from Manipur, she has noticed a rise in racist attacks and discrimination against people from the Nort\u2026 [+2689 chars]"}, {"source": {"id": "the-hindu", "name": "The Hindu"}, "author": "The Hindu Net Desk", "title": "India coronavirus lockdown day 6 | ICMR denies community transmission", "description": "According to WHO's March 29 update, globally, 30,105 have died and 638,146 tested positive", "url": "https://www.thehindu.com/news/national/india-coronavirus-lockdown-march-30-2020-live-updates/article31203151.ece", "urlToImage": "https://www.thehindu.com/news/cities/Delhi/657we4/article31201339.ece/ALTERNATES/LANDSCAPE_615/29DELPRIYACOVID", "publishedAt": "2020-03-30T03:07:17Z", "content": "India on Sunday reported more than 100 new cases of COVID-19, bringing the overall positive cases to 1024. Reports from State health authorities put the death toll from COVID-19 at 29, with 1,121 positive cases.\r\nThe Hindu\u00a0has brought out a multi-language e-b\u2026 [+3343 chars]"}, {"source": {"id": "the-hindu", "name": "The Hindu"}, "author": "Saurabh Trivedi", "title": "Coronavirus | 200 people from Nizamuddin develop symptoms; area cordoned off", "description": "Cases have surfaced, in several States, of people who attended a religious conference at the \u2018markaz\u2019", "url": "https://www.thehindu.com/news/cities/Delhi/coronavirus-200-people-from-nizamuddin-develop-symptoms-area-cordoned-off/article31204617.ece", "urlToImage": "https://www.thehindu.com/news/cities/Delhi/ojr9tb/article31204616.ece/ALTERNATES/LANDSCAPE_615/nzm", "publishedAt": "2020-03-30T08:22:43Z", "content": "Around 200 people were taken from Nizamuddin area in New Delhi to various hospitals by district authorities after they developed coronavirus symptoms, said a police officer on Monday.\r\nDelhi Police have cordoned off the area around the mosque in Nizamuddin, n\u2026 [+1726 chars]"}, {"source": {"id": "the-hindu", "name": "The Hindu"}, "author": "Special Correspondent", "title": "Coronavirus: Noida firm under scanner after couple test positive", "description": "The fire safety company withheld information about an U.K.-based auditor who visited the firm and stayed in Noida for three days.", "url": "https://www.thehindu.com/news/national/coronavirus-couple-test-positive-in-ghaziabad/article31203864.ece", "urlToImage": "https://www.thehindu.com/news/national/5bejxy/article31203862.ece/ALTERNATES/LANDSCAPE_615/THAVDGHAZIABAD", "publishedAt": "2020-03-30T06:15:41Z", "content": "The officials of the Ghaziabad Health Department were in for a shock on Sunday when a husband and wife who were tested positive for Covid-19 by a private laboratory drove to the MMG district hospital from the Government Institute of Medical Sciences (GIMS), G\u2026 [+1683 chars]"}, {"source": {"id": "the-hindu", "name": "The Hindu"}, "author": "Special Correspondent", "title": "Coronavirus | 13 participants of Delhi meet in isolation ward", "description": "They have no symptoms of COVID-19 so far, says Virudhunagar Collector", "url": "https://www.thehindu.com/news/cities/Madurai/13-participants-of-delhi-meet-in-isolation-ward/article31213117.ece", "urlToImage": "https://www.thehindu.com/static/theme/default/base/img/og-image.jpg", "publishedAt": "2020-03-30T21:04:13Z", "content": "Virudhunagar district administration has identified 13 persons who had attended the Tablighi Jamaat conference in New Delhi. \r\nThese 13 persons were already in home quarantine. After there were reports that some of those, from other parts of the State, who ha\u2026 [+484 chars]"}, {"source": {"id": "the-hindu", "name": "The Hindu"}, "author": "Iboyaima Laithangbam", "title": "Coronavirus | Lockdown woes trouble Manipuris at home and away", "description": "Among the stranded people from the State is a group of 35 persons, mostly women, who had gone on a pilgrimage to West Bengal, Odisha and Uttar Pradesh, and were caught in U.P. when the lockdown was imposed.", "url": "https://www.thehindu.com/news/national/other-states/coronavirus-lockdown-woes-trouble-manipuris-at-home-and-away/article31207809.ece", "urlToImage": "https://www.thehindu.com/news/national/other-states/2cb9hf/article31207808.ece/ALTERNATES/LANDSCAPE_615/MANIPURCORONA", "publishedAt": "2020-03-30T12:57:55Z", "content": "A large number Manipuri students, pilgrims, workers and other travellers are stranded in different parts of the country due to the nationwide lockdown, official reports said on March 30. Manipur Chief Minister N. Biren said that a website had been launched on\u2026 [+3338 chars]"}, {"source": {"id": "the-hindu", "name": "The Hindu"}, "author": "Reuters", "title": "From sofas and kitchens, music stars hold Coronavirus concert fundraiser", "description": "Billie Eilish, Elton John, Alicia Keys and Sam Mendes were among those who participated in \u2018IHeart Living Room Concert for America\u2019", "url": "https://www.thehindu.com/entertainment/music/from-sofas-and-kitchens-music-stars-hold-coronavirus-concert-fundraiser/article31204181.ece", "urlToImage": "https://www.thehindu.com/entertainment/music/du81fo/article31204177.ece/ALTERNATES/LANDSCAPE_615/31ELTONJOHN", "publishedAt": "2020-03-30T06:56:00Z", "content": "Billie Eilish sang on her sofa, Elton John played a keyboard belonging to his children, and the Backstreet Boys sang in harmony from five locations as dozens of musicians put on a fundraiser for the warriors against the Coronavirus pandemic.\r\nThose who perfor\u2026 [+2209 chars]"}, {"source": {"id": "the-hindu", "name": "The Hindu"}, "author": "Yuthika Bhargava", "title": "Coronavirus | Railways readying 5000 coaches as isolation wards", "description": "70 of its 125 hospitals are being planned to be kept ready to meet any contingency", "url": "https://www.thehindu.com/news/national/railways-readying-5000-coaches-as-isolation-wards/article31209627.ece", "urlToImage": "https://www.thehindu.com/news/national/hcgqfm/article31209626.ece/ALTERNATES/LANDSCAPE_615/30THRAILWAY", "publishedAt": "2020-03-30T15:16:27Z", "content": "The railways have begun work to modify 5,000 passenger coaches into isolation wards, while preparing about 70 of its hospitals as part of measures to deal with any possible exigency related to COVID-19.\r\nWhile the railways have cautioned the 17 zones that the\u2026 [+1374 chars]"}, {"source": {"id": "the-hindu", "name": "The Hindu"}, "author": "Mohammed Iqbal", "title": "Coronavirus | Health activists in Rajasthan demand door-to-door care", "description": "A range of mother and child healthcare services have been adversely impacted.", "url": "https://www.thehindu.com/news/national/other-states/coronavirus-health-activists-in-rajasthan-demand-door-to-door-care/article31211444.ece", "urlToImage": "https://www.thehindu.com/static/theme/default/base/img/og-image.jpg", "publishedAt": "2020-03-30T17:05:55Z", "content": "With the suspension of outreach activities for immunisation, a range of mother and child healthcare services have been adversely impacted in Rajasthan during the lockdown to contain the spread of coronavirus. The restrictions have also led to a halt in the re\u2026 [+1609 chars]"}, {"source": {"id": "the-hindu", "name": "The Hindu"}, "author": "Staff Reporter", "title": "Coronavirus | DLSAs get together to help pilgrims stranded in Gaya", "description": "Advocate Sami Durai said they were psychologically affected, staying far away. But they have understood the situation and are co-operating with the authorities there and were in touch with their families over phone.", "url": "https://www.thehindu.com/news/cities/Madurai/dlsas-get-together-to-help-stranded-pilgrims/article31213124.ece", "urlToImage": "https://www.thehindu.com/static/theme/default/base/img/og-image.jpg", "publishedAt": "2020-03-30T21:05:45Z", "content": "On learning that 22 senior citizens from Madurai, who are on a pilgrimage to North India, are stranded in Gaya in Bihar, the District Legal Services Authority has made efforts to ensure that they were provided basic amenities. It is in constant touch with its\u2026 [+1419 chars]"}, {"source": {"id": "the-hindu", "name": "The Hindu"}, "author": "Special Correspondent", "title": "Coronavirus: Punjab reports second death, positive cases put at 38", "description": "No fresh case has been reported in the State during the last 48 hours", "url": "https://www.thehindu.com/news/national/coronavirus-punjab-reports-second-death-positive-cases-put-at-38/article31203165.ece", "urlToImage": "https://www.thehindu.com/news/national/8yb6k7/article31203164.ece/ALTERNATES/LANDSCAPE_615/THAVDAMRITSAR", "publishedAt": "2020-03-30T03:08:59Z", "content": "Punjab has reported its second COVID-19 death, after a 62-year-old man died at the Government Medical College and Hospital in Amritsar.\r\nInteractive map of confirmed coronavirus cases in India\r\nWith the latest death late on Sunday, the total COVID-19 related \u2026 [+689 chars]"}, {"source": {"id": "the-hindu", "name": "The Hindu"}, "author": "PTI", "title": "Japanese comedian Ken Shimura dies of coronavirus at 70", "description": "A household name in Japan since the 1970s, Shimura was the first prominent entertainment world figure in Japan to test positive for the virus.", "url": "https://www.thehindu.com/news/international/japanese-comedian-ken-shimura-dies-of-coronavirus-at-70/article31203724.ece", "urlToImage": "https://www.thehindu.com/news/international/k8cotz/article31203723.ece/ALTERNATES/LANDSCAPE_615/THAVDSHIMURA", "publishedAt": "2020-03-30T05:51:03Z", "content": "Veteran Japanese comic Ken Shimura, who tested positive for the novel coronavirus last week, has died at the age of 70.\r\n According to The Hollywood Reporter, the actor was hospitalised in Tokyo on March 20 after developing a fever and being diagnosed with se\u2026 [+1319 chars]"}, {"source": {"id": "the-hindu", "name": "The Hindu"}, "author": "PTI", "title": "Alan Merrill, songwriter of \u2018I love rock \u2018n\u2019 roll\u2019, dies at 69 due to coronavirus", "description": "As part of the music group The Arrows, Alan wrote the hit number \u201cI love rock \u2018n\u2019 roll\u201d, which released in 1975. The song would later become a chart topper for Joan Jett & The Blackhearts in 1982.", "url": "https://www.thehindu.com/entertainment/music/alan-merrill-songwriter-of-i-love-rock-n-roll-dies-at-69-due-to-coronavirus/article31204051.ece", "urlToImage": "https://www.thehindu.com/static/theme/default/base/img/og-image.jpg", "publishedAt": "2020-03-30T06:41:43Z", "content": "Musician-songwriter Alan Merrill has passed away due to complications from the coronavirus. He was 69.\r\n The recording artiste died in New York on Sunday, his daughter Laura Merrill confirmed the news on Facebook. \r\nThe Coronavirus took my father this morning\u2026 [+1480 chars]"}, {"source": {"id": "the-hindu", "name": "The Hindu"}, "author": "AFP", "title": "Coronavirus | Spain announces 812 virus deaths in 24 hours, death toll at 7,340", "description": "It is the first decline in the number of deaths in a 24-hour period since Thursday in Spain, which has the world\u2019s second most deadly outbreak after Italy", "url": "https://www.thehindu.com/news/international/coronavirus-spain-announces-812-virus-deaths-in-24-hours-death-toll-at-7340/article31206989.ece", "urlToImage": "https://www.thehindu.com/news/international/ezjq5f/article31206988.ece/ALTERNATES/LANDSCAPE_615/SPAINKB", "publishedAt": "2020-03-30T11:44:39Z", "content": "Spain confirmed another 812 deaths in 24 hours from COVID-19 on Monday, bringing the total number of deaths to 7,340, according to health ministry figures.\r\nIt is the first decline in the number of deaths in a 24-hour period since Thursday in Spain, which has\u2026 [+982 chars]"}, {"source": {"id": "the-hindu", "name": "The Hindu"}, "author": "Special Correspondent", "title": "Watch | Telugu stars film a \u2018Fight against Coronavirus\u2019 music video from their respective homes", "description": "Actors Chiranjeevi, Nagarjuna, Sai Dharam Tej and Varun Tej have sung for the song composed by Koti", "url": "https://www.thehindu.com/entertainment/music/telugu-stars-film-a-fight-against-coronavirus-music-video-from-their-respective-homes/article31203917.ece", "urlToImage": "https://www.thehindu.com/entertainment/movies/86htw3/article31203913.ece/ALTERNATES/LANDSCAPE_615/Chiranjeevi-music-video", "publishedAt": "2020-03-30T06:35:55Z", "content": "Actors Chiranjeevi, Nagarjuna, Varun Tej and Sai Dharam Tej have featured in a Coronavirus awareness music video, recorded from their individual homes. The song composed by music director Koti has the actors urging everyone to fight the virus by staying home,\u2026 [+1002 chars]"}, {"source": {"id": "the-hindu", "name": "The Hindu"}, "author": "Special Correspondent", "title": "Coronavirus lockdown | PM Modi holds first ever video conference with heads of Indian missions", "description": "In an address to 130 envoys, he tells them to help contain the economic fallout of COVID-19 pandemic", "url": "https://www.thehindu.com/news/national/coronavirus-lockdown-pm-modi-holds-first-ever-video-conference-with-heads-of-indian-missions/article31211789.ece", "urlToImage": "https://www.thehindu.com/news/national/ls6nhj/article31144794.ece/ALTERNATES/LANDSCAPE_615/NARENDRAMODI", "publishedAt": "2020-03-30T17:30:30Z", "content": "Prime Minister Narendra Modi on Monday held a video conference with the heads of Indias diplomatic missions and urged them to assist Indian nationals who are stranded in various countries that are severely affected by the novel coronavirus outbreak.\r\nAlso rea\u2026 [+2456 chars]"}, {"source": {"id": "the-hindu", "name": "The Hindu"}, "author": "Special Correspondent", "title": "Coronavirus lockdown | More time to apply for JNU, IGNOU admission tests", "description": "Deadline to apply for eligibility test for UGC, CSIR extended", "url": "https://www.thehindu.com/news/national/coronavirus-lockdown-more-time-to-apply-for-jnu-ignou-admission-tests/article31211696.ece", "urlToImage": "https://www.thehindu.com/static/theme/default/base/img/og-image.jpg", "publishedAt": "2020-03-30T17:24:40Z", "content": "Having already postponed the engineering and medical entrance examinations, the National Testing Agency (NTA) has now extended the application deadlines for seven other examinations by a month, in light of the COVID-19 pandemic and the resultant lockdown.\r\nAl\u2026 [+1360 chars]"}, {"source": {"id": "the-hindu", "name": "The Hindu"}, "author": "Legal Correspondent", "title": "Coronavirus | Supreme Court judge Justice Ramana donates \u20b93 lakh for COVID-19 relief", "description": "Justice N.V. Ramana, the second senior-most judge in the Supreme Court, contributed \u20b91 lakh each to the COVID-19 relief funds of the Prime Minister and the Chief Ministers of Andhra Pradesh and Telang", "url": "https://www.thehindu.com/news/national/coronavirus-sc-judge-justice-ramana-donates-3-lakh-for-covid-19-relief/article31207791.ece", "urlToImage": "https://www.thehindu.com/news/national/yjvmd1/article31207825.ece/ALTERNATES/LANDSCAPE_615/vbk-NV-Ramana-th", "publishedAt": "2020-03-30T12:58:42Z", "content": "Justice N.V. Ramana, the second senior-most judge in the Supreme Court, contributed 1 lakh each to the COVID-19 relief funds of the Prime Minister and the Chief Ministers of Andhra Pradesh and Telangana.\r\nAlso read | Interactive map of confirmed coronavirus c\u2026 [+607 chars]"}, {"source": {"id": "the-hindu", "name": "The Hindu"}, "author": "Vignesh Radhakrishnan, Sumant Sen, Naresh Singaravelu", "title": "Data | Which States recorded the most coronavirus cases, deaths, and the best testing rates?", "description": "A look at the case progression, deaths and tests performed across States even as the number of confirmed cases country-wide breaches the 1,200 mark", "url": "https://www.thehindu.com/data/data-which-states-recorded-the-most-coronavirus-cases-deaths-and-the-best-testing-rates/article31212911.ece", "urlToImage": "https://www.thehindu.com/news/national/kerala/2uz8s8/article31203252.ece/ALTERNATES/LANDSCAPE_615/KERALA", "publishedAt": "2020-03-30T19:34:15Z", "content": "On Monday, the number of COVID-19 cases crossed the 1,200 mark in India. Kerala recorded the most cases, followed closely by Maharashtra, which recorded the most COVID-19 deaths. \r\nApart from these two States, the case progression in Tamil Nadu and Gujarat we\u2026 [+2176 chars]"}, {"source": {"id": "the-hindu", "name": "The Hindu"}, "author": "The Hindu", "title": "Coronavirus | Seven more positive cases in J&K, 10 areas declared red zones", "description": "Officials issue final warning to people hiding their travel history", "url": "https://www.thehindu.com/news/national/coronavirus-seven-more-positive-cases-in-jk-10-areas-declared-red-zones/article31209589.ece", "urlToImage": "https://www.thehindu.com/news/national/pko6lw/article31209588.ece/ALTERNATES/LANDSCAPE_615/VBK-CORONAVIRUS-SRINAGAR-NA", "publishedAt": "2020-03-30T15:09:31Z", "content": "Seven persons tested positive for the COVID-19 in J&amp;K on Monday pushing the total to 45 including two deaths.\r\nAlso read | Coronavirus | J&amp;K decongests jails, after holding 700 lockdown violators in lock-ups\r\nFour fresh cases were detected two each fr\u2026 [+1399 chars]"}, {"source": {"id": "the-hindu", "name": "The Hindu"}, "author": "Peerzada Ashiq", "title": "Coronavirus | J&K decongests jails, after holding 700 lockdown \u2018violators\u2019 in lock-ups", "description": "The J&amp;amp;K administration has started decongesting jails and lock-ups, but not before rounding up about 700 \u201cviolators\u201d of the countrywide lockdown and holding them in police stations and exposin", "url": "https://www.thehindu.com/news/national/coronavirus-jk-decongests-jails-after-holding-700-lockdown-violators-in-lock-ups/article31209492.ece", "urlToImage": "https://www.thehindu.com/news/national/q6v22y/article31209491.ece/ALTERNATES/LANDSCAPE_615/VBK-SRINAGAR-NISSARAHMAD", "publishedAt": "2020-03-30T14:58:34Z", "content": "The J&amp;K administration has started decongesting jails and lock-ups, but not before rounding up about 700 violators of the countrywide lockdown and holding them in police stations and exposing them to the dangers of contracting the virulent COVID-19.\r\nAlso\u2026 [+3651 chars]"}, {"source": {"id": "the-hindu", "name": "The Hindu"}, "author": "PTI", "title": "Coronavirus | Australian PM announces 130bn dollars package to support wages as death toll touch 18", "description": "The package will see the government pay wage subsidies of 1,500 Australian dollars every two weeks per employee to help struggling businesses keep people in work, The Age reported.", "url": "https://www.thehindu.com/news/international/coronavirus-australian-pm-announces-130bn-dollars-package-to-support-wages-as-death-toll-touch-18/article31206764.ece", "urlToImage": "https://www.thehindu.com/news/international/1qzdqj/article30573379.ece/ALTERNATES/LANDSCAPE_615/scott", "publishedAt": "2020-03-30T11:42:22Z", "content": "Australian Prime Minister Scott Morrison on Monday announced a 130 billion dollar package to support the wages of up to 6 million citizens in the country affected by the coronavirus (COVID-19) outbreak that has claimed the lives of 18 people and infected over\u2026 [+3191 chars]"}, {"source": {"id": "the-hindu", "name": "The Hindu"}, "author": "Prafulla Das", "title": "Coronavirus | Odisha says cost of treatment will be borne by the State", "description": "Separate wards being set up in major government and private hospitals in different regions.", "url": "https://www.thehindu.com/news/national/other-states/coronavirus-odisha-says-cost-of-treatment-will-be-borne-by-the-state/article31211494.ece", "urlToImage": "https://www.thehindu.com/static/theme/default/base/img/og-image.jpg", "publishedAt": "2020-03-30T17:09:49Z", "content": "Odisha on Monday announced that all the expenses relating to the treatment of any person testing positive for coronavirus in the State would be borne by the government.\r\nThe two COVID-19 hospitals being set up in association with two private medical colleges \u2026 [+1917 chars]"}, {"source": {"id": "the-hindu", "name": "The Hindu"}, "author": "Jatin Anand", "title": "Coronavirus | Lockdown returns at Yamuna Expressway as migrants struggle to find means to travel to hometowns", "description": "Police personnel were on Monday witnessed tracking down, confronting, and in some cases, using their batons and sticks to chase away hapless passengers, who were hoping to find means of travel to thei", "url": "https://www.thehindu.com/news/cities/Delhi/coronavirus-lockdown-returns-at-yamuna-expressway-as-migrants-struggle-to-find-means-to-travel-to-hometowns/article31205693.ece", "urlToImage": "https://www.thehindu.com/news/cities/Delhi/kj89v0/article31205692.ece/ALTERNATES/LANDSCAPE_615/noida-2", "publishedAt": "2020-03-30T10:17:25Z", "content": "Police personnel were on Monday witnessed tracking down, confronting, and in some cases, using their batons and sticks to chase away hapless passengers, who were hoping to find means of travel to their hometowns from the Yamuna Expressway here.\r\nAs the strict\u2026 [+1432 chars]"}, {"source": {"id": "the-hindu", "name": "The Hindu"}, "author": "Sidharth Yadav", "title": "Coronavirus | By walk and wheel, thousands make it to Madhya Pradesh", "description": "They endure hunger and cover hundreds of kilometres by foot to reach their hometowns", "url": "https://www.thehindu.com/news/national/other-states/coronavirus-by-walk-and-wheel-thousands-make-it-to-madhya-pradesh/article31211690.ece", "urlToImage": "https://www.thehindu.com/news/national/other-states/jwc99x/article31211689.ece/ALTERNATES/LANDSCAPE_615/30TH-THGRP-MP", "publishedAt": "2020-03-30T17:25:57Z", "content": "After enduring hunger for two days, Buddh Singh, a construction worker, set out from Gurugram at 9 p.m. on March 26 on a 580-km journey back to Chhatarpur in Madhya Pradesh, with no transport in sight because of the lockdown.\r\nCarrying two pairs of shirts and\u2026 [+3278 chars]"}, {"source": {"id": "the-hindu", "name": "The Hindu"}, "author": "PTI", "title": "Coronavirus | Medical staff to be lodged in 5-star hotels in U.P.", "description": "Arrangement for food and other requirements for them will be made in these hotels.", "url": "https://www.thehindu.com/news/national/coronavirus-medical-staff-to-be-lodged-in-5-star-hotels-in-up/article31207964.ece", "urlToImage": "https://www.thehindu.com/news/national/ls3jef/article31207963.ece/ALTERNATES/LANDSCAPE_615/30THUPMEDICALSTAFF", "publishedAt": "2020-03-30T13:12:37Z", "content": "Doctors, nurses and paramedical staff working with coronavirus patients will be lodged in four 5-star hotels of the capital city of Uttar Pradesh, officials said on Monday. Besides, Avadh Shilp Gram on Shaheed Path and Indira Gandhi Pratishthan have also been\u2026 [+1087 chars]"}, {"source": {"id": "the-hindu", "name": "The Hindu"}, "author": "PTI", "title": "Coronavirus | Fear factor combined with fake news creates new \u2018infodemic\u2019 on social media", "description": "The Indian Army also had to debunk fake news about an impending emergency declaration in April.", "url": "https://www.thehindu.com/news/national/coronavirus-fear-factor-combined-with-fake-news-creates-new-infodemic-on-social-media/article31207883.ece", "urlToImage": "https://www.thehindu.com/static/theme/default/base/img/og-image.jpg", "publishedAt": "2020-03-30T13:04:10Z", "content": "As India battles the deadly coronavirus (COVID-19) pandemic, a fake news infodemic is also spreading on WhatsApp, Facebook, Twitter and other social media platforms with numerous false claims, including about an impending emergency declaration and an extensio\u2026 [+7408 chars]"}, {"source": {"id": "the-hindu", "name": "The Hindu"}, "author": "Sunalini Mathew", "title": "#PreBuyLocal can help small businesses in the time of Coronavirus lockdown", "description": "With the COVID-19 lockdown, it\u2019s small businesses in the informal sector that are suffering the most, but by extending credit, we can help out. Here is why the hashtag is trending on Instagram.", "url": "https://www.thehindu.com/life-and-style/trending-now-prebuylocal-on-instagram-during-coronavirus-lockdown-for-small-businesses/article31203828.ece", "urlToImage": "https://www.thehindu.com/life-and-style/fgzd4/article31203822.ece/ALTERNATES/LANDSCAPE_615/ecommerce-21406031920", "publishedAt": "2020-03-30T06:04:42Z", "content": "So in the blink of an eye, sh*t got real, read the No Nasties newsletter this week. It goes on to tell the reader of how the organic- and Fairtrade-certified clothing brand founded in 2011 is taking a hit, with B2B clients in the travel industry halting order\u2026 [+2553 chars]"}, {"source": {"id": "the-hindu", "name": "The Hindu"}, "author": "R. Prasad", "title": "Coronavirus | Health Ministry says \u2018limited community transmission\u2019 in India", "description": "WHO has not listed community transmission for any country including the U.S.", "url": "https://www.thehindu.com/sci-tech/health/coronavirus-health-ministry-says-limited-community-transmission-in-india/article31210937.ece", "urlToImage": "https://www.thehindu.com/sci-tech/health/nxggt0/article31210936.ece/ALTERNATES/LANDSCAPE_615/CORONAVIRUS", "publishedAt": "2020-03-30T16:18:05Z", "content": "Even as the Indian Council of Medical Research (ICMR) insists that there is no community transmission of novel coronavirus (SARS-CoV-2) in India, on March 29, the Health Ministry on its website mentions that there is limited community transmission. In the doc\u2026 [+2564 chars]"}, {"source": {"id": "the-hindu", "name": "The Hindu"}, "author": "Special Correspondent", "title": "Coronavirus | Apollo Hospitals ties up with hotels to ready isolation rooms", "description": "These rooms will be pooled from Lemon Tree, Ginger and Oyo Rooms at a discount, while Zomato will provide food delivery service, HUL and SBI will pitch in with funds to make some of these rooms available free of cost, and Apollo Hospitals will provide medical\u2026", "url": "https://www.thehindu.com/sci-tech/health/coronavirus-apollo-hospitals-ties-up-with-hotels-to-ready-isolation-rooms/article31211549.ece", "urlToImage": "https://www.thehindu.com/sci-tech/health/rplbq7/article31211604.ece/ALTERNATES/LANDSCAPE_615/apollo-hospitals", "publishedAt": "2020-03-30T17:19:42Z", "content": "Apollo Hospitals on Monday said it has partnered with a number of corporates such as Hindustan Unilever, the State Bank of India, Deutsche Bank, Oyo Rooms, Lemon Tree, Ginger hotels and Zomato, to launch an initiative Project STAY I wherein it aims to make 5,\u2026 [+2116 chars]"}, {"source": {"id": "the-hindu", "name": "The Hindu"}, "author": "Staff Reporter", "title": "Coronavirus | TNDRF team conducts an awareness campaign", "description": "The team visited the new bus stand where temporary markets are functioning, at Five Roads Junction and other important places in Salem.", "url": "https://www.thehindu.com/news/cities/Coimbatore/coronavirus-tndrf-team-conducts-an-awareness-campaign/article31213131.ece", "urlToImage": "https://www.thehindu.com/news/cities/Coimbatore/ywr7o1/article31213130.ece/ALTERNATES/LANDSCAPE_615/SA31-DRILL", "publishedAt": "2020-03-30T21:15:10Z", "content": "A team of Tamil Nadu Disaster Response Force (TNDRF) has arrived in Salem and are creating awareness among the public on the preventive measures for COVID-19 disease here.\r\nA team of 40 members, led by Inspector O.P. Chandra Bose from Chennai, conducted aware\u2026 [+659 chars]"}, {"source": {"id": "the-hindu", "name": "The Hindu"}, "author": "Amarnath Tewary", "title": "Coronavirus | An unending journey to their homes", "description": "With no means of transport to get back to their villages, migrant labourers have been walking hundreds of kilometres", "url": "https://www.thehindu.com/news/national/other-states/coronavirus-an-unending-journey-to-their-homes/article31211955.ece", "urlToImage": "https://www.thehindu.com/news/national/other-states/tl2tb3/article31211954.ece/ALTERNATES/LANDSCAPE_615/20THLTCOVIDLOCKDOWN", "publishedAt": "2020-03-30T17:42:08Z", "content": "At 11 on Monday morning, fifteen-year-old Balmiki Kumar is sitting on a wooden bench under a tree inside the campus of the Patna High School in Gardanibagh locality. His tattered black backpack is bloated with stuff. He is unwilling to go inside the vacant ro\u2026 [+3946 chars]"}, {"source": {"id": "the-hindu", "name": "The Hindu"}, "author": "AFP", "title": "Coronavirus | Amazon, Instacart workers protest over safety", "description": "A separate group of workers at the Amazon-owned grocery chain Whole Foods meanwhile called for a one-day stoppage or \u201csickout\u201d on Tuesday to press demands for improved health measures.", "url": "https://www.thehindu.com/news/international/coronavirus-amazon-instacart-workers-protest-over-safety/article31213323.ece", "urlToImage": "https://www.thehindu.com/incoming/q8xqnb/article31213330.ece/ALTERNATES/LANDSCAPE_615/0001QA25Gjpg", "publishedAt": "2020-03-30T22:08:00Z", "content": "Amazon warehouse employees and Instacart delivery shoppers joined protests Monday to press safety demands, highlighting the risks for workers on the front lines of supplying Americans largely sheltering at home due to the COVID-19 pandemic.\r\nAlso read |Five m\u2026 [+3018 chars]"}, {"source": {"id": "the-hindu", "name": "The Hindu"}, "author": "PTI", "title": "AIIMS to convert Trauma Centre into coronavirus hospital", "description": "Preparations are underway to convert the facility, which provides treatment mostly to victims of road accidents, into a hospital dedicated to respond to the novel coronavirus", "url": "https://www.thehindu.com/news/cities/Delhi/aiims-to-convert-trauma-centre-into-coronavirus-hospital/article31203801.ece", "urlToImage": "https://www.thehindu.com/news/cities/Delhi/kd7h2f/article31203800.ece/ALTERNATES/LANDSCAPE_615/AIIMSTRAUMACENTRE", "publishedAt": "2020-03-30T06:03:07Z", "content": "Joining the fight against the coronavirus, the All India Institute of Medical Sciences (AIIMS) here has decided to convert its sprawling Trauma Centre building into a COVID-19 hospital.\r\nPreparations are underway to convert the facility, which provides treatm\u2026 [+1669 chars]"}, {"source": {"id": "the-hindu", "name": "The Hindu"}, "author": "The Hindu", "title": "In pictures | Coronavirus lockdown: woes galore on Day 6", "description": "From stranded migrant labourers to busy volunteers and corporation workers to dairy farmers suffering losses, the day-6 of the lockdown is brimming with tales of sufferings, volunteering initiatives and the involvement of the government in mitigating the cris\u2026", "url": "https://www.thehindu.com/news/national/coronavirus-lockdown-woes-galore-on-day-6/article31210275.ece", "urlToImage": "https://www.thehindu.com/news/national/lcgloz/article31210247.ece/ALTERNATES/LANDSCAPE_615/THVLI-3", "publishedAt": "2020-03-30T16:08:09Z", "content": "Amid the 21-day nationwide lockdown announced by Prime Minister Narendra Modi to contain the spread of coronavirus(COVID-19) in the country, there has been exodus of migrant workers from various villages who are desperate to return to their villages. Many wer\u2026 [+831 chars]"}, {"source": {"id": "the-hindu", "name": "The Hindu"}, "author": "GUWAHATI", "title": "Coronavirus lockdown | Dairy, vegetable farmers count losses in Assam", "description": "Closure of all hotels, restaurants and sweetmeat shops besides transportation hit them hard", "url": "https://www.thehindu.com/news/national/coronavirus-lockdown-dairy-vegetable-farmers-count-losses-in-assam/article31209129.ece", "urlToImage": "https://www.thehindu.com/news/national/ow45qr/article31209125.ece/ALTERNATES/LANDSCAPE_615/VBK-ASSAM-CORONAVIRUS-RRK", "publishedAt": "2020-03-30T14:25:27Z", "content": "The inability to transport their produce because of the coronavirus lockdown has forced small dairy farmers in Assam throw away hundreds of litres of milk while vegetable growers are letting their crop rot or dumping nearby for animals.\r\nAlso read | Centre te\u2026 [+2527 chars]"}, {"source": {"id": "the-hindu", "name": "The Hindu"}, "author": "Special Correspondent", "title": "Coronavirus | Curbs on migrants workers will worsen crisis, say activists", "description": "Sealing of borders and total lock-down will escalate panic, warn grass roots groups.", "url": "https://www.thehindu.com/news/national/other-states/coronavirus-curbs-on-migrants-workers-will-worsen-crisis-say-activists/article31212098.ece", "urlToImage": "https://www.thehindu.com/static/theme/default/base/img/og-image.jpg", "publishedAt": "2020-03-30T17:49:08Z", "content": "A day after the Union Minister of Home Affairs ordered that the movement of migrant workers be restricted, groups representing informal workers on Monday said the decision would lead to chaos for the workers already suffering due to the nationwide COVID-19 lo\u2026 [+2181 chars]"}, {"source": {"id": "the-hindu", "name": "The Hindu"}, "author": "PTI", "title": "Coronavirus | Israeli PM Netanyahu enters quarantine after aide tested positive", "description": "Mr. Neyanyahu\u2019s office said the step was a precaution and is being taken even before the epidemiological investigation has been concluded.", "url": "https://www.thehindu.com/news/international/coronavirus-israeli-pm-netanyahu-enters-quarantine-after-aide-tested-positive/article31207436.ece", "urlToImage": "https://www.thehindu.com/news/international/wraqfd/article30673965.ece/ALTERNATES/LANDSCAPE_615/TH28NETANYAHU", "publishedAt": "2020-03-30T12:25:43Z", "content": "Israeli Prime Minister Benjamin Netanyahus office said on Monday that he will enter quarantine after an aide on Knesset affairs tested positive for coronavirus (COVID-19).\r\nMr. Neyanyahus office said the step was a precaution and is being taken even before th\u2026 [+734 chars]"}, {"source": {"id": "the-hindu", "name": "The Hindu"}, "author": "PTI", "title": "Rupee slips 32 paise to 75.21 against US dollar in early trade amid coronavirus scare", "description": "Forex traders said weak opening in domestic equities dragged the local unit amid mounting fears of a coronavirus-led economic slowdown.", "url": "https://www.thehindu.com/business/markets/rupee-slips-32-paise-to-7521-against-us-dollar-in-early-trade-amid-coronavirus-scare/article31203366.ece", "urlToImage": "https://www.thehindu.com/todays-paper/tp-business/9uimks/article31147487.ece/ALTERNATES/LANDSCAPE_615/23bmmsa-Rupee-hG6379G0JB3jpgjpg", "publishedAt": "2020-03-30T04:16:17Z", "content": "The Indian Rupee fell 32 paise to 75.21 against the US dollar in opening trade on Monday, as investors braced for a prolonged period of uncertainty as coronavirus-induced lockdowns tightened across the world and in India.\r\nForex traders said weak opening in d\u2026 [+1429 chars]"}, {"source": {"id": "the-hindu", "name": "The Hindu"}, "author": "Sidharth Yadav", "title": "Coronavirus: 45 active cases in Madhya Pradesh as eight test positive", "description": "Seven persons from Indore and one from Ujjain tested positive on Sunday night", "url": "https://www.thehindu.com/news/national/other-states/coronavirus-45-active-cases-in-madhya-pradesh-as-eight-test-positive/article31204102.ece", "urlToImage": "https://www.thehindu.com/news/national/other-states/ddbuwu/article31204101.ece/ALTERNATES/LANDSCAPE_615/MP", "publishedAt": "2020-03-30T06:46:38Z", "content": "Seven persons from Indore and one from Ujjain tested positive for COVID-19 on Sunday night, taking the number of active cases to 45 in Madhya Pradesh, according to the Mahatma Gandhi Memorial Medical College, Indore. Two persons have succumbed to the illness \u2026 [+912 chars]"}, {"source": {"id": "the-hindu", "name": "The Hindu"}, "author": "Special Correspondent", "title": "Coronavirus | Ensure there is no starvation during lockdown, Mamata Banerjee tells officials", "description": "Allot one hospital dedicated to the virus in every district, says Bengal Chief Minister.", "url": "https://www.thehindu.com/news/national/coronavirus-ensure-there-is-no-starvation-during-lockdown-mamata-banerjee-tells-officials/article31212626.ece", "urlToImage": "https://www.thehindu.com/static/theme/default/base/img/og-image.jpg", "publishedAt": "2020-03-30T18:27:42Z", "content": "West Bengal Chief Minister Mamata Banerjee on Monday held a video conference with senior officials of all districts and issued strict instructions that they should ensure that there is no starvation in the State. In case someone does not have a ration card, t\u2026 [+1401 chars]"}, {"source": {"id": "the-hindu", "name": "The Hindu"}, "author": "AFP", "title": "Coronavirus | Albanian healthcare personnel help badly-hit Italian city of Brescia", "description": "Italy has recorded a world-leading 11,591 deaths, more than half of them in the Lombardy region.", "url": "https://www.thehindu.com/news/international/coronavirus-albanian-healthcare-personnel-help-badly-hit-italian-city-of-brescia/article31213576.ece", "urlToImage": "https://www.thehindu.com/incoming/l6j8pe/article31213577.ece/ALTERNATES/LANDSCAPE_615/0001PY93Jjpg", "publishedAt": "2020-03-30T22:22:55Z", "content": "About 30 doctors from Albania, one of Europes poorest countries, were at work in northern Italy on Monday helping overwhelmed hospitals at the epicentre of the coronavirus pandemic.\r\nOne of the doctors said he was simply following the Hippocratic Oath that me\u2026 [+1159 chars]"}, {"source": {"id": "the-hindu", "name": "The Hindu"}, "author": "Manojit Saha", "title": "Coronavirus lockdown | PSU banks tell branches to work full hours at ministry\u2019s urging", "description": "Full staffing advised to help banks cope with pay day rush, DBT withdrawals in rural areas", "url": "https://www.thehindu.com/news/national/coronavirus-lockdown-psu-banks-tell-branches-to-work-full-hours-at-ministrys-urging/article31210994.ece", "urlToImage": "https://www.thehindu.com/news/national/ywvdeu/article31210993.ece/ALTERNATES/LANDSCAPE_615/NEWS1BANKS", "publishedAt": "2020-03-30T16:25:41Z", "content": "After being prodded by the finance ministry, state-owned banks have directed their branches to ensure both that the staff are present in full strength from Tuesday and that the branches remain open for regular business hours in anticipation of the higher foot\u2026 [+2615 chars]"}, {"source": {"id": "the-hindu", "name": "The Hindu"}, "author": "PTI", "title": "Coronavirus | 35 Indians land in Delhi from Kabul, being sent to ITBP quarantine facility", "description": "The 35 passengers are being screened and will be sent to the quarantine facility in the Chhawla area of southwest Delhi", "url": "https://www.thehindu.com/news/national/coronavirus-35-indians-land-in-delhi-from-kabul-being-sent-to-itbp-quarantine-facility/article31207061.ece", "urlToImage": "https://www.thehindu.com/static/theme/default/base/img/og-image.jpg", "publishedAt": "2020-03-30T11:52:31Z", "content": "A flight carrying 35 Indians from Afghanistan landed at the Delhi airport on March 30 and the passengers were being sent to an ITBP quarantine facility set up in the wake of the coronavirus outbreak, officials said.\r\n They said the Kam Air flight from Kabul l\u2026 [+353 chars]"}, {"source": {"id": "the-hindu", "name": "The Hindu"}, "author": "Bishwanath Ghosh", "title": "Socialising in the time of coronavirus lockdown: online tea, office parties", "description": "While conducting business online is not a new concept, socialising certainly is and seems to be catching on.", "url": "https://www.thehindu.com/news/national/socialising-in-the-time-of-coronavirus-lockdown-online-tea-office-parties/article31208976.ece", "urlToImage": "https://www.thehindu.com/news/national/mkcgwc/article31208975.ece/ALTERNATES/LANDSCAPE_615/VBK-CORONAVIRUS-ZOOM-REUTERS", "publishedAt": "2020-03-30T14:17:22Z", "content": "More and more people are escaping to the virtual world as they realise that life must go on and that 21 days of lockdown is too long to put it on hold. If everything from ordering essentials to business meetings to conducting classes can happen online, why no\u2026 [+3104 chars]"}, {"source": {"id": "the-hindu", "name": "The Hindu"}, "author": "PTI", "title": "Pakistani squash great Azam Khan dies of coronavirus in London", "description": "He won the British Open title successively between 1959 and 1961", "url": "https://www.thehindu.com/sport/other-sports/pakistani-squash-great-azam-khan-dies-of-coronavirus-in-london/article31203593.ece", "urlToImage": "https://www.thehindu.com/sport/other-sports/hc84pv/article31203592.ece/ALTERNATES/LANDSCAPE_615/TH30AZAM", "publishedAt": "2020-03-30T05:23:46Z", "content": "Pakistani squash great Azam Khan has died of coronavirus in London, his family said.\r\n Azam, who won the British Open title successively between 1959 and 1961, had tested positive for COVID-19 last week and died at Londons Ealing Hospital on Saturday. He was \u2026 [+621 chars]"}, {"source": {"id": "the-hindu", "name": "The Hindu"}, "author": "Madhur Tankha", "title": "What happens in an old age home in India\u2019s Coronavirus lockdown?", "description": "How Davo, an old age home in Delhi\u2019s Dwarka, is struggling, during the Coronavirus pandemic", "url": "https://www.thehindu.com/society/home-for-the-elderly-ngo-davo-faces-troubles-in-the-coronavirus-lockdown-with-no-volunteers-and-limited-food-supply/article31207498.ece", "urlToImage": "https://www.thehindu.com/society/472wnk/article31207494.ece/ALTERNATES/LANDSCAPE_615/Dev-Goswami-carrying-an-inmate", "publishedAt": "2020-03-30T12:26:47Z", "content": "For the senior citizens who live on the premises of the not-for-profit home for seniors, Davo, in Dwarka, Delhi, social distancing is not new. They have been abandoned by their families and do not have the means to afford their own spaces. Of the 60 inmates, \u2026 [+3090 chars]"}, {"source": {"id": "the-hindu", "name": "The Hindu"}, "author": "PTI", "title": "Coronavirus | Doctors on duty at 2 city hospitals to be accommodated at pvt hotel", "description": "The payment shall be borne by the Delhi government, as per an order from the health department", "url": "https://www.thehindu.com/news/cities/Delhi/coronavirus-doctors-on-duty-at-2-city-hospitals-to-be-accommodated-at-pvt-hotel/article31206271.ece", "urlToImage": "https://www.thehindu.com/news/cities/Delhi/h5ktjf/article31206270.ece/ALTERNATES/LANDSCAPE_615/LNJPHOSPITAL", "publishedAt": "2020-03-30T11:02:51Z", "content": "The doctors treating coronavirus patients at Lok Nayak Jai Prakash Narayan (LNJP) and G.B. Pant hospitals will be accommodated at a private hotel here on city governments expense, said an order from the Delhi health department.\r\nThe order issued on March 29 s\u2026 [+1003 chars]"}]}