{"status": "ok", "totalResults": 51, "articles": [{"source": {"id": "the-hindu", "name": "The Hindu"}, "author": "Amarnath Tewary", "title": "Bihar reports first coronavirus death", "description": "The State government has also put 550 passengers on surveillance in different hospitals who on Sunday morning returned to the State by train from Maharashtra", "url": "https://www.thehindu.com/news/national/bihar-reports-first-coronavirus-death/article31133966.ece", "urlToImage": "https://www.thehindu.com/static/theme/default/base/img/og-image.jpg", "publishedAt": "2020-03-22T06:54:33Z", "content": "Bihar on March 22 reported the first death in the State due to coronavirus. The deceased was found positive for COVID-19 and was also undergoing treatment for kidney ailment at Patna-based All India Institute of Medical Sciences (AIIMS).\r\nThe deceased Saif Al\u2026 [+1007 chars]"}, {"source": {"id": "the-hindu", "name": "The Hindu"}, "author": "Special Correspondent", "title": "Coronavirus: 263 passengers evacuated from Italy", "description": "The evacuees were taken to a quarantine facility run by the Indo-Tibetan Border Police Force at Chhawla, on the outskirts of Delhi", "url": "https://www.thehindu.com/news/national/coronavirus-263-passengers-evacuated-from-italy/article31133751.ece", "urlToImage": "https://www.thehindu.com/news/national/other-states/nupg0b/article31063407.ece/ALTERNATES/LANDSCAPE_615/DE14PG22-COLPTI2172020000146", "publishedAt": "2020-03-22T05:49:34Z", "content": "As many as 263 passengers were evacuated from Italy on Sunday. The evacuees were being taken to a quarantine facility run by the Indo-Tibetan Border Police Force (ITBP) at Chhawla, on the outskirts of Delhi.\r\nAn ITBP spokesperson said the evacuees were being \u2026 [+592 chars]"}, {"source": {"id": "the-hindu", "name": "The Hindu"}, "author": "Special Correspondent", "title": "Anantapur ramps up measuresto combat coronavirus", "description": "2,900 beds being readied for isolation wards, says DMHO", "url": "https://www.thehindu.com/news/national/andhra-pradesh/anantapur-ramps-up-measuresto-combat-coronavirus/article31138089.ece", "urlToImage": "https://www.thehindu.com/static/theme/default/base/img/og-image.jpg", "publishedAt": "2020-03-22T19:52:19Z", "content": "The district administration and medical and health department are working in tandem with the district police personnel for monitoring the health condition of 357 persons with foreign travel history after February 10. \r\nOut of these, 250 persons are currently \u2026 [+1322 chars]"}, {"source": {"id": "the-hindu", "name": "The Hindu"}, "author": "Bindu Shajan Perappadan", "title": "Coronavirus | Isolation is India\u2019s best weapon: ICMR", "description": "Lockdown is the most important step in breaking virus transmission, says its Director-General", "url": "https://www.thehindu.com/news/national/coronavirus-isolation-is-indias-best-weapon-icmr/article31136669.ece", "urlToImage": "https://www.thehindu.com/news/national/vqy9g/article31136668.ece/ALTERNATES/LANDSCAPE_615/23THGUJARAT", "publishedAt": "2020-03-22T16:42:37Z", "content": "Isolation, and not indiscriminate testing, is the only way India can limit the spread of COVID-19, Balram Bhargava, Director-General, Indian Council of Medical Research (ICMR) said on Sunday.\r\nA lockdown is the most important step in breaking transmission of \u2026 [+2495 chars]"}, {"source": {"id": "the-hindu", "name": "The Hindu"}, "author": "Special Correspondent", "title": "Coronavirus | Nagaland orders lock down, sealing of borders", "description": "Violators face imprisonment for up to a month with or without fine", "url": "https://www.thehindu.com/news/national/other-states/coronavirus-nagaland-orders-lock-down-sealing-of-borders/article31135263.ece", "urlToImage": "https://www.thehindu.com/news/national/other-states/qg3i5x/article31135262.ece/ALTERNATES/LANDSCAPE_615/NAGALAND", "publishedAt": "2020-03-22T13:01:58Z", "content": "Nagaland has followed Mizoram in ordering partial lock down and sealing borders as the north-eastern States on Sunday largely responded to the janata curfew call by Prime Minister Narendra Modi.\r\nNagalands Chief Secretary Temjen Toy on Sunday issued the order\u2026 [+1687 chars]"}, {"source": {"id": "the-hindu", "name": "The Hindu"}, "author": "Nistula Hebbar", "title": "Coronavirus | 80 districts in lockdown to contain virus spread", "description": "With first deaths reported in Bihar and Gujarat, toll rises to 7; inter-State transport, suburban trains, bus services suspended.", "url": "https://www.thehindu.com/news/national/coronavirus-india-locks-down-80-districts-to-contain-virus-spread/article31134567.ece", "urlToImage": "https://www.thehindu.com/news/national/nkbvgg/article31134566.ece/ALTERNATES/LANDSCAPE_615/CORONAVIRUS", "publishedAt": "2020-03-22T19:03:46Z", "content": "All train, metro and inter-State transport services across the country were suspended on Sunday till March 31 as the death toll from COVID-19 rose to seven nationwide, and the number of confirmed cases stood at 396. Unprecedented restrictions were imposed in \u2026 [+5362 chars]"}, {"source": {"id": "the-hindu", "name": "The Hindu"}, "author": "PTI", "title": "Coronavirus | TMC asks its MPs to withdraw from Parliament", "description": "TMC has 22 MPs in Lok Sabha and 13 in Rajya Sabha", "url": "https://www.thehindu.com/news/national/other-states/coronavirus-tmc-asks-its-mps-to-withdraw-from-parliament/article31133986.ece", "urlToImage": "https://www.thehindu.com/static/theme/default/base/img/og-image.jpg", "publishedAt": "2020-03-22T07:00:07Z", "content": "The Trinamool Congress (TMC) on Sunday announced that it has given instructions to all its MPs to withdraw from Parliament and return to their constituencies in view of the coronavirus scare.\r\n TMC Rajya Sabha MP Derek OBrien has written to presiding officers\u2026 [+1443 chars]"}, {"source": {"id": "the-hindu", "name": "The Hindu"}, "author": "Yuthika Bhargava", "title": "Coronavirus: Railways cancels all train services till March 31", "description": "Barring goods train, premium trains, Mail/Express trains, passenger trains, suburban trains, Kolkata Metro Rail, Konkan Railway etc will not operate, according to the Railways", "url": "https://www.thehindu.com/news/national/coronavirus-railways-cancels-all-train-services-till-march-31/article31134311.ece", "urlToImage": "https://www.thehindu.com/news/national/ljgvcr/article31134310.ece/ALTERNATES/LANDSCAPE_615/trains-delhi", "publishedAt": "2020-03-22T08:58:44Z", "content": "As part of efforts to control the spread of COVID-19, the Indian Railways on Sunday announced the cancellation of all train services, barring goods train, till March 31.\r\nIn continuation of the measures taken in the wake of COVID-19, it has been decided that \u2026 [+1602 chars]"}, {"source": {"id": "the-hindu", "name": "The Hindu"}, "author": "Mohammed Iqbal", "title": "Coronavirus: Rajasthan announces complete lockdown till March 31", "description": "Food packets will also be distributed free of cost to the street vendors, daily wage earners.", "url": "https://www.thehindu.com/news/national/other-states/coronavirus-rajasthan-announces-complete-lockdown-till-march-31/article31133432.ece", "urlToImage": "https://www.thehindu.com/news/national/other-states/u7hbg8/article31131954.ece/ALTERNATES/LANDSCAPE_615/22BMCSMTDOCTORS", "publishedAt": "2020-03-22T02:11:04Z", "content": "In a late night decision, the Rajasthan government on March 21 announced a complete lockdown of the State till March 31 to contain the spread of coronavirus. All government and private offices, malls, shops, factories and public transport across the State wil\u2026 [+1659 chars]"}, {"source": {"id": "the-hindu", "name": "The Hindu"}, "author": "Special Correspondent", "title": "Coronavirus: Punjab orders complete lockdown till March 31", "description": "Punjab has so far reported 14 cases with 11 positive cases being reported on March 21, taking the tally to 14.", "url": "https://www.thehindu.com/news/national/coronavirus-punjab-orders-complete-lockdown-till-march-31/article31133475.ece", "urlToImage": "https://www.thehindu.com/news/national/ri1dh3/article31133474.ece/ALTERNATES/LANDSCAPE_615/PTI21-03-2020000280A", "publishedAt": "2020-03-22T14:08:41Z", "content": "As confirmed COVID-19 cases climbed to 14 in Punjab, the State government has ordered a complete lockdown with immediate effect to check the spread of the virus.\r\nAlso read:Rajasthan announces complete lockdown till March 31\r\nChief Minister Amarinder Singh tw\u2026 [+873 chars]"}, {"source": {"id": "the-hindu", "name": "The Hindu"}, "author": "Reuters", "title": "Afghanistan reports 10 new coronavirus cases", "description": "Health minister Ferzoddin Feroz said 97 samples were tested in last 24 hours, 10 of them were positive.", "url": "https://www.thehindu.com/news/international/afghanistan-reports-10-new-coronavirus-cases/article31134045.ece", "urlToImage": "https://www.thehindu.com/business/Economy/t7a4rg/article31106547.ece/ALTERNATES/LANDSCAPE_615/TH19CORONAVIRUS-JOBS", "publishedAt": "2020-03-22T07:25:56Z", "content": "Afghanistan on Sunday reported 10 new cases of coronavirus as authorities restricted movement of civilians in the war-torn country, officials said.\r\nHealth Minister Ferzoddin Feroz said 97 samples were tested in last 24 hours, 10 of them were positive.\r\nThe t\u2026 [+278 chars]"}, {"source": {"id": "the-hindu", "name": "The Hindu"}, "author": "Reuters", "title": "China sees continued rise in imported coronavirus cases", "description": "While China has drastically reduced the number of reported domestically transmitted cases - the one reported on Sunday was the first in four days - it is seeing a steady rise in imported cases, mostly from Chinese people returning from abroad.", "url": "https://www.thehindu.com/news/international/china-sees-continued-rise-in-imported-coronavirus-cases/article31133453.ece", "urlToImage": "https://www.thehindu.com/news/international/ouwegm/article31133452.ece/ALTERNATES/LANDSCAPE_615/VIRUSOUTBREAKCHINA", "publishedAt": "2020-03-22T02:27:42Z", "content": "China on Sunday reported 46 new cases of coronavirus, the fourth straight day with an increase, with all but one of those cases imported from overseas, according to the country's National Health Commission.\r\nWhile China has drastically reduced the number of r\u2026 [+2076 chars]"}, {"source": {"id": "the-hindu", "name": "The Hindu"}, "author": "PTI", "title": "Coronavirus | El Salvador govt. places country under 30-day quarantine", "description": "The central American nation of 6.4 million people has three confirmed cases of COVID-19, according to Johns Hopkins global tally, but has not recorded any deaths so far.", "url": "https://www.thehindu.com/news/international/el-salvador-govt-places-country-under-30-day-quarantine/article31134456.ece", "urlToImage": "https://www.thehindu.com/news/international/hu3nn/article31134455.ece/ALTERNATES/LANDSCAPE_615/HEALTH-CORONAVIRUSELSALVADOR", "publishedAt": "2020-03-22T09:30:47Z", "content": "El Salvadors president announced the country would be placed under a 30-day quarantine on March 21 to prevent the spread of coronavirus.\r\nThe central American nation of 6.4 million people has three confirmed cases of COVID-19, according to Johns Hopkins globa\u2026 [+821 chars]"}, {"source": {"id": "the-hindu", "name": "The Hindu"}, "author": "PTI", "title": "Coronavirus | Centre asks social media firms to remove false news on COVID-19", "description": "Taking cognisance of fake news reports on the Internet, the IT Ministry has asked all social media companies to immediately remove false news spreading misinformation about novel coronavirus from thei", "url": "https://www.thehindu.com/news/national/coronavirus-centre-asks-social-media-firms-to-remove-false-news-on-covid-19/article31136706.ece", "urlToImage": "https://www.thehindu.com/news/national/7ka9bl/article31136705.ece/ALTERNATES/LANDSCAPE_615/iStock-1212581954", "publishedAt": "2020-03-22T16:49:49Z", "content": "Taking cognisance of fake news reports on the Internet, the IT Ministry has asked all social media companies to immediately remove false news spreading misinformation about novel coronavirus from their platform.\r\n The Ministry of Electronics and IT issued an \u2026 [+1091 chars]"}, {"source": {"id": "the-hindu", "name": "The Hindu"}, "author": "Nistula Hebbar", "title": "Coronavirus: Union government announces lockdown in 75 districts till March 31", "description": "The advisory was issued during a video conference held by the Cabinet Secretary with chief secretaries of all States.", "url": "https://www.thehindu.com/news/national/coronavirus-union-government-announces-lockdown-in-75-districts-till-march-31/article31134567.ece", "urlToImage": "https://www.thehindu.com/news/national/nkbvgg/article31134566.ece/ALTERNATES/LANDSCAPE_615/CORONAVIRUS", "publishedAt": "2020-03-22T10:11:29Z", "content": "The Union government on Sunday advised State governments to issue appropriate orders to allow only essential services to operate in the 75 districts which have reported confirmed cases of COVID-19 or casualties reported relating to the disease, up to a period\u2026 [+709 chars]"}, {"source": {"id": "the-hindu", "name": "The Hindu"}, "author": "Dinesh Nayak", "title": "Coronavirus | 33-year-old man who came from Australia tests positive", "description": "He arrived here on March 12 and got admitted at a private hospital after showing symptoms of the disease", "url": "https://www.thehindu.com/news/national/karnataka/coronavirus-33-year-old-man-who-came-from-australia-tests-positive/article31133672.ece", "urlToImage": "https://www.thehindu.com/news/cities/bangalore/dc6j3k/article31056574.ece/ALTERNATES/LANDSCAPE_615/PTI03-03-2020000193ATHNAK", "publishedAt": "2020-03-22T05:02:32Z", "content": "A 33-year-old person who had arrived here from Australia has been tested positive for COVID-19.\r\nDeputy Commissioner M. Deepa confirmed that he was the 21st case to be reported from Karnataka.\r\nAlso read: Janata Curfew | Minimal public transport in Karnataka \u2026 [+449 chars]"}, {"source": {"id": "the-hindu", "name": "The Hindu"}, "author": "The Hindu Net Desk", "title": "Coronavirus live updates | India sees over 330 confirmed cases of COVID-19", "description": "At least 330 cases of COVID-19 were confirmed in India as of March 22, of which over 300 are active cases. Four people have died of the COVID-19 till", "url": "https://www.thehindu.com/news/national/coronavirus-live-updates-march-22-2020/article31133641.ece", "urlToImage": "https://www.thehindu.com/news/national/ri1dh3/article31133474.ece/ALTERNATES/LANDSCAPE_615/PTI21-03-2020000280A", "publishedAt": "2020-03-22T04:55:30Z", "content": "At least 330 cases of COVID-19 were confirmed in India as of March 22, of which over 300 are active cases. Four people have died of the COVID-19 till date. According to the Centre, there is no evidence of community transmission yet in the country.\r\nOn Sunday,\u2026 [+3301 chars]"}, {"source": {"id": "the-hindu", "name": "The Hindu"}, "author": "Mohammed Iqbal", "title": "Coronavirus | Rajasthan completely closed under twin impact of Janata Curfew, State lockdown", "description": "The North-Western Railway cancelled 236 trains since Saturday night, while the Rajasthan Roadways discontinued its bus operations.", "url": "https://www.thehindu.com/news/national/other-states/coronavirus-rajasthan-completely-closed-under-twin-impact-of-janata-curfew-state-lockdown/article31134423.ece", "urlToImage": "https://www.thehindu.com/news/national/other-states/52z0h5/article31134422.ece/ALTERNATES/LANDSCAPE_615/jaiour", "publishedAt": "2020-03-22T09:15:16Z", "content": "The entire Rajasthan remained completely closed on Sunday under the twin impact of the Janata Curfew, for which a call was given by Prime Minister Narendra Modi, and the lockdown ordered by the State government to contain the spread of coronavirus. Markets an\u2026 [+1347 chars]"}, {"source": {"id": "the-hindu", "name": "The Hindu"}, "author": "S. Murali", "title": "Prakasam pulls out all the stops to contain spread of coronavirus", "description": "25 foreign returnees house quarantined in Ongole\u2019s ZP Colony cluster; student responding to treatment", "url": "https://www.thehindu.com/news/national/andhra-pradesh/prakasam-pulls-out-all-the-stops-to-contain-spread-of-coronavirus/article31137562.ece", "urlToImage": "https://www.thehindu.com/static/theme/default/base/img/og-image.jpg", "publishedAt": "2020-03-22T19:09:03Z", "content": "The Prakasam district administration heaved a sigh of relief on Sunday with five persons with suspected symptoms testing negative for COVID-19 and the foreign returned student who had tested positive responding well to the treatment.\r\nDistrict Collector and n\u2026 [+1652 chars]"}, {"source": {"id": "the-hindu", "name": "The Hindu"}, "author": "Reuters", "title": "Coronavirus | Germany's Merkel goes into quarantine after contact with infected doctor", "description": "\u201cThe great aim is to gain time in the fight against the virus,\u201d she says", "url": "https://www.thehindu.com/news/international/coronavirus-germanys-merkel-goes-into-quarantine-after-contact-with-infected-doctor/article31137970.ece", "urlToImage": "https://www.thehindu.com/news/international/frrfks/article30300066.ece/ALTERNATES/LANDSCAPE_615/ANGELA-MERKEL", "publishedAt": "2020-03-22T19:40:40Z", "content": "German Chancellor Angela Merkel went into quarantine on Sunday after coming into contact with a coronavirus-infected doctor shortly after announcing more curbs on social interaction to slow the spread of the disease.\r\nMs. Merkel, will continue her work from h\u2026 [+2381 chars]"}, {"source": {"id": "the-hindu", "name": "The Hindu"}, "author": "Yuthika Bhargava, Bindu Shajan Perappadan", "title": "Coronavirus | COVID-19 is a new animal in the zoo; we are still understanding the virus: NITI Aayog member V.K. Paul", "description": "India so far has not seen any deaths which are unexplained, says NITI Aayog member V.K. Paul.", "url": "https://www.thehindu.com/news/national/coronavirus-covid-19-is-a-new-animal-in-the-zoo-we-are-still-understanding-the-virus-niti-aayog-member-vk-paul/article31135761.ece", "urlToImage": "https://www.thehindu.com/news/national/m0g72t/article31135760.ece/ALTERNATES/LANDSCAPE_615/VBK-VKPAULNITI-SHANKERCHAKRAVARY-1", "publishedAt": "2020-03-22T16:48:28Z", "content": "Co-chair of the Empowered Committee for COVID-19 Response, India, Dr. V.K. Paul said the changed circumstances of the spread of the disease called for a revised testing strategy and marshalling all resources to contain the pandemic. He also indicated that Ind\u2026 [+5561 chars]"}, {"source": {"id": "the-hindu", "name": "The Hindu"}, "author": "PTI", "title": "Coronavirus | Maruti Suzuki suspends production at Gurgaon, Manesar plants", "description": "The company\u2019s two plants in Haryana churn out 15.5 lakh vehicles per annum.", "url": "https://www.thehindu.com/business/Industry/coronavirus-maruti-suzuki-suspends-production-at-gurgaon-manesar-plants/article31134806.ece", "urlToImage": "https://www.thehindu.com/business/Industry/5a8qet/article31134805.ece/ALTERNATES/LANDSCAPE_615/MARUTIMANESAR", "publishedAt": "2020-03-22T10:56:41Z", "content": "The countrys largest car maker Maruti Suzuki India (MSI) on Sunday said it will suspend production at its manufacturing facilities in Haryana due to the coronavirus outbreak.\r\n The company will shut production and office operations at its facilities in Gurugr\u2026 [+366 chars]"}, {"source": {"id": "the-hindu", "name": "The Hindu"}, "author": "Special Correspondent", "title": "Coronavirus: Minor Assam girl tests negative", "description": "A resident of Jorhat town, she had initially tested positive after returning from Bihar by train on March 20 along with her mother and sister", "url": "https://www.thehindu.com/news/national/other-states/coronavirus-minor-assam-girl-tests-negative/article31134064.ece", "urlToImage": "https://www.thehindu.com/news/national/other-states/j1ucpw/article31134063.ece/ALTERNATES/LANDSCAPE_615/NAGAONASSAMCORONAVIRUS", "publishedAt": "2020-03-22T07:38:32Z", "content": "The laboratory report of a minor girl suspected to be suffering from COVID-19 has come out negative, officials said on March 22.\r\nThe Jorhat Medical College and Hospital (JMCH) on the evening of March 21 said a four-and-a-half-year-old girl tested positive in\u2026 [+1856 chars]"}, {"source": {"id": "the-hindu", "name": "The Hindu"}, "author": "Special Correspondent", "title": "Coronavirus | Seven more test positive in Punjab", "description": "According to State's health department till March 21, there were 14 positive cases of COVID-19 reported in Punjab.", "url": "https://www.thehindu.com/news/national/other-states/coronavirus-seven-more-test-positive-in-punjab-total-at-21/article31134699.ece", "urlToImage": "https://www.thehindu.com/news/national/other-states/ohqnwf/article31134698.ece/ALTERNATES/LANDSCAPE_615/PUNJAB-COVID19", "publishedAt": "2020-03-22T10:34:45Z", "content": "With 7 fresh positive cases of COVID-19 reported in Punjab in a day on Sunday, the total number of cases in the State have climbed to 21.\r\nAlso read:Bihar reports first coronavirus death\r\nSeven people of Shaheed Bhagat Singh Nagar district have been tested po\u2026 [+1048 chars]"}, {"source": {"id": "the-hindu", "name": "The Hindu"}, "author": "Staff Reporter", "title": "Coronavirus | Delhi Metro suspended till March 31", "description": "Noida Metro Rail Corporation (NMRC) also announced that all metro and bus services on the Aqua Line, connecting Noida and Greater Noida, will not be available till March 31", "url": "https://www.thehindu.com/news/cities/Delhi/coronavirus-delhi-metro-suspended-till-march-31/article31134787.ece", "urlToImage": "https://www.thehindu.com/news/cities/Delhi/qd61m6/article31134786.ece/ALTERNATES/LANDSCAPE_615/MTROKB", "publishedAt": "2020-03-22T10:44:31Z", "content": "NEW DELHI The Delhi Metro Rail Corporation (DMRC) on Sunday announced that following government advisories, metro services will not be available till March 31. \r\nIn a statement issued, the DMRC said, \"As per the latest decision in the fight against the corona\u2026 [+454 chars]"}, {"source": {"id": "the-hindu", "name": "The Hindu"}, "author": "Reuters", "title": "Greece imposes curfew to contain coronavirus", "description": "Greece announced a curfew on Sunday, restricting movement from Monday with only a few exceptions, to combat the spread of coronavirus.\u201cIt is maybe the last step, one that must be taken promptly and no", "url": "https://www.thehindu.com/news/international/greece-imposes-curfew-to-contain-coronavirus/article31136944.ece", "urlToImage": "https://www.thehindu.com/static/theme/default/base/img/og-image.jpg", "publishedAt": "2020-03-22T17:46:14Z", "content": "Greece announced a curfew on Sunday, restricting movement from Monday with only a few exceptions, to combat the spread of coronavirus.\r\nIt is maybe the last step, one that must be taken promptly and not in vain, Prime Minister Kyriakos Mitsotakis said in a te\u2026 [+557 chars]"}, {"source": {"id": "the-hindu", "name": "The Hindu"}, "author": "Special Correspondent", "title": "Coronavirus | South Asian coordination on pandemic crisis intensifies", "description": "Bangladesh pledges $1.5 million to SAARC COVID-19 Emergency Fund", "url": "https://www.thehindu.com/news/national/coronavirus-south-asian-coordination-on-pandemic-crisis-intensifies/article31136722.ece", "urlToImage": "https://www.thehindu.com/static/theme/default/base/img/og-image.jpg", "publishedAt": "2020-03-22T16:54:20Z", "content": "Members of the South Asian Association for Regional Cooperation intensified anti-COVID-19 steps to secure people from the pandemic. Sri Lanka evacuated a large number of Buddhist pilgrims from India in the early hours of Sunday before India stopped all flight\u2026 [+1455 chars]"}, {"source": {"id": "the-hindu", "name": "The Hindu"}, "author": "AP", "title": "38 positive for coronavirus in NYC jails, including Rikers", "description": "In a letter to criminal justice leaders, Board of Correction interim chairwoman Jacqueline Sherman wrote that at least 58 other people were currently being monitored in contagious disease and quarantine units.", "url": "https://www.thehindu.com/news/international/38-positive-for-coronavirus-in-nyc-jails-including-rikers/article31133496.ece", "urlToImage": "https://www.thehindu.com/news/international/2iy42j/article31133495.ece/ALTERNATES/LANDSCAPE_615/VIRUSOUTBREAKINMATES", "publishedAt": "2020-03-22T03:08:10Z", "content": "At least 38 people have tested positive for coronavirus in New York City jails, including at the notorious Rikers Island jail complex, the board that oversees the citys jail system said Saturday.\r\nIn a letter to criminal justice leaders, Board of Correction i\u2026 [+2487 chars]"}, {"source": {"id": "the-hindu", "name": "The Hindu"}, "author": "PTI", "title": "Coronavirus | Indian students seek refuge within U.K. mission premises", "description": "India\u2019s ban on travellers from the U.K. and Europe remains in place until the end of this month", "url": "https://www.thehindu.com/news/national/coronavirus-indian-students-seek-refuge-within-uk-mission-premises/article31134858.ece", "urlToImage": "https://www.thehindu.com/static/theme/default/base/img/og-image.jpg", "publishedAt": "2020-03-22T11:13:23Z", "content": "A group of 19 Indian students has sought refuge within the premises of the Indian High Commission in London overnight on March 21, demanding that they be put on a flight to India despite the travel restrictions in place following the outbreak of the novel cor\u2026 [+3446 chars]"}, {"source": {"id": "the-hindu", "name": "The Hindu"}, "author": "Special Correspondent", "title": "Coronavirus | Kerala to observe stringent lockdown only in Kasargode district", "description": "The Chief Minister\u2019s office dismissed reports that the government planned to bring more districts in the State under total lockdown", "url": "https://www.thehindu.com/news/national/kerala/coronavirus-kerala-to-observe-stringent-lockdown-only-in-kasargode-district/article31135300.ece", "urlToImage": "https://www.thehindu.com/news/national/kerala/2nedpv/article31135299.ece/ALTERNATES/LANDSCAPE_615/thiru", "publishedAt": "2020-03-22T13:07:51Z", "content": "The office of the Chief Minister of Kerala, Pinarayi Vijayan, on Sunday dismissed news reports that the government planned to bring more districts in the State under total lockdown.\r\n In a statement here, the office stated that the government had stringently \u2026 [+2876 chars]"}, {"source": {"id": "the-hindu", "name": "The Hindu"}, "author": "Special Correspondent", "title": "Coronavirus | T.N. to decide on curbs in three districts today", "description": "Inter-State bus services suspended", "url": "https://www.thehindu.com/news/national/tamil-nadu/coronavirus-tn-to-decide-on-curbs-in-three-districts-today/article31138543.ece", "urlToImage": "https://www.thehindu.com/news/national/tamil-nadu/w9tw5/article31138542.ece/ALTERNATES/LANDSCAPE_615/23THP1PIC", "publishedAt": "2020-03-22T20:49:05Z", "content": "The Tamil Nadu government will on Monday take a decision on imposing stringent restrictive measures in Chennai, Kancheepuram and Erode districts, which figure among the 80 districts countrywide where the Centre has advised maintaining only essential services \u2026 [+1275 chars]"}, {"source": {"id": "the-hindu", "name": "The Hindu"}, "author": "Saurabh Trivedi", "title": "Coronavirus | Section 144 imposed in Delhi till March 31", "description": "The order will come into effect from 9 p.m. on March 22 will remain valid up to 12 midnight on March 31.", "url": "https://www.thehindu.com/news/cities/Delhi/coronavirus-section-144-imposed-in-delhi-till-march-31/article31135097.ece", "urlToImage": "https://www.thehindu.com/news/cities/Delhi/lo4z8l/article31135095.ece/ALTERNATES/LANDSCAPE_615/delhi", "publishedAt": "2020-03-22T12:09:41Z", "content": "The Delhi Police Commissioner on Sunday imposed Section 144 in the entire city, which prohibits the gathering of five or more persons at any place.\r\nThe order copy issued by S.N. Shrivastava reads that it has become necessary to take all required precautionar\u2026 [+990 chars]"}, {"source": {"id": "the-hindu", "name": "The Hindu"}, "author": "Special Correspondent", "title": "Coronavirus: Karnataka postpones SSLC exams, fresh dates to be announced in April first week", "description": "Over eight lakh students had registered to write the examinations which were scheduled to begin on March 27 and end on April 9", "url": "https://www.thehindu.com/news/national/karnataka/coronavirus-karnataka-postpones-sslc-exams-fresh-dates-to-be-announced-in-april-first-week/article31133565.ece", "urlToImage": "https://www.thehindu.com/static/theme/default/base/img/og-image.jpg", "publishedAt": "2020-03-22T04:29:36Z", "content": "The Karnataka government has decided to postpone the SSLC examinations that were scheduled to begin from March 27. This decision was taken as a precautionary measure to prevent the transmission of COVID-19. \r\nBriefing presspersons, Chief Minister B.S. Yediyur\u2026 [+611 chars]"}, {"source": {"id": "the-hindu", "name": "The Hindu"}, "author": "Reuters", "title": "Coronavirus | Australia adds $38 billion in stimulus, States move to tighten lockdown steps", "description": "NSW, Victoria to shut down non-essential activities", "url": "https://www.thehindu.com/news/international/coronavirus-australia-adds-38-billion-in-stimulus-states-move-to-tighten-lockdown-steps/article31134093.ece", "urlToImage": "https://www.thehindu.com/news/international/vwbg2h/article31134092.ece/ALTERNATES/LANDSCAPE_615/SCOTTKB", "publishedAt": "2020-03-22T07:43:33Z", "content": "Australia's government will spend additional A$66.4 billion ($38.50 billion) as part of a second stimulus package to shelter the economy from the financial impact of the coronavirus, Prime Minister Scott Morrison said on Sunday, as States moved to impose majo\u2026 [+4157 chars]"}, {"source": {"id": "the-hindu", "name": "The Hindu"}, "author": "AFP", "title": "Thousands flock to see Olympic flame in Japan despite coronavirus fears", "description": "More than 50,000 people on Saturday queued to watch the flame displayed at Sendai station in Miyagi, chosen as part of the \u201cRecovery Olympics\u201d to showcase the region\u2019s revival after the 2011 earthquake, tsunami and nuclear meltdown.", "url": "https://www.thehindu.com/sport/thousands-flock-to-see-olympic-flame-in-japan-despite-coronavirus-fears/article31133938.ece", "urlToImage": "https://www.thehindu.com/sport/3hilqb/article31133937.ece/ALTERNATES/LANDSCAPE_615/FLAMEKB", "publishedAt": "2020-03-22T06:33:49Z", "content": "Tens of thousands of people flocked to a cauldron with the Olympic flame in northeastern Japan over the weekend despite concerns about the COVID-19 pandemic.\r\n The flame arrived in Japan to a scaled-down welcoming ceremony on Friday as doubts grew over whethe\u2026 [+1387 chars]"}, {"source": {"id": "the-hindu", "name": "The Hindu"}, "author": "Reuters", "title": "Malaysia worshippers getting screened, event organiser says after coronavirus cases spike", "description": "The four-day Islamic gathering held at a mosque near the Malaysian capital Kuala Lumpur is connected to 60% of all the 1,183 cases in the country - the highest number of infections in Southeast Asia, which has a total of more than 3,000 cases.", "url": "https://www.thehindu.com/news/international/malaysia-worshippers-getting-screened-event-organiser-says-after-coronavirus-cases-spike/article31133743.ece", "urlToImage": "https://www.thehindu.com/news/international/cjrlo0/article31133742.ece/ALTERNATES/LANDSCAPE_615/HEALTH-CORONAVIRUSMALAYSIA-MOSQUE", "publishedAt": "2020-03-22T05:46:34Z", "content": "Worshippers who attended a mass religious event in Malaysia that is now linked to 840 coronavirus cases across Southeast Asia are cooperating with authorities, an organiser said, after the government said thousands of them were still being traced.\r\nThe four-d\u2026 [+1538 chars]"}, {"source": {"id": "the-hindu", "name": "The Hindu"}, "author": "Special Correspondent", "title": "Coronavirus: Mizoram orders partial lockdown for 8 days from March 22", "description": "According to the notification, all stores barring pharmacies and those selling essential commodities will remain shut during the period.", "url": "https://www.thehindu.com/news/national/other-states/coronavirus-mizoram-orders-partial-lockdown-for-8-days-from-march-22/article31134263.ece", "urlToImage": "https://www.thehindu.com/static/theme/default/base/img/og-image.jpg", "publishedAt": "2020-03-22T08:33:16Z", "content": "Mizoram went into partial lockdown for eight days from March 22 as many across the northeast responded to the Janata Curfew call by Prime Minister Narendra Modi.\r\nA notification from the States General Administration Department signed by Chief Secretary Lalnu\u2026 [+1183 chars]"}, {"source": {"id": "the-hindu", "name": "The Hindu"}, "author": "Reuters", "title": "Angola, Eritrea, Uganda confirm first cases as coronavirus spreads in Africa", "description": "South Africa has confirmed 240 positive cases", "url": "https://www.thehindu.com/news/international/angola-eritrea-uganda-confirm-first-cases-as-coronavirus-spreads-in-africa/article31133382.ece", "urlToImage": "https://www.thehindu.com/news/international/aahj6d/article31133381.ece/ALTERNATES/LANDSCAPE_615/CORRECTIONVIRUSOUTBREAKSOUTHAFRICA", "publishedAt": "2020-03-22T00:44:59Z", "content": "Angola, Eritrea and Uganda confirmed their first cases of coronavirus, while Mauritius recorded its first death as the virus spreads across Africa despite measures by governments to hold it back.\r\nTwo male residents who flew back from Portugal on March 17-18 \u2026 [+1659 chars]"}, {"source": {"id": "the-hindu", "name": "The Hindu"}, "author": "Vignesh Radhakrishnan, Sumant Sen", "title": "Data | Where does India stand on the coronavirus curve?", "description": "India\u2019s rise in cases is mimicking the exponential rise seen in the early days of some Western countries", "url": "https://www.thehindu.com/data/data-where-does-india-stand-on-the-coronavirus-curve/article31137679.ece", "urlToImage": "https://www.thehindu.com/news/cities/chennai/tfdlh9/article31134240.ece/ALTERNATES/LANDSCAPE_615/WhatsApp-Image-2020-03-22-at-10339-PMjpeg", "publishedAt": "2020-03-22T19:31:22Z", "content": "While initially the number of COVID-19 cases were increasing at a slower pace in India compared to many other countries, things have taken a turn for the worse since Friday. With 100 new cases on Saturday, Indias climb has become steeper. Despite this rapid c\u2026 [+2953 chars]"}, {"source": {"id": "the-hindu", "name": "The Hindu"}, "author": "PTI", "title": "Coronavirus | IIT-Delhi team develops cheap COVID-19 test", "description": "\u2018Probe-free detection assay\u2019 sent to National Institute of Virology, Pune.", "url": "https://www.thehindu.com/sci-tech/health/coronavirus-iit-delhi-team-develops-cheap-covid-19-test/article31136777.ece", "urlToImage": "https://www.thehindu.com/sci-tech/health/70a47y/article31136776.ece/ALTERNATES/LANDSCAPE_615/iStock-1202585265", "publishedAt": "2020-03-22T17:04:48Z", "content": "Researchers at the Indian Institute of Technology here have developed a method to detect COVID-19 which can significantly reduce the test cost, making it affordable for large sections.\r\n The National Institute of Virology, Pune, is in the process of validatin\u2026 [+2483 chars]"}, {"source": {"id": "the-hindu", "name": "The Hindu"}, "author": "Special Correspondent", "title": "Coronavirus | Congress seeks incentives for health staff", "description": "Government should offer protection kits on priority, says Randeep Surjewala", "url": "https://www.thehindu.com/news/national/coronavirus-congress-seeks-incentives-for-health-staff/article31136835.ece", "urlToImage": "https://www.thehindu.com/news/national/7udci/article31136834.ece/ALTERNATES/LANDSCAPE_615/22THRANDEEPSURJEWALA", "publishedAt": "2020-03-22T17:17:52Z", "content": "The Congress on Sunday thanked the citizens for showing gratitude to the countrys health workers and demanded that the Centre should offer financial incentives to all doctors, nurses and supporting staff for dealing with the pandemic on war footing.\r\nIn a ser\u2026 [+1561 chars]"}, {"source": {"id": "the-hindu", "name": "The Hindu"}, "author": "Special Correspondent", "title": "Coronavirus: Punjab orders lockdown in few districts", "description": "Partial lockdown has been ordered in Jalandhar with effect from 7 a.m. on March 22 up to midnight of March 25", "url": "https://www.thehindu.com/news/national/coronavirus-punjab-orders-lockdown-in-few-districts/article31133475.ece", "urlToImage": "https://www.thehindu.com/news/national/ri1dh3/article31133474.ece/ALTERNATES/LANDSCAPE_615/PTI21-03-2020000280A", "publishedAt": "2020-03-22T02:50:15Z", "content": "Amid rising number of COVID-19 cases, the Punjab government has ordered a lockdown in few districts till March 25 including Shahid Bhagat Singh Nagar (Nawanshahr), Hoshiarpur, Kapurthala and Jalandhar.\r\nAlso read:Rajasthan announces complete lockdown till Mar\u2026 [+817 chars]"}, {"source": {"id": "the-hindu", "name": "The Hindu"}, "author": "Special Correspondent", "title": "Coronavirus | Centre advices Kerala to lock down seven districts", "description": "The districts likely to be brought under lockdown are Thiruvananthapuram, Ernakulam, Pathanamthitta, Kasargode, Malappuram, Kannur and Kottayam.", "url": "https://www.thehindu.com/news/national/kerala/coronavirus-centre-advices-kerala-to-lock-down-seven-districts/article31134818.ece", "urlToImage": "https://www.thehindu.com/news/national/kerala/eqbbw9/article31134817.ece/ALTERNATES/LANDSCAPE_615/malla", "publishedAt": "2020-03-22T10:58:11Z", "content": "The Centre on Sunday advised the Kerala government to lockdown seven districts.\r\n The decision came soon after the Union Cabinet Secretary held a video conference with Chief Secretaries of respective State governments.\r\n The districts likely to be brought und\u2026 [+752 chars]"}, {"source": {"id": "the-hindu", "name": "The Hindu"}, "author": "Piyush Pandey", "title": "Coronavirus | Anand Mahindra offers to convert Mahindra resorts to temporary care facilities", "description": "The Mahindra Group chairman explores options to make ventilators at Mahindra manufacturing facilities, contributes 100% of his salary towards a fund to fight COVID-19", "url": "https://www.thehindu.com/news/national/coronavirus-anand-mahindra-offers-to-convert-mahindra-resorts-to-temporary-care-facilities/article31134490.ece", "urlToImage": "https://www.thehindu.com/news/national/g0t3mw/article31134489.ece/ALTERNATES/LANDSCAPE_615/KENYA-MAHINDRAKB", "publishedAt": "2020-03-22T09:41:54Z", "content": "Industrialist Anand Mahindra, chairman of Mahindra Group, has offered to convert Mahindra Holiday resorts as temporary care facilities and plans to make ventilators at Mahindra manufacturing units to help fight the deadly coronavirus pandemic.\r\nBesides, he al\u2026 [+1562 chars]"}, {"source": {"id": "the-hindu", "name": "The Hindu"}, "author": "Reuters", "title": "Ecuador coronavirus cases increase by over 400 in less than a week, Health Minister quits", "description": "Officials reported 532 cases and seven recorded deaths during a virtual press conference on Saturday. On Tuesday, Vice President Otto Sonnenholzner had reported two deaths from the virus and 111 cases, double the previous day's count of 58.", "url": "https://www.thehindu.com/news/international/ecuador-coronavirus-cases-increase-by-over-400-in-less-than-a-week-health-minister-quits/article31133553.ece", "urlToImage": "https://www.thehindu.com/news/international/lza421/article31133552.ece/ALTERNATES/LANDSCAPE_615/VIRUSOUTBREAKECUADOR", "publishedAt": "2020-03-22T04:01:18Z", "content": "Ecuador's health and labor ministers resigned on Saturday, just hours after officials announced the number of confirmed cases of the novel coronavirus had shot up to over 500 in the country.\r\nThe government declared a state of emergency on Monday, prohibiting\u2026 [+1523 chars]"}, {"source": {"id": "the-hindu", "name": "The Hindu"}, "author": "Peerzada Ashiq", "title": "Coronavirus: Srinagar administration tracking locals who hid travel history to U.S., Italy", "description": "Four passengers arrived on Sunday from Mauritius, Dubai and Kazakhstan but declined to declare travel history, says Srinagar Deputy Commissioner", "url": "https://www.thehindu.com/news/national/other-states/coronavirus-srinagar-administration-tracking-locals-who-hid-travel-history-to-us-italy/article31133895.ece", "urlToImage": "https://www.thehindu.com/news/national/smw5wc/article31106376.ece/ALTERNATES/LANDSCAPE_615/TH19SRINAGAR-COVID", "publishedAt": "2020-03-22T06:27:11Z", "content": "The Srinagar administration is tracking down local travellers hiding their overseas travel history, especially to COVID-19-hit countries such as Italy and the United States, to escape any screening and the required quarantine.\r\nAlso read:When will a COVID-19 \u2026 [+2605 chars]"}, {"source": {"id": "the-hindu", "name": "The Hindu"}, "author": "PTI", "title": "Pence says he and his wife will be tested for coronavirus", "description": "Mr. Pence\u2019s comments came a day after his spokesperson said a staff from his team was tested positive for the deadly disease. However, the infected staff was never in direct contact with either Mr. Pence or President Donald Trump.", "url": "https://www.thehindu.com/news/international/pence-says-he-and-his-wife-will-be-tested-for-coronavirus/article31133533.ece", "urlToImage": "https://www.thehindu.com/news/international/6fn26k/article29914043.ece/ALTERNATES/LANDSCAPE_615/MIKEPENCE", "publishedAt": "2020-03-22T03:42:56Z", "content": "U.S. Vice President Mike Pence on Saturday said he and Second Lady Karen Pence will be tested for the coronavirus.\r\nMr. Pences comments came a day after his spokesperson said a staff from his team was tested positive for the deadly disease. However, the infec\u2026 [+922 chars]"}, {"source": {"id": "the-hindu", "name": "The Hindu"}, "author": "Special Correspondent", "title": "Coronavirus | Southern Railway cancels all suburban train services till March 31", "description": "The press note stated that only goods train services would be operated.", "url": "https://www.thehindu.com/news/national/tamil-nadu/coronavirus-southern-railway-cancels-all-suburban-train-services-till-march-31/article31134412.ece", "urlToImage": "https://www.thehindu.com/news/national/tamil-nadu/wnacgk/article31134411.ece/ALTERNATES/LANDSCAPE_615/suburban-train", "publishedAt": "2020-03-22T09:12:14Z", "content": "The Southern Railway has cancelled all suburban train services from March 23 to 31. The railway department had earlier cancelled all long distance trains till March 31, as part of COVID-19 prevention measure.\r\nAlso Read: Coronavirus: Railways cancels all trai\u2026 [+380 chars]"}, {"source": {"id": "the-hindu", "name": "The Hindu"}, "author": "The Hindu Net Desk", "title": "Morning Digest: India observes 'Janata Curfew', Centre says no community transmission of coronavirus, and more", "description": "A select list of stories to read before you start your day", "url": "https://www.thehindu.com/news/morning-digest-march-22-2020/article31133106.ece", "urlToImage": "https://www.thehindu.com/news/rgkj2n/article31133105.ece/ALTERNATES/LANDSCAPE_615/THAVDCURFEW", "publishedAt": "2020-03-22T02:29:58Z", "content": "Prime Minister Narendra Modi on March 22 requested people to join the\u00a0Janata Curfew\u00a0to make the fight against\u00a0COVID-19\u00a0a success. Modi had proposed Janata Curfew on Sunday between 7 a.m. and 9 p.m. as part of social distancing to check the spread of the deadl\u2026 [+2739 chars]"}, {"source": {"id": "the-hindu", "name": "The Hindu"}, "author": "K Srinivasa Rao", "title": "Srikakulam denizens stay indoors in a bid to keep coronavirus out", "description": "Janata Curfew has its impact on everyone and everything", "url": "https://www.thehindu.com/news/national/andhra-pradesh/srikakulam-denizens-stay-indoors/article31134403.ece", "urlToImage": "https://www.thehindu.com/static/theme/default/base/img/og-image.jpg", "publishedAt": "2020-03-22T09:10:09Z", "content": "Almost all the roads and streets wore deserted look in Srikakulam, thanks to the Janata Curfew call given by Prime Minister Narendra Modi which is being observed from 7 am to 9 pm on Sunday.\r\nWith the massive awareness blitzkrieg by the government about the s\u2026 [+464 chars]"}, {"source": {"id": "the-hindu", "name": "The Hindu"}, "author": "AFP", "title": "Coronavirus | World ramps up restrictions as number of virus cases top 3,00,000", "description": "Nearly one billion people are already confined to their homes around the world as countries race to contain the ballooning outbreak by imposing unprecedented lockdown measures, shutting shops and businesses and sealing borders.", "url": "https://www.thehindu.com/news/international/coronavirus-world-ramps-up-restrictions-as-number-of-virus-cases-top-300000/article31135733.ece", "urlToImage": "https://www.thehindu.com/news/international/fh9uli/article31135732.ece/ALTERNATES/LANDSCAPE_615/HEALTH-CORONAVIRUSCUBA", "publishedAt": "2020-03-22T14:20:25Z", "content": "From Italy to India to the United States, governments rolled out tougher measures to halt the rapid spread of the coronavirus pandemic as global cases surged past 3,00,000 on March 22 and Asia braced for a possible second wave of infections.\r\nNearly one billi\u2026 [+6471 chars]"}]}