{"status": "ok", "totalResults": 14, "articles": [{"source": {"id": "the-hindu", "name": "The Hindu"}, "author": "PTI", "title": "Coronavirus | Indian consulate in Houston helps stranded Indians", "description": "There are no evacuation plans by India at this point as some believe, said Aseem Mahajan, the Indian Consul-General in Houston.", "url": "https://www.thehindu.com/news/national/coronavirus-indian-consulate-in-houston-helps-stranded-indians/article31307360.ece", "urlToImage": "https://www.thehindu.com/news/national/jy5cpm/article31307359.ece/ALTERNATES/LANDSCAPE_615/DOLLAR-INDIANPASSPORT", "publishedAt": "2020-04-10T08:28:07Z", "content": "The Indian consulate here has come to the rescue of stranded Indians in America amidst the coronavirus pandemic and the resultant lockdown in many countries.\r\nThe sudden cancellation of commercial flights to India and other parts of the world has left several\u2026 [+2323 chars]"}, {"source": {"id": "the-hindu", "name": "The Hindu"}, "author": "PTI", "title": "Coronavirus | Israel PM Netanyahu thanks India for delivering hydroxychloroquine", "description": "India has already given medical aid to the U.S and Brazil.", "url": "https://www.thehindu.com/news/international/coronavirus-israel-pm-netanyahu-thanks-india-for-delivering-hydroxychloroquine/article31305220.ece", "urlToImage": "https://www.thehindu.com/news/international/b453fw/article30659493.ece/ALTERNATES/LANDSCAPE_615/thjc-Netanyahu", "publishedAt": "2020-04-10T02:32:31Z", "content": "Israeli Prime Minister Benjamin Netanyahu on Thursday thanked his Indian counterpart Narendra Modi for rushing a five-tonne cargo of medicines, including anti-malarial drug hydroxychloroquine, seen as a possible cure for COVID-19.\r\nThank you, my dear friend @\u2026 [+2316 chars]"}, {"source": {"id": "the-hindu", "name": "The Hindu"}, "author": "PTI", "title": "Pakistan\u2019s coronavirus cases reach 4,601; death toll at 66", "description": "The total tally of COVID-19 patients in the largest province of Punjab was 2,270, Sindh 1,128, Khyber-Pakhtunkhwa (KP) 620, Balochistan 219, Gilgit-Baltistan (GB) 215, Islamabad 107 and Pakistan-occupied Kashmir 33.", "url": "https://www.thehindu.com/news/international/pakistans-coronavirus-cases-reach-4601-death-toll-at-66/article31306138.ece", "urlToImage": "https://www.thehindu.com/news/international/5beox2/article31140809.ece/ALTERNATES/LANDSCAPE_615/VIRUSOUTBREAKPAKISTAN1", "publishedAt": "2020-04-10T06:23:20Z", "content": "The total number of coronavirus cases in Pakistan has sharply increased to 4,601 with more than 280 fresh infections while the death toll reached 66, the health officials said on Friday.\r\n The Ministry of National Health Services, in an early morning update o\u2026 [+1909 chars]"}, {"source": {"id": "the-hindu", "name": "The Hindu"}, "author": "The Hindu Net Desk", "title": "Coronavirus India lockdown Day 17 updates | Over 6,600 infected as death toll mounts to 228", "description": "Globally, over 15 lakh people have been infected so far by coronavirus and the fatalities stands at nearly 95,000.", "url": "https://www.thehindu.com/news/national/india-coronavirus-lockdown-april-10-2020-live-updates/article31305236.ece", "urlToImage": "https://www.thehindu.com/news/national/other-states/34nzkb/article31305311.ece/ALTERNATES/LANDSCAPE_615/biswaranjanjpg", "publishedAt": "2020-04-10T03:15:58Z", "content": "Over 220 people have died and 6,600 have tested positive for COVID-19 in India. Assam recorded its first death on Friday when a 65-year-old man died in Silchar hospital. \r\nThe situation in the United States continues to be grim with over 16,000 dead and 4.6 l\u2026 [+1029 chars]"}, {"source": {"id": "the-hindu", "name": "The Hindu"}, "author": "PTI", "title": "U.S. lawmakers urge China to shut down \u2018wet markets\u2019 amid coronavirus crisis", "description": "\u201cThe origin of the new coronavirus is the wildlife sold illegally in a Wuhan (China) seafood market.\u201d", "url": "https://www.thehindu.com/news/international/us-lawmakers-urge-china-to-shut-down-wet-markets-amid-coronavirus-crisis/article31306694.ece", "urlToImage": "https://www.thehindu.com/news/international/bvknez/article31306693.ece/ALTERNATES/LANDSCAPE_615/HEALTH-CORONAVIRUSCHINA-WUHAN1", "publishedAt": "2020-04-10T07:34:25Z", "content": "Amidst the coronavirus pandemic, a bipartisan group of top U.S. lawmakers have urged China to urgently shut down all of its operating wet markets as that have a potential to expose humans to health risks through the introduction of zoonotic disease.\r\nA wet ma\u2026 [+3227 chars]"}, {"source": {"id": "the-hindu", "name": "The Hindu"}, "author": "AP", "title": "Record 16.8 million have sought U.S. jobless aid since coronavirus outbreak", "description": "The equivalent of 195 million full-time jobs could be lost in the second quarter to business shutdowns caused by the viral outbreak, according to the United Nations\u2019 labor organisation", "url": "https://www.thehindu.com/news/international/record-168-million-have-sought-us-jobless-aid-since-coronavirus-outbreak/article31307188.ece", "urlToImage": "https://www.thehindu.com/news/international/n0ar9i/article31307187.ece/ALTERNATES/LANDSCAPE_615/VIRUSOUTBREAKUNEMPLOYMENT", "publishedAt": "2020-04-10T08:19:42Z", "content": "With a startling 6.6 million people seeking unemployment benefits last week, the United States has reached a grim landmark. More than one in 10 workers have lost their jobs in just the past three weeks due to the coronavirus outbreak.\r\nThe figures collectivel\u2026 [+6770 chars]"}, {"source": {"id": "the-hindu", "name": "The Hindu"}, "author": "PTI", "title": "Coronavirus | IIT develops UV-technology fitted \u2018trunk\u2019 for homes to sanitise grocery items, currency notes", "description": "The trunk when commercialised, can be available at less than \u20b9500, according to the team at IIT Ropar", "url": "https://www.thehindu.com/sci-tech/science/coronavirus-iit-develops-uv-technology-fitted-trunk-for-homes-to-sanitise-grocery-items-currency-notes/article31306444.ece", "urlToImage": "https://www.thehindu.com/sci-tech/science/xhv8al/article31306443.ece/ALTERNATES/LANDSCAPE_615/VEGETABLESTHNAK", "publishedAt": "2020-04-10T07:02:29Z", "content": "The Indian Institute of Technology (IIT) has developed a trunk-shaped device fitted with ultraviolet germicidal irradiation technology, which they recommend be placed at doorsteps and all items brought from outside including grocery and currency notes be put \u2026 [+1736 chars]"}, {"source": {"id": "the-hindu", "name": "The Hindu"}, "author": "Reuters", "title": "Yemen confirms first coronavirus case", "description": "The country\u2019s supreme national emergency committee revealed this on Friday.", "url": "https://www.thehindu.com/news/international/yemen-confirms-first-coronavirus-case/article31305928.ece", "urlToImage": "https://www.thehindu.com/news/international/aopehe/article31305927.ece/ALTERNATES/LANDSCAPE_615/THAVDYEMEN", "publishedAt": "2020-04-10T05:51:10Z", "content": "Yemen has reported its first coronavirus case in Hadhramaut Governorate, supreme national emergency committee tweeted early on Friday.\r\nCOVID-19 pandemic accelerating: WHO chief\r\nThe committee added that the patient was stable and receiving health care, witho\u2026 [+190 chars]"}, {"source": {"id": "the-hindu", "name": "The Hindu"}, "author": "AP", "title": "Sumo wrestler tests positive for coronavirus", "description": "The Japan sumo association said Friday a wrestler had tested positive to become the first confirmed case from Japan\u2019s ancient sport.", "url": "https://www.thehindu.com/news/international/sumo-wrestler-tests-positive-for-coronavirus/article31306246.ece", "urlToImage": "https://www.thehindu.com/todays-paper/tp-sports/q3nvpd/article29562243.ece/ALTERNATES/LANDSCAPE_615/TH01-BOX-JOKERGBO6H0VOJ3jpgjpg", "publishedAt": "2020-04-10T06:31:57Z", "content": "A Japanese sumo wrestler has tested positive for the coronavirus, further threatening postponement of next months Summer Grand Sumo Tournament which has already been delayed.\r\nThe Japan sumo association said on Friday a wrestler had tested positive to become \u2026 [+879 chars]"}, {"source": {"id": "the-hindu", "name": "The Hindu"}, "author": "Special Correspondent", "title": "Coronavirus: two wards in Bengaluru sealed completely", "description": "Officials have banned the entry and exit of people into the wards.", "url": "https://www.thehindu.com/news/cities/bangalore/coronavirus-two-wards-in-bengaluru-sealed-completely/article31307084.ece", "urlToImage": "https://www.thehindu.com/news/cities/bangalore/4ikz0y/article31307083.ece/ALTERNATES/LANDSCAPE_615/ASHA", "publishedAt": "2020-04-10T08:04:21Z", "content": "With five COVID-19 positive cases being reported in Padarayanapura and Bapujinagar wards, the Bruhat Bengaluru Mahanagara Palike (BBMP) has completely sealed areas coming under these two wards. These include some of the most densely populated areas in the cit\u2026 [+1718 chars]"}, {"source": {"id": "the-hindu", "name": "The Hindu"}, "author": "PTI", "title": "Five more test positive for coronavirus in Mumbai\u2019s Dharavi", "description": "According to the officials, among the five two are women.", "url": "https://www.thehindu.com/news/cities/mumbai/five-more-test-positive-for-coronavirus-in-mumbais-dharavi/article31306012.ece", "urlToImage": "https://www.thehindu.com/news/cities/mumbai/hulwuo/article31306011.ece/ALTERNATES/LANDSCAPE_615/TH10DHARAVI", "publishedAt": "2020-04-10T06:05:34Z", "content": "Five more people, including two who returned from the last months religious gathering at Nizamuddin, have tested positive for coronavirus in Dharavi, taking the tally in the slum-dominated area here to 22, said BMC officials on Friday.\r\n According to the offi\u2026 [+602 chars]"}, {"source": {"id": "the-hindu", "name": "The Hindu"}, "author": "The Hindu", "title": "In pictures | Coping with coronavirus lockdown: Day 17", "description": "As the Union and State governments take steps to prevent the spread of COVID-19, here are a few pictures from our photographers highlighting the situation across India on April 10, 2020.", "url": "https://www.thehindu.com/news/national/in-pictures-coping-with-coronavirus-lockdown-day-17/article31306343.ece", "urlToImage": "https://www.thehindu.com/news/national/lqnl8o/article31306330.ece/ALTERNATES/LANDSCAPE_615/ADILABADADIVASIWOMEN", "publishedAt": "2020-04-10T06:57:36Z", "content": "At the end of the three-and-a-half hour meeting, Narendra Modi said he would consult Chief Ministers before deciding the exit strategy.\r\nSobhana K. Nair"}, {"source": {"id": "the-hindu", "name": "The Hindu"}, "author": "PTI", "title": "Coronavirus | Two more die in Gujarat; 46 new cases surface", "description": "Those who tested positive included a doctor from Ahmedabad.", "url": "https://www.thehindu.com/news/national/other-states/gujarat-coronavirus-cases-and-deaths/article31306211.ece", "urlToImage": "https://www.thehindu.com/news/national/other-states/lzs21p/article31306210.ece/ALTERNATES/LANDSCAPE_615/PTI09-04-2020000123B", "publishedAt": "2020-04-10T06:27:59Z", "content": "Two patients, including an elderly man, succumbed to COVID-19 in Gujarat, taking the toll in the state to 19, officials said on Friday. The number of coronavirus patients in Gujarat shot up to 308 after 46 new cases, one of them a doctor, were reported during\u2026 [+808 chars]"}, {"source": {"id": "the-hindu", "name": "The Hindu"}, "author": "Special Correspondent", "title": "Coronavirus | Chief Secy reviews situation in 22 designated containment zones in Delhi", "description": "A multi-agency containment plan has been put in place in areas which include stretches in Malviya Nagar, Nizamuddin, Dwarka, Jahangirpuri, Moti Bagh and Bengali Market, among others", "url": "https://www.thehindu.com/news/cities/Delhi/coronavirus-chief-secy-reviews-situation-in-22-designated-containment-zones-in-delhi/article31306294.ece", "urlToImage": "https://www.thehindu.com/news/cities/Delhi/qd1z3e/article31306293.ece/ALTERNATES/LANDSCAPE_615/PTI09-04-2020000023A", "publishedAt": "2020-04-10T06:51:26Z", "content": "Delhi Chief Secretary Vijay Dev on Friday reviewed the situation in 22 designated containment zones in Delhi to check the community spread of novel coronavirus infection.\r\nAccording to Mr. Devs office, a multi-agency containment plan has been put in place in \u2026 [+1361 chars]"}]}