{"status": "ok", "totalResults": 46, "articles": [{"source": {"id": "the-hindu", "name": "The Hindu"}, "author": "Staff Reporter", "title": "Deceased persons test negative for COVID-19", "description": "They were secondary contacts of positive patients", "url": "https://www.thehindu.com/news/national/kerala/deceased-persons-test-negative-for-covid-19/article31076622.ece", "urlToImage": "https://www.thehindu.com/static/theme/default/base/img/og-image.jpg", "publishedAt": "2020-03-15T18:24:09Z", "content": "Giving a major relief to health authorities, the throat swab samples collected from two persons who died while in home quarantine have been tested negative for COVID-19. They both were secondary contacts of COVID-19 patients. \r\nWhile the first sample belonged\u2026 [+1178 chars]"}, {"source": {"id": "the-hindu", "name": "The Hindu"}, "author": "Staff Reporter", "title": "Kannur ups vigil against COVID-19", "description": "Collector convenes meeting of religious leaders; public functions to be stopped", "url": "https://www.thehindu.com/news/national/kerala/kannur-ups-vigil-against-covid-19/article31076486.ece", "urlToImage": "https://www.thehindu.com/static/theme/default/base/img/og-image.jpg", "publishedAt": "2020-03-15T18:06:21Z", "content": "In order to prevent the spread of COVID-19, it has been decided to cancel all public functions in the district.\r\nThe decision was taken at a meeting of religious leaders convened by District Collector T.V. Subhash in the wake of a person testing positive for \u2026 [+1086 chars]"}, {"source": {"id": "the-hindu", "name": "The Hindu"}, "author": "Staff Reporter", "title": "Tax waiver for COVID-19 medicine manufacturers", "description": "Minister of State for Home Affairs G Kishan Reddy on Sunday said that governemnt will waive taxes for manufacturers of medicines for COVID\u201319 and that all steps to contain its spread are being taken.", "url": "https://www.thehindu.com/news/national/telangana/tax-waiver-for-covid-19-medicine-manufacturers/article31076056.ece", "urlToImage": "https://www.thehindu.com/static/theme/default/base/img/og-image.jpg", "publishedAt": "2020-03-15T16:56:38Z", "content": "Minister of State for Home Affairs G Kishan Reddy on Sunday said that governemnt will waive taxes for manufacturers of medicines for COVID19 and that all steps to contain its spread are being taken. \r\nMr. Reddy spoke to the media after conducting a review mee\u2026 [+620 chars]"}, {"source": {"id": "the-hindu", "name": "The Hindu"}, "author": "Staff Reporter", "title": "Tamil Nadu notifies regulations for COVID-19", "description": "Demands all hospitals to maintain exclusive wards; Gives powers to officials on containment measures", "url": "https://www.thehindu.com/news/national/tamil-nadu/tamil-nadu-notifies-regulations-for-covid-19/article31077240.ece", "urlToImage": "https://www.thehindu.com/static/theme/default/base/img/og-image.jpg", "publishedAt": "2020-03-15T19:40:09Z", "content": "The State government on Sunday notified the Tamil Nadu COVID-19 Regulations 2020, detailing the responsibilities of hospitals and individuals and the powers of officials in relation to the diagnosis, treatment and containment of COVID-19. \r\nThe regulations, i\u2026 [+1449 chars]"}, {"source": {"id": "the-hindu", "name": "The Hindu"}, "author": "Staff Reporter", "title": "COVID-19: 45-year-old woman tests positive", "description": "She was in direct contact with the 76-year-old victim", "url": "https://www.thehindu.com/news/national/karnataka/covid-19-45-year-old-woman-tests-positive/article31076137.ece", "urlToImage": "https://www.thehindu.com/static/theme/default/base/img/og-image.jpg", "publishedAt": "2020-03-15T17:00:52Z", "content": "A 45-year-old woman in Kalaburagi, who was in direct contact with the 76-year-old man who died of COVID-19 in the district, tested positive on Sunday.\r\nWith this, the toll of infected persons in the State has risen to seven, including the victim. \r\nAccording \u2026 [+693 chars]"}, {"source": {"id": "the-hindu", "name": "The Hindu"}, "author": "Special Correspondent", "title": "Two more COVID-19 confirmed cases in State", "description": "Total number of cases in the second wave of the disease reaches 21", "url": "https://www.thehindu.com/news/national/kerala/two-more-covid-19-confirmed-cases-in-state/article31075569.ece", "urlToImage": "https://www.thehindu.com/static/theme/default/base/img/og-image.jpg", "publishedAt": "2020-03-15T15:18:52Z", "content": "Two more COVID-19 cases were confirmed in the State on Sunday, taking the total number of cases reported in the second wave of the disease to 21.\r\nOne of the confirmed cases is that of a Thiruvananthapuram-based doctor, who had just come back from Spain where\u2026 [+1416 chars]"}, {"source": {"id": "the-hindu", "name": "The Hindu"}, "author": "AFP", "title": "COVID-19 | Spanish PM Sanchez\u2019s wifes tests positive", "description": "Both Begona Gomez and her husband were well, and were at their official residence following the new measures introduced by the health authorities, said a government statement", "url": "https://www.thehindu.com/news/international/covid-19-spanish-pm-sanchezs-wifes-tests-positive/article31073148.ece", "urlToImage": "https://www.thehindu.com/news/international/qpa1sf/article31073147.ece/ALTERNATES/LANDSCAPE_615/FILES-SPAIN-HEALTH-VIRUS-SANCHEZ", "publishedAt": "2020-03-15T00:27:51Z", "content": "The wife of Spains Prime Minister Pedro Sanchez has tested positive for the novel coronavirus, his office said.\r\n The announcement came late on March 14, just hours after he announced a near total lockdown nationwide.\r\nAlso read: Spain emerges as new coronavi\u2026 [+187 chars]"}, {"source": {"id": "the-hindu", "name": "The Hindu"}, "author": "Rishikesh Bahadur Desai", "title": "Karnataka CM attends grand wedding, despite restrictions due to COVID-19", "description": "Yediyurappa had advised people to postpone weddings till the threat passed off, or to restrict the number of guests to around 100", "url": "https://www.thehindu.com/news/national/karnataka/karnataka-cm-attends-grand-wedding-despite-restrictions-due-to-covid-19/article31073810.ece", "urlToImage": "https://www.thehindu.com/news/national/karnataka/h4d26s/article31073809.ece/ALTERNATES/LANDSCAPE_615/YEDIYURAPPA", "publishedAt": "2020-03-15T07:17:34Z", "content": "Despite issuing an order banning large gathering, including lavish weddings, Karnataka Chief Minister B.S. Yediyurappa attended the grand marriage celebrations of the daughter of BJP MLC Mahantesh Kavatagimath in Belagavi on Sunday.\r\nThe Chief Minister had ad\u2026 [+1643 chars]"}, {"source": {"id": "the-hindu", "name": "The Hindu"}, "author": "Legal Correspondent", "title": "Coronavirus | No complete shutdown of courts in the wake of COVID-19, says CJI", "description": "The court is reopening on March 16 after the Holi break", "url": "https://www.thehindu.com/news/national/coronavirus-no-complete-shutdown-of-courts-in-the-wake-of-covid-19-says-cji/article31077626.ece", "urlToImage": "https://www.thehindu.com/news/national/tf2yv9/article31077625.ece/ALTERNATES/LANDSCAPE_615/SUPREMECOURT-COVID19", "publishedAt": "2020-03-15T20:35:08Z", "content": "An urgent meeting was called by Chief Justice of India Sharad A. Bobde on March 15 to clarify that there cannot be a complete shutdown of courts in the wake of COVID-19.\r\nThe CJI explained that as virtual courts are on the verge of commencement there can only\u2026 [+1768 chars]"}, {"source": {"id": "the-hindu", "name": "The Hindu"}, "author": "PTI", "title": "Coronavirus | PM Modi participates in SAARC videoconference to formulate joint strategy to combat COVID-19", "description": "\u201cPrepare, but don\u2019t panic\u201d has been India\u2019s guiding mantra in dealing with coronavirus outbreak, PM Narendra Modi said", "url": "https://www.thehindu.com/news/national/coronavirus-pm-modi-participates-in-saarc-videoconference-to-formulate-joint-strategy-to-combat-covid-19/article31074653.ece", "urlToImage": "https://www.thehindu.com/news/national/a6no40/article31074652.ece/ALTERNATES/LANDSCAPE_615/vbk-PM-Modi-saarc-twittermodi", "publishedAt": "2020-03-15T12:50:12Z", "content": "Prime Minister Narendra Modi along with leaders and representatives from SAARC nations participated in a videoconference to chalk out a joint strategy to fight the coronavirus outbreak that has killed over 5,000 people worldwide.\r\nAlso read:\u00a0COVID-19 | All in\u2026 [+2287 chars]"}, {"source": {"id": "the-hindu", "name": "The Hindu"}, "author": "Special Correspondent", "title": "COVID-19 suspect from Mancherial tests negative", "description": "The COVID-19 suspect from Mancherial town who was referred to Hyderabad\u2019s Gandhi Hospital for confirmatory test on Saturday tested negative. An announcement about this was made on Sunday at a press co", "url": "https://www.thehindu.com/news/cities/Hyderabad/covid-19-suspect-from-mancherial-tests-negative/article31077096.ece", "urlToImage": "https://www.thehindu.com/static/theme/default/base/img/og-image.jpg", "publishedAt": "2020-03-15T19:19:33Z", "content": "The COVID-19 suspect from Mancherial town who was referred to Hyderabads Gandhi Hospital for confirmatory test on Saturday tested negative. \r\nAn announcement about this was made on Sunday at a press conference by Mancherial District Surveillance Officer K. Ba\u2026 [+729 chars]"}, {"source": {"id": "the-hindu", "name": "The Hindu"}, "author": "A.S. Panneerselvan", "title": "Journalistic challenges in reporting COVID-19", "description": "Reports should neither create unwarranted panic nor underplay the gravity of the situation", "url": "https://www.thehindu.com/opinion/columns/journalistic-challenges-in-reporting-covid-19/article31075827.ece", "urlToImage": "https://www.thehindu.com/opinion/columns/f4ux4d/article31075826.ece/ALTERNATES/LANDSCAPE_615/5thPanneerselvan", "publishedAt": "2020-03-15T16:03:37Z", "content": "On March 11, the Director-General of the World Health Organization (WHO) characterised COVID-19 as a pandemic. He said: Pandemic is not a word to use lightly or carelessly. It is a word that, if misused, can cause unreasonable fear, or unjustified acceptance \u2026 [+3946 chars]"}, {"source": {"id": "the-hindu", "name": "The Hindu"}, "author": "Staff Reporter", "title": "\u2018Link\u2019 workers for COVID-19 prevention awareness", "description": "The National Health Mission has recently trained a group of 11 migrant workers to disseminate health-related awareness messages among migrant workers in Ernakulam district. The training has come in ha", "url": "https://www.thehindu.com/news/cities/Kochi/link-workers-for-covid-19-prevention-awareness/article31077325.ece", "urlToImage": "https://www.thehindu.com/static/theme/default/base/img/og-image.jpg", "publishedAt": "2020-03-15T19:51:43Z", "content": "The National Health Mission has recently trained a group of 11 migrant workers to disseminate health-related awareness messages among migrant workers in Ernakulam district. The training has come in handy almost immediately, with the link workers are now creat\u2026 [+1884 chars]"}, {"source": {"id": "the-hindu", "name": "The Hindu"}, "author": "Staff Reporter", "title": "Travel history of COVID-affected Italian tourist mapped", "description": "He had tested positive on Friday", "url": "https://www.thehindu.com/news/cities/Thiruvananthapuram/travel-history-of-covid-affected-italian-tourist-mapped/article31077242.ece", "urlToImage": "https://www.thehindu.com/static/theme/default/base/img/og-image.jpg", "publishedAt": "2020-03-15T19:40:42Z", "content": "The District Administration has released the travel history and contact tracing details of the Italian national, who had tested positive for COVID-19 on Friday\r\nHe had taken a flight from Venice to Moscow on February 26. \r\nThe next day, he took a flight to De\u2026 [+1992 chars]"}, {"source": {"id": "the-hindu", "name": "The Hindu"}, "author": "Ramesh Susarla", "title": "COVID-19 takes a heavy toll on banana exports", "description": "Price plummets as importing countries are in lockdown", "url": "https://www.thehindu.com/news/national/andhra-pradesh/covid-19-takes-a-heavy-toll-on-banana-exports/article31075510.ece", "urlToImage": "https://www.thehindu.com/static/theme/default/base/img/og-image.jpg", "publishedAt": "2020-03-15T15:09:57Z", "content": "Novel coronavirus (COVID-19) has hit the banana farmers of Anantapur and Kadapa districts hard as the importing countries like Iran have gone into a lockdown.\r\nThe price of a tonne of banana, which used to command between 13,000 and 14,500 just a month ago, c\u2026 [+1169 chars]"}, {"source": {"id": "the-hindu", "name": "The Hindu"}, "author": "Special Correspondent", "title": "COVID-19: Police take steps to ensure hygiene at stations", "description": "At some stations in south division, an alarm bell is sounded every two hours to remind personnel to wash their hands", "url": "https://www.thehindu.com/news/cities/bangalore/covid-19-police-take-steps-to-ensure-hygiene-at-stations/article31077610.ece", "urlToImage": "https://www.thehindu.com/news/cities/bangalore/kghit8/article31077609.ece/ALTERNATES/LANDSCAPE_615/15BGPOLICE", "publishedAt": "2020-03-15T20:27:26Z", "content": "The police, like employees in most essential services, do not have the option of working from home. And police stations cannot close their doors to the public. \r\nIn an effort to help reduce the spread of the virus causing COVID-19, wash basins and hand saniti\u2026 [+1948 chars]"}, {"source": {"id": "the-hindu", "name": "The Hindu"}, "author": "Staff Reporter", "title": "COVID-19: Odisha cancels annual Chaitra Jatra festival", "description": "Tara Tarini Development Board has decided not to allow any gathering or mass feast at the foothill", "url": "https://www.thehindu.com/news/cities/kolkata/covid-19-odisha-cancels-annual-chaitra-jatra-festival/article31077548.ece", "urlToImage": "https://www.thehindu.com/static/theme/default/base/img/og-image.jpg", "publishedAt": "2020-03-15T20:12:07Z", "content": "The famous annual Chaitra Jatra festival scheduled to be held on March 17 at Odishas Tara Tarini hill shrine was cancelled as a precautionary measure against COVID-19 infection.\r\nThe administration and the Tara Tarini Development Board (TTDB) at a meeting hel\u2026 [+2108 chars]"}, {"source": {"id": "the-hindu", "name": "The Hindu"}, "author": "Staff Reporter", "title": "Number of COVID-19 positive cases in Karnataka touches seven", "description": "A woman became the seventh person in the State to test positive for COVID-19. She is the daughter of the 76-year-old who became the first person in India to die of COVID-19. The Department of Health a", "url": "https://www.thehindu.com/news/national/karnataka/number-of-covid-19-positive-cases-in-karnataka-touches-seven/article31077361.ece", "urlToImage": "https://www.thehindu.com/static/theme/default/base/img/og-image.jpg", "publishedAt": "2020-03-15T19:57:50Z", "content": "A woman became the seventh person in the State to test positive for COVID-19. She is the daughter of the 76-year-old who became the first person in India to die of COVID-19. \r\nThe Department of Health and Family Welfare stated that the 45-year-old woman teste\u2026 [+1710 chars]"}, {"source": {"id": "the-hindu", "name": "The Hindu"}, "author": "Staff Reporter", "title": "Covid-19: TANA offers accommodation to Indian students in US", "description": "\u2018Many varsities announce shutdown recently\u2019", "url": "https://www.thehindu.com/news/national/andhra-pradesh/covid-19-tana-offers-accommodation-to-indian-students-in-us/article31077253.ece", "urlToImage": "https://www.thehindu.com/static/theme/default/base/img/og-image.jpg", "publishedAt": "2020-03-15T19:42:25Z", "content": "Telugu Association of North America (TANA) has come forward to help Indian students in the United States of America amidst shutdown in many states due to novel coronavirus outbreak.\r\nIn a release, the TANA representatives said that they are going to provide a\u2026 [+426 chars]"}, {"source": {"id": "the-hindu", "name": "The Hindu"}, "author": "PTI", "title": "Coronavirus | Dhoni leaves Chennai after IPL\u2019s deferment amid COVID-19 scare", "description": "The BCCI on Friday postponed the start of this year\u2019s IPL from March 29 to April 15.", "url": "https://www.thehindu.com/sport/cricket/coronavirus-dhoni-leaves-chennai-after-ipls-deferment-amid-covid-19-scare/article31074689.ece", "urlToImage": "https://www.thehindu.com/sport/cricket/kz58em/article31074688.ece/ALTERNATES/LANDSCAPE_615/DHONI", "publishedAt": "2020-03-15T13:00:46Z", "content": "Mahendra Singh Dhoni on Sunday left the Chennai Super Kings training camp in Chennai following the suspension of the 13th edition of IPL till April 15 in the wake of COVID-19 pandemic.\r\nAlso read: Six options available to BCCI for hosting IPL 2020\r\nDhoni, who\u2026 [+1216 chars]"}, {"source": {"id": "the-hindu", "name": "The Hindu"}, "author": "Special Correspondent", "title": "Meet discusses sanitation practices to be followed to prevent COVID-19", "description": "Collector S. Sivarasu on Saturday convened a meeting with representatives of educational institutions, restaurants, hotels and cinemas in the city to brief them on sanitation practices that are to be", "url": "https://www.thehindu.com/news/cities/Tiruchirapalli/meet-discusses-sanitation-practices-to-be-followed-to-prevent-covid-19/article31073155.ece", "urlToImage": "https://www.thehindu.com/static/theme/default/base/img/og-image.jpg", "publishedAt": "2020-03-15T01:07:22Z", "content": "Collector S. Sivarasu on Saturday convened a meeting with representatives of educational institutions, restaurants, hotels and cinemas in the city to brief them on sanitation practices that are to be put in place in view of the COVID-19 scare.\r\nSpeaking at th\u2026 [+921 chars]"}, {"source": {"id": "the-hindu", "name": "The Hindu"}, "author": "V. Raghavendra", "title": "Amid COVID-19 scare, local body polls in A.P. put off for six weeks", "description": "Political parties have also requested postponement, says the SEC", "url": "https://www.thehindu.com/news/national/andhra-pradesh/local-body-polls-put-off-for-six-weeks/article31073866.ece", "urlToImage": "https://www.thehindu.com/static/theme/default/base/img/og-image.jpg", "publishedAt": "2020-03-15T07:41:15Z", "content": "The State Election Commission (SEC) has deferred the local body elections by six weeks due to the threat of COVID-19. It will resume the election process after the arrest of the spread of Coronavirus, or its decline, and normalcy is restored, State Election C\u2026 [+1332 chars]"}, {"source": {"id": "the-hindu", "name": "The Hindu"}, "author": "Staff Reporter", "title": "Apartment complexes, gated communities get proactive to contain spread of COVID-19", "description": "People who have returned from abroad told to isolate themselves", "url": "https://www.thehindu.com/news/cities/bangalore/apartment-complexes-gated-communities-get-proactive-to-contain-spread-of-covid-19/article31077359.ece", "urlToImage": "https://www.thehindu.com/static/theme/default/base/img/og-image.jpg", "publishedAt": "2020-03-15T19:56:57Z", "content": "Residents welfare associations (RWAs), gated communities, apartment complexes, especially those in Whitefield and other areas in Mahadevapura, have initiated a slew of precautions to protect themselves from COVID-19. Apartments across the city have closed the\u2026 [+2633 chars]"}, {"source": {"id": "the-hindu", "name": "The Hindu"}, "author": "Mohammed Iqbal", "title": "COVID-19: BITS-Pilani announces shutdown till March 31", "description": "The institute has asked its students to vacate the hostels and leave the premises", "url": "https://www.thehindu.com/education/colleges/covid-19-bits-pilani-announces-shutdown-till-march-31/article31073823.ece", "urlToImage": "https://www.thehindu.com/news/national/other-states/fi2uc9/article27249100.ece/ALTERNATES/LANDSCAPE_615/BITS-PILANI", "publishedAt": "2020-03-15T07:23:06Z", "content": "The Birla Institute of Technology &amp; Science (BITS), Pilani, has announced shutdown till March 31 in view of the COVID-19 outbreak. The institute has asked its students to vacate the hostels and leave the premises.\r\nA BITS-Pilani spokesperson told The Hind\u2026 [+820 chars]"}, {"source": {"id": "the-hindu", "name": "The Hindu"}, "author": "Tanvi Deshpande", "title": "Museums shut to curb COVID-19 spread", "description": "Cinema halls across State to be closed as well; govt. may impose Section 144 to prevent crowds", "url": "https://www.thehindu.com/news/national/other-states/museums-shut-to-curb-covid-19-spread/article31077651.ece", "urlToImage": "https://www.thehindu.com/news/national/other-states/etyms3/article31077650.ece/ALTERNATES/LANDSCAPE_615/16BMTOPE", "publishedAt": "2020-03-15T20:40:53Z", "content": "The Maharashtra government on Sunday ordered museums to be shut and expanded the closure of cinema halls across the State. The government may also impose Section 144 of of the Criminal Procedure Code at public places, if required, to prevent crowding. \r\nThe c\u2026 [+3367 chars]"}, {"source": {"id": "the-hindu", "name": "The Hindu"}, "author": "Staff Reporter", "title": "Third COVID-19 case confirmed in Telangana", "description": "Officials tracking all those the patient came in contact with", "url": "https://www.thehindu.com/news/national/telangana/third-covid-19-case-confirmed-in-telangana/article31075615.ece", "urlToImage": "https://www.thehindu.com/news/national/telangana/9l1g9a/article31075614.ece/ALTERNATES/LANDSCAPE_615/HY16KHMCOVID", "publishedAt": "2020-03-15T15:25:54Z", "content": "A third case of COVID-19 caused by coronavirus was confirmed in Telangana on Sunday. The patient is a 48-year-old man who returned from the Netherlands a few days ago and got admitted into Gandhi Hospital on March 11. His samples sent to National Institute of\u2026 [+1953 chars]"}, {"source": {"id": "the-hindu", "name": "The Hindu"}, "author": "Rajulapudi Srinivas", "title": "SCR takes steps to check spread of COVID-19", "description": "Trains, railway premises being sanitised, announcements being made on dos and don\u2019ts", "url": "https://www.thehindu.com/news/national/andhra-pradesh/scr-takes-steps-to-check-spread-of-covid-19/article31076895.ece", "urlToImage": "https://www.thehindu.com/static/theme/default/base/img/og-image.jpg", "publishedAt": "2020-03-15T18:50:11Z", "content": "Officials of the South Central Railway (SCR) have taken steps to prevent the spread of coronavirus and protect passengers and railway employees from the epidemic. Awareness programmes are being taken up at railway stations on maintaining hygiene on platforms \u2026 [+2345 chars]"}, {"source": {"id": "the-hindu", "name": "The Hindu"}, "author": "Jyoti Shelar", "title": "COVID-19: communication key to cope with challenges of isolation", "description": "Experts say social distancing, quarantine can cause anxiety", "url": "https://www.thehindu.com/news/national/other-states/covid-19-communication-key-to-cope-with-challenges-of-isolation/article31077693.ece", "urlToImage": "https://www.thehindu.com/news/national/other-states/p0b1xv/article31077689.ece/ALTERNATES/LANDSCAPE_615/16BMCOVID1col", "publishedAt": "2020-03-15T20:44:22Z", "content": "The novel coronavirus has brought along with it a unique challenge for people that of social distancing and being quarantined at home or at medical facilities. Experts say that the initial reaction to such measures can cause immense anxiety, but accurate comm\u2026 [+2121 chars]"}, {"source": {"id": "the-hindu", "name": "The Hindu"}, "author": "K.M.Dayashankar", "title": "High COVID-19 alert sounded in Karimnagar district", "description": "The district administration of Karimnagar has sounded a high alert following the State government\u2019s directives to check the spread of COVID-19 in the district. All cinema halls, bars, membership clubs", "url": "https://www.thehindu.com/news/national/telangana/high-covid-19alert-in-karimnagar/article31074306.ece", "urlToImage": "https://www.thehindu.com/static/theme/default/base/img/og-image.jpg", "publishedAt": "2020-03-15T10:55:25Z", "content": "The district administration of Karimnagar has sounded a high alert following the State governments directives to check the spread of COVID-19 in the district. \r\nAll cinema halls, bars, membership clubs, parks, museums, and swimming pools have been closed from\u2026 [+1753 chars]"}, {"source": {"id": "the-hindu", "name": "The Hindu"}, "author": "PTI", "title": "Queen shifted out of Buckingham Palace amid COVID-19 crisis", "description": "She is weeks away from her 94th birthday.", "url": "https://www.thehindu.com/news/international/queen-shifted-out-of-buckingham-palace-amid-covid-19-crisis/article31074358.ece", "urlToImage": "https://www.thehindu.com/news/international/9mih6y/article31074357.ece/ALTERNATES/LANDSCAPE_615/BUCKINGHAM", "publishedAt": "2020-03-15T11:18:42Z", "content": "Queen Elizabeth II has been shifted out of Buckingham Palace in London to Windsor Castle as the UK plans for isolation measures for people over 70 amid the countrys death toll from COVID-19 hitting 21, nearly doubling from 11 within a day.\r\n The 93-year-old m\u2026 [+4721 chars]"}, {"source": {"id": "the-hindu", "name": "The Hindu"}, "author": "C. Maya", "title": "COVID-19 containment depends largely on public compliance", "description": "As COVID-19 challenges the capacity and efficiency of the State\u2019s health system, the success of all containment and subsequent mitigation efforts will depend on how compliant the public are to adaptin", "url": "https://www.thehindu.com/news/national/kerala/covid-19-containment-depends-largely-on-public-compliance/article31076529.ece", "urlToImage": "https://www.thehindu.com/news/national/kerala/a2p3h1/article31076528.ece/ALTERNATES/LANDSCAPE_615/16TVTVCORONAVIRUS", "publishedAt": "2020-03-15T18:12:02Z", "content": "As COVID-19 challenges the capacity and efficiency of the States health system, the success of all containment and subsequent mitigation efforts will depend on how compliant the public are to adapting behavioural changes which will minimise transmission of th\u2026 [+2852 chars]"}, {"source": {"id": "the-hindu", "name": "The Hindu"}, "author": "Sneha Ramesh", "title": "COVID-19 threat: Footfall drops in city markets", "description": "K.R. Market and Russell Market report drop in business by as much as 50%", "url": "https://www.thehindu.com/news/cities/bangalore/covid-19-threat-footfall-drops-in-city-markets/article31075316.ece", "urlToImage": "https://www.thehindu.com/static/theme/default/base/img/og-image.jpg", "publishedAt": "2020-03-15T14:27:35Z", "content": "Two of the citys oldest and busiest markets K.R. Market in the heart of Bengaluru and Russell Market at Shivajinagar have reported a drop in business by as much as 50% on account of people avoiding crowded spots following COVID-19 threat. This drop, they said\u2026 [+1973 chars]"}, {"source": {"id": "the-hindu", "name": "The Hindu"}, "author": "Staff Reporter", "title": "COVID-19: rough sleepers miss preventive measures in Kozhikode", "description": "They continue to roam around public places without any health support", "url": "https://www.thehindu.com/news/cities/kozhikode/covid-19-rough-sleepers-miss-preventive-measures-in-kozhikode/article31076485.ece", "urlToImage": "https://www.thehindu.com/news/cities/kozhikode/7zm8ix/article31076484.ece/ALTERNATES/LANDSCAPE_615/16CTROGHSLEEPERS", "publishedAt": "2020-03-15T18:06:02Z", "content": "Even as the Health Department and local bodies claim flawless precautionary measures to prevent the spread of COVID-19, the plight of citys rough sleepers who stay at vulnerable spots and public places remains the same. In the absence of any health screening \u2026 [+1597 chars]"}, {"source": {"id": "the-hindu", "name": "The Hindu"}, "author": "Mithosh Joseph", "title": "Small businesses feel the pinch of COVID-19", "description": "Hundreds of families that placed their hopes on small ventures are now scared of the virus infection ripping apart their lives", "url": "https://www.thehindu.com/news/cities/kozhikode/small-businesses-feel-the-pinch-of-covid-19/article31076471.ece", "urlToImage": "https://www.thehindu.com/news/cities/kozhikode/u56twv/article31076468.ece/ALTERNATES/LANDSCAPE_615/16CTPUSHACART", "publishedAt": "2020-03-15T18:05:11Z", "content": "Thahirs illuminated push cart is now lying idle at the backyard of his house near the Kozhikode beach. The middle-aged man, his wife, and four children are seemingly hopeless as they are unable to move on with their payasam business in view of the COVID-19 sc\u2026 [+3230 chars]"}, {"source": {"id": "the-hindu", "name": "The Hindu"}, "author": "Raina Assainar", "title": "COVID 19: Mosque, IT firm sanitised in Navi Mumbai", "description": "16 sportpersons quarantined in Panvel", "url": "https://www.thehindu.com/news/cities/mumbai/mosque-it-firm-sanitised-in-navi-mumbai/article31077787.ece", "urlToImage": "https://www.thehindu.com/static/theme/default/base/img/og-image.jpg", "publishedAt": "2020-03-15T20:58:03Z", "content": "After a Philippines national, who visited a Vashi mosque, and a Thane resident employed with an IT company in Airoli tested positive for COVID-19, both places were sanitised on the orders of the Navi Mumbai Municipal Corporation (NMMC). \r\nThe mosque and the I\u2026 [+2864 chars]"}, {"source": {"id": "the-hindu", "name": "The Hindu"}, "author": "Jyoti Shelar", "title": "After positive outcome in Jaipur, 3 COVID patients in Mumbai put on anti-HIV drugs", "description": "Italian couple were first to be put on this combination", "url": "https://www.thehindu.com/news/cities/mumbai/after-positive-outcome-in-jaipur-3-covid-patients-in-mumbai-put-on-anti-hiv-drugs/article31077738.ece", "urlToImage": "https://www.thehindu.com/news/cities/mumbai/299348/article31077737.ece/ALTERNATES/LANDSCAPE_615/16BMVISITORSATKASTURBA", "publishedAt": "2020-03-15T20:49:28Z", "content": "Three out of the nine patients who have tested positive for COVID-19 at the Mumbais Kasturba Hospital have been started on combination of anti-HIV drugs lopinavir and ritonavir. Since the outbreak, the two antiretroviral drugs have been only used in Jaipur fo\u2026 [+1713 chars]"}, {"source": {"id": "the-hindu", "name": "The Hindu"}, "author": "Shoumojit Banerjee", "title": "COVID-19: as poultry farmers\u2019 losses mount, leaders seek proactive intervention from govt.", "description": "AIKS, SSS seek subsidy to help farmers tide over crisis, urge State to intensify efforts to dispel misconceptions linking meat consumption to novel coronavirus", "url": "https://www.thehindu.com/news/national/other-states/covid-19-as-poultry-farmers-losses-mount-leaders-seek-proactive-intervention-from-govt/article31077745.ece", "urlToImage": "https://www.thehindu.com/news/national/other-states/z6dssu/article31077744.ece/ALTERNATES/LANDSCAPE_615/16BMPOULTRY", "publishedAt": "2020-03-15T20:50:43Z", "content": "As losses facing Maharashtras poultry farmers keep mounting, farmers leaders in the State have urged for proactive action from the government to dispel rumours linking COVID-19 to poultry.\r\nEstimating that the poultry industrys losses had well exceeded 500 cr\u2026 [+2552 chars]"}, {"source": {"id": "the-hindu", "name": "The Hindu"}, "author": "The Hindu Net Desk", "title": "Morning Digest: Number of COVID-19 cases in country crosses 100, Madhya Pradesh floor test tomorrow, and more", "description": "A select list of stories to read before you start your day", "url": "https://www.thehindu.com/news/morning-digest-march-15-2020/article31071627.ece", "urlToImage": "https://www.thehindu.com/news/national/79ow25/article31070236.ece/ALTERNATES/LANDSCAPE_615/CORONA1", "publishedAt": "2020-03-15T02:18:48Z", "content": "Saturday witnessed the largest number of 12\u00a0novel coronavirus (COVID-19)\u00a0cases reported in Maharashtra on a single day, taking the number of patients to 31 and the nation-wide count to 102. | Coronavirus in India: Virus cases rise, more airlifts planned\r\nThe \u2026 [+2151 chars]"}, {"source": {"id": "the-hindu", "name": "The Hindu"}, "author": "The Hindu Net Desk", "title": "Top news of the day: Modi hosts SAARC videoconference on COVID-19, M.P. Speaker refuses to commit on conducting floor test, and more", "description": "The major news headlines of the day, and more.", "url": "https://www.thehindu.com/news/top-news-of-the-day-modi-hosts-saarc-videoconference-on-covid-19-mp-speaker-refuses-to-commit-on-conducting-floor-test-and-more/article31075259.ece", "urlToImage": "https://www.thehindu.com/news/x5zx0l/article31075258.ece/ALTERNATES/LANDSCAPE_615/INDIAVIRUSOUTBREAK", "publishedAt": "2020-03-15T14:16:00Z", "content": "Prepare, but dont panic has been Indias guiding mantra in dealing with coronavirus outbreak, Narendra Modi said. | Interactive map of confirmed coronavirus cases in India\r\n The quarantine facility in south west Delhis Chhawla area has earlier catered to two s\u2026 [+1614 chars]"}, {"source": {"id": "the-hindu", "name": "The Hindu"}, "author": "AFP", "title": "Coronavirus | Garay becomes first Liga player known to have COVID-19", "description": "By Sunday morning, Spain had recorded 6,391 cases and 196 deaths.", "url": "https://www.thehindu.com/sport/football/coronavirus-garay-becomes-first-liga-player-known-to-have-covid-19/article31074646.ece", "urlToImage": "https://www.thehindu.com/sport/football/6zyn2p/article31074645.ece/ALTERNATES/LANDSCAPE_615/Garay", "publishedAt": "2020-03-15T12:47:32Z", "content": "Valencia's Argentinian centre-back Ezequiel Garay said on Sunday he had tested positive for coronavirus, becoming the first player in the Spanish Liga known to have the disease.\r\nIt's clear that 2020 has started on the wrong foot, he posted on Instagram along\u2026 [+811 chars]"}, {"source": {"id": "the-hindu", "name": "The Hindu"}, "author": "Special Correspondent", "title": "COVID-19: Wedding gathering should not exceed 100, says BBMP", "description": "The BBMP on Sunday issued a circular on pre-booked marriage functions in the city after civic officials started removing decorations and pandals at marriage venues. In the modified circular, Special C", "url": "https://www.thehindu.com/news/cities/bangalore/covid-19-wedding-gathering-should-not-exceed-100-says-bbmp/article31077553.ece", "urlToImage": "https://www.thehindu.com/static/theme/default/base/img/og-image.jpg", "publishedAt": "2020-03-15T20:13:18Z", "content": "The BBMP on Sunday issued a circular on pre-booked marriage functions in the city after civic officials started removing decorations and pandals at marriage venues. \r\nIn the modified circular, Special Commissioner (Projects and Health) Ravi Kumar Surpur state\u2026 [+746 chars]"}, {"source": {"id": "the-hindu", "name": "The Hindu"}, "author": "PRESS TRUST OF INDIA", "title": "Two COVID-19 patients discharged in the Capital", "description": "Two persons, who were undergoing treatment for COVID-19 in Delhi, have been discharged from hospitals following their recovery, authorities said on Sunday.So far, Delhi has seen seven positive cases,", "url": "https://www.thehindu.com/news/cities/Delhi/two-covid-19-patients-discharged-in-the-capital/article31077527.ece", "urlToImage": "https://www.thehindu.com/static/theme/default/base/img/og-image.jpg", "publishedAt": "2020-03-15T20:09:09Z", "content": "Two persons, who were undergoing treatment for COVID-19 in Delhi, have been discharged from hospitals following their recovery, authorities said on Sunday.\r\nSo far, Delhi has seen seven positive cases, including a patient who died last week. Of these, two per\u2026 [+570 chars]"}, {"source": {"id": "the-hindu", "name": "The Hindu"}, "author": "Special Correspondent", "title": "COVID-19 scare: people avoid eating out, attending parties", "description": "Delhiites practise social distancing as precautionary measure", "url": "https://www.thehindu.com/news/cities/Delhi/covid-19-scare-people-avoid-eating-out-attending-parties/article31077487.ece", "urlToImage": "https://www.thehindu.com/news/cities/Delhi/w86xd1/article31077486.ece/ALTERNATES/LANDSCAPE_615/DE16MASK", "publishedAt": "2020-03-15T20:07:39Z", "content": "With several Delhiites practising social distancing as a precautionary measure to protect themselves from the COVID-19 epidemic, restaurants, malls, and even wedding venues have been seeing the number of visitors dwindle.\r\nAt an open-air restaurant in south D\u2026 [+2201 chars]"}, {"source": {"id": "the-hindu", "name": "The Hindu"}, "author": "Special Correspondent", "title": "COVID-19 | Bus stands and metro stations deserted as many stay at home", "description": "BMTC cancels 600 bus services; KSRTC puts losses at \u20b91.75 crore since March 1", "url": "https://www.thehindu.com/news/cities/bangalore/bus-stands-and-metro-stations-deserted-as-many-stay-at-home/article31073380.ece", "urlToImage": "https://www.thehindu.com/news/cities/bangalore/7qfioc/article31073379.ece/ALTERNATES/LANDSCAPE_615/14BGCORONABUSEMPTY", "publishedAt": "2020-03-15T03:49:53Z", "content": "With malls, theatres, schools and colleges closed as per the governments order to contain further spread of COVID-19, some of the busiest parts of the city on Saturday wore a deserted look. With people choosing to stay indoors, ridership of public transport s\u2026 [+1790 chars]"}, {"source": {"id": "the-hindu", "name": "The Hindu"}, "author": "Reuters", "title": "Coronavirus | African nations close borders, cancel flights to contain COVID-19 spread", "description": "The novel coronavirus has a foothold in at least 26 countries on the continent", "url": "https://www.thehindu.com/news/international/coronavirus-african-nations-close-borders-cancel-flights-to-contain-covid-19-spread/article31078626.ece", "urlToImage": "https://www.thehindu.com/news/international/hf0i8x/article31078625.ece/ALTERNATES/LANDSCAPE_615/SAFRICA-POLITICS-HEALTH-VIRUS", "publishedAt": "2020-03-15T22:49:09Z", "content": "Several African governments on March 15 closed borders, canceled flights and imposed strict entry and quarantine requirements to contain the spread of the new coronavirus, which has a foothold in at least 26 countries on the continent as cases keep rising.\r\nS\u2026 [+2351 chars]"}, {"source": {"id": "the-hindu", "name": "The Hindu"}, "author": "PRESS TRUST OF INDIA", "title": "\u2018Son of woman who died due to COVID-19 in Delhi stable\u2019", "description": "The son of the 68-year-old woman from west Delhi who was the second COVID-19 casualty in the country, is being treated at the Centre-run Safdarjung Hospital and his condition is stated to be stable, o", "url": "https://www.thehindu.com/news/cities/Delhi/son-of-woman-who-died-due-to-covid-19-in-delhi-stable/article31077422.ece", "urlToImage": "https://www.thehindu.com/static/theme/default/base/img/og-image.jpg", "publishedAt": "2020-03-15T20:04:56Z", "content": "The son of the 68-year-old woman from west Delhi who was the second COVID-19 casualty in the country, is being treated at the Centre-run Safdarjung Hospital and his condition is stated to be stable, official sources said on Sunday.\r\nThe 46-year-old man, a res\u2026 [+962 chars]"}]}