{"status": "ok", "totalResults": 65, "articles": [{"source": {"id": "the-hindu", "name": "The Hindu"}, "author": "Atul Aneja", "title": "News Analysis | COVID-19 an opportunity for India\u2019s health diplomacy", "description": "After the high profile that India has acquired following the Prime Minister\u2019s participation in the G-20 video conference, New Delhi would be under the scanner on whether it was going to lead by example.", "url": "https://www.thehindu.com/news/national/news-analysis-covid-19-an-opportunity-for-indias-health-diplomacy/article31178195.ece", "urlToImage": "https://www.thehindu.com/news/international/y758lj/article31170069.ece/ALTERNATES/LANDSCAPE_615/HEALTH-CORONAVIRUSCHINA", "publishedAt": "2020-03-26T22:37:41Z", "content": "Prime Minister Narendra Modi has elevated Indias health diplomacy to the next level by participating in a virtual conversation on Thursday among the G-20 leaders to combat the Novel Coronavirus pandemic. This has followed his decision on March 15 to marshal a\u2026 [+4431 chars]"}, {"source": {"id": "the-hindu", "name": "The Hindu"}, "author": "Special Correspondent", "title": "Northeast eyes retired doctors, medical students to tackle COVID-19", "description": "States prepare stadiums and school buildings to be used as quarantine centres for suspected cases", "url": "https://www.thehindu.com/news/national/other-states/northeast-eyes-retired-doctors-medical-students-to-tackle-covid-19/article31177164.ece", "urlToImage": "https://www.thehindu.com/static/theme/default/base/img/og-image.jpg", "publishedAt": "2020-03-26T18:41:56Z", "content": "Doctors are being called out of retirement and medical students roped in as the northeastern States prepare stadiums and school buildings to be used as quarantine centres for suspected COVID-19 cases.\r\nThe Mizoram government has recalled retired doctors and p\u2026 [+1718 chars]"}, {"source": {"id": "the-hindu", "name": "The Hindu"}, "author": "Mohammed Iqbal", "title": "Five new COVID-19 positive cases, one death in Rajasthan", "description": "Victim was in coma for kidney failure and later tested positive in Bhilwara", "url": "https://www.thehindu.com/news/national/other-states/five-new-covid-19-positive-cases-one-death-in-rajasthan/article31176992.ece", "urlToImage": "https://www.thehindu.com/news/national/other-states/tb4t0i/article31176991.ece/ALTERNATES/LANDSCAPE_615/DE27PG42-COLPTI26-03-2020000281A", "publishedAt": "2020-03-26T18:21:52Z", "content": "Five fresh COVID-19 positive cases were detected in Rajasthan on Thursday, taking the total number of cases to 43. Two of the cases are from Bhilwara and one each from Jaipur, Jhunjhunu and Jodhpur. A 73-year-old man, who was in coma due to kidney failure and\u2026 [+1151 chars]"}, {"source": {"id": "the-hindu", "name": "The Hindu"}, "author": "Special Correspondent", "title": "COVID-19 | 200 booked for lockdown violation in Thiruvananthapuram", "description": "Police frown on \u2018unnecessary travel\u2019, seize 85 two-wheelers, 19 autorickshaws and 13 cars", "url": "https://www.thehindu.com/news/cities/Thiruvananthapuram/200-booked-for-lockdown-violation/article31167578.ece", "urlToImage": "https://www.thehindu.com/news/national/kerala/eqas7f/article31167585.ece/ALTERNATES/LANDSCAPE_615/TV26TOTALSS", "publishedAt": "2020-03-26T05:53:05Z", "content": "The police on Wednesday registered cases against more people in the district for violating COVID-19 lockdown stipulations. \r\nAccording to official figures, 134 cases were registered in the city on Wednesday as against 160 on Tuesday, while 66 cases were regis\u2026 [+1757 chars]"}, {"source": {"id": "the-hindu", "name": "The Hindu"}, "author": "PTI", "title": "COVID-19 | Jharkhand to give two months\u2019 ration in advance", "description": "Around 90% of the families in the state will benefit from this decision, said the Chief Minister.", "url": "https://www.thehindu.com/news/national/other-states/covid-19-jharkhand-to-give-two-months-ration-in-advance/article31170054.ece", "urlToImage": "https://www.thehindu.com/news/national/other-states/r99vob/article31170082.ece/ALTERNATES/LANDSCAPE_615/jharkhandjpg", "publishedAt": "2020-03-26T06:38:12Z", "content": "Jharkhand Chief Minister Hemant Soren said his government has decided to provide two months ration in advance to the beneficiaries of the public distribution system, as the country entered the second day of the lockdown on Thursday to contain the COVID-19 out\u2026 [+1268 chars]"}, {"source": {"id": "the-hindu", "name": "The Hindu"}, "author": "Special Correspondent", "title": "Rahul allots \u20b92.70 crore from MPLADS to fight COVID-19", "description": "Congress leader and MP Rahul Gandhi has allocated a sum of \u20b92.70 crore under the Members of Parliament Local Area Development Scheme (MPLADS) for taking preventive measures against COVID-19 at hospita", "url": "https://www.thehindu.com/news/national/kerala/rahul-allots-270-crore-from-mplads-to-fight-covid-19/article31175031.ece", "urlToImage": "https://www.thehindu.com/static/theme/default/base/img/og-image.jpg", "publishedAt": "2020-03-26T14:25:51Z", "content": "Congress leader and MP Rahul Gandhi has allocated a sum of 2.70 crore under the Members of Parliament Local Area Development Scheme (MPLADS) for taking preventive measures against COVID-19 at hospitals in Wayanad, Malappuram and Kozhikode districts. \r\nMr. Gan\u2026 [+1005 chars]"}, {"source": {"id": "the-hindu", "name": "The Hindu"}, "author": "Special Correspondent", "title": "Media urged not to sensationalisenews about spread of COVID-19", "description": "Transit passes for newspaper hawkers, transport, printing and circulation staff", "url": "https://www.thehindu.com/news/national/karnataka/media-urged-not-to-sensationalisenews-about-spread-of-covid-19/article31175318.ece", "urlToImage": "https://www.thehindu.com/static/theme/default/base/img/og-image.jpg", "publishedAt": "2020-03-26T15:00:38Z", "content": "Deputy Commissioner S.B. Bommanahalli held a meeting in Belagavi on Thursday to ensure hassle-free supply of newspapers in the district. \r\nHe instructed the police to issue transit passes to newspaper hawkers, transport and printing staff and circulation pers\u2026 [+1486 chars]"}, {"source": {"id": "the-hindu", "name": "The Hindu"}, "author": "Special Correspondent", "title": "2 new COVID-19 positive cases in Punjab, number rises to 33", "description": "Govt. decides to release 6,000 prisoners, issues criteria", "url": "https://www.thehindu.com/news/national/other-states/2-new-covid-19-positive-cases-in-punjab-number-rises-to-33/article31175152.ece", "urlToImage": "https://www.thehindu.com/news/national/other-states/eycg57/article31175151.ece/ALTERNATES/LANDSCAPE_615/PUNJAB", "publishedAt": "2020-03-26T14:38:09Z", "content": "With two new confirmed cases of COVID-19 reported in Punjab on Thursday, the number has climbed to 33. The government has decided to de-congest its prisons by releasing around 6,000 prisoners.\r\nThe State Health department said one of the two, a woman from the\u2026 [+1622 chars]"}, {"source": {"id": "the-hindu", "name": "The Hindu"}, "author": "The Hindu Net Desk", "title": "India coronavirus lockdown day 2 | Aim is to win the war against COVID-19 in 21 days, say PM Modi", "description": "According to WHO's March 25 update, globally, 18,589 have died and 416,686 have been infected.", "url": "https://www.thehindu.com/news/national/india-coronavirus-lockdown-day-2-updates-march-26-2020/article31169318.ece", "urlToImage": "https://www.thehindu.com/news/national/qi7c2j/article31163905.ece/ALTERNATES/LANDSCAPE_615/Srinagar-coronavirusjpg", "publishedAt": "2020-03-26T02:55:53Z", "content": "The country is fighting a war against the novel coronavirus and the aim is to win it in 21 days, Prime Minister Narendra Modi said on Wednesday, a day afterhe announced a national lockdown of three weeks to combat the pandemic.\r\nIndia has 624 confirmed cases \u2026 [+5095 chars]"}, {"source": {"id": "the-hindu", "name": "The Hindu"}, "author": "Amarnath Tewary", "title": "COVID-19 | Suspected patient dies in Bihar", "description": "His test report is awaited. The total number of cases in State touches six.", "url": "https://www.thehindu.com/news/national/other-states/covid-19-suspected-patient-dies-in-bihar/article31170444.ece", "urlToImage": "https://www.thehindu.com/news/national/other-states/xm68fk/article31169747.ece/ALTERNATES/LANDSCAPE_615/PTI24-03-2020000257A", "publishedAt": "2020-03-26T07:25:54Z", "content": "A suspected COVID-19 patient died on March 26 at Bettiah government hospital in West Champaran district of Bihar.\r\nThe number of positive cases in the State has gone up to six.\r\nAlso read: Nitish govt. not helping those stranded, says Prashant Kishor\r\nA 40-ye\u2026 [+723 chars]"}, {"source": {"id": "the-hindu", "name": "The Hindu"}, "author": "Special Correspondent", "title": "Yediyurappa sets up COVID-19 relief fund", "description": "He asks his Cabinet colleagues to stay in their districts and create awareness", "url": "https://www.thehindu.com/news/national/karnataka/yediyurappa-sets-up-covid-19-relief-fund/article31174598.ece", "urlToImage": "https://www.thehindu.com/static/theme/default/base/img/og-image.jpg", "publishedAt": "2020-03-26T13:40:10Z", "content": "Chief Minister B.S. Yediyurappa has established the Chief Minister Relief Fund COVID-19 and appealed to interested persons to transfer funds online for helping the needy and for providing better healthcare.\r\nHe has appealed to people to donate funds on humani\u2026 [+1532 chars]"}, {"source": {"id": "the-hindu", "name": "The Hindu"}, "author": "Syed Sajjad Ali", "title": "COVID-19 | Tripura newspapers stop printing", "description": "Some newspaper organisations have decided to run e-paper online till lockdown is withdrawn.", "url": "https://www.thehindu.com/news/national/other-states/covid-19-tripura-newspapers-stop-printing/article31171517.ece", "urlToImage": "https://www.thehindu.com/static/theme/default/base/img/og-image.jpg", "publishedAt": "2020-03-26T09:43:12Z", "content": "Printing of newspapers was stopped in Tripura on Thursday, a day after hawkers announced a halt to distribution till March 31. Some of the newspaper organisations have decided to run e-paper online till the nationwide lockdown is withdrawn.\r\nPapers were not g\u2026 [+1769 chars]"}, {"source": {"id": "the-hindu", "name": "The Hindu"}, "author": "N Anand", "title": "Vessels from COVID-19 nations to face more curbs", "description": "DG Shipping gives updated country list to ports", "url": "https://www.thehindu.com/business/vessels-from-covid-19-nations-to-face-more-curbs/article31176285.ece", "urlToImage": "https://www.thehindu.com/static/theme/default/base/img/og-image.jpg", "publishedAt": "2020-03-26T17:07:57Z", "content": "The Directorate General (DG) of Shipping has instructed all the major and minor ports to comply with additional measures along with mandatory quarantine for those vessels arriving from COVID-19-hit countries.\r\nIn a circular, the DG Shipping has issued an upda\u2026 [+1838 chars]"}, {"source": {"id": "the-hindu", "name": "The Hindu"}, "author": "Dr. S. Balasubramanian", "title": "COVID-19: Will it be polite with children?", "description": "With the looming threat of the COVID 19 pandemic, paediatricians have been getting frequent queries from parents on the risk of their children getting this new viral infection which is threatening the", "url": "https://www.thehindu.com/news/national/tamil-nadu/covid-19-will-it-be-polite-with-children/article31177088.ece", "urlToImage": "https://www.thehindu.com/news/national/tamil-nadu/eptmej/article31177087.ece/ALTERNATES/LANDSCAPE_615/Dr-S-Balasubramanian", "publishedAt": "2020-03-26T23:12:13Z", "content": "With the looming threat of the COVID 19 pandemic, paediatricians have been getting frequent queries from parents on the risk of their children getting this new viral infection which is threatening the entire world. \r\nIn the coming days, we can expect large nu\u2026 [+3878 chars]"}, {"source": {"id": "the-hindu", "name": "The Hindu"}, "author": "Special Correspondent", "title": "3 more test positive for COVID-19 in Noida", "description": "Total cases in Gautam Buddha Nagar stands at 14, the highest in Uttar Pradesh", "url": "https://www.thehindu.com/news/cities/Delhi/3-more-test-positive-for-covid-19-in-noida/article31176894.ece", "urlToImage": "https://www.thehindu.com/static/theme/default/base/img/og-image.jpg", "publishedAt": "2020-03-26T18:09:18Z", "content": "Three more persons were found to be infected with COVID-19 on Thursday in Noida, taking the total count in Gautam Buddha Nagar to 14, the highest in Uttar Pradesh.\r\nConfirming the report, Anurag Bhargav, Chief Medical Officer (Gautam Buddh Nagar) said the thr\u2026 [+1627 chars]"}, {"source": {"id": "the-hindu", "name": "The Hindu"}, "author": "Pinarayi Vijayan", "title": "Devising a people-centric response to COVID-19", "description": "We urgently need an economic stimulus to protect livelihoods in the period of lockdown", "url": "https://www.thehindu.com/opinion/lead/devising-a-people-centric-response-to-covid-19/article31176168.ece", "urlToImage": "https://www.thehindu.com/opinion/lead/59ygd1/article31176166.ece/ALTERNATES/LANDSCAPE_615/Pinarayi-Vijayan1", "publishedAt": "2020-03-26T16:59:27Z", "content": "India is at an extremely critical stage in its fight against the COVID-19 pandemic. A lockdown was inevitable. About 21 States, including Kerala, had already announced lockdowns of various durations before the Prime Ministers announcement. It is important tha\u2026 [+7819 chars]"}, {"source": {"id": "the-hindu", "name": "The Hindu"}, "author": "Special Correspondent", "title": "First COVID-19 case in U.P.\u2019s Baghpat", "description": "The first case of COVID-19 in Baghpat has increased the danger of community transmission of the virus. \u201cA resident of a village in Baghpat who had recently returned from Dubai has been found positive", "url": "https://www.thehindu.com/news/national/other-states/first-covid-19-case-in-ups-baghpat/article31177054.ece", "urlToImage": "https://www.thehindu.com/static/theme/default/base/img/og-image.jpg", "publishedAt": "2020-03-26T18:29:38Z", "content": "The first case of COVID-19 in Baghpat has increased the danger of community transmission of the virus.\r\n A resident of a village in Baghpat who had recently returned from Dubai has been found positive for COVID-19. He said he travelled by bus from Delhi to Ba\u2026 [+611 chars]"}, {"source": {"id": "the-hindu", "name": "The Hindu"}, "author": "Akila Kannadasan, Nahla Nainar, Chitra Deepa Anantharam, Meghna Majumdar", "title": "Covid-19: How Tamil Nadu\u2019s grocers are handling the lockdown", "description": "Heroes come in many forms during the 21-day lockdown, and your friendly neighbourhood grocer is one of them", "url": "https://www.thehindu.com/life-and-style/food/coronavirus-chennais-grocery-stores-in-lockdown/article31172794.ece", "urlToImage": "https://www.thehindu.com/life-and-style/food/244j0a/article31172787.ece/ALTERNATES/LANDSCAPE_615/26MPFOODLEAD2", "publishedAt": "2020-03-26T11:29:49Z", "content": "Salt and jaggery? V Saraswathy, who runs G Ganapathy Stores in Coimbatore with her husband, attends to a customer, while she is on the phone with me. Hold on, she tells me, as she gets to work. It is 5 pm, three hours before Prime Minister Narendra Modi would\u2026 [+5180 chars]"}, {"source": {"id": "the-hindu", "name": "The Hindu"}, "author": "The Hindu", "title": "How can India contain the economic impact of COVID-19?", "description": "The government must focus on health and livelihood issues at the same time", "url": "https://www.thehindu.com/opinion/op-ed/how-can-india-contain-the-economic-impact-of-covid-19/article31176015.ece", "urlToImage": "https://www.thehindu.com/opinion/op-ed/9e9cfm/article31176011.ece/ALTERNATES/LANDSCAPE_615/27THGETTYIMAGES", "publishedAt": "2020-03-26T16:37:20Z", "content": "The COVID-19 pandemic has effectively brought normal life to a halt in India. The importance of social distancing and a lockdown in curbing the spread of the virus cannot be stressed enough, but these measures also have huge repercussions on livelihoods and t\u2026 [+10130 chars]"}, {"source": {"id": "the-hindu", "name": "The Hindu"}, "author": "Raina Assainar", "title": "Woman who died in Vashi tests positive for COVID-19", "description": "In separate case, son, domestic help of mosque secretary also found to be infected with coronavirus", "url": "https://www.thehindu.com/news/cities/mumbai/woman-who-died-in-vashi-tests-positive-for-covid-19/article31177418.ece", "urlToImage": "https://www.thehindu.com/news/cities/mumbai/hfa0bh/article31177417.ece/ALTERNATES/LANDSCAPE_615/27BMVASHI", "publishedAt": "2020-03-26T19:21:13Z", "content": "A 65-year-old woman from Govandi, who died at NMMC Hospital in Vashi on Tuesday night, was found to have been COVID-19 positive late on Wednesday. \r\nThe woman, who had diabetes and high blood pressure, had visited a private hospital in Chembur, where doctors \u2026 [+2092 chars]"}, {"source": {"id": "the-hindu", "name": "The Hindu"}, "author": "Hemani Bhandari", "title": "COVID-19 poster outside west Delhi house keeping people away", "description": "Relatives bringing us essential items: quarantined family", "url": "https://www.thehindu.com/news/cities/Delhi/covid-19-poster-outside-west-delhi-house-keeping-people-away/article31176892.ece", "urlToImage": "https://www.thehindu.com/static/theme/default/base/img/og-image.jpg", "publishedAt": "2020-03-26T18:08:50Z", "content": "COVID-19. Do not visit. Home under quarantine, read a poster outside a house in a west Delhi locality. People walking past were seen taking a closer look of the poster after they noticed it, before quickly walking away.\r\nThe poster also has a name, the addres\u2026 [+2971 chars]"}, {"source": {"id": "the-hindu", "name": "The Hindu"}, "author": "Santosh Patnaik", "title": "VIMS designated as regional COVID-19 isolation centre", "description": "It will cater to the needs of patients from four north coastal Andhra districts", "url": "https://www.thehindu.com/news/cities/Visakhapatnam/vims-designated-as-regional-covid-19-isolation-centre/article31176842.ece", "urlToImage": "https://www.thehindu.com/news/cities/Visakhapatnam/uj3bqa/article31176841.ece/ALTERNATES/LANDSCAPE_615/27VZ3VIMS", "publishedAt": "2020-03-26T18:05:46Z", "content": "The government has identified four hospitals in the State including Visakha Institute of Medical Sciences (VIMS) in the city as COVID-19 isolation centres, Collector V. Vinay Chand said on Thursday.\r\nThe VIMS has been designated as the regional COVID-19 isola\u2026 [+1406 chars]"}, {"source": {"id": "the-hindu", "name": "The Hindu"}, "author": "Special Correspondent", "title": "Christian hospitals offer facilities for COVID-19 care", "description": "Network of over 1000 hospitals to work with govt.", "url": "https://www.thehindu.com/news/national/christian-hospitals-offer-facilities-for-covid-19-care/article31177326.ece", "urlToImage": "https://www.thehindu.com/static/theme/default/base/img/og-image.jpg", "publishedAt": "2020-03-26T19:06:33Z", "content": "The Christian Coalition for Health (CCH), which has over 1,000 hospitals and over 60,000 in-patient beds across the country, extended its support to the nation and Prime Minister Narendra Modi in combating the novel coronavirus threat. In a letter to Mr. Modi\u2026 [+1718 chars]"}, {"source": {"id": "the-hindu", "name": "The Hindu"}, "author": "P. Samuel Jonathan", "title": "Post COVID-19 positive case, sanitary drive in Guntur", "description": "The patient\u2019s has a travel history of Dubai, Delhi, and Ajmer; he moved freely on return and even attended a family gathering; 35 persons identified, and their samples sent for testing", "url": "https://www.thehindu.com/news/national/andhra-pradesh/post-covid-19-ppositive-case-guntur-on-sanitation-drive/article31170012.ece", "urlToImage": "https://www.thehindu.com/static/theme/default/base/img/og-image.jpg", "publishedAt": "2020-03-26T06:15:46Z", "content": "With a 52-year-old man from Mangaldas Nagar in the city testing positive for COVID-19, the district administration has launched a comprehensive sanitary drive in the neighbourhood.\r\nThe man, a close relative of an elected representative, had been a Tobacco tr\u2026 [+916 chars]"}, {"source": {"id": "the-hindu", "name": "The Hindu"}, "author": "Peerzada Ashiq", "title": "Inquiry ordered into first COVID-19 death in Kashmir", "description": "The 65-year-old patient, who was later tested positive, was not been handled as per the protocol required for treating such patients, says an order by the Divisional Commissioner", "url": "https://www.thehindu.com/news/national/other-states/inquiry-ordered-into-first-covid-19-death-in-kashmir/article31170690.ece", "urlToImage": "https://www.thehindu.com/news/national/other-states/d31zmi/article31170689.ece/ALTERNATES/LANDSCAPE_615/JAMMULOCKDOWN", "publishedAt": "2020-03-26T08:11:28Z", "content": "A 65-year-old COVID-19 patient died in Kashmir on Thursday morning, first such death in Jammu and Kashmir where 11 patients contracted the deadly disease.\r\nCOVID-19 | Interactive map of confirmed coronavirus cases in India\r\nFirst death due to Coronavirus is a\u2026 [+2055 chars]"}, {"source": {"id": "the-hindu", "name": "The Hindu"}, "author": "The Hindu", "title": "COVID-19 effect: villages in Anantapur look clean", "description": "Unity among residents comes to the fore during trying times", "url": "https://www.thehindu.com/news/national/andhra-pradesh/covid-19-effect-villages-in-anantapur-look-clean/article31174584.ece", "urlToImage": "https://www.thehindu.com/news/national/andhra-pradesh/ureu4/article31174583.ece/ALTERNATES/LANDSCAPE_615/27VJATPSANITATION", "publishedAt": "2020-03-26T13:38:26Z", "content": "Focus on public sanitation in the wake of COVID-19 has improved a lot with majority of villages looking very clean and most of the panchayat staff paying special attention to spraying disinfectants on a large scale for the first time in Anantapur district.\r\nT\u2026 [+1998 chars]"}, {"source": {"id": "the-hindu", "name": "The Hindu"}, "author": "Special Correspondent", "title": "COVID-19: Police open fire on being attacked by accused", "description": "He had been arrested for violating lockdown and riding triple on a motorcycle.", "url": "https://www.thehindu.com/news/cities/bangalore/covid-19-police-open-fire-on-being-attacked-by-accused/article31175630.ece", "urlToImage": "https://www.thehindu.com/static/theme/default/base/img/og-image.jpg", "publishedAt": "2020-03-26T15:34:36Z", "content": "The police opened fire and shot at the leg of an accused after he attacked a sub-inspector and a constable during a spot inspection on Thursday morning at Bhoopasandra in Sanjaynagar. \r\nThe injured man, Tajuddin, and two of his associates had been stopped by \u2026 [+685 chars]"}, {"source": {"id": "the-hindu", "name": "The Hindu"}, "author": "Staff Reporter", "title": "COVID-19: Speed at which virus is spreading is shocking, says researcher", "description": "According to her, one of the reasons is presence of spike protein in the virus and its affinity to ACE2 receptors in human cells", "url": "https://www.thehindu.com/news/national/covid-19-speed-at-which-virus-is-spreading-is-shocking-says-researcher/article31177218.ece", "urlToImage": "https://www.thehindu.com/news/national/ox25t6/article31177217.ece/ALTERNATES/LANDSCAPE_615/TH26KRAPAVITHRA", "publishedAt": "2020-03-26T18:53:39Z", "content": "Chennaiite Pavithra Venkatagopalan, who holds a Ph.D. from Arizona State University (ASU) in the U.S., where her research focused on coronaviruses, was someone who was never active on social media.\r\nI took my privacy seriously and all my social media accounts\u2026 [+3680 chars]"}, {"source": {"id": "the-hindu", "name": "The Hindu"}, "author": "PTI", "title": "Sindhu donates \u20b95 lakh each to Telangana and Andhra to fight COVID-19 pandemic", "description": "The number of positive cases in India has surpassed the 600-mark.", "url": "https://www.thehindu.com/sport/other-sports/sindhu-donates-5-lakh-each-to-telangana-and-andhra-to-fight-covid-19-pandemic/article31170530.ece", "urlToImage": "https://www.thehindu.com/sport/other-sports/jfor5z/article31170529.ece/ALTERNATES/LANDSCAPE_615/PVSINDHU", "publishedAt": "2020-03-26T07:41:06Z", "content": "World champion shuttler P.V. Sindhu on Thursday donated 5 lakh each to the Chief Ministers Relief Funds of Telangana and Andhra Pradesh to fight the dreaded COVID-19 pandemic, which has claimed over 21,000 lives globally.\r\nThe number of positive cases in Indi\u2026 [+1152 chars]"}, {"source": {"id": "the-hindu", "name": "The Hindu"}, "author": "Afshan Yasmeen", "title": "COVID-19: State to procure SARS-CoV-2 antibody test strips from China", "description": "This will help in preliminary screening of quarantined persons", "url": "https://www.thehindu.com/news/cities/bangalore/covid-19-state-to-procure-sars-cov-2-antibody-test-strips-from-china/article31175746.ece", "urlToImage": "https://www.thehindu.com/static/theme/default/base/img/og-image.jpg", "publishedAt": "2020-03-26T15:58:33Z", "content": "The State government is set to procure one lakh SARS-CoV-2 antibody test strips for preliminary screening of quarantined persons and those who are asymptomatic. \r\nAs there are no authorised manufacturers in India right now, the State has to procure the strips\u2026 [+2070 chars]"}, {"source": {"id": "the-hindu", "name": "The Hindu"}, "author": "D. Madhavan", "title": "COVID-19: Pigeon fanciers turn to ragi to feed their birds", "description": "Lack of pigeon feed supply may be the least of the problems in these times \u2014 not for these enthusiasts though", "url": "https://www.thehindu.com/news/cities/chennai/covid-19-pigeon-fanciers-turn-to-ragi-to-feed-their-birds/article31172626.ece", "urlToImage": "https://www.thehindu.com/news/cities/chennai/ybqxkb/article31172625.ece/ALTERNATES/LANDSCAPE_615/26dcpigeon1", "publishedAt": "2020-03-26T11:07:48Z", "content": "Against the backdrop of widespread uncertainty, which includes worries about reaching essential supplies to people in the next three weeks, at the least, feed-supply for homing pigeons certainly looks as big an issue as the size of a single grain.\r\nFor pigeon\u2026 [+2272 chars]"}, {"source": {"id": "the-hindu", "name": "The Hindu"}, "author": "V. Raghavendra", "title": "Stay indoors in view of the looming threat of COVID-19, minister appeals to people", "description": "Industries and IT Minister Mekapati Goutham Reddy spoke to Telangana minister K.T. Rama Rao about the steps the latter has taken for the safety of people stranded at the A.P-Telangana border", "url": "https://www.thehindu.com/news/national/andhra-pradesh/minister-appeals-to-people-to-stay-indoors/article31171131.ece", "urlToImage": "https://www.thehindu.com/static/theme/default/base/img/og-image.jpg", "publishedAt": "2020-03-26T08:44:44Z", "content": "Minister for Industries and IT Mekapati Goutham Reddy called upon the people to refrain from travelling keeping in view the problems faced by those stranded on the Andhra Pradesh (A.P.) - Telangana border and the looming threat of COVID.\r\nEveryones responsibi\u2026 [+720 chars]"}, {"source": {"id": "the-hindu", "name": "The Hindu"}, "author": "Mohammed Iqbal", "title": "Jaipur hospital begins trial of robot to assist COVID-19 patients", "description": "An experts\u2019 panel will submit its report after demonstration,", "url": "https://www.thehindu.com/news/national/other-states/jaipur-hospital-begins-trial-of-robot-to-assist-covid-19-patients/article31170301.ece", "urlToImage": "https://www.thehindu.com/news/national/other-states/exxmj7/article31170312.ece/ALTERNATES/LANDSCAPE_615/jaipurjpg", "publishedAt": "2020-03-26T07:11:35Z", "content": "The trial of a robot for providing medicines and food to COVID-19 patients was undertaken at Sawai Man Singh Government Hospital here on Thursday to check if it could help in keeping doctors and nursing staff at a safe distance to protect them from infection.\u2026 [+1257 chars]"}, {"source": {"id": "the-hindu", "name": "The Hindu"}, "author": "Staff Reporter", "title": "Delhi reports 4 new COVID-19 cases; total number 39 now", "description": "National capital currently has 32 active cases and reported 1 death so far", "url": "https://www.thehindu.com/news/cities/Delhi/delhi-reports-4-new-covid-19-cases-total-number-39-now/article31176875.ece", "urlToImage": "https://www.thehindu.com/news/cities/Delhi/92xrp7/article31176874.ece/ALTERNATES/LANDSCAPE_615/DE27COLLAGE3", "publishedAt": "2020-03-26T18:08:08Z", "content": "Four new cases of COVID-19 were reported in the city on Thursday, taking the total number of cases to 39 with 32 active cases and one death.\r\nAll the four new cases have travel history to affected countries. Case 36, a 32-year-old man, who is a resident of Ja\u2026 [+1282 chars]"}, {"source": {"id": "the-hindu", "name": "The Hindu"}, "author": "Special Correspondent", "title": "Those in contact with Udupi man whotested positive for COVID-19 traced", "description": "All 91 persons who were in contact with him now under home quarantine", "url": "https://www.thehindu.com/news/cities/Mangalore/those-in-contact-with-udupi-man-whotested-positive-for-covid-19-traced/article31176458.ece", "urlToImage": "https://www.thehindu.com/static/theme/default/base/img/og-image.jpg", "publishedAt": "2020-03-26T17:34:09Z", "content": "The district administration and the Health Department have traced the all those who were in contact with the 34-year-old man from Udupi district who had arrived on a flight from Dubai on March 18 and had tested positive for COVID-19 on March 25. \r\nThe person \u2026 [+1104 chars]"}, {"source": {"id": "the-hindu", "name": "The Hindu"}, "author": "Special Correspondent", "title": "Man held for barging into hospital claiming he has COVID-19", "description": "The Yeshwantpur police have arrested a 28-year-old software engineer who allegedly barged into a private hospital on Wednesday night and created panic among people claiming that he was infected with C", "url": "https://www.thehindu.com/news/national/karnataka/man-held-for-barging-into-hospital-claiming-he-has-covid-19/article31176553.ece", "urlToImage": "https://www.thehindu.com/static/theme/default/base/img/og-image.jpg", "publishedAt": "2020-03-26T17:42:54Z", "content": "The Yeshwantpur police have arrested a 28-year-old software engineer who allegedly barged into a private hospital on Wednesday night and created panic among people claiming that he was infected with COVID-19, and would pass it on to them. \r\nHe later tested ne\u2026 [+703 chars]"}, {"source": {"id": "the-hindu", "name": "The Hindu"}, "author": "Vijaita Singh", "title": "Coronavirus outbreak | No COVID positive case in Meghalaya so far: CM Conrad Sangma", "description": "But around 3,300 people have been kept under surveillance, says Conrad Sangma", "url": "https://www.thehindu.com/news/national/coronavirus-outbreak-no-covid-positive-case-in-meghalaya-so-far-cm-conrad-sangma/article31176094.ece", "urlToImage": "https://www.thehindu.com/static/theme/default/base/img/og-image.jpg", "publishedAt": "2020-03-26T16:49:25Z", "content": "Meghalaya has not reported any COVID-19 positive case so far but around 3,300 people have been kept under surveillance, Chief Minister Conrad Sangma told The Hindu.\r\nWatch | Your COVID-19 queries answered\r\nMr. Sangma said the State administration had created \u2026 [+2301 chars]"}, {"source": {"id": "the-hindu", "name": "The Hindu"}, "author": "V. Raghavendra", "title": "Tollywood star and JSP chief Pawan Kalyan donates \u20b92 cr. for COVID-19 containment", "description": "\u20b91 cr. to PM\u2019s National Relief Fund and \u20b950 lakh each to CM\u2019s Relief Fund of A.P. and Telangana", "url": "https://www.thehindu.com/news/national/andhra-pradesh/pawan-kalyan-donates-rs-2-crore/article31170492.ece", "urlToImage": "https://www.thehindu.com/static/theme/default/base/img/og-image.jpg", "publishedAt": "2020-03-26T07:31:14Z", "content": "Jana Sena Party president and Tollywood star Pawan Kalyan announced a donation of 1 crore to the Prime Ministers National Relief Fund, and 50 lakh each to the Chief Ministers Relief Fund of Andhra Pradesh and Telangana respectively.\r\nThe donation is to facili\u2026 [+156 chars]"}, {"source": {"id": "the-hindu", "name": "The Hindu"}, "author": "PTI", "title": "17 states earmarking hospitals for dedicated treatment of COVID-19 patients: Health Ministry", "description": "Death toll due to COVID-19 rose to 13.", "url": "https://www.thehindu.com/news/national/17-states-earmarking-hospitals-for-dedicated-treatment-of-covid-19-patients-health-ministry/article31173373.ece", "urlToImage": "https://www.thehindu.com/news/cities/Delhi/re06xx/article31151086.ece/ALTERNATES/LANDSCAPE_615/INDIAVIRUSOUTBREAK", "publishedAt": "2020-03-26T12:00:52Z", "content": "The Health Ministry on Thursday said that 17 states have started work on earmarking hospitals for dedicated treatment of COVID-19 patients.\r\nBriefing the press on the coronavirus situation, Health Ministry joint secretary Lav Agarwal said, There is still no h\u2026 [+1107 chars]"}, {"source": {"id": "the-hindu", "name": "The Hindu"}, "author": "The Hindu Net Desk", "title": "Morning digest: Spain's coronavirus death toll overtakes China's; aim is to win the war against COVID-19 in 21 days, says PM Modi; and more", "description": "A select list of stories to read before you start your day", "url": "https://www.thehindu.com/news/morning-digest-march-26-2020/article31169013.ece", "urlToImage": "https://www.thehindu.com/news/national/2v1p6p/article31160816.ece/ALTERNATES/LANDSCAPE_615/cabinetjpg", "publishedAt": "2020-03-26T02:03:47Z", "content": "The country is fighting a war against the novel coronavirus and the aim is to win it in 21 days, Prime Minister Narendra Modi said on Wednesday, a day afterhe announced a national lockdown of three weeks to combat the pandemic. Interacting with people in his \u2026 [+2992 chars]"}, {"source": {"id": "the-hindu", "name": "The Hindu"}, "author": "Mini Tejaswi", "title": "Centre, States splurge on COVID-19 advertisements", "description": "Union Health Ministry tops the list", "url": "https://www.thehindu.com/business/centre-states-splurge-on-covid-19-advertisements/article31176161.ece", "urlToImage": "https://www.thehindu.com/static/theme/default/base/img/og-image.jpg", "publishedAt": "2020-03-26T16:58:19Z", "content": "There has been a tremendous increase in social advertisements on TV, higher than that seen in regular ads, courtesy COVID-19.\r\n The pandemic has influenced the advertising behaviours of governments, both the Centres and States, as per data made available excl\u2026 [+1301 chars]"}, {"source": {"id": "the-hindu", "name": "The Hindu"}, "author": "Swathi Vadlamudi", "title": "Forgotten heroes of battle against COVID-19", "description": "Left to their fate by GHMC, garbage collectors work against odds", "url": "https://www.thehindu.com/news/cities/Hyderabad/forgotten-heroes-of-battle-against-covid-19/article31175399.ece", "urlToImage": "https://www.thehindu.com/static/theme/default/base/img/og-image.jpg", "publishedAt": "2020-03-26T15:12:11Z", "content": "Paslawath Satyams day begins at 5 a.m. daily. He downs a cup of steaming chai at the roadside tea shop, before taking out his SAT (Swachh Auto Tipper) vehicle sanitised nomenclature for the mini-garbage truck.\r\nSince then, he and his wife Kamala make rounds o\u2026 [+2558 chars]"}, {"source": {"id": "the-hindu", "name": "The Hindu"}, "author": "B. Chandrashekhar", "title": "Many still ignorant about dreaded COVID-19", "description": "Several garbage collectors, grocery shop workers, vegetable vendors and milk delivery persons, not taking proper precaution", "url": "https://www.thehindu.com/news/cities/Hyderabad/many-still-ignorant-about-dreaded-covid-19/article31176392.ece", "urlToImage": "https://www.thehindu.com/static/theme/default/base/img/og-image.jpg", "publishedAt": "2020-03-26T17:25:37Z", "content": "Proper awareness about the spread of the dreaded coronavirus appears to be still eluding some sections of the society, particularly those linked to essential services, in spite of the constant rise in the number of positive cases.\r\nOnly a few garbage collecto\u2026 [+2372 chars]"}, {"source": {"id": "the-hindu", "name": "The Hindu"}, "author": "Staff Reporter", "title": "First COVID-19 case reported in Wayanad", "description": "A 48-year-old man in Thondarnad grama panchayat in the district, who returned from Dubai, tested positive for COVID-19 on Thursday.District Medical officer R. Renuka told The Hindu that the man, a res", "url": "https://www.thehindu.com/news/national/kerala/first-covid-19-case-reported-in-wayanad/article31175319.ece", "urlToImage": "https://www.thehindu.com/static/theme/default/base/img/og-image.jpg", "publishedAt": "2020-03-26T15:01:10Z", "content": "A 48-year-old man in Thondarnad grama panchayat in the district, who returned from Dubai, tested positive for COVID-19 on Thursday.\r\nDistrict Medical officer R. Renuka told The Hindu that the man, a resident of Kunhome, had returned to the country from Dubai \u2026 [+892 chars]"}, {"source": {"id": "the-hindu", "name": "The Hindu"}, "author": "Jayasimha K.R.", "title": "COVID warriors: Pourakarmikas walk the extra mile", "description": "Though BBMP has arranged for BMTC buses and food packets to help essential workers, many are yet to benefit from this", "url": "https://www.thehindu.com/news/cities/bangalore/covid-warriors-pourakarmikas-walk-the-extra-mile/article31175711.ece", "urlToImage": "https://www.thehindu.com/news/cities/bangalore/l3x0ax/article31175710.ece/ALTERNATES/LANDSCAPE_615/27BGTPOURAKARMIKAS", "publishedAt": "2020-03-26T16:00:34Z", "content": "On a normal day, Rupa, a pourakarmika who works in and around Peenya, wakes up at 6 a.m. to get to work by 6.30 a.m. But these days are far from normal with working professionals, children and the elderly hunkering down at home in the wake of the COVID-19 pan\u2026 [+2796 chars]"}, {"source": {"id": "the-hindu", "name": "The Hindu"}, "author": "Staff Reporter", "title": "Govt. to buy 2000 ventilators totackle COVID-19: Sriramulu", "description": "Minister for Health and Family Welfare B. Sriramulu has said that the BJP government has decided to purchase 2,000 ventilators to treat COVID-19 patients in the State. \u201cWe have decided to purchase 2,0", "url": "https://www.thehindu.com/news/national/karnataka/govt-to-buy-2000-ventilators-totackle-covid-19-sriramulu/article31175377.ece", "urlToImage": "https://www.thehindu.com/static/theme/default/base/img/og-image.jpg", "publishedAt": "2020-03-26T15:08:32Z", "content": "Minister for Health and Family Welfare B. Sriramulu has said that the BJP government has decided to purchase 2,000 ventilators to treat COVID-19 patients in the State. \r\nWe have decided to purchase 2,000 ventilators to tackle COVID-19 in the State. The equipm\u2026 [+2535 chars]"}, {"source": {"id": "the-hindu", "name": "The Hindu"}, "author": "Special Correspondent", "title": "Stroke victim dies due to COVID-19 apathy", "description": "Even as he collapses in a market place, people refuse to go to his assistance suspecting coronavirus", "url": "https://www.thehindu.com/news/cities/Hyderabad/stroke-victim-dies-due-to-covid-19-apathy/article31169394.ece", "urlToImage": "https://www.thehindu.com/static/theme/default/base/img/og-image.jpg", "publishedAt": "2020-03-26T03:21:00Z", "content": "In a strange incident, people refused to touch and provide medical assistance to a person who collapsed due to heart stroke, scared of getting infected with the deadly COVID-19 virus at the busy rythu bazaar area in Kashmirgadda locality here on Wednesday. \r\n\u2026 [+1327 chars]"}, {"source": {"id": "the-hindu", "name": "The Hindu"}, "author": "Staff Reporter", "title": "Move to dedicate Gandhi Hospital to COVID-19 cases", "description": "Many departments to be shifted to Osmania General Hospital", "url": "https://www.thehindu.com/news/national/telangana/move-to-dedicate-gandhi-hospital-to-covid-19-cases/article31175902.ece", "urlToImage": "https://www.thehindu.com/static/theme/default/base/img/og-image.jpg", "publishedAt": "2020-03-26T16:24:56Z", "content": "Preparations are under way to dedicate the Gandhi Hospital exclusively for COVID-19 cases. Orders to this effect were issued by Telangana Health Minister Eatala Rajender who held a review meeting on Thursday to discuss the measures needed to be taken if the i\u2026 [+2211 chars]"}, {"source": {"id": "the-hindu", "name": "The Hindu"}, "author": "Special Correspondent", "title": "COVID-19 fight should not hit immunisation: UNICEF", "description": "It extends $9 million to ensure continuity of learning among children", "url": "https://www.thehindu.com/news/national/covid-19-fight-should-not-hit-immunisation-unicef/article31174882.ece", "urlToImage": "https://www.thehindu.com/static/theme/default/base/img/og-image.jpg", "publishedAt": "2020-03-26T14:09:06Z", "content": "In their efforts to contain COVID-19, governments worldwide should not ignore life-saving health interventions like immunisation, the UNICEF said on Thursday.\r\nAs the pandemic progresses, critical life-saving services, including immunisation, will likely be d\u2026 [+1905 chars]"}, {"source": {"id": "the-hindu", "name": "The Hindu"}, "author": "Staff Reporter", "title": "Man booked for giving COVID-19 shudders to Palakkad", "description": "Umra returnee roamed around, met many, entertained visitors at home", "url": "https://www.thehindu.com/news/national/kerala/man-booked-for-giving-covid-19-shudders-to-palakkad/article31174881.ece", "urlToImage": "https://www.thehindu.com/static/theme/default/base/img/og-image.jpg", "publishedAt": "2020-03-26T14:09:01Z", "content": "The man from Karakurissi near Mannarkkad in the district who was tested positive for COVID-19 on Wednesday has posed a threatening puzzle for the health authorities and the district administration. The police registered a case against him for deliberately end\u2026 [+2043 chars]"}, {"source": {"id": "the-hindu", "name": "The Hindu"}, "author": "Sonam Saigal", "title": "Rana Kapoor files for bail citing COVID-19", "description": "Yes Bank CEO and managing director Rana Kapoor facing allegations of money laundering moved for bail on Thursday citing health grounds.Mr. Kapoor through his lawyer pleaded that he has been suffering", "url": "https://www.thehindu.com/news/cities/mumbai/rana-kapoor-files-for-bail-citing-covid-19/article31177474.ece", "urlToImage": "https://www.thehindu.com/static/theme/default/base/img/og-image.jpg", "publishedAt": "2020-03-26T19:35:25Z", "content": "Yes Bank CEO and managing director Rana Kapoor facing allegations of money laundering moved for bail on Thursday citing health grounds.\r\nMr. Kapoor through his lawyer pleaded that he has been suffering from various ailments, including recurring lung, sinus an\u2026 [+802 chars]"}, {"source": {"id": "the-hindu", "name": "The Hindu"}, "author": "Special Correspondent", "title": "PVS Hospital taken over for COVID-19 care", "description": "The Ernakulam district administration has taken over PVS Hospital as a COVID-19 care centre. An order to this effect was issued by Fort Kochi RDO Snehil Kumar Singh, designated as Incident Commander u", "url": "https://www.thehindu.com/news/cities/Kochi/pvs-hospital-taken-over-for-covid-19-care/article31177296.ece", "urlToImage": "https://www.thehindu.com/static/theme/default/base/img/og-image.jpg", "publishedAt": "2020-03-26T19:04:25Z", "content": "The Ernakulam district administration has taken over PVS Hospital as a COVID-19 care centre.\r\n An order to this effect was issued by Fort Kochi RDO Snehil Kumar Singh, designated as Incident Commander under the Epidemic Diseases Act.\r\nKanayannur tahsildar Bee\u2026 [+1077 chars]"}, {"source": {"id": "the-hindu", "name": "The Hindu"}, "author": "PTI", "title": "ICMR invites quotations from manufacturers for COVID-19 test kits", "description": "Any manufacturer with an Indian-based supplier can submit quotations by Thursday 2.30 pm, the ICMR said.", "url": "https://www.thehindu.com/news/national/icmr-invites-quotations-from-manufacturers-for-covid-19-test-kits/article31169924.ece", "urlToImage": "https://www.thehindu.com/news/national/drhvsx/article31168475.ece/ALTERNATES/LANDSCAPE_615/TESTINGKITS", "publishedAt": "2020-03-26T05:57:32Z", "content": "In an urgent move towards expanding the COVID-19 diagnostics in India, the Indian Council of Medical Research (ICMR) has invited quotations from manufacturers for supply of kits for testing.\r\n The move comes in the wake of the number of COVID-19 cases crossin\u2026 [+1168 chars]"}, {"source": {"id": "the-hindu", "name": "The Hindu"}, "author": "Staff Reporter", "title": "Three more test positive for COVID-19 in Kasaragod", "description": "Cases touch 47 in district", "url": "https://www.thehindu.com/news/national/kerala/three-more-test-positive-for-covid-19-in-kasaragod/article31177317.ece", "urlToImage": "https://www.thehindu.com/static/theme/default/base/img/og-image.jpg", "publishedAt": "2020-03-26T19:05:33Z", "content": "The total number of people affected by COVID-19 has increased to 47 in the district with three more persons testing positive on Thursday. Of the three confirmed cases, one is a 37-year-old resident of Chengala, another a 38-year-old resident of Kollampady and\u2026 [+1071 chars]"}, {"source": {"id": "the-hindu", "name": "The Hindu"}, "author": "Special Correspondent", "title": "Two more test positive for COVID-19 in Thrissur", "description": "Two more persons tested positive for COVID-19 in Thrissur on Thursday. The 32-year-old husband of the woman who tested positive recently, and a 21-year-old youth were the new patients. The woman had c", "url": "https://www.thehindu.com/news/national/kerala/two-more-test-positive-for-covid-19-in-thrissur/article31175328.ece", "urlToImage": "https://www.thehindu.com/static/theme/default/base/img/og-image.jpg", "publishedAt": "2020-03-26T15:03:16Z", "content": "Two more persons tested positive for COVID-19 in Thrissur on Thursday. \r\nThe 32-year-old husband of the woman who tested positive recently, and a 21-year-old youth were the new patients. The woman had come from France a few days ago. She was admitted to Thris\u2026 [+1308 chars]"}, {"source": {"id": "the-hindu", "name": "The Hindu"}, "author": "Shiv Sahay Singh", "title": "COVID-19 | One more tests positive West Bengal, total cases at 10", "description": "The hospital did not share travel history of the 66-year-old resident of Nayabad in south Kolkata.", "url": "https://www.thehindu.com/news/national/other-states/covid-19-one-more-tests-positive-west-bengal-total-cases-at-10/article31169998.ece", "urlToImage": "https://www.thehindu.com/news/national/other-states/qziqfd/article31169997.ece/ALTERNATES/LANDSCAPE_615/TH26WEST-BENGAL", "publishedAt": "2020-03-26T06:10:18Z", "content": "One more person tested positive for COVID-19 in West Bengal on March 26, taking the number of cases with the viral infection to 10.\r\nThe 66- year-old resident of Nayabad in south Kolkata, who tested positive is admitted at a private health facility in the cit\u2026 [+1199 chars]"}, {"source": {"id": "the-hindu", "name": "The Hindu"}, "author": "S. GanesanTIRUCHI", "title": "COVID-19 lockdown puts banana growers and traders in severe distress", "description": "For banana growers in Tiruchi and Karur districts, a major banana growing belt, the COVID-19 pandemic could not have come at a worse time. With the crop in harvest stage, transporting plantains to mar", "url": "https://www.thehindu.com/news/cities/Tiruchirapalli/covid-19-lockdown-puts-banana-growers-and-traders-in-severe-distress/article31174849.ece", "urlToImage": "https://www.thehindu.com/news/cities/Tiruchirapalli/auq7el/article31174848.ece/ALTERNATES/LANDSCAPE_615/TY27BANANATRY", "publishedAt": "2020-03-26T14:06:38Z", "content": "For banana growers in Tiruchi and Karur districts, a major banana growing belt, the COVID-19 pandemic could not have come at a worse time. With the crop in harvest stage, transporting plantains to markets has become a problem due to police restrictions on mov\u2026 [+4150 chars]"}, {"source": {"id": "the-hindu", "name": "The Hindu"}, "author": "PTI", "title": "COVID-19 | IAF creates nine quarantine facilities at its nodal bases across country", "description": "The Indian Air Force (IAF) on Wednesday said it has created nine quarantine facilities of 200-300 personnel capacity each at its nodal bases across the country to combat the outbreak of COVID-19. \u201cTo", "url": "https://www.thehindu.com/news/national/covid-19-iaf-creates-nine-quarantine-facilities-at-its-nodal-bases-across-country/article31173607.ece", "urlToImage": "https://www.thehindu.com/news/national/z6gian/article31144200.ece/ALTERNATES/LANDSCAPE_615/23IN-ARMY", "publishedAt": "2020-03-26T12:31:52Z", "content": "The Indian Air Force (IAF) on Wednesday said it has created nine quarantine facilities of 200-300 personnel capacity each at its nodal bases across the country to combat the outbreak of COVID-19. To monitor the prevailing situation and provide immediate respo\u2026 [+1236 chars]"}, {"source": {"id": "the-hindu", "name": "The Hindu"}, "author": "Amarnath Tewary", "title": "Junior doctors at special hospital for COVID-19 in Bihar want to go on home quarantine", "description": "They say lack of protective gear has exposed them to health risks while dealing with patients", "url": "https://www.thehindu.com/news/national/other-states/junior-doctors-at-special-hospital-for-covid-19-in-bihar-want-to-go-on-home-quarantine/article31169748.ece", "urlToImage": "https://www.thehindu.com/news/national/other-states/xm68fk/article31169747.ece/ALTERNATES/LANDSCAPE_615/PTI24-03-2020000257A", "publishedAt": "2020-03-26T05:19:48Z", "content": "Cocking a snook at the Bihar governments preparedness for COVID-19, as many as 83 junior doctors at Nalanda Medical College and Hospital (NMCH), which has been designated as the States first special hospital, have written to their superintendent seeking 15-da\u2026 [+3630 chars]"}, {"source": {"id": "the-hindu", "name": "The Hindu"}, "author": "Ramesh Susarla", "title": "First COVID-19 positive case from Anantapur being treated in Bengaluru", "description": "He has returned from France on March 1, and later went to Himachal Pradesh adn returned to Puttaparthi", "url": "https://www.thehindu.com/news/national/andhra-pradesh/fiirst-covid-19-positive-case-from-anantapur/article31173790.ece", "urlToImage": "https://www.thehindu.com/static/theme/default/base/img/og-image.jpg", "publishedAt": "2020-03-26T12:27:08Z", "content": "A 64-year-old male resident of Anantapur district has tested positive for COVID-19 and is currently being treated in Bengaluru Rural district. This is the first case of any patient who had gone from Anantapur or come to the district. \r\nAccording to official i\u2026 [+960 chars]"}, {"source": {"id": "the-hindu", "name": "The Hindu"}, "author": "The Hindu", "title": "The Hindu's e-book on COVID-19 now available for download in multiple Indian languages", "description": "The e-book on essential information about the virus, disease, and prevention will be available for free download from our site", "url": "https://www.thehindu.com/news/resources/the-hindus-e-book-on-covid-19-in-multiple-indian-languages/article31174374.ece", "urlToImage": "https://www.thehindu.com/books/wxr0h2/article31122295.ece/ALTERNATES/LANDSCAPE_615/PandemicNotebook", "publishedAt": "2020-03-26T14:07:51Z", "content": "As COVID-19 spreads across the world, information about the disease, messages on preventive measures, news of cures in the process of development, all these are of prime importance. \r\nThe Hindu has published an e-book on essential information that will be ava\u2026 [+901 chars]"}, {"source": {"id": "the-hindu", "name": "The Hindu"}, "author": "Staff Reporter", "title": "COVID-19: State promises to remove bottlenecks in supply chain", "description": "Based on this assurance, APMCs plan to reopen on Friday", "url": "https://www.thehindu.com/news/cities/bangalore/covid-19-state-promises-to-remove-bottlenecks-in-supply-chain/article31175462.ece", "urlToImage": "https://www.thehindu.com/static/theme/default/base/img/og-image.jpg", "publishedAt": "2020-03-26T15:15:14Z", "content": "Restrictions on movement of goods vehicles have severely disrupted supply chains of farmers-wholesalers and wholesale-retail creating an artificial scarcity in the State leading to panic buying. Given the demand, many retailers have increased the price of ess\u2026 [+2791 chars]"}, {"source": {"id": "the-hindu", "name": "The Hindu"}, "author": "Dr. S.Balasubramanian", "title": "COVID-19 | Will it be polite with children?", "description": "With the looming threat of the COVID 19 pandemic, paediatricians have been getting frequent queries from parents on the risk of their children getting this new viral infection which is threatening the", "url": "https://www.thehindu.com/news/cities/chennai/covid-19-will-it-be-polite-with-children/article31177130.ece", "urlToImage": "https://www.thehindu.com/sci-tech/health/xi9miz/article31177170.ece/ALTERNATES/LANDSCAPE_615/Balasubramanianjpg", "publishedAt": "2020-03-26T18:44:46Z", "content": "With the looming threat of the COVID 19 pandemic, paediatricians have been getting frequent queries from parents on the risk of their children getting this new viral infection which is threatening the entire world. \r\nIn the coming days, we can expect large nu\u2026 [+3864 chars]"}, {"source": {"id": "the-hindu", "name": "The Hindu"}, "author": "M.L.Melly Maitreyi", "title": "Apollo Hospitals launches Project Kavach to tackle COVID-19 pandemic", "description": "Designed an AI-based coronavirus Risk Assessment App and on the website through simple interactive questions; risk-based guidance to contact certified help centre; 250 beds were kept aside for COVID-19 patients, ramped up to 500 if needed.", "url": "https://www.thehindu.com/news/cities/Hyderabad/apollo-hospitals-launches-project-kavach/article31172439.ece", "urlToImage": "https://www.thehindu.com/static/theme/default/base/img/og-image.jpg", "publishedAt": "2020-03-26T10:52:27Z", "content": "Apollo Hospitals Group has announced a new initiative - Project Kavach (shield) - a comprehensive and integrated response plan and approach to protect people across the nation from the COVID-19 pandemic.\r\nThe plan encompasses all aspects from information, pre\u2026 [+4164 chars]"}, {"source": {"id": "the-hindu", "name": "The Hindu"}, "author": "K. Shiva Shanker", "title": "Telangana reports three more COVID-19 positive cases including a doctor couple", "description": "Condition of the three patients is stable and they are admitted in a designated hospital; total goes up to 44, including one who was discharged", "url": "https://www.thehindu.com/news/cities/Hyderabad/three-more-covid-19-positive-cases-in-telangana/article31171686.ece", "urlToImage": "https://www.thehindu.com/static/theme/default/base/img/og-image.jpg", "publishedAt": "2020-03-26T10:00:10Z", "content": "Three more COVID-19 cases have been confirmed in Telangana till Thursday afternoon, including a doctor couple from Domalguda in the city. Till now, the total number of cases in the State stands at 44, including one person who was discharged. \r\nPatient (P) num\u2026 [+1113 chars]"}]}