{"status": "ok", "totalResults": 65, "articles": [{"source": {"id": "the-hindu", "name": "The Hindu"}, "author": "Special Correspondent", "title": "Power utilities meet today on COVID-19", "description": "To draw up SOPs for field staff", "url": "https://www.thehindu.com/news/national/telangana/power-utilities-meet-today-on-covid-19/article31110068.ece", "urlToImage": "https://www.thehindu.com/static/theme/default/base/img/og-image.jpg", "publishedAt": "2020-03-19T14:33:35Z", "content": "In the wake of increasing number of coronavirus cases, Chairman and Managing Director of the Transmission Corporation of Telangana (TS-Transco) D. Prabhakar Rao has convened a meeting with the top executives of the four power utilities on Friday to discuss th\u2026 [+794 chars]"}, {"source": {"id": "the-hindu", "name": "The Hindu"}, "author": "S. Vijay Kumar", "title": "COVID-19: Railways withdraws concessions to discourage travel", "description": "The Railways provides travel concessions to 51 categories of people", "url": "https://www.thehindu.com/news/national/tamil-nadu/covid-19-railways-withdraws-concessions-to-discourage-travel/article31107983.ece", "urlToImage": "https://www.thehindu.com/news/national/tamil-nadu/lzx27y/article31107982.ece/ALTERNATES/LANDSCAPE_615/19MARTH--TRAIN", "publishedAt": "2020-03-19T10:31:30Z", "content": "In a first, the Ministry of Railways has withdrawn concessions for all categories of passengers, except students, persons with disabilities and patients, to discourage non-essential travel.\r\nCiting a health advisory issued to control the spread of COVID-19, t\u2026 [+918 chars]"}, {"source": {"id": "the-hindu", "name": "The Hindu"}, "author": "Special Correspondent", "title": "COVID-19| Armed forces set up eleven new quarantine facilities", "description": "With coronavirus continuing to spread across the country, the armed forces have set up 11 additional quarantine facilities, in addition to the four presently in operation, the Defence Ministry said. T", "url": "https://www.thehindu.com/news/national/covid-19-armed-forces-set-up-eleven-new-quarantine-facilities/article31111081.ece", "urlToImage": "https://www.thehindu.com/news/national/c4foce/article31111080.ece/ALTERNATES/LANDSCAPE_615/19THARMYQUARANTINE", "publishedAt": "2020-03-19T16:39:32Z", "content": "With coronavirus continuing to spread across the country, the armed forces have set up 11 additional quarantine facilities, in addition to the four presently in operation, the Defence Ministry said. These facilities can be made operational in 24 to 48 hours.\r\u2026 [+1263 chars]"}, {"source": {"id": "the-hindu", "name": "The Hindu"}, "author": "Staff Reporter", "title": "3 more test positive for COVID-19 in Telangana", "description": "All the three have travel history to foreign countries", "url": "https://www.thehindu.com/news/national/telangana/3-more-test-positive-for-covid-19-in-telangana/article31111841.ece", "urlToImage": "https://www.thehindu.com/static/theme/default/base/img/og-image.jpg", "publishedAt": "2020-03-19T18:19:03Z", "content": "Three more COVID-19 positive cases were reported in Telangana on Thursday. This takes the total number of cases in the State to 16, including the index (first ) case who was discharged last week after recovering completely. \r\nThe 14th patient is a man who tra\u2026 [+1454 chars]"}, {"source": {"id": "the-hindu", "name": "The Hindu"}, "author": "Staff Reporter", "title": "\u20b91 crore for Mahe to fight COVID-19: Puducherry CM", "description": "Help sought from Kerala to contain spread of disease", "url": "https://www.thehindu.com/news/national/kerala/1-crore-for-mahe-to-fight-covid-19-puducherry-cm/article31112916.ece", "urlToImage": "https://www.thehindu.com/static/theme/default/base/img/og-image.jpg", "publishedAt": "2020-03-19T20:34:32Z", "content": "Puducherry Chief Minister V. Narayanasamy has assured of immediately releasing 1 crore from the State Disaster Relief Fund and taking immediate preventive measures in the wake of the confirmation of a COVID-19 case in Mahe. \r\nThe Chief Minister along with Hea\u2026 [+1446 chars]"}, {"source": {"id": "the-hindu", "name": "The Hindu"}, "author": "Special Correspondent", "title": "\u20b920,000-crore stimulus plan to cushion COVID-19 impact", "description": "UAE-returnee on quarantine tests positive in Kasaragod", "url": "https://www.thehindu.com/news/national/kerala/20000-crore-stimulus-plan-to-cushion-covid-19-impact/article31110332.ece", "urlToImage": "https://www.thehindu.com/static/theme/default/base/img/og-image.jpg", "publishedAt": "2020-03-19T15:24:45Z", "content": "Chief Minister Pinarayi Vijayan on Thursday announced a 20,000-crore stimulus plan to cushion the economic impact of COVID-19 in Kerala, revitalise key sectors and to recapture normal social life in the State.\r\nBriefing mediapersons here on Thursday, Mr. Vija\u2026 [+2599 chars]"}, {"source": {"id": "the-hindu", "name": "The Hindu"}, "author": "Special Correspondent", "title": "Coronavirus | Gujarat reports first cases of COVID-19 infection", "description": "Both patients returned from abroad recently", "url": "https://www.thehindu.com/news/national/other-states/coronavirus-gujarat-reports-first-cases-of-covid-19-infection/article31111847.ece", "urlToImage": "https://www.thehindu.com/news/national/other-states/d076dy/article31111846.ece/ALTERNATES/LANDSCAPE_615/AHMEDABAD-COVID19", "publishedAt": "2020-03-19T18:21:07Z", "content": "In the first such case, two persons, who returned from abroad recently, were found infected with COVID-19 in Gujarat on March 19. \r\nA 32-year-old man, who returned from Saudi Arabia, has tested positive and is under treatment in Rajkot. The Health department,\u2026 [+1013 chars]"}, {"source": {"id": "the-hindu", "name": "The Hindu"}, "author": "Staff Reporter", "title": "One co-passenger tests positive for COVID-19", "description": "Officials awaiting confirmation from NIV, Pune", "url": "https://www.thehindu.com/news/national/telangana/one-co-passenger-tests-positive-for-covid-19/article31111885.ece", "urlToImage": "https://www.thehindu.com/static/theme/default/base/img/og-image.jpg", "publishedAt": "2020-03-19T18:23:26Z", "content": "Two jawans of the Central paramilitary forces, who travelled along with the COVID-19 positive Indonesia nationals in the AP Sampark Kranti Express and alighted at Ramagundam in the wee hours of March 14, have been shifted to Gandhi Hospital here after they de\u2026 [+1032 chars]"}, {"source": {"id": "the-hindu", "name": "The Hindu"}, "author": "Special Correspondent", "title": "COVID-19 scare: Trains cancelled due to poor patronisation", "description": "The COVID-19 scare coupled with social distancing and the imperatives of avoiding non-essential travel has resulted in poor patronisation of trains and an increase in cancellation of booked tickets. A", "url": "https://www.thehindu.com/news/national/karnataka/covid-19-scare-trains-cancelled-due-to-poor-patronisation/article31110208.ece", "urlToImage": "https://www.thehindu.com/static/theme/default/base/img/og-image.jpg", "publishedAt": "2020-03-19T15:03:24Z", "content": "The COVID-19 scare coupled with social distancing and the imperatives of avoiding non-essential travel has resulted in poor patronisation of trains and an increase in cancellation of booked tickets. \r\nAs a result, the South Western Railway has decided to canc\u2026 [+2011 chars]"}, {"source": {"id": "the-hindu", "name": "The Hindu"}, "author": "Special Correspondent", "title": "Coronavirus | Indian pilgrim dies of COVID-19 in Iran", "description": "Indian Embassy opens a hostel to house a part of pilgrims who tested positive for coronavirus", "url": "https://www.thehindu.com/news/national/coronavirus-indian-pilgrim-dies-of-covid-19-in-iran/article31111130.ece", "urlToImage": "https://www.thehindu.com/static/theme/default/base/img/og-image.jpg", "publishedAt": "2020-03-19T16:41:12Z", "content": "One of the 255 Indian pilgrims in Iran suffering from COVID-19 has died, the government announced on Thursday. The death of the unnamed pilgrim came on a day when the Indian Embassy opened a hostel to house a part of the pilgrims who had tested positive for t\u2026 [+2136 chars]"}, {"source": {"id": "the-hindu", "name": "The Hindu"}, "author": "The Hindu Net Desk", "title": "Live | PM Modi addresses the nation on COVID-19 pandemic", "description": "Four people have died from the disease so far.", "url": "https://www.thehindu.com/news/national/narendra-modi-speech-live-updates-coronavirus/article31108793.ece", "urlToImage": "https://www.thehindu.com/news/national/jrrbig/article31103461.ece/ALTERNATES/LANDSCAPE_615/PM-MODI", "publishedAt": "2020-03-19T14:31:33Z", "content": "As the country grapples with the COVID-19 pandemic, Prime Minister Narendra Modi will address the nation at 8 p.m. on March 19.\r\nThe Prime Minister is expected to restate the Health Ministry directive and travel advisories, along with possible new rules for q\u2026 [+2521 chars]"}, {"source": {"id": "the-hindu", "name": "The Hindu"}, "author": "E.M.Manoj", "title": "COVID-19 | Surveillance stepped up in Wayanad after Kodagu records first case", "description": "Move comes after a case was detected in neighbouring Kodagu district", "url": "https://www.thehindu.com/news/national/kerala/covid-19-surveillance-stepped-up-in-wayanad-after-kodagu-records-first-case/article31107831.ece", "urlToImage": "https://www.thehindu.com/static/theme/default/base/img/og-image.jpg", "publishedAt": "2020-03-19T10:14:57Z", "content": "The Wayanad district administration has stepped up surveillance following the detection of a confirmed case of COVID-19 in neighbouring Kodagu district in Karnataka on Thursday.\r\nThe Kodagu district administration invoked Section 144 of the Code of Criminal P\u2026 [+1194 chars]"}, {"source": {"id": "the-hindu", "name": "The Hindu"}, "author": "PTI", "title": "COVID-19 | Chidambaram calls for immediate lockdown of all towns, cities for 2-4 weeks", "description": "The coronavirus cases in India rose to 169 on Thursday after 18 fresh cases were reported from various parts of the country, according to the Health Ministry.", "url": "https://www.thehindu.com/news/national/covid-19-chidambaram-calls-for-immediate-lockdown-of-all-towns-cities-for-2-4-weeks/article31107021.ece", "urlToImage": "https://www.thehindu.com/news/national/ou9asw/article31106373.ece/ALTERNATES/LANDSCAPE_615/ChidambaramRS", "publishedAt": "2020-03-19T08:38:17Z", "content": "Senior Congress leader P. Chidambaram on March 19 called for an immediate lockdown of all towns and cities for 2-4 weeks to contain the spread of coronavirus.\r\n The coronavirus cases in India rose to 169 on Thursday after 18 fresh cases were reported from var\u2026 [+782 chars]"}, {"source": {"id": "the-hindu", "name": "The Hindu"}, "author": "S. Harpal Singh", "title": "Adilabad Additional Collector for door-to-door awareness on COVID-19", "description": "Staff asked to note down details of visitors in each house so they can map out their recent travel history", "url": "https://www.thehindu.com/news/national/telangana/adilabad-addl-collector-for-door-to-door-survey/article31107959.ece", "urlToImage": "https://www.thehindu.com/static/theme/default/base/img/og-image.jpg", "publishedAt": "2020-03-19T10:30:22Z", "content": "Additional Collector G. Sandhya Rani on Thursday underscored the need for taking up door-to-door awareness initiation by staff of the Mission for Elimination of Poverty in Municipal Areas (MEPMA). She asked the staff to form teams of five members each and rea\u2026 [+675 chars]"}, {"source": {"id": "the-hindu", "name": "The Hindu"}, "author": "Ram Nath Kovind", "title": "COVID-19: What nature seems to be telling us", "description": "It is reminding us that we need to acknowledge, with humility, our quintessential equality and interdependence", "url": "https://www.thehindu.com/opinion/op-ed/covid-19-what-nature-seems-to-be-telling-us/article31111585.ece", "urlToImage": "https://www.thehindu.com/opinion/op-ed/jygg2r/article31111582.ece/ALTERNATES/LANDSCAPE_615/Ram-Nath-Kovind", "publishedAt": "2020-03-19T17:40:26Z", "content": "The outbreak of COVID-19 has created an unprecedented situation around the world. Humankind is no stranger to calamitous outbreaks of diseases. However, this is the first viral outbreak of this nature and scale in our lifetime.\r\nToday, my thoughts are with al\u2026 [+5463 chars]"}, {"source": {"id": "the-hindu", "name": "The Hindu"}, "author": "Ram Nath Kovind", "title": "COVID-19: What nature seems to be telling us", "description": "It is reminding us that we need to acknowledge, with humility, our quintessential equality and interdependence", "url": "https://www.thehindu.com/opinion/lead/president-ram-nath-kovind-on-covid-19-pandemic-what-nature-seems-to-be-telling-us/article31111585.ece", "urlToImage": "https://www.thehindu.com/opinion/op-ed/1tq3yb/article31111584.ece/ALTERNATES/LANDSCAPE_615/Th20-Kovind-Virus", "publishedAt": "2020-03-19T19:48:38Z", "content": "The outbreak of COVID-19 has created an unprecedented situation around the world. Humankind is no stranger to calamitous outbreaks of diseases. However, this is the first viral outbreak of this nature and scale in our lifetime.\r\nToday, my thoughts are with al\u2026 [+5782 chars]"}, {"source": {"id": "the-hindu", "name": "The Hindu"}, "author": "Sangeetha Devi Dundoo", "title": "COVID-19: Run... but keep your distance", "description": "Solo running gradually replaces group runs in Hyderabad", "url": "https://www.thehindu.com/life-and-style/covid-19-solo-runs-gradually-replace-group-runs-in-hyderabad/article31108109.ece", "urlToImage": "https://www.thehindu.com/life-and-style/um7umt/article31108108.ece/ALTERNATES/LANDSCAPE_615/HYM20RUNNING1", "publishedAt": "2020-03-19T10:40:48Z", "content": "Sunday long distance runs usually attract 200 to 300 members of the Hyderabad Runners group. The location for the run is posted on their website (hyderabadrunners.com) or on social media pages and members turn up, cheering and motivating each other to run bet\u2026 [+3837 chars]"}, {"source": {"id": "the-hindu", "name": "The Hindu"}, "author": "Giji K. Raman", "title": "A trip cut short by COVID fears", "description": "Jeep drivers are hit by ban on T.N. workers to travel", "url": "https://www.thehindu.com/news/national/kerala/a-trip-cut-short-by-covid-fears/article31111751.ece", "urlToImage": "https://www.thehindu.com/static/theme/default/base/img/og-image.jpg", "publishedAt": "2020-03-19T18:03:43Z", "content": "Jobin is among the many who drive workers from Tamil Nadu daily in his jeep to the cardamom plantations in the border areas of the high ranges here. Since last month, after plucking of the final crop, the daily trips had as such reduced. Now, after COVID-19 f\u2026 [+1224 chars]"}, {"source": {"id": "the-hindu", "name": "The Hindu"}, "author": "Pon Vasanth B.A.", "title": "COVID-19: Schools, teachers demand Tamil Nadu postpone exams", "description": "While public examinations for class 11 and class 12 are under-way, examinations for class 10 commence on March 27", "url": "https://www.thehindu.com/news/national/tamil-nadu/covid-19-schools-teachers-demand-tamil-nadu-postpone-exams/article31106570.ece", "urlToImage": "https://www.thehindu.com/news/national/tamil-nadu/rza83m/article31106569.ece/ALTERNATES/LANDSCAPE_615/19MARTH--EXAM", "publishedAt": "2020-03-19T07:26:39Z", "content": "With the Central Board of Secondary Education (CBSE) and the Council for the Indian School Certificate Examinations (ICSE) postponing all examinations till March 31 because of the COVID-19 situation, a number of associations have demanded that the School Educ\u2026 [+1634 chars]"}, {"source": {"id": "the-hindu", "name": "The Hindu"}, "author": "Special Correspondent", "title": "Lok Sabha expresses concern over spread of COVID-19", "description": "As soon as question hour concluded, leader of the Congress legislative party in the Lok Sabha Adhir Ranjan Choudhary expressed concern over the handling of the pandemic.", "url": "https://www.thehindu.com/news/national/lok-sabha-expresses-concern-over-spread-of-covid-19/article31111185.ece", "urlToImage": "https://www.thehindu.com/news/national/910ou6/article31111184.ece/ALTERNATES/LANDSCAPE_615/20THCHIDM", "publishedAt": "2020-03-19T16:56:09Z", "content": "The Lok Sabha on Thursday reverberated with concern over the spread of the COVID-19 pandemic, the large number of Indians, students and others stuck abroad and also the racial profiling of those from the northeast as carriers of the virus.\r\nAs soon as questio\u2026 [+3015 chars]"}, {"source": {"id": "the-hindu", "name": "The Hindu"}, "author": "M.P. Praveen", "title": "COVID fears play out at exam help desk", "description": "Apart from usual calls, We Help has received calls related to COVID-19 as well", "url": "https://www.thehindu.com/news/national/kerala/covid-fears-play-out-at-exam-help-desk/article31111774.ece", "urlToImage": "https://www.thehindu.com/static/theme/default/base/img/og-image.jpg", "publishedAt": "2020-03-19T18:06:36Z", "content": "The anxiety over COVID-19 is playing out at the help desk set up by the Directorate of General Education (DGE) for assuaging concerns of students appearing for higher secondary exams.\r\nWe Help, the help desk set up by the Career Guidance and Adolescent Counse\u2026 [+1472 chars]"}, {"source": {"id": "the-hindu", "name": "The Hindu"}, "author": "Staff Reporter", "title": "No standing passengers allowed, says DMRC\u2019s COVID-19 advisory", "description": "\u2018Use metro services only if circumstances are unavoidable\u2019", "url": "https://www.thehindu.com/news/cities/Delhi/no-standing-passengers-allowed-says-dmrcs-covid-19-advisory/article31112654.ece", "urlToImage": "https://www.thehindu.com/news/cities/Delhi/8skwnw/article31112653.ece/ALTERNATES/LANDSCAPE_615/DEL20-DMRC", "publishedAt": "2020-03-19T20:14:59Z", "content": "The Delhi Metro Rail Corporation (DMRC) on Thursday issued an advisory in the wake of COVID-19 outbreak and asked commuters to use metro services only if the circumstances are unavoidable.\r\nThe DMRC also said that passengers travelling on the metro are requir\u2026 [+893 chars]"}, {"source": {"id": "the-hindu", "name": "The Hindu"}, "author": "V. Raghavendra", "title": "Andhra Pradesh reports second COVID-19 positive case", "description": "A person belonging to Prakasam district is afflicted, according to a Health Department bulletin", "url": "https://www.thehindu.com/news/national/andhra-pradesh/ap-reports-second-covid-19-positive-case/article31106372.ece", "urlToImage": "https://www.thehindu.com/todays-paper/tp-national/tp-andhrapradesh/9j67nl/article30986519.ece/ALTERNATES/LANDSCAPE_615/04VJVRA3CORONAGCL76UA913jpgjpg", "publishedAt": "2020-03-19T06:39:10Z", "content": "Even as the Government of Andhra Pradesh ordered social distancing measures and shutting all educational institutions and hostels to prevent the spread of COVID-19, a second positive case has been confirmed by the Health, Medical and Family Welfare (HM&amp;FW\u2026 [+706 chars]"}, {"source": {"id": "the-hindu", "name": "The Hindu"}, "author": "Special Correspondent", "title": "COVID-19 scare: 4.2 lakh train tickets cancelled in Punjab", "description": "Many trains cancelled because of low occupancy", "url": "https://www.thehindu.com/news/national/other-states/covid-19-scare-42-lakh-train-tickets-cancelled-in-punjab/article31111972.ece", "urlToImage": "https://www.thehindu.com/news/national/other-states/xul71r/article31111971.ece/ALTERNATES/LANDSCAPE_615/DE20PG23-COLPTI18-03-2020000139B", "publishedAt": "2020-03-19T18:49:46Z", "content": "Amid the COVID-19 scare, the Ferozepur Division of Northern Railway has seen as many as 4.2 lakh passengers cancelling their reservation in the month of March, up almost double as against the corresponding period last year.\r\nDuring the month of March this yea\u2026 [+1758 chars]"}, {"source": {"id": "the-hindu", "name": "The Hindu"}, "author": "Kallol Bhattacherjee", "title": "Will Modi\u2019s COVID-19 fund initiative revive SAARC?", "description": "Only robust political will and cooperation, not conflict, can lead to development in the region", "url": "https://www.thehindu.com/opinion/op-ed/will-modis-covid-19-fund-initiative-revive-saarc/article31111318.ece", "urlToImage": "https://www.thehindu.com/opinion/op-ed/o2muea/article31111314.ece/ALTERNATES/LANDSCAPE_615/20THMODI", "publishedAt": "2020-03-19T17:02:53Z", "content": "On Sunday, while addressing the leaders of the South Asian Association for Regional Cooperation (SAARC) member states, Prime Minister Narendra Modi proposed the creation of a novel coronavirus (COVID-19) Emergency Fund for SAARC. Mr. Modis sudden proposal cam\u2026 [+10022 chars]"}, {"source": {"id": "the-hindu", "name": "The Hindu"}, "author": "Wilson Thomas", "title": "Coimbatore district gears up to combat COVID-19", "description": "Health Dept. in the front of measures taken to stop the spread; Police, Forest Dept. have swung into action", "url": "https://www.thehindu.com/news/cities/Coimbatore/coimbatore-district-gears-up-to-combat-covid-19/article31112069.ece", "urlToImage": "https://www.thehindu.com/news/cities/Coimbatore/jpw5yz/article31112068.ece/ALTERNATES/LANDSCAPE_615/CB20COLLECTOR", "publishedAt": "2020-03-19T19:04:04Z", "content": "With impact of COVID-19 crippling normal life, Coimbatore district is vigorously adopting measures to prevent the spread of the virus.\r\nDistrict Collector K. Rajamani is taking the lead in coordinating various departments to fight against the threat posed by \u2026 [+4021 chars]"}, {"source": {"id": "the-hindu", "name": "The Hindu"}, "author": "S. Harpal SinghADILABAD", "title": "COVID-19 adds to the woes of jailbirds", "description": "Mulakats cancelled for as precautionary measure", "url": "https://www.thehindu.com/news/national/telangana/covid-19-adds-to-the-woes-of-jailbirds/article31111293.ece", "urlToImage": "https://www.thehindu.com/news/national/telangana/hdxnx7/article31111292.ece/ALTERNATES/LANDSCAPE_615/HY20ADB-JAIL", "publishedAt": "2020-03-19T16:59:59Z", "content": "As such, social distancing is a harsh reality for jailbirds. But the COVID-19 has ended, at least temporarily, whatever connection the jail inmates were allowed to have with their families.\r\nSince the advent of human rights and rights of prisoners, the physic\u2026 [+1881 chars]"}, {"source": {"id": "the-hindu", "name": "The Hindu"}, "author": "S. Ganesan", "title": "COVID-19 scare: TNSTC cuts bus services by 10%", "description": "\u2018Drop in passenger traffic has been particularly noticeable in mofussil services\u2019", "url": "https://www.thehindu.com/news/cities/Tiruchirapalli/covid-19-scare-tnstc-cuts-bus-services-by-10/article31111183.ece", "urlToImage": "https://www.thehindu.com/news/cities/Tiruchirapalli/1hzt4v/article31111182.ece/ALTERNATES/LANDSCAPE_615/TY20TNSTCTRY", "publishedAt": "2020-03-19T16:46:29Z", "content": "With a conspicuous drop in passenger traffic owing to COVID-19 scare, the Tamil Nadu State Transport Corporation (TNSTC), Tiruchi region, has cut down its services, mostly mofussil services, by 10%.\r\n The TNSTC, Tiruchi region, has a fleet of 940 buses transp\u2026 [+2493 chars]"}, {"source": {"id": "the-hindu", "name": "The Hindu"}, "author": "Special Correspondent", "title": "COVID-19: \u2018educational institutions kept open will face action\u2019", "description": "Panel to make random checks to ensure compliance", "url": "https://www.thehindu.com/news/national/andhra-pradesh/covid-19-educational-institutions-kept-open-will-face-action/article31112169.ece", "urlToImage": "https://www.thehindu.com/static/theme/default/base/img/og-image.jpg", "publishedAt": "2020-03-19T19:22:14Z", "content": "Following Education Minister Adimoolapu Sureshs resolve to implement the State governments order requiring the closure of all educational institutions till March 31 as part of the larger effort to combat COVID-19, the Andhra Pradesh School Education Regulator\u2026 [+1725 chars]"}, {"source": {"id": "the-hindu", "name": "The Hindu"}, "author": "Special Correspondent", "title": "COVID-19 takes a heavy toll on railway revenues", "description": "Kozhikode railway station reports 50% cancellation of trains", "url": "https://www.thehindu.com/news/cities/kozhikode/covid-19-takes-a-heavy-toll-on-railway-revenues/article31112974.ece", "urlToImage": "https://www.thehindu.com/news/cities/kozhikode/9s9xgv/article31112972.ece/ALTERNATES/LANDSCAPE_615/20-KI-RAILWAY-1", "publishedAt": "2020-03-19T20:39:26Z", "content": "COVID-19 threat seems to be taking a heavy toll on the revenues of the Kozhikode railway station.\r\nThe station, falling in Category A of the railways is witnessing over 50% cancellation of long-haul trains on a daily basis. The cancellation of passenger train\u2026 [+1634 chars]"}, {"source": {"id": "the-hindu", "name": "The Hindu"}, "author": "Staff Reporter", "title": "COVID-19: CPI(M) calls for deferment of Census exercise", "description": "The Polit Bureau said this step should to taken given the spread of the pandemic and the need for taking precautions such as social distancing", "url": "https://www.thehindu.com/news/national/tamil-nadu/covid-19-cpim-calls-for-deferment-of-census-exercise/article31108274.ece", "urlToImage": "https://www.thehindu.com/static/theme/default/base/img/og-image.jpg", "publishedAt": "2020-03-19T11:01:04Z", "content": "The Polit Bureau of the CPI(M) has urged the Centre to defer Census operations and abandon NPR enumeration slated to begin from April 1, in the wake of COVID-19.\r\nIt said this step should to taken given the spread of the pandemic and the need for taking preca\u2026 [+502 chars]"}, {"source": {"id": "the-hindu", "name": "The Hindu"}, "author": "Namrata Joshi", "title": "Cinema journalism in the time of COVID-19", "description": "The film industry has been wrenched out of its cocoon and we need to pay attention", "url": "https://www.thehindu.com/entertainment/movies/cinema-journalism-in-the-time-of-covid-19/article31110058.ece", "urlToImage": "https://www.thehindu.com/entertainment/movies/qif6o9/article31110057.ece/ALTERNATES/LANDSCAPE_615/22SMBOLLY", "publishedAt": "2020-03-19T14:32:22Z", "content": "As I start this column, the one and only press screening in the near future Kleber Mendon\u00e7a Filho and Juliano Dornelles much-celebrated Cannes jury prize winner Bacurau stands cancelled. I bring out my notepad to strike things off from my to-do list. \r\nNo mee\u2026 [+3285 chars]"}, {"source": {"id": "the-hindu", "name": "The Hindu"}, "author": "Special Correspondent", "title": "Intensive cleaning of buses in Tamil Nadu to contain Covid-19 spread", "description": "Private bus operators have also been told to take preventive measures", "url": "https://www.thehindu.com/news/national/tamil-nadu/intensive-cleaning-of-buses-in-tamil-nadu-to-contain-covid-19-spread/article31107943.ece", "urlToImage": "https://www.thehindu.com/news/national/tamil-nadu/t2nz7b/article31107942.ece/ALTERNATES/LANDSCAPE_615/BUS", "publishedAt": "2020-03-19T10:27:06Z", "content": "The State Transport Department has been taking several preventive measures to control the spread of COVID-19 through intensive cleaning and spraying of disinfectants in the buses, depots and bus termini. \r\nA senior official of MTC said based on the recommenda\u2026 [+709 chars]"}, {"source": {"id": "the-hindu", "name": "The Hindu"}, "author": "Special Correspondent", "title": "Bengal government ropes in private hospitals to tackle COVID-19 crisis", "description": "It\u2019s not a time to do business and not follow rules, it\u2019s time to help each other: CM", "url": "https://www.thehindu.com/news/national/other-states/bengal-government-ropes-in-private-hospitals-to-tackle-covid-19-crisis/article31112737.ece", "urlToImage": "https://www.thehindu.com/news/national/other-states/dcql1k/article31112736.ece/ALTERNATES/LANDSCAPE_615/DE20PG4-2-COL", "publishedAt": "2020-03-19T20:22:33Z", "content": "Observing that the next few weeks were going to be crucial, West Bengal Chief Minister Mamata Banerjee on Thursday roped in private hospitals to prevent the spread of the coronavirus.\r\nThe Chief Minister held a meeting with representatives of private hospital\u2026 [+2132 chars]"}, {"source": {"id": "the-hindu", "name": "The Hindu"}, "author": "K.M.Dayashankar", "title": "High alert sounded in Karimnagar after eight Indonesians test positive for COVID-19", "description": "100 rapid action medical teams conducting door-to-door medical check-ups in and around the Collectorate premises covering a three-kilometre radius; police down the shutters of shops and business establishments opposite the Collectorate to avoid people gatheri\u2026", "url": "https://www.thehindu.com/news/national/telangana/covid-19-high-alert-sounded-in-karimnagar/article31106236.ece", "urlToImage": "https://www.thehindu.com/static/theme/default/base/img/og-image.jpg", "publishedAt": "2020-03-19T05:58:59Z", "content": "In the wake of eight Indonesians who camped in Karimnagar town few days ago testing COVID-19 positive on Wednesday evening, the district administration had sounded a high alert in Karimnagar town on Thursday.\r\nIt has formed 100 rapid action medical teams to c\u2026 [+1665 chars]"}, {"source": {"id": "the-hindu", "name": "The Hindu"}, "author": "Special Correspondent", "title": "\u2018Why is there no COVID-19 testing facility in north Karnataka?", "description": "The State government on Thursday came under attack for not setting up testing facilities for COVID-19 in north Karnataka, even though the region has already reported a death and two others have tested", "url": "https://www.thehindu.com/news/national/karnataka/why-is-there-no-covid-19-testing-facility-in-north-karnataka/article31112600.ece", "urlToImage": "https://www.thehindu.com/static/theme/default/base/img/og-image.jpg", "publishedAt": "2020-03-19T20:09:02Z", "content": "The State government on Thursday came under attack for not setting up testing facilities for COVID-19 in north Karnataka, even though the region has already reported a death and two others have tested positive.\r\nIs north Karnataka part of Karnataka or not? Al\u2026 [+1459 chars]"}, {"source": {"id": "the-hindu", "name": "The Hindu"}, "author": "Mohamed Imranullah S.", "title": "CJ takes serious note of protest near HC despite COVID-19 threat", "description": "Lawyers file a memo to postpone hearing in anti-CAA protest case", "url": "https://www.thehindu.com/news/cities/chennai/cj-takes-serious-note-of-protest-near-hc-despite-covid-19-threat/article31112802.ece", "urlToImage": "https://www.thehindu.com/static/theme/default/base/img/og-image.jpg", "publishedAt": "2020-03-19T20:26:56Z", "content": "Chief Justice of the Madras High Court Amreshwar Pratap Sahi on Thursday took serious note of a Fill the Jails agitation conducted by Tamil Nadu Thowheed Jamath (TNTJ) right next to the court campus on Wednesday, despite the threat of COVID-19 looming large.\r\u2026 [+2562 chars]"}, {"source": {"id": "the-hindu", "name": "The Hindu"}, "author": "Special Correspondent", "title": "COVID-19 | No need to panic, HCL assures staff after one employee tested positive", "description": "The patient, who had travelled to Indonesia, was already under self-isolation and was being watched.", "url": "https://www.thehindu.com/news/national/other-states/covid-19-no-need-to-panic-hcl-assures-staff-after-one-employee-tested-positive/article31106914.ece", "urlToImage": "https://www.thehindu.com/business/Industry/jp362v/article31107013.ece/ALTERNATES/LANDSCAPE_615/TH10BUHCLTECHNOLOGIES-EARNINGS", "publishedAt": "2020-03-19T08:32:34Z", "content": "After one of its employees in Noida was tested positive for COVID-19 on Wednesday, IT major HCL Technologies has assured its employees about their safety. \r\nThe employee was in self-isolation on the advice of doctors, the company said in a circular.\r\nWe under\u2026 [+707 chars]"}, {"source": {"id": "the-hindu", "name": "The Hindu"}, "author": "Special Correspondent", "title": "Coroanvirus | Bengal government ropes in private hospitals to fight COVID-19", "description": "\u2018It is not a time to do business and not follow rules. It is a time to help each other,\u2019 says Mamata", "url": "https://www.thehindu.com/news/national/other-states/coroanvirus-bengal-government-ropes-in-private-hospitals-to-fight-covid-19/article31113449.ece", "urlToImage": "https://www.thehindu.com/news/national/other-states/smocax/article31113448.ece/ALTERNATES/LANDSCAPE_615/KOLKATAAIRPORT", "publishedAt": "2020-03-19T22:18:09Z", "content": "Observing that the next few weeks were going to be crucial, West Bengal Chief Minister Mamata Banerjee on Thursday roped in private hospitals to prevent the spread of the coronavirus.\r\nThe Chief Minister held a meeting with representatives of private hospital\u2026 [+2452 chars]"}, {"source": {"id": "the-hindu", "name": "The Hindu"}, "author": "S. Vijay Kumar", "title": "COVID-19: Railways withdraws concessions to discourage travel - The Hindu", "description": "COVID-19: Railways withdraws concessions to discourage travel The Hindu Coronavirus update: Railways to not charge train cancellation fee for 155 trains Livemint 5 Measures Taken By Indian Railways To Check Coronavirus Spread NDTV News Central Railway Cancels\u2026", "url": "https://www.thehindu.com/news/national/covid-19-railways-withdraws-concessions-to-discourage-travel/article31107983.ece", "urlToImage": "https://www.thehindu.com/news/national/tamil-nadu/lzx27y/article31107982.ece/ALTERNATES/LANDSCAPE_615/19MARTH--TRAIN", "publishedAt": "2020-03-19T11:13:30Z", "content": "In a first, the Ministry of Railways has withdrawn concessions for all categories of passengers, except students, persons with disabilities and patients, to discourage non-essential travel.\r\nCiting a health advisory issued to control the spread of COVID-19, t\u2026 [+918 chars]"}, {"source": {"id": "the-hindu", "name": "The Hindu"}, "author": "The Hindu Net Desk", "title": "Morning Digest: 276 Indians infected by COVID-19 abroad, Italy reports highest single-day death toll of 475, and more", "description": "A select list of stories to read before you start your day", "url": "https://www.thehindu.com/news/morning-digest-march-19-2020/article31105011.ece", "urlToImage": "https://www.thehindu.com/news/national/gibpvl/article31009873.ece/ALTERNATES/LANDSCAPE_615/CHENNAI-CORONAVIRUS", "publishedAt": "2020-03-19T02:08:21Z", "content": "With\u00a0255 Indians\u00a0testing positive for\u00a0novel coronavirus\u00a0in Iran and another 21 in other countries, the total number of Indian nationals afflicted by the\u00a0COVID-19 pandemic\u00a0rose to 413. The cases within the country touched 169, on March 18.\r\nPrime Minister Nare\u2026 [+2595 chars]"}, {"source": {"id": "the-hindu", "name": "The Hindu"}, "author": "The Hindu", "title": "\u2018Main prevention method is to frequently wash your hands\u2019: Your COVID-19 queries answered", "description": "Coronavirus has nothing to do with food and people can eat whatever they want and how much ever they want", "url": "https://www.thehindu.com/sci-tech/health/main-prevention-method-is-to-frequently-wash-your-hands-your-covid-19-queries-answered/article31105010.ece", "urlToImage": "https://www.thehindu.com/sci-tech/health/chdvjv/article31105009.ece/ALTERNATES/LANDSCAPE_615/TH19VIRUS", "publishedAt": "2020-03-19T00:30:06Z", "content": "Will wearing masks prevent the spreading of COVID-19?\r\nIf you are travelling to places where the probability of catching the infection is high, say hospitals, you need to wear masks. If you are using public transport system, where you cannot know if somebody \u2026 [+4578 chars]"}, {"source": {"id": "the-hindu", "name": "The Hindu"}, "author": "Special Correspondent", "title": "COVID-19 suspect", "description": "A paramilitary forces jawan", "url": "https://www.thehindu.com/news/national/telangana/covid-19-suspect/article31110814.ece", "urlToImage": "https://www.thehindu.com/static/theme/default/base/img/og-image.jpg", "publishedAt": "2020-03-19T15:50:39Z", "content": "A resident of Reddipet school tanda in Ramareddy mandal who was admitted to the Area Hospital here with complaint of fever, cough and cold and headache has been rushed in a special ambulance to the Chest Hospital in Hyderabad under the suspicion of being a CO\u2026 [+361 chars]"}, {"source": {"id": "the-hindu", "name": "The Hindu"}, "author": "Special Correspondent", "title": "NTPC drive against COVID-19", "description": "Bio-metric punching system discontinued, sanitisers in place", "url": "https://www.thehindu.com/news/national/telangana/ntpc-drive-against-covid-19/article31112192.ece", "urlToImage": "https://www.thehindu.com/news/national/telangana/kqm3ls/article31112200.ece/ALTERNATES/LANDSCAPE_615/HYD-PEDDA-SCREEN", "publishedAt": "2020-03-19T19:26:52Z", "content": "In its fight against COVID-19, the NTPC-Ramagundam have taken a series of initiatives to create awareness among its employees and associate agency workers, and even township residents. \r\nAn awareness programme was conducted by Dhanwanthari Hospital in associa\u2026 [+764 chars]"}, {"source": {"id": "the-hindu", "name": "The Hindu"}, "author": "Lalatendu Mishra", "title": "Retailers face large-scale closures amid COVID-19 alert", "description": "Croma, which shut 30 stores on Thursday, eyes digital sales", "url": "https://www.thehindu.com/business/retailers-face-large-scale-closures-amid-covid-19-alert/article31111364.ece", "urlToImage": "https://www.thehindu.com/business/oh3wmk/article31111363.ece/ALTERNATES/LANDSCAPE_615/20THBUCROMA", "publishedAt": "2020-03-19T17:08:22Z", "content": "Organised retailers, dealing with non-essential daily use items, are struggling to keep their business operations on, even as State governments are coming out with new regulations to curb the spread of COVID-19 in the country. \r\nThough all business establishm\u2026 [+1511 chars]"}, {"source": {"id": "the-hindu", "name": "The Hindu"}, "author": "Special Correspondent", "title": "Punjab reports first COVID-19 death", "description": "70-year-old man, who arrived at Delhi airport on March 7 from Germany via Italy, dies in Banga town", "url": "https://www.thehindu.com/news/national/punjab-reports-first-covid-19-death/article31108382.ece", "urlToImage": "https://www.thehindu.com/news/national/other-states/agmper/article31106056.ece/ALTERNATES/LANDSCAPE_615/punjabjpg", "publishedAt": "2020-03-19T11:19:33Z", "content": "Punjab has reported its first case COVID-19 death, after a 70-year-old man died at a civil hospital in the Banga town of Shahid Bhagat Singh Nagar district.\r\nThe deceased had arrived from Germany via Italy at Delhi airport on March 7, and proceeded to the Sta\u2026 [+1135 chars]"}, {"source": {"id": "the-hindu", "name": "The Hindu"}, "author": "Special Correspondent", "title": "COVID-19: Tea body demands closure of estates", "description": "Workers vulnerable as they don\u2019t have safety gear such as masks, gloves", "url": "https://www.thehindu.com/news/national/other-states/covid-19-tea-body-demands-closure-of-estates/article31105037.ece", "urlToImage": "https://www.thehindu.com/business/Industry/article17419374.ece/ALTERNATES/LANDSCAPE_615/TH07BUTEA", "publishedAt": "2020-03-19T01:04:51Z", "content": "The Assam Tea Tribe Students Association (ATTSA) has demanded the closure of all estates till March 31 in view of the COVID-19 outbreak.\r\nApart from keeping the plantation workers indoors, the association has asked Labour and Tea Tribes Welfare Minister Sanjo\u2026 [+1475 chars]"}, {"source": {"id": "the-hindu", "name": "The Hindu"}, "author": "Special Correspondent", "title": "COVID-19: DMK wants tax holiday for affected industries", "description": "Moving a call attention motion, Leader of Opposition M.K. Stalin referred to the losses by several small industries and claimed they faced closure", "url": "https://www.thehindu.com/news/national/tamil-nadu/covid-19-dmk-wants-tax-holiday-for-affected-industries/article31108416.ece", "urlToImage": "https://www.thehindu.com/news/national/tamil-nadu/6rfcgg/article31108414.ece/ALTERNATES/LANDSCAPE_615/STALIN", "publishedAt": "2020-03-19T11:20:24Z", "content": "Chief Minister Edappadi K. Palaniswami maintained in the Tamil Nadu Legislative Assembly on Thursday that small industries across the State have not been closed due to the COVID-19 epidemic, even as the DMK urged that small industries be given six months tax \u2026 [+2183 chars]"}, {"source": {"id": "the-hindu", "name": "The Hindu"}, "author": "Special CorrespondentHyderabad", "title": "CM announces more curbs to check COVID- 19", "description": "18 check posts to be set up to identify overseas travellers", "url": "https://www.thehindu.com/news/national/telangana/cm-announces-more-curbs-to-check-covid-19/article31110932.ece", "urlToImage": "https://www.thehindu.com/static/theme/default/base/img/og-image.jpg", "publishedAt": "2020-03-19T16:07:14Z", "content": "Chief Minister K.Chandrasekhar Rao has announced some more regulatory measures across the State in the wake of incident in Karimnagar when some preachers from Indonesia who interacted with people there tested positive for COVID-19 on Wednesday.\r\nThe Chief Min\u2026 [+3204 chars]"}, {"source": {"id": "the-hindu", "name": "The Hindu"}, "author": "Special Correspondent", "title": "Will health insurance schemes cover COVID-19 asks DMK", "description": "DMK legislator Duraimurugan sought to know whether government-assisted health insurance schemes would cover the expense of testing and treatment", "url": "https://www.thehindu.com/news/national/tamil-nadu/will-health-insurance-schemes-cover-covid-19-asks-dmk/article31108388.ece", "urlToImage": "https://www.thehindu.com/static/theme/default/base/img/og-image.jpg", "publishedAt": "2020-03-19T11:19:12Z", "content": "DMK legislator Duraimurugan (Katpadi) sought to know from the AIADMK government in the State Legislative Assembly on Thursday whether the various health insurance schemes run by the government would cover treatment in private hospitals for Coronavirus.\r\nRaisi\u2026 [+1319 chars]"}, {"source": {"id": "the-hindu", "name": "The Hindu"}, "author": "Special Correspondent", "title": "COVID-19: 12 people under observation in Mahe", "description": "The measure comes after the first COVID-19 case was reported in the Union Territory, with a 68-year-old woman in the enclave of Mahe testing positive", "url": "https://www.thehindu.com/news/cities/puducherry/covid-19-12-people-under-observation-in-mahe/article31107603.ece", "urlToImage": "https://www.thehindu.com/static/theme/default/base/img/og-image.jpg", "publishedAt": "2020-03-19T09:52:54Z", "content": "After the first COVID- 19 case was reported in the Union Territory, the Health Department has identified 12 people who were in primary contact with the patient in the enclave of Mahe.\r\nThe condition of the 68-year-old woman who tested positive for novel coron\u2026 [+2088 chars]"}, {"source": {"id": "the-hindu", "name": "The Hindu"}, "author": "Special Correspondent", "title": "COVID-19: Man arrested for spreading rumours in Mayiladuthurai", "description": "The history-sheeter spread a rumour that a man who had recently returned from London had contracted COVID-19", "url": "https://www.thehindu.com/news/cities/Tiruchirapalli/covid-19-man-arrested-for-spreading-rumours-in-mayiladuthurai/article31106794.ece", "urlToImage": "https://www.thehindu.com/static/theme/default/base/img/og-image.jpg", "publishedAt": "2020-03-19T08:07:38Z", "content": "A history-sheeter was arrested in Mayiladuthurai Town in Nagapattinam district on Wednesday, on charges of spreading rumours saying that a man from Kuthalam, who had recently returned from London, had COVID-19.\r\nThe arrest of the accused Gilly Prakash alias G\u2026 [+1003 chars]"}, {"source": {"id": "the-hindu", "name": "The Hindu"}, "author": "Special Correspondent", "title": "COVID-19 | Tally goes up to 168 in India", "description": "Over 13,000 samples tested; Maharashtra worst-affected State", "url": "https://www.thehindu.com/news/national/covid-19-tally-goes-up-to-168-in-india/article31106721.ece", "urlToImage": "https://www.thehindu.com/news/national/nqwykf/article31106720.ece/ALTERNATES/LANDSCAPE_615/CORONAFILE", "publishedAt": "2020-03-19T08:00:29Z", "content": "As many as 168 individuals have confirmed positive in India as of March 19, with over 13,000 samples being tested for COVID-19, according to data released by the Indian Council of Medical Research (ICMR).\r\nMaharashtra is the worst-affected State, with the max\u2026 [+620 chars]"}, {"source": {"id": "the-hindu", "name": "The Hindu"}, "author": "Gauri Vij", "title": "Bombay Canteen promoter tests positive for COVID-19", "description": "Floyd Cardoz\u2019s company issues statement to confirm his previous social media post", "url": "https://www.thehindu.com/news/cities/mumbai/bombay-canteen-promoter-tests-positive-for-covid-19/article31112724.ece", "urlToImage": "https://www.thehindu.com/news/cities/mumbai/5u5li/article31112723.ece/ALTERNATES/LANDSCAPE_615/20BMFLOYDCARDOZ", "publishedAt": "2020-03-19T20:20:06Z", "content": "Hunger Inc, the company behind Bombay Canteen, O Pedro and most recently Bombay Sweet Shop, has issued a statement about Bombay Canteen promoter Floyd Cardozs medical condition. \r\nMr. Cardoz (59), currently admitted to a hospital in New York in the U.S., test\u2026 [+2573 chars]"}, {"source": {"id": "the-hindu", "name": "The Hindu"}, "author": "Saraswathy Nagarajan", "title": "COVID-19: Harish Sivaramakrishnan of Agam band regales his fans on Facebook", "description": "The musician posted Carnatic music version of \u2018Go Corona\u2019 chant along with his versions of evergreen film songs", "url": "https://www.thehindu.com/entertainment/music/harish-sivaramakrishnans-impromptu-song-sessions-on-facebook-as-he-works-from-home-due-to-coronovirus-outbreak/article31107518.ece", "urlToImage": "https://www.thehindu.com/entertainment/music/2hx4sf/article31107517.ece/ALTERNATES/LANDSCAPE_615/20TVMAGAM", "publishedAt": "2020-03-19T09:40:25Z", "content": "Work from home has proved to be an opportunity for fans of Agam to listen to Harish Sivaramakrishnans impromptu song sessions on Facebook. \r\nOn Wednesday (March 18) for nearly an hour Harish, the lead singer of progressive classical rock band Agam, regaled hi\u2026 [+2716 chars]"}, {"source": {"id": "the-hindu", "name": "The Hindu"}, "author": "Namrata Joshi", "title": "COVID 19: southern film buffs more reluctant to go to the movies", "description": "69% in Mumbai say they will stay away from theatres", "url": "https://www.thehindu.com/news/cities/mumbai/covid-19-southern-film-buffs-more-reluctant-to-go-to-the-movies/article31112349.ece", "urlToImage": "https://www.thehindu.com/news/cities/mumbai/fqa27r/article31112347.ece/ALTERNATES/LANDSCAPE_615/20BMAvoiding-Cinemacol", "publishedAt": "2020-03-19T20:02:27Z", "content": "Film buffs in the south are far more cautious when it comes to the COVID-19 pandemic than the ones in the north, a survey has shown. \r\nThe latest State-wise figures from Ormax Medias ongoing study of the impact of the outbreak on theatre-going behaviour show \u2026 [+2122 chars]"}, {"source": {"id": "the-hindu", "name": "The Hindu"}, "author": "Peerzada Ashiq", "title": "COVID-19 | Curbs imposed in Srinagar after detection of first case", "description": "All exams have been cancelled; public transport has been halted.", "url": "https://www.thehindu.com/news/national/covid-19-curbs-imposed-in-srinagar-after-detection-of-first-case/article31106377.ece", "urlToImage": "https://www.thehindu.com/news/national/q4npnk/article31106376.ece/ALTERNATES/LANDSCAPE_615/TH19SRINAGAR-COVID", "publishedAt": "2020-03-19T06:43:20Z", "content": "The Srinagar administration on March 19 imposed restrictions on the movement of locals and halted public transport, a day after a 65-year-old woman was detected as the first person who tested positive for COVID-19 in the Kashmir region.\r\nThese restrictions sa\u2026 [+1514 chars]"}, {"source": {"id": "the-hindu", "name": "The Hindu"}, "author": "Tanvi Deshpande", "title": "COVID-19: BMC dreading arrival of 26,000 citizens from West Asian nations", "description": "Civic body scrambles to make arrangements to quarantine people; seeks police help", "url": "https://www.thehindu.com/news/cities/mumbai/covid-19-bmc-dreading-arrival-of-26000-citizens-from-west-asian-nations/article31112356.ece", "urlToImage": "https://www.thehindu.com/news/cities/mumbai/knjxye/article31112355.ece/ALTERNATES/LANDSCAPE_615/20BMAIRPORTCOVID", "publishedAt": "2020-03-19T19:55:23Z", "content": "With nearly 26,000 Indians preparing to return to the city from West Asia, the Brihanmumbai Municipal Corporation (BMC) is staring at a logistical nightmare.\r\nThe corporation will have to screen at least 1,800 people at the airport every day and fit them into\u2026 [+3510 chars]"}, {"source": {"id": "the-hindu", "name": "The Hindu"}, "author": "Staff Reporter", "title": "COVID-19: Anbumani Ramadoss calls for complete shut-down for three weeks across India", "description": "The PMK youth wing leader and Rajya Sabha member said this was the only way for the country to protect its population", "url": "https://www.thehindu.com/news/national/tamil-nadu/covid-19-anbumani-ramadoss-calls-for-complete-shut-down-for-three-weeks-across-india/article31108187.ece", "urlToImage": "https://www.thehindu.com/static/theme/default/base/img/og-image.jpg", "publishedAt": "2020-03-19T10:49:35Z", "content": "PMK youth wing leader and Rajya Sabha member Anbumani Ramadoss has called for an immediate lock-down in Tamil Nadu and across India for the next three weeks to prevent the spread of COVID-19 and imposition of Section 144.\r\nIn a statement, he said that is the \u2026 [+922 chars]"}, {"source": {"id": "the-hindu", "name": "The Hindu"}, "author": "Saraswathy Nagarajan", "title": "COVID-19: How residents of Karakunnu in Kozhikode set an example to stop the spread of the virus", "description": "They have set up stainless steel wash basins at a bus shelter in the neighbourhood and are encouraging others to follow suit", "url": "https://www.thehindu.com/life-and-style/how-residents-of-karakunnu-near-kozhikode-have-set-an-example-to-stop-the-spread-of-coronavirus/article31108628.ece", "urlToImage": "https://www.thehindu.com/life-and-style/mms6te/article31108627.ece/ALTERNATES/LANDSCAPE_615/19mppicfortapsjpg", "publishedAt": "2020-03-19T11:38:15Z", "content": "Washing your hands with soap and water or a hand sanitiser is the best way to break the chain to stop the spread of Coronavirus. And a group of residents at Karakunnu, Nanmanda, about 22 kilometres from Kozhikode in Kerala, have set an example by installing t\u2026 [+2429 chars]"}, {"source": {"id": "the-hindu", "name": "The Hindu"}, "author": "PTI", "title": "COVID-19 impact: ECB suspends recreational cricket, discusses ways to save county season", "description": "\u201cThis extends to training, pre-season friendlies and any associated cricket activity.\u201d", "url": "https://www.thehindu.com/sport/cricket/covid-19-impact-ecb-suspends-recreational-cricket-discusses-ways-to-save-county-season/article31106252.ece", "urlToImage": "https://www.thehindu.com/sport/cricket/rqt64f/article31106251.ece/ALTERNATES/LANDSCAPE_615/LORDSCRICKETGROUND", "publishedAt": "2020-03-19T06:16:32Z", "content": "The England and Wales cricket Board has discussed contingency plans to save the upcoming county season amid the rapidly-growing COVID-19 pandemic and suspended all recreational cricket, including pre-season friendlies and training.\r\nAccording to a report in E\u2026 [+1731 chars]"}, {"source": {"id": "the-hindu", "name": "The Hindu"}, "author": "Special Correspondent", "title": "One more tests positive for COVID-19 in Tamil Nadu", "description": "39 persons in isolation wards across State", "url": "https://www.thehindu.com/news/cities/chennai/one-more-tests-positive-for-covid-19-in-tamil-nadu/article31112197.ece", "urlToImage": "https://www.thehindu.com/news/cities/chennai/pzme7k/article31112196.ece/ALTERNATES/LANDSCAPE_615/20THRANGANATHAN", "publishedAt": "2020-03-19T19:26:35Z", "content": "A third person has tested positive for the coronavirus disease (COVID-19) in Tamil Nadu. The patient, a 21-year-old student who had returned from Dublin, tested positive for COVID-19 on Thursday, after having been admitted to the isolation ward at the Rajiv G\u2026 [+2159 chars]"}, {"source": {"id": "the-hindu", "name": "The Hindu"}, "author": "Staff Reporter", "title": "\u2018Home quarantined\u2019 stamp for those suspected of COVID-19", "description": "People coming from abroad undergo twin checks at IGIA", "url": "https://www.thehindu.com/news/cities/Delhi/home-quarantined-stamp-for-those-suspected-of-covid-19/article31112731.ece", "urlToImage": "https://www.thehindu.com/news/cities/Delhi/cph04q/article31112730.ece/ALTERNATES/LANDSCAPE_615/DE20-STAMPING", "publishedAt": "2020-03-19T20:21:33Z", "content": "People arriving from abroad at the Indira Gandhi International Airport are being checked for COVID-19, and if directed to remain at home, are being stamped Home Quarantined. It also reads Proud to protect Delhiites. Home quarantined and has a date showing whe\u2026 [+1475 chars]"}, {"source": {"id": "the-hindu", "name": "The Hindu"}, "author": "G. Ananthakrishnan", "title": "Coronavirus | Do anti-hypertensive drugs raise the risk for COVID-19 patients?", "description": "Patients have been told not to discontinue their medication", "url": "https://www.thehindu.com/sci-tech/health/coronavirus-do-anti-hypertensive-drugs-raise-the-risk-for-covid-19-patients/article31113082.ece", "urlToImage": "https://www.thehindu.com/sci-tech/health/lonq60/article31113081.ece/ALTERNATES/LANDSCAPE_615/20th-meds", "publishedAt": "2020-03-19T20:58:53Z", "content": "One of the concerns highlighted during the COVID-19 pandemic is whether the use of several common hypertension treatment drugs coming under the class of Angiotensin-Controlling Enzyme (ACE) inhibitors and Angiotensin Receptor Blockers (ARBs) raises risks for \u2026 [+3716 chars]"}, {"source": {"id": "the-hindu", "name": "The Hindu"}, "author": "Serish Nanisetti", "title": "State set to flex digital muscle to fight fake COVID-19 news", "description": "Telangana is not new to fighting the fake news menace", "url": "https://www.thehindu.com/news/cities/Hyderabad/state-set-to-flex-digital-muscle-to-fight-fake-covid-19-news/article31112016.ece", "urlToImage": "https://www.thehindu.com/news/cities/Hyderabad/fwnq67/article31112015.ece/ALTERNATES/LANDSCAPE_615/HYD-BEDS", "publishedAt": "2020-03-19T19:00:14Z", "content": "The Telangana government is planning to rollout a one-stop digital solution to fight the fake news menace that has become a challenge in the States effort against the coronavirus outbreak. We are planning a WhatsApp number where citizens can get messages chec\u2026 [+2152 chars]"}]}