{"status": "ok", "totalResults": 66, "articles": [{"source": {"id": "the-hindu", "name": "The Hindu"}, "author": "Special Correspondent", "title": "COVID-19 | Train ticket refund rules relaxed", "description": "The Railways has relaxed refund rules for passenger reservation system (PRS) counter-generated tickets amid COVID-19 concerns and issued an advisory following the coronavirus outbreak. to avoid crowdi", "url": "https://www.thehindu.com/news/national/covid-19-train-ticket-refund-rules-relaxed/article31131072.ece", "urlToImage": "https://www.thehindu.com/static/theme/default/base/img/og-image.jpg", "publishedAt": "2020-03-21T16:49:59Z", "content": "The Railways has relaxed refund rules for passenger reservation system (PRS) counter-generated tickets amid COVID-19 concerns and issued an advisory following the coronavirus outbreak. to avoid crowding and to practise social-distancing. \r\nAll rules for e-tic\u2026 [+816 chars]"}, {"source": {"id": "the-hindu", "name": "The Hindu"}, "author": "Special Correspondent", "title": "COVID-19: Congress seeks cash transfers", "description": "Sonia calls for broad-based social protection measures to tide over crisis", "url": "https://www.thehindu.com/news/national/covid-19-congress-seeks-cash-transfers/article31132105.ece", "urlToImage": "https://www.thehindu.com/news/national/umxf2q/article30728070.ece/ALTERNATES/LANDSCAPE_615/SONIAGANDHI", "publishedAt": "2020-03-21T18:24:23Z", "content": "The government needs to outline measures to help people whose livelihoods have been affected by the COVID-19outbreak, the Opposition parties said on Saturday.\r\nCongress president Sonia Gandhi, in a statement, said COVID-19, which followed demonetisation and t\u2026 [+2628 chars]"}, {"source": {"id": "the-hindu", "name": "The Hindu"}, "author": "Sumit Bhattacharjee", "title": "Time to thank those on the frontlines against COVID-19", "description": "Prime Minister urges citizens to thank doctors, nurses and police officials on Sunday evening", "url": "https://www.thehindu.com/news/national/andhra-pradesh/time-to-thank-those-on-the-frontlines-against-covid-19/article31130856.ece", "urlToImage": "https://www.thehindu.com/news/national/andhra-pradesh/j5suy9/article31130855.ece/ALTERNATES/LANDSCAPE_615/22-VZ-POLICEMASKS", "publishedAt": "2020-03-21T16:27:52Z", "content": "So far in the city, it is learnt that one doctor who was treating a COVID-19 positive case has gone into self-quarantine while two staff nurses who have developed symptoms are kept under observation.\r\nThis, however, will not deter the men and women in white c\u2026 [+3030 chars]"}, {"source": {"id": "the-hindu", "name": "The Hindu"}, "author": "Kathelene Antony", "title": "COVID-19: Indian tourists stranded at Kuala Lumpur airport", "description": "A total of 54 tourists, mostly from Tamil Nadu, were scheduled to return on March 18, but are now stranded due to the suspension of flights", "url": "https://www.thehindu.com/news/national/tamil-nadu/covid-19-indian-tourists-stranded-at-kuala-lumpur-airport/article31126242.ece", "urlToImage": "https://www.thehindu.com/news/national/tamil-nadu/ad8wtc/article31126240.ece/ALTERNATES/LANDSCAPE_615/21MARTH--KL", "publishedAt": "2020-03-21T06:33:49Z", "content": "Indian tourists stranded at the Kuala Lumpur International Airport for the fourth day have appealed for the intervention of the Union government to facilitate their travel back home.\r\nA total of 54 tourists, mostly from Tamil Nadu, were scheduled to return to\u2026 [+2642 chars]"}, {"source": {"id": "the-hindu", "name": "The Hindu"}, "author": "Special Correspondent", "title": "Abide by decisions to contain COVID-19: Minister", "description": "MP Nalin Kumar Kateel seeks curbs on movement of public passenger vehicles", "url": "https://www.thehindu.com/news/national/karnataka/abide-by-decisions-to-contain-covid-19-minister/article31130892.ece", "urlToImage": "https://www.thehindu.com/news/national/karnataka/s42u3x/article31130889.ece/ALTERNATES/LANDSCAPE_615/21MNKOTASRINIVASPOOJARY", "publishedAt": "2020-03-21T16:30:02Z", "content": "Dakshina Kannada district in-charge Minister Kota Srinivas Poojary on Saturday urged the general public to cooperate with the administration when it takes some tough decisions to combat COVID-19. So far, no positive cases have been reported from Dakshina Kann\u2026 [+2720 chars]"}, {"source": {"id": "the-hindu", "name": "The Hindu"}, "author": "Special Correspondent", "title": "Centre should monitor A.P. preparedness on COVID-19: Lokesh", "description": "TDP leader tweets that he will participate in \u2018Janata Curfew\u2019", "url": "https://www.thehindu.com/news/national/andhra-pradesh/centre-should-monitor-ap-preparedness-on-covid-19-lokesh/article31132115.ece", "urlToImage": "https://www.thehindu.com/static/theme/default/base/img/og-image.jpg", "publishedAt": "2020-03-21T18:29:21Z", "content": "Telugu Desam Party national general secretary Nara Lokesh on Saturday criticised the YSR Congress Party government for trying to downplay the seriousness of the dreaded coronavirus pandemic. \r\nIn a statement, the TDP leader said the claims of the Jagan Mohan \u2026 [+909 chars]"}, {"source": {"id": "the-hindu", "name": "The Hindu"}, "author": "K Shiva Shanker", "title": "First case of local transmission of COVID-19 in TS", "description": "Two more COVID-19 cases confirmed; total touches 21", "url": "https://www.thehindu.com/news/national/telangana/first-case-of-local-transmission-of-covid-19-in-telangana/article31130964.ece", "urlToImage": "https://www.thehindu.com/static/theme/default/base/img/og-image.jpg", "publishedAt": "2020-03-21T16:34:23Z", "content": "The local transmission of coronavirus has started in Telangana. A 35-year-old man, a close contact of a COVID-19 patient was confirmed positive for the virus on Saturday. The close contact does not have any travel history to foreign country. This is the first\u2026 [+2310 chars]"}, {"source": {"id": "the-hindu", "name": "The Hindu"}, "author": "Special Correspondent", "title": "Coronavirus | Jump in COVID-19 cases in Gujarat", "description": "New cases came from Gandhinagar, Surat, Kutch and Ahmedabad", "url": "https://www.thehindu.com/news/national/coronavirus-jump-in-covid-19-cases-in-gujarat/article31130224.ece", "urlToImage": "https://www.thehindu.com/news/national/9rduia/article31130223.ece/ALTERNATES/LANDSCAPE_615/VBK-GUJARAT-CORONAVIRUS-PTI", "publishedAt": "2020-03-21T15:39:06Z", "content": "Seven more positive cases of coronavirus were reported from Gujarat on Saturday, taking the total to 14 across the State.\r\nAlso read | Interactive map of confirmed coronavirus cases in India\r\nThe new cases came from Gandhinagar, Surat, Kutch and Ahmedabad and\u2026 [+1037 chars]"}, {"source": {"id": "the-hindu", "name": "The Hindu"}, "author": "Special Correspondent", "title": "COVID-19 | Four more admitted to isolation wards in Pathanamthitta", "description": "Total number of people quarantined at hospitals in district touches 19", "url": "https://www.thehindu.com/news/national/kerala/covid-19-four-more-admitted-to-isolation-wards-in-pathanamthitta/article31127336.ece", "urlToImage": "https://www.thehindu.com/news/national/kerala/ra3xp6/article31127335.ece/ALTERNATES/LANDSCAPE_615/KERALA", "publishedAt": "2020-03-21T09:56:59Z", "content": "Four more persons with symptomatic fever akin to COVID-19 have been admitted to the isolation wards at two hospitals, taking the total number of people quarantined at hospitals in the district to 19 on Saturday.\r\nCOVID-19 | Interactive map of confirmed corona\u2026 [+475 chars]"}, {"source": {"id": "the-hindu", "name": "The Hindu"}, "author": "Special Correspondent", "title": "COVID-19: Polls to cooperative banks, societies deferred", "description": "The Cooperative Election Authority has postponed elections to various cooperative banks and societies in the State as a precautionary measure to contain spread of COVID-19.In its circular on March 20,", "url": "https://www.thehindu.com/news/national/karnataka/covid-19-polls-to-cooperative-banks-societies-deferred/article31128989.ece", "urlToImage": "https://www.thehindu.com/static/theme/default/base/img/og-image.jpg", "publishedAt": "2020-03-21T12:46:27Z", "content": "The Cooperative Election Authority has postponed elections to various cooperative banks and societies in the State as a precautionary measure to contain spread of COVID-19.\r\nIn its circular on March 20, the authority said deputy commissioners in districts wer\u2026 [+1099 chars]"}, {"source": {"id": "the-hindu", "name": "The Hindu"}, "author": "Shiv Sahay Singh", "title": "COVID-19 | Third case reported in West Bengal", "description": "Patient had recently travelled to Scotland", "url": "https://www.thehindu.com/news/cities/kolkata/covid-19-third-case-reported-in-west-bengal/article31126031.ece", "urlToImage": "https://www.thehindu.com/static/theme/default/base/img/og-image.jpg", "publishedAt": "2020-03-21T05:25:25Z", "content": "West Bengal on March 21 reported the third case of COVID-19 when a 23-year-old woman tested positive. \r\nThe woman recently travelled to Scotland and hails from Habra in North 24 Parganas. She has been shifted to the isolation ward of Infectious Disease and Be\u2026 [+709 chars]"}, {"source": {"id": "the-hindu", "name": "The Hindu"}, "author": "Meera Srinivasan", "title": "Curfew extended in Sri Lanka as COVID-19 cases rise", "description": "Sri Lanka on Saturday confirmed a total of 77 COVID-19 positive cases, indicating a steady rise since March 10, when the first case of an infected local was reported.Health Minister Pavithra Wanniarac", "url": "https://www.thehindu.com/news/international/curfew-extended-in-sri-lanka-as-covid-19-cases-rise/article31130939.ece", "urlToImage": "https://www.thehindu.com/news/international/ibrt30/article31116502.ece/ALTERNATES/LANDSCAPE_615/SRILANKAVIRUSOUTBREAK", "publishedAt": "2020-03-21T17:05:34Z", "content": "Sri Lanka on Saturday confirmed a total of 77 COVID-19 positive cases, indicating a steady rise since March 10, when the first case of an infected local was reported.\r\nHealth Minister Pavithra Wanniarachchi said that 245 more cases are under observation.\r\nMea\u2026 [+398 chars]"}, {"source": {"id": "the-hindu", "name": "The Hindu"}, "author": "Omar Rashid", "title": "COVID-19 | Vasundhara Raje, Dushyant Singh and Jai Pratap Singh test negative", "description": "The politicians were among those who went into self-isolation after attending a dinner party in which singer Kanika Kapoor, who tested positive for the virus, was present.", "url": "https://www.thehindu.com/news/national/covid-19-vasundhara-raje-dushyant-singh-and-jai-pratap-singh-test-negative/article31129873.ece", "urlToImage": "https://www.thehindu.com/incoming/waa96c/article31129887.ece/ALTERNATES/LANDSCAPE_615/Dushyant-Singh-March21", "publishedAt": "2020-03-21T15:06:59Z", "content": "Uttar Pradesh Health Minister Jai Pratap Singh, former Rajasthan Chief Minister Vasundhara Raje and her son MP Dushyant Singh, were among those who tested negative for the coronavirus, after attending a recent dinner party with singer Kanika Kapoor, who teste\u2026 [+3676 chars]"}, {"source": {"id": "the-hindu", "name": "The Hindu"}, "author": "Special Correspondent", "title": "South Western Railway relaxes refund rules after COVID-19 halts travel", "description": "Relaxation has been given for period between March 21 and April 15", "url": "https://www.thehindu.com/news/national/karnataka/south-western-railway-relaxes-refund-rules-after-covid-19-halts-travel/article31130998.ece", "urlToImage": "https://www.thehindu.com/news/national/karnataka/ycm0yr/article31130997.ece/ALTERNATES/LANDSCAPE_615/22BGRAILWAY", "publishedAt": "2020-03-21T16:38:16Z", "content": "In the wake of the travel advisory issued on account of the COVID-19 pandemic, Railways has relaxed its ticket cancellation refund rules, South Western Railway said in a release. \r\nIn a release issued here on Saturday, SWR has said the relaxation has been giv\u2026 [+1399 chars]"}, {"source": {"id": "the-hindu", "name": "The Hindu"}, "author": "Krishnadas Rajagopal", "title": "COVID-19 | Supreme Court lawyers urge CJI Bobde to close court", "description": "Associations cite crowds at premises, specially for high profile cases.", "url": "https://www.thehindu.com/news/national/covid-19-supreme-court-lawyers-urge-cji-bobde-to-close-court/article31130777.ece", "urlToImage": "https://www.thehindu.com/incoming/w0ldg/article31130796.ece/ALTERNATES/LANDSCAPE_615/05THBOBDE-21march", "publishedAt": "2020-03-21T16:25:01Z", "content": "Lawyers associations in the Supreme Court on Saturday made an urgent and simultaneous appeal to Chief Justice of India Sharad A. Bobde to close the court till further notice on account of the COVID-19 outbreak.\r\nThe Supreme Court Bar Association (SCBA), at an\u2026 [+2357 chars]"}, {"source": {"id": "the-hindu", "name": "The Hindu"}, "author": "Special Correspondent", "title": "ICICI Lombard rolls out cover for COVID-19", "description": "Policy will pay 100% of sum insured to policyholder on first diagnosis", "url": "https://www.thehindu.com/business/Economy/icici-lombard-rolls-out-cover-for-covid-19/article31131223.ece", "urlToImage": "https://www.thehindu.com/static/theme/default/base/img/og-image.jpg", "publishedAt": "2020-03-21T17:07:08Z", "content": "General insurer ICICI Lombard has rolled out a focussed COVID-19 Protection Cover under the group insurance mode. \r\nThis policy will pay 100% of the sum insured to a policyholder diagnosed as COVID-19 positive, irrespective of the hospitalisation expenses.\r\nI\u2026 [+1407 chars]"}, {"source": {"id": "the-hindu", "name": "The Hindu"}, "author": "AFP", "title": "COVID-19 | A range of factors are at play behind Italy\u2019s coronavirus disaster", "description": "From Italy\u2019s relatively high age to its strained healthcare system to some old fashioned bad luck, experts list a range of factors.", "url": "https://www.thehindu.com/news/international/covid-19-a-range-of-reasons-are-at-play-behind-italys-coronavirus-disaster/article31131044.ece", "urlToImage": "https://www.thehindu.com/news/international/4dyhao/article31131043.ece/ALTERNATES/LANDSCAPE_615/TH22-ITALY-TESTINGOFPEOPLE1", "publishedAt": "2020-03-21T16:56:49Z", "content": "Loads of people have been wondering why the beautiful Mediterranean country of Italy has become the new epicentre of the COVID-19 pandemic. Experts list a range of reasons from Italys relatively high age to its strained healthcare system to some old fashioned\u2026 [+2450 chars]"}, {"source": {"id": "the-hindu", "name": "The Hindu"}, "author": "AFP", "title": "COVID-19 | Nearly 1 bn people confined to homes as global toll crosses 11,000", "description": "COVID-19 death toll crosses 11,000 worldwide; More U.S. States order residents to stay home", "url": "https://www.thehindu.com/news/international/covid-19-nearly-1-bn-people-confined-to-homes-as-global-toll-crosses-11000/article31131069.ece", "urlToImage": "https://www.thehindu.com/sci-tech/health/cv5rj5/article31131027.ece/ALTERNATES/LANDSCAPE_615/extra", "publishedAt": "2020-03-21T16:54:04Z", "content": "Close to one billion people worldwide were confined to their homes on Saturday as the global COVID-19 death toll shot past 11,000 and U.S. States rolled out lockdown measures already imposed across swathes of Europe.\r\nThe pandemic has completely upended lives\u2026 [+2789 chars]"}, {"source": {"id": "the-hindu", "name": "The Hindu"}, "author": "The Hindu Net Desk", "title": "Morning Digest: COVID-19 cases in India crosses 230, Italy's death toll tops 4,000 after new one-day record and more", "description": "A select list of stories to read before you start your day", "url": "https://www.thehindu.com/news/morning-digest-march-21-2020/article31124506.ece", "urlToImage": "https://www.thehindu.com/news/international/75l4cy/article31123967.ece/ALTERNATES/LANDSCAPE_615/Italy-deaths-2", "publishedAt": "2020-03-21T02:26:25Z", "content": "With as many as 75 fresh cases being reported on Friday, the number of\u00a0COVID-19\u00a0positive persons in the country stood at 236, the ICMR said.\r\nOf these 32 are foreigners and 23 persons had been discharged after treatment. Previously, the Government had informe\u2026 [+2705 chars]"}, {"source": {"id": "the-hindu", "name": "The Hindu"}, "author": "Special Correspondent", "title": "3 new COVID-19 cases today", "description": "Three new COVID-19 cases have been confirmed in the State on Saturday, taking the total positive cases to 18. The new cases include a 32-year-old person from Gowribidanur and his mother who returned f", "url": "https://www.thehindu.com/news/national/karnataka/3-new-covid-19-cases-today/article31126900.ece", "urlToImage": "https://www.thehindu.com/static/theme/default/base/img/og-image.jpg", "publishedAt": "2020-03-21T09:00:21Z", "content": "Three new COVID-19 cases have been confirmed in the State on Saturday, taking the total positive cases to 18. The new cases include a 32-year-old person from Gowribidanur and his mother who returned from Mecca. Details of the third are yet to ascertained. \r\nA\u2026 [+583 chars]"}, {"source": {"id": "the-hindu", "name": "The Hindu"}, "author": "Special Correspondent", "title": "COVID-19: TDB announces precautionary measures", "description": "Revised timings, entry restrictions will be in force till March 31", "url": "https://www.thehindu.com/news/national/kerala/covid-19-tdb-announces-precautionary-measures/article31128640.ece", "urlToImage": "https://www.thehindu.com/static/theme/default/base/img/og-image.jpg", "publishedAt": "2020-03-21T11:57:16Z", "content": "The Travancore Devaswom Board (TDB) has announced precautionary measures in temples including revised timings and entry restrictions for devotees in view of the COVID-19 threat. They will be in force till March 31.\r\nDevotees will not be allowed inside Adminis\u2026 [+1392 chars]"}, {"source": {"id": "the-hindu", "name": "The Hindu"}, "author": "Ashok Kumar", "title": "Gurugram reports two more COVID-19 cases, tally now six", "description": "Total number of cases rises to 10 in the State", "url": "https://www.thehindu.com/news/cities/Delhi/gurugram-reports-two-more-covid-19-cases-tally-now-six/article31131981.ece", "urlToImage": "https://www.thehindu.com/static/theme/default/base/img/og-image.jpg", "publishedAt": "2020-03-21T17:51:08Z", "content": "A woman with a travel history to the United Kingdom and a teenager have tested positive for COVID-19 in Gurugram taking the total number of confirmed cases in the district to six. In Haryana, the total number of cases rose to 10 on Saturday.\r\nGurugram Chief M\u2026 [+1824 chars]"}, {"source": {"id": "the-hindu", "name": "The Hindu"}, "author": "Afshan Yasmeen", "title": "Health experts recommend counselling in COVID-19 cases", "description": "People with pre-existing mental health conditions can be severely impacted", "url": "https://www.thehindu.com/news/cities/bangalore/health-experts-recommend-counselling-in-covid-19-cases/article31125885.ece", "urlToImage": "https://www.thehindu.com/news/cities/bangalore/xq0ypg/article31125884.ece/ALTERNATES/LANDSCAPE_615/COVID-SLUGcol", "publishedAt": "2020-03-21T05:09:27Z", "content": "The case of a 23-year-old quarantined person jumping to death from the seventh floor of Safdarjung Hospital building in Delhi on Wednesday has brought into focus the importance of mental health counselling in quarantined patients to reassure them that quarant\u2026 [+2550 chars]"}, {"source": {"id": "the-hindu", "name": "The Hindu"}, "author": "S. Poorvaja", "title": "COVID-19: Government schools are shut but teachers work", "description": "The Tamil Nadu Teachers Association has sent representations to the Chief Minister and the Education Department, questioning the need for them to be in schools", "url": "https://www.thehindu.com/news/cities/chennai/covid-19-government-schools-are-shut-but-teachers-work/article31126668.ece", "urlToImage": "https://www.thehindu.com/static/theme/default/base/img/og-image.jpg", "publishedAt": "2020-03-21T08:11:56Z", "content": "The Tamil Nadu government has closed all schools in the State as part of the preventive measures taken against the spread of COVID-19, but teachers in government schools are still reporting for duty. \r\nIn a circular, the Director of Elementary Education has a\u2026 [+2207 chars]"}, {"source": {"id": "the-hindu", "name": "The Hindu"}, "author": "Shahid Jameel", "title": "When will a COVID-19 vaccine be ready?", "description": "What are scientists working on to tackle the pandemic? How long will it take after clinical trials?", "url": "https://www.thehindu.com/sci-tech/health/when-will-a-covid-19-vaccine-be-ready/article31131211.ece", "urlToImage": "https://www.thehindu.com/sci-tech/health/urompr/article31131208.ece/ALTERNATES/LANDSCAPE_615/Coronavirus-vaccine", "publishedAt": "2020-03-21T17:39:15Z", "content": "The story so far: A Phase-1 clinical trial on 45 healthy volunteers between the ages of 18 and 55 years has begun in Seattle, U.S., about 100 days after the whole genome sequence of the novel coronavirus (SARS-CoV-2) was shared by Chinese researchers. Differe\u2026 [+6127 chars]"}, {"source": {"id": "the-hindu", "name": "The Hindu"}, "author": "Special Correspondent", "title": "16 people traced from contact list of COVID-19 patient", "description": "Two days after the first COVID-19 positive case surfaced in the city, the task force team comprising officials from the health department, district administration and police, have traced 16 persons wh", "url": "https://www.thehindu.com/news/national/andhra-pradesh/16-people-traced-from-contact-list-of-covid-19-patient/article31129320.ece", "urlToImage": "https://www.thehindu.com/static/theme/default/base/img/og-image.jpg", "publishedAt": "2020-03-21T13:55:51Z", "content": "Two days after the first COVID-19 positive case surfaced in the city, the task force team comprising officials from the health department, district administration and police, have traced 16 persons who have come in contact with the patient who tested positive\u2026 [+908 chars]"}, {"source": {"id": "the-hindu", "name": "The Hindu"}, "author": "Staff Reporter", "title": "More beds, ventilators in hospitals to address COVID-19 spread", "description": "7,649 under observation in Kozhikode", "url": "https://www.thehindu.com/news/cities/kozhikode/more-beds-ventilators-in-hospitals-to-address-covid-19-spread/article31129373.ece", "urlToImage": "https://www.thehindu.com/static/theme/default/base/img/og-image.jpg", "publishedAt": "2020-03-21T13:59:22Z", "content": "More beds will be added to hospitals and additional ventilators will be provided in Kozhikode district to address any emergency situation related to the spread of COVID-19, Minister for Labour and Excise T.P. Ramakrishnan has said.\r\nHe was addressing a review\u2026 [+2013 chars]"}, {"source": {"id": "the-hindu", "name": "The Hindu"}, "author": "K.C. Deepika & M.T. Shivakumar", "title": "Covid-19: In garment units, it\u2019s business as usual", "description": "Order by Mandya DC to close garment factories is withdrawn after a few hours", "url": "https://www.thehindu.com/news/cities/bangalore/covid-19-in-garment-units-its-business-as-usual/article31129386.ece", "urlToImage": "https://www.thehindu.com/static/theme/default/base/img/og-image.jpg", "publishedAt": "2020-03-21T14:02:12Z", "content": "Employees of most companies have been working from home for some time now as a preventive measure against the COVID-19 outbreak, but thousands of garment factory workers across the State have had no such facility. They continue to follow their daily routine f\u2026 [+2103 chars]"}, {"source": {"id": "the-hindu", "name": "The Hindu"}, "author": "Staff Reporter", "title": "COVID-19: IMHANS offers solace to stressful minds", "description": "Helpline numbers launched to offer mental health counselling", "url": "https://www.thehindu.com/news/cities/kozhikode/covid-19-imhans-offers-solace-to-stressful-minds/article31129446.ece", "urlToImage": "https://www.thehindu.com/static/theme/default/base/img/og-image.jpg", "publishedAt": "2020-03-21T14:07:13Z", "content": "The Kozhikode-based Institute of Mental Health and Neuro Sciences (IMHANS) has launched helpline numbers to offer mental health counselling to those home quarantined or admitted to isolation wards for COVID-19, suspected patients, their family members, and he\u2026 [+1831 chars]"}, {"source": {"id": "the-hindu", "name": "The Hindu"}, "author": "Special Correspondent", "title": "700 persons suspected to be having symptoms of COVID: CM", "description": "People urged to cooperate with government health officials", "url": "https://www.thehindu.com/news/national/telangana/700-persons-suspected-to-be-having-symptoms-of-covid-cm/article31129495.ece", "urlToImage": "https://www.thehindu.com/static/theme/default/base/img/og-image.jpg", "publishedAt": "2020-03-21T14:12:00Z", "content": "Chief Minister K. Chandrasekhar Rao has said that over 700 persons were suspected to be having symptoms of COVID-19 in Telangana and 21 others had tested positive for coronavirus infection. \r\nAddressing a press conference on Saturday, Mr. Rao said the spread \u2026 [+2116 chars]"}, {"source": {"id": "the-hindu", "name": "The Hindu"}, "author": "Raina Assainar", "title": "2 booked for flouting orders to prevent spread of COVID-19 in Navi Mumbai", "description": "Palghar police take action against 123 establishments", "url": "https://www.thehindu.com/news/cities/mumbai/2-booked-for-flouting-orders-to-prevent-spread-of-covid-19-in-navi-mumbai/article31131840.ece", "urlToImage": "https://www.thehindu.com/static/theme/default/base/img/og-image.jpg", "publishedAt": "2020-03-21T17:43:33Z", "content": "The Navi Mumbai Police have registered FIRs against two people for flouting government orders on precautionary measures to prevent the spread of COVID-19.\r\nThe first case was registered suo motu by the Uran police against one Narayan Thakur, a resident of Jas\u2026 [+2020 chars]"}, {"source": {"id": "the-hindu", "name": "The Hindu"}, "author": "Staff Reporter", "title": "COVID-19 | People in Odisha move out of urban areas after govt order against public gatherings", "description": "With little work to do, many are choosing to return to villages", "url": "https://www.thehindu.com/news/national/other-states/covid-19-people-in-odisha-move-out-of-urban-areas-after-govt-order-against-public-gatherings/article31126318.ece", "urlToImage": "https://www.thehindu.com/static/theme/default/base/img/og-image.jpg", "publishedAt": "2020-03-21T06:44:29Z", "content": "BHUBANESWAR: A day after the Odisha government imposed stricter restrictions on gatherings at public places to prevent spread of COVID-19 in the State, lakhs of people from different urban centres have started returning to their respective villages.\r\nA govern\u2026 [+2075 chars]"}, {"source": {"id": "the-hindu", "name": "The Hindu"}, "author": "Special Correspondent", "title": "\ufeffCOVID-19: Tamil Nadu Legislative Assembly will end on March 31", "description": "A decision in this regard was taken in the Business Advisory Committee headed by Assembly Speaker P. Dhanapal on Saturday", "url": "https://www.thehindu.com/news/national/tamil-nadu/covid-19-tamil-nadu-legislative-assembly-will-end-on-march-31/article31126622.ece", "urlToImage": "https://www.thehindu.com/news/national/tamil-nadu/8lu95m/article31126620.ece/ALTERNATES/LANDSCAPE_615/21MARTH--ASSEMBLY", "publishedAt": "2020-03-21T07:58:52Z", "content": "The current session of the Tamil Nadu Assembly will come to an end on March 31 instead of April 9 as originally planned.\r\nA decision in this regard was taken in the Business Advisory Committee headed by Assembly Speaker P. Dhanapal on Saturday in view of the \u2026 [+124 chars]"}, {"source": {"id": "the-hindu", "name": "The Hindu"}, "author": "Jatin Anand", "title": "Delhi budget session curtailed to one day due to COVID-19 outbreak", "description": "The budget will be tabled and passed by the House tomorrow", "url": "https://www.thehindu.com/news/cities/Delhi/delhi-budget-session-curtailed-to-one-day-due-to-covid-19-outbreak/article31131890.ece", "urlToImage": "https://www.thehindu.com/static/theme/default/base/img/og-image.jpg", "publishedAt": "2020-03-21T17:47:16Z", "content": "The upcoming five-day Budget session of the Delhi Legislative Assembly, has been truncated to one day in the wake of a the outbreak of COVID-19.\r\nThe Hindu had on Saturday morning, first reported the possibility of the truncation of the Session, scheduled to \u2026 [+2081 chars]"}, {"source": {"id": "the-hindu", "name": "The Hindu"}, "author": "PTI", "title": "Coronavirus | No new local COVID-19 cases for third day straight in China; sharp rise in cases from abroad", "description": "The country\u2019s National Health Commission said that on March 20, seven deaths and 36 new suspected cases were reported on the mainland, with all the deaths reported from Hubei province and its capital Wuhan.", "url": "https://www.thehindu.com/news/international/coronavirus-no-new-local-covid-19-cases-for-third-day-straight-in-china-sharp-rise-in-cases-from-abroad/article31129524.ece", "urlToImage": "https://www.thehindu.com/news/international/dcyerd/article31129523.ece/ALTERNATES/LANDSCAPE_615/21IN-VIRUS", "publishedAt": "2020-03-21T14:21:27Z", "content": "China has not reported any local coronavirus (COVID-19) cases for the third consecutive day but the country is facing a sharp increase of COVID-19 cases from abroad, a health official said on Saturday.\r\n Seven more fatalities reported from the coronavirus epi\u2026 [+3859 chars]"}, {"source": {"id": "the-hindu", "name": "The Hindu"}, "author": "Sarath Babu George", "title": "COVID upsets academic calendar of universities", "description": "Synchronisation of reopening of schools, colleges", "url": "https://www.thehindu.com/news/national/kerala/covid-upsets-academic-calendar-of-universities/article31131661.ece", "urlToImage": "https://www.thehindu.com/static/theme/default/base/img/og-image.jpg", "publishedAt": "2020-03-21T17:36:08Z", "content": "Showing early signs of severely impacting the higher education sector, the COVID-19 outbreak has all but put paid to the governments target to commence next academic years undergraduate (UG) and postgraduate (PG) courses on June 1 to coincide with the reopeni\u2026 [+1741 chars]"}, {"source": {"id": "the-hindu", "name": "The Hindu"}, "author": "Special Correspondent", "title": "COVID-19: 10 new cases in Punjab", "description": "Six family members of a 70-year-old man test positive; total count now 13", "url": "https://www.thehindu.com/news/cities/kolkata/covid-19-10-new-cases-in-punjab/article31132021.ece", "urlToImage": "https://www.thehindu.com/news/cities/kolkata/9mpchu/article31132020.ece/ALTERNATES/LANDSCAPE_615/DE22INCOMING", "publishedAt": "2020-03-21T17:55:51Z", "content": "With 10 fresh positive cases of COVID-19 reported in Punjab in a day, the total number of cases in the State on Saturday climbed to 13, said an official statement.\r\nThe Health Department in a statement confirmed that as many as 13 positive cases have been rep\u2026 [+2367 chars]"}, {"source": {"id": "the-hindu", "name": "The Hindu"}, "author": "Special Correspondent", "title": "Covid-19: Police trace man who fled isolation ward", "description": "He was near Coimbatore in Tamil Nadu", "url": "https://www.thehindu.com/news/cities/bangalore/covid-19-police-trace-man-who-fled-isolation-ward/article31129635.ece", "urlToImage": "https://www.thehindu.com/static/theme/default/base/img/og-image.jpg", "publishedAt": "2020-03-21T14:27:50Z", "content": "A 67-year-old man who was put under isolation near Kempegowda International Airport (KIA) on Friday but escaped that night was traced and brought back to the city on Saturday. He had fled to his native town near Coimbatore in Tamil Nadu. \r\nThe man had landed \u2026 [+387 chars]"}, {"source": {"id": "the-hindu", "name": "The Hindu"}, "author": "Staff Reporter", "title": "Coronavirus | Seven persons with COVID- 19 symptoms hospitalised", "description": "According to health officials, three were admitted to Coimbatore Medical College Hospital and four to ESI Hospital", "url": "https://www.thehindu.com/news/cities/Coimbatore/coronavirus-seven-persons-with-covid-19-symptoms-hospitalised/article31125543.ece", "urlToImage": "https://www.thehindu.com/static/theme/default/base/img/og-image.jpg", "publishedAt": "2020-03-21T01:25:19Z", "content": "Seven persons with COVID-19 symptoms were admitted to hospitals in Coimbatore on Friday. \r\nAccording to health officials, three were admitted to Coimbatore Medical College Hospital and four to ESI Hospital. \r\nSamples of six patients have been sent to Chennai \u2026 [+571 chars]"}, {"source": {"id": "the-hindu", "name": "The Hindu"}, "author": "Arun Devnath", "title": "Bangladesh readies itself for the COVID-19 battle", "description": "Authorities have shut down an area, set up isolation units and kept a graveyard ready", "url": "https://www.thehindu.com/news/international/despatch-from-dhaka-bangladesh-readies-itself-for-the-covid-19-battle/article31130228.ece", "urlToImage": "https://www.thehindu.com/news/international/i8h5d2/article31130227.ece/ALTERNATES/LANDSCAPE_615/TH22-DESPATCH-ARUN", "publishedAt": "2020-03-21T15:40:09Z", "content": "Bangladeshis have begun to shut themselves down. A sub-district, about 125 km from Dhaka, has become the first potential hotspot for COVID-19 cases to come under partial lockdown. The local administration has shut public transport and shops, except grocery an\u2026 [+4245 chars]"}, {"source": {"id": "the-hindu", "name": "The Hindu"}, "author": "Staff Reporter", "title": "Police crack down on COVID-19 norm violations in Wayanad", "description": "Cases against three mosques; T.N. imposes restrictions on vehicle movements", "url": "https://www.thehindu.com/news/cities/kozhikode/police-crack-down-on-covid-19-norm-violations-in-wayanad/article31129037.ece", "urlToImage": "https://www.thehindu.com/static/theme/default/base/img/og-image.jpg", "publishedAt": "2020-03-21T12:58:55Z", "content": "The police registered cases against three mosque committees in Wayanad district on Saturday for allowing mass prayers attended by over 200 people. Mass prayers were held at Juma Masjids at Vythiri, Chundale and Madakkimala, flouting the directive of the distr\u2026 [+2068 chars]"}, {"source": {"id": "the-hindu", "name": "The Hindu"}, "author": "V.S. Natarajan", "title": "The particular susceptibility of old people to COVID-19", "description": "In India, the first three deaths due to coronavirus disease (COVID-19) were among the elderly. There might be a number of reasons for the potency of such viral infections in old age, one being ageing", "url": "https://www.thehindu.com/news/national/tamil-nadu/the-particular-susceptibility-of-old-people-to-covid-19/article31131596.ece", "urlToImage": "https://www.thehindu.com/news/national/tamil-nadu/ts6ntm/article31131611.ece/ALTERNATES/LANDSCAPE_615/22THEXPERT", "publishedAt": "2020-03-21T17:41:10Z", "content": "In India, the first three deaths due to coronavirus disease (COVID-19) were among the elderly. There might be a number of reasons for the potency of such viral infections in old age, one being ageing itself as the immunity levels drop after the age of 50. \r\nS\u2026 [+2599 chars]"}, {"source": {"id": "the-hindu", "name": "The Hindu"}, "author": "Special Correspondent", "title": "COVID-19: High Court sets up virtual courts", "description": "Advocates, litigants can appear through digital mode", "url": "https://www.thehindu.com/news/national/karnataka/covid-19-high-court-sets-up-virtual-courts/article31132204.ece", "urlToImage": "https://www.thehindu.com/static/theme/default/base/img/og-image.jpg", "publishedAt": "2020-03-21T19:01:39Z", "content": "The High Court of Karnataka has made temporary arrangements for virtual courts to enable advocates and the party-in-person litigants to appear before the court through digital mode for arguing their cases of extreme urgency.\r\nAccording to the notification iss\u2026 [+1324 chars]"}, {"source": {"id": "the-hindu", "name": "The Hindu"}, "author": "Staff Reporter", "title": "COVID-19: Tamil Nadu\u2019s Class 10 board exams postponed", "description": "Chief Minister Edappadi K. Palaniswami said the exams will be postponed to beyond April 14 and a new schedule will be announced soon", "url": "https://www.thehindu.com/news/national/tamil-nadu/covid-19-tamil-nadus-class-10-board-exams-postponed/article31127217.ece", "urlToImage": "https://www.thehindu.com/news/national/tamil-nadu/78zqk0/article31127215.ece/ALTERNATES/LANDSCAPE_615/21MARTH--EXAMS", "publishedAt": "2020-03-21T09:39:19Z", "content": "Tamil Nadu Chief Minister Edappadi K. Palaniswami announced on Saturday that the Class 10 SSLC exams, which were due to begin from March 27, will be postponed to beyond April 14.\r\nSeveral teachers had appealed to the government to postpone the exams as a part\u2026 [+484 chars]"}, {"source": {"id": "the-hindu", "name": "The Hindu"}, "author": "Special Correspondent", "title": "Campaign to sensitise tribal people on COVID-19 launched", "description": "Kalajatha teams in local dialect to stress on safety measures", "url": "https://www.thehindu.com/news/national/andhra-pradesh/campaign-to-sensitise-tribal-people-on-covid-19-launched/article31129978.ece", "urlToImage": "https://www.thehindu.com/news/national/andhra-pradesh/o4jk52/article31129977.ece/ALTERNATES/LANDSCAPE_615/22-VZ-NATURE", "publishedAt": "2020-03-21T15:12:46Z", "content": "Kalajatha teams from Nature, an NGO, have launched an awareness campaign among tribal people on COVID-19 in six mandals in Paderu ITDA area.\r\nThe cultural troupes will spread the message on precautions and social distance required to prevent spread of the vir\u2026 [+1368 chars]"}, {"source": {"id": "the-hindu", "name": "The Hindu"}, "author": "AFP", "title": "COVID-19 | Mauritius records first death, confirmed cases touch 14", "description": "There were just three confirmed cases in the island nation on March 19 when Prime Minister Pravind Jugnauth appealed to the country\u2019s 1.3 million citizens to stay indoors for 14 days.", "url": "https://www.thehindu.com/news/international/covid-19-mauritius-records-first-death-confirmed-cases-rise/article31129573.ece", "urlToImage": "https://www.thehindu.com/static/theme/default/base/img/og-image.jpg", "publishedAt": "2020-03-21T14:22:50Z", "content": "Mauritius has recorded its first death from coronavirus, the Health Minister said Saturday, just the third in sub-Saharan Africa, as the archipelago nation imposed a lockdown to contain the outbreak.\r\nThere have been 14 confirmed cases so far, one of which di\u2026 [+1230 chars]"}, {"source": {"id": "the-hindu", "name": "The Hindu"}, "author": "Special Correspondent", "title": "COVID-19: 56-bed isolationblock to be ready soon", "description": "Collector advises people to maintain social distancing", "url": "https://www.thehindu.com/news/national/andhra-pradesh/covid-19-56-bed-isolationblock-to-be-ready-soon/article31129630.ece", "urlToImage": "https://www.thehindu.com/news/national/andhra-pradesh/g9zxhm/article31129629.ece/ALTERNATES/LANDSCAPE_615/22ONGCOLLECTOR", "publishedAt": "2020-03-21T14:27:06Z", "content": "The district administration is getting ready to deal with any situation in the wake of coronavirus outbreak in the country by opening a 56-bed isolation block at the new Government Super Speciality Hospital and an equal number of beds at the Government Genera\u2026 [+1923 chars]"}, {"source": {"id": "the-hindu", "name": "The Hindu"}, "author": "Lalatendu Mishra", "title": "Chicken and maize prices crash as COVID-19 takes a toll", "description": "Chicken prices have crashed from \u20b990 a kg last month to \u20b920 in Mumbai as people are staying away from consuming poultry in fearing COVID-19.Despite several awareness campaigns to demolish misconceptio", "url": "https://www.thehindu.com/business/chicken-and-maize-prices-crash-as-covid-19-takes-a-toll/article31131361.ece", "urlToImage": "https://www.thehindu.com/static/theme/default/base/img/og-image.jpg", "publishedAt": "2020-03-21T17:20:07Z", "content": "Chicken prices have crashed from 90 a kg last month to 20 in Mumbai as people are staying away from consuming poultry in fearing COVID-19.\r\nDespite several awareness campaigns to demolish misconceptions that poultry had something to do with the dreaded virus,\u2026 [+3350 chars]"}, {"source": {"id": "the-hindu", "name": "The Hindu"}, "author": "Special Correspondent", "title": "Coronavirus | Three more test positive for COVID-19 in Tamil Nadu", "description": "Vijayabaskar added that screening was intensified at railway stations, domestic and international airports and inter-State borders.", "url": "https://www.thehindu.com/news/national/tamil-nadu/coronavirus-three-more-test-positive-for-covid-19-in-tamil-nadu/article31128870.ece", "urlToImage": "https://www.thehindu.com/news/national/tamil-nadu/m0qn9r/article31128869.ece/ALTERNATES/LANDSCAPE_615/CORONAVIRUS-TN", "publishedAt": "2020-03-21T12:24:30Z", "content": "Three more persons two nationals of Thailand and one from New Zealand have tested positive for coronavirus disease (COVID-19) in Tamil Nadu. This takes the total number of persons who have tested positive for COVID-19 in the State to six.\r\nAlso read: COVID-19\u2026 [+549 chars]"}, {"source": {"id": "the-hindu", "name": "The Hindu"}, "author": "K.V. Aditya Bharadwaj", "title": "Covid-19: Veggie prices shoot up over short supply and panic buying", "description": "Several retailers are reportedly citing rates higher than that of HOPCOMs", "url": "https://www.thehindu.com/news/cities/bangalore/covid-19-veggie-prices-shoot-up-over-short-supply-and-panic-buying/article31130321.ece", "urlToImage": "https://www.thehindu.com/news/cities/bangalore/mtpc0t/article31130320.ece/ALTERNATES/LANDSCAPE_615/21BgVegetable-pricescol", "publishedAt": "2020-03-21T15:50:55Z", "content": "While the price of chicken is crashing, the same cannot be said for vegetables, which have become costlier in just one week. In some cases, prices have doubled due to a shortage in supply. Traders attribute this to the fear of Covid-19 that has triggered a sp\u2026 [+2037 chars]"}, {"source": {"id": "the-hindu", "name": "The Hindu"}, "author": "Special Correspondent", "title": "Three more test positive, take total of COVID-19 patients to six", "description": "Number under home surveillance jumps from 4,253 on Friday to 8,950; app launched for medical advice", "url": "https://www.thehindu.com/news/national/tamil-nadu/three-more-test-positive-take-total-of-covid-19-patients-to-six/article31131383.ece", "urlToImage": "https://www.thehindu.com/news/national/tamil-nadu/hxvyhx/article31131382.ece/ALTERNATES/LANDSCAPE_615/TH22CityNew-Limited-accesscol", "publishedAt": "2020-03-21T17:21:57Z", "content": "Three more persons two of them Thai nationals have tested positive for COVID-19 in Tamil Nadu. This takes the total number of persons who have tested positive in the State to six.\r\nHealth Minister C. Vijayabaskar, in a tweet, said: The three patients were alr\u2026 [+3788 chars]"}, {"source": {"id": "the-hindu", "name": "The Hindu"}, "author": "Special Correspondent", "title": "COVID-19: Kiran Bedi appeals for people\u2019s participation in Sunday\u2019s Janata Curfew", "description": "The Puducherry Lieutenant Governor had, on Friday, expressed her dismay at people not practising social distancing", "url": "https://www.thehindu.com/news/cities/puducherry/covid-19-kiran-bedi-appeals-for-peoples-participation-in-sundays-janata-curfew/article31126817.ece", "urlToImage": "https://www.thehindu.com/news/cities/puducherry/yydicn/article31126816.ece/ALTERNATES/LANDSCAPE_615/21MARTH--PONDY", "publishedAt": "2020-03-21T08:47:40Z", "content": "Lieutenant Governor Kiran Bedi on Saturday appealed to the people to completely participate in the Janata Curfew from 7 a.m to 9 p.m on Sunday.\r\nIn a WhatsApp message to reporters, Ms. Bedi said Prime Minister Narendra Modi could have given a call for the cur\u2026 [+1070 chars]"}, {"source": {"id": "the-hindu", "name": "The Hindu"}, "author": "Bindu Shajan Perappadan", "title": "COVID-19 | Patients with respiratory illness in hospitals will also be tested, says ICMR", "description": "Institute revises strategy to check spread of disease", "url": "https://www.thehindu.com/news/national/covid-19-patients-with-respiratory-illness-in-hospitals-will-also-be-tested-says-icmr/article31125752.ece", "urlToImage": "https://www.thehindu.com/news/national/9u0iw8/article31125751.ece/ALTERNATES/LANDSCAPE_615/THNAK", "publishedAt": "2020-03-21T04:47:06Z", "content": "The Indian Council of Medical Research (ICMR) has revised its testing strategy to contain the spread of COVID-19.\r\nTesting is now offered to all hospitalised patients with Severe Acute Respiratory Illness (fever and cough and/or shortness of breath). Also, as\u2026 [+1163 chars]"}, {"source": {"id": "the-hindu", "name": "The Hindu"}, "author": "Vivek Narayanan", "title": "COVID-19: Residents of other districts, stranded in Chennai, approach Corporation shelters", "description": "Many are being turned away by lodges and have no place to go, officials of the Shelter for Urban Homeless Scheme said", "url": "https://www.thehindu.com/news/cities/chennai/covid-19-residents-of-other-districts-stranded-in-chennai-approach-corporation-shelters/article31127386.ece", "urlToImage": "https://www.thehindu.com/news/cities/chennai/wzvwr9/article31127385.ece/ALTERNATES/LANDSCAPE_615/21MARTH--Corpnjpg", "publishedAt": "2020-03-21T10:06:15Z", "content": "The Chennai Corporations shelter helpline is being inundated by calls from residents of other districts and States, who are stranded in the city after being turned away from a few lodges, following the COVID -19 scare.\r\nThe Shelter for Urban Homeless Scheme u\u2026 [+2375 chars]"}, {"source": {"id": "the-hindu", "name": "The Hindu"}, "author": "Vivek Narayanan", "title": "COVID-19: Chennai residents come forward to help sanitary workers, vendors", "description": "Residents welfare associations are distributing masks and hand santizers and also creating awareness on social distancing", "url": "https://www.thehindu.com/news/cities/chennai/covid-19-chennai-residents-come-forward-to-help-sanitary-workers-vendors/article31126745.ece", "urlToImage": "https://www.thehindu.com/news/cities/chennai/8px3y/article31126744.ece/ALTERNATES/LANDSCAPE_615/21MARTH-Masksjpg", "publishedAt": "2020-03-21T08:31:15Z", "content": "In the wake of the State government asking residents to take precautions against COVID -19, residents associations across the city are pitching in to help sanitary workers and others who serve the society by providing them with masks and hand sanitizers.\r\nOne\u2026 [+1638 chars]"}, {"source": {"id": "the-hindu", "name": "The Hindu"}, "author": "Special Correspondent", "title": "COVID-19: Come out of holiday mood, Tamil Nadu Health Minister tells people", "description": "The Health Minister urged people to avoid unncessary travel", "url": "https://www.thehindu.com/news/national/tamil-nadu/covid-19-come-out-of-holiday-mood-tamil-nadu-health-minister-tells-people/article31127988.ece", "urlToImage": "https://www.thehindu.com/news/national/tamil-nadu/ausn3e/article31127987.ece/ALTERNATES/LANDSCAPE_615/21MARTH--MINISTER", "publishedAt": "2020-03-21T11:28:41Z", "content": "Calling upon the people of the State to come out of holiday mood and get serious and avoid unnecessary travel, health minister C. Vijayabaskar on Saturday said the government was keeping ready five dedicated mini buses at the International Airport for the ben\u2026 [+2429 chars]"}, {"source": {"id": "the-hindu", "name": "The Hindu"}, "author": "Staff Reporter", "title": "Cases filed against Kannur mosques, temple for defying COVID-19 norms", "description": "Prayers were held at three mosques; Trichambaram temple organised festival", "url": "https://www.thehindu.com/news/cities/kozhikode/cases-filed-against-kannur-mosques-temple-for-defying-covid-19-norms/article31129048.ece", "urlToImage": "https://www.thehindu.com/static/theme/default/base/img/og-image.jpg", "publishedAt": "2020-03-21T13:03:25Z", "content": "Despite orders from the government and the district administration to avoid religious congregations, a large number of people gathered at mosques and a temple in Kannur. \r\nThe police on Saturday registered cases against 200-odd people, including the authoriti\u2026 [+1352 chars]"}, {"source": {"id": "the-hindu", "name": "The Hindu"}, "author": "PTI", "title": "Coronavirus | Modi thanks Maldives, Bhutan, Nepal for contributing to COVID-19 emergency fund", "description": "Modi said it is wonderful to see SAARC leaders taking initiatives that are adding strength to the collective fight against coronavirus.", "url": "https://www.thehindu.com/news/national/coronavirus-modi-thanks-maldives-bhutan-nepal-for-contributing-to-covid-19-emergency-fund/article31128936.ece", "urlToImage": "https://www.thehindu.com/news/national/ifv7fi/article31128935.ece/ALTERNATES/LANDSCAPE_615/NARENDRAMODI", "publishedAt": "2020-03-21T12:32:11Z", "content": "Prime Minister Narendra Modi on Saturday thanked the Maldives for contributing to the COVID-19 emergency fund to tackle the spread of the deadly virus in the SAARC countries.\r\nAlso read: Modi calls on SAARC to fight coronavirus\r\n On Friday, he had thanked Bhu\u2026 [+2008 chars]"}, {"source": {"id": "the-hindu", "name": "The Hindu"}, "author": "Chitra V Ramani", "title": "Covid-19 hits preparations for census", "description": "Training work, being overseen by the BBMP, has been postponed", "url": "https://www.thehindu.com/news/cities/bangalore/covid-19-hits-preparations-for-census/article31130418.ece", "urlToImage": "https://www.thehindu.com/static/theme/default/base/img/og-image.jpg", "publishedAt": "2020-03-21T16:00:13Z", "content": "The Covid-19 pandemic and restrictions put in place have affected census training work. The Bruhat Bengaluru Mahanagara Palike (BBMP), which was overseeing the task, has put off further training until the end of the month.\r\nOfficials say that this could imply\u2026 [+2349 chars]"}, {"source": {"id": "the-hindu", "name": "The Hindu"}, "author": "Staff Reporter", "title": "Covid-19: Catering industry braces for a lean patch", "description": "Most people have postponed the functions scheduled in March", "url": "https://www.thehindu.com/news/cities/bangalore/covid-19-catering-industry-braces-for-a-lean-patch/article31129430.ece", "urlToImage": "https://www.thehindu.com/static/theme/default/base/img/og-image.jpg", "publishedAt": "2020-03-21T14:04:56Z", "content": "Functions and ceremonies are incomplete without good food. But with the atmosphere of fear and lockdowns due to the COVID-19 pandemic, most people who had functions scheduled this month or in the near future have decided to postpone them. The Prime Ministers \u2026 [+2081 chars]"}, {"source": {"id": "the-hindu", "name": "The Hindu"}, "author": "Bishwanath Ghosh", "title": "COVID-19: Campaign to educate underserved communities in Kolkata", "description": "Young health minders take to wall graffiti and hamlet workshops to spread awareness.", "url": "https://www.thehindu.com/news/national/other-states/covid-19-campaign-to-educate-underserved-communities-in-kolkata/article31128440.ece", "urlToImage": "https://www.thehindu.com/news/national/other-states/ahl976/article31128439.ece/ALTERNATES/LANDSCAPE_615/1-1", "publishedAt": "2020-03-21T11:48:15Z", "content": "Prayasam, an organisation that works with underserved communities living on the fringes of the Salt Lake City in Kolkata, has embarked on a campaign to educate people in hamlets on checking the spread of COVID-19.\r\nThe campaign, called Combat COVID-19, is aim\u2026 [+1403 chars]"}, {"source": {"id": "the-hindu", "name": "The Hindu"}, "author": "Staff Reporter", "title": "COVID-19: Chennai beaches shut until further orders", "description": "The Chennai Corporation said the decision was taken keeping in mind the safety of the public", "url": "https://www.thehindu.com/news/cities/chennai/covid-19-chennai-beaches-shut-until-further-orders/article31127918.ece", "urlToImage": "https://www.thehindu.com/news/cities/chennai/5os1b1/article31127916.ece/ALTERNATES/LANDSCAPE_615/21MARTH-Beachjpg", "publishedAt": "2020-03-21T11:26:21Z", "content": "Following an announcement by the Greater Chennai Corporation (GCC), all beaches in Chennai, including Marina beach, Thiruvanmiyur, Palavakkam and Elliots beaches were shut from 3 p.m. on Saturday.\r\nCorporation Commissioner G. Prakash said that all beaches tha\u2026 [+546 chars]"}, {"source": {"id": "the-hindu", "name": "The Hindu"}, "author": "Special Correspondent", "title": "Even private hospitals to have COVID-19 centres", "description": "Govt. frames new guidelines; hospitals have to screen patients", "url": "https://www.thehindu.com/news/cities/Hyderabad/even-private-hospitals-to-have-covid-19-centres/article31131326.ece", "urlToImage": "https://www.thehindu.com/static/theme/default/base/img/og-image.jpg", "publishedAt": "2020-03-21T17:15:33Z", "content": "The Telangana government has framed new regulations under The Telangana Epidemic Diseases (COVID-19) Regulations 2020 and declared that all government and private hospitals will have to provide COVID-19 corners for screening of suspected cases, as and when re\u2026 [+1402 chars]"}, {"source": {"id": "the-hindu", "name": "The Hindu"}, "author": "Special Correspondent", "title": "Covid-19: No metro services between 10 a.m. and 4 p.m. up to March 31", "description": "ID cards must to travel in Namm Metro", "url": "https://www.thehindu.com/news/cities/bangalore/covid-19-no-metro-services-between-10-am-and-4-pm-up-to-march-31/article31131726.ece", "urlToImage": "https://www.thehindu.com/news/cities/bangalore/119tiz/article31131725.ece/ALTERNATES/LANDSCAPE_615/21BgRevised-timingscol", "publishedAt": "2020-03-21T17:39:47Z", "content": "To curb the spread of the COVID-19, the Bangalore Metro Rail Corporation Limited (BMRCL) has reduced the frequency of services drastically between March 23 and 31. Services will not be operating on Sunday when Janata Curfew will be observed.\r\nIn a press relea\u2026 [+1020 chars]"}, {"source": {"id": "the-hindu", "name": "The Hindu"}, "author": "PTI", "title": "COVID-19 | Five-day budget session of Delhi Assembly curtailed to one day", "description": "The five-day Budget Session of the Delhi Assembly will now be held on a single day on March 23 in view of the coronavirus pandemic, a government official said on Saturday. According to the original sc", "url": "https://www.thehindu.com/news/national/covid-19-five-day-budget-session-of-delhi-assembly-curtailed-to-one-day/article31129798.ece", "urlToImage": "https://www.thehindu.com/news/479zwa/article31111446.ece/ALTERNATES/LANDSCAPE_615/VBK-ARVINDKEJRIWAL-SKV", "publishedAt": "2020-03-21T14:54:24Z", "content": "The five-day Budget Session of the Delhi Assembly will now be held on a single day on March 23 in view of the coronavirus pandemic, a government official said on Saturday.\r\n According to the original schedule, the session was to be held from March 23-27.\r\nThe\u2026 [+208 chars]"}, {"source": {"id": "the-hindu", "name": "The Hindu"}, "author": "Staff Reporter", "title": "COVID-19: DU teachers call off protest outside V-C\u2019s office", "description": "The Delhi University Teachers\u2019 Association (DUTA) on Saturday called off the sit-in outside the Vice-Chancellor\u2019s office, in view of the outbreak of COVID-19.DUTA president Rajib Ray said that the dec", "url": "https://www.thehindu.com/news/cities/Delhi/covid-19-du-teachers-call-off-protest-outside-v-cs-office/article31132012.ece", "urlToImage": "https://www.thehindu.com/static/theme/default/base/img/og-image.jpg", "publishedAt": "2020-03-21T17:54:07Z", "content": "The Delhi University Teachers Association (DUTA) on Saturday called off the sit-in outside the Vice-Chancellors office, in view of the outbreak of COVID-19.\r\nDUTA president Rajib Ray said that the decision was taken following Prime Minister Narendra Modis add\u2026 [+922 chars]"}]}