{"status": "ok", "totalResults": 67, "articles": [{"source": {"id": "the-hindu", "name": "The Hindu"}, "author": "Special Correspondent", "title": "Procurement rules relaxed for COVID-19 relief", "description": "To help purchase medical and diagnostic equipment, drugs", "url": "https://www.thehindu.com/news/national/telangana/procurement-rules-relaxed-for-covid-19-relief/article31259153.ece", "urlToImage": "https://www.thehindu.com/static/theme/default/base/img/og-image.jpg", "publishedAt": "2020-04-04T15:45:06Z", "content": "Finance Department has issued special instructions for procurement of medical, surgical equipment and other essential supplies for COVID-19 relief operations. \r\nThe Government Order No.29 issued on April 4 said that the prevailing conditions of health emergen\u2026 [+1201 chars]"}, {"source": {"id": "the-hindu", "name": "The Hindu"}, "author": "Staff Reporter", "title": "COVID cases rise to 272 in Telangana", "description": "Fifteen discharged from Gandhi Hospital", "url": "https://www.thehindu.com/news/national/telangana/covid-cases-rise-to-272-in-telangana/article31259671.ece", "urlToImage": "https://www.thehindu.com/static/theme/default/base/img/og-image.jpg", "publishedAt": "2020-04-04T17:11:37Z", "content": "The number of COVID-19 cases in Telangana rose to 272 as 43 new cases were detected on Saturday. Of the total 272 cases reported till date, 228 are active cases, 33 were discharged, and 11 people died due to coronavirus, Telangana Health Minister Eatala Rajen\u2026 [+1732 chars]"}, {"source": {"id": "the-hindu", "name": "The Hindu"}, "author": "Jyoti Shelar", "title": "COVID-19 drives oncologists to tweak cancer treatments", "description": "Oncologists switch patients to less aggressive therapies", "url": "https://www.thehindu.com/news/national/covid-19-drives-oncologists-to-tweak-cancer-treatments/article31259024.ece", "urlToImage": "https://www.thehindu.com/news/national/9beblr/article31259023.ece/ALTERNATES/LANDSCAPE_615/TH05CHEMOTHERAPY", "publishedAt": "2020-04-04T15:29:29Z", "content": "The COVID-19 outbreak has posed a unique challenge for oncology experts across the country to balance the higher risk of exposure to the virus on account of the treatments and the risk of progression of cancer in their patients. To tackle this, oncologists ar\u2026 [+3099 chars]"}, {"source": {"id": "the-hindu", "name": "The Hindu"}, "author": "Tharun Boda", "title": "26 new COVID-19 cases reported in State", "description": "First positive patient from Krishna district discharged", "url": "https://www.thehindu.com/news/national/andhra-pradesh/26-new-covid-19-cases-reported-in-state/article31260090.ece", "urlToImage": "https://www.thehindu.com/news/national/andhra-pradesh/rjn3el/article31260089.ece/ALTERNATES/LANDSCAPE_615/05VJPG1-BARRICADE", "publishedAt": "2020-04-04T17:54:22Z", "content": "The State reported 26 more COVID-19 positive cases from several districts during the past 24 hours as of Saturday night. The tally has now gone up to 190 and several districts reported at least 30 cases. \r\nA 24-year-old patient, the first one to test positive\u2026 [+1032 chars]"}, {"source": {"id": "the-hindu", "name": "The Hindu"}, "author": "Harish Gilai", "title": "Thanking those on the frontlines against COVID-19", "description": "Young siblings wash the feet of a civic worker and seek her blessings in viral video", "url": "https://www.thehindu.com/news/national/andhra-pradesh/thanking-those-on-the-frontlines-against-covid-19/article31258480.ece", "urlToImage": "https://www.thehindu.com/news/national/andhra-pradesh/kvif5j/article31258479.ece/ALTERNATES/LANDSCAPE_615/05-VJ-SANITARYWORKER", "publishedAt": "2020-04-04T14:24:28Z", "content": "In a heartwarming gesture, a family from Visakhapatnam honoured a sanitation worker by washing her feet and presenting her a sari and a pair of bangles, in recognition of the role played by her in the fight against COVID-19.\r\nA video of the incident that occu\u2026 [+1293 chars]"}, {"source": {"id": "the-hindu", "name": "The Hindu"}, "author": "Sidharth Yadav", "title": "COVID-19 | Two deaths take toll to 10 in Madhya Pradesh", "description": "Six persons test positive; two others recover", "url": "https://www.thehindu.com/news/national/other-states/covid-19-two-deaths-take-toll-to-10-in-madhya-pradesh/article31255506.ece", "urlToImage": "https://www.thehindu.com/news/national/other-states/wezqy7/article31241694.ece/ALTERNATES/LANDSCAPE_615/DE02-BHOPAL", "publishedAt": "2020-04-04T08:28:51Z", "content": "A man from Indore and another from Chhindwara succumbed to COVID-19 early on April 4, taking the toll to 10 in Madhya Pradesh.\r\nThe 42-year-old man from Indore, who died at 6.45 a.m. at the MRTB Hospital, tested positive for the illness on March 30. He had no\u2026 [+2486 chars]"}, {"source": {"id": "the-hindu", "name": "The Hindu"}, "author": "PTI", "title": "PM Modi, US President Donald Trump have telephonic conversation on fight against COVID-19", "description": "The U.S. has so far confirmed 278,458 cases of COVID-19 and more than 7,100 deaths. India has 3,072 coronavirus cases and has reported 75 deaths", "url": "https://www.thehindu.com/news/national/pm-modi-us-president-donald-trump-have-telephonic-conversation-on-fight-against-covid-19/article31258475.ece", "urlToImage": "https://www.thehindu.com/news/national/1ydvof/article30902031.ece/ALTERNATES/LANDSCAPE_615/TRUMP-CHARKA", "publishedAt": "2020-04-04T14:25:24Z", "content": "Prime Minister Narendra Modi and U.S. President Donald Trump on Saturday held a detailed discussion on the situation arising out of the coronavirus outbreak and resolved to deploy the full strength of the India-U.S. partnership to fight the pandemic.\r\nAlso re\u2026 [+491 chars]"}, {"source": {"id": "the-hindu", "name": "The Hindu"}, "author": "Special Correspondent", "title": "COVID-19: Hyundai to join hands with local manufacturers for ventilators", "description": "In-house development of a prototype ventilator has already been submitted to the Tamil Nadu government for consideration, Hyundai Motor India Foundation said in a statement", "url": "https://www.thehindu.com/business/covid-19-hyundai-to-join-hands-with-local-manufacturers-for-ventilators/article31255017.ece", "urlToImage": "https://www.thehindu.com/static/theme/default/base/img/og-image.jpg", "publishedAt": "2020-04-04T06:07:05Z", "content": "Hyundai Motor India Ltd. (HMIL) said it will join hands with local manufacturers to enhance the production of ventilators to meet the growing demand in Tamil Nadu and other States.\r\nIn-house development of a prototype ventilator has already been submitted to \u2026 [+839 chars]"}, {"source": {"id": "the-hindu", "name": "The Hindu"}, "author": "PTI", "title": "COVID-19: PM Modi to interact with floor leaders of political parties on April 8", "description": "COVID-19 and countrywide lockdown are likely to be discussed during the mee", "url": "https://www.thehindu.com/news/national/covid-19-pm-modi-to-interact-with-floor-leaders-of-political-parties-on-april-8/article31257493.ece", "urlToImage": "https://www.thehindu.com/news/national/9cugxf/article31248478.ece/ALTERNATES/LANDSCAPE_615/Modi-twitterjpg", "publishedAt": "2020-04-04T12:08:10Z", "content": "Amid a countrywide lockdown due to COVID-19, Prime Minister Narendra Modi will interact with floor leaders of various political parties via a video link on April 8.\r\nAlso read:Explained | Heres how our power system will be managed during lights-out\r\n Parliame\u2026 [+372 chars]"}, {"source": {"id": "the-hindu", "name": "The Hindu"}, "author": "Vignesh Radhakrishnan", "title": "Coronavirus | Why must COVID-19 clusters be identified?", "description": "Can infected individuals be tracked and quarantined quickly with the help of contact tracing?", "url": "https://www.thehindu.com/sci-tech/health/why-must-covid-19-clusters-be-identified/article31259763.ece", "urlToImage": "https://www.thehindu.com/news/cities/Delhi/ysi2kf/article31204616.ece/ALTERNATES/LANDSCAPE_615/Nizamuddin", "publishedAt": "2020-04-04T18:07:43Z", "content": "The story so far: On March 30, the Delhi Police cordoned off the area around a masjid located around 100 metres from the Nizamuddin dargah. Around 9,000 people from across the country, Indonesia, Malaysia, Thailand and Saudi Arabia had attended a gathering at\u2026 [+6893 chars]"}, {"source": {"id": "the-hindu", "name": "The Hindu"}, "author": "Omar Rashid", "title": "U.P. govt. to expand COVID-19 testing", "description": "Surveillance has started in districts that have not recorded cases, says Health Secretary", "url": "https://www.thehindu.com/news/national/other-states/up-govt-to-expand-covid-19-testing/article31255056.ece", "urlToImage": "https://www.thehindu.com/news/national/other-states/yquztr/article31221486.ece/ALTERNATES/LANDSCAPE_615/NKV-TESTINGKITS-AP", "publishedAt": "2020-04-04T06:22:28Z", "content": "The Uttar Pradesh government has indicated it will expand the spread of testing for COVID-19 in the State, though in small numbers.\r\nU.P. Health Principal Secretary Amit Mohan Prasad has said the surveillance process has started in those districts that have n\u2026 [+1517 chars]"}, {"source": {"id": "the-hindu", "name": "The Hindu"}, "author": "The Hindu Net Desk", "title": "Morning Digest: Revised testing norms likely as number of COVID-19 cases continue to rise, PM Modi\u2019s blackout call puts power grid managers on high alert, and more", "description": "A select list of stories to read before you start your day", "url": "https://www.thehindu.com/news/morning-digest-april-4-2020/article31251980.ece", "urlToImage": "https://www.thehindu.com/news/national/tamil-nadu/57fce/article31253060.ece/ALTERNATES/LANDSCAPE_615/04APRTHPOWERTRANSMISSIONLINES", "publishedAt": "2020-04-04T01:51:36Z", "content": "The number of COVID-19 cases continued to rise in the country with 336 new cases reported in the past 24 hours taking the total tally to 2,547, while 18 more deaths were reported, the Union Health Ministry said on April 3. India has registered 62 deaths due t\u2026 [+5970 chars]"}, {"source": {"id": "the-hindu", "name": "The Hindu"}, "author": "K. Shiva Shanker", "title": "No counsellors to counter COVID-19 anxiety", "description": "Healthcare professionals request State government for assistance of counsellors to pacify patients and suspects", "url": "https://www.thehindu.com/news/cities/Hyderabad/no-counsellors-to-counter-covid-19-anxiety/article31259551.ece", "urlToImage": "https://www.thehindu.com/news/cities/Hyderabad/rjcf9e/article31259570.ece/ALTERNATES/LANDSCAPE_615/HY04-GANDHI", "publishedAt": "2020-04-04T16:44:40Z", "content": "As anxiety overflows in the COVID-19 isolation wards, doctors and nurses in the State-run hospitals have been fielding a range of queries posed by patients and suspects of the contagious disease for the past month. Out of restlessness, some suspects even walk\u2026 [+2451 chars]"}, {"source": {"id": "the-hindu", "name": "The Hindu"}, "author": "Special Correspondent", "title": "11 more COVID-19 cases in Bengal", "description": "Eleven more cases of COVID-19 were reported in West Bengal in the past 24 hours, taking the number of the patients to 49. One of those tested positive is a person from Haldia in Purba Medinipur who ha", "url": "https://www.thehindu.com/news/cities/kolkata/11-more-covid-19-cases-in-bengal/article31260327.ece", "urlToImage": "https://www.thehindu.com/static/theme/default/base/img/og-image.jpg", "publishedAt": "2020-04-04T18:15:55Z", "content": "Eleven more cases of COVID-19 were reported in West Bengal in the past 24 hours, taking the number of the patients to 49. One of those tested positive is a person from Haldia in Purba Medinipur who had participated in the Tablighi Jamaat event in New Delhi re\u2026 [+707 chars]"}, {"source": {"id": "the-hindu", "name": "The Hindu"}, "author": "Staff Reporter", "title": "COVID-19: Chennai Customs gives priority to medicines and equipment", "description": "Since the COVID-19 lockdown was declared, 34 international cargo flights have arrived at Chennai Airport, Chennai Customs said, in a statement.", "url": "https://www.thehindu.com/news/cities/chennai/covid-19-chennai-customs-gives-priority-to-medicines-and-equipment/article31256831.ece", "urlToImage": "https://www.thehindu.com/static/theme/default/base/img/og-image.jpg", "publishedAt": "2020-04-04T11:13:49Z", "content": "From life-saving medicines to parts for defibrillators, Chennai customs has handled a host of consignments since the beginning of the nation-wide lockdown that was implemented to prevent the spread of COVID-19. \r\nSeveral cargo aircraft arrive in the city cont\u2026 [+1256 chars]"}, {"source": {"id": "the-hindu", "name": "The Hindu"}, "author": "Special Correspondent", "title": "COVID-19: testing centres face \u2018shortage\u2019 of chemicals", "description": "The isolation beds at the Government Hospital for Chest and Communicable Diseases (GHCCD) and the Government ENT Hospital are fully occupied and there is no chance of admitting new cases. The swabs of", "url": "https://www.thehindu.com/news/cities/Visakhapatnam/covid-19-testing-centres-face-shortage-of-chemicals/article31257703.ece", "urlToImage": "https://www.thehindu.com/static/theme/default/base/img/og-image.jpg", "publishedAt": "2020-04-04T12:35:04Z", "content": "The isolation beds at the Government Hospital for Chest and Communicable Diseases (GHCCD) and the Government ENT Hospital are fully occupied and there is no chance of admitting new cases. The swabs of suspected COVID-19 patients are not being taken, according\u2026 [+417 chars]"}, {"source": {"id": "the-hindu", "name": "The Hindu"}, "author": "Special Correspondent", "title": "Three COVID-19 patients in Chandigarh discharged after recovery", "description": "Three COVID-19 patients in Chandigarh recovered from the disease and were discharged on Saturday. The number of positive cases has now dropped to 15 from 18.Also read | Delhi hospital treating COVID-1", "url": "https://www.thehindu.com/news/national/other-states/three-covid-19-patients-in-chandigarh-discharged-after-recovery/article31259322.ece", "urlToImage": "https://www.thehindu.com/static/theme/default/base/img/og-image.jpg", "publishedAt": "2020-04-04T16:14:54Z", "content": "Three COVID-19 patients in Chandigarh recovered from the disease and were discharged on Saturday. The number of positive cases has now dropped to 15 from 18.\r\nAlso read |Delhi hospital treating COVID-19 cases seeks details of staff WhatsApp group admins\r\nWe s\u2026 [+586 chars]"}, {"source": {"id": "the-hindu", "name": "The Hindu"}, "author": "Staff Reporter", "title": "17 test positive for COVID 19 at Tiruchi GH", "description": "All of whom attended Tablighi Jamaat congregation in Nizamuddin", "url": "https://www.thehindu.com/news/cities/Tiruchirapalli/17-test-positive-for-covid-19-at-tiruchi-gh/article31259137.ece", "urlToImage": "https://www.thehindu.com/static/theme/default/base/img/og-image.jpg", "publishedAt": "2020-04-04T15:38:55Z", "content": "TIRUCHI\r\n Seventeen patients, all of whom had attended Tablighi Jamaat congregation in Nizamuddin, tested positive for COVID-19 at the Tiruchi Mahatma Gandhi Memorial Government Hospital here on Saturday. \r\nSamples of 53 patients who are under observation at \u2026 [+1976 chars]"}, {"source": {"id": "the-hindu", "name": "The Hindu"}, "author": "Staff Reporter", "title": "Krishna\u2019s first COVID-19 patient recovers, discharged from hospital", "description": "Krishna district\u2019s first COVID-19 patient, a 24-year-old youth from One Town area, was discharged from the Government General Hospital here on Saturday in the presence of District Collector A.Md. Imti", "url": "https://www.thehindu.com/news/national/andhra-pradesh/krishnas-first-covid-19-patient-recovers-discharged-from-hospital/article31259581.ece", "urlToImage": "https://www.thehindu.com/static/theme/default/base/img/og-image.jpg", "publishedAt": "2020-04-04T16:47:46Z", "content": "Krishna districts first COVID-19 patient, a 24-year-old youth from One Town area, was discharged from the Government General Hospital here on Saturday in the presence of District Collector A.Md. Imtiaz and Commissioner of Police Ch. Dwaraka Tirumala Rao. \r\nTh\u2026 [+938 chars]"}, {"source": {"id": "the-hindu", "name": "The Hindu"}, "author": "The Hindu", "title": "Update on India\u2019s war against COVID-19", "description": "This involves detection, protection, prevention, prescription and, not the least, participation", "url": "https://www.thehindu.com/sci-tech/science/update-on-indias-war-against-covid-19/article31257161.ece", "urlToImage": "https://www.thehindu.com/sci-tech/science/rh0k8x/article31257157.ece/ALTERNATES/LANDSCAPE_615/05TH-SCICOVID-SCANNING", "publishedAt": "2020-04-04T11:45:48Z", "content": "Since early March, our war against COVID-19 has been making steady progress in India. This has involved detection, protection, prevention, prescription and participation. Purposefully, private groups, industries, medical fraternity, scientists and technologis\u2026 [+6250 chars]"}, {"source": {"id": "the-hindu", "name": "The Hindu"}, "author": "Renu Ramanath", "title": "Jayachandran Palazhy launches online dance classes \u2014Attakkalari Connect\u2014 for the Covid-19 lockdown", "description": "Attakalari\u2019s online dance classes - a combination of martial arts, yoga and dance - to keep fit during the lockdown", "url": "https://www.thehindu.com/life-and-style/fitness/attakalaris-online-dance-classes-a-combination-of-martial-arts-yoga-and-dance-to-keep-fit-during-the-lockdown/article31255076.ece", "urlToImage": "https://www.thehindu.com/life-and-style/fitness/y7ktd9/article31255075.ece/ALTERNATES/LANDSCAPE_615/KIMPATTAKALARI", "publishedAt": "2020-04-04T06:24:56Z", "content": "When any disaster strikes, the first thing to go out is art, says Jayachandran Palazhy, the contemporary dancer and Artistic Director of Attakkalari Centre for Movement Arts, Bangalore. Although Attakkalari has suspended classes following the country-wide Cov\u2026 [+3379 chars]"}, {"source": {"id": "the-hindu", "name": "The Hindu"}, "author": "PTI", "title": "Coronavirus | New York State records highest number of deaths in single day from COVID-19", "description": "The death toll in the state now stands at 2,935, an increase of 562 deaths in just one day, says Governor Andrew Cuomo", "url": "https://www.thehindu.com/news/international/coronavirus-new-york-state-records-highest-number-of-deaths-in-single-day-from-covid-19/article31255206.ece", "urlToImage": "https://www.thehindu.com/news/international/x0gezq/article31255205.ece/ALTERNATES/LANDSCAPE_615/THNAKVIRUS-OUTBREAKNEW-YORK", "publishedAt": "2020-04-04T07:15:15Z", "content": "The New York State reported its highest number of 562 COVID-19 deaths in a single day, with a person dying almost every two-and-a-half minutes, as Governor Andrew Cuomo allowed redistribution of ventilators and protective gear to hospitals with greater need.\r\u2026 [+4207 chars]"}, {"source": {"id": "the-hindu", "name": "The Hindu"}, "author": "Athira MHarikumar J SLiza GeorgeSaraswathy Nagarajan, Athira M, Harikumar J S, Liza George, Saraswathy Nagarajan", "title": "COVID-19: For some in Kerala capital, work is worship despite lockdown", "description": "Employees in different sectors in Thiruvananthapuram talk about their work during the lockdown and sense of pride in contributing to the fight against Coronavirus outbreak", "url": "https://www.thehindu.com/life-and-style/covid-19-for-some-in-kerala-capital-work-is-worship-despite-lockdown/article31256305.ece", "urlToImage": "https://www.thehindu.com/life-and-style/v0q1m0/article31256298.ece/ALTERNATES/LANDSCAPE_615/03tvmJayashankarpoliceteam", "publishedAt": "2020-04-04T10:09:04Z", "content": "The lockdown in Kerala has forced a significant section of the population to work from home. At the same time, there are many working on several fronts to ensure that essential services are not disrupted and that the needy in society are taken care of. Health\u2026 [+10041 chars]"}, {"source": {"id": "the-hindu", "name": "The Hindu"}, "author": "PTI", "title": "COVID-19: Modi directs officials to ensure sufficient availability of essential medical equipment", "description": "The government last Sunday constituted 11 empowered groups to suggest measures to ramp up healthcare, put the economy back on track and reduce misery of people.", "url": "https://www.thehindu.com/news/national/covid-19-modi-directs-officials-to-ensure-sufficient-availability-of-essential-medical-equipment/article31256816.ece", "urlToImage": "https://www.thehindu.com/news/national/4ffddk/article31256815.ece/ALTERNATES/LANDSCAPE_615/NARENDRAMODI", "publishedAt": "2020-04-04T11:04:11Z", "content": "Prime Minister Narendra Modi on Saturday chaired a meeting of the various empowered groups set up to respond to the coronavirus threat and directed officials to ensure sufficient availability of all essential medical equipment such as personal protective equi\u2026 [+2285 chars]"}, {"source": {"id": "the-hindu", "name": "The Hindu"}, "author": "D. Madhavan", "title": "COVID-19: With Corporation\u2019s nod, RWAs watch out for \u2018green fledglings\u2019 in their midst", "description": "One or two resident-representatives are allowed to tend to Corporation parks that are under the maintenance of neighbourhood associations. They are expected to take utmost precaution and carry out only the most essential work such as watering saplings, and in\u2026", "url": "https://www.thehindu.com/news/cities/chennai/covid-19-with-corporations-nod-rwas-watch-out-for-green-fledglings-in-their-midst/article31254494.ece", "urlToImage": "https://www.thehindu.com/news/cities/chennai/mx1etc/article31254493.ece/ALTERNATES/LANDSCAPE_615/05dc-RWA-maintained-parks", "publishedAt": "2020-04-04T01:57:34Z", "content": "Notwithstanding the shutdown, Giri Ravanan, who is the secretary of Venketachalam Nagar Residents Welfare Association in Thirumullavoyal, sets foot in the newly-established Corporation park along Puzhal lake on Second Main Road, twice a day. He is joined by a\u2026 [+3076 chars]"}, {"source": {"id": "the-hindu", "name": "The Hindu"}, "author": "Special Correspondent", "title": "COVID -19 | Two more deaths, 93 fresh cases in the Capital", "description": "Local contact cases are stable, says Kejriwal; Delhi govt. launches helpline", "url": "https://www.thehindu.com/news/cities/Delhi/coronavirus-two-more-deaths-93-fresh-covid-19-cases-in-the-capital/article31252872.ece", "urlToImage": "https://www.thehindu.com/news/cities/Delhi/ug7y9u/article31252870.ece/ALTERNATES/LANDSCAPE_615/DE03COVID", "publishedAt": "2020-04-04T02:49:13Z", "content": "The Capital on Friday reported two deaths and 93 new COVID-19 cases. The toll now stands at six with the total number of cases jumping to 386. Of the 93 new cases, 77 are people from a centre run by the Tablighi Jamaat in Nizamuddin, which has been evacuated \u2026 [+3467 chars]"}, {"source": {"id": "the-hindu", "name": "The Hindu"}, "author": "IANS", "title": "COVID-19 effect: Kailash Kher plans virtual concert on April 5", "description": "Singer Kailash Kher will perform a live concert from his home for 30 minutes this Sunday, 9.10 p.m. onwards", "url": "https://www.thehindu.com/entertainment/music/covid-19-effect-kailash-kher-plans-virtual-concert-on-april-5-the-concert-will-be-streamed-on-various-platforms/article31254870.ece", "urlToImage": "https://www.thehindu.com/entertainment/music/9ovfcd/article31254869.ece/ALTERNATES/LANDSCAPE_615/IANS-KAILASHKHER", "publishedAt": "2020-04-04T06:07:04Z", "content": "Singer Kailash Kher states that he is looking forward to dispel the darkness spread by Coronavirus by playing live from his home on April 5.\r\nOn Friday, Prime Minister Narendra Modi urged the nation to light lamps on Sunday, April 5, at 9 pm for nine minutes \u2026 [+773 chars]"}, {"source": {"id": "the-hindu", "name": "The Hindu"}, "author": "PTI", "title": "COVID-19: Priyanka Gandhi calls for large scale testing, says govt must act", "description": "The Congress general secretary asserted that extremely valuable information about the severity of the disease, disease clusters and focal points is gained from testing.", "url": "https://www.thehindu.com/news/national/covid-19-priyanka-gandhi-calls-for-large-scale-testing-says-govt-must-act/article31255194.ece", "urlToImage": "https://www.thehindu.com/static/theme/default/base/img/og-image.jpg", "publishedAt": "2020-04-04T07:04:14Z", "content": "Congress leader Priyanka Gandhi Vadra on Saturday said it is imperative for India to immediately ramp up its rate of testing for coronavirus and that the government must act now for the lockdown to yield results.\r\n The Congress general secretary asserted that\u2026 [+1148 chars]"}, {"source": {"id": "the-hindu", "name": "The Hindu"}, "author": "IANS", "title": "Pandit Ravi Shankar\u2019s birth centenary celebrations deferred owing to COVID-19", "description": "The centenary tour planned for April has been postponed, informs the late sitar maestro\u2019s wife Sukanya Shankar", "url": "https://www.thehindu.com/entertainment/music/pandit-ravi-shankars-birth-centenary-celebrations-deferred-owing-to-covid-19-informs-sukanya-shankar/article31254923.ece", "urlToImage": "https://www.thehindu.com/entertainment/music/q1u7w/article31254922.ece/ALTERNATES/LANDSCAPE_615/IANS-SUKANYASHANKARWIFEOFPANDITRAVISHANKAR", "publishedAt": "2020-04-04T05:54:54Z", "content": "Sukanya Shankar feels her late husband and Grammy award-winning musician Pandit Ravi Shankars contribution is not limited to music, and adds that he put India on the map for many people, leaving a lasting impression. Along with her family, Sukanya was plannin\u2026 [+1693 chars]"}, {"source": {"id": "the-hindu", "name": "The Hindu"}, "author": "Special Correspondent", "title": "COVID-19: Tamil Nadu has placed orders for 1 lakh rapid test kits, says Health Minister", "description": "The Minister also said that private hospitals have been asked to come forward and reserve 25% of their beds for isolation facilities", "url": "https://www.thehindu.com/news/national/tamil-nadu/covid-19-tamil-nadu-has-placed-orders-for-1-lakh-rapid-test-kits-says-health-minister/article31256565.ece", "urlToImage": "https://www.thehindu.com/news/national/tamil-nadu/knxlt/article31256564.ece/ALTERNATES/LANDSCAPE_615/04APRTH--MINISTER", "publishedAt": "2020-04-04T10:33:03Z", "content": "Tamil Nadu has placed orders for 1 lakh rapid test kits for coronavirus disease (COVID-19) through the Tamil Nadu Medical Services Corporation (TNMSC), according to Health Minister C. Vijayabaskar.\r\nWe already have 17 testing facilities in Tamil Nadu -- 11 in\u2026 [+2055 chars]"}, {"source": {"id": "the-hindu", "name": "The Hindu"}, "author": "Sandip Roy", "title": "Lockdown diary: An imaginary take on everyday life during COVID-19", "description": "\u2018Washing machine is running a leak. Is this covered under emergency services?\u2019", "url": "https://www.thehindu.com/society/lockdown-diary-an-imaginary-take-on-everyday-life-during-covid-19/article31255120.ece", "urlToImage": "https://www.thehindu.com/society/p7ebc4/article31255119.ece/ALTERNATES/LANDSCAPE_615/05SMTOURISTS", "publishedAt": "2020-04-04T06:35:22Z", "content": "Day 1\r\nModi ji has announced all-India lockdown till mid-April. I cant believe it. I guess the Mehtas will no longer have that exclusive invite-only salon they were planning in early April. I even had my outfit planned out.\r\nCalled yoga-maam. Am requesting he\u2026 [+4442 chars]"}, {"source": {"id": "the-hindu", "name": "The Hindu"}, "author": "D. Madhavan", "title": "COVID-19: Lack of options led to May Day Park being turned into temporary market", "description": "As playgrounds and expansive school campuses are not to be found in Chintadripet, this choice was inevitable", "url": "https://www.thehindu.com/news/cities/chennai/covid-19-lack-of-options-led-to-may-day-park-being-turned-into-temporary-market/article31257968.ece", "urlToImage": "https://www.thehindu.com/news/cities/chennai/xrktwm/article31257967.ece/ALTERNATES/LANDSCAPE_615/05DCMAYDAYPARKMARKET", "publishedAt": "2020-04-04T13:12:55Z", "content": "Public parks and commerce are strange bedfellows; but the current exigency has forced them together. The recently-renovated May Day Park in Chintadripet has been turned into a temporary vegetables and fruits market. \r\nWhile the process of closing the common m\u2026 [+1623 chars]"}, {"source": {"id": "the-hindu", "name": "The Hindu"}, "author": "Athira M", "title": "COVID-19: How households in Kerala are foraging for veggies in their own backyard during Coronavirus lockdown", "description": "During the COVID-19 lockdown, many families in Kerala are procuring nutritious vegetables and other edibles around their houses", "url": "https://www.thehindu.com/life-and-style/homes-and-gardens/many-families-in-kerala-are-foraging-for-nutritious-vegetables-around-their-houses-during-covid-19-lockdown/article31256597.ece", "urlToImage": "https://www.thehindu.com/life-and-style/homes-and-gardens/hl6om7/article31256592.ece/ALTERNATES/LANDSCAPE_615/04TVMTHORAN", "publishedAt": "2020-04-04T10:36:25Z", "content": "Foraging in the backyard and rediscovering grandmas favourite greens and tubers have become common in many households in Kerala during the lockdown to battle the spread of COVID-19. \r\nDark green with lovely pink flowers, hog weed is a common creeper in many b\u2026 [+5424 chars]"}, {"source": {"id": "the-hindu", "name": "The Hindu"}, "author": "PTI", "title": "Coronavirus | 1,023 COVID-19 positive cases with links to Tablighi Jamaat reported from 17 States: Health Ministry", "description": "\u201cRigorous contact tracing is on across 17 States which have reported cases related to Tablighi Jamaat congregation,\u201d the Health Ministry official Lav Agarwal said", "url": "https://www.thehindu.com/news/national/coronavirus-1023-covid-19-positive-cases-with-links-to-tablighi-jamaat-reported-from-17-states/article31257742.ece", "urlToImage": "https://www.thehindu.com/news/national/eidfad/article31257741.ece/ALTERNATES/LANDSCAPE_615/VBK-LAVAGARWAL-HEALTHMINISTRY-PTI", "publishedAt": "2020-04-04T12:38:44Z", "content": "As many as 1,023 COVID-19 positive cases found in 17 States have been traced to the Tablighi Jamaat congregation, the Union Health Ministry said on April 4, underlining that about 30% of the total coronavirus cases in the country are linked to one particular \u2026 [+1479 chars]"}, {"source": {"id": "the-hindu", "name": "The Hindu"}, "author": "Prabalika M. Borah", "title": "COVID-19: How Hyderabad\u2019s star hotels meet special demands", "description": "To help cope with the ongoing Coronavirus lockdown period better, a few star hotels in Hyderabad have prepared a special home delivery menu", "url": "https://www.thehindu.com/life-and-style/food/how-hyderabads-star-hotels-meet-special-demands-during-coronavirus-lockdown/article31255791.ece", "urlToImage": "https://www.thehindu.com/life-and-style/food/thr5b1/article31255790.ece/ALTERNATES/LANDSCAPE_615/haldi-gur-chai", "publishedAt": "2020-04-04T09:14:10Z", "content": "In order to cater to the food cravings and love for specific dishes, a handful of five-star hotels have introduced compact take-away menus. The menu that mostly comprises of Indian and Asian comfort foods are being lapped up by food lovers who are cooped up a\u2026 [+2679 chars]"}, {"source": {"id": "the-hindu", "name": "The Hindu"}, "author": "S.R. Praveen", "title": "Musicians go live during COVID-19 lockdown", "description": "Individual musicians and bands are reaching out to the public through online gigs", "url": "https://www.thehindu.com/news/national/kerala/musicians-go-live-during-covid-19-lockdown/article31260269.ece", "urlToImage": "https://www.thehindu.com/news/national/kerala/ejfhqu/article31260268.ece/ALTERNATES/LANDSCAPE_615/05tvsithara-ooralipic", "publishedAt": "2020-04-04T18:06:11Z", "content": "Members of the Oorali band had a packed schedule of performances across the State lined up for them when the COVID-19 outbreak happened. Forced to cancel it all, they have been performing live every night to an audience from across the globe for the past 17 d\u2026 [+2400 chars]"}, {"source": {"id": "the-hindu", "name": "The Hindu"}, "author": "Staff Reporter", "title": "List of private hospitals to treat COVID-19 cases", "description": "TIRUCHI The Department of Health and Family Welfare has announced that private hospitals in the State would be allowed to treat COVID-19 cases after necessary checks are made by the district administr", "url": "https://www.thehindu.com/news/cities/Tiruchirapalli/list-of-private-hospitals-to-treat-covid-19-cases/article31258366.ece", "urlToImage": "https://www.thehindu.com/static/theme/default/base/img/og-image.jpg", "publishedAt": "2020-04-04T14:06:50Z", "content": "TIRUCHI\r\n The Department of Health and Family Welfare has announced that private hospitals in the State would be allowed to treat COVID-19 cases after necessary checks are made by the district administration. The department has released a notified list of hos\u2026 [+1174 chars]"}, {"source": {"id": "the-hindu", "name": "The Hindu"}, "author": "Hemani Bhandari", "title": "CNG cremation for COVID-19 deceased at Punjabi Bagh", "description": "Only 10-15 persons from a family allowed on campus for rites", "url": "https://www.thehindu.com/news/cities/Delhi/cng-cremation-for-covid-19-deceased-at-punjabi-bagh/article31260112.ece", "urlToImage": "https://www.thehindu.com/news/cities/Delhi/e2kuq8/article31260111.ece/ALTERNATES/LANDSCAPE_615/04DELPRIYAPUNJABIBBAGH", "publishedAt": "2020-04-04T17:56:39Z", "content": "Punjabi Bagh cremation ground has decided to send the bodies of those who die of COVID-19 in case they arrive straight to CNG machine cremation space and not let them be cremated according to the traditional method.\r\nThe head priest of one of the noted cremat\u2026 [+2488 chars]"}, {"source": {"id": "the-hindu", "name": "The Hindu"}, "author": "Special Correspondent", "title": "Naval personnel being trained for COVID-19 battle", "description": "In order to cater to a large number of patients requiring medical and emotional succour in this hour of crisis, the ENC is training non-medical naval personnel as \u2018Battle Field Nursing Assistant\u2019 (BFN", "url": "https://www.thehindu.com/news/national/andhra-pradesh/naval-personnel-being-trained-for-covid-19-battle/article31260194.ece", "urlToImage": "https://www.thehindu.com/static/theme/default/base/img/og-image.jpg", "publishedAt": "2020-04-04T18:02:54Z", "content": "In order to cater to a large number of patients requiring medical and emotional succour in this hour of crisis, the ENC is training non-medical naval personnel as Battle Field Nursing Assistant (BFNA) to lend a helping hand to doctors and paramedics in treati\u2026 [+1065 chars]"}, {"source": {"id": "the-hindu", "name": "The Hindu"}, "author": "Staff Reporter", "title": "COVID-19 | Swimmer donates prize money to relief fund", "description": "The 12-year-old boy, whose father is a daily wage labourer, presented a demand draft for \u20b93,000 to the District Collector.", "url": "https://www.thehindu.com/news/cities/Coimbatore/covid-19-swimmer-donates-prize-money-to-relief-fund/article31260614.ece", "urlToImage": "https://www.thehindu.com/news/cities/Coimbatore/pcjp61/article31260613.ece/ALTERNATES/LANDSCAPE_615/CB05-FUNDD", "publishedAt": "2020-04-04T20:14:35Z", "content": "A 12-year-old boy donated the cash awards he won in swimming competitions to the Chief Ministers Public Relief Fund for efforts to fight COVID-19 in Tiruppur on Thursday.\r\nR. Upanishanth visited District Collector K. Vijayakarthikeyan along with his parents a\u2026 [+1311 chars]"}, {"source": {"id": "the-hindu", "name": "The Hindu"}, "author": "Special Correspondent", "title": "COVID-19: Officials intensify drive to create awareness", "description": "With the people continuing to defy COVID-19 lockdown restrictions, officials of various departments on Saturday intensified the measures to educate people.The movement of people/private vehicles has b", "url": "https://www.thehindu.com/news/national/karnataka/covid-19-officials-intensify-drive-to-create-awareness/article31255938.ece", "urlToImage": "https://www.thehindu.com/news/national/karnataka/lzz8hi/article31256040.ece/ALTERNATES/LANDSCAPE_615/04mandya-drive-1", "publishedAt": "2020-04-04T09:34:12Z", "content": "With the people continuing to defy COVID-19 lockdown restrictions, officials of various departments on Saturday intensified the measures to educate people.\r\nThe movement of people/private vehicles has been considerably increasing following the reopening of mu\u2026 [+904 chars]"}, {"source": {"id": "the-hindu", "name": "The Hindu"}, "author": "Special Correspondent", "title": "COVID-19: BBMP turns some schools into temporary shelters", "description": "This was mainly to ensure that shelters for the homeless are not crowded", "url": "https://www.thehindu.com/news/cities/bangalore/covid-19-bbmp-to-turn-some-schools-into-temporary-shelters/article31258941.ece", "urlToImage": "https://www.thehindu.com/static/theme/default/base/img/og-image.jpg", "publishedAt": "2020-04-04T15:17:43Z", "content": "Homeless persons, migrant workers and those who are stranded in the city owing to lack of private and public transport are being rehabilitated by the Bruhat Bengaluru Mahanagara Palike (BBMP).\r\nAfter the 21-day lockdown was announced, the number of people in \u2026 [+906 chars]"}, {"source": {"id": "the-hindu", "name": "The Hindu"}, "author": "Special Correspondent", "title": "Naval personnel being trained for COVID-19 battle", "description": "In order to cater to a large number of patients requiring medical and emotional succour in this hour of crisis, the ENC is training non-medical naval personnel as \u2018Battle Field Nursing Assistant\u2019 (BFN", "url": "https://www.thehindu.com/news/national/andhra-pradesh/naval-personnel-being-trained-for-covid-19-battle/article31260246.ece", "urlToImage": "https://www.thehindu.com/static/theme/default/base/img/og-image.jpg", "publishedAt": "2020-04-04T18:04:30Z", "content": "In order to cater to a large number of patients requiring medical and emotional succour in this hour of crisis, the ENC is training non-medical naval personnel as Battle Field Nursing Assistant (BFNA) to lend a helping hand to doctors and paramedics in treati\u2026 [+1065 chars]"}, {"source": {"id": "the-hindu", "name": "The Hindu"}, "author": "Staff Reporter", "title": "RMP booked for treating woman with COVID-19 symptoms", "description": "A Registered Medical Practitioner (RMP) was booked by Shadnagar police for treating the 55-year-old woman with COVID-19 symptoms, who died while undergoing treatment at Osmania General Hospital on Wed", "url": "https://www.thehindu.com/news/cities/Hyderabad/rmp-booked-for-treating-woman-with-covid-19-symptoms/article31259995.ece", "urlToImage": "https://www.thehindu.com/static/theme/default/base/img/og-image.jpg", "publishedAt": "2020-04-04T17:48:38Z", "content": "A Registered Medical Practitioner (RMP) was booked by Shadnagar police for treating the 55-year-old woman with COVID-19 symptoms, who died while undergoing treatment at Osmania General Hospital on Wednesday, and her samples were tested positive on Friday. \r\nA\u2026 [+1228 chars]"}, {"source": {"id": "the-hindu", "name": "The Hindu"}, "author": "Telangana Bureau", "title": "17 test positive for COVID in four Telangana districts", "description": "10 Delhi returnees test positive in Adilabad, 4 in Nalgonda and 2 in Jagtial", "url": "https://www.thehindu.com/news/national/telangana/17-test-positive-for-covid-in-four-telangana-districts/article31259798.ece", "urlToImage": "https://www.thehindu.com/static/theme/default/base/img/og-image.jpg", "publishedAt": "2020-04-04T17:39:43Z", "content": "The district authorities in Telangana were on their toes on Saturday as 17 positive cases of COVID-19 were reported from different districts.\r\nThe gravity of COVID spread in Adilabad district became evident on Saturday when as many as 10 Jamaat returnees test\u2026 [+3161 chars]"}, {"source": {"id": "the-hindu", "name": "The Hindu"}, "author": "Staff Reporter", "title": "Forest officials conduct COVID-19 awareness programme in tribal settlements", "description": "Officials from the Forest Department conducted awareness programme on COVID-19 in two tribal settlements in the district on Saturday.The officials visited Ponthukuzhi and Manthittu settlements that fa", "url": "https://www.thehindu.com/news/cities/Coimbatore/forest-officials-conduct-covid-19-awareness-programme-in-tribal-settlements/article31258239.ece", "urlToImage": "https://www.thehindu.com/news/cities/Coimbatore/hg43li/article31258238.ece/ALTERNATES/LANDSCAPE_615/SA05FOREST", "publishedAt": "2020-04-04T13:50:13Z", "content": "Officials from the Forest Department conducted awareness programme on COVID-19 in two tribal settlements in the district on Saturday.\r\nThe officials visited Ponthukuzhi and Manthittu settlements that fall under the Kozhumam forest range. Assistant Conservator\u2026 [+833 chars]"}, {"source": {"id": "the-hindu", "name": "The Hindu"}, "author": "PTI", "title": "UN General Assembly meetings in April, May postponed due to COVID-19", "description": "Since COVID-19 emerged late last year in the Chinese city of Wuhan, around 1.1 million people have fallen ill across the globe. Almost 60,000 people have died worldwide.", "url": "https://www.thehindu.com/news/international/un-general-assembly-meetings-in-april-may-postponed-due-to-covid-19/article31254715.ece", "urlToImage": "https://www.thehindu.com/news/international/zi4n26/article31247223.ece/ALTERNATES/LANDSCAPE_615/UNGA", "publishedAt": "2020-04-04T04:22:07Z", "content": "UN General Assembly meetings scheduled for the months of April and May have been postponed in the wake of the rapidly evolving coronavirus pandemic, but there are no plans as yet to change the dates of the high-level annual UNGA session in September.\r\nSince C\u2026 [+2596 chars]"}, {"source": {"id": "the-hindu", "name": "The Hindu"}, "author": "PTI", "title": "COVID-19 | 60-yr-old coronavirus positive woman dies in Rajasthan; 12 new cases reported", "description": "The total number of coronavirus positive cases has risen to 191 in the State", "url": "https://www.thehindu.com/news/national/covid-19-60-yr-old-coronavirus-positive-woman-dies-in-rajasthan-12-new-cases-reported/article31254706.ece", "urlToImage": "https://www.thehindu.com/news/national/3wzh3i/article31254705.ece/ALTERNATES/LANDSCAPE_615/BIKANER", "publishedAt": "2020-04-04T04:18:39Z", "content": "A 60-year-old coronavirus positive woman having no travel history died at a hospital in Rajasthans Bikaner on Saturday as the State reported 12 fresh positive cases, taking the tally to 191, an official said.\r\n Of the new cases, eight can be linked to the Tab\u2026 [+1137 chars]"}, {"source": {"id": "the-hindu", "name": "The Hindu"}, "author": "Special Correspondent", "title": "Man dies in Villupuram, second COVID-19 death in Tamil Nadu", "description": "The 51-year-old, who died on Saturday morning, had attended the Tablighi Jamaat conference in Nizamuddin, Delhi", "url": "https://www.thehindu.com/news/national/tamil-nadu/man-dies-in-villupuram-second-covid-19-death-in-tamil-nadu/article31255371.ece", "urlToImage": "https://www.thehindu.com/news/national/tamil-nadu/pwqh4z/article31255370.ece/ALTERNATES/LANDSCAPE_615/04APRTH--VILLUPURAM", "publishedAt": "2020-04-04T08:00:02Z", "content": "A 51-year-old man, who had tested positive for coronavirus disease (COVID-19), died at the Government Villupuram Medical College Hospital on Saturday morning, the Department of Health and Family Welfare, confirmed in a statement.\r\nThe patient, a resident of V\u2026 [+545 chars]"}, {"source": {"id": "the-hindu", "name": "The Hindu"}, "author": "Special Correspondent", "title": "Money remitted to accounts of red ration card holders, following COVID-19 lockdown in Puducherry", "description": "Director of Civil Supplies Department, E. Vallavan, in a release on Saturday, said \u20b92,000 had been remitted to the account holders of 1,78,180 red ration cards", "url": "https://www.thehindu.com/news/cities/puducherry/money-remitted-to-accounts-of-red-ration-card-holders-following-covid-19-lockdown-in-puducherry/article31257054.ece", "urlToImage": "https://www.thehindu.com/static/theme/default/base/img/og-image.jpg", "publishedAt": "2020-04-04T11:38:13Z", "content": "The Civil Supplies Department has remitted 2,000 each to red ration card holders as announced by the government to compensate for livelihood loss due to the COVID-19 lockdown regulations.\r\nDirector of Civil Supplies Department, E. Vallavan, in a release on Sa\u2026 [+810 chars]"}, {"source": {"id": "the-hindu", "name": "The Hindu"}, "author": "Special Correspondent", "title": "26 private medical colleges, 112 private hospitals can treat COVID-19 patients", "description": "Health dept. notifies district-wise list", "url": "https://www.thehindu.com/news/national/tamil-nadu/26-private-medical-colleges-112-private-hospitals-can-treat-covid-19-patients/article31259916.ece", "urlToImage": "https://www.thehindu.com/static/theme/default/base/img/og-image.jpg", "publishedAt": "2020-04-04T17:44:23Z", "content": "Now, people who test positive for the coronavirus disease (COVID-19) can get treatment in private hospitals across the State. The Health department has notified a district-wise list of 26 private medical college hospitals and 112 private hospitals where peopl\u2026 [+1359 chars]"}, {"source": {"id": "the-hindu", "name": "The Hindu"}, "author": "PTI", "title": "COVID-19: Indian-American body launches initiative for underprivileged communities in India", "description": "The American India Foundation (AIF), which was founded in 2001 in the aftermath of the devastating Gujarat earthquake, on Friday said it will use its existing \u201cservice delivery platforms\u201d comprising frontline health workers, teachers, community mobilisers and\u2026", "url": "https://www.thehindu.com/news/international/covid-19-indian-american-body-launches-initiative-for-underprivileged-communities-in-india/article31254830.ece", "urlToImage": "https://www.thehindu.com/news/cities/Delhi/jx1u7q/article31247603.ece/ALTERNATES/LANDSCAPE_615/1208145370", "publishedAt": "2020-04-04T05:27:24Z", "content": "An Indian-American non-profit body has launched an initiative to serve and protect underprivileged communities in India against the coronavirus pandemic, as well as to help them emerge strongly through the resulting social and economic crisis \r\nThe American I\u2026 [+1623 chars]"}, {"source": {"id": "the-hindu", "name": "The Hindu"}, "author": "Staff Reporter", "title": "Delhi hospital treating COVID-19 cases seeks details of staff WhatsApp group admins", "description": "The hospital said it was to prevent spread of rumours and fake news", "url": "https://www.thehindu.com/news/cities/Delhi/delhi-hospital-treating-covid-19-cases-seeks-details-of-staff-whatsapp-group-admins/article31254795.ece", "urlToImage": "https://www.thehindu.com/news/cities/Delhi/bw2gm9/article30980723.ece/ALTERNATES/LANDSCAPE_615/CORTOKB04", "publishedAt": "2020-04-04T05:19:19Z", "content": "To prevent any adverse comments or statements on social media and the spread of fake news and rumours by any hospital or college staff, the Vardhaman Mahavir College and Safdarjung Hospital in the capital has asked for names and details of all admins of Whats\u2026 [+756 chars]"}, {"source": {"id": "the-hindu", "name": "The Hindu"}, "author": "Special Correspondent", "title": "COVID-19 | 31 cases reported in northeast; 25 in Assam alone", "description": "All but three of these cases have been related to the Tablighi Jamaat congregation in Delhi", "url": "https://www.thehindu.com/news/national/other-states/covid-19-31-cases-reported-in-northeast-25-in-assam-alone/article31256150.ece", "urlToImage": "https://www.thehindu.com/static/theme/default/base/img/og-image.jpg", "publishedAt": "2020-04-04T09:46:55Z", "content": "The number of COVID-19 cases in the northeast touched 31 on Saturday, 25 of them from Assam.\r\nAll but three of these cases have been related to the Tablighi Jamaat congregation at Nizamuddin in Delhi last month.\r\nAt 11.16 a.m. on Saturday, Assams Health Minis\u2026 [+2179 chars]"}, {"source": {"id": "the-hindu", "name": "The Hindu"}, "author": "K. Jeshi, Susan Joe Philip, R.KRITHIKA", "title": "Covid-19: Coimbatore artists talk about creating art during the lockdown", "description": "Get creative with things found at home, say Simran Wahan, Vigneshraj R, V Jeevanathan and Jitha Karthikeyan", "url": "https://www.thehindu.com/entertainment/art/four-artists-from-coimbatore-offer-tips-on-how-to-stimulate-your-creative-side-with-things-found-at-home/article31256017.ece", "urlToImage": "https://www.thehindu.com/entertainment/art/1u924j/article31256014.ece/ALTERNATES/LANDSCAPE_615/Upcylcing-2", "publishedAt": "2020-04-04T09:42:08Z", "content": "Bored with nothing to do during the lockdown? Four artists from Coimbatore offer tips on how to stimulate your creative side with things you find at home. Read on...\r\nSimran Wahan\r\nIn tough times like this lockdown, it is essential to keep calm, divert our mi\u2026 [+4968 chars]"}, {"source": {"id": "the-hindu", "name": "The Hindu"}, "author": "PTI", "title": "COVID-19 testing, treatment free for Ayushman Bharat beneficiaries at private labs, empanelled hospitals", "description": "The NHA said this will strengthen the country\u2019s response to the novel coronavirus pandemic.", "url": "https://www.thehindu.com/news/national/covid-19-testing-treatment-free-for-ayushman-bharat-beneficiaries-at-private-labs-empanelled-hospitals/article31258146.ece", "urlToImage": "https://www.thehindu.com/news/national/f3x76v/article31258145.ece/ALTERNATES/LANDSCAPE_615/CORONAVIRUS-TEST", "publishedAt": "2020-04-04T13:38:31Z", "content": "Testing and treatment for COVID-19 will be free of cost for Ayushman Bharat beneficiaries at private laboratories and empanelled hospitals, the National Health Authority (NHA) said on Saturday. \r\nAlso read: Coronavirus | Revised testing norms likely as number\u2026 [+2639 chars]"}, {"source": {"id": "the-hindu", "name": "The Hindu"}, "author": "Reuters", "title": "CONCACAF postpones Nations League Finals due to COVID-19", "description": "The finals, due to be contested by Costa Rica, Honduras, Mexico and the United States and held in the Houston and Dallas areas of Texas in June, will be rescheduled for a later date in venues to be determined.", "url": "https://www.thehindu.com/sport/football/concacaf-postpones-nations-league-finals-due-to-covid-19/article31254833.ece", "urlToImage": "https://www.thehindu.com/static/theme/default/base/img/og-image.jpg", "publishedAt": "2020-04-04T05:27:46Z", "content": "The CONCACAF Nations League Finals, which were scheduled for June 4 and June 7, have been suspended because of concerns over the COVID-19 pandemic, the Confederation of North, Central American and Caribbean Association Football said on Friday.\r\nThe finals, du\u2026 [+477 chars]"}, {"source": {"id": "the-hindu", "name": "The Hindu"}, "author": "PTI", "title": "FIFA postpones U-17 Women\u2019s World Cup in India due to COVID-19", "description": "New dates have not been announced.", "url": "https://www.thehindu.com/sport/football/fifa-postpones-u-17-womens-world-cup-in-india-due-to-covid-19/article31254488.ece", "urlToImage": "https://www.thehindu.com/sport/football/z3oy3x/article26552524.ece/ALTERNATES/LANDSCAPE_615/D1t3kfKWwAIMLuE", "publishedAt": "2020-04-04T01:49:22Z", "content": "The FIFA U-17 Womens World Cup to be held in India in November was on Saturday postponed by the footballs world governing body due to the worsening COVID-19 pandemic.\r\nThe womens age group showpiece was to be held at five venues in the country from November 2\u2026 [+1031 chars]"}, {"source": {"id": "the-hindu", "name": "The Hindu"}, "author": "Special Correspondent", "title": "Eight new COVID-19 cases in Noida", "description": "Most positive cases linked to fire safety firm; Ghaziabad reports 1 more case", "url": "https://www.thehindu.com/news/cities/Delhi/eight-new-covid-19-cases-in-noida/article31260258.ece", "urlToImage": "https://www.thehindu.com/static/theme/default/base/img/og-image.jpg", "publishedAt": "2020-04-04T18:04:50Z", "content": "Uttar Pradeshs GautamBuddha Nagar has recorded eight new positive COVID-19 cases on Saturday, taking the total number of COVID-19 cases in the district to 58 the highest in the State, officials said. \r\nAn official release stated that four persons from JJ Colo\u2026 [+792 chars]"}, {"source": {"id": "the-hindu", "name": "The Hindu"}, "author": "L. Kanthimathi", "title": "COVID-19: Exclusive helpdesk for those with vision impairment sought", "description": "Though there are initiatives by various groups to help the differently-abled, such a provision by the commissionerate for persons with disabilities will be useful to us, says Chennai-based forum for the visually-impaired", "url": "https://www.thehindu.com/news/cities/chennai/covid-19-exclusive-helpdesk-for-those-with-vision-impairment-sought/article31254621.ece", "urlToImage": "https://www.thehindu.com/static/theme/default/base/img/og-image.jpg", "publishedAt": "2020-04-04T03:01:39Z", "content": "The visually-impaired, particularly those who are on their own in these times, and lack any immediate support system, are likely to find getting essential items more of a challenge than the general population might. \r\nOf course, the Corporation has put out a \u2026 [+1883 chars]"}, {"source": {"id": "the-hindu", "name": "The Hindu"}, "author": "Hemani Bhandari", "title": "COVID-19 Lockdown | No transport to reach hospitals", "description": "While some ride bicycle with patients, a few are left with no option but to walk", "url": "https://www.thehindu.com/news/cities/Delhi/covid-19-lockdown-no-transport-to-reach-hospitals/article31252770.ece", "urlToImage": "https://www.thehindu.com/news/cities/Delhi/91nphr/article31252769.ece/ALTERNATES/LANDSCAPE_615/DE04CYCLE", "publishedAt": "2020-04-04T02:40:59Z", "content": "Five-year-old Laxmi, along with her brother Subhash (17), mother Rekha and sister Vandana came to Acharya Shree Bhikshu Hospital on Friday afternoon on a bicycle. She was suffering from high fever.\r\nSubhash, who rode the bicycle about 3.5 km from Uttam Nagar \u2026 [+2104 chars]"}, {"source": {"id": "the-hindu", "name": "The Hindu"}, "author": "Special Correspondent", "title": "Five more test positive for COVID-19 in Noida", "description": "This takes the total number of coronavirus cases in Gautam Buddh Nagar district to 55, the highest in U.P.", "url": "https://www.thehindu.com/news/cities/Delhi/five-more-test-positive-for-covid-19-in-noida/article31256490.ece", "urlToImage": "https://www.thehindu.com/news/cities/Delhi/4uvwjz/article31246256.ece/ALTERNATES/LANDSCAPE_615/delhi-municipal-workerjpg", "publishedAt": "2020-04-04T10:25:51Z", "content": "Five new cases of COVID-19 emerged from Gautam Buddh Nagar on Saturday, taking the total number of coronavirus cases in the district to 55, the highest in Uttar Pradesh. Four tested positive in the JJ Colony in Sector 5 of Noida, an official release said. A h\u2026 [+903 chars]"}, {"source": {"id": "the-hindu", "name": "The Hindu"}, "author": "Special Correspondent", "title": "COVID-positive doctor, wife blessed with a healthy baby boy", "description": "A day after a resident doctor and his pregnant wife tested positive for COVID-19 at the All India Institute of Medical Sciences (AIIMS), Delhi, the couple were blessed with a healthy baby boy on Frida", "url": "https://www.thehindu.com/news/cities/Delhi/covid-positive-doctor-wife-blessed-with-a-healthy-baby-boy/article31260416.ece", "urlToImage": "https://www.thehindu.com/static/theme/default/base/img/og-image.jpg", "publishedAt": "2020-04-04T18:37:00Z", "content": "A day after a resident doctor and his pregnant wife tested positive for COVID-19 at the All India Institute of Medical Sciences (AIIMS), Delhi, the couple were blessed with a healthy baby boy on Friday.\r\nThe baby was delivered through C-section, said doctors \u2026 [+452 chars]"}, {"source": {"id": "the-hindu", "name": "The Hindu"}, "author": "Firoz Rozindar", "title": "Bagalkot authorities trying to crack mystery of how man contracted COVID-19", "description": "The Bagalkot district administration is struggling to solve the mystery of how a 75-year-old resident of the city, who died on Friday, got infected with the novel coronavirus despite having no travel", "url": "https://www.thehindu.com/news/national/karnataka/bagalkot-authorities-trying-to-crack-mystery-of-how-man-contracted-covid-19/article31259160.ece", "urlToImage": "https://www.thehindu.com/news/national/karnataka/2rx9rm/article31259159.ece/ALTERNATES/LANDSCAPE_615/04BGBAGALKOT", "publishedAt": "2020-04-04T15:46:36Z", "content": "The Bagalkot district administration is struggling to solve the mystery of how a 75-year-old resident of the city, who died on Friday, got infected with the novel coronavirus despite having no travel history or contact with anyone who travelled abroad.\r\nThere\u2026 [+1445 chars]"}, {"source": {"id": "the-hindu", "name": "The Hindu"}, "author": "The Hindu Net Desk", "title": "Watch | Who are most likely to get affected by COVID-19?", "description": "A video on who are most likely to get affected by COVID-19", "url": "https://www.thehindu.com/multimedia/who-are-most-vulnerable-to-covid-19/article31258166.ece", "urlToImage": "https://www.thehindu.com/sci-tech/health/1jd2cf/article31258154.ece/ALTERNATES/LANDSCAPE_615/who-are-prone-to-covid-19", "publishedAt": "2020-04-04T13:43:27Z", "content": "The number of cases from across the world shows that people of all ages can contract the COVID-19 disease.\u00a0But the risk of becoming severely ill with the coronavirus appears to increase\u00a0above 60 years.\r\nAccording to the World Health Organisation, those with p\u2026 [+521 chars]"}, {"source": {"id": "the-hindu", "name": "The Hindu"}, "author": "D. Madhavan", "title": "COVID-19: Residents want temporary market shifted to defunct farmers\u2019 market in Ambattur", "description": "At present, it is being operated at an open playground, and residents complain of lack of shade", "url": "https://www.thehindu.com/news/cities/chennai/covid-19-residents-want-temporary-market-shifted-to-defunct-farmers-market-in-ambattur/article31255446.ece", "urlToImage": "https://www.thehindu.com/news/cities/chennai/n5wylr/article31255445.ece/ALTERNATES/LANDSCAPE_615/05SCUZHAVARSANDHAI", "publishedAt": "2020-04-04T08:12:59Z", "content": "Relocation of the common market near the railway station in Ambattur Old Town (OT) to the open playground at Sir Ramaswami Mudaliar Higher Secondary School, a government-aided school on ChennaiTiruvallur High (CTH) Road, has not gone down well with residents.\u2026 [+1535 chars]"}, {"source": {"id": "the-hindu", "name": "The Hindu"}, "author": "Sunitha Sekar", "title": "COVID-19 lockdown sees many taking to cooking, rustling up popular dishes", "description": "Many working professionals living alone in the city are turning to online resources to learn how to make their favourite dishes", "url": "https://www.thehindu.com/news/cities/chennai/covid-19-lockdown-sees-many-taking-to-cooking-rustling-up-popular-dishes/article31255974.ece", "urlToImage": "https://www.thehindu.com/static/theme/default/base/img/og-image.jpg", "publishedAt": "2020-04-04T09:37:33Z", "content": "Thirty-seven-year old Aditya Kumar, a native of Bihar has been a resident of Chennai for almost eight years and used to depend on restaurants and his office canteen for lunch and dinner. Occasionally, when he spots someone from his State, he would request the\u2026 [+1707 chars]"}]}