{"status": "ok", "totalResults": 58, "articles": [{"source": {"id": "the-irish-times", "name": "The Irish Times"}, "author": "Harry McGee, Shauna Bowers, Paul Cullen", "title": "Coronavirus: Healthcare worker dies after contracting coronavirus in the Republic", "description": "Three more deaths and 302 new cases confirmed in the State on Friday", "url": "https://www.irishtimes.com/news/health/coronavirus-healthcare-worker-dies-after-contracting-coronavirus-in-the-republic-1.4213892", "urlToImage": "https://www.irishtimes.com/image-creator/?id=1.4214222&origw=1440", "publishedAt": "2020-03-27T13:43:18Z", "content": "A healthcare worker has died after contracting coronavirus in the Republic.\r\nThe Irish Times has learned that the nurse worked in the east of the country and their death marks the first of a healthcare worker in the State during the Covid-19 pandemic.\r\nOn Fri\u2026 [+7513 chars]"}, {"source": {"id": "the-irish-times", "name": "The Irish Times"}, "author": "The Irish Times", "title": "Coronavirus: Taoiseach details new restrictions", "description": "Everyone must stay at home in all circumstance, except for the following situations", "url": "https://www.irishtimes.com/news/ireland/irish-news/coronavirus-taoiseach-details-new-restrictions-1.4214248", "urlToImage": "https://www.irishtimes.com/image-creator/?id=1.4214246&origw=1440", "publishedAt": "2020-03-27T21:59:00Z", "content": "To travel to and from work for the purposes of work, only where the work is an essential health, social care, or other essential service that cannot be done from home (a list of these will be provided).\r\nTo shop for food or household goods, or collect a meal.\u2026 [+1589 chars]"}, {"source": {"id": "the-irish-times", "name": "The Irish Times"}, "author": null, "title": "Coronavirus: The full list of new restrictions", "description": "Varadkar urges everyone to stay at home for two weeks except in limited circumstances", "url": "https://www.irishtimes.com/news/ireland/irish-news/coronavirus-the-full-list-of-new-restrictions-1.4214248", "urlToImage": "https://www.irishtimes.com/image-creator/?id=1.4214246&origw=1440", "publishedAt": "2020-03-27T21:59:00Z", "content": "On Friday night, Taoiseach Leo Varadkar announced a range of new restrictions aimed at curbing the spread of coronavirus. From midnight until Easter Sunday, April 12th, everyone must stay at home except in the following circumstances:\r\n<ul><li>To travel to an\u2026 [+823 chars]"}, {"source": {"id": "the-irish-times", "name": "The Irish Times"}, "author": "Paul Cullen, Vivienne Clarke", "title": "Coronavirus: Hope that \u2018unprecedented compliance\u2019 with reduce impact", "description": "Ten more Covid-19 patients die and 255 new confirmed cases on Thursday", "url": "https://www.irishtimes.com/news/health/coronavirus-hope-that-unprecedented-compliance-with-reduce-impact-1.4213745", "urlToImage": "https://www.irishtimes.com/image-creator/?id=1.4213743&origw=1440", "publishedAt": "2020-03-27T09:50:34Z", "content": "The deputy chief medical officer at the Department of Health has said he is hopeful the unprecedented level of compliance with restriction measures will have an impact on levels of the coronavirus.\r\nWe are hopeful that what we are seeing in terms of peoples b\u2026 [+2733 chars]"}, {"source": {"id": "the-irish-times", "name": "The Irish Times"}, "author": "Harry McGee", "title": "Coronavirus: ICU will be at capacity in days, says Varadkar", "description": "Taoiseach says he will be surprised if death toll remains below 1,000", "url": "https://www.irishtimes.com/news/health/coronavirus-icu-will-be-at-capacity-in-days-says-varadkar-1.4213892", "urlToImage": "https://www.irishtimes.com/image-creator/?id=1.4213891&origw=1440", "publishedAt": "2020-03-27T13:43:18Z", "content": "Taoiseach Leo Varadkar has said he will be pleasantly surprised if the overall death toll in Ireland as a result of the Covid-19 outbreak remains below 1,000.\r\nHe has also said that a third party will be necessary in any coalition government because a strong \u2026 [+3419 chars]"}, {"source": {"id": "the-irish-times", "name": "The Irish Times"}, "author": "Harry McGee, Shauna Bowers, Paul Cullen", "title": "Coronavirus: Healthcare worker in Republic dies after contracting virus", "description": "Three more deaths and 302 new cases confirmed in the State on Friday", "url": "https://www.irishtimes.com/news/health/coronavirus-healthcare-worker-in-republic-dies-after-contracting-virus-1.4213892", "urlToImage": "https://www.irishtimes.com/image-creator/?id=1.4213891&origw=1440", "publishedAt": "2020-03-27T13:43:18Z", "content": "A healthcare worker has died after contracting coronavirus in the Republic.\r\nThe Irish Times has learned that the nurse worked in the east of the country and their death marks the first of a healthcare worker in the State during the Covid-19 pandemic.\r\nOn Fri\u2026 [+7450 chars]"}, {"source": {"id": "the-irish-times", "name": "The Irish Times"}, "author": "Tom Hennigan", "title": "Coronavirus: Approval secured to fly home Irish stranded in Peru", "description": "Around 135 citizens seeking way out of South American country amid pandemic restrictions", "url": "https://www.irishtimes.com/news/ireland/irish-news/coronavirus-approval-secured-to-fly-home-irish-stranded-in-peru-1.4214040", "urlToImage": "https://www.irishtimes.com/image-creator/?id=1.4214039&origw=1440", "publishedAt": "2020-03-27T16:18:31Z", "content": "The Government has been given approval to send a repatriation flight to Peru to pick up more than 100 Irish citizens who are stranded as a result of restrictions introduced in response to the coronavirus pandemic. \r\nThe Department of Foreign Affairs said in a\u2026 [+4112 chars]"}, {"source": {"id": "the-irish-times", "name": "The Irish Times"}, "author": "Paul Cullen, Vivienne Clarke", "title": "Coronavirus: Hope that \u2018unprecedented compliance\u2019 will reduce impact", "description": "Ten more Covid-19 patients die and 255 new confirmed cases on Thursday", "url": "https://www.irishtimes.com/news/health/coronavirus-hope-that-unprecedented-compliance-will-reduce-impact-1.4213745", "urlToImage": "https://www.irishtimes.com/image-creator/?id=1.4213743&origw=1440", "publishedAt": "2020-03-27T09:50:34Z", "content": "The deputy chief medical officer at the Department of Health has said he is hopeful the unprecedented level of compliance with restriction measures will have an impact on levels of the coronavirus.\r\nWe are hopeful that what we are seeing in terms of peoples b\u2026 [+2733 chars]"}, {"source": {"id": "the-irish-times", "name": "The Irish Times"}, "author": "Gerry Moriarty", "title": "Coronavirus: Three more deaths reported in North", "description": "Total number of cases rises to 275 with Foster and O\u2019Neill at odds over closing businesses", "url": "https://www.irishtimes.com/news/ireland/irish-news/coronavirus-three-more-deaths-reported-in-north-1.4213803", "urlToImage": "https://www.irishtimes.com/image-creator/?id=1.4213800&origw=1440", "publishedAt": "2020-03-27T11:34:05Z", "content": "Three more people have died in Northern Ireland as a result of the coronavirus emergency bringing the total number of the fatalities to 13, the Norths Public Health Agency said on Friday afternoon.\r\nThe agency added that testing has resulted in 34 new positiv\u2026 [+2302 chars]"}, {"source": {"id": "the-irish-times", "name": "The Irish Times"}, "author": null, "title": "Coronavirus: Inquiry into protective gear destined for prisons going missing", "description": "At least 220 masks unaccounted for when PPE items distributed to number of jails", "url": "https://www.irishtimes.com/news/crime-and-law/coronavirus-inquiry-into-protective-gear-destined-for-prisons-going-missing-1.4213923", "urlToImage": "https://www.irishtimes.com/image-creator/?id=1.4213944&origw=620", "publishedAt": "2020-03-27T14:40:10Z", "content": "A consignment of personal protective equipment (PPE) destined for use by staff in Irish jails has gone missing.\r\nA prison officer has been suspended pending the completion of an investigation into the matter by the Irish Prison Service."}, {"source": {"id": "the-irish-times", "name": "The Irish Times"}, "author": "Stephen Maguire", "title": "All Donegal beaches to close over coronavirus fears", "description": "Signs are to be erected on Friday afternoon and increased Garda patrols put in place", "url": "https://www.irishtimes.com/news/health/all-donegal-beaches-to-close-over-coronavirus-fears-1.4213927", "urlToImage": "https://www.irishtimes.com/polopoly_fs/1.4213926.1585320170!/image/image.jpg", "publishedAt": "2020-03-27T14:42:50Z", "content": "All beaches across Donegal are to be closed to the public over fears of people gathering during the Covid-19 crisis.\r\nGarda Chief Superintendent Terry McGinn met with Donegal County Council today and a decision was made to close every beach on Friday.\r\nSigns \u2026 [+739 chars]"}, {"source": {"id": "the-irish-times", "name": "The Irish Times"}, "author": "Kitty Holland", "title": "Coronavirus: Concern crisis could prevent timely access to abortion services", "description": "Women\u2019s groups say need to visit a GP twice in three days \u2018irreconcilable\u2019 with restricted travel", "url": "https://www.irishtimes.com/news/social-affairs/coronavirus-concern-crisis-could-prevent-timely-access-to-abortion-services-1.4213703", "urlToImage": "https://www.irishtimes.com/polopoly_fs/1.4213702.1585296710!/image/image.jpg", "publishedAt": "2020-03-27T08:12:04Z", "content": "Doctors and womens groups are concerned that timely access to abortion services could be compromised during the coronavirus outbreak.\r\nThey say the legal requirement that a woman seeking an early medical abortion (before 12 weeks) must make two GP visits, thr\u2026 [+3307 chars]"}, {"source": {"id": "the-irish-times", "name": "The Irish Times"}, "author": "Vivienne Clarke", "title": "Coronavirus: President hopes crisis leads society to \u2018do things better\u2019", "description": "Michael D. Higgins says those in \u2018basic jobs that enable society to function\u2019 may have been taken for granted", "url": "https://www.irishtimes.com/news/ireland/irish-news/coronavirus-president-hopes-crisis-leads-society-to-do-things-better-1.4213779", "urlToImage": "https://www.irishtimes.com/image-creator/?id=1.4213778&origw=1440", "publishedAt": "2020-03-27T10:52:42Z", "content": "President Michael D Higgins has said the coronavirus crisis provides an opportunity for the world and society to do things better in the future. \r\nHe said the world cannot drift into some notion that we can recover what we had and that that would be sufficien\u2026 [+3105 chars]"}, {"source": {"id": "the-irish-times", "name": "The Irish Times"}, "author": null, "title": "Coronavirus: Businesses branch out to do their bit", "description": "Distillers make hand sanitiser and companies feed workers and aid the vulnerable", "url": "https://www.irishtimes.com/news/ireland/irish-news/coronavirus-businesses-branch-out-to-do-their-bit-1.4214233", "urlToImage": "https://www.irishtimes.com/polopoly_fs/1.2302052.1438259328!/image/image.png", "publishedAt": "2020-03-27T20:38:14Z", "content": "Be kind has become a mantra for many as countries all over the world including Ireland try to come to terms with the greatest global public health crisis in a century.\r\nEconomies everywhere are in freefall, people are losing their jobs by the thousands and ev\u2026 [+189 chars]"}, {"source": {"id": "the-irish-times", "name": "The Irish Times"}, "author": "Mark Hilliard", "title": "Coronavirus: Researchers fear crisis has \u2018unmasked\u2019 ageist attitudes", "description": "Report on economic and social contribution of over 70s released in response to pandemic", "url": "https://www.irishtimes.com/news/social-affairs/coronavirus-researchers-fear-crisis-has-unmasked-ageist-attitudes-1.4213716", "urlToImage": "https://www.irishtimes.com/image-creator/?id=1.4213715&origw=1440", "publishedAt": "2020-03-27T09:09:20Z", "content": "A report on the economic and social value of Irelands older population has been published due to concerns over a rise of ageist attitudes relating to the coronavirus.\r\nResearchers from Trinity College Dublin examined data relating to people aged more than 70 \u2026 [+3021 chars]"}, {"source": {"id": "the-irish-times", "name": "The Irish Times"}, "author": "Malachy Clerkin", "title": "Coronavirus: Another trip to Croke Park \u2013 but this time it\u2019s not a game", "description": "I\u2019ve been to Croker a million times, but going there for a Covid-19 test, I got totally lost", "url": "https://www.irishtimes.com/news/ireland/irish-news/coronavirus-another-trip-to-croke-park-but-this-time-it-s-not-a-game-1.4213170", "urlToImage": "https://www.irishtimes.com/image-creator/?id=1.4213169&origw=1440", "publishedAt": "2020-03-27T01:00:00Z", "content": "The first thing to say about my Covid-19 test at Croke Park is that I got lost on my way there. Yes indeed, of all the gobshites in all the world to get sent for a Covid-19 test at GAA headquarters, it would have to be the one who spends half his working life\u2026 [+3332 chars]"}, {"source": {"id": "the-irish-times", "name": "The Irish Times"}, "author": "Sean McC\u00e1rthaigh", "title": "Coronavirus: Thousands of garda\u00ed on patrol to ensure new restrictions complied with", "description": "Garda\u00ed will intervene where groups of people or venues or outlets are ignoring new measures", "url": "https://www.irishtimes.com/news/crime-and-law/coronavirus-thousands-of-garda%C3%AD-on-patrol-to-ensure-new-restrictions-complied-with-1.4214263", "urlToImage": "https://www.irishtimes.com/image-creator/?id=1.4214262&origw=1440", "publishedAt": "2020-03-27T23:17:18Z", "content": "A major policing operation has begun to ensure new restrictions to counter the coronavirus pandemic are complied with by the public.\r\nGarda\u00ed are mounting a large-scale, high visibility presence across the country this weekend to check people are adhering to t\u2026 [+1483 chars]"}, {"source": {"id": "the-irish-times", "name": "The Irish Times"}, "author": "Paul Cullen, Vivienne Clarke", "title": "Coronavirus: State hopeful \u2018unprecendented levels of compliance\u2019 with distancing measures will reduce impact", "description": "Ten more Covid-19 patients die and 255 new confirmed cases on Thursday", "url": "https://www.irishtimes.com/news/health/coronavirus-state-hopeful-unprecendented-levels-of-compliance-with-distancing-measures-will-reduce-impact-1.4213745", "urlToImage": "https://www.irishtimes.com/image-creator/?id=1.4213743&origw=1440", "publishedAt": "2020-03-27T09:50:34Z", "content": "The deputy chief medical officer at the Department of Health has said he is hopeful the unprecedented level of compliance with restriction measures will have an impact on levels of the coronavirus.\r\nWe are hopeful that what we are seeing in terms of peoples b\u2026 [+2736 chars]"}, {"source": {"id": "the-irish-times", "name": "The Irish Times"}, "author": "Suzanne Lynch", "title": "Irish citizens on cruise ship off Central America with coronavirus outbreak", "description": "Four people have died on MS Zaandam but none of the deceased thought to be Irish", "url": "https://www.irishtimes.com/news/ireland/irish-news/irish-citizens-on-cruise-ship-off-central-america-with-coronavirus-outbreak-1.4214204", "urlToImage": "https://www.irishtimes.com/image-creator/?id=1.4214203&origw=1440", "publishedAt": "2020-03-27T19:31:28Z", "content": "Several Irish citizens are aboard a Dutch cruise ship currently off the coast of Central America which has a coronavirus outbreak. \r\nFour people have died on the MS Zaandam, though it is understood that none of the deceased are Irish. The ship has 1,243 guest\u2026 [+1118 chars]"}, {"source": {"id": "the-irish-times", "name": "The Irish Times"}, "author": null, "title": "Coronavirus: Three more deaths and 302 new cases confirmed in Republic", "description": "Taoiseach Leo Varadkar says ICU will be at capacity in days", "url": "https://www.irishtimes.com/news/health/coronavirus-three-more-deaths-and-302-new-cases-confirmed-in-republic-1.4213892", "urlToImage": "https://www.irishtimes.com/image-creator/?id=1.4213891&origw=1440", "publishedAt": "2020-03-27T13:43:18Z", "content": "Another three people have died of coronavirus in the Republic, bringing the total number of deaths to 22.\r\nOne person died in the north-west of the country and two females died in the east."}, {"source": {"id": "the-irish-times", "name": "The Irish Times"}, "author": "Jack Power", "title": "Coronavirus: Public transport to be scaled back to 80% over social distancing", "description": "New timetables will be in place from Monday as some services see \u2018heavier loading\u2019 at certain times", "url": "https://www.irishtimes.com/news/ireland/irish-news/coronavirus-public-transport-to-be-scaled-back-to-80-over-social-distancing-1.4213830", "urlToImage": "https://www.irishtimes.com/polopoly_fs/1.4213831.1585311524!/image/image.jpg", "publishedAt": "2020-03-27T12:07:46Z", "content": "Public transport timetables will be scaled back to 80 per cent capacity in the coming days in order to comply with coronavirus social distancing requirements. \r\nNew timetables for Irish Rail will be in place from Monday, with scaled back Dublin Bus, Bus \u00c9irea\u2026 [+2861 chars]"}, {"source": {"id": "the-irish-times", "name": "The Irish Times"}, "author": "Paul Cullen, Marie O'Halloran, Eoin Burke-Kennedy", "title": "Coronavirus: Ten more die amid warning Ireland \u2018only at beginning of the curve\u2019", "description": "Record daily number of new confirmed cases with clusters of infection in health system", "url": "https://www.irishtimes.com/news/health/coronavirus-ten-more-die-amid-warning-ireland-only-at-beginning-of-the-curve-1.4213358", "urlToImage": "https://www.irishtimes.com/image-creator/?id=1.4213357&origw=1440", "publishedAt": "2020-03-27T02:13:30Z", "content": "Ten more patients with Covid-19 died on Thursday, by far the highest daily death toll so far in the outbreak.\r\nThere was also a record daily number of new confirmed cases, at 255, according to the National Public Health Emergency Team (NPHET). There have now \u2026 [+4042 chars]"}, {"source": {"id": "the-irish-times", "name": "The Irish Times"}, "author": "Paul Cullen, Marie O'Halloran", "title": "Coronavirus: Government passes emergency Bill with death toll at 19 in Republic", "description": "Record daily number of new confirmed cases with clusters of infection in health system", "url": "https://www.irishtimes.com/news/health/coronavirus-government-passes-emergency-bill-with-death-toll-at-19-in-republic-1.4213358", "urlToImage": "https://www.irishtimes.com/image-creator/?id=1.4213357&origw=1440", "publishedAt": "2020-03-27T02:13:30Z", "content": "Ten more patients with Covid-19 died on Thursday, by far the highest daily death toll so far in the outbreak.\r\nThere was also a record daily number of new confirmed cases, at 255, according to the National Public Health Emergency Team (NPHET). There have now \u2026 [+4040 chars]"}, {"source": {"id": "the-irish-times", "name": "The Irish Times"}, "author": "Barry Roche", "title": "Coronavirus: Grounding of Munster charity air ambulance \u2018will see lives lost\u2019", "description": "Service is suspended from April 3rd after fundraising avenues \u2018extinguished\u2019 amid pandemic restrictions", "url": "https://www.irishtimes.com/news/ireland/irish-news/coronavirus-grounding-of-munster-charity-air-ambulance-will-see-lives-lost-1.4213867", "urlToImage": "https://www.irishtimes.com/image-creator/?id=1.4213865&origw=648", "publishedAt": "2020-03-27T13:00:26Z", "content": "The grounding of Irelands first charity air ambulance service due to the Covid-19 pandemic halting fundraising activities will cost lives, an executive with the service has warned.\r\nRuth Bruton, operations manager with the Irish Community Rapid Response Air A\u2026 [+1508 chars]"}, {"source": {"id": "the-irish-times", "name": "The Irish Times"}, "author": "Pat Leahy", "title": "Coronavirus: People must stay at home, with limited exceptions, until Easter Sunday", "description": "People are told not to walk more than 2km from their homes", "url": "https://www.irishtimes.com/news/health/coronavirus-people-must-stay-at-home-with-limited-exceptions-until-easter-sunday-1.4214241", "urlToImage": "https://www.irishtimes.com/image-creator/?id=1.4214240&origw=1440", "publishedAt": "2020-03-27T20:56:44Z", "content": "The Government has announced further sweeping restrictions on social and commercial life tonight as it struggles to contain the spread of the coronavirus.\r\nFrom midnight tonight, the country is on lockdown, with people told to stay in their homes with only a \u2026 [+3363 chars]"}, {"source": {"id": "the-irish-times", "name": "The Irish Times"}, "author": "Freya McClements", "title": "Coronavirus: Up to 20 arrested for spitting or coughing at PSNI officers", "description": "Police to be given spit and bite guards to protect against \u2018abhorrent\u2019 attacks", "url": "https://www.irishtimes.com/news/ireland/irish-news/coronavirus-up-to-20-arrested-for-spitting-or-coughing-at-psni-officers-1.4214140", "urlToImage": "https://www.irishtimes.com/image-creator/?id=1.4214139&origw=1440", "publishedAt": "2020-03-27T17:56:57Z", "content": "Between 10 and 20 people have been arrested for spitting or coughing at police officers in Northern Ireland during the coronavirus outbreak, the Police Service of Northern Ireland has said.\r\nThe incidents happened over the last week to 10 days.\r\nOn Thursday a\u2026 [+2875 chars]"}, {"source": {"id": "the-irish-times", "name": "The Irish Times"}, "author": "Harry McGee, Shauna Bowers, Paul Cullen", "title": "Coronavirus: Further restrictive measures to ramp up State\u2019s response expected today", "description": "Taoiseach Leo Varadkar says ICU will be at capacity in days", "url": "https://www.irishtimes.com/news/health/coronavirus-three-more-deaths-and-302-news-cases-confirmed-in-republic-1.4213892", "urlToImage": "https://www.irishtimes.com/image-creator/?id=1.4213891&origw=1440", "publishedAt": "2020-03-27T13:43:18Z", "content": "There have been three more deaths from coronavirus in the State and 302 additional cases of the virus detected, it was confirmed on Friday.\r\nThe Government is set to announce further restrictive measures to ramp up the States response to Covid-19 later this F\u2026 [+6898 chars]"}, {"source": {"id": "the-irish-times", "name": "The Irish Times"}, "author": "Suzanne Lynch", "title": "Irish citizens on cruise ship off South America with coronavirus outbreak", "description": "Four people have died on MS Zaandam but none of the deceased thought to be Irish", "url": "https://www.irishtimes.com/news/ireland/irish-news/irish-citizens-on-cruise-ship-off-south-america-with-coronavirus-outbreak-1.4214204", "urlToImage": "https://www.irishtimes.com/image-creator/?id=1.4214203&origw=1440", "publishedAt": "2020-03-27T19:31:28Z", "content": "Several Irish citizens are aboard a Dutch cruise ship currently off the coast of South America which has a coronavirus outbreak . \r\nFour people have died on the MS Zaandam, though it is understood that none of the deceased are Irish. The ship has 1,243 guests\u2026 [+1117 chars]"}, {"source": {"id": "the-irish-times", "name": "The Irish Times"}, "author": "The Irish Times", "title": "Chinese mask entrepreneur reaps \u20ac1.7bn coronavirus bonanza", "description": "Competition for melt-blown fabrics hots up as health crisis leads to global mask shortage", "url": "https://www.irishtimes.com/business/manufacturing/chinese-mask-entrepreneur-reaps-1-7bn-coronavirus-bonanza-1.4214138", "urlToImage": "https://www.irishtimes.com/image-creator/?id=1.4214137&origw=1440", "publishedAt": "2020-03-27T17:57:17Z", "content": "Making melt-blown fabrics the unique material used in surgical masks has been like printing money for Yu Xiaoning since the outbreak of coronavirus in January.\r\nThe public health crisis that has spread from China to Europe and the US has led to a global short\u2026 [+3458 chars]"}, {"source": {"id": "the-irish-times", "name": "The Irish Times"}, "author": "The Irish Times", "title": "Sports Direct\u2019s Mike Ashley \u2018deeply apologetic\u2019 for coronavirus blunder", "description": "Company founder and chief executive says Sports Direct will offer resources to the NHS", "url": "https://www.irishtimes.com/business/retail-and-services/sports-direct-s-mike-ashley-deeply-apologetic-for-coronavirus-blunder-1.4213721", "urlToImage": "https://www.irishtimes.com/polopoly_fs/1.4213720.1585300619!/image/image.jpg", "publishedAt": "2020-03-27T09:17:10Z", "content": "The billionaire boss of retailer Sports Direct said he was deeply apologetic over the way his company handled the coronavirus emergency and wants to make amends by offering resources to the National Health Service (NHS).\r\nAfter Britain announced on Monday it \u2026 [+1325 chars]"}, {"source": {"id": "the-irish-times", "name": "The Irish Times"}, "author": "Charlie Taylor", "title": "Start-ups warned of changing funding landscape due to coronavirus", "description": "Warning comes as new figures show 25% decline in funding locally last year", "url": "https://www.irishtimes.com/business/technology/start-ups-warned-of-changing-funding-landscape-due-to-coronavirus-1.4213811", "urlToImage": "https://www.irishtimes.com/image-creator/?id=1.4213809&origw=1253", "publishedAt": "2020-03-27T11:38:00Z", "content": "Start-ups who are in the process of raising funds shouldnt spend too much time haggling over terms but should try to close as soon as possible given the current economic climate, a leading Irish tech veteran investor has warned.\r\nBrian Caulfield, who previous\u2026 [+1546 chars]"}, {"source": {"id": "the-irish-times", "name": "The Irish Times"}, "author": null, "title": "WeWork informs clients of coronavirus case at Dublin office", "description": "Building involved to remain open in line with \u2018precautionary measures\u2019 advised by HSE", "url": "https://www.irishtimes.com/business/commercial-property/wework-informs-clients-of-coronavirus-case-at-dublin-office-1.4214061", "urlToImage": "https://www.irishtimes.com/image-creator/?id=1.4214060&origw=1440", "publishedAt": "2020-03-27T14:00:00Z", "content": "Flexible workspace provider WeWork has told users of its Dublin network that an individual based at its one of its three locations in the capital has tested positive for coronavirus. \r\nIn an email sent to clients on Thursday evening, the company said it had b\u2026 [+105 chars]"}, {"source": {"id": "the-irish-times", "name": "The Irish Times"}, "author": "Barry O'Halloran", "title": "Coronavirus: Aer Lingus to lay off more than 60 contract workers", "description": "Workers argue they qualify for State aid to keep staff in jobs during Covid-19 crisis", "url": "https://www.irishtimes.com/business/transport-and-tourism/coronavirus-aer-lingus-to-lay-off-more-than-60-contract-workers-1.4213302", "urlToImage": "https://www.irishtimes.com/image-creator/?id=1.4213301&origw=1440", "publishedAt": "2020-03-27T04:00:00Z", "content": "Aer Lingus is laying off more than 60 contract workers who argue they qualify for Government payments to businesses that keep staff in jobs during the coronavirus crisis.\r\nThe airline told staff last week that it was cutting pay by 50 per cent in an effort to\u2026 [+2866 chars]"}, {"source": {"id": "the-irish-times", "name": "The Irish Times"}, "author": "Johnny Watterson", "title": "Boxers contract coronavirus after Olympic qualifying tournament", "description": "Ireland sent a team of 13 boxers to the competition in London earlier this month", "url": "https://www.irishtimes.com/sport/other-sports/boxers-contract-coronavirus-after-olympic-qualifying-tournament-1.4214003", "urlToImage": "https://www.irishtimes.com/polopoly_fs/1.4214002.1585323804!/image/image.jpg", "publishedAt": "2020-03-27T15:43:24Z", "content": "There is growing concern over the health of athletes after the revelation that boxers from two countries Turkey and Croatia contracted the Covid-19 virus while taking part in the Olympic qualifying tournament in Londons Copper Box Arena earlier this month.\r\nA\u2026 [+913 chars]"}, {"source": {"id": "the-irish-times", "name": "The Irish Times"}, "author": "Mary Carolan, Mark Paul", "title": "Usit travel group in liquidation due to coronavirus crisis", "description": "More than 100 jobs lost as language school goes under as well; Outcome for customers \u2018uncertain\u2019", "url": "https://www.irishtimes.com/business/transport-and-tourism/usit-travel-group-in-liquidation-due-to-coronavirus-crisis-1.4214108", "urlToImage": "https://www.irishtimes.com/image-creator/?id=1.4214106&origw=1440", "publishedAt": "2020-03-27T17:34:07Z", "content": "Kinlay Group, the parent company of Usit travel agency, has gone out of business due to a tsunami of effects spurred by the coronavirus crusis .\r\nProvisional liquidators were appointed by the High Court on Friday to four companies in the travel group, employi\u2026 [+5868 chars]"}, {"source": {"id": "the-irish-times", "name": "The Irish Times"}, "author": "The Irish Times", "title": "Tui secures \u20ac1.8bn loan to navigate coronavirus crisis", "description": "Bridging loan provided by state-owned German bank", "url": "https://www.irishtimes.com/business/transport-and-tourism/tui-secures-1-8bn-loan-to-navigate-coronavirus-crisis-1.4214213", "urlToImage": "https://www.irishtimes.com/image-creator/?id=1.4214212&origw=1253", "publishedAt": "2020-03-27T19:47:58Z", "content": "Tui, the worlds largest tour operator, has received approval for a 1.8 billion loan to help it survive an almost total shutdown of its operations, including its airline, hotels and cruise ships as a result of coronavirus.\r\nThe bridging loan, which is being pr\u2026 [+2500 chars]"}, {"source": {"id": "the-irish-times", "name": "The Irish Times"}, "author": "Paul Cullen, Vivienne Clarke", "title": "Coronavirus: Visiting family and friends risks virus spread, says Harris", "description": "Ten more Covid-19 patients die and 255 new confirmed cases on Thursday", "url": "https://www.irishtimes.com/news/health/coronavirus-visiting-family-and-friends-risks-virus-spread-says-harris-1.4213745", "urlToImage": "https://www.irishtimes.com/image-creator/?id=1.4213743&origw=1440", "publishedAt": "2020-03-27T09:50:34Z", "content": "Minister for Health Simon Harris has warned that people visiting friends or family unnecessarily are at greater risk of spreading the coronavirus than people who are arriving in Ireland from abroad.\r\nIf you decide to continue to leave your home unnecessarily,\u2026 [+3404 chars]"}, {"source": {"id": "the-irish-times", "name": "The Irish Times"}, "author": "The Irish Times", "title": "Coronavirus \u2013 a time for concerted action", "description": "Sir, \u2013 Much of the discussion regarding the development of medical treatment for Covid-19 has taken place without reference to the political economy of pharmaceutical development. It therefore risks many ethical, as well as economic, shortcomings. The EU Alli\u2026", "url": "https://www.irishtimes.com/opinion/letters/coronavirus-a-time-for-concerted-action-1.4213215", "urlToImage": "https://www.irishtimes.com/polopoly_fs/1.3619339.1536160376!/image/image.jpg", "publishedAt": "2020-03-27T00:10:00Z", "content": "Sir, Much of the discussion regarding the development of medical treatment for Covid-19 has taken place without reference to the political economy of pharmaceutical development. It therefore risks many ethical, as well as economic, shortcomings. \r\nThe EU Alli\u2026 [+4639 chars]"}, {"source": {"id": "the-irish-times", "name": "The Irish Times"}, "author": "Jennifer O'Connell", "title": "Coronavirus: \u2018China is suddenly looking very attractive\u2019", "description": "David O\u2019Connor thought the Covid-19 pandemic had put a stop to his fledgling business recruiting English-speaking teachers to work in China. \u201cIt started to look like this very bad investment. I thought, who\u2019s going to come to China now? The virus had taken ho\u2026", "url": "https://www.irishtimes.com/life-and-style/people/coronavirus-china-is-suddenly-looking-very-attractive-1.4214083", "urlToImage": "https://www.irishtimes.com/image-creator/?id=1.4214081&origw=806", "publishedAt": "2020-03-27T17:11:00Z", "content": "David OConnor thought the Covid-19 pandemic had put a stop to his fledgling business recruiting English-speaking teachers to work in China. It started to look like this very bad investment. I thought, whos going to come to China now? The virus had taken hold.\u2026 [+4719 chars]"}, {"source": {"id": "the-irish-times", "name": "The Irish Times"}, "author": "Ciara O'Brien", "title": "LetsGetChecked offers coronavirus testing to frontline workers", "description": "Home testing service LetsGetChecked said it is ready to begin offering home-based tests for coronavirus, concentrating initially on front-line healthcare workers and vulnerable groups. The Dublin-based company has written to the Minister for Health and the HS\u2026", "url": "https://www.irishtimes.com/business/health-pharma/letsgetchecked-offers-coronavirus-testing-to-frontline-workers-1.4213835", "urlToImage": "https://www.irishtimes.com/image-creator/?id=1.4213834&origw=1440", "publishedAt": "2020-03-27T12:14:09Z", "content": "Home testing service LetsGetChecked said it is ready to begin offering home-based tests for coronavirus, concentrating initially on front-line healthcare workers and vulnerable groups.\r\nThe Dublin-based company has written to the Minister for Health and the H\u2026 [+2898 chars]"}, {"source": {"id": "the-irish-times", "name": "The Irish Times"}, "author": null, "title": "Coronavirus has created an opening for a fairer health service", "description": "It took a crisis as cruel and enormous as the one we are facing to finally hear an Irish minister announce a national health service. In asserting this week that all private hospitals would be public or run by the State for the duration of the pandemic, Simon\u2026", "url": "https://www.irishtimes.com/opinion/coronavirus-has-created-an-opening-for-a-fairer-health-service-1.4213052", "urlToImage": "https://www.irishtimes.com/image-creator/?id=1.4213051&origw=1440", "publishedAt": "2020-03-27T01:00:00Z", "content": "It took a crisis as cruel and enormous as the one we are facing to finally hear an Irish minister announce a national health service.\r\nIn asserting this week that all private hospitals would be public or run by the State for the duration of the pandemic, Simo\u2026 [+150 chars]"}, {"source": {"id": "the-irish-times", "name": "The Irish Times"}, "author": "Joe Brennan", "title": "Coronavirus: Insurers told to interpret claims in customers\u2019 favour", "description": "The Central Bank has told insurance chief executives in the State they must take personal responsibility for the oversight of how claims relating to Covid-19 are handled by their firms, and to interpret policies in favour of customers where there is doubt. \u201cA\u2026", "url": "https://www.irishtimes.com/business/financial-services/coronavirus-insurers-told-to-interpret-claims-in-customers-favour-1.4214080", "urlToImage": "https://www.irishtimes.com/image-creator/?id=1.4214079&origw=1440", "publishedAt": "2020-03-27T17:09:48Z", "content": "The Central Bank has told insurance chief executives in the State they must take personal responsibility for the oversight of how claims relating to Covid-19 are handled by their firms, and to interpret policies in favour of customers where there is doubt.\r\nA\u2026 [+2765 chars]"}, {"source": {"id": "the-irish-times", "name": "The Irish Times"}, "author": "Paul Cullen, Pat Leahy", "title": "Coronavirus: People told to stay at home in virtually all circumstances", "description": "Garda\u00ed to mount major show of force over weekend to ensure compliance", "url": "https://www.irishtimes.com/news/health/coronavirus-people-told-to-stay-at-home-in-virtually-all-circumstances-1.4214265", "urlToImage": "https://www.irishtimes.com/image-creator/?id=1.4214264&origw=1440", "publishedAt": "2020-03-27T23:45:41Z", "content": "People have been told to stay at home in virtually all circumstances and all public and private gatherings have been banned for two weeks as part of the Governments latest sweeping measures to tackle coronavirus.\r\nMore non-essential shops and services will be\u2026 [+152 chars]"}, {"source": {"id": "the-irish-times", "name": "The Irish Times"}, "author": "Naomi O\u2019Leary", "title": "Coronavirus: Italy records highest daily death toll", "description": "Authorities warn country yet to reach outbreak peak as Spain reports surge in deaths", "url": "https://www.irishtimes.com/news/world/coronavirus-italy-records-highest-daily-death-toll-1.4213692", "urlToImage": "https://www.irishtimes.com/image-creator/?id=1.4214147&origw=1440", "publishedAt": "2020-03-27T07:43:35Z", "content": "Italy recorded the highest daily death toll from coronavirus yet seen on Friday and authorities warned the country has yet to reach the peak of its outbreak, as infections worldwide topped half a million.\r\nThe virus killed 919 people in 24 hours in Italy, mea\u2026 [+5699 chars]"}, {"source": {"id": "the-irish-times", "name": "The Irish Times"}, "author": "John Wilson", "title": "Coronavirus: Irish off-licences that offer collection and delivery during the Covid-19 shutdown", "description": "John Wilson's guide to independent wine merchants and the services they now provide", "url": "https://www.irishtimes.com/life-and-style/food-and-drink/coronavirus-irish-off-licences-that-offer-collection-and-delivery-during-the-covid-19-shutdown-1.4213998", "urlToImage": "https://www.irishtimes.com/image-creator/?id=1.4213999&origw=2982", "publishedAt": "2020-03-27T15:45:00Z", "content": "Is the coronavirus crisis creating a boom time for wine, beer and spirit retailers? Some of them say its as if Christmas has come early, with huge demand for home delivery and call-and-collect services. Weve compiled a list of what each off-licence we know ab\u2026 [+303 chars]"}, {"source": {"id": "the-irish-times", "name": "The Irish Times"}, "author": "Marie Claire Digby", "title": "Coronavirus: \u20ac19 takeaway from Michelin-starred restaurant sells out in minutes", "description": "\u2018I just want to do something that will help pay the bills. It\u2019s about God-damned survival\u2019", "url": "https://www.irishtimes.com/life-and-style/food-and-drink/coronavirus-19-takeaway-from-michelin-starred-restaurant-sells-out-in-minutes-1.4213815", "urlToImage": "https://www.irishtimes.com/image-creator/?id=1.4213823&origw=1200", "publishedAt": "2020-03-27T12:00:00Z", "content": "Liath, the Michelin-starred restaurant in Blackrock, Co Dublin, which has been closed because of the coronavirus crisis, has launched a takeaway menu. It went live today at 10am, and reserving one of the 19-per-person two-course meals to go proved to be just \u2026 [+2127 chars]"}, {"source": {"id": "the-irish-times", "name": "The Irish Times"}, "author": "The Irish Times", "title": "Boris Johnson says he has tested positive for coronavirus", "description": "Prime minister says he is self-isolating but will still lead his government\u2019s response", "url": "https://www.irishtimes.com/news/world/uk/boris-johnson-says-he-has-tested-positive-for-coronavirus-1.4213799", "urlToImage": "https://www.irishtimes.com/polopoly_fs/1.4213802.1585309068!/image/image.jpg", "publishedAt": "2020-03-27T11:24:22Z", "content": "British prime Minister Boris Johnson says he has tested positive for coronavirus and is self-isolating.\r\nIn a Twitter post on Friday morning the 55-year-old Conservative politician said he had contracted Covid-19. \r\nOver the last 24 hours I have developed mil\u2026 [+1197 chars]"}, {"source": {"id": "the-irish-times", "name": "The Irish Times"}, "author": "The Irish Times", "title": "EU leaders fail to reach agreement on coronavirus stimulus package", "description": "Pandemic tests bloc\u2019s cohesion as Germany resists calls from Italy, Spain for joint debt", "url": "https://www.irishtimes.com/news/world/europe/eu-leaders-fail-to-reach-agreement-on-coronavirus-stimulus-package-1.4213697", "urlToImage": "https://www.irishtimes.com/image-creator/?id=1.4213696&origw=1440", "publishedAt": "2020-03-27T08:03:26Z", "content": "European Union leaders failed to agree on a coronavirus stimulus package, giving themselves two more weeks to work out details.\r\nHighlighting how the pandemic is testing the blocs cohesion, Germany and the Netherlands blocked a call from Italy, Spain and Fran\u2026 [+3735 chars]"}, {"source": {"id": "the-irish-times", "name": "The Irish Times"}, "author": "The Irish Times", "title": "Coronavirus: Single most deadly day as 24,000 die worldwide", "description": "US overtakes China as country with most infections as global cases surpass half a million", "url": "https://www.irishtimes.com/news/world/coronavirus-single-most-deadly-day-as-24-000-die-worldwide-1.4213692", "urlToImage": "https://www.irishtimes.com/image-creator/?id=1.4213691&origw=1440", "publishedAt": "2020-03-27T07:43:35Z", "content": "Thursday was the single most deadly day for coronavirus deaths since the pandemic began, with 24,000 people dead from the disease in one day. \r\nThere are now over half a million coronavirus cases reported across 202 countries and territories globally and the \u2026 [+3012 chars]"}, {"source": {"id": "the-irish-times", "name": "The Irish Times"}, "author": "The Irish Times", "title": "Coronavirus: Single most deadly day as 24,000 now dead worldwide", "description": "US overtakes China as country with most infections as global cases surpass half a million", "url": "https://www.irishtimes.com/news/world/coronavirus-single-most-deadly-day-as-24-000-now-dead-worldwide-1.4213692", "urlToImage": "https://www.irishtimes.com/image-creator/?id=1.4213691&origw=1440", "publishedAt": "2020-03-27T07:43:35Z", "content": "Thursday was the single most deadly day for coronavirus deaths since the pandemic began, with 2,532 new deaths from the disease in one day bringing the total death toll to over 24,000. \r\nThere are now over half a million coronavirus cases reported across 202 \u2026 [+3055 chars]"}, {"source": {"id": "the-irish-times", "name": "The Irish Times"}, "author": null, "title": "Coronavirus: No dramas as German theatres produce protective masks", "description": "\u2018We checked if we were allowed, then got straight to work\u2019 says head of wardrobe", "url": "https://www.irishtimes.com/news/world/us/coronavirus-no-dramas-as-german-theatres-produce-protective-masks-1.4214134", "urlToImage": "https://www.irishtimes.com/image-creator/?id=1.4214129&origw=1440", "publishedAt": "2020-03-27T17:59:00Z", "content": "Germanys theatres and opera houses are no strangers to drama, but now the virus that has forced their stages to fall dark is keeping the lights on in their costume departments.\r\nHundreds of seamstresses have switched gears from period costumes to protective m\u2026 [+56 chars]"}, {"source": {"id": "the-irish-times", "name": "The Irish Times"}, "author": "The Irish Times", "title": "Coronavirus: More than 900 die in Italy in 24 hours", "description": "Italian authorities report largest daily death toll while US now has more infections than China", "url": "https://www.irishtimes.com/news/world/coronavirus-more-than-900-die-in-italy-in-24-hours-1.4213692", "urlToImage": "https://www.irishtimes.com/image-creator/?id=1.4213691&origw=1440", "publishedAt": "2020-03-27T07:43:35Z", "content": "The death toll from an outbreak of coronavirus in Italy has surged by 919 to 9,134, the Civil Protection Agency said on Friday, easily the highest daily tally in any country since the epidemic began.\r\nPrior to Fridays figure, the largest daily toll was regist\u2026 [+1680 chars]"}, {"source": {"id": "the-irish-times", "name": "The Irish Times"}, "author": "Kate Reckdahl, Campbell Robertson and Richard Fausset", "title": "Focus on Mardi Gras as New Orleans faces coronavirus nightmare", "description": "Rising suspicion that city\u2019s infection rate was accelerated by weeks long citywide celebration", "url": "https://www.irishtimes.com/news/world/us/focus-on-mardi-gras-as-new-orleans-faces-coronavirus-nightmare-1.4213864", "urlToImage": "https://www.irishtimes.com/image-creator/?id=1.4213861&origw=1440", "publishedAt": "2020-03-27T12:58:39Z", "content": "Yanti Turang, an emergency room nurse at a New Orleans hospital, walked out into the car park in full protective gear early this month to meet a woman with flu-like symptoms who had just returned home after a layover in South Korea. The woman was immediately \u2026 [+12134 chars]"}, {"source": {"id": "the-irish-times", "name": "The Irish Times"}, "author": "The Irish Times", "title": "Coronavirus test kits withdrawn in Spain over poor accuracy rate", "description": "Spain is second most affected country in Europe with 56,000 cases and 4,000 deaths", "url": "https://www.irishtimes.com/news/world/europe/coronavirus-test-kits-withdrawn-in-spain-over-poor-accuracy-rate-1.4213876", "urlToImage": "https://www.irishtimes.com/image-creator/?id=1.4213873&origw=1440", "publishedAt": "2020-03-27T13:11:23Z", "content": "The Spanish government has withdrawn 9,000 Chinese-made coronavirus testing kits from use after it emerged that they had an accurate detection rate of just 30 per cent.\r\nLike other countries struggling to diagnose and treat the virus, Spain has looked to Chin\u2026 [+2171 chars]"}, {"source": {"id": "the-irish-times", "name": "The Irish Times"}, "author": "Roni Caryn Rabin", "title": "Lost sense of smell emerges as peculiar sign of coronavirus infection", "description": "A mother who was infected with the coronavirus couldn\u2019t smell her baby\u2019s full nappy. Cooks who can usually name every spice in a restaurant dish can\u2019t smell curry or garlic, and food tastes bland. Others say they can\u2019t pick up the sweet scent of shampoo or th\u2026", "url": "https://www.irishtimes.com/life-and-style/health-family/lost-sense-of-smell-emerges-as-peculiar-sign-of-coronavirus-infection-1.4209762", "urlToImage": "https://www.irishtimes.com/image-creator/?id=1.4209761&origw=1440", "publishedAt": "2020-03-27T06:01:00Z", "content": "A mother who was infected with the coronavirus couldnt smell her babys full nappy. Cooks who can usually name every spice in a restaurant dish cant smell curry or garlic, and food tastes bland. Others say they cant pick up the sweet scent of shampoo or the fo\u2026 [+5587 chars]"}, {"source": {"id": "the-irish-times", "name": "The Irish Times"}, "author": "The Irish Times", "title": "The Irish Times view on the post-coronavirus future: Glimpses of a better world", "description": "In one sense, a global crisis on the scale of the current coronavirus pandemic never ends. The virus itself will be brought under control, albeit at great human and economic cost. Treatments will be developed, social distancing and testing will thwart its rap\u2026", "url": "https://www.irishtimes.com/opinion/editorial/the-irish-times-view-on-the-post-coronavirus-future-glimpses-of-a-better-world-1.4214221", "urlToImage": "https://www.irishtimes.com/image-creator/?id=1.4214220&origw=1440", "publishedAt": "2020-03-27T20:05:00Z", "content": "In one sense, a global crisis on the scale of the current coronavirus pandemic never ends. The virus itself will be brought under control, albeit at great human and economic cost. Treatments will be developed, social distancing and testing will thwart its rap\u2026 [+2594 chars]"}, {"source": {"id": "the-irish-times", "name": "The Irish Times"}, "author": "Paul Cullen, Vivienne Clarke", "title": "Coronavirus: State hopeful \u2018unprecendented levels of compliance\u2019 with distancing measures will reduce impact", "description": "The deputy chief medical officer at the Department of Health has said he is hopeful that the \u201cunprecedented level of compliance\u201d with restriction measures will have an impact on levels of the coronavirus. \u201cWe are hopeful that what we are seeing in terms of pe\u2026", "url": "https://www.irishtimes.com/news/health/coronavirus-state-hopeful-unprecedented-levels-of-compliance-with-restrictions-will-reduce-impact-1.4213745", "urlToImage": "https://www.irishtimes.com/image-creator/?id=1.4213743&origw=1440", "publishedAt": "2020-03-27T09:50:34Z", "content": "The deputy chief medical officer at the Department of Health has said he is hopeful that the unprecedented level of compliance with restriction measures will have an impact on levels of the coronavirus.\r\nWe are hopeful that what we are seeing in terms of peop\u2026 [+2768 chars]"}, {"source": {"id": "the-irish-times", "name": "The Irish Times"}, "author": "John Wilson", "title": "Coronavirus: Irish off-licences that offer collection and delivery during the shutdown", "description": "Is the coronavirus crisis creating a boom time for wine, beer and spirit retailers? Some of them say it\u2019s as if Christmas has come early, with huge demand for home delivery and call-and-collect services. We\u2019ve compiled a list of what each off-licence we know \u2026", "url": "https://www.irishtimes.com/life-and-style/food-and-drink/coronavirus-irish-off-licences-that-offer-collection-and-delivery-during-the-shutdown-1.4213998", "urlToImage": "https://www.irishtimes.com/image-creator/?id=1.4213999&origw=2982", "publishedAt": "2020-03-27T15:45:00Z", "content": "Is the coronavirus crisis creating a boom time for wine, beer and spirit retailers? Some of them say its as if Christmas has come early, with huge demand for home delivery and call-and-collect services. Weve compiled a list of what each off-licence we know ab\u2026 [+18108 chars]"}]}