{"status": "ok", "totalResults": 54, "articles": [{"source": {"id": "the-irish-times", "name": "The Irish Times"}, "author": "Fiach Kelly", "title": "Miche\u00e1l Martin raises need for \u2018end point\u2019 of coronavirus restrictions", "description": "Fianna F\u00e1il meeting hears need for public to be given hope in Covid-19 crisis", "url": "https://www.irishtimes.com/news/ireland/irish-news/miche%C3%A1l-martin-raises-need-for-end-point-of-coronavirus-restrictions-1.4223952", "urlToImage": "https://www.irishtimes.com/image-creator/?id=1.4223951&origw=1439", "publishedAt": "2020-04-08T11:49:11Z", "content": "Fianna F\u00e1il leader Miche\u00e1l Martin has told a party meeting that the public may need to be told when the restrictions introduced to deal with the coronavirus crisis will be lifted. \r\nMr Martin made the comments during a conference call with his senators and ME\u2026 [+1026 chars]"}, {"source": {"id": "the-irish-times", "name": "The Irish Times"}, "author": "Anne Lucey, Barry Roche, Stephen Maguire", "title": "Coronavirus: Getaway hopefuls told Kerry holiday homes out of bounds", "description": "Checkpoints pledged by garda\u00ed countrywide in attempt to contain spread of contagion", "url": "https://www.irishtimes.com/news/ireland/irish-news/coronavirus-getaway-hopefuls-told-kerry-holiday-homes-out-of-bounds-1.4224256", "urlToImage": "https://www.irishtimes.com/image-creator/?id=1.4224255&origw=1440", "publishedAt": "2020-04-08T17:05:41Z", "content": "Some holiday homeowners in Kerry last weekend found garda\u00ed at their door, inquiring where they were from and offering gentle encouragement to go back there.\r\nThis weekend, garda\u00ed under Supt Dan Keane, the most senior garda in Tralee and west Kerry, will be st\u2026 [+3818 chars]"}, {"source": {"id": "the-irish-times", "name": "The Irish Times"}, "author": "Claire O'Connell", "title": "Putting the new coronavirus firmly in the picture", "description": "Creating a visual representation that communicates the precise \u2018moment of infection\u2019", "url": "https://www.irishtimes.com/news/science/putting-the-new-coronavirus-firmly-in-the-picture-1.4216940", "urlToImage": "https://www.irishtimes.com/image-creator/?id=1.4216939&origw=1440", "publishedAt": "2020-04-09T00:00:00Z", "content": "There are many confounding aspects of Sars-CoV-2 (its medical term), the virus that causes Covid-19. One is that we cant see it with the naked eye. Avoiding something that you cant see brings its own challenges, but Eoin Winston wants to help us picture the v\u2026 [+2934 chars]"}, {"source": {"id": "the-irish-times", "name": "The Irish Times"}, "author": "Anne Lucey, Barry Roche, Stephen Maguire", "title": "Coronavirus: Garda\u00ed issue warning ahead of bank holiday weekend", "description": "Getaway hopefuls told, \u2018you cannot avail of a holiday home in west Kerry or anywhere else\u2019", "url": "https://www.irishtimes.com/news/ireland/irish-news/coronavirus-garda%C3%AD-issue-warning-ahead-of-bank-holiday-weekend-1.4224256", "urlToImage": "https://www.irishtimes.com/image-creator/?id=1.4224255&origw=1440", "publishedAt": "2020-04-08T17:05:41Z", "content": "Some holiday homeowners in Kerry last weekend found garda\u00ed at their door, inquiring where they were from and offering gentle encouragement to go back there.\r\nThis weekend, garda\u00ed under Supt Dan Keane, the most senior garda in Tralee and west Kerry, will be st\u2026 [+3818 chars]"}, {"source": {"id": "the-irish-times", "name": "The Irish Times"}, "author": "Kitty Holland", "title": "Coronavirus: GP visits regarding abortions to take place remotely", "description": "Requirement to see GP in person twice waived for duration of Covid-19 crisis", "url": "https://www.irishtimes.com/news/social-affairs/coronavirus-gp-visits-regarding-abortions-to-take-place-remotely-1.4223488", "urlToImage": "https://www.irishtimes.com/image-creator/?id=1.4223487&origw=1440", "publishedAt": "2020-04-08T01:00:00Z", "content": "Women needing an abortion during the coronavirus outbreak will not need to visit a GP in most cases, under guidelines issued by the Department of Health on Tuesday evening.\r\nThe emergency provisions, to apply only for the duration of the Covid-19 emergency, d\u2026 [+2968 chars]"}, {"source": {"id": "the-irish-times", "name": "The Irish Times"}, "author": "Brian Hutton", "title": "Bin collectors link household waste surge to Coronavirus panic buying", "description": "Rise in unopened, past-sell-by-date food waste as well as greenery from gardening", "url": "https://www.irishtimes.com/news/environment/bin-collectors-link-household-waste-surge-to-coronavirus-panic-buying-1.4223318", "urlToImage": "https://www.irishtimes.com/image-creator/?id=1.4223317&origw=1440", "publishedAt": "2020-04-08T01:30:00Z", "content": "Bin collection companies are linking a record surge in household waste to overbuying at supermarkets during the coronavirus crisis.\r\nWhile people staying in and working from home during the lockdown would be expected to buy more food than usual given the clos\u2026 [+3638 chars]"}, {"source": {"id": "the-irish-times", "name": "The Irish Times"}, "author": "Barry Roche", "title": "First coronavirus Community Assessment Hubs to open this week", "description": "The HSE hope hubs will reduce the number of people being referred to acute hospitals", "url": "https://www.irishtimes.com/news/ireland/irish-news/first-coronavirus-community-assessment-hubs-to-open-this-week-1.4223882", "urlToImage": "https://www.irishtimes.com/image-creator/?id=1.4223881&origw=1440", "publishedAt": "2020-04-08T09:39:33Z", "content": "The HSE is on schedule to open the first of its community assessment hubs in Cork and Kerry this week to help cope with the growing number of people expected to need assessment for Covid 19 over the coming weeks.\r\nThe hubs will assist patients who need assess\u2026 [+2788 chars]"}, {"source": {"id": "the-irish-times", "name": "The Irish Times"}, "author": "Conor Gallagher", "title": "Coronavirus: Garda\u00ed walk tightrope between coercion and persuasion", "description": "Draconian power to keep people at home will be bolstered by public disapproval of flouters", "url": "https://www.irishtimes.com/news/crime-and-law/coronavirus-garda%C3%AD-walk-tightrope-between-coercion-and-persuasion-1.4223301", "urlToImage": "https://www.irishtimes.com/image-creator/?id=1.4223300&origw=1440", "publishedAt": "2020-04-08T00:35:00Z", "content": "Until now the State has been employing what behavioural scientists call soft paternalism in its approach to coronavirus urging rather than ordering people to stay at home for the good of their fellow citizens.\r\nEven since the announcement of new restrictions \u2026 [+5209 chars]"}, {"source": {"id": "the-irish-times", "name": "The Irish Times"}, "author": "Gerry Moriarty", "title": "Five more deaths from coronavirus in Northern Ireland", "description": "1,339 people confirmed with coronavirus in North", "url": "https://www.irishtimes.com/news/ireland/irish-news/five-more-deaths-from-coronavirus-in-northern-ireland-1.4224023", "urlToImage": "https://www.irishtimes.com/image-creator/?id=1.4224022&origw=1440", "publishedAt": "2020-04-08T13:31:42Z", "content": "Five more people in Northern Ireland have died from coronavirus, bringing the number of deaths in the North to 78, the Public Health Agency (PHA) reported on Wednesday afternoon.\r\nThe PHA also reported 84 new confirmed cases of coronavirus, also known as Covi\u2026 [+150 chars]"}, {"source": {"id": "the-irish-times", "name": "The Irish Times"}, "author": "Tim O'Brien", "title": "Coronavirus: Householders urged to disinfect wheelie bin handles", "description": "All waste should be double bagged, tied with knot and set aside for 72 hours, Panda says", "url": "https://www.irishtimes.com/news/ireland/irish-news/coronavirus-householders-urged-to-disinfect-wheelie-bin-handles-1.4223312", "urlToImage": "https://www.irishtimes.com/image-creator/?id=1.4223308&origw=1440", "publishedAt": "2020-04-08T05:00:00Z", "content": "Householders with wheelie bins have been asked to clean bin handles with disinfectant before and after putting them out for collection during the coronavirus pandemic.\r\nThe move has been encouraged by both Panda, one of the States largest waste and recycling \u2026 [+2407 chars]"}, {"source": {"id": "the-irish-times", "name": "The Irish Times"}, "author": "Jennifer Bray", "title": "Coronavirus: Use of new Garda powers \u2018a last resort\u2019", "description": "Latest regulations to enforce travel restrictions, social distancing will lapse at end of bank holiday weekend, briefing told", "url": "https://www.irishtimes.com/news/ireland/irish-news/coronavirus-use-of-new-garda-powers-a-last-resort-1.4223917", "urlToImage": "https://www.irishtimes.com/image-creator/?id=1.4223916&origw=848", "publishedAt": "2020-04-08T11:10:52Z", "content": "Sweeping new Garda powers to enforce Government restrictions on travel and social distancing will be used as a last resort and sparingly, the Government said on Wednesday.\r\nFurthermore, the regulations will lapse at the end of the forthcoming bank holiday wee\u2026 [+1802 chars]"}, {"source": {"id": "the-irish-times", "name": "The Irish Times"}, "author": "Vivienne Clarke, Paul Cullen", "title": "Coronavirus: Going to holiday home is \u2018social sabotage\u2019 \u2013 Michael Harty", "description": "Public should not expect restrictions to lift after weekend, Minister for Health says", "url": "https://www.irishtimes.com/news/health/coronavirus-going-to-holiday-home-is-social-sabotage-michael-harty-1.4223853", "urlToImage": "https://www.irishtimes.com/image-creator/?id=1.4223852&origw=619", "publishedAt": "2020-04-08T07:41:18Z", "content": "Minister for Health Simon Harris has said that it would not be a wise thing to expect public health restrictions to lift after this weekend. \r\nIf we take the foot of the pedal, the progress weve made would be reversed, he told Newstalk Breakfast.\r\nMr Harris s\u2026 [+3907 chars]"}, {"source": {"id": "the-irish-times", "name": "The Irish Times"}, "author": "Vivienne Clarke, Paul Cullen", "title": "Coronavirus: New Garda powers a response to \u2018slippage\u2019 on no travel rule", "description": "Restrictions set to be extended as residents of holiday resorts warn against \u2018social sabotage\u2019", "url": "https://www.irishtimes.com/news/health/coronavirus-new-garda-powers-a-response-to-slippage-on-no-travel-rule-1.4223853", "urlToImage": "https://www.irishtimes.com/image-creator/?id=1.4223938&origw=1440", "publishedAt": "2020-04-08T07:41:18Z", "content": "Garda\u00ed were given new powers to curtail the movement of people last night due to slippage in terms of compliance with a requirement that people remain within 2kms of their home. \r\nThe Garda Commissioner has sent out regulations which require that people remai\u2026 [+4468 chars]"}, {"source": {"id": "the-irish-times", "name": "The Irish Times"}, "author": null, "title": "Coronavirus: ICU in Dublin\u2019s Mater is full amid warning over staffing", "description": "Hospital no longer able to carry out end-of-life care pathway, doctor says", "url": "https://www.irishtimes.com/news/health/coronavirus-icu-in-dublin-s-mater-is-full-amid-warning-over-staffing-1.4223904", "urlToImage": "https://www.irishtimes.com/image-creator/?id=1.4223903&origw=1440", "publishedAt": "2020-04-08T10:43:53Z", "content": "The intensive care unit (ICU) in Dublins Mater Hospital is full, with some patients being moved to the high dependency unit, a senior doctor there has said. The hospitals Director of Critical Care Medicine, Dr Cormac OLoughlin, said most of those in the ICU b\u2026 [+338 chars]"}, {"source": {"id": "the-irish-times", "name": "The Irish Times"}, "author": "Sarah Burns", "title": "Coronavirus: Older people urged to be \u2018vigilant\u2019 of financial abuse while cocooning", "description": "Some over 70s forced to entrust relatives or close contact with finances due to restrictions", "url": "https://www.irishtimes.com/news/social-affairs/coronavirus-older-people-urged-to-be-vigilant-of-financial-abuse-while-cocooning-1.4223961", "urlToImage": "https://www.irishtimes.com/image-creator/?id=1.4224003&origw=1337", "publishedAt": "2020-04-08T12:15:13Z", "content": "Some older people are at risk of financial abuse due to restrictions introduced in response to the coronavirus pandemic, a charity has said. \r\nSean Moynihan, chief executive of Alone, which supports people who want to live at home into old age, said cocooning\u2026 [+1363 chars]"}, {"source": {"id": "the-irish-times", "name": "The Irish Times"}, "author": "Fiach Kelly", "title": "Coronavirus: State could acquire rental properties left in lurch by crisis, Martin says", "description": "Fianna F\u00e1il leader updates Senators and MEPs on Covid-19 and government formation", "url": "https://www.irishtimes.com/news/ireland/irish-news/coronavirus-state-could-acquire-rental-properties-left-in-lurch-by-crisis-martin-says-1.4224425", "urlToImage": "https://www.irishtimes.com/image-creator/?id=1.4224420&origw=1440", "publishedAt": "2020-04-09T00:00:00Z", "content": "Properties that have seen tenancy agreements or short-term letting arrangements go by the wayside during the coronavirus crisis could be acquired by the State, the Fianna F\u00e1il leader has said. \r\nMiche\u00e1l Martin also said the tourism and hospitality sector will\u2026 [+2856 chars]"}, {"source": {"id": "the-irish-times", "name": "The Irish Times"}, "author": "Vivienne Clarke, Paul Cullen", "title": "Coronavirus: Garda\u00ed can instruct holiday home occupants to go home under new powers", "description": "Restrictions set to be extended as citizens warned against \u2018social sabotage\u2019 at Easter", "url": "https://www.irishtimes.com/news/health/coronavirus-garda%C3%AD-can-instruct-holiday-home-occupants-to-go-home-under-new-powers-1.4223853", "urlToImage": "https://www.irishtimes.com/image-creator/?id=1.4223852&origw=619", "publishedAt": "2020-04-08T07:41:18Z", "content": "Minister for Justice Charlie Flanagan has said garda\u00ed will be able to knock on the doors of holiday homes and instruct to people to go home under the new regualtions. \r\nThe new regulations are in place until Easter Sunday, he told RT\u00c9 radios Today with S\u00e9an O\u2026 [+4737 chars]"}, {"source": {"id": "the-irish-times", "name": "The Irish Times"}, "author": "Conor Gallagher", "title": "Coronavirus Q&A: What new powers have the garda\u00ed been given?", "description": "Will I be arrested for jogging 2.1km from home? What about travelling to my holiday home?", "url": "https://www.irishtimes.com/news/crime-and-law/coronavirus-q-a-what-new-powers-have-the-garda%C3%AD-been-given-1.4224135", "urlToImage": "https://www.irishtimes.com/image-creator/?id=1.4224130&origw=1440", "publishedAt": "2020-04-08T15:01:28Z", "content": "When Leo Varadkar announced measures limiting non-essential travel and work in his Friday night address two weeks ago he was in fact just requesting the publics cooperation. Since then hundreds of garda\u00ed have been stopping people and requesting they return ho\u2026 [+5276 chars]"}, {"source": {"id": "the-irish-times", "name": "The Irish Times"}, "author": "Vivienne Clarke, Paul Cullen", "title": "Coronavirus restrictions set to be extended as citizens warned against \u2018social sabotage\u2019 at Easter", "description": "Public should not expect restrictions to lift after weekend, Minister for Health says", "url": "https://www.irishtimes.com/news/health/coronavirus-restrictions-set-to-be-extended-as-citizens-warned-against-social-sabotage-at-easter-1.4223853", "urlToImage": "https://www.irishtimes.com/image-creator/?id=1.4223852&origw=619", "publishedAt": "2020-04-08T07:41:18Z", "content": "Minister for Health Simon Harris has said that it would not be a wise thing to expect public health restrictions to lift after this weekend. \r\nIf we take the foot of the pedal, the progress weve made would be reversed, he told Newstalk Breakfast.\r\nMr Harris s\u2026 [+3907 chars]"}, {"source": {"id": "the-irish-times", "name": "The Irish Times"}, "author": null, "title": "Coronavirus: Older people at risk of financial abuse due to restrictions", "description": "Some elderly people forced to entrust family members or close contact with finances", "url": "https://www.irishtimes.com/news/social-affairs/coronavirus-older-people-at-risk-of-financial-abuse-due-to-restrictions-1.4223961", "urlToImage": "https://www.irishtimes.com/polopoly_fs/1.4223960.1586348080!/image/image.jpg", "publishedAt": "2020-04-08T12:15:13Z", "content": "Some older people are at risk of financial abuse due to current restrictions in place because of the coronavirus crisis, the charity Alone has said.\r\nSean Moynihan, chief executive of Alone, said cocooning measures are resulting in difficulties for older peop\u2026 [+30 chars]"}, {"source": {"id": "the-irish-times", "name": "The Irish Times"}, "author": "Jennifer Bray, Pat Leahy", "title": "Coronavirus: The inside story of how garda\u00ed were granted their new powers", "description": "Taoiseach was reluctant to grant new powers, but Ministers Kehoe, Madigan and Flanagan were in favour", "url": "https://www.irishtimes.com/news/crime-and-law/coronavirus-the-inside-story-of-how-garda%C3%AD-were-granted-their-new-powers-1.4224392", "urlToImage": "https://www.irishtimes.com/polopoly_fs/1.4224387.1586385734!/image/image.jpg", "publishedAt": "2020-04-08T23:01:19Z", "content": "On Monday morning at McKee Barracks in Dublin, Leo Varadkar stood outside a converted gym that is now home to a Defence Forces Covid-19 team, and outlined the Governments reluctance to enact sweeping new Garda powers.\r\nHe said regulations were on the table re\u2026 [+4372 chars]"}, {"source": {"id": "the-irish-times", "name": "The Irish Times"}, "author": "Mark Hilliard", "title": "Coronavirus: Third-level students will not have to sit traditional exams", "description": "Alternative arrangements for assessment to be put in place by colleges and universities", "url": "https://www.irishtimes.com/news/education/coronavirus-third-level-students-will-not-have-to-sit-traditional-exams-1.4223504", "urlToImage": "https://www.irishtimes.com/image-creator/?id=1.4223502&origw=1440", "publishedAt": "2020-04-08T01:11:39Z", "content": "Third-level students will not have to sit traditional end of year exams, with alternative arrangements being put in place by colleges and universities. \r\nConfirming the move on Tuesday, Minister of State for Higher Education Mary Mitchell OConnor said that in\u2026 [+3062 chars]"}, {"source": {"id": "the-irish-times", "name": "The Irish Times"}, "author": "The Irish Times", "title": "Tesco says coronavirus costs could reach \u20ac1bn", "description": "But extra expenses on staff and operations could be offset by higher sales, relief from business tax", "url": "https://www.irishtimes.com/business/retail-and-services/tesco-says-coronavirus-costs-could-reach-1bn-1.4223832", "urlToImage": "https://www.irishtimes.com/image-creator/?id=1.4223831&origw=1440", "publishedAt": "2020-04-08T06:48:08Z", "content": "Britains biggest retailer Tesco expects to take a hit of up to \u00a3925 million (1 billion) from the costs of dealing with the coronavirus pandemic and warned it was unable to give a profit forecast for this financial year.\r\nHowever, the supermarket group said on\u2026 [+1505 chars]"}, {"source": {"id": "the-irish-times", "name": "The Irish Times"}, "author": "Karl Stewart", "title": "Coronavirus: How Covid-19 may reshape the Irish retail landscape", "description": "The pandemic is set to result in long-lasting changes to consumer behaviour", "url": "https://www.irishtimes.com/business/commercial-property/coronavirus-how-covid-19-may-reshape-the-irish-retail-landscape-1.4221411", "urlToImage": "https://www.irishtimes.com/image-creator/?id=1.4221409&origw=1440", "publishedAt": "2020-04-08T05:00:00Z", "content": "The Covid-19 crisis has caused massive disruption in many industries, but particularly hard hit are the hospitality and retail sectors, both of which are heavily reliant on face-to-face human interaction. \r\nA range of measures have been introduced by the Gove\u2026 [+5997 chars]"}, {"source": {"id": "the-irish-times", "name": "The Irish Times"}, "author": "Mike Isaac", "title": "Tech boss Jack Dorsey vows to donate $1bn to fight coronavirus", "description": "CEO of Twitter and Square plans to donate just under one-third of his total wealth to tackling Covid-19", "url": "https://www.irishtimes.com/business/technology/tech-boss-jack-dorsey-vows-to-donate-1bn-to-fight-coronavirus-1.4223823", "urlToImage": "https://www.irishtimes.com/image-creator/?id=1.4223822&origw=1440", "publishedAt": "2020-04-08T06:18:14Z", "content": "Jack Dorsey, chief executive of Twitter and Square, said he planned to donate $1 billion (920 million), or just under a third of his total wealth, to relief programmes related to the coronavirus, in one of the more significant efforts by a tech billionaire to\u2026 [+2945 chars]"}, {"source": {"id": "the-irish-times", "name": "The Irish Times"}, "author": "William Grimes", "title": "Singer John Prine dies from coronavirus complications at 73", "description": "Obituary: Grammy-winning songwriter was favourite of Bob Dylan, Kris Kristofferson", "url": "https://www.irishtimes.com/culture/music/singer-john-prine-dies-from-coronavirus-complications-at-73-1.4223861", "urlToImage": "https://www.irishtimes.com/image-creator/?id=1.4223859&origw=1440", "publishedAt": "2020-04-08T07:57:22Z", "content": "John Prine, the raspy-voiced country-folk singer whose ingenious lyrics to songs by turns poignant, angry and comic made him a favourite of Bob Dylan, Kris Kristofferson and others, died on Tuesday at Vanderbilt University Medical Center in Nashville, Tenness\u2026 [+5754 chars]"}, {"source": {"id": "the-irish-times", "name": "The Irish Times"}, "author": "Dermot O'Leary", "title": "Coronavirus: Could Austria show us the way out of lockdown?", "description": "Austria\u2019s plans for lifting Covid-19 restrictions offer lessons as Ireland lags behind", "url": "https://www.irishtimes.com/opinion/coronavirus-could-austria-show-us-the-way-out-of-lockdown-1.4224142", "urlToImage": "https://www.irishtimes.com/image-creator/?id=1.4224137&origw=1440", "publishedAt": "2020-04-08T23:58:48Z", "content": "They are the questions on everyones lips. When will governments be able to relax restrictions and life be allowed to return to some sort of normality? When will the economy be allowed to emerge from its coma and people be permitted to go back to work?\r\nAfter \u2026 [+4417 chars]"}, {"source": {"id": "the-irish-times", "name": "The Irish Times"}, "author": null, "title": "Coronavirus: Fitness industry seeing some positives in the crisis", "description": "Pay for Play: Orders of home gym equipment rise sharply while commuters looking at e-bike option", "url": "https://www.irishtimes.com/sport/other-sports/coronavirus-fitness-industry-seeing-some-positives-in-the-crisis-1.4223137", "urlToImage": "https://www.irishtimes.com/image-creator/?id=1.4223133&origw=1440", "publishedAt": "2020-04-08T05:00:00Z", "content": "Keeping fit during coronavirus restrictions is no easy task. Even when gyms and swimming pools closed shortly after all sport was suspended there was still the great outdoors in which to walk, run, cycle or kick a football. When that was reduced to within 2km\u2026 [+291 chars]"}, {"source": {"id": "the-irish-times", "name": "The Irish Times"}, "author": "Paul Cullen", "title": "Coronavirus: Big problem now a series of smaller ones and there could be nasty surprises", "description": "Crystal clear that physical distancing works as a mechanism for slowing spread of virus", "url": "https://www.irishtimes.com/news/health/coronavirus-big-problem-now-a-series-of-smaller-ones-and-there-could-be-nasty-surprises-1.4223306", "urlToImage": "https://www.irishtimes.com/image-creator/?id=1.4223305&origw=1440", "publishedAt": "2020-04-08T01:37:06Z", "content": "Public health officials tackling the Covid-19 pandemic are like firefighters trying to bring a large blaze under control. \r\nWhat seems at first to be one large, uncontrollable fire is eventually, by dint of hard work, split into several smaller, more manageab\u2026 [+4906 chars]"}, {"source": {"id": "the-irish-times", "name": "The Irish Times"}, "author": "The Irish Times", "title": "Coronavirus: The Irish Times view on new garda powers to enforce Covid-19 restrictions", "description": "The acceptability of these measures will depend on light touch and common sense of garda\u00ed", "url": "https://www.irishtimes.com/opinion/editorial/coronavirus-the-irish-times-view-on-new-garda-powers-to-enforce-covid-19-restrictions-1.4224157", "urlToImage": "https://www.irishtimes.com/image-creator/?id=1.4224252&origw=1440", "publishedAt": "2020-04-08T20:00:00Z", "content": "The Government hopes that a combination of awareness of the last resort coercive powers granted to garda\u00ed for this holiday weekend, the shaming power of social disapproval of those who flout social distancing rules, and more than 50 checkpoints on roads aroun\u2026 [+1785 chars]"}, {"source": {"id": "the-irish-times", "name": "The Irish Times"}, "author": "Sorcha Pollak", "title": "Coronavirus: Dubliner recalls poignant farewell to brother", "description": "\u2018It was the only way I could say my last goodbye to him,\u2019 says bereft sibling", "url": "https://www.irishtimes.com/news/social-affairs/coronavirus-dubliner-recalls-poignant-farewell-to-brother-1.4224400", "urlToImage": "https://www.irishtimes.com/image-creator/?id=1.4224399&origw=719", "publishedAt": "2020-04-08T19:30:24Z", "content": "Last Wednesday Francis Byrne from Clondalkin in Dublin died in hospital after contracting coronavirus, his wife and daughter by his side to the end. \r\nThirty minutes after breathing his last, Franciss brother P\u00e1draig dragged a bench from the hospital grounds \u2026 [+2746 chars]"}, {"source": {"id": "the-irish-times", "name": "The Irish Times"}, "author": "Conor Gallagher, Conor Lally", "title": "Coronavirus: Garda\u00ed to monitor 1,000 locations as Easter weekend approaches", "description": "Arrest \u2018will not be first port of call\u2019 for garda\u00ed enforcing restrictions, commissioner says", "url": "https://www.irishtimes.com/news/crime-and-law/coronavirus-garda%C3%AD-to-monitor-1-000-locations-as-easter-weekend-approaches-1.4223975", "urlToImage": "https://www.irishtimes.com/image-creator/?id=1.4223974&origw=1440", "publishedAt": "2020-04-08T12:29:56Z", "content": "Garda\u00ed are monitoring more than 1,000 locations in the State for compliance with Government regulations on social distancing amid fears of public complacency about the spread of the coronavirus.\r\nThe locations include mountain walks, forest parks, beaches and\u2026 [+3436 chars]"}, {"source": {"id": "the-irish-times", "name": "The Irish Times"}, "author": "Suzanne Lynch", "title": "Coronavirus: Trump rails against WHO, 1.4m infected globally", "description": "Pandemic claims in excess of 82,000 dead worldwide while deaths and infections taper in Italy, Spain", "url": "https://www.irishtimes.com/news/world/coronavirus-over-7-000-uk-deaths-in-total-up-938-in-a-day-1.4223825", "urlToImage": "https://www.irishtimes.com/image-creator/?id=1.4224207&origw=1440", "publishedAt": "2020-04-08T06:23:23Z", "content": "A total of 7,097 patients have died in hospital after testing positive for coronavirus in the UK as of 5pm on Tuesday, the Department of Health said, up by 938 from 6,159 the day before.\r\nMeanwhile in the United States president Donald Trump has threatened to\u2026 [+7859 chars]"}, {"source": {"id": "the-irish-times", "name": "The Irish Times"}, "author": "Claire O\u2019Connell", "title": "Coronavirus: What day of the week is it again?", "description": "For many of us, the coronavirus pandemic has thrown usual routines out the window. Yet, while we can mentally lose track of days, our body clocks are keeping the score. Keeping those internal clocks well oiled is a key to good health, and building timely exer\u2026", "url": "https://www.irishtimes.com/life-and-style/health-family/coronavirus-what-day-of-the-week-is-it-again-1.4217698", "urlToImage": "https://www.irishtimes.com/polopoly_fs/1.4217696.1585734480!/image/image.jpg", "publishedAt": "2020-04-08T05:01:00Z", "content": "For many of us, the coronavirus pandemic has thrown usual routines out the window. Yet, while we can mentally lose track of days, our body clocks are keeping the score. Keeping those internal clocks well oiled is a key to good health, and building timely exer\u2026 [+5120 chars]"}, {"source": {"id": "the-irish-times", "name": "The Irish Times"}, "author": "Mary Hannigan", "title": "Coronavirus will change Britain \u2013 and mostly not for the better", "description": "While most of us are doing our level best to take it all one day at a time and not let our thoughts drift too far ahead, while vowing never to take normality for granted again, Dispatches: Coronavirus \u2013 How Britain is Changing (Channel 4, 9pm) engaged in some\u2026", "url": "https://www.irishtimes.com/culture/tv-radio-web/coronavirus-will-change-britain-and-mostly-not-for-the-better-1.4224344", "urlToImage": "https://www.irishtimes.com/image-creator/?id=1.4224343&origw=1440", "publishedAt": "2020-04-08T21:00:00Z", "content": "While most of us are doing our level best to take it all one day at a time and not let our thoughts drift too far ahead, while vowing never to take normality for granted again, Dispatches: Coronavirus How Britain is Changing (Channel 4, 9pm) engaged in some f\u2026 [+2492 chars]"}, {"source": {"id": "the-irish-times", "name": "The Irish Times"}, "author": "Gerry Moriarty", "title": "Coronavirus: Conor Murphy denies misleading Assembly over PPE", "description": "Stormont finance Minister Conor Murphy has rejected a suggestion that he misled the Assembly over his attempt to jointly secure an order for personal protective equipment (PPE) with the Irish Government. Ulster Unionist Party leader Steve Aiken said in the As\u2026", "url": "https://www.irishtimes.com/news/ireland/irish-news/coronavirus-conor-murphy-denies-misleading-assembly-over-ppe-1.4224390", "urlToImage": "https://www.irishtimes.com/image-creator/?id=1.4224389&origw=1440", "publishedAt": "2020-04-08T19:16:44Z", "content": "Stormont finance Minister Conor Murphy has rejected a suggestion that he misled the Assembly over his attempt to jointly secure an order for personal protective equipment (PPE) with the Irish Government. \r\nUlster Unionist Party leader Steve Aiken said in the \u2026 [+3069 chars]"}, {"source": {"id": "the-irish-times", "name": "The Irish Times"}, "author": "Suzanne Lynch", "title": "Coronavirus: Trump threatens to hold WHO funding then backtracks", "description": "US president Donald Trump has threatened to withhold money pledged to the World Health Organisation over its handling of coronavirus, as he accused the global body of being \u201cvery China-centric.\u201d \u201cThey called it wrong,\u201d he said of the coronavirus that has clai\u2026", "url": "https://www.irishtimes.com/news/world/coronavirus-trump-threatens-to-hold-who-funding-then-backtracks-1.4223825", "urlToImage": "https://www.irishtimes.com/image-creator/?id=1.4223824&origw=1440", "publishedAt": "2020-04-08T06:23:23Z", "content": "US president Donald Trump has threatened to withhold money pledged to the World Health Organisation over its handling of coronavirus, as he accused the global body of being very China-centric.\r\nThey called it wrong, he said of the coronavirus that has claimed\u2026 [+5126 chars]"}, {"source": {"id": "the-irish-times", "name": "The Irish Times"}, "author": "The Irish Times", "title": "EU to adopt pan-European approach on mobile apps to fight coronavirus", "description": "Move comes as EU states roll out their own apps, prompting concern from privacy activists", "url": "https://www.irishtimes.com/business/technology/eu-to-adopt-pan-european-approach-on-mobile-apps-to-fight-coronavirus-1.4223925", "urlToImage": "https://www.irishtimes.com/image-creator/?id=1.4223924&origw=1253", "publishedAt": "2020-04-08T11:24:18Z", "content": "The European Union will on Wednesday adopt a pan-European approach on the use of mobile applications to track the spread of the coronavirus, according to a European Commission document seen by Reuters.\r\nThe move came after several EU countries rolled out a ho\u2026 [+1176 chars]"}, {"source": {"id": "the-irish-times", "name": "The Irish Times"}, "author": "Vivienne Clarke, Paul Cullen, Jack Power", "title": "Coronavirus: 25 people die in the State as new Garda powers come into force", "description": "Move a response to \u2018slippage\u2019 on no-travel rule, Residents of holiday resorts warn against \u2018social sabotage\u2019", "url": "https://www.irishtimes.com/news/health/coronavirus-25-people-die-in-the-state-as-new-garda-powers-come-into-force-1.4223853", "urlToImage": "https://www.irishtimes.com/image-creator/?id=1.4223852&origw=619", "publishedAt": "2020-04-08T07:41:18Z", "content": "Twenty five more people have died from coronavirus, as the number of confirmed cases in the country surpasses 6,000, the National Public Health Emergency Team (NPHET) has said. \r\nThis brings the number of coronavirus patients who have died in the Republic to \u2026 [+5150 chars]"}, {"source": {"id": "the-irish-times", "name": "The Irish Times"}, "author": "Vivienne Clarke, Paul Cullen", "title": "Coronavirus: Garda\u00ed can knock on holiday home doors and tell people to go home", "description": "Restrictions set to be extended as citizens warned against \u2018social sabotage\u2019 at Easter", "url": "https://www.irishtimes.com/news/health/coronavirus-garda%C3%AD-can-knock-on-holiday-home-doors-and-tell-people-to-go-home-1.4223853?localLinksEnabled=false", "urlToImage": null, "publishedAt": "2020-04-08T07:41:18Z", "content": null}, {"source": {"id": "the-irish-times", "name": "The Irish Times"}, "author": "Vivienne Clarke, Paul Cullen, Jack Power", "title": "Coronavirus: 25 more people die in the State as new Garda powers come into force", "description": "Move a response to \u2018slippage\u2019 on no-travel rule, Residents of holiday resorts warn against \u2018social sabotage\u2019", "url": "https://www.irishtimes.com/news/health/coronavirus-25-more-people-die-in-the-state-as-new-garda-powers-come-into-force-1.4223853", "urlToImage": "https://www.irishtimes.com/image-creator/?id=1.4223852&origw=619", "publishedAt": "2020-04-08T07:41:18Z", "content": "Twenty five more people have died from coronavirus, as the number of confirmed cases in the country surpasses 6,000, the National Public Health Emergency Team (NPHET) has said. \r\nThis brings the number of coronavirus patients who have died in the Republic to \u2026 [+5132 chars]"}, {"source": {"id": "the-irish-times", "name": "The Irish Times"}, "author": "Stefania Palma, Alice Woodhouse", "title": "Coronavirus: Singapore struggles with third wave of infections", "description": "Surge in new cases in city-state and Hong Kong leads to tough new restrictions", "url": "https://www.irishtimes.com/news/world/asia-pacific/coronavirus-singapore-struggles-with-third-wave-of-infections-1.4224108", "urlToImage": "https://www.irishtimes.com/image-creator/?id=1.4224107&origw=1440", "publishedAt": "2020-04-08T14:40:19Z", "content": "Singapore is racing to contain a new coronavirus outbreak after a sudden increase in cases among the citys army of migrant workers, underlining the challenge of returning to normality even for countries that had seemed to have brought the epidemic under contr\u2026 [+3010 chars]"}, {"source": {"id": "the-irish-times", "name": "The Irish Times"}, "author": "Bill Corcoran", "title": "Zimbabwe\u2019s coronavirus fight gets help from Irish aid agencies", "description": "Tr\u00f3caire and Goal assist in virus education in country hugely vulnerable to outbreak", "url": "https://www.irishtimes.com/news/world/africa/zimbabwe-s-coronavirus-fight-gets-help-from-irish-aid-agencies-1.4224065", "urlToImage": "https://www.irishtimes.com/image-creator/?id=1.4224063&origw=1440", "publishedAt": "2020-04-08T14:22:13Z", "content": "Irish aid agencies in Zimbabwe are repurposing their development programmes in an effort to slow the spread of coronavirus in a country with millions of vulnerable people.\r\nNetworks of rural organisations originally set up by Tr\u00f3caire and Goal to facilitate t\u2026 [+4032 chars]"}, {"source": {"id": "the-irish-times", "name": "The Irish Times"}, "author": "The Irish Times", "title": "US Navy secretary resigns over handling of coronavirus-hit carrier", "description": "Last secretary fired over handling of Navy Seal case convicted of battlefield misconduct", "url": "https://www.irishtimes.com/news/world/us/us-navy-secretary-resigns-over-handling-of-coronavirus-hit-carrier-1.4223871", "urlToImage": "https://www.irishtimes.com/image-creator/?id=1.4223870&origw=1440", "publishedAt": "2020-04-08T08:43:23Z", "content": "Acting US Navy secretary Thomas Modly resigned on Tuesday after he faced mounting backlash for firing and ridiculing the commander of a US aircraft carrier who pleaded for help stemming a coronavirus outbreak on board.\r\nMr Modlys resignation highlighted the U\u2026 [+3923 chars]"}, {"source": {"id": "the-irish-times", "name": "The Irish Times"}, "author": "The Irish Times", "title": "Italy closes ports to migrant ships because of coronavirus", "description": "Government says ports cannot be considered safe after NGO ship with 150 rescued people heads for Italy", "url": "https://www.irishtimes.com/news/world/europe/italy-closes-ports-to-migrant-ships-because-of-coronavirus-1.4223895", "urlToImage": "https://www.irishtimes.com/image-creator/?id=1.4223894&origw=1440", "publishedAt": "2020-04-08T10:24:57Z", "content": "Italian ports cannot be considered safe because of the coronavirus epidemic and will not let charity migrant boats dock, the government has ruled.\r\nThe decision was taken late on Tuesday after a ship operated by the German non-governmental group Sea-Eye picke\u2026 [+1875 chars]"}, {"source": {"id": "the-irish-times", "name": "The Irish Times"}, "author": "Suzanne Lynch", "title": "WHO hits back at Trump for \u2018politicising\u2019 coronavirus pandemic", "description": "US president threatens to stop funding the global health agency, and accuses it of being \u2018very China-centric\u2019", "url": "https://www.irishtimes.com/news/world/us/who-hits-back-at-trump-for-politicising-coronavirus-pandemic-1.4224454", "urlToImage": "https://www.irishtimes.com/image-creator/?id=1.4224452&origw=1440", "publishedAt": "2020-04-08T20:30:00Z", "content": "The World Health Organisation (WHO) has hit back at criticism from US president Donald Trump, after he threatened to stop funding the agency over its handling of the coronavirus pandemic.\r\nMr Trump said he was looking into putting a hold on money sent to the \u2026 [+3714 chars]"}, {"source": {"id": "the-irish-times", "name": "The Irish Times"}, "author": "The Irish Times", "title": "Coronavirus: The Irish Times view on the cluster effect in nursing homes", "description": "With no area of Irish life escaping the effects of the coronavirus pandemic, the novel infection is especially onerous for older people. And among the most vulnerable are our senior citizens who live in nursing homes. Although much of the contagion has been b\u2026", "url": "https://www.irishtimes.com/opinion/editorial/coronavirus-the-irish-times-view-on-the-cluster-effect-in-nursing-homes-1.4224175", "urlToImage": "https://www.irishtimes.com/image-creator/?id=1.4224309&origw=1440", "publishedAt": "2020-04-08T21:00:00Z", "content": "With no area of Irish life escaping the effects of the coronavirus pandemic, the novel infection is especially onerous for older people. And among the most vulnerable are our senior citizens who live in nursing homes.\r\nAlthough much of the contagion has been \u2026 [+2592 chars]"}, {"source": {"id": "the-irish-times", "name": "The Irish Times"}, "author": "The Irish Times", "title": "Coronavirus: Do we have to pay the balance of our son\u2019s Erasmus accommodation?", "description": "My son is/was an Erasmus student in Denmark. He has had to return home because of the Covid-19 crisis, leaving his rental accommodation prior to its official termination date at the end of June 2020. We have paid his rent up until the end of March. Where do w\u2026", "url": "https://www.irishtimes.com/life-and-style/homes-and-property/coronavirus-do-we-have-to-pay-the-balance-of-our-son-s-erasmus-accommodation-1.4220084", "urlToImage": "https://www.irishtimes.com/image-creator/?id=1.4220078&origw=1440", "publishedAt": "2020-04-08T05:00:00Z", "content": "My son is/was an Erasmus student in Denmark. He has had to return home because of the Covid-19 crisis, leaving his rental accommodation prior to its official termination date at the end of June 2020. We have paid his rent up until the end of March. Where do w\u2026 [+1546 chars]"}, {"source": {"id": "the-irish-times", "name": "The Irish Times"}, "author": "Ciara O'Brien", "title": "Grafton\u2019s top executives take 20% pay cut as coronavirus hits business", "description": "Woodie\u2019s owner Grafton Group said its top executives would take a temporary pay cut and suspend bonus schemes for the year as the company faces the impact of measures to control the spread of coronavirus. Chief executive Gavin Slark and chief financial office\u2026", "url": "https://www.irishtimes.com/business/construction/grafton-s-top-executives-take-20-pay-cut-as-coronavirus-hits-business-1.4223855", "urlToImage": "https://www.irishtimes.com/image-creator/?id=1.4223854&origw=1440", "publishedAt": "2020-04-08T07:51:06Z", "content": "Woodies owner Grafton Group said its top executives would take a temporary pay cut and suspend bonus schemes for the year as the company faces the impact of measures to control the spread of coronavirus. \r\nChief executive Gavin Slark and chief financial offic\u2026 [+1235 chars]"}, {"source": {"id": "the-irish-times", "name": "The Irish Times"}, "author": "Sylvia Thompson", "title": "Coronavirus and Cystic Fibrosis: \u2018It\u2019s hard not to be nervous about it\u2019", "description": "The Government announcement on the need for high-risk groups to \u201ccocoon\u201d during the Covid-19 outbreak made official advice of what many Cystic Fibrosis (CF) patients were already doing. People whose CF has progressed to a more serious level are at high risk o\u2026", "url": "https://www.irishtimes.com/life-and-style/health-family/coronavirus-and-cystic-fibrosis-it-s-hard-not-to-be-nervous-about-it-1.4217032", "urlToImage": "https://www.irishtimes.com/image-creator/?id=1.4217005&origw=1440", "publishedAt": "2020-04-08T05:01:47Z", "content": "The Government announcement on the need for high-risk groups to cocoon during the Covid-19 outbreak made official advice of what many Cystic Fibrosis (CF) patients were already doing.\r\nPeople whose CF has progressed to a more serious level are at high risk of\u2026 [+5490 chars]"}, {"source": {"id": "the-irish-times", "name": "The Irish Times"}, "author": "Vivienne Clarke, Paul Cullen, Jack Power, Conor Gallagher", "title": "Coronavirus: 25 more people die in the Republic; New Garda powers come into force", "description": "Twenty-five more people have died from coronavirus, the second highest daily total, as the number of confirmed cases surpassed 6,000 on Wednesday. This brings the number of coronavirus patients who have died in the Republic to 235. Of the 25 deaths, 15 were m\u2026", "url": "https://www.irishtimes.com/news/health/coronavirus-25-more-people-die-in-the-republic-new-garda-powers-come-into-force-1.4223853", "urlToImage": "https://www.irishtimes.com/image-creator/?id=1.4224401&origw=1440", "publishedAt": "2020-04-08T07:41:18Z", "content": "Twenty-five more people have died from coronavirus, the second highest daily total, as the number of confirmed cases surpassed 6,000 on Wednesday. \r\nThis brings the number of coronavirus patients who have died in the Republic to 235. \r\nOf the 25 deaths, 15 we\u2026 [+7014 chars]"}, {"source": {"id": "the-irish-times", "name": "The Irish Times"}, "author": "Frank McNally", "title": "Coronavirus curve-ball: Frank McNally on a bad year for forecasters", "description": "In an idle moment the other day, I dug out my copy of the Economist\u2019s The World in 2020. This was the latest instalment of an annual, published around Christmas, in which the magazine looks forward to the New Year and attempts to forecast what it will bring. \u2026", "url": "https://www.irishtimes.com/opinion/coronavirus-curve-ball-frank-mcnally-on-a-bad-year-for-forecasters-1.4224264", "urlToImage": "https://www.irishtimes.com/image-creator/?id=1.4224262&origw=1440", "publishedAt": "2020-04-08T23:01:00Z", "content": "In an idle moment the other day, I dug out my copy of the Economists The World in 2020. This was the latest instalment of an annual, published around Christmas, in which the magazine looks forward to the New Year and attempts to forecast what it will bring.\r\n\u2026 [+4099 chars]"}, {"source": {"id": "the-irish-times", "name": "The Irish Times"}, "author": "Suzanne Lynch", "title": "Coronavirus: Spain\u2019s death toll rises for second day as Trump threatens to withhold WHO funding", "description": "Italy\u2019s Lombardy province at centre of outbreak offers glimmer of hope", "url": "https://www.irishtimes.com/news/world/coronavirus-spain-s-death-toll-rises-for-second-day-as-trump-threatens-to-withhold-who-funding-1.4223825", "urlToImage": "https://www.irishtimes.com/image-creator/?id=1.4223824&origw=1440", "publishedAt": "2020-04-08T06:23:23Z", "content": "US president Donald Trump has threatened to withhold money pledged to the World Health Organisation over its handling of coronavirus, as he accused the global body of being very China-centric.\r\nThey called it wrong, he said of the coronavirus that has claimed\u2026 [+4018 chars]"}, {"source": {"id": "the-irish-times", "name": "The Irish Times"}, "author": "Suzanne Lynch", "title": "Coronavirus: Spain\u2019s death toll rises again, Trump threatens to withhold WHO funding", "description": "Italy\u2019s Lombardy province offers glimmer of hope as Wuhan city reopens", "url": "https://www.irishtimes.com/news/world/coronavirus-spain-s-death-toll-rises-again-trump-threatens-to-withhold-who-funding-1.4223825", "urlToImage": "https://www.irishtimes.com/image-creator/?id=1.4223824&origw=1440", "publishedAt": "2020-04-08T06:23:23Z", "content": "US president Donald Trump has threatened to withhold money pledged to the World Health Organisation over its handling of coronavirus, as he accused the global body of being very China-centric.\r\nThey called it wrong, he said of the coronavirus that has claimed\u2026 [+6235 chars]"}]}