{"status": "ok", "totalResults": 55, "articles": [{"source": {"id": "the-irish-times", "name": "The Irish Times"}, "author": "Barry Roche", "title": "Patient in Waterford hospital tests positive for coronavirus", "description": "The case was an inpatient who had \u2018not met the case definition\u2019 for Covid-19 at the time", "url": "https://www.irishtimes.com/news/ireland/irish-news/patient-in-waterford-hospital-tests-positive-for-coronavirus-1.4199728", "urlToImage": "https://www.irishtimes.com/image-creator/?id=1.4199727&origw=620", "publishedAt": "2020-03-11T11:47:56Z", "content": "Occupational health experts are to contact all staff at University Hospital Waterford on Wednesday after a patient tested positive at the hospital, its first confirmed case of Covid-19.\r\nThe hospitals general manager Grace Rothwell confirmed in an email to al\u2026 [+2659 chars]"}, {"source": {"id": "the-irish-times", "name": "The Irish Times"}, "author": "Marie O'Halloran", "title": "Coroners\u2019 service issues statement on coronavirus-related deaths", "description": "Postmortems will not be necessary in cases of Covid-19 unless \u2018other circumstances are present\u2019", "url": "https://www.irishtimes.com/news/health/coroners-service-issues-statement-on-coronavirus-related-deaths-1.4200233", "urlToImage": "https://www.irishtimes.com/image-creator/?id=1.4200231&origw=1440", "publishedAt": "2020-03-11T20:40:28Z", "content": "Postmortems on people who die from coronavirus will not be necessary in most cases unless there are other underlying causes, the coroners service has confirmed.\r\nIn a statement about its role in the handling of deaths from coronavirus, also known as Covid-19,\u2026 [+3601 chars]"}, {"source": {"id": "the-irish-times", "name": "The Irish Times"}, "author": "Barry Roche", "title": "Coronavirus: Four people test positive in Cork and Waterford", "description": "Waterford case was an inpatient who had initially \u2018not met the case definition\u2019 for Covid-19", "url": "https://www.irishtimes.com/news/ireland/irish-news/coronavirus-four-people-test-positive-in-cork-and-waterford-1.4199728", "urlToImage": "https://www.irishtimes.com/image-creator/?id=1.4199727&origw=620", "publishedAt": "2020-03-11T11:47:56Z", "content": "Occupational health experts are to contact all staff at University Hospital Waterford on Wednesday after a patient tested positive at the hospital, its first confirmed case of Covid-19.\r\nThe hospitals general manager Grace Rothwell confirmed in an email to al\u2026 [+4812 chars]"}, {"source": {"id": "the-irish-times", "name": "The Irish Times"}, "author": "Paul Cullen", "title": "Coronavirus: Irish approach to outbreak under increasing scrutiny", "description": "Given events elsewhere, public concern that authorities have been slow to act is mounting", "url": "https://www.irishtimes.com/news/health/coronavirus-irish-approach-to-outbreak-under-increasing-scrutiny-1.4199106", "urlToImage": "https://www.irishtimes.com/image-creator/?id=1.4199105&origw=1440", "publishedAt": "2020-03-11T01:00:00Z", "content": "The approach taken by Ireland in trying to contain the coronavirus is coming under increasing scrutiny as public concern mounts.\r\nUnderstandably, given what is happening in Italy and elsewhere in Europe, the worry that we may have been slow to act in the earl\u2026 [+3877 chars]"}, {"source": {"id": "the-irish-times", "name": "The Irish Times"}, "author": "The Irish Times", "title": "Coronavirus: WHO calls outbreak \u2018pandemic\u2019 for first time", "description": "\u2018We cannot say this loudly enough . . . all countries can still change the course of this pandemic\u2019", "url": "https://www.irishtimes.com/news/health/coronavirus-who-calls-outbreak-pandemic-for-first-time-1.4200284", "urlToImage": "https://www.irishtimes.com/image-creator/?id=1.4200282&origw=960", "publishedAt": "2020-03-11T21:43:01Z", "content": "The World Health Organisation (WHO) described the coronavirus outbreak as a pandemic for the first time on Wednesday, adding that Italy and Iran were now on the frontline of the disease and other countries would soon join them.\r\nWe are deeply concerned both b\u2026 [+4394 chars]"}, {"source": {"id": "the-irish-times", "name": "The Irish Times"}, "author": "Ronan McGreevy", "title": "Coronavirus: Priests advised not to touch babies at baptism; confirmations may be postponed", "description": "Priests advised to use cotton bud or glove to anoint people who are dying", "url": "https://www.irishtimes.com/news/ireland/irish-news/coronavirus-priests-advised-not-to-touch-babies-at-baptism-confirmations-may-be-postponed-1.4200101", "urlToImage": "https://www.irishtimes.com/polopoly_fs/1.4200100.1583951796!/image/image.jpg", "publishedAt": "2020-03-11T18:36:57Z", "content": "Priests will no longer anoint the foreheads of people who are dying with their thumb. Instead, holy oil will be administered with a cotton bud or glove which will then be disposed of appropriately.\r\nSimilarly, priests will not touch a baby on the forehead whe\u2026 [+2486 chars]"}, {"source": {"id": "the-irish-times", "name": "The Irish Times"}, "author": "Freya McClements", "title": "Coronavirus: \u2018I have never washed my hands as much in my life\u2019", "description": "The view from a doctor\u2019s surgery: Patients are ringing in if they have symptoms", "url": "https://www.irishtimes.com/news/health/coronavirus-i-have-never-washed-my-hands-as-much-in-my-life-1.4198730", "urlToImage": "https://www.irishtimes.com/image-creator/?id=1.4198728&origw=1440", "publishedAt": "2020-03-11T01:00:00Z", "content": "A large bottle of hand sanitiser sits on the counter at Bayview Medical Centre in Derry.\r\nIt has always been there, explains receptionist Sharon McGonagle, but in the last week they have gone through two bottles. Every patient who walks through those doors is\u2026 [+4732 chars]"}, {"source": {"id": "the-irish-times", "name": "The Irish Times"}, "author": "Ronan McGreevy", "title": "Coronavirus: Dublin Tech Summit, Comic Con and charity walk among casualties", "description": "Organisers of a number of events decide to reschedule following advice on outbreak", "url": "https://www.irishtimes.com/news/ireland/irish-news/coronavirus-dublin-tech-summit-comic-con-and-charity-walk-among-casualties-1.4200031", "urlToImage": "https://www.irishtimes.com/image-creator/?id=1.4200030&origw=1440", "publishedAt": "2020-03-11T17:23:56Z", "content": "A number of major tech-focused conferences due to take place in Dublin in the coming months have been postponed due to the spread of the coronavirus.\r\nThe Dublin Tech Summit (DTS), due to take place next month, has been postponed until September 9th and 10th.\u2026 [+2129 chars]"}, {"source": {"id": "the-irish-times", "name": "The Irish Times"}, "author": "Colin Gleeson", "title": "Coronavirus: Government advises against non-essential travel to parts of Spain", "description": "Advice applies to to Madrid, Vitoria and Labastida in the Basque Country and La Rioja", "url": "https://www.irishtimes.com/news/health/coronavirus-government-advises-against-non-essential-travel-to-parts-of-spain-1.4200301", "urlToImage": "https://www.irishtimes.com/image-creator/?id=1.4200300&origw=1440", "publishedAt": "2020-03-11T22:08:16Z", "content": "The Government is advising against all non-essential travel to several parts of Spain due to the Covid-19 pandemic.\r\nMinister for Foreign Affairs Simon Coveney said on Wednesday night his department was upgrading its overall security status in respect of Spai\u2026 [+821 chars]"}, {"source": {"id": "the-irish-times", "name": "The Irish Times"}, "author": "Paul Cullen", "title": "Ireland\u2019s first death from coronavirus makes us 29th country to have fatality", "description": "Analysis: Community transmission cases indicate Covid-19 is circulating among us more widely than indicated", "url": "https://www.irishtimes.com/news/health/ireland-s-first-death-from-coronavirus-makes-us-29th-country-to-have-fatality-1.4200216", "urlToImage": "https://www.irishtimes.com/image-creator/?id=1.4200211&origw=1440", "publishedAt": "2020-03-11T20:15:00Z", "content": "Irelands first death from coronavirus makes this country the 29th to suffer a fatality from the disease.\r\nIt is clearly also a momentous turn of events in our battle against the disease, which began just 12 days ago with the announcement of the first confirme\u2026 [+2984 chars]"}, {"source": {"id": "the-irish-times", "name": "The Irish Times"}, "author": "Paul Cullen", "title": "Coronavirus: GPs told to go to hardware shops for face masks", "description": "Single-use surgical masks may have to be re-used with different patients if supplies get low", "url": "https://www.irishtimes.com/news/health/coronavirus-gps-told-to-go-to-hardware-shops-for-face-masks-1.4199783", "urlToImage": "https://www.irishtimes.com/polopoly_fs/1.4199779.1583932592!/image/image.jpg", "publishedAt": "2020-03-11T13:14:57Z", "content": "GPs have been told to go to hardware shops or garden centres to look for face masks for treating high-risk patients if protective equipment becomes difficult to source.\r\nSingle-use surgical masks may have to be re-used with different patients if sufficient su\u2026 [+1840 chars]"}, {"source": {"id": "the-irish-times", "name": "The Irish Times"}, "author": "Simon Carswell", "title": "Irish staff of firm at centre of US coronavirus outbreak sent home", "description": "Massachusetts has reported 70 cases linked to company\u2019s Boston conference last month", "url": "https://www.irishtimes.com/news/health/irish-staff-of-firm-at-centre-of-us-coronavirus-outbreak-sent-home-1.4200143", "urlToImage": "https://www.irishtimes.com/polopoly_fs/1.2302052.1438259328!/image/image.png", "publishedAt": "2020-03-11T19:06:16Z", "content": "Twelve Irish employees of the US biotechnology firm whose company conference in Boston last month has led to 51 coronavirus cases in Massachusetts have been directed to work from home.\r\nThe number of Covid-19 cases in the US north-eastern state have more than\u2026 [+2667 chars]"}, {"source": {"id": "the-irish-times", "name": "The Irish Times"}, "author": "Carl O'Brien", "title": "Coronavirus: Junior and Leaving Cert exams still scheduled for later this month", "description": "State Examinations Commission says oral and practical exams are set to take place", "url": "https://www.irishtimes.com/news/education/coronavirus-junior-and-leaving-cert-exams-still-scheduled-for-later-this-month-1.4200221", "urlToImage": "https://www.irishtimes.com/image-creator/?id=1.4200219&origw=1440", "publishedAt": "2020-03-11T20:19:25Z", "content": "The State Examinations Commission (SEC) says oral and practical exams for Junior and Leaving Cert students are still scheduled to take place later this month despite the coronavirus threat.\r\nHowever, the commission said it is continuing to monitor closely the\u2026 [+3895 chars]"}, {"source": {"id": "the-irish-times", "name": "The Irish Times"}, "author": "The Irish Times", "title": "Coronavirus: Italy prepares to increase fiscal stimulus", "description": "Italian prime minister called on ECB to help shore up economy", "url": "https://www.irishtimes.com/business/economy/coronavirus-italy-prepares-to-increase-fiscal-stimulus-1.4199647", "urlToImage": "https://www.irishtimes.com/image-creator/?id=1.4199646&origw=1440", "publishedAt": "2020-03-11T08:37:59Z", "content": "Italian prime minister Giuseppe Conte is preparing to increase Italys fiscal stimulus program for the fourth time in a month, officials said, after the European Union agreed to stretch its budget rules to the limit to help member states fight the coronavirus.\u2026 [+3587 chars]"}, {"source": {"id": "the-irish-times", "name": "The Irish Times"}, "author": "The Irish Times", "title": "UK chancellor unveils \u00a330bn stimulus to counter coronavirus shock", "description": "Budget marks end of decade of austerity", "url": "https://www.irishtimes.com/business/economy/uk-chancellor-unveils-30bn-stimulus-to-counter-coronavirus-shock-1.4199957", "urlToImage": "https://www.irishtimes.com/image-creator/?id=1.4199956&origw=1440", "publishedAt": "2020-03-11T16:19:19Z", "content": "Rishi Sunak ended a decade of Conservative austerity in his first UK Budget with a big increase in public spending and a \u00a330 billion (34 billion) fiscal stimulus to counter the shock of the coronavirus outbreak.\r\nThe UK chancellor acknowledged that the outbre\u2026 [+2513 chars]"}, {"source": {"id": "the-irish-times", "name": "The Irish Times"}, "author": "The Irish Times", "title": "Coronavirus: Emergency rate cut by Bank of England", "description": "Bank looking to bolster Britain\u2019s economy against coronavirus disruption", "url": "https://www.irishtimes.com/business/economy/coronavirus-emergency-rate-cut-by-bank-of-england-1.4199626", "urlToImage": "https://www.irishtimes.com/image-creator/?id=1.4199625&origw=1440", "publishedAt": "2020-03-11T07:15:07Z", "content": "The Bank of England unexpectedly cut interest rates by half a percent on Wednesday in a shock move to bolster Britains economy against disruption caused by the coronavirus outbreak.\r\nMembers of the BoEs Monetary Policy Committee voted to cut the bank rate for\u2026 [+962 chars]"}, {"source": {"id": "the-irish-times", "name": "The Irish Times"}, "author": "The Irish Times", "title": "Trump summons top bankers for emergency coronavirus meeting", "description": "US financial stocks had worst day since 2009 on Monday", "url": "https://www.irishtimes.com/business/economy/trump-summons-top-bankers-for-emergency-coronavirus-meeting-1.4199793", "urlToImage": "https://www.irishtimes.com/image-creator/?id=1.4199792&origw=1440", "publishedAt": "2020-03-11T13:34:01Z", "content": "Donald Trump has summoned some of Americas most senior bankers to an emergency coronavirus meeting on Wednesday as global lenders scramble to respond to the threat the outbreak poses to business and the economy.\r\nThe White House would not confirm who was invi\u2026 [+3612 chars]"}, {"source": {"id": "the-irish-times", "name": "The Irish Times"}, "author": "The Irish Times", "title": "Coronavirus: How your Airbnb host is feeling the pain", "description": "One Tokyo host has seen occupancy fall from 80% to zero since January", "url": "https://www.irishtimes.com/business/transport-and-tourism/coronavirus-how-your-airbnb-host-is-feeling-the-pain-1.4199691", "urlToImage": "https://www.irishtimes.com/image-creator/?id=1.4199689&origw=1440", "publishedAt": "2020-03-11T10:38:38Z", "content": "Livia De Felice, who owns two holiday rental properties and manages four others across Italy, has seen all of her bookings for March cancelled, leaving her extremely worried, she said. Austin Mao, who hosts 2,000 guests a month in his Las Vegas network of man\u2026 [+7274 chars]"}, {"source": {"id": "the-irish-times", "name": "The Irish Times"}, "author": "Joe Brennan", "title": "Coronavirus: Central Bank under pressure to allow banks to tap rainy-day capital", "description": "Move could release funds for lending as economy grapples with fallout from virus", "url": "https://www.irishtimes.com/business/financial-services/coronavirus-central-bank-under-pressure-to-allow-banks-to-tap-rainy-day-capital-1.4199705", "urlToImage": "https://www.irishtimes.com/image-creator/?id=1.4199704&origw=1440", "publishedAt": "2020-03-11T11:22:07Z", "content": "The Central Bank is under mounting pressure to allow banks to tap capital reserves set aside for a rainy day to allow them to continue to lend during the coronavirus crisis, according to analysts. Lenders in the UK have already been given the go-ahead to do s\u2026 [+2469 chars]"}, {"source": {"id": "the-irish-times", "name": "The Irish Times"}, "author": "Orla Muldoon", "title": "Coronavirus: Focus on personal responsibility is foolhardy", "description": "We are all in this together. Emphasising individual action over civic duty is a mistake", "url": "https://www.irishtimes.com/opinion/coronavirus-focus-on-personal-responsibility-is-foolhardy-1.4198924", "urlToImage": "https://www.irishtimes.com/image-creator/?id=1.4198923&origw=1440", "publishedAt": "2020-03-11T00:43:48Z", "content": "There is a heavy emphasis on personal responsibility in the public health messaging on Covid-19. The idea that individual action is capable of ameliorating a wider collective crisis is problematic at the best of times. But it is simply foolhardy to rely on it\u2026 [+4711 chars]"}, {"source": {"id": "the-irish-times", "name": "The Irish Times"}, "author": "Eoin Burke-Kennedy", "title": "Tourism industry braced for coronavirus impact as Q4 numbers show Brexit softness", "description": "Latest CSO show overseas trips by non-residents increased marginally in final quarter", "url": "https://www.irishtimes.com/business/transport-and-tourism/tourism-industry-braced-for-coronavirus-impact-as-q4-numbers-show-brexit-softness-1.4199724", "urlToImage": "https://www.irishtimes.com/image-creator/?id=1.4199723&origw=1440", "publishedAt": "2020-03-11T11:39:42Z", "content": "The number of overseas trips to Ireland by non-residents increased marginally in the final quarter of last year but the duraction of stay and earnings from overseas visitors fell.\r\nThe latest tourism figures, however, predate the outbreak of the coronavirus, \u2026 [+1806 chars]"}, {"source": {"id": "the-irish-times", "name": "The Irish Times"}, "author": "Joe Brennan", "title": "Coronavirus: Central Bank under to pressure allow banks to tap rainy-day capital", "description": "Move could release funds for lending as economy grapples with fallout from virus", "url": "https://www.irishtimes.com/business/financial-services/coronavirus-central-bank-under-to-pressure-allow-banks-to-tap-rainy-day-capital-1.4199705", "urlToImage": "https://www.irishtimes.com/image-creator/?id=1.4199704&origw=1440", "publishedAt": "2020-03-11T11:22:07Z", "content": "The Central Bank is under mounting pressure to allow banks to tap capital reserves set aside for a rainy day to allow them to continue to lend during the coronavirus crisis, according to analysts. Lenders in the UK have already been given the go-ahead to do s\u2026 [+2469 chars]"}, {"source": {"id": "the-irish-times", "name": "The Irish Times"}, "author": "Joe Brennan", "title": "Coronavirus: Central Bank under pressure to let banks tap rainy-day capital", "description": "Move could release funds for lending as economy grapples with fallout from virus", "url": "https://www.irishtimes.com/business/financial-services/coronavirus-central-bank-under-pressure-to-let-banks-tap-rainy-day-capital-1.4199705", "urlToImage": "https://www.irishtimes.com/image-creator/?id=1.4199704&origw=1440", "publishedAt": "2020-03-11T11:22:07Z", "content": "The Central Bank is under mounting pressure to allow banks to tap capital reserves set aside for a rainy day to allow them to continue to lend during the coronavirus crisis, according to analysts. Lenders in the UK have already been given the go-ahead to do s\u2026 [+2840 chars]"}, {"source": {"id": "the-irish-times", "name": "The Irish Times"}, "author": "The Irish Times", "title": "Coronavirus: Bank of England cuts interest rates from 0.75% to 0.25%", "description": "Bank looking to bolster Britain\u2019s economy against coronavirus disruption", "url": "https://www.irishtimes.com/business/economy/coronavirus-bank-of-england-cuts-interest-rates-from-0-75-to-0-25-1.4199626", "urlToImage": "https://www.irishtimes.com/image-creator/?id=1.4199625&origw=1440", "publishedAt": "2020-03-11T07:15:07Z", "content": "The Bank of England unexpectedly cut interest rates by half a percent on Wednesday in a shock move to bolster Britains economy against disruption caused by the coronavirus outbreak.\r\nMembers of the BoEs Monetary Policy Committee voted to cut the bank rate for\u2026 [+703 chars]"}, {"source": {"id": "the-irish-times", "name": "The Irish Times"}, "author": "Paul Cullen", "title": "Coronavirus is circulating among us more widely than data shows", "description": "Analysis: Ireland\u2019s first death from coronavirus makes us 29th country to have fatality", "url": "https://www.irishtimes.com/news/health/coronavirus-is-circulating-among-us-more-widely-than-data-shows-1.4200216", "urlToImage": "https://www.irishtimes.com/image-creator/?id=1.4200211&origw=1440", "publishedAt": "2020-03-11T20:15:00Z", "content": "Irelands first death from coronavirus makes this country the 29th to suffer a fatality from the disease.\r\nIt is clearly also a momentous turn of events in our battle against the disease, which began just 12 days ago with the announcement of the first confirme\u2026 [+2975 chars]"}, {"source": {"id": "the-irish-times", "name": "The Irish Times"}, "author": "The Irish Times", "title": "Coronavirus: Angst growing among Olympic organiser in Tokyo", "description": "Over $ billion has already been spent on sponsorships and $12 billion on preparations", "url": "https://www.irishtimes.com/sport/other-sports/coronavirus-angst-growing-among-olympic-organiser-in-tokyo-1.4199739", "urlToImage": "https://www.irishtimes.com/image-creator/?id=1.4199738&origw=1440", "publishedAt": "2020-03-11T12:11:57Z", "content": "For weeks, Olympic organisers have relentlessly pushed a consistent message: The Summer Games in Tokyo will not be cancelled or postponed.\r\nCancellation or delay of the Games would be unacceptable for the athletes, Olympics Minister Seiko Hashimoto said recen\u2026 [+5666 chars]"}, {"source": {"id": "the-irish-times", "name": "The Irish Times"}, "author": null, "title": "Coronavirus Q&A: Premier League, Euro 2020 and Olympics", "description": "Could Liverpool be awarded the Premier League trophy before end of the season?", "url": "https://www.irishtimes.com/sport/soccer/coronavirus-q-a-premier-league-euro-2020-and-olympics-1.4200131", "urlToImage": "https://www.irishtimes.com/image-creator/?id=1.4200130&origw=1440", "publishedAt": "2020-03-11T18:44:22Z", "content": "What approach are the football competitions in England taking to the coronavirus threat?\r\nLike all sports competitions, the Premier League and EFL are taking guidance from the government, whose position based on expert medical advice is as stated by public he\u2026 [+241 chars]"}, {"source": {"id": "the-irish-times", "name": "The Irish Times"}, "author": "David Conn", "title": "Coronavirus Q&A: Premier League, Euro 2020, Olympics", "description": "Could Liverpool be awarded the Premier League trophy before end of the season?", "url": "https://www.irishtimes.com/sport/soccer/coronavirus-q-a-premier-league-euro-2020-olympics-1.4200131", "urlToImage": "https://www.irishtimes.com/image-creator/?id=1.4200130&origw=1440", "publishedAt": "2020-03-11T18:44:22Z", "content": "What approach are the football competitions in England taking to the coronavirus threat?\r\nLike all sports competitions, the Premier League and EFL are taking guidance from the government, whose position based on expert medical advice is as stated by public he\u2026 [+3612 chars]"}, {"source": {"id": "the-irish-times", "name": "The Irish Times"}, "author": "Eoin Burke-Kennedy", "title": "Hysteria or prescience? Ireland goes big with financial response to coronavirus", "description": "Government\u2019s stimulus is one of biggest per capita potential spends of any country", "url": "https://www.irishtimes.com/business/economy/hysteria-or-prescience-ireland-goes-big-with-financial-response-to-coronavirus-1.4199139", "urlToImage": "https://www.irishtimes.com/image-creator/?id=1.4199138&origw=1440", "publishedAt": "2020-03-11T05:31:57Z", "content": "Its good politics to give worst-case scenarios. Most of the time they never arise and its better to be seen to be overly cautious than blas\u00e9. Think back to the recurring reassurances of a soft landing we got from officialdom ahead of the 2008 crash.\r\nDonald T\u2026 [+5054 chars]"}, {"source": {"id": "the-irish-times", "name": "The Irish Times"}, "author": null, "title": "The Irish Times view on the coronavirus pandemic: a time for resolve and solidarity", "description": "How the crisis plays out on the island is still something we can control", "url": "https://www.irishtimes.com/opinion/editorial/the-irish-times-view-on-the-coronavirus-pandemic-a-time-for-resolve-and-solidarity-1.4200097", "urlToImage": "https://www.irishtimes.com/image-creator/?id=1.4200096&origw=1440", "publishedAt": "2020-03-11T19:45:00Z", "content": "With coronavirus spreading rapidly across Europe, every hour of every day will count in the effort to manage the infection rate and keep down the death toll on the island. The threat posed by Covid-19 is neither abstract nor hypothetical. In a matter of weeks\u2026 [+1002 chars]"}, {"source": {"id": "the-irish-times", "name": "The Irish Times"}, "author": "Giles Richards", "title": "Coronavirus: Three F1 team members in isolation at Australian Grand Prix", "description": "Decision to hold the race coming under more scrutiny due to coronavirus concerns", "url": "https://www.irishtimes.com/sport/other-sports/coronavirus-three-f1-team-members-in-isolation-at-australian-grand-prix-1.4199641", "urlToImage": "https://www.irishtimes.com/image-creator/?id=1.4199640&origw=1440", "publishedAt": "2020-03-11T07:53:09Z", "content": "Three Formula One team members have been placed into isolation amid concerns they may have contracted the coronavirus, as the decision to go ahead with the Australian Grand Prix comes under renewed fire. One member from McLaren and two from the Haas teams wer\u2026 [+5770 chars]"}, {"source": {"id": "the-irish-times", "name": "The Irish Times"}, "author": "Se\u00e1n Moran", "title": "Se\u00e1n Moran: No easy way out for GAA in face of coronavirus", "description": "So much effort has gone into championship format that there is no room for manoeuvre", "url": "https://www.irishtimes.com/sport/gaelic-games/se%C3%A1n-moran-no-easy-way-out-for-gaa-in-face-of-coronavirus-1.4199061", "urlToImage": "https://www.irishtimes.com/image-creator/?id=1.4199058&origw=1440", "publishedAt": "2020-03-11T06:00:00Z", "content": "There is a sense of the GAA walking on eggshells as the country anxiously waits for whatever phase of the virus that shuts down everything. \r\nIt is, after all, uncomfortable to be looking at something with such serious public health implications, and worrying\u2026 [+5440 chars]"}, {"source": {"id": "the-irish-times", "name": "The Irish Times"}, "author": "The Irish Times", "title": "Juventus player Rugani tests positive for coronavirus", "description": "Juve are due to take on Lyon in a Champions League last-16 second leg next week", "url": "https://www.irishtimes.com/sport/soccer/champions-league/juventus-player-rugani-tests-positive-for-coronavirus-1.4200317", "urlToImage": "https://www.irishtimes.com/image-creator/?id=1.4200316&origw=1440", "publishedAt": "2020-03-11T23:04:50Z", "content": "Juventus defender Daniele Rugani has become the first Serie A player to test positive for coronavirus, the Turin side said on Wednesday.\r\nJuventus said in a statement that the 26-year-old Italy international, who played in matches against Brescia and SPAL in \u2026 [+1214 chars]"}, {"source": {"id": "the-irish-times", "name": "The Irish Times"}, "author": "The Irish Times", "title": "Coronavirus \u2013 responding to a crisis", "description": "Sir, \u2013 Can anyone tell me how you can keep two metres away from others on a crowded Dart, Luas, bus or aircraft? \u2013 Yours, etc, ANNE DUNNE, Raheny, Dublin 5. Sir, \u2013 Did my ears deceive me about confirmation that the four-day Cheltenham horse racing festival is\u2026", "url": "https://www.irishtimes.com/opinion/letters/coronavirus-responding-to-a-crisis-1.4199004", "urlToImage": "https://www.irishtimes.com/polopoly_fs/1.3619339.1536160376!/image/image.jpg", "publishedAt": "2020-03-11T00:10:00Z", "content": "Sir, Can anyone tell me how you can keep two metres away from others on a crowded Dart, Luas, bus or aircraft? Yours, etc,\r\nANNE DUNNE, \r\nRaheny,\r\nDublin 5. \r\nSir, Did my ears deceive me about confirmation that the four-day Cheltenham horse racing festival is\u2026 [+5294 chars]"}, {"source": {"id": "the-irish-times", "name": "The Irish Times"}, "author": null, "title": "Coronavirus: Your travel questions answered", "description": "We asked readers to submit their travel concerns and questions. Below are a selection of answers, which we will continue to add to. Question: I bought a flight to London, going out on March 24th and returning on the 25th. I would like to know if the are fligh\u2026", "url": "https://www.irishtimes.com/life-and-style/travel/coronavirus-your-travel-questions-answered-1.4199812", "urlToImage": "https://www.irishtimes.com/image-creator/?id=1.4199811&origw=1440", "publishedAt": "2020-03-11T14:15:00Z", "content": "We asked readers to submit their travel concerns and questions. Below are a selection of answers, which we will continue to add to.\r\nQuestion: I bought a flight to London, going out on March 24th and returning on the 25th. I would like to know if the are flig\u2026 [+371 chars]"}, {"source": {"id": "the-irish-times", "name": "The Irish Times"}, "author": "Ciara O'Brien", "title": "Employees working remotely due to coronavirus may face online congestion", "description": "Eir and Virgin Media Ireland say networks can handle rise in users logging on at home", "url": "https://www.irishtimes.com/business/technology/coronavirus-employees-working-remotely-could-face-online-traffic-jams-1.4199740", "urlToImage": "https://www.irishtimes.com/polopoly_fs/1.4199736.1583928842!/image/image.jpg", "publishedAt": "2020-03-11T12:15:32Z", "content": "Recruitment firm Indeed was first to do it. Google had a few days of it. VodafoneIreland asked employees to transition a few days ago. As the coronavirus outbreak spreads, it seems everyone is turning to remote working as a potential solution to keep their bu\u2026 [+375 chars]"}, {"source": {"id": "the-irish-times", "name": "The Irish Times"}, "author": "The Irish Times", "title": "Coronavirus: Police enforce separation in Italy", "description": "The number of people infected with coronavirus topped 119,000 and over 4,000 have died across the world as the outbreak spread to more countries, causing greater economic damage. Police are forcing people to keep apart in Italian cafes as part of efforts to c\u2026", "url": "https://www.irishtimes.com/news/world/coronavirus-police-enforce-separation-in-italy-1.4199623", "urlToImage": "https://www.irishtimes.com/image-creator/?id=1.4199622&origw=1440", "publishedAt": "2020-03-11T07:08:21Z", "content": "The number of people infected with coronavirus topped 119,000 and over 4,000 have died across the world as the outbreak spread to more countries, causing greater economic damage.\r\nPolice are forcing people to keep apart in Italian cafes as part of efforts to \u2026 [+4399 chars]"}, {"source": {"id": "the-irish-times", "name": "The Irish Times"}, "author": "Charlie Taylor", "title": "Irish tech-focused conferences rescheduled due to coronavirus", "description": "A number of tech-focused conferences due to take place in Dublin in the coming months have been postponed due to the spread of the coronavirus that leads to Covid-19. FutureScope, the annual one-day event run by Dublin BIC, was due to take place on April 1st \u2026", "url": "https://www.irishtimes.com/business/technology/irish-tech-focused-conferences-rescheduled-due-to-coronavirus-1.4199758", "urlToImage": "https://www.irishtimes.com/image-creator/?id=1.4199757&origw=1440", "publishedAt": "2020-03-11T12:44:50Z", "content": "A number of tech-focused conferences due to take place in Dublin in the coming months have been postponed due to the spread of the coronavirus that leads to Covid-19.\r\nFutureScope, the annual one-day event run by Dublin BIC, was due to take place on April 1st\u2026 [+1809 chars]"}, {"source": {"id": "the-irish-times", "name": "The Irish Times"}, "author": "Rebecca Ratcliffe, Justin McCurry, Helen Davidson", "title": "What strategies did Asia use to slow down coronavirus?", "description": "From Singapore to South Korea, countries across Asia have been mobilising for weeks in an attempt to contain the spread of the coronavirus. Some have had successes, combining mass-testing, technology and social distancing to stem the tide of infections. But u\u2026", "url": "https://www.irishtimes.com/news/world/asia-pacific/what-strategies-did-asia-use-to-slow-down-coronavirus-1.4199768", "urlToImage": "https://www.irishtimes.com/image-creator/?id=1.4199767&origw=1200", "publishedAt": "2020-03-11T12:58:18Z", "content": "From Singapore to South Korea, countries across Asia have been mobilising for weeks in an attempt to contain the spread of the coronavirus. Some have had successes, combining mass-testing, technology and social distancing to stem the tide of infections. But u\u2026 [+10690 chars]"}, {"source": {"id": "the-irish-times", "name": "The Irish Times"}, "author": "Giles Richards", "title": "Coronavirus: Three F1 drivers in isolation at Australian Grand Prix", "description": "Three Formula One team members have been placed into isolation amid concerns they may have contracted the coronavirus, as the decision to go ahead with the Australian Grand Prix comes under renewed fire. One member from McLaren and two from the Haas teams wer\u2026", "url": "https://www.irishtimes.com/sport/other-sports/coronavirus-three-f1-drivers-in-isolation-at-australian-grand-prix-1.4199641", "urlToImage": "https://www.irishtimes.com/image-creator/?id=1.4199640&origw=1440", "publishedAt": "2020-03-11T07:53:09Z", "content": "Three Formula One team members have been placed into isolation amid concerns they may have contracted the coronavirus, as the decision to go ahead with the Australian Grand Prix comes under renewed fire. One member from McLaren and two from the Haas teams wer\u2026 [+5770 chars]"}, {"source": {"id": "the-irish-times", "name": "The Irish Times"}, "author": "Melissa Davey", "title": "Coronavirus: What is a pandemic and what does the WHO\u2019s declaration mean?", "description": "What will it mean for the way the Covid-19 outbreak is treated and prepared for?", "url": "https://www.irishtimes.com/news/health/coronavirus-what-is-a-pandemic-and-what-does-the-who-s-declaration-mean-1.4200123", "urlToImage": "https://www.irishtimes.com/image-creator/?id=1.4200122&origw=1440", "publishedAt": "2020-03-11T18:41:27Z", "content": "Pandemics have nothing to do with the severity of a disease but are to do with its geographic spread. According to the World Health Organisation, a pandemic is declared when a new disease for which people do not have immunity spreads around the world beyond e\u2026 [+338 chars]"}, {"source": {"id": "the-irish-times", "name": "The Irish Times"}, "author": "Colin Gleeson", "title": "Coronavirus: Trinity College Dublin confirms second positive test for Covid-19", "description": "Man being treated and university to withdraw students from hospital placements", "url": "https://www.irishtimes.com/news/education/coronavirus-trinity-college-confirms-second-positive-test-for-covid-19-1.4200327", "urlToImage": "https://www.irishtimes.com/image-creator/?id=1.4200326&origw=1440", "publishedAt": "2020-03-11T23:38:02Z", "content": "Trinity College Dublin has confirmed that a second member of the university community has tested positive for Covid-19.\r\nThe college told staff and students earlier this week that a member of its community was diagnosed with coronavirus but appeared to have m\u2026 [+2314 chars]"}, {"source": {"id": "the-irish-times", "name": "The Irish Times"}, "author": "Naomi O\u2019Leary", "title": "The lessons of Italy\u2019s coronavirus crisis", "description": "Europe Letter: Other countries urged to act promptly and communicate clearly", "url": "https://www.irishtimes.com/news/world/europe/the-lessons-of-italy-s-coronavirus-crisis-1.4200181", "urlToImage": "https://www.irishtimes.com/image-creator/?id=1.4200176&origw=1440", "publishedAt": "2020-03-11T20:00:00Z", "content": "A fortnight ago, Michela di Maria noticed a trickle of cancellations for her family-run restaurant Due Ladroni, which is nestled between a medieval fountain and the east bank of the Tiber in Romes historic centre.\r\nThis Wednesday she handed out gloves and hom\u2026 [+4629 chars]"}, {"source": {"id": "the-irish-times", "name": "The Irish Times"}, "author": "Suzanne Lynch", "title": "Taoiseach travels to US despite coronavirus threat", "description": "Varadkar due to meet Trump and attend shamrock ceremony in the White House", "url": "https://www.irishtimes.com/news/world/us/taoiseach-travels-to-us-despite-coronavirus-threat-1.4199603", "urlToImage": "https://www.irishtimes.com/image-creator/?id=1.4199602&origw=1440", "publishedAt": "2020-03-11T06:32:04Z", "content": "Taoiseach Leo Varadkar travels to Washington on Wednesday, amid signs that the meeting iwith US president Donald Trump will go ahead as planned, despite the threat of coronavirus.\r\nMr Varadkar is due to meet the US president on Thursday morning and attend the\u2026 [+3903 chars]"}, {"source": {"id": "the-irish-times", "name": "The Irish Times"}, "author": "Guy Hedgecoe", "title": "Coronavirus crisis could last up to four months, says Spain", "description": "Madrid worst affected area as total cases rise to over 2,100 and 10 deaths on Wednesday alone", "url": "https://www.irishtimes.com/news/world/europe/coronavirus-crisis-could-last-up-to-four-months-says-spain-1.4199955", "urlToImage": "https://www.irishtimes.com/image-creator/?id=1.4199953&origw=1440", "publishedAt": "2020-03-11T16:12:21Z", "content": "Spains government says it expects the coronavirus crisis to last up to four months as it struggles to bring the viruss rapid spread under control.\r\nThe government said on Wednesday that just over 2,100 people were infected and 49 had died across the country f\u2026 [+3118 chars]"}, {"source": {"id": "the-irish-times", "name": "The Irish Times"}, "author": "Suzanne Lynch", "title": "Coronavirus: St Patrick\u2019s Day parade in Chicago is cancelled", "description": "New York parade is set to go ahead as US takes action amid spread of Covid-19", "url": "https://www.irishtimes.com/news/world/us/coronavirus-st-patrick-s-day-parade-in-chicago-is-cancelled-1.4200050", "urlToImage": "https://www.irishtimes.com/image-creator/?id=1.4200048&origw=1440", "publishedAt": "2020-03-11T17:39:26Z", "content": "The St Patricks Day parade in Chicago has been cancelled due to the coronavirus outbreak. The organisers of the parade one of the biggest in the US announced the decision on Wednesday morning. \r\nIt had been scheduled to take place on Saturday. Taoiseach Leo V\u2026 [+2650 chars]"}, {"source": {"id": "the-irish-times", "name": "The Irish Times"}, "author": "Denis Staunton", "title": "Coronavirus: UK promises unlimited funding for NHS to fight disease", "description": "Chancellor unveils \u00a330bn package of emergency measures in budget to help economy", "url": "https://www.irishtimes.com/news/world/uk/coronavirus-uk-promises-unlimited-funding-for-nhs-to-fight-disease-1.4199880", "urlToImage": "https://www.irishtimes.com/image-creator/?id=1.4199878&origw=1440", "publishedAt": "2020-03-11T15:32:30Z", "content": "The British government has unveiled a \u00a330 billion (34 billion) package of emergency measures to ease the economic impact of coronavirus, promising unlimited financial resources to the National Health Service (NHS) to fight the virus.\r\nChancellor of the excheq\u2026 [+2907 chars]"}, {"source": {"id": "the-irish-times", "name": "The Irish Times"}, "author": "The Irish Times", "title": "Wall Street slumps at open as investors wary of US response to coronavirus", "description": "US stock indexes fell sharply at the open on Wednesday as investors were sceptical about President Donald Trump\u2019s stimulus plan to combat the coronavirus epidemic. The Dow Jones Industrial Average fell 413.53 points, or 1.65 per cent, at the open to 24,604.63\u2026", "url": "https://www.irishtimes.com/business/markets/wall-street-slumps-at-open-as-investors-wary-of-us-response-to-coronavirus-1.4199797", "urlToImage": "https://www.irishtimes.com/image-creator/?id=1.4199796&origw=1440", "publishedAt": "2020-03-11T13:48:55Z", "content": "US stock indexes fell sharply at the open on Wednesday as investors were sceptical about President Donald Trumps stimulus plan to combat the coronavirus epidemic.\r\nThe Dow Jones Industrial Average fell 413.53 points, or 1.65 per cent, at the open to 24,604.63\u2026 [+754 chars]"}, {"source": {"id": "the-irish-times", "name": "The Irish Times"}, "author": "Barry Roche", "title": "Coronavirus: Spraoi hopes the show will go on later in the year", "description": "One of the country\u2019s largest street theatre groups has expressed disappointment at the decision to cancel all St Patrick\u2019s Day parades, but hopes its work will get a showing later this year. Waterford-based street spectacle group Spraoi was due to participate\u2026", "url": "https://www.irishtimes.com/culture/coronavirus-spraoi-hopes-the-show-will-go-on-later-in-the-year-1.4199002", "urlToImage": "https://www.irishtimes.com/image-creator/?id=1.4199001&origw=1440", "publishedAt": "2020-03-11T01:00:00Z", "content": "One of the countrys largest street theatre groups has expressed disappointment at the decision to cancel all St Patricks Day parades, but hopes its work will get a showing later this year.\r\nWaterford-based street spectacle group Spraoi was due to participate \u2026 [+3000 chars]"}, {"source": {"id": "the-irish-times", "name": "The Irish Times"}, "author": "Noel MacKey", "title": "\u2018Life is rather grim living a confined lifestyle\u2019 \u2013 coronavirus in South Korea", "description": "I\u2019ve lived in South Korea for more than 20 years. I\u2019m 73-years-old, originally from Co Kilkenny. Life has changed in the last few weeks since the coronavirus has struck. My wife, Kyung Hee, and I had made plans to take her 105-year - old mother out for a spec\u2026", "url": "https://www.irishtimes.com/life-and-style/abroad/life-is-rather-grim-living-a-confined-lifestyle-coronavirus-in-south-korea-1.4200022", "urlToImage": "https://www.irishtimes.com/image-creator/?id=1.4200021&origw=1440", "publishedAt": "2020-03-11T17:22:00Z", "content": "Ive lived in South Korea for more than 20 years. Im 73-years-old, originally from Co Kilkenny. Life has changed in the last few weeks since the coronavirus has struck. \r\nMy wife, Kyung Hee, and I had made plans to take her 105-year - old mother out for a spec\u2026 [+4281 chars]"}, {"source": {"id": "the-irish-times", "name": "The Irish Times"}, "author": "Noel Mackey", "title": "How coronavirus affects me and my 105-year-old mother-in-law", "description": "I\u2019ve lived in South Korea for more than 20 years. I\u2019m 73 years old, originally from Co Kilkenny. Life has changed in the last few weeks since the coronavirus has struck. My wife, Kyung Hee, and I had made plans to take her 105-year-old mother out for a specia\u2026", "url": "https://www.irishtimes.com/life-and-style/abroad/how-coronavirus-affects-me-and-my-105-year-old-mother-in-law-1.4200022", "urlToImage": "https://www.irishtimes.com/image-creator/?id=1.4200021&origw=1440", "publishedAt": "2020-03-11T17:22:00Z", "content": "Ive lived in South Korea for more than 20 years. Im 73 years old, originally from Co Kilkenny. Life has changed in the last few weeks since the coronavirus has struck.\r\nMy wife, Kyung Hee, and I had made plans to take her 105-year-old mother out for a special\u2026 [+4266 chars]"}, {"source": {"id": "the-irish-times", "name": "The Irish Times"}, "author": "Fiach Kelly, Jennifer Bray", "title": "Green Party calls for government of national unity to deal with coronavirus", "description": "All parties urged to suspend discussions on forming a majority government", "url": "https://www.irishtimes.com/news/politics/green-party-calls-for-government-of-national-unity-to-deal-with-coronavirus-1.4200020", "urlToImage": "https://www.irishtimes.com/image-creator/?id=1.4200019&origw=1440", "publishedAt": "2020-03-11T17:11:06Z", "content": "The Green Party has called for a government of national unity to deal with coronavirus. \r\nThe Green parliamentary party held a meeting in Leinster House on Wednesday afternoon, which sources beforehand said would discuss the next steps forward in government f\u2026 [+1712 chars]"}, {"source": {"id": "the-irish-times", "name": "The Irish Times"}, "author": "The Irish Times", "title": "Coronavirus: Italy in lockdown, as Belgium, Sweden and Bulgaria report first deaths", "description": "Lagarde says Europe risks shock similar to 2008 crisis as Hungary declares emergency", "url": "https://www.irishtimes.com/news/world/coronavirus-italy-in-lockdown-as-belgium-sweden-and-bulgaria-report-first-deaths-1.4199623", "urlToImage": "https://www.irishtimes.com/image-creator/?id=1.4199805&origw=1440", "publishedAt": "2020-03-11T07:08:21Z", "content": "An increasingly locked down Italy has more than 10,000 coronavirus infections and recorded soaring deaths among its ageing population.\r\nCapital city Rome has been transformed into a ghost town after Italys 62-million population was told to mostly stay at home\u2026 [+6285 chars]"}, {"source": {"id": "the-irish-times", "name": "The Irish Times"}, "author": "The Irish Times", "title": "Coronavirus: Italy in lockdown, US cases top 1k, Belgium reports first death", "description": "The number of people infected with coronavirus hit 119,100 with 4,298 deaths", "url": "https://www.irishtimes.com/news/world/coronavirus-italy-in-lockdown-us-cases-top-1k-belgium-reports-first-death-1.4199623", "urlToImage": "https://www.irishtimes.com/image-creator/?id=1.4199622&origw=1440", "publishedAt": "2020-03-11T07:08:21Z", "content": "More than 119,100 people have been infected by the coronavirus across the world and 4,298 have died across the world as the outbreak spread to more countries, causing greater economic damage.\r\nPolice are forcing people to keep apart in Italian cafes as part o\u2026 [+5002 chars]"}, {"source": {"id": "the-irish-times", "name": "The Irish Times"}, "author": null, "title": "Coronavirus: UK expected to move to next phase of fighting outbreak", "description": "New strategy to encourage \u2018social distancing\u2019 likely to see more people working from home", "url": "https://www.irishtimes.com/news/world/uk/coronavirus-uk-expected-to-move-to-next-phase-of-fighting-outbreak-1.4199880", "urlToImage": "https://www.irishtimes.com/image-creator/?id=1.4200315&origw=1440", "publishedAt": "2020-03-11T15:32:30Z", "content": "Britain is expected to move on Thursday into the next stage of its strategy to combat the coronavirus, encouraging social distancing to slow the spread of the disease. Boris Johnson will chair an emergency Cobra meeting where the decision will be made to move\u2026 [+195 chars]"}]}