{"status": "ok", "totalResults": 75, "articles": [{"source": {"id": "the-irish-times", "name": "The Irish Times"}, "author": "Fiach Kelly", "title": "Coronavirus: Hotline needed for workers concerned over social distancing - O\u2019Dea", "description": "Fianna F\u00e1il TD contacted by workers concerned measures not being followed", "url": "https://www.irishtimes.com/news/ireland/irish-news/coronavirus-hotline-needed-for-workers-concerned-over-social-distancing-o-dea-1.4217284", "urlToImage": "https://www.irishtimes.com/image-creator/?id=1.4217283&origw=1440", "publishedAt": "2020-04-01T05:00:35Z", "content": "The Government should establish a confidential hotline for workers who are concerned their employers arent adhering to physical distancing guidelines to prevent the spread of coronavirus. \r\nLimerick City TD Willie ODea, Fianna F\u00e1ils spokesman has said he has \u2026 [+946 chars]"}, {"source": {"id": "the-irish-times", "name": "The Irish Times"}, "author": "Jack Power", "title": "Coronavirus: Daffodil grower\u2019s business blooms from online orders", "description": "Farmer left with huge numbers of flowers when cancer fundraiser was cancelled", "url": "https://www.irishtimes.com/news/ireland/irish-news/coronavirus-daffodil-grower-s-business-blooms-from-online-orders-1.4218200", "urlToImage": "https://www.irishtimes.com/image-creator/?id=1.4218197&origw=1440", "publishedAt": "2020-04-01T18:34:19Z", "content": "Until a few weeks ago Darragh McCullough (43) was preparing to ship 160,000 daffodil stalks from his 75-acre farm to the Irish Cancer Society for its annual Daffodil Day fundraiser. \r\nMr McCullough has been growing flowers for commercial sale for 20 years on \u2026 [+1496 chars]"}, {"source": {"id": "the-irish-times", "name": "The Irish Times"}, "author": "Conor Gallagher", "title": "Coronavirus: Launch of re-enlistment scheme for Defence Forces", "description": "Technicians, fitters, chefs, communications and IT specialists and Naval staff among specialities in demand", "url": "https://www.irishtimes.com/news/ireland/irish-news/coronavirus-launch-of-re-enlistment-scheme-for-defence-forces-1.4218248", "urlToImage": "https://www.irishtimes.com/image-creator/?id=1.4218246&origw=1440", "publishedAt": "2020-04-01T19:02:05Z", "content": "Former Defence Forces members will be able to re-enlist for as short as three months as part of Government efforts to fight coronavirus.\r\nThe new scheme was launched on Wednesday following activating legislation passed by the D\u00e1il two weeks ago. The focus is \u2026 [+1186 chars]"}, {"source": {"id": "the-irish-times", "name": "The Irish Times"}, "author": "Brian Hutton", "title": "Coronavirus: Bookshops struggle as delivery costs curb online sales", "description": "About 300 bricks-and-mortar bookshops in the State face uncertain future", "url": "https://www.irishtimes.com/news/ireland/irish-news/coronavirus-bookshops-struggle-as-delivery-costs-curb-online-sales-1.4217134", "urlToImage": "https://www.irishtimes.com/image-creator/?id=1.4217124&origw=921", "publishedAt": "2020-04-01T00:00:00Z", "content": "One morning last week a greeting card was pushed under the bolted door of the Village Bookshop in Terenure, Dublin. It was from an occasional customer. \r\nA very nice, quiet, well-spoken lady . . . I didnt even know her second name, says shop owner Alice Walsh\u2026 [+4341 chars]"}, {"source": {"id": "the-irish-times", "name": "The Irish Times"}, "author": "Paul Cullen, Jack Horgan-Jones", "title": "Coronavirus: Death rate from virus in Ireland rises to 2.4%", "description": "It will take 10 days to reach testing goal, Minister says", "url": "https://www.irishtimes.com/news/ireland/irish-news/coronavirus-death-rate-from-covid-19-in-ireland-rises-to-2-4-1.4217657", "urlToImage": "https://www.irishtimes.com/image-creator/?id=1.4217656&origw=1440", "publishedAt": "2020-04-01T08:56:34Z", "content": "The death rate from Covid-19 in the State has risen to 2.4 per cent, a new report shows, as the disease takes a further toll on vulnerable groups.\r\nOf the 2,677 laboratory confirmed cases of the virus, 64 had died by last Monday, giving a case fatality rate o\u2026 [+5014 chars]"}, {"source": {"id": "the-irish-times", "name": "The Irish Times"}, "author": "Colm Keena", "title": "Coronavirus: Garda\u00ed waiting on new powers to enforce restrictions", "description": "Not clear when new law will be ready to be signed by Harris and Department of Justice", "url": "https://www.irishtimes.com/news/crime-and-law/coronavirus-garda%C3%AD-waiting-on-new-powers-to-enforce-restrictions-1.4218270", "urlToImage": "https://www.irishtimes.com/image-creator/?id=1.4218269&origw=1440", "publishedAt": "2020-04-01T19:24:01Z", "content": "The announcement of enhanced restrictions on social movement changed the role of policing in the coronavirus crisis, the president of the Garda Representative Association (GRA) has said.\r\nTaoiseach Leo Varadkar announced a new public health policy last Friday\u2026 [+1758 chars]"}, {"source": {"id": "the-irish-times", "name": "The Irish Times"}, "author": "David Raleigh", "title": "\u2018Everyone still thinks it\u2019s a joke\u2019 - parents of toddler with coronavirus speak out", "description": "Jayce Lyons (2 1/2) \u2018up and about, but he\u2019s still coughing\u2019", "url": "https://www.irishtimes.com/news/health/everyone-still-thinks-it-s-a-joke-parents-of-toddler-with-coronavirus-speak-out-1.4217666", "urlToImage": "https://www.irishtimes.com/image-creator/?id=1.4217664&origw=1200", "publishedAt": "2020-04-01T09:10:52Z", "content": "The parents of a two-and-half-year-old boy who tested positive for COVID-19, warned people to heed expert medical advice about the virus and stay indoors to stop it spreading.\r\nJayce Lyons received a positive result for coronavirus on Friday, six days after b\u2026 [+1930 chars]"}, {"source": {"id": "the-irish-times", "name": "The Irish Times"}, "author": "Paul Cullen, Jack Horgan-Jones", "title": "Coronavirus: Irish death rate from Covid-19 rises to 2.4% of cases", "description": "It will take 10 days to reach testing goal, Minister says", "url": "https://www.irishtimes.com/news/ireland/irish-news/coronavirus-varadkar-says-there-will-be-delay-in-testing-and-results-in-coming-weeks-1.4217657", "urlToImage": "https://www.irishtimes.com/image-creator/?id=1.4217811&origw=1440", "publishedAt": "2020-04-01T08:56:34Z", "content": "Taoiseach Leo Varadkar has said there will be delays in Covid-19 tests and results in the coming weeks.\r\nSpeaking in Dublin on Wednesday, Mr Varadkar told reporters he understands the anxiety and worry of people waiting for tests and results. He said: The cur\u2026 [+5678 chars]"}, {"source": {"id": "the-irish-times", "name": "The Irish Times"}, "author": "Sarah Burns", "title": "Ten pregnant women at Dublin maternity hospital test positive for coronavirus", "description": "Master of Rotunda says patients should be reassured there are no proven cases of transmission from mother to baby during pregnancy", "url": "https://www.irishtimes.com/news/health/ten-pregnant-women-at-dublin-maternity-hospital-test-positive-for-coronavirus-1.4217874", "urlToImage": "https://www.irishtimes.com/polopoly_fs/1.4217871.1585750122!/image/image.jpg", "publishedAt": "2020-04-01T14:08:47Z", "content": "Ten pregnant women at the Rotunda Hospital in Dublin have tested positive for the coronavirus, the master of the hospital has said.\r\nProfessor Fergal Malone said fewer than 20 out of 1,000 staff at the hospital have tested positive for the virus. Prof Malone \u2026 [+1031 chars]"}, {"source": {"id": "the-irish-times", "name": "The Irish Times"}, "author": "Jennifer Bray", "title": "Coronavirus: Contact tracing to be extended to suspected cases in effort to combat Covid-19", "description": "Varadkar says there will be delays in testing and results in coming weeks", "url": "https://www.irishtimes.com/news/ireland/irish-news/coronavirus-contact-tracing-to-be-extended-to-suspected-cases-in-effort-to-combat-covid-19-1.4217657", "urlToImage": "https://www.irishtimes.com/image-creator/?id=1.4217811&origw=1440", "publishedAt": "2020-04-01T08:56:34Z", "content": "Contact tracing will now be carried out for those suspected of having coronavirus as part of new measures to halt its spread, the Minister for Health Simon Harris has said.\r\nA team of 1,400 health officials will now begin contacting those who have been in clo\u2026 [+7215 chars]"}, {"source": {"id": "the-irish-times", "name": "The Irish Times"}, "author": "Sarah Burns", "title": "Ten women who attended Dublin maternity hospital tested positive for coronavirus", "description": "Master of Rotunda says patients should be reassured there are no proven cases of transmission from mother to baby during pregnancy", "url": "https://www.irishtimes.com/news/health/ten-women-who-attended-dublin-maternity-hospital-tested-positive-for-coronavirus-1.4217874", "urlToImage": "https://www.irishtimes.com/polopoly_fs/1.4217871.1585763739!/image/image.jpg", "publishedAt": "2020-04-01T14:08:47Z", "content": "Up to 10 women who have tested positive for coronavirus have attended the Rotunda maternity hospital in Dublin.\r\nSome of them were outpatients, and remain well in the outpatient setting, a spokesperson for the hospital said.\r\nThe Master of the Rotunda Profess\u2026 [+2334 chars]"}, {"source": {"id": "the-irish-times", "name": "The Irish Times"}, "author": "Colm Keena", "title": "Coronavirus: People in residential care with Covid-19 should be kept in homes, crisis team says", "description": "NPHET develops enhanced policies aimed at preventing spread in nursing homes", "url": "https://www.irishtimes.com/news/health/people-in-residential-care-with-covid-19-should-be-kept-in-homes-crisis-team-says-1.4218071", "urlToImage": "https://www.irishtimes.com/image-creator/?id=1.4218070&origw=1440", "publishedAt": "2020-04-01T16:13:44Z", "content": "The residents of nursing homes and other residential care institutions who have Covid-19 should be kept in the homes if there is no clinical or other advantage to them being moved, according to the national team overseeing the coronavirus crisis.\r\nWith approx\u2026 [+2957 chars]"}, {"source": {"id": "the-irish-times", "name": "The Irish Times"}, "author": "Paul Cullen, Jack Horgan-Jones", "title": "Coronavirus: Varadkar says there will be delays in testing and results in coming weeks", "description": "Taoiseach says Ireland has decided \u2018to do a lot of tests\u2019", "url": "https://www.irishtimes.com/news/ireland/irish-news/coronavirus-varadkar-says-there-will-be-delays-in-testing-and-results-in-coming-weeks-1.4217657", "urlToImage": "https://www.irishtimes.com/image-creator/?id=1.4217811&origw=1440", "publishedAt": "2020-04-01T08:56:34Z", "content": "Taoiseach Leo Varadkar has said there will be delays in Covid-19 tests and results in the coming weeks.\r\nSpeaking in Dublin on Wednesday, Mr Varadkar told reporters he understands the anxiety and worry of people waiting for tests and results. He said: The cur\u2026 [+5269 chars]"}, {"source": {"id": "the-irish-times", "name": "The Irish Times"}, "author": "Freya McClements", "title": "Coronavirus: Warning that 3,000 people could die in North over 20 weeks", "description": "180 patients with virus would require ventilation and critical care beds \u2013 Minister", "url": "https://www.irishtimes.com/news/ireland/irish-news/coronavirus-warning-that-3-000-people-could-die-in-north-over-20-weeks-1.4217869", "urlToImage": "https://www.irishtimes.com/image-creator/?id=1.4217866&origw=1440", "publishedAt": "2020-04-01T13:59:03Z", "content": "Three thousand people could die of coronavirus in Northern Ireland in 20 weeks, according to the estimates by the Department of Health (DoH). \r\nUnder the reasonable worst case scenario modelling, the peak of the first wave of the coronavirus epidemic is expec\u2026 [+3324 chars]"}, {"source": {"id": "the-irish-times", "name": "The Irish Times"}, "author": "Kevin O'Sullivan", "title": "Urgent call-out for Irish scientists to help global coronavirus response", "description": "They\u2019ve been asked to undertake critical research, development and innovation projects", "url": "https://www.irishtimes.com/news/science/urgent-call-out-for-irish-scientists-to-help-global-coronavirus-response-1.4217710", "urlToImage": "https://www.irishtimes.com/image-creator/?id=1.4217709&origw=1440", "publishedAt": "2020-04-01T10:11:59Z", "content": "An urgent, call-out has been issued to Irish scientists to undertake critical research, development and innovation projects to support the national and global response to Covid-19.\r\nThis is in response to a global research roadmap issued by the World Health O\u2026 [+3081 chars]"}, {"source": {"id": "the-irish-times", "name": "The Irish Times"}, "author": "Ronan McGreevy", "title": "Coronavirus: Pensioner serenades wife through nursing room window on 50th wedding anniversary", "description": "\u2018He wanted to make the day as special as possible for her despite what is going on in Ireland and the world\u2019", "url": "https://www.irishtimes.com/news/ireland/irish-news/coronavirus-pensioner-serenades-wife-through-nursing-room-window-on-50th-wedding-anniversary-1.4218280", "urlToImage": "https://www.irishtimes.com/image-creator/?id=1.4218279&origw=959", "publishedAt": "2020-04-01T19:30:40Z", "content": "A golden wedding anniversary is a special event and not even Covid-19 was going to stop Denis McCarthy from marking the occasion in style.\r\nBecause of the Coronavirus restrictions, Mr McCarthy was unable to give his wife of 50 years Ann, who is in a nursing h\u2026 [+1742 chars]"}, {"source": {"id": "the-irish-times", "name": "The Irish Times"}, "author": "Colm Keena", "title": "Coronavirus: Crisis team recommends people in residential care are kept in homes", "description": "NPHET develops enhanced policies aimed at preventing spread in nursing homes", "url": "https://www.irishtimes.com/news/health/coronavirus-crisis-team-recommends-people-in-residential-care-are-kept-in-homes-1.4218071", "urlToImage": "https://www.irishtimes.com/image-creator/?id=1.4218070&origw=1440", "publishedAt": "2020-04-01T16:13:44Z", "content": "The residents of nursing homes and other residential care institutions who have Covid-19 should be kept in the homes if there is no clinical or other advantage to them being moved, according to the national team overseeing the coronavirus crisis.\r\nWith approx\u2026 [+2957 chars]"}, {"source": {"id": "the-irish-times", "name": "The Irish Times"}, "author": "Patsy McGarry", "title": "Coronavirus: Catholic priests under pressure to perform funeral Masses despite Covid-19", "description": "Significant numbers of Irish Catholic priests cocooned in their homes as they are over 70", "url": "https://www.irishtimes.com/news/social-affairs/religion-and-beliefs/coronavirus-catholic-priests-under-pressure-to-perform-funeral-masses-despite-covid-19-1.4217162", "urlToImage": "https://www.irishtimes.com/image-creator/?id=1.4214991&origw=711", "publishedAt": "2020-04-01T00:00:03Z", "content": "Catholic priests are coming under continuing pressure to hold funeral Masses, particularly in rural Ireland, despite Government restrictions due to coronavirus.\r\nFr Brendan Hoban, co-founder of the Association of Catholic Priests, called on the Irish bishops \u2026 [+3696 chars]"}, {"source": {"id": "the-irish-times", "name": "The Irish Times"}, "author": "Jack Power", "title": "Family endures \u2018surreal\u2019 funeral for father as mother also fights coronavirus", "description": "Son tells of how grieving siblings had to sit apart at funeral and could not comfort each other", "url": "https://www.irishtimes.com/news/ireland/irish-news/family-endures-surreal-funeral-for-father-as-mother-also-fights-coronavirus-1.4218313", "urlToImage": "https://www.irishtimes.com/image-creator/?id=1.4218302&origw=787", "publishedAt": "2020-04-01T20:07:09Z", "content": "A family whose elderly father died in recent days from the coronavirus has described his funeral as heartbreaking, particularly so as their mother is currently suffering from Covid-19 in a nursing home. \r\nJohn McGroddy (82) died late on Saturday night in a nu\u2026 [+2998 chars]"}, {"source": {"id": "the-irish-times", "name": "The Irish Times"}, "author": "The Irish Times", "title": "Coronavirus: It will take 10 days to reach testing goal, says Harris", "description": "Minister for Health says global supplies shortage affecting Ireland", "url": "https://www.irishtimes.com/news/ireland/irish-news/coronavirus-it-will-take-10-days-to-reach-testing-goal-says-harris-1.4217657", "urlToImage": "https://www.irishtimes.com/image-creator/?id=1.4217656&origw=1440", "publishedAt": "2020-04-01T08:56:34Z", "content": "It will probably take 10 days to fully ramp up lab services for coronavirus testing around the country, Minister for Health Simon Harris has said.\r\nTesting will not change medical advice and anyone with symptoms must stay at home, he told RT\u00c9 radio.\r\nMr Harri\u2026 [+2697 chars]"}, {"source": {"id": "the-irish-times", "name": "The Irish Times"}, "author": "Paul Cullen", "title": "Coronavirus: Irish death rate from Covid-19 rises to 2.4% of cases", "description": "Overall rate likely to be lower when undiagnosed cases are eventually calculated", "url": "https://www.irishtimes.com/news/health/coronavirus-irish-death-rate-from-covid-19-rises-to-2-4-of-cases-1.4217851", "urlToImage": "https://www.irishtimes.com/image-creator/?id=1.4217845&origw=1440", "publishedAt": "2020-04-01T13:48:10Z", "content": "The death rate from Covid-19 in the State has risen to 2.4 per cent, a new report shows, as the disease takes a further toll on vulnerable groups.\r\nOf the 2,677 laboratory confirmed cases of the virus, 64 had died by last Monday, giving a case fatality rate o\u2026 [+1365 chars]"}, {"source": {"id": "the-irish-times", "name": "The Irish Times"}, "author": "Paul Cullen", "title": "Coronavirus outbreaks in nursing homes, hospitals to be tackled in new plans", "description": "Outbreak teams are to be set up to combat specific clusters of the Covid-19 virus", "url": "https://www.irishtimes.com/news/health/coronavirus-outbreaks-in-nursing-homes-hospitals-to-be-tackled-in-new-plans-1.4217293", "urlToImage": "https://www.irishtimes.com/image-creator/?id=1.4217307&origw=1440", "publishedAt": "2020-04-01T00:15:00Z", "content": "Public health officials are to ramp up efforts to tackle coronavirus outbreaks in nursing homes and hospitals in response to a large increase of clusters of the disease in residential settings.\r\nTuesday saw the highest daily figures yet for deaths and newly c\u2026 [+4021 chars]"}, {"source": {"id": "the-irish-times", "name": "The Irish Times"}, "author": "The Irish Times", "title": "Global manufacturing slump as coronavirus shock deepens", "description": "Indices in Europe and Asia sink firmly into the red as virus measures close factories", "url": "https://www.irishtimes.com/business/economy/global-manufacturing-slump-as-coronavirus-shock-deepens-1.4217695", "urlToImage": "https://www.irishtimes.com/image-creator/?id=1.4217712&origw=1440", "publishedAt": "2020-04-01T09:47:47Z", "content": "Factories fell quiet across most of Europe and Asia in March as the coronavirus pandemic paralyzed economic activity, with evidence mounting that the world is sliding into deep recession. \r\nManufacturing activity tumbled, purchasing managers index (PMI) surve\u2026 [+4489 chars]"}, {"source": {"id": "the-irish-times", "name": "The Irish Times"}, "author": "Eoin Burke-Kennedy", "title": "Coronavirus applies \u2018handbrake\u2019 to Irish property market", "description": "DNG says market has effectively stalled as a result of restrictions", "url": "https://www.irishtimes.com/business/economy/coronavirus-applies-handbrake-to-irish-property-market-1.4217952", "urlToImage": "https://www.irishtimes.com/image-creator/?id=1.4217951&origw=1440", "publishedAt": "2020-04-01T15:08:15Z", "content": "The coronavirus crisis has effectively applied a handbrake to the Irish property market, halting construction, mortgage approvals and sales, according to estate agent DNG.\r\nIn its latest quarterly report on the residential market in Dublin, the company said p\u2026 [+2085 chars]"}, {"source": {"id": "the-irish-times", "name": "The Irish Times"}, "author": "The Irish Times", "title": "France proposes EU coronavirus rescue fund", "description": "Measure would come on top of other multi-billion rescue packages", "url": "https://www.irishtimes.com/business/economy/france-proposes-eu-coronavirus-rescue-fund-1.4217727", "urlToImage": "https://www.irishtimes.com/image-creator/?id=1.4217726&origw=1440", "publishedAt": "2020-04-01T11:03:08Z", "content": "France is pushing for a common EU fund to help Europe through the coronavirus crisis, but is proposing that it be limited to five or 10 years and focused on economic recovery to head off German and Dutch objections to mutualising debt obligations. \r\nWe are th\u2026 [+3574 chars]"}, {"source": {"id": "the-irish-times", "name": "The Irish Times"}, "author": null, "title": "Coronavirus applies \u2018hand brake\u2019 to Irish property market", "description": "DNG says market has effectively stalled as a result of restrictions", "url": "https://www.irishtimes.com/business/economy/coronavirus-applies-hand-brake-to-irish-property-market-1.4217952", "urlToImage": "https://www.irishtimes.com/image-creator/?id=1.4217951&origw=1440", "publishedAt": "2020-04-01T15:08:15Z", "content": "The coronavirus crisis has effectively applied a hand brake to the Irish property market, halting construction, mortgage approvals and sales, according to estate agent DNG.\r\nIn its latest quarterly report on the residential market in Dublin, the company said \u2026 [+142 chars]"}, {"source": {"id": "the-irish-times", "name": "The Irish Times"}, "author": "The Irish Times", "title": "Euro zone factory activity crashed in March as coronavirus spread", "description": "Breaks in global supply chains caused by measures to curb pandemic crush output", "url": "https://www.irishtimes.com/business/economy/euro-zone-factory-activity-crashed-in-march-as-coronavirus-spread-1.4217655", "urlToImage": "https://www.irishtimes.com/image-creator/?id=1.4217654&origw=1253", "publishedAt": "2020-04-01T08:53:21Z", "content": "Euro zone manufacturing activity collapsed last month as breaks in global supply chains caused by measures to curb the coronavirus pandemic crushed output, and the nosedive could worsen in coming months, a survey showed on Wednesday.\r\nFactories, shops and sch\u2026 [+1899 chars]"}, {"source": {"id": "the-irish-times", "name": "The Irish Times"}, "author": "Ciara O'Brien", "title": "Irish people willing to share data to fight coronavirus", "description": "New survey finds technology considered the key to fighting outbreak", "url": "https://www.irishtimes.com/business/technology/irish-people-willing-to-share-data-to-fight-coronavirus-1.4217824", "urlToImage": "https://www.irishtimes.com/image-creator/?id=1.4217823&origw=1440", "publishedAt": "2020-04-01T13:29:59Z", "content": "The majority of Irish people would be willing to share personal data and medical records to help fight a pandemic, a new survey has found. \r\nThe research, which was commissioned by the Irish Computer Society, found an average of 87 per cent of people would sh\u2026 [+5531 chars]"}, {"source": {"id": "the-irish-times", "name": "The Irish Times"}, "author": "David Crow, Laura Noonan, Stephen Morris", "title": "Will the coronavirus crisis rehabilitate the world\u2019s banks?", "description": "\u2018We are the doctors of the economy,\u2019 says one bank boss", "url": "https://www.irishtimes.com/business/financial-services/will-the-coronavirus-crisis-rehabilitate-the-world-s-banks-1.4217746", "urlToImage": "https://www.irishtimes.com/image-creator/?id=1.4217745&origw=1440", "publishedAt": "2020-04-01T11:36:10Z", "content": "On the day that Lehman Brothers filed for bankruptcy in September 2008, the front page of the Financial Times carried a photograph of John Thain, the then chief executive of Merrill Lynch. He was getting into his car after hours of talks at the Federal Reserv\u2026 [+11935 chars]"}, {"source": {"id": "the-irish-times", "name": "The Irish Times"}, "author": "Francess McDonnell", "title": "Randox no longer selling coronavirus testing kits directly to public", "description": "Antrim-based company offers \u2018significant element\u2019 of testing capacity to UK government", "url": "https://www.irishtimes.com/business/health-pharma/randox-no-longer-selling-coronavirus-testing-kits-directly-to-public-1.4218273", "urlToImage": "https://www.irishtimes.com/image-creator/?id=1.4218271&origw=1440", "publishedAt": "2020-04-01T19:26:15Z", "content": "Randox, the Northern Ireland diagnostics company which has developed a rapid test to identify Covid-19, has confirmed it is no longer selling its coronavirus home-testing kits directly to the public.\r\nThe Co Antrim company had previously sold the home-testing\u2026 [+1582 chars]"}, {"source": {"id": "the-irish-times", "name": "The Irish Times"}, "author": "Eoin Burke-Kennedy", "title": "Record 300,000 jump in unemployment expected as coronavirus measures bite", "description": "Goodbody forecasts seasonally adjusted Live Register total will hit all-time high of 482,000 in March", "url": "https://www.irishtimes.com/business/economy/record-300-000-jump-in-unemployment-expected-1.4218308", "urlToImage": "https://www.irishtimes.com/image-creator/?id=1.4218306&origw=1440", "publishedAt": "2020-04-01T19:59:01Z", "content": ".Live register figures, published on Thursday, are expected to show a record 300,000 jump in the number of people claiming unemployment benefits as a result of the coronavirus-related shutdown.\r\nThe unprecedented monthly increase for March is expected to lift\u2026 [+2012 chars]"}, {"source": {"id": "the-irish-times", "name": "The Irish Times"}, "author": "The Irish Times", "title": "Asia\u2019s factory activity plunges as coronavirus shock deepens", "description": "China shows marginal growth as operations restart gradually", "url": "https://www.irishtimes.com/business/manufacturing/asia-s-factory-activity-plunges-as-coronavirus-shock-deepens-1.4217610", "urlToImage": "https://www.irishtimes.com/image-creator/?id=1.4217609&origw=1440", "publishedAt": "2020-04-01T05:57:09Z", "content": "Factory activity contracted sharply across most of Asia in March as the coronavirus pandemic paralysed economic activity across the globe, with sharp falls in export power-houses Japan and South Korea overshadowing a modest improvement in China. \r\nManufacturi\u2026 [+3546 chars]"}, {"source": {"id": "the-irish-times", "name": "The Irish Times"}, "author": "The Irish Times", "title": "Five British banks scrap dividends as coronavirus spreads", "description": "Barclays, HSBC, Lloyds, RBS, Standard Chartered and Santander respond regulator pressure", "url": "https://www.irishtimes.com/business/financial-services/five-british-banks-scrap-dividends-as-coronavirus-spreads-1.4217621", "urlToImage": "https://www.irishtimes.com/image-creator/?id=1.4217620&origw=1273", "publishedAt": "2020-04-01T06:51:20Z", "content": "Britains top banks have axed dividend payments after pressure from the regulator, saving their capital as a buffer against expected losses from the economic fallout from the coronavirus.\r\nBarclays, HSBC, Lloyds Banking Group , Royal Bank of Scotland, Standard\u2026 [+1670 chars]"}, {"source": {"id": "the-irish-times", "name": "The Irish Times"}, "author": "The Irish Times", "title": "HSBC scraps dividend as coronavirus spread halts economic activity", "description": "Standard Chartered also suspends dividends, buyback plan", "url": "https://www.irishtimes.com/business/financial-services/hsbc-scraps-dividend-as-coronavirus-spread-halts-economic-activity-1.4217621", "urlToImage": "https://www.irishtimes.com/image-creator/?id=1.4217620&origw=1273", "publishedAt": "2020-04-01T06:51:20Z", "content": "HSBC Holdings plunged in Hong Kong trading after scrapping its dividend and warning revenue and loan losses will be impacted in the first quarter from the virus outbreak that has halted economic activity across large parts of the globe.\r\nThe banks shares slid\u2026 [+2024 chars]"}, {"source": {"id": "the-irish-times", "name": "The Irish Times"}, "author": "The Irish Times", "title": "Mother of invention: the new gadgets dreamt up to fight coronavirus", "description": "Romanian software company finds way for Mater Hospital to automate filing of virus test results", "url": "https://www.irishtimes.com/business/innovation/mother-of-invention-the-new-gadgets-dreamt-up-to-fight-coronavirus-1.4217715", "urlToImage": "https://www.irishtimes.com/image-creator/?id=1.4217714&origw=1253", "publishedAt": "2020-04-01T10:23:14Z", "content": "Driving to work at his factory to the west of London last week, designer Steve Brooks had coronavirus on his mind. What could he make that would let him open a door without touching the handle?\r\nEveryone has to use their little finger or find the bit of the d\u2026 [+4878 chars]"}, {"source": {"id": "the-irish-times", "name": "The Irish Times"}, "author": "The Irish Times", "title": "Euro zone factory activity crashed in March as coronavirus spread -PMI", "description": "Breaks in global supply chains caused by measures to curb pandemic crush output", "url": "https://www.irishtimes.com/business/economy/euro-zone-factory-activity-crashed-in-march-as-coronavirus-spread-pmi-1.4217655", "urlToImage": "https://www.irishtimes.com/image-creator/?id=1.4217654&origw=1253", "publishedAt": "2020-04-01T08:53:21Z", "content": "Euro zone manufacturing activity collapsed last month as breaks in global supply chains caused by measures to curb the coronavirus pandemic crushed output, and the nosedive could worsen in coming months, a survey showed on Wednesday.\r\nFactories, shops and sch\u2026 [+1899 chars]"}, {"source": {"id": "the-irish-times", "name": "The Irish Times"}, "author": "Eoin Burke-Kennedy", "title": "Record 300,000 jump in Live Register expected as coronavirus measures bite", "description": "Goodbody forecasts seasonally adjusted total will hit all-time high of 482,000 in March", "url": "https://www.irishtimes.com/business/economy/record-300-000-jump-in-live-register-expected-as-coronavirus-measures-bite-1.4218308", "urlToImage": "https://www.irishtimes.com/image-creator/?id=1.4218306&origw=1440", "publishedAt": "2020-04-01T19:59:01Z", "content": ".\r\nLive Register figures, published on Thursday, are expected to show a record 300,000 jump in the number of people claiming unemployment benefits as a result of the coronavirus-related shutdown.\r\nThe unprecedented monthly increase for March is expected to li\u2026 [+2024 chars]"}, {"source": {"id": "the-irish-times", "name": "The Irish Times"}, "author": "Eoin Burke-Kennedy", "title": "Coronavirus: Notion of a rapid economic recovery is at best wishful thinking", "description": "Covid-19 crisis is bound to leave scar tissue on consumer behaviour", "url": "https://www.irishtimes.com/business/economy/coronavirus-notion-of-a-rapid-economic-recovery-is-at-best-wishful-thinking-1.4217262", "urlToImage": "https://www.irishtimes.com/image-creator/?id=1.4217260&origw=1440", "publishedAt": "2020-04-01T01:09:28Z", "content": "Even if the coronavirus and lockdown are gone by June, the economy we know will not be waiting for us on the other side.\r\nMany commentators and market analysts are hanging on the notion of a V-shaped recovery, where the economy suffers a sharp but brief perio\u2026 [+5028 chars]"}, {"source": {"id": "the-irish-times", "name": "The Irish Times"}, "author": "Peter Hamilton", "title": "New car sales tumble 63% as coronavirus crisis hits motor trade", "description": "Registrations this year have so far fallen 20.5%, with used imports also down", "url": "https://www.irishtimes.com/business/transport-and-tourism/new-car-sales-tumble-63-as-coronavirus-crisis-hits-motor-trade-1.4217720", "urlToImage": "https://www.irishtimes.com/image-creator/?id=1.4217719&origw=1255", "publishedAt": "2020-04-01T10:33:21Z", "content": "New car sales tumbled 63 per cent in March compared to the same month last year as the spread of Covid-19 prompted the motor industry to close showrooms and cease other activities. \r\nSome 6,174 new cars were sold in March, compared to 16,687 in the same month\u2026 [+2617 chars]"}, {"source": {"id": "the-irish-times", "name": "The Irish Times"}, "author": "Jack Power", "title": "Coronavirus: Journal Media to cut pay by up to 20 per cent", "description": "Business website Fora.ie to be closed and sports site the42.ie to be scaled back", "url": "https://www.irishtimes.com/business/media-and-marketing/coronavirus-journal-media-to-cut-pay-by-up-to-20-per-cent-1.4217672", "urlToImage": "https://www.irishtimes.com/image-creator/?id=1.4217669&origw=1005", "publishedAt": "2020-04-01T09:14:00Z", "content": "Digital publisher Journal Media is to close its business site Fora.ie, scale back its sports website the42.ie and cut staff pay by between 5-20 per cent to offset a fall in advertising revenue due to the coronavirus crisis. \r\nThe group includes theJournal.ie,\u2026 [+2879 chars]"}, {"source": {"id": "the-irish-times", "name": "The Irish Times"}, "author": "Peter Hamilton", "title": "New car sales tumble 63% as coronavirus crisis bites motor trade", "description": "Registrations so far this year have fallen 20.5%, used imports also down", "url": "https://www.irishtimes.com/business/transport-and-tourism/new-car-sales-tumble-63-as-coronavirus-crisis-bites-motor-trade-1.4217720", "urlToImage": "https://www.irishtimes.com/image-creator/?id=1.4217719&origw=1255", "publishedAt": "2020-04-01T10:33:21Z", "content": "New car sales tumbled 63 per cent in March compared to the same month last year as the spread of Covid-19 prompted the motor industry to close showrooms and cease other activities. \r\nSome 6,174 new cars were sold in March, compared to 16,687 in the same month\u2026 [+2612 chars]"}, {"source": {"id": "the-irish-times", "name": "The Irish Times"}, "author": "Philip Lynch", "title": "Coronavirus: \u2018Like my anxiety, my survivalist mentality come and goes\u2019", "description": "Irishman Philip Lynch describes what parts of life in Tasmania has changed and what has continued on the same as usual since Covid-19 has arrived", "url": "https://www.irishtimes.com/culture/music/coronavirus-like-my-anxiety-my-survivalist-mentality-come-and-goes-1.4217189", "urlToImage": "https://www.irishtimes.com/image-creator/?id=1.4217188&origw=1440", "publishedAt": "2020-04-01T05:10:01Z", "content": "Here in Tasmania foreboding and wariness is permeating everywhere. Terms like self-isolation and social-distancing have effortlessly slid into everyday conversations. Our local supermarket has had its fair share of panic shopping. The Woolworths carpark in to\u2026 [+4550 chars]"}, {"source": {"id": "the-irish-times", "name": "The Irish Times"}, "author": "The Irish Times", "title": "Woods and Mickelson to play coronavirus relief match \u2013 reports", "description": "Super Bowl-winning quarterbacks Tom Brady and Peyton Manning to make up fourball", "url": "https://www.irishtimes.com/sport/golf/woods-and-mickelson-to-play-coronavirus-relief-match-reports-1.4218243", "urlToImage": "https://www.irishtimes.com/image-creator/?id=1.4218241&origw=1440", "publishedAt": "2020-04-01T18:58:30Z", "content": "Tiger Woods and Phil Mickelson will play a coronavirus relief golf match next month with Super Bowl-winning quarterbacks Tom Brady and Peyton Manning, CNBC reported on Wednesday.\r\nThe report, which sourced an unnamed person familiar with the negotiations, sai\u2026 [+2278 chars]"}, {"source": {"id": "the-irish-times", "name": "The Irish Times"}, "author": "The Irish Times", "title": "The Irish Times view on Hungary\u2019s coronavirus law: democracy in peril", "description": "Hungary is already a subject of internal EU disciplinary investigation under article 7 of the treaty following legislation curbing the judiciary, media and foreign universities", "url": "https://www.irishtimes.com/opinion/editorial/the-irish-times-view-on-hungary-s-coronavirus-law-democracy-in-peril-1.4218149", "urlToImage": "https://www.irishtimes.com/image-creator/?id=1.4218148&origw=1440", "publishedAt": "2020-04-01T17:34:51Z", "content": "European Commission President Ursula von der Leyen did not mention Hungary by name, but her target was clear. A day after Viktor Orbans parliament passed by 137 to 53 powers giving him the right to rule by decree indefinitely and to jail publishers of false r\u2026 [+1811 chars]"}, {"source": {"id": "the-irish-times", "name": "The Irish Times"}, "author": "John McHale", "title": "Coronavirus: Ireland needs careful action to prevent a severe fall in living standards", "description": "It would not be surprising to see the deficit in double figures again following pandemic", "url": "https://www.irishtimes.com/opinion/coronavirus-ireland-needs-careful-action-to-prevent-a-severe-fall-in-living-standards-1.4216830", "urlToImage": "https://www.irishtimes.com/image-creator/?id=1.4216826&origw=1440", "publishedAt": "2020-04-01T00:45:33Z", "content": "We have become increasingly aware in recent weeks of how both the virus and our economy thrive on face-to-face interactions. Stopping one imposes the necessary price of substantially stopping the other.\r\nAs a matter of life and death, the public health impera\u2026 [+5538 chars]"}, {"source": {"id": "the-irish-times", "name": "The Irish Times"}, "author": "Suzanne Lynch", "title": "Coronavirus: Trump\u2019s tone changes as US faces brutal loss of life", "description": "President cedes stage as experts predict up to 240,000 deaths from Covid-19 in US", "url": "https://www.irishtimes.com/news/world/us/coronavirus-trump-s-tone-changes-as-us-faces-brutal-loss-of-life-1.4218238", "urlToImage": "https://www.irishtimes.com/image-creator/?id=1.4218235&origw=1440", "publishedAt": "2020-04-01T19:30:00Z", "content": "As the number of coronavirus cases rises in the United States, the nations attention has turned to the daily coronavirus briefings from the White House. \r\nThe evening briefing has become must-see TV, a fact not lost on President Donald Trump, who spent much o\u2026 [+4911 chars]"}, {"source": {"id": "the-irish-times", "name": "The Irish Times"}, "author": "The Irish Times", "title": "Wimbledon will not be held this year due to coronavirus crisis", "description": "Championship cancelled and 134th staging will now take place in the summer of 2021", "url": "https://www.irishtimes.com/sport/other-sports/wimbledon-will-not-be-held-this-year-due-to-coronavirus-crisis-1.4218039", "urlToImage": "https://www.irishtimes.com/image-creator/?id=1.4218037&origw=1440", "publishedAt": "2020-04-01T15:51:51Z", "content": "Wimbledon has become the latest sporting event to be cancelled because of the coronavirus crisis.\r\nThe tournament was scheduled to take place at the All England Club from June 29th to July 12th.\r\nThe All England Club said in a statement: It is with great regr\u2026 [+3189 chars]"}, {"source": {"id": "the-irish-times", "name": "The Irish Times"}, "author": "Naomi O\u2019Leary", "title": "Italian fashion turns to face masks to fight coronavirus pandemic", "description": "Increasing number of European countries making public wearing of masks compulsory", "url": "https://www.irishtimes.com/news/world/europe/italian-fashion-turns-to-face-masks-to-fight-coronavirus-pandemic-1.4217688", "urlToImage": "https://www.irishtimes.com/image-creator/?id=1.4217686&origw=1440", "publishedAt": "2020-04-01T09:35:25Z", "content": "After 73 years making womens fashion, the family-owned Miroglio company of northern Italy has a new item on its production line: face masks.\r\nWhere once skirts and tailored tops issued from its sewing machines, hundreds of Miroglio workers are now stitching t\u2026 [+214 chars]"}, {"source": {"id": "the-irish-times", "name": "The Irish Times"}, "author": "The Irish Times", "title": "Coronavirus: UK death toll jumps by 563 in 24 hours", "description": "Spain records over 100,000 cases as UN says world faces biggest crisis since WWII", "url": "https://www.irishtimes.com/news/world/coronavirus-uk-death-toll-jumps-by-563-in-24-hours-1.4217612", "urlToImage": "https://www.irishtimes.com/image-creator/?id=1.4217872&origw=1440", "publishedAt": "2020-04-01T05:58:45Z", "content": "The UK has experienced its biggest day-on-day rise in coronavirus-related deaths.\r\nSome 2,352 patients had died in hospital after testing positive for the virus as of 5pm on Tuesday, the UKs department of health said, up by 563 from 1,789 the day before.\r\nIt \u2026 [+5519 chars]"}, {"source": {"id": "the-irish-times", "name": "The Irish Times"}, "author": "Tom Hennigan", "title": "Coronavirus: Brazilians protest as Bolsonaro misinterprets WHO advice", "description": "President continues campaign against lockdown but moderates tone in national address", "url": "https://www.irishtimes.com/news/world/coronavirus-brazilians-protest-as-bolsonaro-misinterprets-who-advice-1.4217958", "urlToImage": "https://www.irishtimes.com/image-creator/?id=1.4217956&origw=1440", "publishedAt": "2020-04-01T15:11:37Z", "content": "Brazilians once again took to banging pots and pans on Tuesday night in protest at another chaotic day in the countrys response to the coronavirus pandemic on which President Jair Bolsonaro distorted advice from the World Health Organisation (WHO).\r\nThe far-r\u2026 [+2620 chars]"}, {"source": {"id": "the-irish-times", "name": "The Irish Times"}, "author": "The Irish Times", "title": "Cigarette company working on vaccine to stub out coronavirus", "description": "British American Tobacco\u2019s US biotech unit using proteins extracted from tobacco leaves", "url": "https://www.irishtimes.com/business/manufacturing/cigarette-company-working-on-vaccine-to-stub-out-coronavirus-1.4217741", "urlToImage": "https://www.irishtimes.com/image-creator/?id=1.4218156&origw=1440", "publishedAt": "2020-04-01T11:30:11Z", "content": "British American Tobacco (BAT) , the maker of Benson &amp; Hedges and Lucky Strike cigarettes, said on Wednesday its US biotech unit was working on a potential vaccine for Covid-19 using proteins extracted from tobacco leaves.\r\nKentucky BioProcessing (KBP), t\u2026 [+1558 chars]"}, {"source": {"id": "the-irish-times", "name": "The Irish Times"}, "author": "Paul Cullen, Jennifer Bray", "title": "Coronavirus: Republic reports 14 further deaths and 212 new cases", "description": "Eight of the 14 patients who died were reported as having underlying health conditions", "url": "https://www.irishtimes.com/news/ireland/irish-news/coronavirus-republic-reports-14-further-deaths-and-212-new-cases-1.4217657", "urlToImage": "https://www.irishtimes.com/image-creator/?id=1.4217811&origw=1440", "publishedAt": "2020-04-01T08:56:34Z", "content": "Another 14 patients diagnosed with Covid-19 have died, the National Public Health Emergency Team reported on Wednesday evening, with 212 new cases recorded.\r\nTen of those who died were located in the east and four were in the south. The deceased patients were\u2026 [+7287 chars]"}, {"source": {"id": "the-irish-times", "name": "The Irish Times"}, "author": "Naomi O\u2019Leary", "title": "Coronavirus an opportunity for Beijing to usher in Chinese century", "description": "Europe Letter: With the West in decline and China rising, old certainties are crumbling", "url": "https://www.irishtimes.com/news/world/europe/coronavirus-an-opportunity-for-beijing-to-usher-in-chinese-century-1.4218300", "urlToImage": "https://www.irishtimes.com/image-creator/?id=1.4218299&origw=1440", "publishedAt": "2020-04-01T20:00:00Z", "content": "It is difficult to know the future implications of a moment in history while you are still living through it.\r\nBut one of the most striking indications that the pandemic will be a historical marker must be the hints from Saudi authorities that they may cancel\u2026 [+4805 chars]"}, {"source": {"id": "the-irish-times", "name": "The Irish Times"}, "author": "Paul Cullen, Jennifer Bray", "title": "Coronavirus: Republic reports 14 further deaths, 212 new cases", "description": "Another 14 patients diagnosed with Covid-19 have died, the National Public Health Emergency Team reported on Wednesday evening, with 212 new cases recorded. Ten of those who died were located in the east and four were in the south. The deceased patients were \u2026", "url": "https://www.irishtimes.com/news/ireland/irish-news/coronavirus-republic-reports-14-further-deaths-212-new-cases-1.4217657", "urlToImage": "https://www.irishtimes.com/image-creator/?id=1.4217811&origw=1440", "publishedAt": "2020-04-01T08:56:34Z", "content": "Another 14 patients diagnosed with Covid-19 have died, the National Public Health Emergency Team reported on Wednesday evening, with 212 new cases recorded.\r\nTen of those who died were located in the east and four were in the south. The deceased patients were\u2026 [+5480 chars]"}, {"source": {"id": "the-irish-times", "name": "The Irish Times"}, "author": "Philip Lynch", "title": "Coronavirus: \u2018Like my anxiety, my survivalist mentality come and goes\u2019", "description": "Here in Tasmania foreboding and wariness is permeating everywhere. Terms like self-isolation and social-distancing have effortlessly slid into everyday conversations. Our local supermarket has had its fair share of panic shopping. The Woolworths\u2019 carpark in t\u2026", "url": "https://www.irishtimes.com/life-and-style/abroad/coronavirus-like-my-anxiety-my-survivalist-mentality-come-and-goes-1.4217189", "urlToImage": "https://www.irishtimes.com/image-creator/?id=1.4217188&origw=1440", "publishedAt": "2020-04-01T05:10:01Z", "content": "Here in Tasmania foreboding and wariness is permeating everywhere. Terms like self-isolation and social-distancing have effortlessly slid into everyday conversations. Our local supermarket has had its fair share of panic shopping. The Woolworths carpark in to\u2026 [+4550 chars]"}, {"source": {"id": "the-irish-times", "name": "The Irish Times"}, "author": "Colm Keena", "title": "Coronavirus: New powers for garda\u00ed expected to come into force", "description": "The regulations necessary to allow An Garda S\u00edoch\u00e1na arrest people who are not complying with Government policy on social distancing are expected to be signed shortly, possibly as early as Wednesday. Minister for Health Simon Harris is to sign the regulations\u2026", "url": "https://www.irishtimes.com/news/health/coronavirus-new-powers-for-garda%C3%AD-expected-to-come-into-force-1.4217184", "urlToImage": "https://www.irishtimes.com/image-creator/?id=1.4217182&origw=1440", "publishedAt": "2020-04-01T01:04:47Z", "content": "The regulations necessary to allow An Garda S\u00edoch\u00e1na arrest people who are not complying with Government policy on social distancing are expected to be signed shortly, possibly as early as Wednesday.\r\nMinister for Health Simon Harris is to sign the regulation\u2026 [+5252 chars]"}, {"source": {"id": "the-irish-times", "name": "The Irish Times"}, "author": "The Irish Times", "title": "Coronavirus: Italy records fewer deaths as French toll reaches 4,000", "description": "The death toll from the coronavirus outbreak in Italy has climbed by 727 to 13,155, the country\u2019s civil protection agency said on Wednesday, a significantly smaller increase than seen on Tuesday and the lowest daily tally since March 26th. However, the number\u2026", "url": "https://www.irishtimes.com/news/world/coronavirus-italy-records-fewer-deaths-as-french-toll-reaches-4-000-1.4217612", "urlToImage": "https://www.irishtimes.com/image-creator/?id=1.4217611&origw=1440", "publishedAt": "2020-04-01T05:58:45Z", "content": "The death toll from the coronavirus outbreak in Italy has climbed by 727 to 13,155, the countrys civil protection agency said on Wednesday, a significantly smaller increase than seen on Tuesday and the lowest daily tally since March 26th.\r\nHowever, the number\u2026 [+6732 chars]"}, {"source": {"id": "the-irish-times", "name": "The Irish Times"}, "author": "Naomi O\u2019Leary", "title": "Coronavirus presents opportunity for Beijing to usher in Chinese century", "description": "It is difficult to know the future implications of a moment in history while you are still living through it. But one of the most striking indications that the pandemic will be a historical marker must be the hints from Saudi authorities that they may cancel \u2026", "url": "https://www.irishtimes.com/news/world/europe/coronavirus-presents-opportunity-for-beijing-to-usher-in-chinese-century-1.4218300", "urlToImage": "https://www.irishtimes.com/image-creator/?id=1.4218299&origw=1440", "publishedAt": "2020-04-01T20:00:00Z", "content": "It is difficult to know the future implications of a moment in history while you are still living through it.\r\nBut one of the most striking indications that the pandemic will be a historical marker must be the hints from Saudi authorities that they may cancel\u2026 [+5209 chars]"}, {"source": {"id": "the-irish-times", "name": "The Irish Times"}, "author": "Fiach Kelly", "title": "Coronavirus: D\u00e1il sitting prompts \u2018admonishment\u2019 from State\u2019s top civil servant", "description": "The State\u2019s most senior civil servant has issued the Oireachtas with what is being characterised as a \u201cgentle admonishment\u201d to TDs over the D\u00e1il sitting tomorrow. Martin Fraser, the secretary general of the Government, sent a letter to his counterpart in the \u2026", "url": "https://www.irishtimes.com/news/ireland/irish-news/coronavirus-d%C3%A1il-sitting-prompts-admonishment-from-state-s-top-civil-servant-1.4218017", "urlToImage": "https://www.irishtimes.com/polopoly_fs/1.4218016.1585755694!/image/image.jpg", "publishedAt": "2020-04-01T15:41:40Z", "content": "The States most senior civil servant has issued the Oireachtas with what is being characterised as a gentle admonishment to TDs over the D\u00e1il sitting tomorrow. \r\nMartin Fraser, the secretary general of the Government, sent a letter to his counterpart in the O\u2026 [+2360 chars]"}, {"source": {"id": "the-irish-times", "name": "The Irish Times"}, "author": "The Irish Times", "title": "Edinburgh festivals called off because of coronavirus pandemic", "description": "This year\u2019s Edinburgh festivals have all been scrapped because of the coronavirus pandemic. Edinburgh International Festival and the associated Edinburgh Festival Fringe, Art Festival, International Book Festival and Royal Edinburgh Military Tattoo were due t\u2026", "url": "https://www.irishtimes.com/culture/edinburgh-festivals-called-off-because-of-coronavirus-pandemic-1.4217744", "urlToImage": "https://www.irishtimes.com/image-creator/?id=1.4217742&origw=1440", "publishedAt": "2020-04-01T11:36:01Z", "content": "This years Edinburgh festivals have all been scrapped because of the coronavirus pandemic. Edinburgh International Festival and the associated Edinburgh Festival Fringe, Art Festival, International Book Festival and Royal Edinburgh Military Tattoo were due to\u2026 [+1142 chars]"}, {"source": {"id": "the-irish-times", "name": "The Irish Times"}, "author": "Colm Keena", "title": "Coronavirus in Ireland: New powers of arrest for garda\u00ed expected to come into force", "description": "Garda\u00ed will have power to arrest those in breach of Covid-19 restrictions", "url": "https://www.irishtimes.com/news/health/coronavirus-in-ireland-new-powers-of-arrest-for-garda%C3%AD-expected-to-come-into-force-1.4217184", "urlToImage": "https://www.irishtimes.com/image-creator/?id=1.4217182&origw=1440", "publishedAt": "2020-04-01T01:04:47Z", "content": "The regulations necessary to allow An Garda S\u00edoch\u00e1na arrest people who are not complying with Government policy on social distancing are expected to be signed shortly, possibly as early as Wednesday.\r\nMinister for Health Simon Harris is to sign the regulation\u2026 [+5252 chars]"}, {"source": {"id": "the-irish-times", "name": "The Irish Times"}, "author": "The Irish Times", "title": "Two-thirds of Lufthansa\u2019s staff to shorten work hours due to coronavirus", "description": "Members of Lufthansa executive board have waived 20% of their compensation", "url": "https://www.irishtimes.com/business/transport-and-tourism/two-thirds-of-lufthansa-s-staff-to-shorten-work-hours-due-to-coronavirus-1.4217644", "urlToImage": "https://www.irishtimes.com/image-creator/?id=1.4217643&origw=1440", "publishedAt": "2020-04-01T08:17:02Z", "content": "Two-thirds of Lufthansas global staff will work reduced hours after the German airline grounded much of its fleet due to the coronavirus pandemic, Lufthansa said on Wednesday.\r\nLufthansa has applied or will apply for state aid to keep around 87,000 staff work\u2026 [+585 chars]"}, {"source": {"id": "the-irish-times", "name": "The Irish Times"}, "author": "Jack Horgan-Jones", "title": "Coronavirus: Equipment shortfall brings test results down to 1,500 a day", "description": "Health service hoping to reach goal of 15,000 test results per day by mid-April", "url": "https://www.irishtimes.com/news/health/coronavirus-equipment-shortfall-brings-test-results-down-to-1-500-a-day-1.4217295", "urlToImage": "https://www.irishtimes.com/image-creator/?id=1.4217294&origw=1440", "publishedAt": "2020-04-01T00:15:00Z", "content": "The number of Covid-19 test results being produced at laboratories around the country is 1,500 per day as a significant shortfall in testing equipment hits Ireland. \r\nThe figure is just 10 per cent of the Governments stated goal of 15,000 test results being p\u2026 [+3267 chars]"}, {"source": {"id": "the-irish-times", "name": "The Irish Times"}, "author": "Paul Cullen, Jack Horgan-Jones", "title": "Coronavirus: Irish death rate from Covid-19 rises to 2.4% of cases", "description": "It will take 10 days to reach testing goal, Minister says", "url": "https://www.irishtimes.com/news/ireland/irish-news/coronavirus-varadkar-says-there-will-be-delay-in-testing-and-results-in-coming-weeks-1.4217657", "urlToImage": "https://www.irishtimes.com/image-creator/?id=1.4217811&origw=1440", "publishedAt": "2020-04-01T08:56:34Z", "content": "Taoiseach Leo Varadkar has said there will be delays in Covid-19 tests and results in the coming weeks.\r\nSpeaking in Dublin on Wednesday, Mr Varadkar told reporters he understands the anxiety and worry of people waiting for tests and results. He said: The cur\u2026 [+5678 chars]"}, {"source": {"id": "the-irish-times", "name": "The Irish Times"}, "author": "Harry McGee", "title": "Tony Holohan admitted to hospital after feeling unwell during coronavirus briefing", "description": "Deputy chief medical officer Ronan Glynn will substitute until recovery", "url": "https://www.irishtimes.com/news/health/tony-holohan-admitted-to-hospital-after-feeling-unwell-during-coronavirus-briefing-1.4217785", "urlToImage": "https://www.irishtimes.com/image-creator/?id=1.4217784&origw=1440", "publishedAt": "2020-04-01T12:17:49Z", "content": "Chief Medical Officer Tony Holohan has been admitted to St Jamess Hospital for tests having complained about feeling unwell on Tuesday night.\r\nIt is understood the health complaint is unrelated to the Covid-19 outbreak, and thus social isolation protocols mig\u2026 [+1067 chars]"}, {"source": {"id": "the-irish-times", "name": "The Irish Times"}, "author": "The Irish Times", "title": "US, European stock futures sink as Trump changes tone on coronavirus", "description": "Economists less convinced of potential for strong snapback in growth as recession threatens", "url": "https://www.irishtimes.com/business/markets/us-european-stock-futures-sink-as-trump-changes-tone-on-coronavirus-1.4217614", "urlToImage": "https://www.irishtimes.com/image-creator/?id=1.4217613&origw=1440", "publishedAt": "2020-04-01T06:04:55Z", "content": "US and European stock futures sank with Asian shares as investors took in worsening American coronavirus figures and a stark change of tone from President Donald Trump on the crisis. \r\nFutures on the S&amp;P 500 Index slid more than 2.5 per cent after Mr Trum\u2026 [+2434 chars]"}, {"source": {"id": "the-irish-times", "name": "The Irish Times"}, "author": "Derek Scally", "title": "Coronavirus tales confirm \u2013 and shatter \u2013 German stereotypes", "description": "Berlin Letter: A piano proves to be better than passive aggression for reinforcing new rules", "url": "https://www.irishtimes.com/news/world/europe/coronavirus-tales-confirm-and-shatter-german-stereotypes-1.4217039", "urlToImage": "https://www.irishtimes.com/image-creator/?id=1.4217037&origw=1440", "publishedAt": "2020-04-01T00:00:00Z", "content": "My walk around the gardens of Charlottenburg Palace ended with the sight of a bedsheet flapping in the breeze as it hung from a nearby apartment balcony. Someone had painted an arrow running across the long side. Above the arrow, in firm letters, the sheet to\u2026 [+4545 chars]"}, {"source": {"id": "the-irish-times", "name": "The Irish Times"}, "author": "The Irish Times", "title": "Coronavirus: Spain records more than 100,000 infections", "description": "United Nations says world faces most challenging crisis since WWII", "url": "https://www.irishtimes.com/news/world/coronavirus-spain-records-more-than-100-000-infections-1.4217612", "urlToImage": "https://www.irishtimes.com/image-creator/?id=1.4217790&origw=1440", "publishedAt": "2020-04-01T05:58:45Z", "content": "Spain has reported a new record of 864 deaths in one day while total infections broke the 100,000 mark, making it the third country to surpass that milestone behind the United States and Italy. \r\nSpanish health authorities said on Wednesday that the total num\u2026 [+4681 chars]"}, {"source": {"id": "the-irish-times", "name": "The Irish Times"}, "author": "Carl O'Brien", "title": "Coronavirus: 16,000 special needs assistants put on support standby", "description": "SNAs will fill vacancies created by nurses and medical staff moving into frontline jobs", "url": "https://www.irishtimes.com/news/education/coronavirus-16-000-special-needs-assistants-put-on-support-standby-1.4217768", "urlToImage": "https://www.irishtimes.com/image-creator/?id=1.4217767&origw=1440", "publishedAt": "2020-04-01T11:59:47Z", "content": "All 16,000 special needs assistants employed by schools are to be placed on standby to fill vacancies created by moving nurses and medical staff out of community healthcare setting and into frontline jobs.\r\nThe initiative is part of a wider temporary assignme\u2026 [+2418 chars]"}, {"source": {"id": "the-irish-times", "name": "The Irish Times"}, "author": "Sally Hayden", "title": "Coronavirus: Anger over excessive violence by Kenyan police", "description": "Calls for accountability grow after boy (13) shot dead during police crackdown", "url": "https://www.irishtimes.com/news/world/africa/coronavirus-anger-over-excessive-violence-by-kenyan-police-1.4218135", "urlToImage": "https://www.irishtimes.com/image-creator/?id=1.4218131&origw=1440", "publishedAt": "2020-04-01T17:26:36Z", "content": "After a 13-year-old boy bled to death from a police bullet in Kenya on Tuesday, calls are growing for the countrys police to be held accountable for violence they have used to enforce coronavirus-related restrictions.\r\nYassin Hussein Moyo died just after midn\u2026 [+2782 chars]"}, {"source": {"id": "the-irish-times", "name": "The Irish Times"}, "author": "Michael Jansen", "title": "Cats killed in Egypt in mistaken belief they carry coronavirus", "description": "Lack of official transparency leaves Egyptians to rely on rumours about Covid-19", "url": "https://www.irishtimes.com/news/world/middle-east/cats-killed-in-egypt-in-mistaken-belief-they-carry-coronavirus-1.4218105", "urlToImage": "https://www.irishtimes.com/image-creator/?id=1.4218101&origw=1440", "publishedAt": "2020-04-01T17:01:24Z", "content": "Desperate Egyptians are killing cats in the mistaken belief they carry coronavirus. \r\nThe lack of official transparency about the causes and cases of the virus has left the multitude of poor Egyptians to rely on rumours and false news. On Tuesday, the health \u2026 [+3079 chars]"}, {"source": {"id": "the-irish-times", "name": "The Irish Times"}, "author": "Harry McGee", "title": "Coronavirus: More than 400 nurses restored to register since crisis began", "description": "Briefing hears \u20ac16 million unclaimed lotto money to be diverted into health spending", "url": "https://www.irishtimes.com/news/politics/coronavirus-more-than-400-nurses-restored-to-register-since-crisis-began-1.4217802", "urlToImage": "https://www.irishtimes.com/polopoly_fs/1.4217801.1585744721!/image/image.jpg", "publishedAt": "2020-04-01T12:38:41Z", "content": "More than 400 nurses and midwives have been restored to the professional register since the outbreak of the Covid 19 crisis after their applications were fast-tracked and registration fees were waived. \r\nAt the daily Government briefing on the States response\u2026 [+4073 chars]"}, {"source": {"id": "the-irish-times", "name": "The Irish Times"}, "author": "The Irish Times", "title": "Coronavirus: Italy records fewer deaths but new cases continue to rise", "description": "UK death toll jumps by 562 in a day as Spain records over 100,000 confirmed cases", "url": "https://www.irishtimes.com/news/world/coronavirus-italy-records-fewer-deaths-but-new-cases-continue-to-rise-1.4217612", "urlToImage": "https://www.irishtimes.com/image-creator/?id=1.4217611&origw=1440", "publishedAt": "2020-04-01T05:58:45Z", "content": "The death toll from the coronavirus outbreak in Italy has climbed by 727 to 13,155, the countrys civil protection agency said on Wednesday, a significantly smaller increase than seen on Tuesday and the lowest daily tally since March 26th.\r\nHowever, the number\u2026 [+6055 chars]"}, {"source": {"id": "the-irish-times", "name": "The Irish Times"}, "author": "Choe Sang-Hun", "title": "The Asian country with not a single recorded case of coronavirus: North Korea", "description": "Observers sceptical of Pyongyang\u2019s claim that country has had no cases of Covid-19", "url": "https://www.irishtimes.com/news/world/asia-pacific/the-asian-country-with-not-a-single-recorded-case-of-coronavirus-north-korea-1.4217730", "urlToImage": "https://www.irishtimes.com/image-creator/?id=1.4217728&origw=1440", "publishedAt": "2020-04-01T11:05:06Z", "content": "Shin Dong Yun, a scientist from the North Korean Institute of Virology, rushed to the northwestern border with China in early February. There, he conducted 300 tests, skipping meals to assess a stream of people so that the country is protected from the invasi\u2026 [+7211 chars]"}, {"source": {"id": "the-irish-times", "name": "The Irish Times"}, "author": "Lara Marlowe", "title": "How five days of evangelical worship set off the coronavirus outbreak in France", "description": "Religious gathering in Mulhouse megachurch was ground zero for French epidemic", "url": "https://www.irishtimes.com/news/world/europe/how-five-days-of-evangelical-worship-set-off-the-coronavirus-outbreak-in-france-1.4217239", "urlToImage": "https://www.irishtimes.com/image-creator/?id=1.4217238&origw=1440", "publishedAt": "2020-04-01T00:00:00Z", "content": "Three days after the Christian Open Door evangelical megachurchs week of prayer and fasting in Mulhouse, eastern France, pastor Samuel Peterschmitt, the organiser of the event, began feeling feverish. He, his six children and 13 grandchildren have all since b\u2026 [+5256 chars]"}]}