{"status": "ok", "totalResults": 45, "articles": [{"source": {"id": "the-irish-times", "name": "The Irish Times"}, "author": "Martin Wall, Paul Cullen, Fiach Kelly, Jade Wilson", "title": "Coronavirus: Government response to economic crisis \u2018underwhelming,\u2019 says Fianna F\u00e1il", "description": "Employers to be allowed to top up State\u2019s \u20ac203-a-week unemployment payment", "url": "https://www.irishtimes.com/news/ireland/irish-news/coronavirus-government-response-to-economic-crisis-underwhelming-says-fianna-f%C3%A1il-1.4209037", "urlToImage": "https://www.irishtimes.com/image-creator/?id=1.4209035&origw=1440", "publishedAt": "2020-03-21T12:22:53Z", "content": "The Government is not doing enough to support businesses and workers affected by the coronavirus, Fianna F\u00e1il has said.\r\nThe partys finance spokesman Michael McGrath said the Governments response to the current economic crisis caused by the coronavirus, also \u2026 [+5833 chars]"}, {"source": {"id": "the-irish-times", "name": "The Irish Times"}, "author": "Simon Carswell", "title": "Cocooning from coronavirus: \u2018It put shivers up people\u2019s spines\u2019", "description": "Advocacy groups angry at lack of detail on how extreme isolation of elderly might work", "url": "https://www.irishtimes.com/news/health/cocooning-from-coronavirus-it-put-shivers-up-people-s-spines-1.4208245", "urlToImage": "https://www.irishtimes.com/image-creator/?id=1.4208244&origw=1199", "publishedAt": "2020-03-21T01:00:44Z", "content": "Kay Walshe would have no problem cocooning during the coronavirus pandemic.\r\nIt is the older friends of the 71-year-old Kilkenny woman who are living remotely that she is more worried about. She is ready if Taoiseach Leo Varadkar eventually asks the elderly a\u2026 [+3996 chars]"}, {"source": {"id": "the-irish-times", "name": "The Irish Times"}, "author": "Kevin O'Sullivan", "title": "Coronavirus - the science: Will Covid-19 die this summer?", "description": "Edition 2: Is a lockdown in Ireland now inevitable to curb the spread of coronavirus?", "url": "https://www.irishtimes.com/news/health/coronavirus-the-science-will-covid-19-die-this-summer-1.4209033", "urlToImage": "https://www.irishtimes.com/image-creator/?id=1.4209032&origw=1279", "publishedAt": "2020-03-21T12:13:35Z", "content": "This is part of a series of regular updates from Irish Times Environment and Science Editor Kevin OSullivan who is examaining scientific initiatives and developments on coronavirus. Part one can be\u00a0found here.\r\nThe horrible aspect of the Covid-19 pandemic is \u2026 [+5212 chars]"}, {"source": {"id": "the-irish-times", "name": "The Irish Times"}, "author": "Martin Wall, Paul Cullen, Fiach Kelly", "title": "Coronavirus: Government to ramp up support for laid-off workers", "description": "Employers will be allowed to top up State\u2019s \u20ac203-a-week unemployment payment", "url": "https://www.irishtimes.com/news/ireland/irish-news/coronavirus-government-to-ramp-up-support-for-laid-off-workers-1.4208290", "urlToImage": "https://www.irishtimes.com/image-creator/?id=1.4208289&origw=1440", "publishedAt": "2020-03-21T00:17:33Z", "content": "The Government is considering a proposal under which it could pay up to three-quarters of the wages of thousands of staff who have been laid off as a result of the coronavirus pandemic.\r\nIn the interim, the Government on Friday night announced changes to its \u2026 [+4004 chars]"}, {"source": {"id": "the-irish-times", "name": "The Irish Times"}, "author": "Jack Power, Martin Wall, Paul Cullen, Fiach Kelly, Jade Wilson", "title": "Coronavirus: Government response to economic crisis \u2018underwhelming\u2019 \u2013 FF", "description": "Employers to be allowed to top up State\u2019s \u20ac203-a-week unemployment payment", "url": "https://www.irishtimes.com/news/ireland/irish-news/coronavirus-government-response-to-economic-crisis-underwhelming-ff-1.4209037", "urlToImage": "https://www.irishtimes.com/image-creator/?id=1.4209035&origw=1440", "publishedAt": "2020-03-21T12:22:53Z", "content": "The Government is not doing enough to support businesses and workers affected by the coronavirus, Fianna F\u00e1il\u00a0has said.\r\nThe partys finance spokesman Michael McGrath said the Governments response to the current economic crisis caused by the coronavirus, also \u2026 [+7189 chars]"}, {"source": {"id": "the-irish-times", "name": "The Irish Times"}, "author": "Ronan McGreevy", "title": "Coronavirus: Latest figures reveal 102 new cases in the Republic", "description": "Numbers continue on an upward trajectory as health officials warn against complacency", "url": "https://www.irishtimes.com/news/ireland/irish-news/coronavirus-latest-figures-reveal-102-new-cases-in-the-republic-1.4209103", "urlToImage": "https://www.irishtimes.com/image-creator/?id=1.4209107&origw=1440", "publishedAt": "2020-03-21T19:15:08Z", "content": "There are 102 new cases of coronavirus in the Republic of Ireland, the Department of Health has confirmed in its latest update.\r\nNo additional deaths have emerged from the virus, meaning the death toll in the Republic remains at three.\r\nThe latest confirmed c\u2026 [+1923 chars]"}, {"source": {"id": "the-irish-times", "name": "The Irish Times"}, "author": "Conor Pope, Ronan McGreevy", "title": "Coronavirus: Ringsend invents balcony bingo to keep residents entertained", "description": "Compere Michael Larkin delighted idea has caught on and is \u2018helping to connect people\u2019", "url": "https://www.irishtimes.com/news/ireland/irish-news/coronavirus-ringsend-invents-balcony-bingo-to-keep-residents-entertained-1.4209098", "urlToImage": "https://www.irishtimes.com/image-creator/?id=1.4209344&origw=1440", "publishedAt": "2020-03-21T18:39:55Z", "content": "The man who invented balcony bingo last week and then brought it to families confined to their homes in a flat complex in Dublins Ringsend has expressed amazement at how far and how fast his novel approach to bringing isolated people together has spread.\r\nOn \u2026 [+3087 chars]"}, {"source": {"id": "the-irish-times", "name": "The Irish Times"}, "author": "Ronan McGreevy", "title": "Coronavirus: Ringsend residents invent balcony bingo to keep entertained", "description": "Compere Michael Larkin broadcast the game in Ringsend using a public address system", "url": "https://www.irishtimes.com/news/ireland/irish-news/coronavirus-ringsend-residents-invent-balcony-bingo-to-keep-entertained-1.4209098", "urlToImage": "https://www.irishtimes.com/polopoly_fs/1.4209097.1584815986!/image/image.jpg", "publishedAt": "2020-03-21T18:39:55Z", "content": "Residents of a Dublin inner-city community have started a novel form of bingo to wile away the hours while the country is effectively in lockdown and people are being asked to practice social distancing.\r\nUp to 60 residents in the Canon Mooney Gardens flat co\u2026 [+1397 chars]"}, {"source": {"id": "the-irish-times", "name": "The Irish Times"}, "author": "Ronan McGreevy", "title": "Coronavirus: Trainee Ryanair crew in Dublin quarantine after positive tests", "description": "Fifteen Italian trainees arrived in Ireland on March 7th and all tested positive for Covid-19", "url": "https://www.irishtimes.com/news/ireland/irish-news/coronavirus-trainee-ryanair-crew-in-dublin-quarantine-after-positive-tests-1.4209100", "urlToImage": "https://www.irishtimes.com/image-creator/?id=1.4209099&origw=1440", "publishedAt": "2020-03-21T18:55:21Z", "content": "A group of trainee Italian Ryanair stewards all tested positive for coronavirus and are in quarantine in Dublin, according to reports in Italy.\r\nOf the 17 members of the group, who had been in training in Bergamo, northern Italy, the epicentre of the virus, 1\u2026 [+3155 chars]"}, {"source": {"id": "the-irish-times", "name": "The Irish Times"}, "author": null, "title": "Coronavirus: NUJ calls for \u2018crisis forum\u2019 to discuss threat to jobs", "description": "Journalists\u2019 union wants media industry to be supported amid huge financial pressures", "url": "https://www.irishtimes.com/news/ireland/irish-news/coronavirus-nuj-calls-for-crisis-forum-to-discuss-threat-to-jobs-1.4209086", "urlToImage": "https://www.irishtimes.com/polopoly_fs/1.4209085.1584813999!/image/image.jpg", "publishedAt": "2020-03-21T18:06:42Z", "content": "The National Union of Journalists (NUJ) has called for a crisis forum between the media industry, unions, Government, and the Broadcasting Authority of Ireland (BAI) to discuss how the industry could be supported during the coronavirus crisis. \r\nCeltic Media \u2026 [+219 chars]"}, {"source": {"id": "the-irish-times", "name": "The Irish Times"}, "author": "Martin Wall, Paul Cullen, Fiach Kelly, Jade Wilson, Amanda Ferguson", "title": "Coronavirus: 102 new cases bring total to 785 in the Republic", "description": "Harris warns pubs still opening will be shut down as total cases in North rise to 108", "url": "https://www.irishtimes.com/news/ireland/irish-news/coronavirus-102-new-cases-bring-total-to-785-in-the-republic-1.4209037", "urlToImage": "https://www.irishtimes.com/image-creator/?id=1.4209035&origw=1440", "publishedAt": "2020-03-21T12:22:53Z", "content": "Another 102 newly discovered cases of coronavirus were reported in the State on Saturday. The total number of cases in the Republic now stands at 785, up from 683 on Friday.\r\nThis means the number of cases in Ireland has more than doubled in the last three da\u2026 [+5500 chars]"}, {"source": {"id": "the-irish-times", "name": "The Irish Times"}, "author": "Martin Wall, Paul Cullen, Fiach Kelly, Jade Wilson, Amanda Ferguson", "title": "Coronavirus: Cases rise to 785 as Harris warns pubs still open will be shut down", "description": "Government under pressure on support measures; cases in North rise to 108", "url": "https://www.irishtimes.com/news/ireland/irish-news/coronavirus-cases-rise-to-785-as-harris-warns-pubs-still-open-will-be-shut-down-1.4209037", "urlToImage": "https://www.irishtimes.com/image-creator/?id=1.4209035&origw=1440", "publishedAt": "2020-03-21T12:22:53Z", "content": "Another 102 newly discovered cases of coronavirus were reported in the State on Saturday. The total number of cases in the Republic now stands at 785, up from 683 on Friday.\r\nThis means the number of cases in Ireland has more than doubled in the last three da\u2026 [+5511 chars]"}, {"source": {"id": "the-irish-times", "name": "The Irish Times"}, "author": "Simon Carswell", "title": "Cocooning from coronavirus: Lack of detail causes concern for some elderly", "description": "Advocacy groups angry at lack of information on how extreme isolation might work", "url": "https://www.irishtimes.com/news/health/cocooning-from-coronavirus-lack-of-detail-causes-concern-for-some-elderly-1.4208245", "urlToImage": "https://www.irishtimes.com/image-creator/?id=1.4208996&origw=1440", "publishedAt": "2020-03-21T01:00:44Z", "content": "Kay Walshe would have no problem cocooning during the coronavirus pandemic.\r\nIt is the older friends of the 71-year-old Kilkenny woman who are living remotely that she is more worried about. She is ready if Taoiseach Leo Varadkar eventually asks the elderly a\u2026 [+3840 chars]"}, {"source": {"id": "the-irish-times", "name": "The Irish Times"}, "author": "Sarah Burns", "title": "Coronavirus: 50,000 people register within three days to On Call for Ireland campaign", "description": "HSE to begin interviewing 6,000 applicants a week, starting next week", "url": "https://www.irishtimes.com/news/health/coronavirus-50-000-people-register-within-three-days-to-on-call-for-ireland-campaign-1.4209040", "urlToImage": "https://www.irishtimes.com/image-creator/?id=1.4209039&origw=1440", "publishedAt": "2020-03-21T13:11:43Z", "content": "Some 50,000 people in less than three days have contacted the HSE about taking up posts in the health service to deal with the expected surge in demand for care arising from the coronavirus outbreak. \r\nThe Government said on Tuesday it would recruit everyone \u2026 [+1163 chars]"}, {"source": {"id": "the-irish-times", "name": "The Irish Times"}, "author": "Simon Carswell", "title": "Taxi-booking app to start deliveries to help stem coronavirus", "description": "Lynk\u2019s 2,000 drivers to offer contactless trips for click-and-collect retailers and buyers", "url": "https://www.irishtimes.com/business/taxi-booking-app-to-start-deliveries-to-help-stem-coronavirus-1.4208185", "urlToImage": "https://www.irishtimes.com/polopoly_fs/1.4208183.1584728900!/image/image.jpg", "publishedAt": "2020-03-21T04:00:00Z", "content": "One of the countrys taxi booking apps is introducing a new service for pick-ups and drop-offs to customers in an effort to maintain social distancing to help people avoid coronavirus.\r\nLynk plans to offer the service from Monday, using the companys nationwide\u2026 [+2649 chars]"}, {"source": {"id": "the-irish-times", "name": "The Irish Times"}, "author": "The Irish Times", "title": "Germany prepares \u20ac150bn emergency budget in coronavirus package", "description": "Berlin planning loans and equity investment in firms hit by crisis", "url": "https://www.irishtimes.com/business/economy/germany-prepares-150bn-emergency-budget-in-coronavirus-package-1.4209096", "urlToImage": "https://www.irishtimes.com/image-creator/?id=1.4209093&origw=1440", "publishedAt": "2020-03-21T18:38:15Z", "content": "Germany is readying an emergency budget worth more than 150 billion to shore up jobs and businesses at risk from the economic impact of the coronavirus outbreak, the finance minister said on Saturday.\r\nGovernment sources told Reuters that hundreds of billions\u2026 [+1969 chars]"}, {"source": {"id": "the-irish-times", "name": "The Irish Times"}, "author": "Simon Carswell", "title": "Coronavirus: Medical devices sector seeks special status to protect business", "description": "Makers of life-saving equipment want State backing to protect supplies and production", "url": "https://www.irishtimes.com/business/coronavirus-medical-devices-sector-seeks-special-status-to-protect-business-1.4208262", "urlToImage": "https://www.irishtimes.com/image-creator/?id=1.4208258&origw=1440", "publishedAt": "2020-03-21T04:15:32Z", "content": "Irish companies making medical devices such as ventilators and medicines that are critical in saving people during the coronavirus epidemic want special status, known as red badging, from the Government to protect their businesses in the event of further rest\u2026 [+3048 chars]"}, {"source": {"id": "the-irish-times", "name": "The Irish Times"}, "author": "The Irish Times", "title": "Juventus forward Paulo Dybala tests positive for coronavirus", "description": "Argentina striker confirms his girlfriend Orianna Sabatini has also contracted virus", "url": "https://www.irishtimes.com/sport/soccer/juventus-forward-paulo-dybala-tests-positive-for-coronavirus-1.4209092", "urlToImage": "https://www.irishtimes.com/image-creator/?id=1.4209091&origw=1440", "publishedAt": "2020-03-21T18:35:10Z", "content": "Juventus forward Paulo Dybala has revealed he has tested positive for Covid-19.\r\nThe Argentina forward announced on Twitter that he and his partner Oriana Sabatini had both tested positive. He is the third Juve player affected after defender Daniele Rugani an\u2026 [+334 chars]"}, {"source": {"id": "the-irish-times", "name": "The Irish Times"}, "author": "Se\u00e1n Moran", "title": "Clare\u2019s changing nature stalled as coronavirus changes everything", "description": "Brian Lohan\u2019s team building will have to wait after fine showing in the Leagues", "url": "https://www.irishtimes.com/sport/gaelic-games/hurling/clare-s-changing-nature-stalled-as-coronavirus-changes-everything-1.4207376", "urlToImage": "https://www.irishtimes.com/image-creator/?id=1.4207374&origw=1440", "publishedAt": "2020-03-21T06:00:03Z", "content": "The best-laid plans. Clare hurlers were rolling along nicely, having won their division and qualified straight into the Allianz League semi-finals. It was a pleasing start for Brian Lohan after a winter of intrigue had finally given way to the will of the clu\u2026 [+5232 chars]"}, {"source": {"id": "the-irish-times", "name": "The Irish Times"}, "author": "Olivia Kelly", "title": "Coronavirus: Restaurants seek takeaway planning reprieve", "description": "Regulations on takeaway use should be relaxed for Covid-19, industry body argues", "url": "https://www.irishtimes.com/news/ireland/irish-news/coronavirus-restaurants-seek-takeaway-planning-reprieve-1.4208040", "urlToImage": "https://www.irishtimes.com/image-creator/?id=1.4208034&origw=1440", "publishedAt": "2020-03-21T06:00:00Z", "content": "Restaurants must be given a dispensation from planning regulations to allow them operate as takeaway services during the coronavirus crisis, the Restaurants Association of Ireland has said.\r\nUnder planning law, a traditional sit-in restaurant must get plannin\u2026 [+6063 chars]"}, {"source": {"id": "the-irish-times", "name": "The Irish Times"}, "author": "The Irish Times", "title": "Coronavirus \u2013 a worldwide crisis", "description": "Sir, \u2013 It is difficult not to be filled with mixed emotions watching from Australia the \u201con call for Ireland\u201d campaign and the Taoiseach\u2019s address. We are greatly concerned for our friends and family at home watching what is unfolding in Italy. We empathise p\u2026", "url": "https://www.irishtimes.com/opinion/letters/coronavirus-a-worldwide-crisis-1.4208156", "urlToImage": "https://www.irishtimes.com/polopoly_fs/1.3619339.1536160376!/image/image.jpg", "publishedAt": "2020-03-21T00:12:00Z", "content": "Sir, It is difficult not to be filled with mixed emotions watching from Australia the on call for Ireland campaign and the Taoiseachs address.\r\nWe are greatly concerned for our friends and family at home watching what is unfolding in Italy. We empathise profo\u2026 [+5011 chars]"}, {"source": {"id": "the-irish-times", "name": "The Irish Times"}, "author": "The Irish Times", "title": "Coronavirus: UK death toll rises by 53 to reach 233", "description": "Announcement comes after Boris Johnson orders pubs, restaurants and gyms to close", "url": "https://www.irishtimes.com/news/world/uk/coronavirus-uk-death-toll-rises-by-53-to-reach-233-1.4209090", "urlToImage": "https://www.irishtimes.com/image-creator/?id=1.4209089&origw=1440", "publishedAt": "2020-03-21T18:17:26Z", "content": "A further 53 people have died in the UK after testing positive for coronavirus, bringing the total number of confirmed deaths to 233, the National Health Service (NHS) said on Saturday.\r\nThe patients who died were aged between 41 and 94 and all had underlying\u2026 [+828 chars]"}, {"source": {"id": "the-irish-times", "name": "The Irish Times"}, "author": "Martin Wall, Paul Cullen, Fiach Kelly, Jade Wilson", "title": "Coronavirus: Government response to economic crisis \u2018underwhelming,\u2019 says Fianna F\u00e1il", "description": "Employers to be allowed to top up State\u2019s \u20ac203-a-week unemployment payment", "url": "https://www.irishtimes.com/news/ireland/irish-news/coronavirus-government-response-to-economic-crisis-underwhelming-says-fianna-f%C3%A1il-1.4209037?localLinksEnabled=false", "urlToImage": null, "publishedAt": "2020-03-21T12:22:53Z", "content": null}, {"source": {"id": "the-irish-times", "name": "The Irish Times"}, "author": "Fintan O'Toole", "title": "Fintan O\u2019Toole: Coronavirus has made all familiar things strange", "description": "It should not take something as terrible as this to awake us to life\u2019s inherent fragility", "url": "https://www.irishtimes.com/opinion/fintan-o-toole-coronavirus-has-made-all-familiar-things-strange-1.4205129", "urlToImage": "https://www.irishtimes.com/image-creator/?id=1.4205128&origw=1440", "publishedAt": "2020-03-21T06:00:00Z", "content": "How long will it last? The question does not apply merely to the Covid-19 pandemic. It relates to its economic, social and political consequences. It is not easy, in the midst of a crisis that is only beginning to unfold, to imagine whether and how it will ch\u2026 [+339 chars]"}, {"source": {"id": "the-irish-times", "name": "The Irish Times"}, "author": "The Irish Times", "title": "Naval vessel to become coronavirus testing centre", "description": "An Irish naval vessel is being transformed into a coronavirus testing centre. The L\u00c9 Samuel Beckett is berthed at Sir John Rogerson\u2019s Quay on the Liffey in Dublin city centre. Army engineers provided power and lighting for the vessel, while others erected ten\u2026", "url": "https://www.irishtimes.com/news/ireland/irish-news/naval-vessel-to-become-coronavirus-testing-centre-1.4209113", "urlToImage": "https://www.irishtimes.com/image-creator/?id=1.4209111&origw=1440", "publishedAt": "2020-03-21T21:47:20Z", "content": "An Irish naval vessel is being transformed into a coronavirus testing centre.\r\nThe L\u00c9 Samuel Beckett is berthed at Sir John Rogersons Quay on the Liffey in Dublin city centre.\r\nArmy engineers provided power and lighting for the vessel, while others erected te\u2026 [+1295 chars]"}, {"source": {"id": "the-irish-times", "name": "The Irish Times"}, "author": "Ruadh\u00e1n Mac Cormaic", "title": "Good government tops ideology in fight against coronavirus", "description": "Just a month ago, as it was fighting to contain the first outbreak of coronavirus, in Hubei province, China was widely thought to have botched its response to the crisis. The number of infections was soaring, and with it the fatality rate. The Communist Party\u2026", "url": "https://www.irishtimes.com/opinion/good-government-tops-ideology-in-fight-against-coronavirus-1.4207860", "urlToImage": "https://www.irishtimes.com/image-creator/?id=1.4207856&origw=1440", "publishedAt": "2020-03-21T01:00:00Z", "content": "Just a month ago, as it was fighting to contain the first outbreak of coronavirus, in Hubei province, China was widely thought to have botched its response to the crisis. The number of infections was soaring, and with it the fatality rate. The Communist Party\u2026 [+4835 chars]"}, {"source": {"id": "the-irish-times", "name": "The Irish Times"}, "author": "The Irish Times", "title": "Italy coronavirus deaths surge by 793 on Saturday to 4,825", "description": "The death toll from an outbreak of coronavirus in Italy has leapt by 793 to 4,825, officials said on Saturday, an increase of 19.6 per cent, by far the largest daily rise in absolute terms since the virus emerged a month ago. On Thursday, Italy overtook China\u2026", "url": "https://www.irishtimes.com/news/world/europe/italy-coronavirus-deaths-surge-by-793-on-saturday-to-4-825-1.4209078", "urlToImage": "https://www.irishtimes.com/image-creator/?id=1.4209077&origw=1440", "publishedAt": "2020-03-21T17:36:36Z", "content": "The death toll from an outbreak of coronavirus in Italy has leapt by 793 to 4,825, officials said on Saturday, an increase of 19.6 per cent, by far the largest daily rise in absolute terms since the virus emerged a month ago.\r\nOn Thursday, Italy overtook Chin\u2026 [+536 chars]"}, {"source": {"id": "the-irish-times", "name": "The Irish Times"}, "author": null, "title": "Spain\u2019s coronavirus week: Deaths rise tenfold in days", "description": "On March 7th, Fernando Sim\u00f3n, Spain\u2019s head of medical emergencies, was asked whether it was advisable for people to take part in the following day\u2019s International Women\u2019s Day demonstrations. \u201cEveryone expresses themselves as they see fit,\u201d he replied, calmly.\u2026", "url": "https://www.irishtimes.com/life-and-style/health-family/spain-s-coronavirus-week-deaths-rise-tenfold-in-days-1.4207132", "urlToImage": "https://www.irishtimes.com/image-creator/?id=1.4207131&origw=1440", "publishedAt": "2020-03-21T07:00:01Z", "content": "On March 7th, Fernando Sim\u00f3n, Spains head of medical emergencies, was asked whether it was advisable for people to take part in the following days International Womens Day demonstrations.\r\nEveryone expresses themselves as they see fit, he replied, calmly. If \u2026 [+71 chars]"}, {"source": {"id": "the-irish-times", "name": "The Irish Times"}, "author": "The Irish Times", "title": "Coronavirus: Government stumbles in efforts to allay financial fears", "description": "It\u2019s been a calamitous week as tens of thousands of workers find themselves either temporarily laid off, put on half pay or forced to work remotely as infection and the need for social distance dictate a rapid shift in workplace culture. As well as hammering \u2026", "url": "https://www.irishtimes.com/business/economy/coronavirus-government-stumbles-in-efforts-to-allay-financial-fears-1.4208196", "urlToImage": "https://www.irishtimes.com/image-creator/?id=1.4208195&origw=1440", "publishedAt": "2020-03-21T05:46:00Z", "content": "Its been a calamitous week as tens of thousands of workers find themselves either temporarily laid off, put on half pay or forced to work remotely as infection and the need for social distance dictate a rapid shift in workplace culture.\r\nAs well as hammering \u2026 [+1818 chars]"}, {"source": {"id": "the-irish-times", "name": "The Irish Times"}, "author": "Martin Wall, Paul Cullen, Fiach Kelly, Jade Wilson, Amanda Ferguson", "title": "Coronavirus: North records biggest daily increase in cases as FF criticises Government response", "description": "108 cases in North; FF say response to economic crisis has been \u2018underwhelming\u2019", "url": "https://www.irishtimes.com/news/ireland/irish-news/coronavirus-north-records-biggest-daily-increase-in-cases-as-ff-criticises-government-response-1.4209037", "urlToImage": "https://www.irishtimes.com/image-creator/?id=1.4209035&origw=1440", "publishedAt": "2020-03-21T12:22:53Z", "content": "Northern Ireland has experienced its single biggest daily increase of confirmed cases of coronavirus since the first case was confirmed at the end of February.\r\nAn update from Stormonts Department of Health said as of 2pm on Saturday, testing has resulted in \u2026 [+6169 chars]"}, {"source": {"id": "the-irish-times", "name": "The Irish Times"}, "author": "Martin Wall, Paul Cullen, Fiach Kelly, Jade Wilson, Amanda Ferguson", "title": "Coronavirus: Harris warns pubs that are still open \u2018we will shut you down\u2019", "description": "Donohoe says assistance payment of \u20ac203 is insufficient and is being revised this weekend", "url": "https://www.irishtimes.com/news/ireland/irish-news/coronavirus-harris-warns-pubs-that-are-still-open-we-will-shut-you-down-1.4209037", "urlToImage": "https://www.irishtimes.com/image-creator/?id=1.4209035&origw=1440", "publishedAt": "2020-03-21T12:22:53Z", "content": "Pubs that remain open in defiance of the Governments advice that they close for at least two weeks during the coronavirus pandemic will be shut down under new emergency powers signed into law on Friday, the Minister for Health warned. \r\nSimon Harris said he h\u2026 [+4858 chars]"}, {"source": {"id": "the-irish-times", "name": "The Irish Times"}, "author": "Martin Wall, Paul Cullen, Fiach Kelly, Jade Wilson, Amanda Ferguson", "title": "Coronavirus: North records biggest daily increase in cases as FF slam Government response", "description": "108 cases in North; FF say response to economic crisis has been \u2018underwhelming\u2019", "url": "https://www.irishtimes.com/news/ireland/irish-news/coronavirus-north-records-biggest-daily-increase-in-cases-as-ff-slam-government-response-1.4209037", "urlToImage": "https://www.irishtimes.com/image-creator/?id=1.4209035&origw=1440", "publishedAt": "2020-03-21T12:22:53Z", "content": "Northern Ireland has experienced its single biggest daily increase of confirmed cases of coronavirus since the first case was confirmed at the end of February.\r\nAn update from Stormonts Department of Health said as of 2pm on Saturday, testing has resulted in \u2026 [+6169 chars]"}, {"source": {"id": "the-irish-times", "name": "The Irish Times"}, "author": "Jack Power, Ronan McGreevy, Jade Wilson, Brian Hutton", "title": "Coronavirus: Cases in Republic rise to 785 as Government response criticised", "description": "Ministers move to address shortcomings in the \u20ac203 pandemic unemployment payment", "url": "https://www.irishtimes.com/news/ireland/irish-news/coronavirus-cases-in-republic-rise-to-785-as-government-response-criticised-1.4209037", "urlToImage": "https://www.irishtimes.com/image-creator/?id=1.4209106&origw=1440", "publishedAt": "2020-03-21T12:22:53Z", "content": "The number of confirmed coronavirus patients in the Republic has risen to 785 after 102 newly discovered cases were confirmed on Saturday evening.\r\nThis means the cases in Ireland have more than doubled in the last three days and comes at a time when the Gove\u2026 [+4806 chars]"}, {"source": {"id": "the-irish-times", "name": "The Irish Times"}, "author": "Jennifer O'Connell", "title": "The coronavirus crisis is an opportunity to make the most of our children", "description": "Jennifer O'Connell: We all love our kids, but had we forgotten how to enjoy them?", "url": "https://www.irishtimes.com/life-and-style/people/the-coronavirus-crisis-is-an-opportunity-to-make-the-most-of-our-children-1.4202219", "urlToImage": "https://www.irishtimes.com/image-creator/?id=1.4202217&origw=1440", "publishedAt": "2020-03-21T06:04:00Z", "content": "I spotted a headline during the early hours of lockdown last week. Could squatting in the office save your life? it read.\r\nIts a sign of these troubled times that I assumed it was another piece about how to get through the next few weeks of enforced close con\u2026 [+4754 chars]"}, {"source": {"id": "the-irish-times", "name": "The Irish Times"}, "author": "The Irish Times", "title": "Coronavirus: Bondi Beach closes as China\u2019s imported cases rise", "description": "Italy and Spain buckling under strain of virus; Trump warns Americans to return home", "url": "https://www.irishtimes.com/news/world/coronavirus-bondi-beach-closes-as-china-s-imported-cases-rise-1.4209000", "urlToImage": "https://www.irishtimes.com/image-creator/?id=1.4208999&origw=1440", "publishedAt": "2020-03-21T08:06:28Z", "content": "Australian officials closed Sydneys iconic Bondi Beach on Saturday after thousands of people flocked there in recent days, defying social distancing orders to prevent the spread of the coronavirus, amid an unusually warm autumn spell. Health minister Greg Hun\u2026 [+6686 chars]"}, {"source": {"id": "the-irish-times", "name": "The Irish Times"}, "author": "The Irish Times", "title": "Italy coronavirus death toll rises to almost 5,000", "description": "Total number of cases in Italy jumps to 53,578 from a previous 47,021, an increase of 13.9%", "url": "https://www.irishtimes.com/news/world/europe/italy-coronavirus-death-toll-rises-to-almost-5-000-1.4209078", "urlToImage": "https://www.irishtimes.com/image-creator/?id=1.4209077&origw=1440", "publishedAt": "2020-03-21T17:36:36Z", "content": "Italy recorded a jump in deaths from coronavirus of almost 800 on Saturday, taking the toll in the worlds hardest-hit country to almost 5,000.\r\nItaly on Thursday overtook China as the country worst affected by the highly contagious virus.\r\nItalys fatalities j\u2026 [+2554 chars]"}, {"source": {"id": "the-irish-times", "name": "The Irish Times"}, "author": "Jack Power", "title": "Off licences \u2018vital cog\u2019 in community during coronavirus crisis, association says", "description": "Off licences are acting as a \u201cvital cog\u201d in the community during the coronavirus outbreak, and should avoid being portrayed as seeking to \u201cprofit\u201d from the public health crisis, the National Off Licence Association (NOffLA) has privately told its members. The\u2026", "url": "https://www.irishtimes.com/news/ireland/irish-news/off-licences-vital-cog-in-community-during-coronavirus-crisis-association-says-1.4209028", "urlToImage": "https://www.irishtimes.com/polopoly_fs/1.4209026.1584789515!/image/image.jpg", "publishedAt": "2020-03-21T11:18:49Z", "content": "Off licences are acting as a vital cog in the community during the coronavirus outbreak, and should avoid being portrayed as seeking to profit from the public health crisis, the National Off Licence Association (NOffLA) has privately told its members.\r\nThe as\u2026 [+1846 chars]"}, {"source": {"id": "the-irish-times", "name": "The Irish Times"}, "author": "Pat Leahy", "title": "Coronavirus has upended our politics and the turbulence may just be beginning", "description": "The coronavirus crisis has upended politics everywhere. You can almost smell the fear off Donald Trump from here, as the reality and extent of the calamity facing the threadbare US public healthcare system belatedly dawns on him, and his best route to re-elec\u2026", "url": "https://www.irishtimes.com/opinion/coronavirus-has-upended-our-politics-and-the-turbulence-may-just-be-beginning-1.4207999", "urlToImage": "https://www.irishtimes.com/image-creator/?id=1.4207983&origw=1440", "publishedAt": "2020-03-21T05:00:00Z", "content": "The coronavirus crisis has upended politics everywhere. You can almost smell the fear off Donald Trump from here, as the reality and extent of the calamity facing the threadbare US public healthcare system belatedly dawns on him, and his best route to re-elec\u2026 [+5737 chars]"}, {"source": {"id": "the-irish-times", "name": "The Irish Times"}, "author": null, "title": "Coronavirus: How charities and State agencies can help if you\u2019re stressed", "description": "With 140, 000 people losing their jobs over recent days as a result of the coronavirus outbreak, many are struggling with worries about their financial future, their rent and mortgage repayments and how to manage the stress caused by the crisis. State agencie\u2026", "url": "https://www.irishtimes.com/news/social-affairs/coronavirus-how-charities-and-state-agencies-can-help-if-you-re-stressed-1.4209055", "urlToImage": "https://www.irishtimes.com/image-creator/?id=1.4209054&origw=960", "publishedAt": "2020-03-21T15:11:24Z", "content": "With 140, 000 people losing their jobs over recent days as a result of the coronavirus outbreak, many are struggling with worries about their financial future, their rent and mortgage repayments and how to manage the stress caused by the crisis.\r\nState agenci\u2026 [+204 chars]"}, {"source": {"id": "the-irish-times", "name": "The Irish Times"}, "author": "The Irish Times", "title": "Coronavirus: Spain plans to ramp up testing as death toll surpasses 1,300", "description": "Spanish authorities said on Saturday that they would boost coronavirus testing, potentially with the help of robots, as the toll in the country kept climbing, surpassing 1,300 deaths and reaching close to 25,000 cases. Europe\u2019s second-worst outbreak showed no\u2026", "url": "https://www.irishtimes.com/news/world/coronavirus-spain-plans-to-ramp-up-testing-as-death-toll-surpasses-1-300-1.4209000", "urlToImage": "https://www.irishtimes.com/image-creator/?id=1.4209053&origw=1440", "publishedAt": "2020-03-21T08:06:28Z", "content": "Spanish authorities said on Saturday that they would boost coronavirus testing, potentially with the help of robots, as the toll in the country kept climbing, surpassing 1,300 deaths and reaching close to 25,000 cases.\r\nEuropes second-worst outbreak showed no\u2026 [+8697 chars]"}, {"source": {"id": "the-irish-times", "name": "The Irish Times"}, "author": "The Irish Times", "title": "Coronavirus: 70m in lockdown in US as China\u2019s imported cases rise", "description": "Three major American states are locking down their residents in the face of the coronavirus which is already severely straining health systems in parts of Europe. Officials in New York and Illinois announced they would largely restrict residents to their home\u2026", "url": "https://www.irishtimes.com/news/world/coronavirus-70m-in-lockdown-in-us-as-china-s-imported-cases-rise-1.4209000", "urlToImage": "https://www.irishtimes.com/image-creator/?id=1.4208999&origw=1440", "publishedAt": "2020-03-21T08:06:28Z", "content": "Three major American states are locking down their residents in the face of the coronavirus which is already severely straining health systems in parts of Europe.\r\nOfficials in New York and Illinois announced they would largely restrict residents to their hom\u2026 [+6843 chars]"}, {"source": {"id": "the-irish-times", "name": "The Irish Times"}, "author": "Tim O'Brien", "title": "Wicklow man recovered from coronavirus showed no symptoms after ski trip", "description": "A Co Wicklow solicitor has spoken of how he has recovered from the corona virus which said he picked up while on a skiing trip in Italy. Donal O\u2019Sullivan, a former mayor of Arklow and former president of Arklow Chamber of Commerce said he was one of seven peo\u2026", "url": "https://www.irishtimes.com/news/ireland/irish-news/wicklow-man-recovered-from-coronavirus-showed-no-symptoms-after-ski-trip-1.4209060", "urlToImage": "https://www.irishtimes.com/polopoly_fs/1.4209059.1584803860!/image/image.jpg", "publishedAt": "2020-03-21T15:17:51Z", "content": "A Co Wicklow solicitor has spoken of how he has recovered from the corona virus which said he picked up while on a skiing trip in Italy.\r\nDonal OSullivan, a former mayor of Arklow and former president of Arklow Chamber of Commerce said he was one of seven peo\u2026 [+1698 chars]"}, {"source": {"id": "the-irish-times", "name": "The Irish Times"}, "author": null, "title": "Coronavirus: The good news and the good news to be wary of", "description": "The cascade of reports from around the world about multiplying Covid-19 cases and rising death tolls is so unrelenting, it\u2019s hard to see any bright spots. Here amid the gloom are seven positive developments this week on which to focus the mind. There are, how\u2026", "url": "https://www.irishtimes.com/life-and-style/health-family/coronavirus-the-good-news-and-the-good-news-to-be-wary-of-1.4207790", "urlToImage": "https://www.irishtimes.com/image-creator/?id=1.4207789&origw=1440", "publishedAt": "2020-03-21T06:01:40Z", "content": "The cascade of reports from around the world about multiplying Covid-19 cases and rising death tolls is so unrelenting, its hard to see any bright spots.\r\nHere amid the gloom are seven positive developments this week on which to focus the mind. There are, how\u2026 [+18 chars]"}, {"source": {"id": "the-irish-times", "name": "The Irish Times"}, "author": "The Irish Times", "title": "Coronavirus: Spain\u2019s death toll soars to 1,326 as 70m in lockdown in US", "description": "China\u2019s imported cases rise; Australia closes Bondi Beach; Italy and Spain buckle under strain of virus", "url": "https://www.irishtimes.com/news/world/coronavirus-spain-s-death-toll-soars-to-1-326-as-70m-in-lockdown-in-us-1.4209000", "urlToImage": "https://www.irishtimes.com/image-creator/?id=1.4208999&origw=1440", "publishedAt": "2020-03-21T08:06:28Z", "content": "Spains death toll from the coronavirus epidemic soared on Saturday to 1,326 from 1,002 on Friday, according to the countrys Health Ministry latest data.\r\nThe number of registered cases in the country rose to 24,926 on Saturday from 19,980 in the previous tall\u2026 [+7178 chars]"}, {"source": {"id": "the-irish-times", "name": "The Irish Times"}, "author": "The Irish Times", "title": "Coronavirus: Spain\u2019s death toll soars to 1,326 as Singapore reports first deaths", "description": "70m in lockdown in US\u2019 China\u2019s imported cases rise; Australia closes Bondi Beach", "url": "https://www.irishtimes.com/news/world/coronavirus-spain-s-death-toll-soars-to-1-326-as-singapore-reports-first-deaths-1.4209000", "urlToImage": "https://www.irishtimes.com/image-creator/?id=1.4209053&origw=1440", "publishedAt": "2020-03-21T08:06:28Z", "content": "Spain has recorded almost 5,000 new cases of coronavirus in 24 hours as it became the third most infected country in the world. Health authorities said on Saturday that virus infections have reached 24,926, up from 19,980 the day before.\r\nTotal deaths are at \u2026 [+8125 chars]"}]}