{"status": "ok", "totalResults": 80, "articles": [{"source": {"id": "the-times-of-india", "name": "The Times of India"}, "author": null, "title": "Humour: Stay safe & enjoy these covid memes", "description": "DISCLAIMER: This is a compilation of humour being shared by netizens around the world. Times of India neither condones nor endorses any of the views shared in this article here. The subject matter is intended purely as satire.", "url": "http://timesofindia.indiatimes.com/social-humour-stay-safe-at-home-and-enjoy-these-coronavirus-memes/articleshow/74672091.cms", "urlToImage": null, "publishedAt": "2020-03-17T09:48:23Z", "content": null}, {"source": {"id": "the-times-of-india", "name": "The Times of India"}, "author": "TIMESOFINDIA.COM", "title": "Sensex, Nifty continue to fall over Covid-19 fears", "description": "Equity indices continued to fall on Tuesday with the benchmark BSE sensex falling over 500 points as the deadly coronavirus remained a major risk to economic growth. Sensex tanked 515 points or 1.64 per cent to 30,875; while the broader NSE Nifty moved 150 po\u2026", "url": "https://timesofindia.indiatimes.com/business/india-business/sensex-nifty-continue-to-fall-over-coronavirus-fears/articleshow/74666430.cms", "urlToImage": "https://static.toiimg.com/thumb/msid-74666519,width-1070,height-580,imgsize-100596,resizemode-75,overlay-toi_sw,pt-32,y_pad-40/photo.jpg", "publishedAt": "2020-03-17T04:15:18Z", "content": "Copyright \u00a9 2020 Bennett, Coleman &amp; Co. Ltd. All rights reserved. For reprint rights: Times Syndication Service"}, {"source": {"id": "the-times-of-india", "name": "The Times of India"}, "author": "Times Of India", "title": "Covid-19 live: Army steps up vigil, postpones wargames, conferences", "description": "Coronavirus has infected more than 198,000 people and killed more than 7,900 across the world. Of these, China has over 80,800 positive cases while Italy's tally stands over 27, 900. Total cases in India have risen to 147, as per the Union health ministry. Th\u2026", "url": "https://timesofindia.indiatimes.com/india/coronavirus-live-news-update-total-number-of-coronavirus-cases-in-india-maharashtra-kolkata-delhi-bangalore-mumbai/liveblog/74682344.cms", "urlToImage": "https://static.toiimg.com/photo/msid-74682344,imgsize-329109/74682344.jpg", "publishedAt": "2020-03-17T21:31:19Z", "content": "Coronavirus cases rise to 237 in Pakistan, PM Imran Khan says infection will spread further, reports PTI\r\nThe number of confirmed coronavirus cases in Pakistan sharply rose to 237 on Tuesday, amidst conflicting statements by authorities on the nation's first \u2026 [+295 chars]"}, {"source": {"id": "the-times-of-india", "name": "The Times of India"}, "author": "Quick Edit", "title": "Quick Edit: Pvt labs for Covid-19 testing necessary", "description": "The government\u2019s plan to allow around 60 NABL-accredited private labs to do testing on Covid-19 swab samples will help greatly in the days to come. While the tests have been free for patients, government spends...", "url": "https://timesofindia.indiatimes.com/blogs/toi-editorials/roping-in-private-labs-for-covid-19-testing-was-necessary-enlisting-services-of-private-sector-clinics-medical-colleges-and-hospitals-could-also-become-necessary/", "urlToImage": "https://timesofindia.indiatimes.com/blogs/wp-content/uploads/2020/03/QUick-Edit.png", "publishedAt": "2020-03-17T10:50:53Z", "content": "The governments plan to allow around 60 NABL-accredited private labs to do testing on Covid-19 swab samples will help greatly in the days to come. While the tests have been free for patients, government spends Rs.6,000 where a test requires reconfirmation. Th\u2026 [+1551 chars]"}, {"source": {"id": "the-times-of-india", "name": "The Times of India"}, "author": "ET CONTRIBUTORS", "title": "View: Buy COVID-19 bonds, RBI", "description": "The government must act to cushion the impact. RBI must act in tandem, not just stand ready to cut rates if needed.", "url": "https://economictimes.indiatimes.com/news/economy/policy/buy-covid-19-bonds-rbi/articleshow/74679498.cms", "urlToImage": "https://img.etimg.com/thumb/msid-74683249,width-1070,height-580,imgsize-528479,overlay-economictimes/photo.jpg", "publishedAt": "2020-03-17T22:49:53Z", "content": "By T K Arun\r\nThe economic fallout of the coronavirus pandemic is going to be severe. Global growth will be hit. That means exports will decline. The plus side for India is that lower energy prices will help both the economy and the exchequer. That said, what \u2026 [+4993 chars]"}, {"source": {"id": "the-times-of-india", "name": "The Times of India"}, "author": "Nishtha Saluja", "title": "Covid-19 hits highway monetisation plan", "description": "The national highways building authority has extended the fourth round of auction to monetise operational highways to April, as investors adopt a wait-and-watch mode before deciding on long-term investments.", "url": "https://economictimes.indiatimes.com/industry/transportation/roadways/covid-hits-highway-monetisation-plan/articleshow/74680723.cms", "urlToImage": "https://img.etimg.com/thumb/msid-74682791,width-1070,height-580,imgsize-1310197,overlay-economictimes/photo.jpg", "publishedAt": "2020-03-17T22:30:18Z", "content": "NEW DELHI: India's road asset monetisation plan for the ongoing fiscal year is set to take a hit with investors turning wary following the Covid-19 outbreak. The national highways building authority has extended the fourth round of auction to monetise operati\u2026 [+1886 chars]"}, {"source": {"id": "the-times-of-india", "name": "The Times of India"}, "author": "Economic Times", "title": "COVID-19: Dow suffers, China reports 21 new cases", "description": "COVID-19: Dow suffers, China reports 21 new casesMainland China had 21 new confirmed cases of coronavirus infections on Monday and meanwhile Wall Street suffered its biggest drop since the crash of 1987 on Monday.", "url": "https://economictimes.indiatimes.com/news/politics-and-nation/coronavirus-cases-in-india-live-news-latest-updates-march17/liveblog/74664903.cms", "urlToImage": "https://img.etimg.com/thumb/msid-74664903,width-600,resizemode-4,imglength-524065/news/politics-and-nation/coronavirus-cases-in-india-live-news-latest-updates-march17.jpg", "publishedAt": "2020-03-17T00:52:00Z", "content": null}, {"source": {"id": "the-times-of-india", "name": "The Times of India"}, "author": "PTI", "title": "1st COVID-19 patient of Delhi says dont be scared", "description": "1st COVID-19 patient of Delhi says dont be scaredA businessman who was the first person to test positive for the novel coronavirus in Delhi and quarantined 14 days, said on Monday that people having symptoms of the deadly disease should not be scared and visi\u2026", "url": "https://economictimes.indiatimes.com/news/politics-and-nation/dont-be-scared-dont-stay-at-home-if-you-have-symptoms-first-covid-19-patient-of-delhi/articleshow/74665604.cms", "urlToImage": "https://img.etimg.com/thumb/msid-74665596,width-1070,height-580,imgsize-610225,overlay-economictimes/photo.jpg", "publishedAt": "2020-03-17T02:49:57Z", "content": "NEW DELHI: A businessman who was the first person to test positive for the novel coronavirus in Delhi and quarantined 14 days, said on Monday that people having symptoms of the deadly disease should not be scared and visit doctors immediately.\r\nThe 45-year-ol\u2026 [+3114 chars]"}, {"source": {"id": "the-times-of-india", "name": "The Times of India"}, "author": "Dipanjan Roy Chaudhury", "title": "India, Saudi Arabia explore virtual G-20 summit to address Covid-19 pandemic", "description": "PM Narendra Modi had a telephone conversation with the Crown Prince of the Kingdom of Saudi Arabia Mohammed bin Salman. The two leaders discussed the global situation regarding the COVID \u2013 19 pandemic. Saudi Arabia currently holds G-20 Presidency.", "url": "https://economictimes.indiatimes.com/news/politics-and-nation/india-saudi-arabia-explore-virtual-g-20-summit-to-address-covid-19-pandemic/articleshow/74679565.cms", "urlToImage": "https://img.etimg.com/thumb/msid-74679596,width-1070,height-580,imgsize-598637,overlay-economictimes/photo.jpg", "publishedAt": "2020-03-17T16:56:08Z", "content": "New Delhi: India and Saudi Arabia on Tuesday agreed that an exercise at level of G-20 similar to SAARC efforts last Sunday will be useful to address Covid-19 pandemic. \r\nPM Narendra Modi had a telephone conversation with the Crown Prince of the Kingdom of Sau\u2026 [+998 chars]"}, {"source": {"id": "the-times-of-india", "name": "The Times of India"}, "author": "Aman Sharma", "title": "PM Modi asks for tech-driven solutions from people to fight COVID-19", "description": "\u201cHarnessing innovation for a healthier planet. A lot of people have been sharing technology-driven solutions for COVID-19. I would urge them to share them on @mygovindia. These efforts can help many,\u201d the Prime Minister said on Monday.", "url": "https://economictimes.indiatimes.com/news/politics-and-nation/pm-modi-asks-for-tech-driven-solutions-from-people-to-fight-covid-19/articleshow/74667393.cms", "urlToImage": "https://img.etimg.com/thumb/msid-74667393,width-1070,height-580,imgsize-671647,overlay-economictimes/photo.jpg", "publishedAt": "2020-03-17T05:25:29Z", "content": "NEW DELHI: Prime Minister Narendra Modi has appealed to public to share any technology-driven solutions for strengthening the fight against COVID-19, saying such efforts can help the government and make public join the mission against the virus.\r\n\u201cHarnessing \u2026 [+2378 chars]"}, {"source": {"id": "the-times-of-india", "name": "The Times of India"}, "author": "TNN", "title": "How Covid-19 has inspired genuine leaders", "description": "India News: It's no surprise that the COVID-19 pandemic has rattled the world.", "url": "https://timesofindia.indiatimes.com/india/how-covid-19-has-inspired-genuine-leaders/articleshow/74672068.cms", "urlToImage": "https://static.toiimg.com/thumb/msid-74672070,width-1070,height-580,imgsize-523097,resizemode-75,overlay-toi_sw,pt-32,y_pad-40/photo.jpg", "publishedAt": "2020-03-17T09:31:01Z", "content": "Copyright \u00a9 2020 Bennett, Coleman &amp; Co. Ltd. All rights reserved. For reprint rights: Times Syndication Service"}, {"source": {"id": "the-times-of-india", "name": "The Times of India"}, "author": "Bangalore Mirror", "title": "COVID-19: Bengaluru reports another positive case, making it a total of 11 cases in Karnataka - Bangalore Mirror", "description": "COVID-19: Bengaluru reports another positive case, making it a total of 11 cases in Karnataka Bangalore Mirror Coronavirus: In Karnataka, 63-year old doctor among 10 confirmed cases Livemint COVID-19: One more tests positive in Bengaluru, making it a total of\u2026", "url": "https://bangaloremirror.indiatimes.com/bangalore/others/covid-19-bengaluru-reports-another-positive-case-making-it-a-total-of-11-cases-in-karnataka/articleshow/74676463.cms", "urlToImage": "https://static.toiimg.com/photo/imgsize-139025,msid-74676834/74676834.jpg", "publishedAt": "2020-03-17T13:59:10Z", "content": "Till date eleven COVID-19 positive cases have been reported in Karnataka\r\n state including one deathTen COVID-19 positive patients are in isolation\r\n at designated hospitals and are stable. Four new positive confirmed cases have been reported in last 24 hours\u2026 [+1522 chars]"}, {"source": {"id": "the-times-of-india", "name": "The Times of India"}, "author": "TIMESOFINDIA.COM", "title": "What are the symptoms of novel coronavirus (COVID-19)", "description": "India News: NEW DELHI: The novel coronavirus has so far killed over 7,000 people across the world and affected over 180,000 people.", "url": "https://timesofindia.indiatimes.com/india/what-are-the-symptoms-of-novel-coronavirus-covid-19/articleshow/74668635.cms", "urlToImage": "https://static.toiimg.com/thumb/msid-74668661,width-1070,height-580,imgsize-882174,resizemode-75,overlay-toi_sw,pt-32,y_pad-40/photo.jpg", "publishedAt": "2020-03-17T06:10:10Z", "content": null}, {"source": {"id": "the-times-of-india", "name": "The Times of India"}, "author": "TIMESOFINDIA.COM", "title": "Puducherry reports its first confirmed COVID-19 case", "description": "A 68-year old woman has tested positive for coronavirus in Mahe region of Puducherry, becoming the first confirmed case in the union territory, a senior official said on Tuesday. The condition of the patient was 'stable', as per officials. The number of novel\u2026", "url": "https://timesofindia.indiatimes.com/india/puducherry-reports-its-first-confirmed-covid-19-case/articleshow/74673862.cms", "urlToImage": "https://static.toiimg.com/thumb/msid-74674275,width-1070,height-580,imgsize-647978,resizemode-75,overlay-toi_sw,pt-32,y_pad-40/photo.jpg", "publishedAt": "2020-03-17T11:20:47Z", "content": "Copyright \u00a9 2020 Bennett, Coleman &amp; Co. Ltd. All rights reserved. For reprint rights: Times Syndication Service"}, {"source": {"id": "the-times-of-india", "name": "The Times of India"}, "author": "TNN", "title": "India enters critical phase in fight against COVID-19", "description": "With confirmed cases of Covid-2019 crossing 100 in India, we seem to have entered the most crucial phase in the spread of the virus. Analysis of week-wise data of confirmed cases in other countries that are struggling to contain this outbreak shows that confi\u2026", "url": "https://timesofindia.indiatimes.com/india/india-enters-critical-phase-in-fight-against-covid-19/articleshow/74665879.cms", "urlToImage": "https://static.toiimg.com/thumb/msid-74665924,width-1070,height-580,imgsize-77704,resizemode-75,overlay-toi_sw,pt-32,y_pad-40/photo.jpg", "publishedAt": "2020-03-17T03:03:28Z", "content": "Copyright \u00a9 2020 Bennett, Coleman &amp; Co. Ltd. All rights reserved. For reprint rights: Times Syndication Service"}, {"source": {"id": "the-times-of-india", "name": "The Times of India"}, "author": "TNN", "title": "SC asks govt about steps taken to shield jails from Covid-19 spread", "description": "India News: NEW DELHI: Fearing that overcrowded prisons could become fertile grounds for spread of coronavirus, the Supreme Court on Monday initiated suo motu pro.", "url": "https://timesofindia.indiatimes.com/india/sc-asks-govt-about-steps-taken-to-shield-jails-from-covid-19-spread/articleshow/74665430.cms", "urlToImage": "https://static.toiimg.com/thumb/msid-74665553,width-1070,height-580,imgsize-106126,resizemode-75,overlay-toi_sw,pt-32,y_pad-40/photo.jpg", "publishedAt": "2020-03-17T02:16:48Z", "content": null}, {"source": {"id": "the-times-of-india", "name": "The Times of India"}, "author": "TNN", "title": "G-40 from Dubai makes up nearly 40% of Maharashtra\u2019s Covid-19 cases", "description": "One more person from the Dubai group of 40 travellers has tested positive for coronavirus after initially testing negative. With this, the group alone has contributed to nearly 40% of Maharashtra\u2019s 40 positive cases as on Monday.", "url": "https://timesofindia.indiatimes.com/india/g-40-from-dubai-makes-up-nearly-40-of-maharashtras-cases/articleshow/74664924.cms", "urlToImage": "https://static.toiimg.com/thumb/msid-74664927,width-1070,height-580,imgsize-1693282,resizemode-75,overlay-toi_sw,pt-32,y_pad-40/photo.jpg", "publishedAt": "2020-03-17T00:38:06Z", "content": "Copyright \u00a9 2020 Bennett, Coleman &amp; Co. Ltd. All rights reserved. For reprint rights: Times Syndication Service"}, {"source": {"id": "the-times-of-india", "name": "The Times of India"}, "author": "TNN", "title": "Cannot confirm whether more than 250 Indians in Iran have tested positive for Covid-19: MEA", "description": "India News: NEW DELHI: Some of the Indian pilgrims and students in Iran, who have tested negative for Covid-19 but who had refused to leave behind their friends/f.", "url": "https://timesofindia.indiatimes.com/india/cannot-confirm-whether-more-than-250-indians-in-iran-have-tested-positive-for-covid-19-mea/articleshow/74678635.cms", "urlToImage": "https://static.toiimg.com/thumb/msid-47529300,width-1070,height-580,imgsize-110164,resizemode-75,overlay-toi_sw,pt-32,y_pad-40/photo.jpg", "publishedAt": "2020-03-17T15:26:17Z", "content": "Copyright \u00a9 2020 Bennett, Coleman &amp; Co. Ltd. All rights reserved. For reprint rights: Times Syndication Service"}, {"source": {"id": "the-times-of-india", "name": "The Times of India"}, "author": "PTI", "title": "Guidelines formed for management of bodies infected with Covid-19: Health ministry", "description": "India News: NEW DELHI: With the country reporting the third death due to novel coronavirus, the heath ministry on Tuesday said that guidelines for management of b.", "url": "https://timesofindia.indiatimes.com/india/guidelines-formed-for-management-of-bodies-infected-with-covid-19-health-ministry/articleshow/74678358.cms", "urlToImage": "https://static.toiimg.com/thumb/msid-74678416,width-1070,height-580,imgsize-218904,resizemode-75,overlay-toi_sw,pt-32,y_pad-40/photo.jpg", "publishedAt": "2020-03-17T15:19:49Z", "content": "Copyright \u00a9 2020 Bennett, Coleman &amp; Co. Ltd. All rights reserved. For reprint rights: Times Syndication Service"}, {"source": {"id": "the-times-of-india", "name": "The Times of India"}, "author": "Times Of India", "title": "South Korea flattens out Covid-19 spread; death rate lowest among top nations", "description": "India News: South Korea has chronicled its success in the anti-Covid-19 battle by showing how the death rate and the pace of new cases were brought down due to pr", "url": "https://timesofindia.indiatimes.com/india/south-korea-flattens-out-covid-19-spread-death-rate-lowest-among-top-nations/articleshow/74678060.cms", "urlToImage": "https://static.toiimg.com/thumb/msid-74678132,width-1070,height-580,imgsize-139584,resizemode-75,overlay-toi_sw,pt-32,y_pad-40/photo.jpg", "publishedAt": "2020-03-17T14:49:17Z", "content": "Copyright \u00a9 2020 Bennett, Coleman &amp; Co. Ltd. All rights reserved. For reprint rights: Times Syndication Service"}, {"source": {"id": "the-times-of-india", "name": "The Times of India"}, "author": "TIMESOFINDIA.COM", "title": "What are the ways to prevent the spread of novel coronavirus (COVID-19)", "description": "India News: NEW DELHI: The novel coronavirus has so far killed over 7,000 people across the world and affected over 180,000 people.", "url": "https://timesofindia.indiatimes.com/india/what-are-the-ways-to-prevent-the-spread-of-novel-coronavirus-covid-19/articleshow/74668875.cms", "urlToImage": "https://static.toiimg.com/thumb/msid-74668872,width-1070,height-580,imgsize-626524,resizemode-75,overlay-toi_sw,pt-32,y_pad-40/photo.jpg", "publishedAt": "2020-03-17T06:23:37Z", "content": null}, {"source": {"id": "the-times-of-india", "name": "The Times of India"}, "author": "TNN", "title": "Faster green clearances to Pharma companies to overcome possible shortage of drugs during COVID-19 outbreak", "description": "In order to help overcome any possible shortage of raw materials in medicine formulations in the wake of coronavirus (COVID-19) outbreak, the Centre has decided that projects or activities relating to bulk drugs be considered out of turn and environmental cle\u2026", "url": "https://timesofindia.indiatimes.com/india/faster-green-clearances-to-pharma-companies-to-overcome-possible-shortage-of-drugs-during-covid-19-outbreak/articleshow/74678703.cms", "urlToImage": "https://static.toiimg.com/thumb/msid-74678785,width-1070,height-580,imgsize-301994,resizemode-75,overlay-toi_sw,pt-32,y_pad-40/photo.jpg", "publishedAt": "2020-03-17T15:38:02Z", "content": "Copyright \u00a9 2020 Bennett, Coleman &amp; Co. Ltd. All rights reserved. For reprint rights: Times Syndication Service"}, {"source": {"id": "the-times-of-india", "name": "The Times of India"}, "author": "PTI", "title": "Mumbai man becomes third person in India to die of covid-19, number of cases climbs to 126", "description": "The government, which on Monday banned the entry of passengers from EU countries, Turkey and the UK from March 18 till March 31, also closed its doors to those from Afghanistan, the Philippines and Malaysia with immediate effect, according to an additional tr\u2026", "url": "https://timesofindia.indiatimes.com/india/mumbai-man-becomes-third-person-in-india-to-die-of-covid-19-number-of-cases-climbs-to-126/articleshow/74676062.cms", "urlToImage": "https://static.toiimg.com/thumb/msid-74676168,width-1070,height-580,imgsize-111154,resizemode-75,overlay-toi_sw,pt-32,y_pad-40/photo.jpg", "publishedAt": "2020-03-17T12:42:35Z", "content": "Copyright \u00a9 2020 Bennett, Coleman &amp; Co. Ltd. All rights reserved. For reprint rights: Times Syndication Service"}, {"source": {"id": "the-times-of-india", "name": "The Times of India"}, "author": "ANI", "title": "PM Modi says Parliament session to continue till April 3, asks MPs to raise COVID-19 awareness", "description": "Prime Minister Narendra Modi on Tuesday, addressing the BJP's Parliamentary party meet, said that Parliament will run till April 3 and expressed disappointment over missives by some MPs asking for curtailment of the ongoing session due to coronavirus outbreak\u2026", "url": "https://timesofindia.indiatimes.com/india/pm-modi-says-parliament-session-to-continue-till-april-3-asks-mps-to-raise-covid-19-awareness/articleshow/74670198.cms", "urlToImage": "https://static.toiimg.com/thumb/msid-74670231,width-1070,height-580,imgsize-101239,resizemode-75,overlay-toi_sw,pt-32,y_pad-40/photo.jpg", "publishedAt": "2020-03-17T07:44:27Z", "content": "Copyright \u00a9 2020 Bennett, Coleman &amp; Co. Ltd. All rights reserved. For reprint rights: Times Syndication Service"}, {"source": {"id": "the-times-of-india", "name": "The Times of India"}, "author": "Aditi Shrivastava and Ashwin Manikandan", "title": "Digital payments slip 30% on Covid-19 curbs", "description": "Digital transactions processed by leading firms, both online and offline, are bearing the brunt due to restrictions in place to prevent a Covid-19 outbreak. It has especially impacted the air travel, hospitality and retail sectors. While customer traffic on d\u2026", "url": "https://economictimes.indiatimes.com/tech/internet/digital-payments-slip-30-on-covid-19-curbs/articleshow/74667477.cms", "urlToImage": "https://img.etimg.com/thumb/msid-74665304,width-1070,height-580,imgsize-241968,overlay-etwealth/photo.jpg", "publishedAt": "2020-03-17T02:19:02Z", "content": "BENGALURU | MUMBAI: Shut shops, cancelled airline tickets and slower discretionary spends by consumers on dining out and movies are starting to hurt the country\u2019s fast-growing digital payments sector. With industries across the board seeing a sharp slowdown, \u2026 [+3172 chars]"}, {"source": {"id": "the-times-of-india", "name": "The Times of India"}, "author": "Jayashree Bhosale", "title": "Covid-19 scare shoots up demand for India's raw turmeric", "description": "Exporters across India are confirming an increased interest from corona-affected countries in consuming raw turmeric. Concerns over the virus have also boosted domestic sales of fruits and vegetables, while the poultry industry is struggling to sell chicken e\u2026", "url": "https://economictimes.indiatimes.com/news/economy/foreign-trade/covid-19-scare-shoots-up-demand-for-indias-raw-turmeric/articleshow/74666869.cms", "urlToImage": "https://img.etimg.com/thumb/msid-74667022,width-1070,height-580,imgsize-177066,overlay-economictimes/photo.jpg", "publishedAt": "2020-03-17T04:57:31Z", "content": "PUNE: Turmeric sales to Europe and West Asia have shot up because its medicinal properties are getting renewed attention at the time when the coronavirus is spreading rapidly, traders said.\r\nConcerns over the virus have also boosted domestic sales of fruits a\u2026 [+2073 chars]"}, {"source": {"id": "the-times-of-india", "name": "The Times of India"}, "author": "TIMESOFINDIA.COM", "title": "Jared Leto learned about COVID-19 today!", "description": "World Health Organization has declared Coronavirus as the pandemic. The world is heading towards shutdown and the outbreak has caused over 6,000 deaths so far. As there is no cure for the disease, precaution from getting infected is the only way to stay safe.", "url": "https://timesofindia.indiatimes.com/entertainment/english/hollywood/news/jared-leto-learned-about-covid-19-after-returning-from-his-12-day-meditation-in-the-desert/articleshow/74679454.cms", "urlToImage": "https://static.toiimg.com/photo/msid-74679573/74679573.jpg?90028", "publishedAt": "2020-03-17T16:35:03Z", "content": null}, {"source": {"id": "the-times-of-india", "name": "The Times of India"}, "author": "TIMESOFINDIA.COM", "title": "Pooja enjoys snowfall amidst Covid-19 scare", "description": "Coronavirus has led to celebrities practicing self quarantine, but here\u2019s Pooja Hedge enjoying snow fall. A video of the \u2018Mohenjo Daro\u2019 actress was recently shared on social media wherein Pooja is snapped in the balcony of her room, enjoying snow fall. Her ch\u2026", "url": "https://timesofindia.indiatimes.com/entertainment/hindi/bollywood/news/amidst-coronavirus-scare-pooja-hedge-cheerfully-enjoys-snowfall-in-latest-video/articleshow/74672826.cms", "urlToImage": "https://static.toiimg.com/photo/msid-74672826/74672826.jpg?402573", "publishedAt": "2020-03-17T10:06:49Z", "content": null}, {"source": {"id": "the-times-of-india", "name": "The Times of India"}, "author": "TIMESOFINDIA.COM", "title": "COVID-19: Sophie follows Katrina's footsteps", "description": "Actress Sophie Choudry is an avid social media user and constantly keeps on updating the fans with her stunning pictures and fitness videos. She recently shared a picture of herself which turned up the heat on the internet as she donned a bikini.", "url": "https://timesofindia.indiatimes.com/entertainment/hindi/bollywood/news/covid-19-sophie-choudry-follows-katrina-kaif-and-jacqueline-fernandezs-footsteps-as-she-workouts-at-home/articleshow/74672338.cms", "urlToImage": "https://static.toiimg.com/photo/msid-74672361/74672361.jpg?431341", "publishedAt": "2020-03-17T09:43:28Z", "content": null}, {"source": {"id": "the-times-of-india", "name": "The Times of India"}, "author": "TIMESOFINDIA.COM", "title": "COVID-19: 'Black Widow' release date postponed", "description": "Scarlett Johansson's 'Black Widow' is one of the anticipated films of the year. The film was supposed to hit the theatres in May. However now, Disney has postponed the release of the film.", "url": "https://timesofindia.indiatimes.com/entertainment/english/hollywood/news/covid-19-outbreak-disney-postpones-the-release-date-of-scarlett-johanssons-black-widow/articleshow/74681269.cms", "urlToImage": "https://static.toiimg.com/photo/msid-74681274/74681274.jpg?68563", "publishedAt": "2020-03-17T18:36:13Z", "content": null}, {"source": {"id": "the-times-of-india", "name": "The Times of India"}, "author": "\u0928\u0935\u092d\u093e\u0930\u0924\u091f\u093e\u0907\u092e\u094d\u0938.\u0915\u0949\u092e", "title": "'\u092b\u094d\u0930\u0940 \u092e\u0947\u0902 COVID-19 \u0915\u0940 \u091c\u093e\u0902\u091a \u0915\u0940 \u092a\u0947\u0936\u0915\u0936 \u0915\u0930\u0947\u0902 \u0932\u0948\u092c'", "description": "India News: \u0926\u0947\u0936 \u092e\u0947\u0902 \u0915\u094b\u0930\u094b\u0928\u093e \u0935\u093e\u092f\u0930\u0938 \u0915\u0947 \u0938\u0902\u0915\u094d\u0930\u092e\u0923 \u092a\u0930 \u0932\u0917\u093e\u092e \u0915\u094b \u0932\u0947\u0915\u0930 \u0938\u094d\u0935\u093e\u0938\u094d\u0925\u094d\u092f \u092e\u0902\u0924\u094d\u0930\u093e\u0932\u092f \u0928\u0947 \u0915\u0908 \u091c\u0930\u0942\u0930\u0940 \u0915\u0926\u092e \u0909\u0920\u093e\u090f \u0939\u0948\u0902\u0964 \u0938\u094d\u0935\u093e\u0938\u094d\u0925\u094d\u092f \u092e\u0902\u0924\u094d\u0930\u093e\u0932\u092f \u0928\u0947 \u092c\u0924\u093e\u092f\u093e \u0915\u093f  \u0907\u0902\u0921\u093f\u092f\u0928 \u0915\u093e\u0909\u0902\u0938\u093f\u0932 \u0911\u092b \u092e\u0947\u0921\u093f\u0915\u0932 \u0930\u093f\u0938\u0930\u094d\u091a (\u0906\u0908\u0938\u0940\u090f\u092e\u0906\u0930) \u0928\u0947 \u0928\u093f\u091c\u0940 \u092a\u094d\u0930\u092f\u094b\u0917\u0936\u093e\u0932\u093e\u0913\u0902 \u0938\u0947 \u0915\u0939\u093e \u0939\u0948 \u0915\u093f \u0909\u0928\u094d\u0939\u0947\u0902 \u092c\u093f\u0928\u093e \u0915\u093f\u0938\u0940 \u0915\u0940\u092e\u0924 \u0915\u0947 COVID-19 \u0915\u0940 \u091c\u093e\u0902\u091a \u0915\u0940 \u2026", "url": "https://navbharattimes.indiatimes.com/india/travel-passengers-from-afghanistan-philippines-and-malaysia-to-india-prohibited-immediate-effect-coronavirus-health-ministry/articleshow/74677044.cms", "urlToImage": "https://navbharattimes.indiatimes.com/thumb/msid-74677023,width-1200,height-630,resizemode-4/pic.jpg", "publishedAt": "2020-03-17T13:59:44Z", "content": null}, {"source": {"id": "the-times-of-india", "name": "The Times of India"}, "author": "TIMESOFINDIA.COM", "title": "COVID-19: Olga pens a thank you note for fans", "description": "Olga Kurylenko, who has worked in films like 'Quantum of Solace' and 'Oblivion' took to Instagram on Sunday to share the news that she has tested positive for Covid-19. The 40-year-old actress said she had been unwell for almost a week in the post which showe\u2026", "url": "https://timesofindia.indiatimes.com/entertainment/english/hollywood/news/coronavirus-pandemic-olga-kurylenko-pens-a-thank-you-note-for-her-fans-gives-a-health-update-about-herself-as-well/articleshow/74671743.cms", "urlToImage": "https://static.toiimg.com/photo/msid-74671730/74671730.jpg?156682", "publishedAt": "2020-03-17T09:09:58Z", "content": null}, {"source": {"id": "the-times-of-india", "name": "The Times of India"}, "author": "TIMESOFINDIA.COM", "title": "COVID-19: Lata Di urges everyone to stay safe", "description": "The outbreak of the coronavirus has put the entire world in a state of panic. World Health Organization has declared it as a pandemic and it has caused over 6,000 deaths so far. As there is no cure for the disease, precaution from getting infected is the only\u2026", "url": "https://timesofindia.indiatimes.com/entertainment/hindi/bollywood/news/coronavirus-outbreak-lata-mangeshkar-asks-everyone-to-follow-the-guidelines-given-by-health-agencies/articleshow/74679147.cms", "urlToImage": "https://static.toiimg.com/photo/msid-74679150/74679150.jpg?70889", "publishedAt": "2020-03-17T16:04:15Z", "content": null}, {"source": {"id": "the-times-of-india", "name": "The Times of India"}, "author": "Milana Rao", "title": "Anand Pandit on Covid-19 effects on B'wood", "description": "Bollywood producer Anand Pandit, who has stopped his post-production works of Amitabh Bachchan starrer \u2018Chehre\u2019, spoke to ETimes about how hard the Pandemic has affected the industry in an exclusive interview.", "url": "https://timesofindia.indiatimes.com/entertainment/hindi/bollywood/news/exclusive-coronavirus-pandemic-effect-on-bollywood-losses-are-huge-but-nothing-comes-before-human-life-says-chehre-producer-anand-pandit/articleshow/74672940.cms", "urlToImage": "https://static.toiimg.com/photo/msid-74672940/74672940.jpg?471048", "publishedAt": "2020-03-17T10:17:07Z", "content": null}, {"source": {"id": "the-times-of-india", "name": "The Times of India"}, "author": "TIMESOFINDIA.COM", "title": "COVID-19: Pics of deserted sets of SLB's film", "description": "The outbreak of the coronavirus has put the entire world in a state of panic. WHO has declared it as a pandemic and it has caused over 6,000 deaths so far. As there is no cure for the disease, precaution from getting infected is the only way to stay safe.", "url": "https://timesofindia.indiatimes.com/entertainment/hindi/bollywood/news/exclusive-sets-of-sanjay-leela-bhansalis-gangubai-kathiawadi-look-deserted-amid-coronavirus-outbreak/articleshow/74678306.cms", "urlToImage": "https://static.toiimg.com/photo/msid-74678318/74678318.jpg?151154", "publishedAt": "2020-03-17T15:04:45Z", "content": null}, {"source": {"id": "the-times-of-india", "name": "The Times of India"}, "author": "TNN", "title": "Covid-19: Restaurants cut jobs, seek rent, tax sops", "description": "The restaurant industry faces an existential crisis as consumer footfall and revenue is down 60% on an average even as online food delivery orders have reduced about 20%, according to half a dozen industry executives that TOI spoke to. The development is a di\u2026", "url": "https://timesofindia.indiatimes.com/business/india-business/covid-19-restaurants-cut-jobs-seek-rent-tax-sops/articleshow/74682116.cms", "urlToImage": "https://static.toiimg.com/thumb/msid-74687929,width-1070,height-580,imgsize-147608,resizemode-75,overlay-toi_sw,pt-32,y_pad-40/photo.jpg", "publishedAt": "2020-03-17T22:10:00Z", "content": "Copyright \u00a9 2020 Bennett, Coleman &amp; Co. Ltd. All rights reserved. For reprint rights: Times Syndication Service"}, {"source": {"id": "the-times-of-india", "name": "The Times of India"}, "author": "ET Bureau", "title": "Two new cases of Covid-19 reported in Karnataka", "description": "Karnataka has reported two new Covid-19 positive cases on Monday night, taking the total number of virus infected people to 10.", "url": "https://economictimes.indiatimes.com/news/politics-and-nation/two-new-cases-of-covid-19-reported-in-karnataka/articleshow/74667740.cms", "urlToImage": "https://img.etimg.com/thumb/msid-74667722,width-1070,height-580,imgsize-118008,overlay-economictimes/photo.jpg", "publishedAt": "2020-03-17T05:41:11Z", "content": "By Akshatha Rao Karnataka has reported two new Covid-19 positive cases on Monday night, taking the total number of virus infected people to 10. Health department officials said that one of the patients is a 20-year-old woman who returned to India from the UK \u2026 [+961 chars]"}, {"source": {"id": "the-times-of-india", "name": "The Times of India"}, "author": "Aditi Shrivastava and Ashwin Manikandan", "title": "Digital payments slip 30% on Covid-19 curbs", "description": "Digital transactions processed by leading firms, both online and offline, are bearing the brunt due to restrictions in place to prevent a Covid-19 outbreak. It has especially impacted the air travel, hospitality and retail sectors. While customer traffic on d\u2026", "url": "https://economictimes.indiatimes.com/tech/internet/digital-payments-slip-30-on-covid-19-curbs/articleshow/74665259.cms", "urlToImage": "https://img.etimg.com/thumb/msid-74665304,width-1070,height-580,imgsize-241968,overlay-economictimes/photo.jpg", "publishedAt": "2020-03-17T02:19:02Z", "content": "BENGALURU | MUMBAI: Shut shops, cancelled airline tickets and slower discretionary spends by consumers on dining out and movies are starting to hurt the country\u2019s fast-growing digital payments sector. With industries across the board seeing a sharp slowdown, \u2026 [+3172 chars]"}, {"source": {"id": "the-times-of-india", "name": "The Times of India"}, "author": "Kirtika Suneja", "title": "Covid-19: Export curbs on imported API drugs under review", "description": "The commerce and industry ministry is studying a proposal to allow exports of drugs from active pharmaceutical ingredients (API) which have been imported under an advance license wherein duty-free imports are bound to certain export obligations.", "url": "https://economictimes.indiatimes.com/industry/healthcare/biotech/pharmaceuticals/export-curbs-on-imported-api-drugs-under-review/articleshow/74680738.cms", "urlToImage": "https://img.etimg.com/thumb/msid-74682862,width-1070,height-580,imgsize-1079394,overlay-economictimes/photo.jpg", "publishedAt": "2020-03-17T22:30:35Z", "content": "NEW DELHI: The commerce and industry ministry is studying a proposal to allow exports of drugs from active pharmaceutical ingredients (API) which have been imported under an advance license wherein duty-free imports are bound to certain export obligations.\r\nI\u2026 [+1345 chars]"}, {"source": {"id": "the-times-of-india", "name": "The Times of India"}, "author": "IANS", "title": "COVID-19: Travel, hospitality companies assure customer-support", "description": "\"We are closely working with all our airline and hotel partners on lenient customer policies for date change, cancellations and waivers in the face of evolving travel trends and are seamlessly passing the waiver benefits to our customers, as applicable,\" Make\u2026", "url": "https://economictimes.indiatimes.com/industry/services/travel/covid-19-travel-hospitality-companies-assure-customer-support/articleshow/74677057.cms", "urlToImage": "https://img.etimg.com/thumb/msid-74677076,width-1070,height-580,imgsize-569024,overlay-economictimes/photo.jpg", "publishedAt": "2020-03-17T14:01:11Z", "content": "MUMBAI: With the novel coronavirus pandemic deepening with every passing day, and several people refraining even from domestic travel, travel and hospitality companies have assured support to their customers owing to the uncertain times.\r\nPeople have had to c\u2026 [+3096 chars]"}, {"source": {"id": "the-times-of-india", "name": "The Times of India"}, "author": "PTI", "title": "COVID-19: Another tests positive in J&K; total cases 3", "description": "Another person has tested positive for the novel coronavirus in Jammu and Kashmir on Monday, taking the number of such patients to three, officials said.", "url": "https://economictimes.indiatimes.com/news/politics-and-nation/covid-19-another-tests-positive-in-jk-total-cases-3/articleshow/74665544.cms", "urlToImage": "https://img.etimg.com/thumb/msid-74665529,width-1070,height-580,imgsize-1139307,overlay-economictimes/photo.jpg", "publishedAt": "2020-03-17T02:44:07Z", "content": "JAMMU: Another person has tested positive for the novel coronavirus in Jammu and Kashmir on Monday, taking the number of such patients to three, officials said.\r\n\"One more case confirmed positive. Travel history to Saudi Arabia. Had reported high viral load e\u2026 [+640 chars]"}, {"source": {"id": "the-times-of-india", "name": "The Times of India"}, "author": "PTI", "title": "COVID-19: 2 Italy-returned ITBP quarantine inmates test positive", "description": "A total of 218 Indians, mostly students, were brought here from coronavirus-hit Italy on Sunday and taken to the Indo-Tibetan Border Police quarantine facility in southwest Delhi's Chhawla area. \u200b\u200b", "url": "https://economictimes.indiatimes.com/news/politics-and-nation/covid-19-2-italy-returned-itbp-quarantine-inmates-test-positive/articleshow/74677856.cms", "urlToImage": "https://img.etimg.com/thumb/msid-74677859,width-1070,height-580,imgsize-577902,overlay-economictimes/photo.jpg", "publishedAt": "2020-03-17T14:53:26Z", "content": "NEW DELHI: Two people who returned from Italy this week and were staying at an ITBP quarantine facility tested positive for coronavirus, officials said on Tuesday.\r\nThe two inmates have been shifted to Safdarjung hospital, they added.\r\nA total of 218 Indians,\u2026 [+221 chars]"}, {"source": {"id": "the-times-of-india", "name": "The Times of India"}, "author": "Kailash Babar", "title": "Covid-19 Impact: MahaRERA adjourns all cases till March 31", "description": "The Maharashtra Real Estate Regulatory Authority (MahaRERA) has adjourned all the cases before the authority and Adjudicating Officers till March 31 owing to the pandemic of Coronavirus.", "url": "https://economictimes.indiatimes.com/news/politics-and-nation/covid-19-impact-maharera-adjourns-all-cases-till-march-31/articleshow/74672761.cms", "urlToImage": "https://img.etimg.com/thumb/msid-74672756,width-1070,height-580,imgsize-119237,overlay-economictimes/photo.jpg", "publishedAt": "2020-03-17T10:23:35Z", "content": "The Maharashtra Real Estate Regulatory Authority (MahaRERA) has adjourned all the cases before the authority and Adjudicating Officers till March 31 owing to the pandemic of Coronavirus.\r\nAll the cases that were scheduled between March 16 and March 31 are bei\u2026 [+484 chars]"}, {"source": {"id": "the-times-of-india", "name": "The Times of India"}, "author": "PTI", "title": "Covid-19: Maha local bodies' polls postponed", "description": "MUMBAI: The Maharashtra State Election Commission on Tuesday deferred the upcoming elections to local bodies in the state till further orders as a pre.", "url": "https://timesofindia.indiatimes.com/city/mumbai/coronavirus-upcoming-polls-to-maharashtra-local-bodies-postponed/articleshow/74672300.cms", "urlToImage": "https://static.toiimg.com/thumb/msid-74672296,width-1070,height-580,imgsize-95880,resizemode-75,overlay-toi_sw,pt-32,y_pad-40/photo.jpg", "publishedAt": "2020-03-17T09:39:26Z", "content": "Copyright \u00a9 2020 Bennett, Coleman &amp; Co. Ltd. All rights reserved. For reprint rights: Times Syndication Service"}, {"source": {"id": "the-times-of-india", "name": "The Times of India"}, "author": "PTI", "title": "Two COVID-19 cases at World Health headquarters", "description": "\"We do have two staff confirmed with symptoms of COVID-19,\" spokesman Christian Lindmeier told reporters at a virtual press conference. \"This was last week, Friday and Thursday. They both have gone home. They have self-isolated. They showed symptoms.", "url": "https://economictimes.indiatimes.com/news/international/world-news/two-covid-19-cases-at-world-health-headquarters/articleshow/74678021.cms", "urlToImage": "https://img.etimg.com/thumb/msid-74678057,width-1070,height-580,imgsize-71230,overlay-economictimes/photo.jpg", "publishedAt": "2020-03-17T15:04:28Z", "content": "Geneva: Two cases of COVID-19 have been registered at the World Health Organisation headquarters, a spokesman said on Tuesday. The WHO, based in the Swiss city of Geneva, is coordinating the international response to the new coronavirus pandemic, which has in\u2026 [+1040 chars]"}, {"source": {"id": "the-times-of-india", "name": "The Times of India"}, "author": "Durgesh Nandan Jha", "title": "Accredited private labs to be allowed to test for Covid-19", "description": "Asked whether others who are symptomatic but do not fit the current criteria could be tested too, Bhargava said, \u201cAll those who require testing will be tested.\u201d This signals a possible shift in policy to relax the testing criteria.", "url": "https://economictimes.indiatimes.com/industry/healthcare/biotech/pharmaceuticals/accredited-private-labs-to-be-allowed-to-test-for-covid-19/articleshow/74666065.cms", "urlToImage": "https://img.etimg.com/thumb/msid-74664437,width-1070,height-580,imgsize-1391049,overlay-economictimes/photo.jpg", "publishedAt": "2020-03-17T03:28:28Z", "content": "NEW DELHI: In keeping with the demand for more testing, the Centre has decided to allow accredited private labs to test for Covid-19. Dr Balram Bhargava, director general of Indian Council of Medical Research \u2013 the country\u2019s apex body for health research \u2013 co\u2026 [+4100 chars]"}, {"source": {"id": "the-times-of-india", "name": "The Times of India"}, "author": "Madhvi Sally", "title": "Textile industry body seeks relief package to mitigate COVID-19 pandemic impact", "description": "\u200b\u200bApart from reduction in the bank interest rate and extension of soft loans, the industry body has asked for a moratorium for repayment of principal and interest amount to the banks for four quarters. The textile and clothing Industry employs over 105 millio\u2026", "url": "https://economictimes.indiatimes.com/industry/cons-products/garments-/-textiles/textile-industry-body-seeks-relief-package-to-mitigate-covid-19-pandemic-impact/articleshow/74678671.cms", "urlToImage": "https://img.etimg.com/thumb/msid-74678850,width-1070,height-580,imgsize-152987,overlay-economictimes/photo.jpg", "publishedAt": "2020-03-17T16:08:10Z", "content": "NEW DELHI: The Confederation of Indian Textile Industry (CITI) has requested the government to immediately announce a relief package for the textile and apparel sector to mitigate the crisis being faced by the capital and labour-intensive textile Industry, po\u2026 [+2532 chars]"}, {"source": {"id": "the-times-of-india", "name": "The Times of India"}, "author": "Sanjeev Choudhary", "title": "Covid-19 impact: Domestic demand for petrol, diesel, ATF & shipping fuel drop 10%", "description": "Sales are dropping at petrol pumps and compressed natural gas (CNG) filling stations across several states in a sign that March would turn out to be the worst month in several years for fuel consumption despite fall in pump prices.", "url": "https://economictimes.indiatimes.com/industry/energy/oil-gas/domestic-demand-for-petrol-diesel-atf-shipping-fuel-drop-10/articleshow/74681471.cms", "urlToImage": "https://img.etimg.com/thumb/msid-74683410,width-1070,height-580,imgsize-120640,overlay-economictimes/photo.jpg", "publishedAt": "2020-03-17T23:06:12Z", "content": "New Delhi: Domestic demand for petrol, diesel, jet fuel and shipping fuel have all contracted 10% in the first fortnight of March, the first such decline in several years, as the Covid-19 pandemic severely restricts public movement and slows economic activity\u2026 [+797 chars]"}, {"source": {"id": "the-times-of-india", "name": "The Times of India"}, "author": "Ketan Thakkar and Sharmistha Mukherjee", "title": "25000 auto executives to work from home to contain the spread of Covid-19 contagion", "description": "Tata Motors was first to issue an advisory asking about 3000 employees to work from home, late last week. On Tuesday, the Mahindra Group instructed over 7000 employees from the automotive and farm division working from offices to work from home.", "url": "https://economictimes.indiatimes.com/industry/auto/auto-news/25000-auto-executives-to-work-from-home-to-contain-the-spread-of-covid-19-contagion/articleshow/74680339.cms", "urlToImage": "https://img.etimg.com/thumb/msid-74680360,width-1070,height-580,imgsize-730395,overlay-economictimes/photo.jpg", "publishedAt": "2020-03-17T17:53:28Z", "content": "MUMBAI/NEW DELHI: India\u2019s automobile sector will see an unprecedented number of 25,000 office employees working from home for at least two weeks. This is as part of the safety measures being implemented across companies to contain the spread of Covid-19.\r\nWhi\u2026 [+3053 chars]"}, {"source": {"id": "the-times-of-india", "name": "The Times of India"}, "author": "Prajwal Hegde", "title": "Covid-19: Indian pros taking the knock on their chins", "description": "The players most hit by the ATP & WTA Tours temporarily suspending the 2020 season, courtesy Covid-19, are those logged between 100 and 300 of the singles rankings. With little or no sponsorship, and even less support, the top Indian pros are taking the knock\u2026", "url": "https://timesofindia.indiatimes.com/sports/tennis/top-stories/covid-19-indian-pros-taking-the-knock-on-their-chins/articleshow/74666820.cms", "urlToImage": "https://static.toiimg.com/thumb/msid-74666832,width-1070,height-580,imgsize-1190022,resizemode-75,overlay-toi_sw,pt-32,y_pad-40/photo.jpg", "publishedAt": "2020-03-17T04:23:45Z", "content": "Some people are pretending it's Christmas, not Covid-19, that's brought them home. India's tennis players, suddenly jobless, are preparing. For when the umpire calls love-all.\r\nThe ATP and the WTA have pulled down the curtains on their tours for what is incre\u2026 [+7617 chars]"}, {"source": {"id": "the-times-of-india", "name": "The Times of India"}, "author": null, "title": "Pakistan Cricket Board postpones PSL amid COVID-19 pandemic", "description": "Cricket News: The Pakistan Cricket Board on Tuesday postponed the remainder of its premier T20 event -- the Pakistan Super League -- amid the global COVID-19 pandem", "url": "https://timesofindia.indiatimes.com/sports/cricket/news/pakistan-cricket-board-postpones-psl-amid-covid-19-pandemic/articleshow/74669610.cms", "urlToImage": "https://static.toiimg.com/thumb/msid-74669596,width-1070,height-580,imgsize-159236,resizemode-75,overlay-toi_sw,pt-32,y_pad-40/photo.jpg", "publishedAt": "2020-03-17T07:09:32Z", "content": "KARACHI: The Pakistan Cricket Board on Tuesday postponed the remainder of its premier T20 event -- the Pakistan Super League -- amid the global COVID-19 pandemic.\r\nThe PSL had entered the knockout stages and semifinal matches were due to be played on Tuesday \u2026 [+698 chars]"}, {"source": {"id": "the-times-of-india", "name": "The Times of India"}, "author": null, "title": "COVID-19: Chopra recalled from Turkey, to arrive on Wednesday", "description": "Training camps of javelin throwers Neeraj Chopra and Shivpal Singh in Turkey and South Africa respectively have been cancelled and they are in the process of returning back to India.", "url": "https://timesofindia.indiatimes.com/sports/more-sports/athletics/covid-19-neeraj-chopra-recalled-from-turkey-to-arrive-on-wednesday/articleshow/74673455.cms", "urlToImage": "https://static.toiimg.com/thumb/msid-74673464,width-1070,height-580,imgsize-1347488,resizemode-75,overlay-toi_sw,pt-32,y_pad-40/photo.jpg", "publishedAt": "2020-03-17T10:41:12Z", "content": "NEW DELHI: Training camps of javelin throwers Neeraj Chopra and Shivpal Singh in Turkey and South Africa respectively have been cancelled and they are in the process of returning back to India.\r\nAthletics Federation of India (AFI) president Adille Sumariwalla\u2026 [+1641 chars]"}, {"source": {"id": "the-times-of-india", "name": "The Times of India"}, "author": "TNN", "title": "Covid-19: System well-oiled, says positive woman", "description": "The state government, on Monday, released testimony of a woman who tested positive for Covid-19 along with her family.", "url": "https://timesofindia.indiatimes.com/city/bengaluru/coronavirus-in-karnataka-system-well-oiled-says-positive-woman/articleshow/74665052.cms", "urlToImage": "https://static.toiimg.com/thumb/msid-74665075,width-1070,height-580,imgsize-187558,resizemode-75,overlay-toi_sw,pt-32,y_pad-40/photo.jpg", "publishedAt": "2020-03-17T01:11:50Z", "content": "Copyright \u00a9 2020 Bennett, Coleman &amp; Co. Ltd. All rights reserved. For reprint rights: Times Syndication Service"}, {"source": {"id": "the-times-of-india", "name": "The Times of India"}, "author": "Bangalore Mirror", "title": "Open letter by a COVID-19 patient in Karnataka", "description": "The moment my husband was suspected of having contracted the virus, we were brought to the hospital in an ambulance to ensure we did not infect a public or private vehicle.", "url": "https://bangaloremirror.indiatimes.com/bangalore/others/open-letter-by-a-covid-19-patient-in-karnataka/articleshow/74664449.cms", "urlToImage": "https://static.toiimg.com/photo/imgsize-60424,msid-74667029/74667029.jpg", "publishedAt": "2020-03-17T05:38:04Z", "content": "An open letter\r\n written to the health ministry by a COVID-19\r\n patient in KarnatakaMy family and I tested positive for COVID-19 and have been in isolation\r\n at a government facility since then. What could have been a harrowing experience has turned out to be\u2026 [+2107 chars]"}, {"source": {"id": "the-times-of-india", "name": "The Times of India"}, "author": "TNN", "title": "Covid-19 in Mumbai: KEM Hospital to start testing", "description": "To ease the load on the Kasturba Hospital laboratory\u2014the sole facility testing coronavirus samples in the city\u2014the KEM hospital laboratory will start testing samples from Wednesday. Officials said the centre will be able to handle up to 150 tests every day.", "url": "https://timesofindia.indiatimes.com/city/mumbai/covid-19-in-mumbai-kem-hospital-to-start-testing-20-new-beds-in-jogeshwari/articleshow/74682228.cms", "urlToImage": "https://static.toiimg.com/thumb/msid-74682665,width-1070,height-580,imgsize-203616,resizemode-75,overlay-toi_sw,pt-32,y_pad-40/photo.jpg", "publishedAt": "2020-03-17T23:01:00Z", "content": null}, {"source": {"id": "the-times-of-india", "name": "The Times of India"}, "author": "PTI", "title": "Cannot confirm whether over 250 Indian in Iran have tested positive for COVID-19: MEA officials", "description": "\"Cannot confirm that over 250 Indians in Iran have tested positive for coronavirus,\" he said in response to a question about media reports claiming that more than 250 Indians in Iran have tested positive for the virus.", "url": "https://economictimes.indiatimes.com/news/politics-and-nation/cannot-confirm-whether-over-250-indian-in-iran-have-tested-positive-for-covid-19-mea-officials/articleshow/74676885.cms", "urlToImage": "https://img.etimg.com/thumb/msid-74677008,width-1070,height-580,imgsize-11880,overlay-economictimes/photo.jpg", "publishedAt": "2020-03-17T13:57:43Z", "content": "NEW DELHI: Ministry of External Affairs officials on Tuesday said they cannot confirm whether more than 250 Indians in Iran have tested positive for novel coronavirus.\r\n\"The Indians who are in Iran are being very well looked after by our mission. The ambassad\u2026 [+413 chars]"}, {"source": {"id": "the-times-of-india", "name": "The Times of India"}, "author": "Ananya Jain", "title": "Coronavirus Update: Trial Of COVID-19 Vaccine In The United States", "description": "The private company Moderna which apparently developed the vaccine said that it has been injected to first volunteer in Phase I of the trial. Forty-five volunteers were participating in the trial.", "url": "https://www.indiatimes.com/trending/social-relevance/covid-19-coronavirus-vaccine-trial-seattle-508606.html", "urlToImage": "https://im.indiatimes.in/content/2020/Mar/RTS34LRY_5e70b0b822092.jpg", "publishedAt": "2020-03-17T10:38:14Z", "content": "First trials of COVID-19 vaccine have begun for the novel coronavirus even before the expected schedule according to United President Donald Trump.\u00a0\r\nAt a news briefing which happened on Monday Trump said This is one of the fastest vaccine development launch \u2026 [+1852 chars]"}, {"source": {"id": "the-times-of-india", "name": "The Times of India"}, "author": "Isha Sharma", "title": "COVID-19: From Reading Books To Cleaning Closets, Celebs Make Full Use Of Social-Distancing", "description": "The film industry is suffering a huge loss due to coronavirus pandemic as the major film bodies have announced to shut down the shooting of films, TV shows, and advertisements.", "url": "https://www.indiatimes.com/entertainment/celebs/covid-19-from-reading-books-to-cleaning-closets-celebs-make-full-use-of-social-distancing-508589.html", "urlToImage": "https://im.indiatimes.in/content/2020/Mar/1212_5e709b7be5d3a.jpg", "publishedAt": "2020-03-17T09:20:36Z", "content": "Coronavirus, which originated in China's Wuhan city in December last year, has so far spread to more than 100 countries, infecting over 1,30,000 people. The World Health Organisation (WHO) has declared coronavirus a pandemic.\r\nReuters\r\nThe film industry is su\u2026 [+4882 chars]"}, {"source": {"id": "the-times-of-india", "name": "The Times of India"}, "author": "Aishwarya Dharni", "title": "COVID-19 Outbreak: Woman Shares Hair-Raising Account Of Being Stranded At Delhi Airport", "description": "In the wake of COVID-19 being declared a pandemic, it was obvious that all passengers flying in to the country will be screened at the airport in order to determine whether their immunity has been compromised or not. However, according to this one woman's exp\u2026", "url": "https://www.indiatimes.com/trending/social-relevance/coronavirus-covid-19-woman-shares-hair-raising-account-of-being-stranded-at-delhi-airport-508629.html", "urlToImage": "https://im.indiatimes.in/content/2020/Mar/airportquarantine_5e70d1396c9e0.jpg", "publishedAt": "2020-03-17T13:30:51Z", "content": "In the wake of COVID-19 being declared a pandemic, it was expected that all passengers flying into the country would be screened at the airport in order to determine whether they were coronavirus positive or not.\u00a0\r\nHowever, according to this one woman, the si\u2026 [+2542 chars]"}, {"source": {"id": "the-times-of-india", "name": "The Times of India"}, "author": "Indiatimes", "title": "Third Covid-19 Death In India, Nirbhaya Convicts Mount Another Legal Challenge And Other News", "description": "India's death tally has risen to 3 after a 64-year-old man succumbed to coronavirus in Mumbai. He died at the Kasturba hospital. He was among the 36 confirmed cases in Maharashtra which has now risen to 39 with the youngest patient being a 3-year-old girl. \n\n\u2026", "url": "https://www.indiatimes.com/news/india/third-covid-19-death-in-india-nirbhaya-convicts-mount-another-legal-challenge-and-other-news-508623.html", "urlToImage": "https://im.indiatimes.in/content/2020/Mar/fb_5e70c66edbd10.jpg", "publishedAt": "2020-03-17T12:50:11Z", "content": "India's death tally has risen to 3 after a 64-year-old man succumbed to coronavirus in Mumbai. He died at the Kasturba hospital. He was among the 36 confirmed cases in Maharashtra which has now risen to 39 with the youngest patient being a 3-year-old girl.\u00a0\r\n\u2026 [+2245 chars]"}, {"source": {"id": "the-times-of-india", "name": "The Times of India"}, "author": "Aishwarya Dharni", "title": "This Information By A Recovering COVID-19 Patient About Its Symptoms, Is Extremely Important", "description": "A very informative Twitter thread was posted by a recovering COVID-19 patient who wants everyone to know how to identify the symptoms in order to avoid any further damage. He clarified in his tweet that his experience is solely based on the fact that he is a \u2026", "url": "https://www.indiatimes.com/trending/social-relevance/this-information-by-a-recovering-covid-19-patient-about-the-symptoms-is-super-important-for-us-508591.html", "urlToImage": "https://im.indiatimes.in/content/2020/Mar/symptomscovid19_5e70a120ec114.jpg", "publishedAt": "2020-03-17T08:30:41Z", "content": "With the novel pandemic COVID-19 infecting more than 160 countries and territories around the globe, efforts to fight it off are being stepped up. While government around the world are doing what they can, to limit its spread, it is extremely important that w\u2026 [+5899 chars]"}, {"source": {"id": "the-times-of-india", "name": "The Times of India"}, "author": "Anuj Tiwari", "title": "COVID-19 Crisis: Italian Nurses Work Round-The-Clock As Mankind Fights For Survival", "description": "As the number of COVID-19-infected people continues to go up, we can only imagine how daunting it must be, for the people at the frontlines.", "url": "https://www.indiatimes.com/trending/social-relevance/covid-19-crisis-italian-nurses-work-round-the-clock-as-mankind-fights-for-survival-508580.html", "urlToImage": "https://im.indiatimes.in/photogallery/2020/Mar/fb_5e7092966b40a.jpg", "publishedAt": "2020-03-17T09:25:54Z", "content": "Pagliarini, the nurse told the Corriere della Sera, an Italian newspaper, about how the exhaustion isn't just physical but also mental. She said, \"I actually don't feel physically tired, I can work for 24 hours straight if it's necessary but I won't hide the \u2026 [+80 chars]"}, {"source": {"id": "the-times-of-india", "name": "The Times of India"}, "author": "Monit Khanna", "title": "COVID-19 May Not Go From Pregnant Moms To Babies, C-Section Is Safest Reveals Study", "description": "The study by researchers at the Huazhong University of Science and Technology is the second study out of China in the last month that showed that mothers infected with the novel coronavirus didn\u2019t pass the virus on to the offspring.", "url": "https://www.indiatimes.com/technology/science-and-future/covid-19-may-not-transmit-from-pregnant-moms-to-babies-c-section-is-the-safest-study-reveals-508592.html", "urlToImage": "https://im.indiatimes.in/content/2020/Mar/Facebook-Image-1_5e709dc976dac.jpg", "publishedAt": "2020-03-17T09:33:17Z", "content": "The COVID-19 coronavirus that has infected over 150,000 people globally and killed over 6000 might not get transmitted from pregnant mother to newborn babies at birth, according to a recent study.\r\nReuters\r\nThe study (which was published in the journal Fronti\u2026 [+2174 chars]"}, {"source": {"id": "the-times-of-india", "name": "The Times of India"}, "author": "KC Archana", "title": "From Dustbins To Laundry Baskets: Creative Home-Office Setups As People WFH During COVID-19", "description": "Click here to read about people transforming their homes into work stations amid the Coronavirus self-isolation rule. While for some WFH serves as a boon to many it's extremely uncomfortable, here are some quirky hacks people are sharing on social media.", "url": "https://www.indiatimes.com/trending/human-interest/mass-wfh-coronavirus-workplaces-covid-19-508540.html", "urlToImage": "https://im.indiatimes.in/content/2020/Mar/Coronavirus-WFH-_5e70546cee311.jpg", "publishedAt": "2020-03-17T04:02:10Z", "content": "The coronavirus pandemic has put people in situations that they never imagined, the biggest being the world-wide 'Work From Home' phenomenon.\u00a0\r\nWhile this kind of self-isolation is a dream for many (read: introverts) it's not the same for those who find WFH e\u2026 [+2374 chars]"}, {"source": {"id": "the-times-of-india", "name": "The Times of India"}, "author": "Indiatimes", "title": "Nobody Is Safe! Doctor Who Treated India's 1st Coronavirus Victim Tests Positive For Covid-19", "description": "The 63-year-old doctor who treated India' first coronavirus victim has tested positive for the disease. The 76-year-old patient died on March 11.", "url": "https://www.indiatimes.com/news/india/doctor-who-treated-indias-1st-coronavirus-victim-tests-positive-for-covid-19-508627.html", "urlToImage": "https://im.indiatimes.in/content/2020/Mar/fb_5e70cbea172a0.jpg", "publishedAt": "2020-03-17T13:10:35Z", "content": "The 63-year-old doctor who treated India' first coronavirus victim has tested positive for the disease. The 76-year-old patient had died on March 11.\r\nThe doctor treated him in Kalaburagi before he was admitted at a private medical facility in Hyderabad. The \u2026 [+1749 chars]"}, {"source": {"id": "the-times-of-india", "name": "The Times of India"}, "author": "KC Archana", "title": "After Chicago Aquarium Shuts Due To COVID-19, Penguins Enjoy A Grand Tour Of Other Exhibits", "description": "Click here to read about an aquarium in Chicago that let its penguins wander around freely after closing to visitors indefinitely due to the coronavirus outbreak.", "url": "https://www.indiatimes.com/trending/wtf/after-chicago-aquarium-shuts-due-to-covid-19-penguins-enjoy-a-grand-tour-of-other-exhibits-508594.html", "urlToImage": "https://im.indiatimes.in/content/2020/Mar/PEN-UIOS_5e70a05a12856.png", "publishedAt": "2020-03-17T09:22:02Z", "content": "With much of Chicago now under self-imposed quarantine, it seems like the penguins (no, not the ones from Madagascar) decided to take over.\u00a0\r\nInstead of humans, penguins were to ones to get the grand tour of their own home at Chicago's Shedd Aquarium because \u2026 [+2858 chars]"}, {"source": {"id": "the-times-of-india", "name": "The Times of India"}, "author": "Aishwarya Dharni", "title": "This Doctor Busting Myths About COVID-19 Is Probably The Most Important Thing You'll Read Today", "description": "A doctor named Dr Faheem Younus. who is the Chief Quality Officer and Chief of Infectious Diseases at the University of Maryland UCH, kindly took out the time to bust every single myth around coronavirus that is doing the rounds around the globe in order to m\u2026", "url": "https://www.indiatimes.com/trending/social-relevance/covid-19-coronavirus-myths-busted-doctor-508619.html", "urlToImage": "https://im.indiatimes.in/content/2020/Mar/covidmyth_5e70cc9e3989c.jpg", "publishedAt": "2020-03-17T11:19:47Z", "content": "When panic sets in, a lot of minformation is passed around. The latest chaos to target our world is the pandemic coronavirus and ever since it has started spreading around the world, a lot of theories and myths about the virus are also spreading like wildfire\u2026 [+6870 chars]"}, {"source": {"id": "the-times-of-india", "name": "The Times of India"}, "author": "AFP", "title": "Covid-19: G7 pledge to 'do whatever it takes' to safeguard economy", "description": "Leaders of the G7 advanced economies on Monday pledged to use all their tools to safeguard the economy and help workers hurt by the coronavirus pandemic.", "url": "https://economictimes.indiatimes.com/news/international/world-news/covid-19-g7-pledge-to-do-whatever-it-takes-to-safeguard-economy/articleshow/74666157.cms", "urlToImage": "https://img.etimg.com/thumb/msid-74666147,width-1070,height-580,imgsize-736478,overlay-economictimes/photo.jpg", "publishedAt": "2020-03-17T03:37:43Z", "content": "WASHINGTON: Leaders of the G7 advanced economies on Monday pledged to use all their tools to safeguard the economy and help workers hurt by the coronavirus pandemic.\r\nAs the outbreak caused more countries to shut down and brought the global economy to a scree\u2026 [+1208 chars]"}, {"source": {"id": "the-times-of-india", "name": "The Times of India"}, "author": null, "title": "Raja says Hales might have shown COVID-19 symptoms before leaving PSL", "description": "Pakistan's former Test captain and commentator Ramiz Raja on Tuesday claimed that England's Alex Hales might have shown symptoms of the dreaded COVID-19 before flying back midway through the now-postponed Pakistan Super League (PSL).", "url": "https://timesofindia.indiatimes.com/sports/cricket/news/ramiz-raja-says-englands-alex-hales-might-have-shown-covid-19-symptoms-before-leaving-psl/articleshow/74672350.cms", "urlToImage": "https://static.toiimg.com/thumb/msid-74672343,width-1070,height-580,imgsize-1771152,resizemode-75,overlay-toi_sw,pt-32,y_pad-40/photo.jpg", "publishedAt": "2020-03-17T09:47:54Z", "content": "KARACHI: Pakistan's former Test captain and commentator Ramiz Raja on Tuesday claimed that England's Alex Hales might have shown symptoms of the dreaded COVID-19 before flying back midway through the now-postponed Pakistan Super League (PSL).\r\nRaja made the s\u2026 [+1560 chars]"}, {"source": {"id": "the-times-of-india", "name": "The Times of India"}, "author": null, "title": "Cricket Australia likely to review IPL contracts in wake of COVID-19: Report", "description": "Cricket News: Australian cricketers may have to forego their lucrative IPL contracts in the wake of fast-spreading novel coronavirus, the local media reported on Tu", "url": "https://timesofindia.indiatimes.com/sports/cricket/ipl/top-stories/cricket-australia-likely-to-review-ipl-contracts-in-wake-of-covid-19-report/articleshow/74672195.cms", "urlToImage": "https://static.toiimg.com/thumb/msid-74672179,width-1070,height-580,imgsize-174983,resizemode-75,overlay-toi_sw,pt-32,y_pad-40/photo.jpg", "publishedAt": "2020-03-17T09:32:51Z", "content": "MELBOURNE: Australian cricketers may have to forego their lucrative IPL contracts in the wake of fast-spreading novel coronavirus, the local media reported on Tuesday.\r\nThe IPL has been postponed till April 15 with India reporting more than 120 positive cases\u2026 [+1511 chars]"}, {"source": {"id": "the-times-of-india", "name": "The Times of India"}, "author": null, "title": "COVID-19: Boxing Federation of India to implement work from home for its employees", "description": "The Boxing Federation of India (BFI) has decided to ask all its officials and employees to work from home from Wednesday in view of the rapidly-spreading COVID-19 pandemic which is causing deaths and institutional chaos across the globe.", "url": "https://timesofindia.indiatimes.com/sports/boxing/covid-19-boxing-federation-of-india-to-implement-work-from-home-for-its-employees/articleshow/74669333.cms", "urlToImage": "https://static.toiimg.com/thumb/msid-74669318,width-1070,height-580,imgsize-162935,resizemode-75,overlay-toi_sw,pt-32,y_pad-40/photo.jpg", "publishedAt": "2020-03-17T06:53:52Z", "content": "NEW DELHI: The Boxing Federation of India (BFI) has decided to ask all its officials and employees to work from home from Wednesday in view of the rapidly-spreading COVID-19 pandemic which is causing deaths and institutional chaos across the globe.\r\nFollowing\u2026 [+1579 chars]"}, {"source": {"id": "the-times-of-india", "name": "The Times of India"}, "author": null, "title": "I am not tested for COVID-19 yet but have fever: Hales", "description": "England batsman Alex Hales on Tuesday said he has gone into self-isolation due to fever and persistent dry cough after returning midway from the now-postponed Pakistan Super League (PSL) but is yet to get himself tested for the dreaded COVID-19.", "url": "https://timesofindia.indiatimes.com/sports/cricket/news/i-am-not-tested-for-covid-19-yet-but-have-fever-and-persistent-dry-cough-hales/articleshow/74675531.cms", "urlToImage": "https://static.toiimg.com/thumb/msid-74675600,width-1070,height-580,imgsize-1661498,resizemode-75,overlay-toi_sw,pt-32,y_pad-40/photo.jpg", "publishedAt": "2020-03-17T12:31:02Z", "content": "LONDON: England batsman Alex Hales on Tuesday said he has gone into self-isolation due to fever and persistent dry cough after returning midway from the now-postponed Pakistan Super League (PSL) but is yet to get himself tested for the dreaded COVID-19.\r\nHale\u2026 [+1804 chars]"}, {"source": {"id": "the-times-of-india", "name": "The Times of India"}, "author": null, "title": "I am not tested for COVID-19 yet but have fever: Hales", "description": "England batsman Alex Hales on Tuesday said he has gone into self-isolation due to fever and persistent dry cough after returning midway from the now-postponed Pakistan Super League (PSL) but is yet to get himself tested for the dreaded COVID-19.", "url": "https://timesofindia.indiatimes.com/sports/cricket/news/i-have-not-been-tested-for-covid-19-yet-but-have-fever-and-persistent-dry-cough-hales/articleshow/74675531.cms", "urlToImage": "https://static.toiimg.com/thumb/msid-74675600,width-1070,height-580,imgsize-1661498,resizemode-75,overlay-toi_sw,pt-32,y_pad-40/photo.jpg", "publishedAt": "2020-03-17T12:31:02Z", "content": "LONDON: England batsman Alex Hales on Tuesday said he has gone into self-isolation due to fever and persistent dry cough after returning midway from the now-postponed Pakistan Super League (PSL) but is yet to get himself tested for the dreaded COVID-19.\r\nHale\u2026 [+1804 chars]"}, {"source": {"id": "the-times-of-india", "name": "The Times of India"}, "author": "K Shriniwas Rao", "title": "Covid-19: Who loses what if money-spinning IPL is cancelled", "description": "The IPL is bracing up for a loss for sure in the wake of the Covid-19 outbreak. But a loss of what magnitude? That is to be waited and seen over a period of 30 days from now or probably more, depending on whether the threat of the virus subsides, whether it's\u2026", "url": "https://timesofindia.indiatimes.com/sports/cricket/ipl/top-stories/covid-19-outbreak-who-loses-what-if-money-spinning-ipl-is-cancelled/articleshow/74665545.cms", "urlToImage": "https://static.toiimg.com/thumb/msid-74665629,width-1070,height-580,imgsize-1191395,resizemode-75,overlay-toi_sw,pt-32,y_pad-40/photo.jpg", "publishedAt": "2020-03-17T02:29:45Z", "content": "MUMBAI: The Indian Premier League (IPL) is bracing up for a loss for sure in the wake of the Covid-19 outbreak.\r\nBut a loss of what magnitude? That is to be waited and seen over a period of 30 days from now or probably more, depending on whether the threat of\u2026 [+4936 chars]"}, {"source": {"id": "the-times-of-india", "name": "The Times of India"}, "author": "Anuj Tiwari", "title": "How The COVID-19 Outbreak Has Changed The Routine Of One Of The World's Most Powerful Nations", "description": "The U.S. has recorded about 3,800 infections and at least 65 deaths.", "url": "https://www.indiatimes.com/trending/social-relevance/how-the-covid-19-outbreak-has-changed-the-routine-of-one-of-the-worlds-most-powerful-nations-508567.html", "urlToImage": "https://im.indiatimes.in/photogallery/2020/Mar/fb_5e7073ee43260.jpg", "publishedAt": "2020-03-17T08:00:01Z", "content": "In the US, over the weekend, governors and mayors closed restaurants, bars, and schools as the nation sank deeper into crisis. Travellers returning home from abroad were stuck\u00a0in\u00a0lines for hours at major airports for screenings, crammed into just the kind of \u2026 [+70 chars]"}, {"source": {"id": "the-times-of-india", "name": "The Times of India"}, "author": "Garima Satija", "title": "After Tom Hanks, Game Of Thrones Star Kristofer Hivju & Actor Idris Elba Reveal They Have COVID 19", "description": "It sucks! That's what Hollywood star Idris Elba said after he tested positive for Coronavirus. Interestingly, he had no sypmtoms but since he was exposed to someone who tested positive, he got the test done. Game of Thrones star Kristofer Hivju who is known f\u2026", "url": "https://www.indiatimes.com/entertainment/celebs/after-tom-hanks-game-of-thrones-star-kristofer-hivju-actor-idris-elba-reveal-they-have-covid-19-508542.html", "urlToImage": "https://im.indiatimes.in/content/2020/Mar/Untitled-design---2020-03-17T101758744_5e7057968c9d8.png", "publishedAt": "2020-03-17T04:30:31Z", "content": "'It sucks'! That's what Hollywood star Idris Elba said after he was tested positive for Coronavirus. Interestingly, he had no symptoms but since he was exposed to someone who tested positive, he got the test done.\r\namazon.com\r\nWithout naming who he came in co\u2026 [+2771 chars]"}, {"source": {"id": "the-times-of-india", "name": "The Times of India"}, "author": "Vatsala Devki Vats", "title": "No Excuses! Katrina Kaif Shares 20-Min Workout Videos To Help You Get Through COVID-19 Lockdown", "description": "Katrina Kaif's super hot body automatically makes her an authority on how to work out and from where and we are all ears. Kaif alongside her personal trainer, Yasmin Karachiwala dropped 5 videos to her 33.8 million followers to show exactly what exercises nee\u2026", "url": "https://www.indiatimes.com/entertainment/no-excuses-katrina-kaif-shares-20-min-workout-videos-to-help-you-get-through-covid-19-lockdown-508552.html", "urlToImage": "https://im.indiatimes.in/content/2020/Mar/FBImage2_5e706832e992c.jpg", "publishedAt": "2020-03-17T05:25:58Z", "content": "Quarantine and chill time (while you work from home) is officially here.\u00a0\r\nWith gyms and other fitness clubs being shut down temporarily to curb the spread of Coronavirus doesn't mean you have an excuse to not work out. In order to remain fit while on lockdow\u2026 [+966 chars]"}, {"source": {"id": "the-times-of-india", "name": "The Times of India"}, "author": "Monit Khanna", "title": "Jack Ma Sends 1 Million Masks, 5 Lakh COVID-19 Test Kits To US, Plans To Help Africa Too", "description": "With COVID-19 spreading at an unprecedented rate globally, people are trying their best to contain this novel coronavirus. And now, China\u2019s richest business tycoon Jack Ma has donated one million face masks along with 500,000 test kits to the US. He revealed \u2026", "url": "https://www.indiatimes.com/technology/news/jack-ma-sends-1-million-masks-5-lakh-covid-19-test-kits-to-us-plans-to-help-africa-too-508556.html", "urlToImage": "https://im.indiatimes.in/content/2020/Mar/FB-Image-Quote-1_5e706a69a3ada.jpg", "publishedAt": "2020-03-17T05:47:55Z", "content": "With COVID-19 spreading at an unprecedented rate globally, people are trying their best to contain this novel coronavirus. And now, Chinas richest business tycoon Jack Ma has donated one million face masks along with 500,000 test kits to the US. He revealed t\u2026 [+1726 chars]"}, {"source": {"id": "the-times-of-india", "name": "The Times of India"}, "author": "Vatsala Devki Vats", "title": "The Show Must Go On! Chris Martin, John Legend To Live-Stream Mini Concerts Amid COVID-19 Scare", "description": "Martin was the first one to tweet about performing a few songs through live stream for his fans across the world from the comfort of his home. Naturally, all Coldplay fans descended to their Instagram accounts to hear the power-packed performer. The musician \u2026", "url": "https://www.indiatimes.com/entertainment/the-show-must-go-on-chris-martin-john-legend-to-live-stream-mini-concerts-amid-covid-19-scare-508596.html", "urlToImage": "https://im.indiatimes.in/content/2020/Mar/FBImage9_5e709dd7ce5fd.jpg", "publishedAt": "2020-03-17T09:18:16Z", "content": "You know how they say the show must go on?\u00a0\r\nWell, some of the world's favorite musicians truly imbibe and live by that spirit. As a precautionary measure for combating coronavirus, a plethora of concerts and public events stand canceled. But Chris Martin was\u2026 [+1500 chars]"}, {"source": {"id": "the-times-of-india", "name": "The Times of India"}, "author": "Isha Sharma", "title": "COVID-19: Tom Hanks And Rita Wilson Released From The Hospital, To Self-Quarantine At Home Now", "description": "Tom Hanks and wife Rita Wilson has been released from the hospital after being diagnosed with the coronavirus and are now self-quarantined back at home in Australia, reported Deadline.", "url": "https://www.indiatimes.com/entertainment/celebs/covid-19-tom-hanks-and-rita-wilson-released-from-the-hospital-to-self-quarantine-at-home-now-508544.html", "urlToImage": "https://im.indiatimes.in/content/2020/Mar/343_5e705ba1a2af5.jpg", "publishedAt": "2020-03-17T04:47:47Z", "content": "Tom Hanks and wife Rita Wilson have been released from the hospital after being diagnosed with the coronavirus and are now self-quarantined back at home in Australia, reported Deadline.\r\nReuters\r\nThe couple was being treated at a Queensland hospital and was i\u2026 [+1600 chars]"}]}