{"status": "ok", "totalResults": 127, "articles": [{"source": {"id": "the-times-of-india", "name": "The Times of India"}, "author": "Rema Nagarajan", "title": "How Covid war is hurting non-Covid patients", "description": "India News: With OPDs shut and surgeries postponed, cancer, HIV & other patients struggle to get treatment", "url": "https://timesofindia.indiatimes.com/india/how-covid-war-is-hurting-indias-non-covid-patients/articleshow/74949121.cms", "urlToImage": "https://static.toiimg.com/thumb/msid-74949121,width-1070,height-580,imgsize-1,resizemode-6,overlay-toi_sw,pt-32,y_pad-40/photo.jpg", "publishedAt": "2020-04-02T11:49:12Z", "content": null}, {"source": {"id": "the-times-of-india", "name": "The Times of India"}, "author": null, "title": "A different way to look at Covid-19 cases", "description": "India News: TOI visualises the rise in cases on a log chart, in which the y-axis is not linear, but rises (usually) in multiples of 10", "url": "https://timesofindia.indiatimes.com/india/a-different-way-to-look-at-covid-19-cases/articleshow/74944283.cms", "urlToImage": "https://static.toiimg.com/thumb/msid-74944283,width-1070,height-580,imgsize-1,resizemode-6,overlay-toi_sw,pt-32,y_pad-40/photo.jpg", "publishedAt": "2020-04-02T07:52:35Z", "content": null}, {"source": {"id": "the-times-of-india", "name": "The Times of India"}, "author": null, "title": "Beauty queen\u2019s efforts to help COVID-19 affected", "description": "Our world should be a place where we recognize that we are all connected, where we act in solidarity in times of crisis. People around the world are doing their bit to spread awareness and putting in efforts to help the people affected by the crisis. Beauty q\u2026", "url": "https://beautypageants.indiatimes.com/others/beauty-queens-efforts-to-help-those-affected-by-covid-19-crisis/eventshow/74937860.cms", "urlToImage": "https://beautypageants.indiatimes.com/photo/74937860.cms", "publishedAt": "2020-04-02T14:12:09Z", "content": "The beauty queen posted pictures from the service captioned, We were able to feed frontliners from the Makati Medical Center, Medical Center Taguig, Las Pi\u00f1as General Hospital, and Unihealth Para\u00f1aque Hospital. Ive been looking for ways and places to help out\u2026 [+125 chars]"}, {"source": {"id": "the-times-of-india", "name": "The Times of India"}, "author": "Times Of India", "title": "Covid-19: US opening doors to Indian medicos", "description": "New York and New Jersey have taken the lead in temporarily drafting foreign medical graduates \u2014 hundreds of Indians among them \u2014 in addition to enlisting retirees and medical school students, to join the battle against the coronavirus epidemic.", "url": "https://timesofindia.indiatimes.com/world/us/us-opening-doors-to-indian-medical-graduates-under-covid-19-pressure/articleshow/74955449.cms", "urlToImage": "https://static.toiimg.com/thumb/msid-74955520,width-1070,height-580,imgsize-21812,resizemode-75,overlay-toi_sw,pt-32,y_pad-40/photo.jpg", "publishedAt": "2020-04-02T17:05:41Z", "content": "Subscribe\r\nStart Your Daily Mornings with Times of India Newspaper!Order Now"}, {"source": {"id": "the-times-of-india", "name": "The Times of India"}, "author": "Dipanjan Roy Chaudhury", "title": "SAARC trade officials to meet soon on Covid 19 impact", "description": "The Department of Commerce in India will be nodal agency for this exercise. The date of the video conference is being worked out.  The video conference of trade officials will consider the impact of travel restrictions on intra-regional trade within SAARC, re\u2026", "url": "https://economictimes.indiatimes.com/news/politics-and-nation/saarc-trade-officials-to-meet-soon-on-covid-19-impact/articleshow/74941609.cms", "urlToImage": "https://img.etimg.com/thumb/msid-74941601,width-1070,height-580,imgsize-354258,overlay-economictimes/photo.jpg", "publishedAt": "2020-04-02T03:32:33Z", "content": "NEW DELHI: A video conference of trade officials of SAARC countries proposed by India is being planned to be held in early April to discuss the impact of the Coronavirus crisis on intra-regional trade and formulate a way forward.\r\nThe Department of Commerce i\u2026 [+2912 chars]"}, {"source": {"id": "the-times-of-india", "name": "The Times of India"}, "author": "Aditi Shrivastava", "title": "Dozee, MyLab, others step up efforts to fight Covid-19", "description": "Dozee, MyLab, others step up efforts to fight Covid-19These solutions range from prevention mechanisms and testing to monitoring and manufacturing medical equipment.", "url": "https://economictimes.indiatimes.com/small-biz/startups/newsbuzz/healthtech-startups-dozee-qure-ai-log-9-mylab-step-up-efforts-to-fight-covid-19/articleshow/74941273.cms", "urlToImage": "https://img.etimg.com/thumb/msid-74941319,width-1070,height-580,imgsize-113035,overlay-etrise/photo.jpg", "publishedAt": "2020-04-02T03:09:58Z", "content": "Bengaluru: A slew of homegrown health tech startups including Dozee, Qure.ai, Log 9, MyLab, and Biodesign Innovation Labs are stepping up their go-to-market and production efforts in a bid to offer solutions as the country prepares to treat Covid-19 patients \u2026 [+3361 chars]"}, {"source": {"id": "the-times-of-india", "name": "The Times of India"}, "author": "Economic Times", "title": "Covid-19 Live: Total cases in India reaches 1,834", "description": "Covid-19 Live: Total cases in India reaches 1,834These people attended the Tablighi Jamaat congregation at Nizamuddin Markaz in Delhi.", "url": "https://economictimes.indiatimes.com/news/politics-and-nation/coronavirus-cases-in-india-live-news-latest-updates-april2/liveblog/74940450.cms", "urlToImage": "https://img.etimg.com/thumb/msid-74940450,width-600,resizemode-4,imglength-640192/news/politics-and-nation/coronavirus-cases-in-india-live-news-latest-updates-april2.jpg", "publishedAt": "2020-04-02T00:54:07Z", "content": null}, {"source": {"id": "the-times-of-india", "name": "The Times of India"}, "author": "Manu Pubby", "title": "Covid: Warships on standby, IAF transport fleet activated", "description": "Covid: Warships on standby, IAF transport fleet activatedDefence minister Rajnath Singh, who took stock of preparedness levels of the armed forces on Wednesday, has directed that all support must be made available to the civil administration that is coordinat\u2026", "url": "https://economictimes.indiatimes.com/news/defence/warships-on-standby-iaf-transport-fleet-activated/articleshow/74937546.cms", "urlToImage": "https://img.etimg.com/thumb/msid-74940864,width-1070,height-580,imgsize-269364,overlay-etdefence/photo.jpg", "publishedAt": "2020-04-02T02:13:25Z", "content": "New Delhi: The air force transport fleet has been activated to transport essential equipment and medicines and warships have been kept on standby for quick deployment as India gets ready to battle the most difficult phase of the Covid-19 crisis.\r\nDefence mini\u2026 [+2552 chars]"}, {"source": {"id": "the-times-of-india", "name": "The Times of India"}, "author": "PTI", "title": "Covid-19: Oyo chief to forgo remaining annual salary", "description": "Covid-19: Oyo chief to forgo remaining annual salaryThe company's entire executive leadership team has taken a voluntary pay cut starting at 25 per cent, with many opting for an additional uncapped amount, and some going up to 50 per cent to enable building t\u2026", "url": "https://economictimes.indiatimes.com/small-biz/startups/newsbuzz/covid-19-oyo-chief-to-forgo-remaining-annual-salary/articleshow/74949398.cms", "urlToImage": "https://img.etimg.com/thumb/msid-74949410,width-1070,height-580,imgsize-191870,overlay-etrise/photo.jpg", "publishedAt": "2020-04-02T11:38:58Z", "content": "NEW DELHI: Oyo Hotels and Homes on Thursday said its founder and group CEO Ritesh Agarwal will forego his salary for the rest of the year and its executive leadership team will take voluntary pay cuts as the hospitality industry reels under the Covid-19 pande\u2026 [+991 chars]"}, {"source": {"id": "the-times-of-india", "name": "The Times of India"}, "author": "Bloomberg", "title": "The fight to getting you a Covid vaccine", "description": "Governments around the world are reviving rarely used legislation or pledging new measures to ensure that they have the drugs they need to battle the pandemic.", "url": "https://economictimes.indiatimes.com/news/international/world-news/inoculating-the-world-may-mean-reviving-old-curbs-on-patents/articleshow/74953536.cms", "urlToImage": "https://img.etimg.com/thumb/msid-74953606,width-1070,height-580,imgsize-302572,overlay-economictimes/photo.jpg", "publishedAt": "2020-04-02T15:14:09Z", "content": "By Hugo Miller, Karin Matussek, Susan Decker and Stephanie BodoniGerman Chancellor Angela Merkel described the coronavirus as the greatest challenge facing her country since the end of World War II. Germany\u2019s parliament took that message to heart as part of a\u2026 [+5468 chars]"}, {"source": {"id": "the-times-of-india", "name": "The Times of India"}, "author": "Surabhi Agarwal", "title": "Govt launches app AarogyaSetu to track spread of Covid-19", "description": "Govt launches app AarogyaSetu to track spread of Covid-19Once installed in a smart phone, the app detects other nearby devices with AarogyaSetu installed. The app can then calculate the risk of infection based on sophisticated parameters if any of these conta\u2026", "url": "https://economictimes.indiatimes.com/tech/internet/govt-launches-mobile-app-aarogyasetu-to-track-spread-of-covid-19/articleshow/74952335.cms", "urlToImage": "https://img.etimg.com/thumb/msid-74952345,width-1070,height-580,imgsize-512433,overlay-economictimes/photo.jpg", "publishedAt": "2020-04-02T14:01:09Z", "content": "New Delhi: The ministry of electronics and IT launched a mobile app on Thursday called AarogyaSetu which will help people in identifying the risk of getting affected by the CoronaVirus.\r\nThe app built through public private partnership \"assesses themselves th\u2026 [+700 chars]"}, {"source": {"id": "the-times-of-india", "name": "The Times of India"}, "author": "ET Online", "title": "Big tobacco companies join race for Covid vaccine", "description": "BAT has already started pre-clinical testing on animals, of a plant-based vaccine via US biotech subsidiary Kentucky BioProcessing. Philip Morris, on the other hand, through its partially-owned Canadian unit Medicago, expects to start human trials of a potent\u2026", "url": "https://economictimes.indiatimes.com/news/international/business/big-tobacco-companies-join-race-for-covid-vaccine/articleshow/74942648.cms", "urlToImage": "https://img.etimg.com/thumb/msid-74942646,width-1070,height-580,imgsize-624619,overlay-economictimes/photo.jpg", "publishedAt": "2020-04-02T05:02:13Z", "content": "Adversity makes strange bedfellows and the current global Covid-19 pandemic has proved to be no exception. Big tobacco companies have joined pharma companies in the race for a vaccine \u2014 one that can potentially contain the deadly disease that has affected alm\u2026 [+1824 chars]"}, {"source": {"id": "the-times-of-india", "name": "The Times of India"}, "author": "PTI", "title": "Urgent need to devise India-specific strategy to combat Covid-19: Rahul Gandhi", "description": "The remarks came at the Congress Working Committee (CWC) meeting, where besides him, party chief Sonia Gandhi, former prime minister Manmohan Singh and other senior leaders discussed the health crisis through video-conferencing.", "url": "https://economictimes.indiatimes.com/news/politics-and-nation/urgent-need-to-devise-india-specific-strategy-to-combat-covid-19-rahul-gandhi/articleshow/74951892.cms", "urlToImage": "https://img.etimg.com/thumb/msid-74951391,width-1070,height-580,imgsize-145883,overlay-economictimes/photo.jpg", "publishedAt": "2020-04-02T13:38:47Z", "content": "NEW DELHI: There is an urgent need for an India-specific strategy to combat the coronavirus outbreak, Congress leader Rahul Gandhi said on Thursday, and asserted that the country must prepare for \"economic devastation\".\r\nThe remarks came at the Congress Worki\u2026 [+2943 chars]"}, {"source": {"id": "the-times-of-india", "name": "The Times of India"}, "author": "PTI", "title": "PM Modi, German Chancellor Merkel exchange views on lack of medicines to deal with COVID-19", "description": "Prime Minister Narendra Modi and German Chancellor Angela Merkel held a telephonic conversation and discussed COVID-19, the situation in their respective countries, and the importance of international collaboration for fighting the health crisis.", "url": "https://economictimes.indiatimes.com/news/politics-and-nation/pm-modi-german-chancellor-merkel-exchange-views-on-lack-of-medicines-to-deal-with-covid-19/articleshow/74954194.cms", "urlToImage": "https://img.etimg.com/thumb/msid-74954463,width-1070,height-580,imgsize-531575,overlay-economictimes/photo.jpg", "publishedAt": "2020-04-02T15:45:33Z", "content": "New Delhi: Prime Minister Narendra Modi and German Chancellor Angela Merkel on Thursday exchanged views on the low availability of medicines and medical equipment to fight the coronavirus pandemic as they agreed to explore avenues of cooperation in the area.\r\u2026 [+1437 chars]"}, {"source": {"id": "the-times-of-india", "name": "The Times of India"}, "author": "Hakeem Irfan Rashid", "title": "COVID-19, case number 29: A broken family, A lonely funeral and ailing healthcare in Kashmir", "description": "On March 28, two brothers, wearing no protective gear, dragged their 62-year-old ailing father declared COVID-19 positive, uphill, on a damaged trolley, towards a ward at Chest Disease hospital, located on a hillock in Dalgate area of Srinagar.", "url": "https://economictimes.indiatimes.com/news/politics-and-nation/covid-19-case-number-29-a-broken-family-a-lonely-funeral-and-ailing-healthcare-in-kashmir/articleshow/74951731.cms", "urlToImage": "https://img.etimg.com/thumb/msid-74951886,width-1070,height-580,imgsize-,overlay-economictimes/photo.jpg", "publishedAt": "2020-04-02T13:38:34Z", "content": "Srinagar: On March 28, two brothers, wearing no protective gear, dragged their 62-year-old ailing father declared COVID-19 positive, uphill, on a damaged trolley, towards a ward at Chest Disease hospital, located on a hillock in Dalgate area of Srinagar. \r\nGa\u2026 [+13887 chars]"}, {"source": {"id": "the-times-of-india", "name": "The Times of India"}, "author": "PTI", "title": "Around 1,000 linked to Tablighi Jamaat screened in Karnataka, 11 test positive for COVID-19", "description": "Karnataka Chief Minister B S Yediyurappa too said that in Bidar district, a total of 91 people linked to Tablighi-Jamaat were tested and 80 were found to be negative while 11 were positive.", "url": "https://economictimes.indiatimes.com/news/politics-and-nation/around-1000-linked-to-tablighi-jamaat-screened-in-karnataka-11-test-positive-for-covid-19/articleshow/74949571.cms", "urlToImage": "https://img.etimg.com/thumb/msid-74949604,width-1070,height-580,imgsize-134122,overlay-economictimes/photo.jpg", "publishedAt": "2020-04-02T11:48:46Z", "content": "BENGALURU: Nearly 1,000 people from Karnataka, who are linked to Tablighi-Jamaat congregation in New Delhi, have been screened so far following the inputs provided by the Centre and police, and 11 have tested positive for COVID-19.\r\nThe state government has b\u2026 [+2127 chars]"}, {"source": {"id": "the-times-of-india", "name": "The Times of India"}, "author": "TIMESOFINDIA.COM", "title": "3 most common myths that people are believing about COVID-19 protection - Times of India", "description": "From bathing in hand sanitizer to loading up on vitmain C, we have probably read a million ways that promise to keep us safe. But what strategies actually work? Let's debunk some myths for you.", "url": "https://timesofindia.indiatimes.com/life-style/health-fitness/health-news/3-most-common-myths-that-people-are-believing-about-covid-19-protection/photostory/74949478.cms", "urlToImage": "https://static.toiimg.com/photo/74949580.cms", "publishedAt": "2020-04-02T12:00:00Z", "content": "Fact: Surgical gloves are not the best way to avoid germs. Gloves are like your skin, they pick up germs and pathogens from unclean surfaces just like your skin. If you touch your face with these gloves, you might get infected just like you would when you tou\u2026 [+668 chars]"}, {"source": {"id": "the-times-of-india", "name": "The Times of India"}, "author": "TIMESOFINDIA.COM", "title": "COVID-19: Health Ministry releases do's and don'ts for the elderly - Times of India", "description": "COVID-19: Health Ministry releases do's and don'ts for the elderly Times of India Coronavirus pandemic | Some patients show signs of brain ailments Moneycontrol Explained: Why some coronavirus patients show signs of brain ailments The Indian Express \u201cSilent C\u2026", "url": "https://timesofindia.indiatimes.com/life-style/health-fitness/health-news/covid-19-health-ministry-releases-dos-and-donts-for-the-elderly/articleshow/74931896.cms", "urlToImage": "https://static.toiimg.com/thumb/msid-74931852,width-1070,height-580,overlay-toi_sw,pt-32,y_pad-40,resizemode-75,imgsize-150410/74931852.jpg", "publishedAt": "2020-04-02T09:53:08Z", "content": null}, {"source": {"id": "the-times-of-india", "name": "The Times of India"}, "author": "Times Of India", "title": "Tamil Nadu Covid-19 count jumps by 110 in 1 day - Times of India", "description": "Tamil Nadu Covid-19 count jumps by 110 in 1 day Times of India 1,800 people connected to Tablighi Jamaat event quarantined, says MHA Livemint Of 391 who participated in Delhi's Nizamuddin event from Karnataka, 11 tested positive: CM Yediyurappa Times of India\u2026", "url": "https://timesofindia.indiatimes.com/city/chennai/tamil-nadu-covid-19-count-jumps-by-110-in-1-day/articleshow/74940428.cms", "urlToImage": "https://static.toiimg.com/thumb/msid-74940437,width-1070,height-580,imgsize-331981,resizemode-75,overlay-toi_sw,pt-32,y_pad-40/photo.jpg", "publishedAt": "2020-04-02T01:19:49Z", "content": "Subscribe\r\nStart Your Daily Mornings with Times of India Newspaper!Order Now"}, {"source": {"id": "the-times-of-india", "name": "The Times of India"}, "author": null, "title": "COVID-19 fight: WHO praises PM Narendra Modi\u2019s initiatives - Times of India", "description": "The World Health Organization (WHO) has welcomed Prime Minister Narendra Modi's $24 billion package, including free food rations for 800 million disadvantaged people for the next 3 months to fight the coronavirus pandemic.  WHO\u2019s Director-General Tedros Adhan\u2026", "url": "https://timesofindia.indiatimes.com/videos/news/covid-19-fight-who-praises-pm-narendra-modis-initiatives/videoshow/74947192.cms", "urlToImage": "https://timesofindia.indiatimes.com/photo/msid-74947192,imgsize-74850.cms", "publishedAt": "2020-04-02T09:47:22Z", "content": "Apr 02, 2020, 03:13PM ISTSource: ANIThe World Health Organization (WHO) has welcomed Prime Minister Narendra Modi's $24 billion package, including free food rations for 800 million disadvantaged people for the next 3 months to fight the coronavirus pandemic. \u2026 [+526 chars]"}, {"source": {"id": "the-times-of-india", "name": "The Times of India"}, "author": null, "title": "WHO praises PM Modi\u2019s initiatives to fight Covid-19 pandemic - Economic Times", "description": "World Health Organization (WHO) has welcomed Prime Minister Narendra Modi's $24 billion package, including free food rations for 800 million disadvantaged people for the next 3 months to fight the coronavirus pandemic.  WHO\u2019s Director-General Tedros Adhanom p\u2026", "url": "https://economictimes.indiatimes.com/news/politics-and-nation/who-praises-pm-modis-initiatives-to-fight-covid-19-pandemic/videoshow/74945537.cms", "urlToImage": "https://img.etimg.com/thumb/msid-74945537,width-1070,height-580,overlay-economictimes/photo.jpg", "publishedAt": "2020-04-02T08:08:00Z", "content": "World Health Organization (WHO) has welcomed Prime Minister Narendra Modi's $24 billion package, including free food rations for 800 million disadvantaged people for the next 3 months to fight the coronavirus pandemic. WHOs Director-General Tedros Adhanom pra\u2026 [+486 chars]"}, {"source": {"id": "the-times-of-india", "name": "The Times of India"}, "author": "Times Of India", "title": "COVID-19: AIIMS Delhi doctor tests positive", "description": "India News: NEW DELHI: A Resident Doctor posted in the All India Institute of Medical Sciences has tested positive for coronavirus infection, a senior AIIMS docto.", "url": "https://timesofindia.indiatimes.com/india/covid-19-aiims-delhi-doctor-tests-positive/articleshow/74951790.cms", "urlToImage": "https://static.toiimg.com/thumb/msid-74951784,width-1070,height-580,imgsize-714002,resizemode-75,overlay-toi_sw,pt-32,y_pad-40/photo.jpg", "publishedAt": "2020-04-02T13:17:06Z", "content": "Subscribe\r\nStart Your Daily Mornings with Times of India Newspaper!Order Now"}, {"source": {"id": "the-times-of-india", "name": "The Times of India"}, "author": "Times Of India", "title": "Covid-19: Lockdown creates acute shortage at blood banks", "description": "India News: Blood banks in most states are facing acute shortages as blood donation has dried up during the lockdown.", "url": "https://timesofindia.indiatimes.com/india/covid-19-lockdown-creates-acute-shortage-at-blood-banks/articleshow/74958205.cms", "urlToImage": "https://static.toiimg.com/thumb/msid-74958280,width-1070,height-580,imgsize-90961,resizemode-75,overlay-toi_sw,pt-32,y_pad-40/photo.jpg", "publishedAt": "2020-04-02T22:39:01Z", "content": "Subscribe\r\nStart Your Daily Mornings with Times of India Newspaper!Order Now"}, {"source": {"id": "the-times-of-india", "name": "The Times of India"}, "author": "Times Of India", "title": "Covid-19: Uttar Pradesh corona count is now 121", "description": "India News: LUCKNOW: The number of corona positive cases in Uttar Pradesh is now 121.", "url": "https://timesofindia.indiatimes.com/india/covid-19-uttar-pradesh-corona-count-is-now-121/articleshow/74951296.cms", "urlToImage": "https://static.toiimg.com/thumb/msid-74951339,width-1070,height-580,imgsize-636155,resizemode-75,overlay-toi_sw,pt-32,y_pad-40/photo.jpg", "publishedAt": "2020-04-02T12:52:56Z", "content": "Subscribe\r\nStart Your Daily Mornings with Times of India Newspaper!Order Now"}, {"source": {"id": "the-times-of-india", "name": "The Times of India"}, "author": "Times Of India", "title": "Maharashtra Congress seeks special burial spots for Covid-19 victims", "description": "India News: MUMBAI: Senior Congress leader and ex-minister Naseem Khan on Thursday demanded the government allot special burial spots in existing cemeteries or el.", "url": "https://timesofindia.indiatimes.com/india/maharashtra-congress-seeks-special-burial-spots-for-covid-19-victims/articleshow/74954722.cms", "urlToImage": "https://static.toiimg.com/thumb/msid-74954703,width-1070,height-580,imgsize-703163,resizemode-75,overlay-toi_sw,pt-32,y_pad-40/photo.jpg", "publishedAt": "2020-04-02T15:56:38Z", "content": "Subscribe\r\nStart Your Daily Mornings with Times of India Newspaper!Order Now"}, {"source": {"id": "the-times-of-india", "name": "The Times of India"}, "author": "Times Of India", "title": "Covid-19 positive cases in Andhra Pradesh rise to 143", "description": "India News: AMARAVATI: The number of Covid-19 positive cases in Andhra Pradesh rose to 143 on Thursday as 32 people tested positive since Wednesday night.", "url": "https://timesofindia.indiatimes.com/india/covid-19-positive-cases-in-andhra-pradesh-rise-to-143/articleshow/74955159.cms", "urlToImage": "https://static.toiimg.com/thumb/msid-74955381,width-1070,height-580,imgsize-672754,resizemode-75,overlay-toi_sw,pt-32,y_pad-40/photo.jpg", "publishedAt": "2020-04-02T16:40:05Z", "content": "Subscribe\r\nStart Your Daily Mornings with Times of India Newspaper!Order Now"}, {"source": {"id": "the-times-of-india", "name": "The Times of India"}, "author": "Times Of India", "title": "Covid-19: ICF calls for EoI from ventilator makers", "description": "India News: The last date for submission of EoI is April 5, 2020.", "url": "https://timesofindia.indiatimes.com/india/covid-19-icf-calls-for-eoi-from-ventilator-makers/articleshow/74949399.cms", "urlToImage": "https://static.toiimg.com/thumb/msid-74949372,width-1070,height-580,imgsize-378309,resizemode-75,overlay-toi_sw,pt-32,y_pad-40/photo.jpg", "publishedAt": "2020-04-02T11:17:15Z", "content": "Subscribe\r\nStart Your Daily Mornings with Times of India Newspaper!Order Now"}, {"source": {"id": "the-times-of-india", "name": "The Times of India"}, "author": "Times Of India", "title": "Covid-19: 15 new corona cases in Rajasthan, total 133", "description": "India News: JAIPUR: Fifteen new corona positive cases were reported in Rajasthan on Thursday, taking the total number of such cases to 133 in the state, said heal.", "url": "https://timesofindia.indiatimes.com/india/covid-19-15-new-corona-cases-in-rajasthan-total-133/articleshow/74951534.cms", "urlToImage": "https://static.toiimg.com/thumb/msid-74951500,width-1070,height-580,imgsize-518698,resizemode-75,overlay-toi_sw,pt-32,y_pad-40/photo.jpg", "publishedAt": "2020-04-02T13:04:21Z", "content": "Subscribe\r\nStart Your Daily Mornings with Times of India Newspaper!Order Now"}, {"source": {"id": "the-times-of-india", "name": "The Times of India"}, "author": "Times Of India", "title": "First 5 Covid-19 projects get DST\u2019s nod", "description": "India News: BENGALURU: The department of science and technology (DST) and the Science and Engineering Research Board (SERB) have selected the first set of five pr.", "url": "https://timesofindia.indiatimes.com/india/first-5-covid-19-projects-get-dsts-nod/articleshow/74951522.cms", "urlToImage": "https://static.toiimg.com/thumb/msid-74951491,width-1070,height-580,imgsize-143579,resizemode-75,overlay-toi_sw,pt-32,y_pad-40/photo.jpg", "publishedAt": "2020-04-02T13:02:20Z", "content": "Subscribe\r\nStart Your Daily Mornings with Times of India Newspaper!Order Now"}, {"source": {"id": "the-times-of-india", "name": "The Times of India"}, "author": "Times Of India", "title": "PM Modi holds Covid-19 review meeting with Chief Ministers", "description": "Prime Minister Narendra Modi on Thursday held a meeting with Chief Ministers, through video conferencing, to review the Covid-19 situation in the country. Defence Minister Rajnath Singh and Home Minister Amit Shah were also present at the meeting.", "url": "https://timesofindia.indiatimes.com/india/pm-modi-holds-covid-19-review-meeting-with-chief-ministers/articleshow/74944854.cms", "urlToImage": "https://static.toiimg.com/thumb/msid-74944857,width-1070,height-580,imgsize-231961,resizemode-75,overlay-toi_sw,pt-32,y_pad-40/photo.jpg", "publishedAt": "2020-04-02T07:08:46Z", "content": "Subscribe\r\nStart Your Daily Mornings with Times of India Newspaper!Order Now"}, {"source": {"id": "the-times-of-india", "name": "The Times of India"}, "author": "Times Of India", "title": "How Tablighi Jamaat meet led to Covid-19 spread", "description": "Of the total coronvirus cases in the country, 389 have been found to be with linked to Tablighi Jamaat (TJ) meet. A total of 19 people connected to the TJ meet have died in different states.", "url": "https://timesofindia.indiatimes.com/india/how-tablighi-jamaat-meet-led-to-covid-19-spread/articleshow/74942850.cms", "urlToImage": "https://static.toiimg.com/thumb/msid-74943308,width-1070,height-580,imgsize-32710,resizemode-75,overlay-toi_sw,pt-32,y_pad-40/photo.jpg", "publishedAt": "2020-04-02T05:29:54Z", "content": "Subscribe\r\nStart Your Daily Mornings with Times of India Newspaper!Order Now"}, {"source": {"id": "the-times-of-india", "name": "The Times of India"}, "author": "Times Of India", "title": "Govt unveils Aarogya Setu COVID-19 tracker app", "description": "India News: NEW DELHI: The Indian government has unveiled an app called Aarogya Setu designed to alert users if they have come in close proximity with any COVID-1.", "url": "https://timesofindia.indiatimes.com/india/govt-unveils-aarogya-setu-covid-19-tracker-app/articleshow/74954574.cms", "urlToImage": "https://static.toiimg.com/thumb/msid-74954543,width-1070,height-580,imgsize-714002,resizemode-75,overlay-toi_sw,pt-32,y_pad-40/photo.jpg", "publishedAt": "2020-04-02T15:48:11Z", "content": "Subscribe\r\nStart Your Daily Mornings with Times of India Newspaper!Order Now"}, {"source": {"id": "the-times-of-india", "name": "The Times of India"}, "author": "Times Of India", "title": "Tablighi super spreaders cause Covid-19 explosion in India", "description": "India News: NEW DELHI: The Tablighi Jamaat connection to coronavirus cases in India is exploding as these super spreaders criss-cross the country to reach their h.", "url": "https://timesofindia.indiatimes.com/india/tablighi-super-spreaders-cause-covid-19-explosion-in-india/articleshow/74956397.cms", "urlToImage": "https://static.toiimg.com/thumb/msid-74956387,width-1070,height-580,imgsize-473047,resizemode-75,overlay-toi_sw,pt-32,y_pad-40/photo.jpg", "publishedAt": "2020-04-02T17:25:21Z", "content": "Subscribe\r\nStart Your Daily Mornings with Times of India Newspaper!Order Now"}, {"source": {"id": "the-times-of-india", "name": "The Times of India"}, "author": "Times Of India", "title": "Govt should have called all party meet over Covid-19: Congress", "description": "India News: NEW DELHI: The Congress on Thursday extended its support in containing the coronavirus outbreak but said that the government should have called all pa.", "url": "https://timesofindia.indiatimes.com/india/govt-should-have-called-all-party-meet-over-covid-19-congress/articleshow/74953850.cms", "urlToImage": "https://static.toiimg.com/thumb/msid-74954010,width-1070,height-580,imgsize-771521,resizemode-75,overlay-toi_sw,pt-32,y_pad-40/photo.jpg", "publishedAt": "2020-04-02T15:19:30Z", "content": "Subscribe\r\nStart Your Daily Mornings with Times of India Newspaper!Order Now"}, {"source": {"id": "the-times-of-india", "name": "The Times of India"}, "author": "Times Of India", "title": "COVID-19: Over 400 more test positive; PM hints at 'staggered' exit post 21-day lockdown", "description": "Pitching for efforts on a war footing to identify and isolate COVID-19 hotspots, Prime Minister Narendra Modi on Thursday hinted at a \"staggered\" exit from the ongoing lockdown after the 21-day period ends on April 14 while the nationwide tally of confirmed c\u2026", "url": "https://timesofindia.indiatimes.com/india/covid-19-over-400-more-test-positive-pm-hints-at-staggered-exit-post-21-day-lockdown/articleshow/74953599.cms", "urlToImage": "https://static.toiimg.com/thumb/msid-74953612,width-1070,height-580,imgsize-82036,resizemode-75,overlay-toi_sw,pt-32,y_pad-40/photo.jpg", "publishedAt": "2020-04-02T14:57:26Z", "content": "Subscribe\r\nStart Your Daily Mornings with Times of India Newspaper!Order Now"}, {"source": {"id": "the-times-of-india", "name": "The Times of India"}, "author": "Times Of India", "title": "Covid-19: Gautam Gambhir donates two year's salary to PM-CARES Fund", "description": "BJP MP and former cricketer Gautam Gambhir on Thursday said that he will donate his two year's salary to PM-CARES Fund to support the battle against coronavirus pandemic in the country. \"People ask what can their country do for them. The real question is what\u2026", "url": "https://timesofindia.indiatimes.com/india/covid-19-gautam-gambhir-donates-two-years-salary-to-pm-cares-fund/articleshow/74943935.cms", "urlToImage": "https://static.toiimg.com/thumb/msid-74944344,width-1070,height-580,imgsize-7867,resizemode-75,overlay-toi_sw,pt-32,y_pad-40/photo.jpg", "publishedAt": "2020-04-02T06:42:16Z", "content": "Subscribe\r\nStart Your Daily Mornings with Times of India Newspaper!Order Now"}, {"source": {"id": "the-times-of-india", "name": "The Times of India"}, "author": "Times Of India", "title": "Covid-19 in India: Common, staggered lockdown exit plan needed, says PM Modi", "description": "PM Modi on Thursday asked chief ministers to consider a common exit strategy once the lockdown ends, indicating that there is need for a coordinated approach to lifting of restrictions on April 14 to ensure that the gains of social distancing and isolation in\u2026", "url": "https://timesofindia.indiatimes.com/india/common-staggered-lockdown-exit-plan-needed-pm-modi/articleshow/74958033.cms", "urlToImage": "https://static.toiimg.com/thumb/msid-74958043,width-1070,height-580,imgsize-174087,resizemode-75,overlay-toi_sw,pt-32,y_pad-40/photo.jpg", "publishedAt": "2020-04-02T20:57:25Z", "content": "Subscribe\r\nStart Your Daily Mornings with Times of India Newspaper!Order Now"}, {"source": {"id": "the-times-of-india", "name": "The Times of India"}, "author": "Times Of India", "title": "Jharkhand CM urges residents of Hindpiri to cooperate with Covid-19 testing", "description": "Jharkhand chief minister Hemant Soren on Thursday urged the residents of Hindpiri in the state capital to cooperate with the administration in getting themselves tested after a woman in the area tested positive for Covid-19 on Tuesday.", "url": "https://timesofindia.indiatimes.com/india/jharkhand-cm-urges-residents-of-hindpiri-to-cooperate-with-covid-19-testing/articleshow/74956356.cms", "urlToImage": "https://static.toiimg.com/thumb/msid-74956351,width-1070,height-580,imgsize-305359,resizemode-75,overlay-toi_sw,pt-32,y_pad-40/photo.jpg", "publishedAt": "2020-04-02T17:20:37Z", "content": "Subscribe\r\nStart Your Daily Mornings with Times of India Newspaper!Order Now"}, {"source": {"id": "the-times-of-india", "name": "The Times of India"}, "author": "Times Of India", "title": "Congress playing 'petty politics', should put up united front against COVID-19 pandemic: BJP", "description": "Accusing Congress president Sonia Gandhi of playing \"petty politics\" over the Union government's efforts to combat the coronavirus, top BJP leaders on Thursday asked the opposition party to play a responsible role and put up a united front against the pandemi\u2026", "url": "https://timesofindia.indiatimes.com/india/congress-playing-petty-politics-should-put-up-united-front-against-covid-19-pandemic-bjp/articleshow/74953299.cms", "urlToImage": "https://static.toiimg.com/thumb/msid-74953436,width-1070,height-580,imgsize-32813,resizemode-75,overlay-toi_sw,pt-32,y_pad-40/photo.jpg", "publishedAt": "2020-04-02T14:43:12Z", "content": "Subscribe\r\nStart Your Daily Mornings with Times of India Newspaper!Order Now"}, {"source": {"id": "the-times-of-india", "name": "The Times of India"}, "author": "Times Of India", "title": "West Bengal death toll rises to seven, Covid-19 cases cross 50", "description": "India News: Three persons have so far been cured in the state from the deadly disease, which has created global havoc by taking over 48,000 lives till date.", "url": "https://timesofindia.indiatimes.com/india/bengal-death-toll-rises-to-seven-covid-19-cases-cross-50/articleshow/74952568.cms", "urlToImage": "https://static.toiimg.com/thumb/msid-74952671,width-1070,height-580,imgsize-735847,resizemode-75,overlay-toi_sw,pt-32,y_pad-40/photo.jpg", "publishedAt": "2020-04-02T14:04:41Z", "content": "Subscribe\r\nStart Your Daily Mornings with Times of India Newspaper!Order Now"}, {"source": {"id": "the-times-of-india", "name": "The Times of India"}, "author": "Times Of India", "title": "400 COVID-19 cases with linkage to Tablighi Jamaat found: Health Ministry", "description": "\"Till now, maximum cases of 173 were found in Tamil Nadu. 11 cases in Rajasthan, 9 cases from Andaman and Nicobar, 47 cases in Delhi, 2 cases in Puducherry, 22 cases in Jammu and Kashmir, 33 cases in Telangana, 67 cases in Andhra and 16 cases in Assam,\" Lav A\u2026", "url": "https://timesofindia.indiatimes.com/india/400-covid-19-cases-with-linkage-to-tablighi-jamaat-found-health-ministry/articleshow/74951562.cms", "urlToImage": "https://static.toiimg.com/thumb/msid-74951574,width-1070,height-580,imgsize-158244,resizemode-75,overlay-toi_sw,pt-32,y_pad-40/photo.jpg", "publishedAt": "2020-04-02T13:05:55Z", "content": "Subscribe\r\nStart Your Daily Mornings with Times of India Newspaper!Order Now"}, {"source": {"id": "the-times-of-india", "name": "The Times of India"}, "author": "Times Of India", "title": "Urgent need to devise India-specific strategy to combat Covid-19: Rahul Gandhi", "description": "India News: NEW DELHI: There is an urgent need for an India-specific strategy to combat the coronavirus outbreak, Congress leader Rahul Gandhi said on Thursday, a.", "url": "https://timesofindia.indiatimes.com/india/urgent-need-to-devise-india-specific-strategy-to-combat-covid-19-rahul-gandhi/articleshow/74951402.cms", "urlToImage": "https://static.toiimg.com/thumb/msid-74951391,width-1070,height-580,imgsize-145883,resizemode-75,overlay-toi_sw,pt-32,y_pad-40/photo.jpg", "publishedAt": "2020-04-02T12:56:04Z", "content": "At the Congress CWC meeting today I emphasised the urgent need to devise an India specific strategy to combat the https://t.co/XFX91q9Dup\r\n\u2014 Rahul Gandhi (@RahulGandhi) 1585818942000"}, {"source": {"id": "the-times-of-india", "name": "The Times of India"}, "author": "Times Of India", "title": "Covid-19: WHO chief praises PM Modi's efforts to help the poor", "description": "The World Health Organisation (WHO) chief Tedros Adhanom Ghebreyesus on Thursday praised Prime Minister Narendra Modi for helping the poor and the vulnerable people of the society during the 21-day lockdown.", "url": "https://timesofindia.indiatimes.com/india/covid-19-who-chief-praises-pm-modis-efforts-to-help-the-poor/articleshow/74950654.cms", "urlToImage": "https://static.toiimg.com/thumb/msid-74950695,width-1070,height-580,imgsize-264064,resizemode-75,overlay-toi_sw,pt-32,y_pad-40/photo.jpg", "publishedAt": "2020-04-02T12:23:21Z", "content": "My appreciation to Prime Minister @narendramodi for announcing a $24 billion package to support 's vulnerable pop https://t.co/4gpXtVaR2Z\r\n\u2014 Tedros Adhanom Ghebreyesus (@DrTedros) 1585804796000"}, {"source": {"id": "the-times-of-india", "name": "The Times of India"}, "author": "Times Of India", "title": "Covid-19 in India: State-wise count of confirmed cases and deaths", "description": "The number of coronavirus cases continue to rise in the country. According to health ministry, there are 1,965 total confirmed cases at present. While 151 have been cured, the virus has claimed the lives of 50 people.", "url": "https://timesofindia.indiatimes.com/india/covid-19-in-india-state-wise-count-of-confirmed-cases-and-deaths/articleshow/74942405.cms", "urlToImage": "https://static.toiimg.com/thumb/msid-74943730,width-1070,height-580,imgsize-100868,resizemode-75,overlay-toi_sw,pt-32,y_pad-40/photo.jpg", "publishedAt": "2020-04-02T06:01:17Z", "content": "Covid-19 in India: State-wise count of confirmed cases and deaths\r\n<ul><li>News</li>\r\n<li>India News</li>\r\n<li>Covid-19 in India: State-wise count of confirmed cases and deaths</li></ul>"}, {"source": {"id": "the-times-of-india", "name": "The Times of India"}, "author": "Times Of India", "title": "Congress playing petty politics over COVID-19, misleading people: Amit Shah", "description": "Amit Shah's comments came hours after Congress president Sonia Gandhi criticised the government for the \"unplanned\" implementation of the countrywide lockdown, which, she said, caused \"chaos and pain\" to millions. \"Under PM @narendramodi's leadership, India's\u2026", "url": "https://timesofindia.indiatimes.com/india/congress-playing-petty-politics-over-covid-19-misleading-people-amit-shah/articleshow/74950170.cms", "urlToImage": "https://static.toiimg.com/thumb/msid-74950187,width-1070,height-580,imgsize-50643,resizemode-75,overlay-toi_sw,pt-32,y_pad-40/photo.jpg", "publishedAt": "2020-04-02T11:59:46Z", "content": "Under PM @narendramodis leadership, Indias efforts to fight Coronavirus are being lauded domestically and globall https://t.co/nUPdjxUegk\r\n\u2014 Amit Shah (@AmitShah) 1585826502000"}, {"source": {"id": "the-times-of-india", "name": "The Times of India"}, "author": "Times Of India", "title": "16 Covid-19 cases in Assam, NE tally rises to 20", "description": "India News: Manipur Chief Minister N. Biren Singh said in a tweet that one more positive case has been detected on Thursday, taking the state's tally to two.", "url": "https://timesofindia.indiatimes.com/india/16-covid-19-cases-in-assam-ne-tally-rises-to-20/articleshow/74950401.cms", "urlToImage": "https://static.toiimg.com/thumb/msid-74950435,width-1070,height-580,imgsize-731764,resizemode-75,overlay-toi_sw,pt-32,y_pad-40/photo.jpg", "publishedAt": "2020-04-02T12:10:13Z", "content": "Subscribe\r\nStart Your Daily Mornings with Times of India Newspaper!Order Now"}, {"source": {"id": "the-times-of-india", "name": "The Times of India"}, "author": "Times Of India", "title": "328 new Covid-19 cases and 12 deaths reported since Wednesday: Health ministry", "description": "About 400 Covid-19 positive cases have been found whose epidemiological linkage can be traced to the Tablighi Jamaat cluster, the health ministry said on Thursday. Addressing the daily briefing, health ministry joint secretary Lav Agrawal said 328 new cases o\u2026", "url": "https://timesofindia.indiatimes.com/india/328-new-covid-19-cases-and-12-deaths-reported-since-wednesday-health-ministry/articleshow/74949876.cms", "urlToImage": "https://static.toiimg.com/thumb/msid-74950038,width-1070,height-580,imgsize-219375,resizemode-75,overlay-toi_sw,pt-32,y_pad-40/photo.jpg", "publishedAt": "2020-04-02T11:50:47Z", "content": "Subscribe\r\nStart Your Daily Mornings with Times of India Newspaper!Order Now"}, {"source": {"id": "the-times-of-india", "name": "The Times of India"}, "author": "Times Of India", "title": "Covid-19: From drones to testing labs, IISc offers 11 technologies", "description": "India News: BENAGLURU: Different teams at the Indian Institute of Science (IISc) together have offered 11 different technologies that they feel can aid India\u2019s fi.", "url": "https://timesofindia.indiatimes.com/india/covid-19-from-drones-to-testing-labs-iisc-offers-11-technologies/articleshow/74958233.cms", "urlToImage": "https://static.toiimg.com/thumb/msid-74958321,width-1070,height-580,imgsize-98981,resizemode-75,overlay-toi_sw,pt-32,y_pad-40/photo.jpg", "publishedAt": "2020-04-02T22:57:33Z", "content": "Subscribe\r\nStart Your Daily Mornings with Times of India Newspaper!Order Now"}, {"source": {"id": "the-times-of-india", "name": "The Times of India"}, "author": "Times Of India", "title": "Priyanka pledges Cong workers support to religious organisations in COVID-19 relief efforts", "description": "India News: NEW DELHI: Congress general secretary Priyanka Gandhi Vadra on Thursday wrote to various religious institutions and organisations and pledged support .", "url": "https://timesofindia.indiatimes.com/india/priyanka-pledges-cong-workers-support-to-religious-organisations-in-covid-19-relief-efforts/articleshow/74953819.cms", "urlToImage": "https://static.toiimg.com/thumb/msid-74954308,width-1070,height-580,imgsize-2653148,resizemode-75,overlay-toi_sw,pt-32,y_pad-40/photo.jpg", "publishedAt": "2020-04-02T15:33:46Z", "content": "Subscribe\r\nStart Your Daily Mornings with Times of India Newspaper!Order Now"}, {"source": {"id": "the-times-of-india", "name": "The Times of India"}, "author": "Times Of India", "title": "Ashok Gehlot appeals to Tablighi Jamaat attendees to report for Covid-19 screening", "description": "Rajasthan chief minister Ashok Gehlot on Thursday appealed to the attendees of a congregation in the coronavirus-hotspot Tablighi Jamaat centre in Delhi and those who came in contact with them to voluntarily report for screening.", "url": "https://timesofindia.indiatimes.com/india/ashok-gehlot-appeals-to-tablighi-jamaat-attendees-to-report-for-covid-19-screening/articleshow/74956225.cms", "urlToImage": "https://static.toiimg.com/thumb/msid-74956229,width-1070,height-580,imgsize-108521,resizemode-75,overlay-toi_sw,pt-32,y_pad-40/photo.jpg", "publishedAt": "2020-04-02T17:14:52Z", "content": "Subscribe\r\nStart Your Daily Mornings with Times of India Newspaper!Order Now"}, {"source": {"id": "the-times-of-india", "name": "The Times of India"}, "author": "Times Of India", "title": "Covid-19: NE tally rises to 24 with 5 new cases in Assam, Manipur and Arunachal", "description": "The number of Covid-19 positive cases in northeast climbed to 24 after five more cases were reported in Assam, Manipur and Arunachal Pradesh on Thursday. 22 of these cases have links with the Nizamuddin Markaz congregation.", "url": "https://timesofindia.indiatimes.com/india/covid-19-ne-tally-rises-to-24-with-5-new-cases-in-assam-manipur-and-arunachal/articleshow/74954871.cms", "urlToImage": "https://static.toiimg.com/thumb/msid-74954926,width-1070,height-580,imgsize-66272,resizemode-75,overlay-toi_sw,pt-32,y_pad-40/photo.jpg", "publishedAt": "2020-04-02T16:09:11Z", "content": "Subscribe\r\nStart Your Daily Mornings with Times of India Newspaper!Order Now"}, {"source": {"id": "the-times-of-india", "name": "The Times of India"}, "author": "Times Of India", "title": "Covid-19 lockdown: MHA asks states to make people aware of penal provisions", "description": "The home secretary on Thursday requested states to widely circulate information on penal provisions in the Disaster Management Act as well as the Indian Penal Code for violation of lockdown guidelines and asked law enforcement agencies to take suitable action\u2026", "url": "https://timesofindia.indiatimes.com/india/covid-19-lockdown-mha-asks-states-to-make-people-aware-of-penal-provisions/articleshow/74958138.cms", "urlToImage": "https://static.toiimg.com/thumb/msid-74958145,width-1070,height-580,imgsize-351104,resizemode-75,overlay-toi_sw,pt-32,y_pad-40/photo.jpg", "publishedAt": "2020-04-02T22:19:21Z", "content": "Subscribe\r\nStart Your Daily Mornings with Times of India Newspaper!Order Now"}, {"source": {"id": "the-times-of-india", "name": "The Times of India"}, "author": "Times Of India", "title": "Covid-19: 141 fresh cases in Delhi, 129 of them Tablighi members", "description": "In a huge upsurge in Covid-19 cases, Delhi recorded 141 new ones on Thursday, among them a senior resident at AIIMS and his pregnant wife. The Tablighi Jamaat evacuees accounted for 129 of the fresh cases. The state\u2019s total count of Covid-19 cases has now cli\u2026", "url": "https://timesofindia.indiatimes.com/india/covid-19-141-fresh-cases-in-delhi-129-of-them-tablighi-members/articleshow/74957999.cms", "urlToImage": "https://static.toiimg.com/thumb/msid-74958007,width-1070,height-580,imgsize-575371,resizemode-75,overlay-toi_sw,pt-32,y_pad-40/photo.jpg", "publishedAt": "2020-04-02T20:37:26Z", "content": "Subscribe\r\nStart Your Daily Mornings with Times of India Newspaper!Order Now"}, {"source": {"id": "the-times-of-india", "name": "The Times of India"}, "author": "Times Of India", "title": "Covid-19: Testing, tracing, isolation and quarantine should be in focus in next few weeks: PM tells CMs", "description": "India News: NEW DELHI: Prime Minister Narendra Modi on Thursday told chief ministers that to check the spread of the novel coronavirus, testing, tracing, isolatio.", "url": "https://timesofindia.indiatimes.com/india/covid-19-testing-tracing-isolation-and-quarantine-should-be-in-focus-in-next-few-weeks-pm-tells-cms/articleshow/74947258.cms", "urlToImage": "https://static.toiimg.com/thumb/msid-47529300,width-1070,height-580,imgsize-110164,resizemode-75,overlay-toi_sw,pt-32,y_pad-40/photo.jpg", "publishedAt": "2020-04-02T09:52:27Z", "content": "Subscribe\r\nStart Your Daily Mornings with Times of India Newspaper!Order Now"}, {"source": {"id": "the-times-of-india", "name": "The Times of India"}, "author": "Times Of India", "title": "Covid-19 in India: Nearly 65% of 544 new all-India cases linked to Tablighi Jamaat\u2019s event in city", "description": "At least 295 delegates from across India who had attended the Tablighi Jamaat event in Delhi\u2019s Nizamuddin last month tested positive for the coronavirus, accounting for more than 60% of the 485 confirmed cases across India till around 11.45pm on Thursday. Ind\u2026", "url": "https://timesofindia.indiatimes.com/india/covid-19-in-india-nearly-65-of-544-new-all-india-cases-linked-to-tablighi-jamaats-event-in-city/articleshow/74958094.cms", "urlToImage": "https://static.toiimg.com/thumb/msid-74958101,width-1070,height-580,imgsize-550785,resizemode-75,overlay-toi_sw,pt-32,y_pad-40/photo.jpg", "publishedAt": "2020-04-02T21:25:47Z", "content": "Subscribe\r\nStart Your Daily Mornings with Times of India Newspaper!Order Now"}, {"source": {"id": "the-times-of-india", "name": "The Times of India"}, "author": "Times Of India", "title": "COVID-19: Testing, tracing, isolation and quarantine should be in focus in next few weeks: PM tells CMs", "description": "India News: NEW DELHI: Prime Minister Narendra Modi on Thursday told chief ministers that to check the spread of the novel coronavirus, testing, tracing, isolatio.", "url": "https://timesofindia.indiatimes.com/india/covid-19-testing-tracing-isolation-and-quarantine-should-be-in-focus-in-next-few-weeks-pm-tells-cms/articleshow/74947906.cms", "urlToImage": "https://static.toiimg.com/thumb/msid-47529300,width-1070,height-580,imgsize-110164,resizemode-75,overlay-toi_sw,pt-32,y_pad-40/photo.jpg", "publishedAt": "2020-04-02T10:14:24Z", "content": "Subscribe\r\nStart Your Daily Mornings with Times of India Newspaper!Order Now"}, {"source": {"id": "the-times-of-india", "name": "The Times of India"}, "author": "Rachel Chitra", "title": "'Arogya Sanjeevani' insurance policy to cover Covid-19", "description": "Customers have the option of taking coverage of up to Rs 5 lakh \u2014 in which case the rough cost is about Rs 5,000 (there are a few insurance companies pricing it a few hundred rupees above this).", "url": "https://economictimes.indiatimes.com/wealth/insure/health-insurance/arogya-sanjeevani-insurance-policy-to-cover-covid-19/articleshow/74942883.cms", "urlToImage": "https://img.etimg.com/thumb/msid-74941504,width-1070,height-580,imgsize-10946,overlay-etwealth/photo.jpg", "publishedAt": "2020-04-02T05:23:26Z", "content": "The standard health insurance policy \u201cArogya Sanjeevani\u201d for all 29 general/health insurance companies will now cover hospitalisation under Covid-19, said Irdai.\r\nIn a press release on Wednesday, Irdai said it has approved the Sanjeevani product for all 29 ge\u2026 [+916 chars]"}, {"source": {"id": "the-times-of-india", "name": "The Times of India"}, "author": "Times Of India", "title": "Andaman & Nicobar Islands administration on toes to protect UT from positive Covid-19 contact persons, home to aborigines are out of bounds", "description": "India News: NEW DELHI: Tribal habitats in Andaman & Nicobar Islands, homes to aborigines (Onges, Jarawas, Sentineleses and Shompens among others) who have rar.", "url": "https://timesofindia.indiatimes.com/india/andaman-nicobar-islands-administration-on-toes-to-protect-ut-from-positive-covid-19-contact-persons-home-to-aborigines-are-out-of-bounds/articleshow/74943551.cms", "urlToImage": "https://static.toiimg.com/thumb/msid-47529300,width-1070,height-580,imgsize-110164,resizemode-75,overlay-toi_sw,pt-32,y_pad-40/photo.jpg", "publishedAt": "2020-04-02T05:46:50Z", "content": "Subscribe\r\nStart Your Daily Mornings with Times of India Newspaper!Order Now"}, {"source": {"id": "the-times-of-india", "name": "The Times of India"}, "author": "TIMESOFINDIA.COM", "title": "Adam Schlesinger passes away of COVID-19", "description": "Songwriter Adam Schlesinger, best known for co-founding Fountains of Wayne, has died after being diagnosed with Coronavirus. Adam, who was 52, was hospitalized recently and he is was in critical condition.", "url": "https://timesofindia.indiatimes.com/entertainment/english/hollywood/news/singer-adam-schlesinger-dies-of-coronavirus-at-52-tom-hanks-writes-terribly-sad-today/articleshow/74941327.cms", "urlToImage": "https://static.toiimg.com/thumb/msid-74941335,width-1070,height-580,overlay-toi_sw,pt-32,y_pad-40,resizemode-75,imgsize-200516/74941335.jpg", "publishedAt": "2020-04-02T02:49:53Z", "content": "Songwriter Adam Schlesinger, best known for co-founding Fountains of Wayne, has died after being diagnosed with Coronavirus. Adam, who was 52, was hospitalized recently and he is was in critical condition.\r\nActor Tom Hanks, who was also recently tested positi\u2026 [+1787 chars]"}, {"source": {"id": "the-times-of-india", "name": "The Times of India"}, "author": null, "title": "Nafisa Ali's niece recovers from Covid-19", "description": "With lockdown in the country, Bollywood celebrities have retreated to their residences observing self-isolation. Veteran actress Nafisa Ali is in Goa and she has narrated the tough times she is facing amidst this lockdown. Speaking to a news portal, Nafisa Al\u2026", "url": "https://timesofindia.indiatimes.com/entertainment/hindi/bollywood/news/nafisa-ali-reveals-her-niece-tested-positive-for-covid-19-in-bangalore-and-has-recovered/articleshow/74944028.cms", "urlToImage": null, "publishedAt": "2020-04-02T06:16:36Z", "content": null}, {"source": {"id": "the-times-of-india", "name": "The Times of India"}, "author": "TIMESOFINDIA.COM", "title": "Olivia Nikkanen tests positive for COVID-19", "description": "Actor Olivia Nikkanen, best known for her roles on shows in movies and web series, stated that she has tested positive for the novel COVID-19.", "url": "https://timesofindia.indiatimes.com/entertainment/english/hollywood/news/olivia-nikkanen-tests-positive-for-covid-19/articleshow/74941441.cms", "urlToImage": "https://static.toiimg.com/thumb/msid-74941461,width-1070,height-580,overlay-toi_sw,pt-32,y_pad-40,resizemode-75,imgsize-440824/74941461.jpg", "publishedAt": "2020-04-02T03:02:52Z", "content": "Actor Olivia Nikkanen, best known for her roles on shows in movies and web series, stated that she has tested positive for the novel COVID-19. \r\nThe star took to her Instagram handle and shared a health update on Tuesday. She was live on Instagram with her co\u2026 [+1451 chars]"}, {"source": {"id": "the-times-of-india", "name": "The Times of India"}, "author": "PTI", "title": "COVID-19: Axis Bank offers EMI deferment on loans for 3 months", "description": "Private sector lender Axis Bank has offered its customers to opt for the loan moratorium if they face problem is keeping their EMIs running, in line with actions of its peers.", "url": "https://economictimes.indiatimes.com/industry/banking/finance/banking/covid-19-axis-bank-offers-emi-deferment-on-loans-for-3-months/articleshow/74944143.cms", "urlToImage": "https://img.etimg.com/thumb/msid-74943265,width-1070,height-580,imgsize-849647,overlay-etwealth/photo.jpg", "publishedAt": "2020-04-02T05:47:34Z", "content": "NEW DELHI: Private sector lender Axis Bank has offered its customers to opt for the loan moratorium if they face problem is keeping their EMIs running, in line with actions of its peers.\r\n\"In the wake of the Reserve Bank of India's guidelines on the COVID-19 \u2026 [+1685 chars]"}, {"source": {"id": "the-times-of-india", "name": "The Times of India"}, "author": "Bloomberg", "title": "V, L or \u2018Nike Swoosh\u2019? What the world after Covid will look like", "description": "The world is set for what could be the deepest recession since World War II.", "url": "https://economictimes.indiatimes.com/news/economy/indicators/v-l-or-nike-swoosh-what-the-world-after-covid-will-look-like/articleshow/74942852.cms", "urlToImage": "https://img.etimg.com/thumb/msid-74942895,width-1070,height-580,imgsize-,overlay-economictimes/photo.jpg", "publishedAt": "2020-04-02T05:25:09Z", "content": "By Michelle Jamrisko and Simon KennedyEconomists are serving up a menu of alphabet soup in trying to forecast the world economy\u2019s recovery from what is set to be the deepest recession since at least 2009 and perhaps since World War II.\r\nA V-shape in which the\u2026 [+5374 chars]"}, {"source": {"id": "the-times-of-india", "name": "The Times of India"}, "author": "TIMESOFINDIA.COM", "title": "RGV jokes about testing positive for COVID-19", "description": "Amid the ongoing lockdown due to the Coronavirus outbreak, filmmaker Ram Gopal Varma tweeted that he tested positive for the deadly virus. His tweet caused panic and tension among his followers on social media.", "url": "https://timesofindia.indiatimes.com/entertainment/hindi/bollywood/news/ram-gopal-varma-jokes-about-testing-positive-for-coronavirus-and-gets-trolled-by-netizens/articleshow/74941963.cms", "urlToImage": "https://static.toiimg.com/thumb/msid-74941982,width-1070,height-580,overlay-toi_sw,pt-32,y_pad-40,resizemode-75,imgsize-236634/74941982.jpg", "publishedAt": "2020-04-02T03:42:22Z", "content": null}, {"source": {"id": "the-times-of-india", "name": "The Times of India"}, "author": "TIMESOFINDIA.COM", "title": "SRK lauds the Govt's efforts on COVID-19", "description": "Shah Rukh Khan's companies and other initiatives announced to support the efforts of Prime Minister, Shri Narendra Modi Ji and the Government in its COVID-19 fight.", "url": "https://timesofindia.indiatimes.com/entertainment/hindi/bollywood/news/shah-rukh-khan-lauds-the-governments-efforts-to-curb-the-spread-of-covid-19/articleshow/74958446.cms", "urlToImage": "https://static.toiimg.com/thumb/msid-74958454,width-1070,height-580,overlay-toi_sw,pt-32,y_pad-40,resizemode-75,imgsize-81942/74958454.jpg", "publishedAt": "2020-04-02T15:37:00Z", "content": "Shah Rukh Khan's companies and other initiatives announced to support the efforts of Prime Minister, Shri Narendra Modi Ji and the Government in its COVID-19 fight.\r\nTalking about the same, SRK said, \"Given the enormity of the task, my team and I discussed wa\u2026 [+2961 chars]"}, {"source": {"id": "the-times-of-india", "name": "The Times of India"}, "author": "Times Of India", "title": "'Arogya Sanjeevani' insurance policy to cover Covid-19", "description": "India Business News: The standard health insurance policy \u201cArogya Sanjeevani\u201d for all 29 general/health insurance companies will now cover hospitalisation under Covid-19,", "url": "https://timesofindia.indiatimes.com/business/india-business/arogya-sanjeevani-to-cover-covid-19/articleshow/74940404.cms", "urlToImage": "https://static.toiimg.com/thumb/msid-74941504,width-1070,height-580,imgsize-10946,resizemode-75,overlay-toi_sw,pt-32,y_pad-40/photo.jpg", "publishedAt": "2020-04-02T00:19:04Z", "content": "Subscribe\r\nStart Your Daily Mornings with Times of India Newspaper!Order Now"}, {"source": {"id": "the-times-of-india", "name": "The Times of India"}, "author": "PTI", "title": "PIB's COVID-19 Fact Check Unit becomes operational", "description": "The unit is headed by the bureau's director general, Nitin Wakankar, a statement issued by the PIB said.", "url": "https://economictimes.indiatimes.com/news/politics-and-nation/pibs-covid-19-fact-check-unit-becomes-operational/articleshow/74948166.cms", "urlToImage": "https://img.etimg.com/thumb/msid-74948175,width-1070,height-580,imgsize-194564,overlay-economictimes/photo.jpg", "publishedAt": "2020-04-02T10:37:00Z", "content": "NEW DELHI: The Press Information Bureau's COVID-19 Fact Check Unit (FCU) became operational on Thursday.\r\nThe unit is headed by the bureau's director general, Nitin Wakankar, a statement issued by the PIB said.\r\nThe PIB on Wednesday had set up a portal to che\u2026 [+234 chars]"}, {"source": {"id": "the-times-of-india", "name": "The Times of India"}, "author": "Nidhi Sharma", "title": "Covid-19 outbreak: Private hospitals urge centre to clear dues", "description": "In the middle of the Covid-19 outbreak, private hospitals have sent an SOS to the Centre asking for their dues to be cleared immediately so that they can use the funds to ramp up their facilities.", "url": "https://economictimes.indiatimes.com/news/politics-and-nation/private-hospitals-urge-centre-to-clear-dues/articleshow/74937553.cms", "urlToImage": "https://img.etimg.com/thumb/msid-74941520,width-1070,height-580,imgsize-182349,overlay-economictimes/photo.jpg", "publishedAt": "2020-04-02T03:26:45Z", "content": "New Delhi: In the middle of the Covid-19 outbreak, private hospitals have sent an SOS to the Centre asking for their dues to be cleared immediately so that they can use the funds to ramp up their facilities.\r\nWith business taking a huge hit during the 21-day \u2026 [+828 chars]"}, {"source": {"id": "the-times-of-india", "name": "The Times of India"}, "author": "Times Of India", "title": "Covid-19: 44 Texas University students test positive after spring break trip", "description": "US News: HOUSTON: Forty four students of the University of Texas in the US have tested positive for COVID-19 after they returned from a spring break trip to Me.", "url": "https://timesofindia.indiatimes.com/world/us/covid-19-44-texas-university-students-test-positive-after-spring-break-trip/articleshow/74949010.cms", "urlToImage": "https://static.toiimg.com/thumb/msid-74949044,width-1070,height-580,imgsize-1276551,resizemode-75,overlay-toi_sw,pt-32,y_pad-40/photo.jpg", "publishedAt": "2020-04-02T10:59:32Z", "content": "Subscribe\r\nStart Your Daily Mornings with Times of India Newspaper!Order Now"}, {"source": {"id": "the-times-of-india", "name": "The Times of India"}, "author": "Times Of India", "title": "'20% APAC non-fin cos in high risk due to Covid-19'", "description": "Only 20 per cent of the non-financial companies in the Asia Pacific (APAC) region face high exposure to coronavirus disruptions and the resultant credit risks, Moody's Investors Service said on Thursday.", "url": "https://timesofindia.indiatimes.com/business/india-business/20-apac-non-financial-companies-in-high-risk-due-to-covid-19-moodys/articleshow/74946607.cms", "urlToImage": "https://static.toiimg.com/thumb/msid-74946589,width-1070,height-580,imgsize-70922,resizemode-75,overlay-toi_sw,pt-32,y_pad-40/photo.jpg", "publishedAt": "2020-04-02T08:49:03Z", "content": "Subscribe\r\nStart Your Daily Mornings with Times of India Newspaper!Order Now"}, {"source": {"id": "the-times-of-india", "name": "The Times of India"}, "author": "PTI", "title": "Bihar official calls for roping in quacks in fight against COVID-19 ; suspended", "description": "The notification also rebuked the official for acting \"without seeking permission or bothering to inform\" his higher ups about the move and pointed towards the \"criticism\" the department faced when the bizarre circular went viral on the social media.", "url": "https://economictimes.indiatimes.com/news/politics-and-nation/bihar-official-calls-for-roping-in-quacks-in-fight-against-covid-19-suspended/articleshow/74948538.cms", "urlToImage": "https://img.etimg.com/thumb/msid-74948751,width-1070,height-580,imgsize-55665,overlay-economictimes/photo.jpg", "publishedAt": "2020-04-02T10:55:48Z", "content": "PATNA: An overzealous medical officer in Bihar ended up being suspended for floating the idea that the fight against coronavirus pandemic be ramped up by roping in quacks.\r\nThe Bihar health department in its suspension order Wednesday, rapped Ashesh Kumar, th\u2026 [+1172 chars]"}, {"source": {"id": "the-times-of-india", "name": "The Times of India"}, "author": "ET Bureau", "title": "Tackling Covid-19: Helicopter money & bold reforms", "description": "A bold set of measures is needed from the Narendra Modi government to tame the coronavirus outbreak  in India", "url": "https://economictimes.indiatimes.com/news/politics-and-nation/tackling-covid-19-helicopter-money-bold-reforms/articleshow/74940984.cms", "urlToImage": "https://img.etimg.com/thumb/msid-74940978,width-1070,height-580,imgsize-1078933,overlay-economictimes/photo.jpg", "publishedAt": "2020-04-02T02:34:58Z", "content": "Browse Companies\r\nABCDEFGHIJKLMNOPQRSTUVWXYZ|123456789\r\nCopyright \u00a9 2020 Bennett, Coleman &amp; Co. Ltd. All rights reserved. For reprint rights: Times Syndication Service"}, {"source": {"id": "the-times-of-india", "name": "The Times of India"}, "author": "PTI", "title": "COVID-19: Testing, tracing, isolation and quarantine should be in focus in next few weeks, PM tells CMs", "description": "Interacting with them through video conference, Prime Minister Narendra Modi said it is necessary to ensure availability of separate and dedicated hospital facilities for COVID-19 patients.", "url": "https://economictimes.indiatimes.com/news/politics-and-nation/covid-19-testing-tracing-isolation-and-quarantine-should-be-in-focus-in-next-few-weeks-pm-tells-cms/articleshow/74947513.cms", "urlToImage": "https://img.etimg.com/thumb/msid-74947494,width-1070,height-580,imgsize-744080,overlay-economictimes/photo.jpg", "publishedAt": "2020-04-02T10:00:29Z", "content": "NEW DELHI: Prime Minister Narendra Modi on Thursday told chief ministers that to check the spread of the novel coronavirus, testing, tracing, isolation and quarantine should remain the focus in the next few weeks.\r\nInteracting with them through video conferen\u2026 [+313 chars]"}, {"source": {"id": "the-times-of-india", "name": "The Times of India"}, "author": "Times Of India", "title": "Maharashtra to conduct rapid COVID-19 tests", "description": "state-run facilities.Modiji asked us to not only take care of.", "url": "https://timesofindia.indiatimes.com/city/mumbai/maharashtra-to-conduct-rapid-covid-19-tests-for-early-detection/articleshow/74948459.cms", "urlToImage": "https://static.toiimg.com/thumb/msid-74948491,width-1070,height-580,imgsize-,resizemode-75,overlay-toi_sw,pt-32,y_pad-40/photo.jpg", "publishedAt": "2020-04-02T10:31:32Z", "content": "Subscribe\r\nStart Your Daily Mornings with Times of India Newspaper!Order Now"}, {"source": {"id": "the-times-of-india", "name": "The Times of India"}, "author": "DIVYA RAJAGOPAL", "title": "Covid-19: Indian pharma companies want government to airlift APIs from China", "description": "IPCA Labs, Zydus Takeda, Mangalam Drugs & Organics and Wallace Pharma are among the manufacturers of this drug that are staring at fluctuating freight rates, a jump in prices of bulk drugs from Chinese suppliers and an erratic supply chain with cancelled or r\u2026", "url": "https://economictimes.indiatimes.com/industry/healthcare/biotech/pharmaceuticals/drug-cos-want-govt-to-airlift-apis-from-china/articleshow/74956938.cms", "urlToImage": "https://img.etimg.com/thumb/msid-74958742,width-1070,height-580,imgsize-542528,overlay-economictimes/photo.jpg", "publishedAt": "2020-04-02T23:15:02Z", "content": "Mumbai: Indian pharma companies have asked the government to airlift from China key active pharmaceutical ingredients (API) required to make hydroxychloroquine \u2014 one of the drugs recommended to treat severe Covid-19 patients and frontline healthcare workers.\r\u2026 [+2014 chars]"}, {"source": {"id": "the-times-of-india", "name": "The Times of India"}, "author": "ET Online", "title": "Covid crisis could further delay the completion of your dream home, finds study", "description": "Even as the realty sector was already grappling with issues like poor demand and liquidity crisis resulting in delays in project completion, the coronavirus pandemic has made sure that the recovery in the sector isn't around the corner.", "url": "https://economictimes.indiatimes.com/industry/services/property-/-cstruction/covid-crisis-could-further-delay-the-completion-of-your-dream-home-finds-study/articleshow/74947836.cms", "urlToImage": "https://img.etimg.com/thumb/msid-74947849,width-1070,height-580,imgsize-227444,overlay-economictimes/photo.jpg", "publishedAt": "2020-04-02T10:24:31Z", "content": "The ongoing coronavirus crisis has already started showing its impact on the economy with the manufacturing PMI coming in at a four-month low for March. The economic growth which was already in the throes of a slowdown, is likely to shrink further in the four\u2026 [+2076 chars]"}, {"source": {"id": "the-times-of-india", "name": "The Times of India"}, "author": "Kailash Babar", "title": "COVID-19 Impact: MahaRERA extends projects\u2019 completion deadlines by 3 months", "description": "Realty developers will get three months extension to complete their projects. Developers have been seeking project completion time and exemption from penal charges to be extended by a year.", "url": "https://economictimes.indiatimes.com/industry/services/property-/-cstruction/covid-19-impact-maharera-extends-projects-completion-deadlines-by-3-months/articleshow/74951837.cms", "urlToImage": "https://img.etimg.com/thumb/msid-74951785,width-1070,height-580,imgsize-427404,overlay-economictimes/photo.jpg", "publishedAt": "2020-04-02T13:35:53Z", "content": "MUMBAI: The Maharashtra Real Estate Regulatory Authority (MahaRERA) has extended validity of registration of projects for which completion date, revised completion date and extended completion date expires on or after March 15, 2020 by three months.\r\nWith thi\u2026 [+1370 chars]"}, {"source": {"id": "the-times-of-india", "name": "The Times of India"}, "author": "Shailesh Menon and Teena Thacker", "title": "Can 'Ars Alb-30' protect you from Covid-19? AYUSH Ministry thinks so", "description": "Panic-stricken citizens are flocking to homoeopathy doctors for consultation, and also to get prescriptions for arcenium album. Manufacturers of this compound \u2013 derived from the metallic element arsenic \u2013 have been dealing with \u201cthree-times bigger orders\u201d sin\u2026", "url": "https://economictimes.indiatimes.com/industry/healthcare/biotech/pharmaceuticals/can-ars-alb-30-protect-you-from-covid-19-ayush-ministry-thinks-so/articleshow/74945805.cms", "urlToImage": "https://img.etimg.com/thumb/msid-74945944,width-1070,height-580,imgsize-123280,overlay-economictimes/photo.jpg", "publishedAt": "2020-04-02T08:32:54Z", "content": "Vials of Arcenicum Album-30 \u2013 a compound known to treat a range of symptoms such as insomnia, digestive disorders, allergies, anxiety and even depression \u2013 are flying off the shelves of homoeopaths after the AYUSH Ministry declared it a \u201cpreventive\u201d against C\u2026 [+5067 chars]"}, {"source": {"id": "the-times-of-india", "name": "The Times of India"}, "author": "Sruthijith KK", "title": "Nations without BCG vaccination saw higher cases of Covid-19: Study", "description": "BCG, or Bacillus Calmette-Gu\u00e9rin, is a vaccine for tuberculosis and is administered at birth in countries that have historically suffered from the disease, such as India. Many rich nations, such as the US, Italy and Holland, have never had a universal BCG vac\u2026", "url": "https://economictimes.indiatimes.com/industry/healthcare/biotech/healthcare/nations-without-bcg-vaccination-saw-higher-cases/articleshow/74956201.cms", "urlToImage": "https://img.etimg.com/thumb/msid-74958608,width-1070,height-580,imgsize-431829,overlay-economictimes/photo.jpg", "publishedAt": "2020-04-02T22:33:31Z", "content": "New Delhi: Countries that do not have a BCG vaccination policy saw ten times greater incidence of and mortality from Covid-19, compared with those who do, a forthcoming study from medical researchers in the US and UK, which analysed data from 178 countries, h\u2026 [+5697 chars]"}, {"source": {"id": "the-times-of-india", "name": "The Times of India"}, "author": "Kailash Babar", "title": "Covid-19 impact: Residential realty sector stares at major liquidity crunch", "description": "The segment, except for affordable housing, was already under pressure, generating negative cash flows from operations that resulted in higher leverage and increased refinancing risks for the builders.", "url": "https://economictimes.indiatimes.com/industry/services/property-/-cstruction/residential-realty-sector-stares-at-major-liquidity-crunch/articleshow/74956945.cms", "urlToImage": "https://img.etimg.com/thumb/msid-74958890,width-1070,height-580,imgsize-755264,overlay-economictimes/photo.jpg", "publishedAt": "2020-04-02T23:15:19Z", "content": "Mumbai: Sluggish sales over the next few months due to the Covid-19 pandemic are expected to pose major liquidity and financing challenges for thousands of builders focused on the residential real estate sector across the country. \r\nThe segment, except for af\u2026 [+1580 chars]"}, {"source": {"id": "the-times-of-india", "name": "The Times of India"}, "author": "Nehal Chaliawala", "title": "Covid-19, BS-VI transition take toll on automobile wholesale in March", "description": "The country\u2019s largest two-wheeler maker Hero MotoCorp reported a 42% drop in sales during the month to 334,647 units of motorcycles and scooters. The company was already under pressure due to excess BS-IV inventory in the system, which it had to sell before 3\u2026", "url": "https://economictimes.indiatimes.com/industry/auto/auto-news/covid-19-bs-vi-transition-take-toll-on-automobile-wholesale-in-march/articleshow/74948368.cms", "urlToImage": "https://img.etimg.com/thumb/msid-74948376,width-1070,height-580,imgsize-793676,overlay-economictimes/photo.jpg", "publishedAt": "2020-04-02T10:47:38Z", "content": "Mumbai: March was a washout month for the Indian automobile industry. Sales crashed across categories due to weak consumer sentiment and lower production on account of the transition from BSIV to BSVI emission standards and the nationwide lockdown to counter \u2026 [+2336 chars]"}, {"source": {"id": "the-times-of-india", "name": "The Times of India"}, "author": "PTI", "title": "COVID-19: Axis Bank offers EMI deferment on loans for 3 months", "description": "Private sector lender Axis Bank has offered its customers to opt for the loan moratorium if they face problem is keeping their EMIs running, in line with actions of its peers.", "url": "https://economictimes.indiatimes.com/industry/banking/finance/banking/covid-19-axis-bank-offers-emi-deferment-on-loans-for-3-months/articleshow/74943278.cms", "urlToImage": "https://img.etimg.com/thumb/msid-74943265,width-1070,height-580,imgsize-849647,overlay-economictimes/photo.jpg", "publishedAt": "2020-04-02T05:47:34Z", "content": "NEW DELHI: Private sector lender Axis Bank has offered its customers to opt for the loan moratorium if they face problem is keeping their EMIs running, in line with actions of its peers.\r\n\"In the wake of the Reserve Bank of India's guidelines on the COVID-19 \u2026 [+1685 chars]"}, {"source": {"id": "the-times-of-india", "name": "The Times of India"}, "author": null, "title": "COVID-19: Gautam Gambhir vows to contribute 2 years' salary", "description": "Cricketer-turned-politician Gautam Gambhir on Thursday said he has decided to contribute his two years' salary as an MP to the Prime Minister-CARES fund to tackle the COVID-19 pandemic sweeping through the country. The BJP's Lok Sabha member from East Delhi m\u2026", "url": "https://timesofindia.indiatimes.com/sports/cricket/news/covid-19-gautam-gambhir-vows-to-contribute-2-years-salary-to-pm-cares-fund/articleshow/74943755.cms", "urlToImage": null, "publishedAt": "2020-04-02T06:11:41Z", "content": null}, {"source": {"id": "the-times-of-india", "name": "The Times of India"}, "author": null, "title": "COVID-19: Olympic sports fret over lost Games income", "description": "The postponement of the Tokyo Olympics and the shutdown of the sporting calendar because of the coronavirus pandemic are going to hit international sports federations hard financially.", "url": "https://timesofindia.indiatimes.com/sports/tokyo-olympics/covid-19-olympic-sports-fret-over-lost-games-income/articleshow/74942044.cms", "urlToImage": "https://static.toiimg.com/thumb/msid-74942051,width-1070,height-580,imgsize-1643161,resizemode-75,overlay-toi_sw,pt-32,y_pad-40/photo.jpg", "publishedAt": "2020-04-02T03:56:38Z", "content": "LAUSANNE: The postponement of the Tokyo Olympics and the shutdown of the sporting calendar because of the coronavirus pandemic are going to hit international sports federations hard financially.\r\nMany sports that are part of the Games depend heavily on the pa\u2026 [+4490 chars]"}, {"source": {"id": "the-times-of-india", "name": "The Times of India"}, "author": null, "title": "Gopichand urges India to unite in fight against COVID-19", "description": "Off the field News: Badminton icon and chief national coach Pullela Gopichand has urged his fellow Indians to unite in the country's fight against the coronavirus pandemi", "url": "https://timesofindia.indiatimes.com/sports/off-the-field/take-the-challenge-pullela-gopichand-urges-india-to-unite-in-fight-against-covid-19/articleshow/74945322.cms", "urlToImage": "https://static.toiimg.com/thumb/msid-74945396,width-1070,height-580,imgsize-1719708,resizemode-75,overlay-toi_sw,pt-32,y_pad-40/photo.jpg", "publishedAt": "2020-04-02T07:41:01Z", "content": null}, {"source": {"id": "the-times-of-india", "name": "The Times of India"}, "author": "Times Of India", "title": "9 fresh Covid-19 cases take K'taka total to 110", "description": "Nine fresh coronavirus cases were reported on Wednesday, taking the total number of cases in Karnataka to 110", "url": "https://timesofindia.indiatimes.com/city/bengaluru/9-fresh-coronavirus-cases-take-karnataka-total-to-110-2-in-icu/articleshow/74940431.cms", "urlToImage": "https://static.toiimg.com/thumb/msid-74940445,width-1070,height-580,imgsize-376761,resizemode-75,overlay-toi_sw,pt-32,y_pad-40/photo.jpg", "publishedAt": "2020-04-02T00:32:33Z", "content": "Subscribe\r\nStart Your Daily Mornings with Times of India Newspaper!Order Now"}, {"source": {"id": "the-times-of-india", "name": "The Times of India"}, "author": "Times Of India", "title": "Covid-19: 11 linked to Tablighi meet test +ve", "description": "Eleven people from Bidar who were found to have links with Tablighi Jamaat, the largest known Covid-19 hotspot in India, tested positive for the infection.", "url": "https://timesofindia.indiatimes.com/city/hubballi/karnataka-11-people-linked-to-tablighi-meet-test-positive-for-covid-19-in-bidar/articleshow/74943189.cms", "urlToImage": "https://static.toiimg.com/thumb/msid-74943193,width-1070,height-580,imgsize-121126,resizemode-75,overlay-toi_sw,pt-32,y_pad-40/photo.jpg", "publishedAt": "2020-04-02T05:30:07Z", "content": "Subscribe\r\nStart Your Daily Mornings with Times of India Newspaper!Order Now"}, {"source": {"id": "the-times-of-india", "name": "The Times of India"}, "author": null, "title": "Man offers to serve at Italy\u2019s Covid-19 epicentre", "description": "While many fled the Covid-19 carnage in Italy, a Karnataka man stayed back and volunteered for a ward dealing exclusively with coronavirus cases. He has seen over 200 patients succumb to the virus and had the heartwrenching task of calling relatives to tell t\u2026", "url": "https://timesofindia.indiatimes.com/city/bengaluru/karnataka-man-volunteers-to-serve-at-italys-covid-19-epicentre/articleshow/74940969.cms", "urlToImage": null, "publishedAt": "2020-04-02T02:13:30Z", "content": null}, {"source": {"id": "the-times-of-india", "name": "The Times of India"}, "author": "Times Of India", "title": "Asha worker on Covid-19 duty heckled, attacked", "description": "A 45-year-old Asha worker has alleged she was heckled and manhandled by a group of over 50 people while she was conducting a Covid-19 related health survey at Sadiq Nagar, near RK Hegde Nagar, northeast Bengaluru, on Wednesday evening.", "url": "https://timesofindia.indiatimes.com/city/bengaluru/asha-worker-on-covid-19-duty-heckled-attacked-5-arrested/articleshow/74956822.cms", "urlToImage": "https://static.toiimg.com/thumb/msid-74958410,width-1070,height-580,imgsize-189231,resizemode-75,overlay-toi_sw,pt-32,y_pad-40/photo.jpg", "publishedAt": "2020-04-02T22:40:00Z", "content": "Subscribe\r\nStart Your Daily Mornings with Times of India Newspaper!Order Now"}, {"source": {"id": "the-times-of-india", "name": "The Times of India"}, "author": "Times Of India", "title": "Mumbai records 56% of Covid-19 cases in Maha", "description": "The state reported two new Covid-19 deaths in Mumbai and one in Pune on Thursday, taking Maharashtra\u2019s toll to 22. Also, with 88 new patients, Maharashtra breached the 400 mark to record 423 cases, galloping ahead of most other states. The one good news was t\u2026", "url": "https://timesofindia.indiatimes.com/city/mumbai/city-records-56-of-cases-in-state-more-med-staff-hit/articleshow/74957407.cms", "urlToImage": "https://static.toiimg.com/thumb/msid-74958312,width-1070,height-580,imgsize-215494,resizemode-75,overlay-toi_sw,pt-32,y_pad-40/photo.jpg", "publishedAt": "2020-04-02T22:31:00Z", "content": "Subscribe\r\nStart Your Daily Mornings with Times of India Newspaper!Order Now"}, {"source": {"id": "the-times-of-india", "name": "The Times of India"}, "author": "Vishwa Mohan", "title": "Covid-19: UN body postpones its flagship climate meet COP26 devastation", "description": "The COVID-19 spread has forced the UN body to postpone its flagship annual climate change conference which was scheduled to be held at Glasgow in United Kingdom (UK) in November. This crucial meet will now be held in 2021 -- the first year of the operationali\u2026", "url": "https://timesofindia.indiatimes.com/home/environment/global-warming/coronavirus-forces-un-body-to-postpone-its-flagship-climate-meet-cop26-host-uk-and-partner-italy-face-massive-devastation/articleshow/74948598.cms", "urlToImage": "https://static.toiimg.com/thumb/msid-74948980,width-1070,height-580,imgsize-138074,resizemode-75,overlay-toi_sw,pt-32,y_pad-40/photo.jpg", "publishedAt": "2020-04-02T10:42:51Z", "content": "INEW DELHI: The COVID-19 spread has forced the UN body to postpone its flagship annual climate change conference which was scheduled to be held at Glasgow in United Kingdom (UK) in November. This crucial meet will now be held in 2021 -- the first year of the \u2026 [+5103 chars]"}, {"source": {"id": "the-times-of-india", "name": "The Times of India"}, "author": "Satish Nandgaonkar", "title": "Wadala housing complex under complete lockdown as foreign returnee resident found COVID-19 positive", "description": "One of the largest co-operative housing societies in Mumbai, Dosti Acres in Wadala on Wednesday went into a complete lockdown as a \u201ccontainment zone\u201d after a resident, who was under self-quarantine since his return from foreign travel, tested positive in a fo\u2026", "url": "https://economictimes.indiatimes.com/news/politics-and-nation/wadala-housing-complex-under-complete-lockdown-as-foreign-returnee-resident-found-covid-19-positive/articleshow/74943822.cms", "urlToImage": "https://img.etimg.com/thumb/msid-74943861,width-1070,height-580,imgsize-224267,overlay-economictimes/photo.jpg", "publishedAt": "2020-04-02T06:30:11Z", "content": "One of the largest co-operative housing societies in Mumbai, Dosti Acres in Wadala on Wednesday went into a complete lockdown as a \u201ccontainment zone\u201d after a resident, who was under self-quarantine since his return from foreign travel, tested positive in a fo\u2026 [+3738 chars]"}, {"source": {"id": "the-times-of-india", "name": "The Times of India"}, "author": "Sreeradha D Basu", "title": "IIT Roorkee develops low-cost portable ventilator to tackle COVID-19", "description": "The research development on the ventilator started during the lockdown period necessitating the development of many parts like microprocessor-controlled non-return valves, solenoid valves, one-way valve, etc. using the facilities of Tinkering Laboratory, IIT \u2026", "url": "https://economictimes.indiatimes.com/news/politics-and-nation/iit-roorkee-develops-low-cost-portable-ventilator-to-tackle-covid-19/articleshow/74954080.cms", "urlToImage": "https://img.etimg.com/thumb/msid-74954151,width-1070,height-580,imgsize-98895,overlay-economictimes/photo.jpg", "publishedAt": "2020-04-02T15:43:16Z", "content": "KOLKATA: IIT Roorkee has developed a low-cost portable ventilator that can be useful for COVID-19 patients. Named \u2018Prana-Vayu,\u2019 the closed-loop ventilator is developed in collaboration with AIIMS, Rishikesh, and is equipped with state-of-the-art features. \r\nT\u2026 [+2549 chars]"}, {"source": {"id": "the-times-of-india", "name": "The Times of India"}, "author": "ET Online", "title": "Covid headlines on April 2: A cluster case keeps India on tenterhooks as deaths hit 50", "description": "India today invoked a never-used WTO peace clause to raise the subsidy ceiling for rice farmers for the marketing year 2018-2019. Meanwhile, the Covid-19 casualty count crept up to 50 in the country, with 1,965 confirmed cases.", "url": "https://economictimes.indiatimes.com/news/politics-and-nation/unfolding-cluster-case-gives-india-the-chills/articleshow/74948183.cms", "urlToImage": "https://img.etimg.com/thumb/msid-74948347,width-1070,height-580,imgsize-680001,overlay-economictimes/photo.jpg", "publishedAt": "2020-04-02T11:25:42Z", "content": "Browse Companies\r\nABCDEFGHIJKLMNOPQRSTUVWXYZ|123456789\r\nCopyright \u00a9 2020 Bennett, Coleman &amp; Co. Ltd. All rights reserved. For reprint rights: Times Syndication Service"}, {"source": {"id": "the-times-of-india", "name": "The Times of India"}, "author": "PTI", "title": "Congress playing petty politics over COVID-19, misleading people: Amit Shah", "description": "\"Under PM @narendramodi's leadership, India's efforts to fight Coronavirus are being lauded domestically and globally. 130-crore Indians are united to defeat COVID-19,\" the minister said in a tweet. \"Yet, the Congress is playing petty politics. High time they\u2026", "url": "https://economictimes.indiatimes.com/news/politics-and-nation/congress-playing-petty-politics-over-covid-19-misleading-people-amit-shah/articleshow/74950518.cms", "urlToImage": "https://img.etimg.com/thumb/msid-74950660,width-1070,height-580,imgsize-144258,overlay-economictimes/photo.jpg", "publishedAt": "2020-04-02T12:32:58Z", "content": "New Delhi: Union Home Minister Amit Shah on Thursday slammed the Congress, saying it is playing \"petty politics\" over the novel coronavirus outbreak and asked it to think about national interest, instead of misleading the people. Shah's comments came hours af\u2026 [+1012 chars]"}, {"source": {"id": "the-times-of-india", "name": "The Times of India"}, "author": "PTI", "title": "2 evacuated from Nizamuddin Markaz are dead; COVID-19 cases may shoot up: Kejriwal", "description": "However, the number may shoot up in the coming days as the government has decide to test all those who were evacuated from the Markaz, the chief minister said.", "url": "https://economictimes.indiatimes.com/news/politics-and-nation/2-evacuated-from-nizamuddin-markaz-are-dead-covid-19-cases-may-shoot-up-kejriwal/articleshow/74953688.cms", "urlToImage": "https://img.etimg.com/thumb/msid-74953701,width-1070,height-580,imgsize-198246,overlay-economictimes/photo.jpg", "publishedAt": "2020-04-02T15:18:42Z", "content": "NEW DELHI: Two people evacuated from Nizamuddin Markaz have died due to coronavirus on Thursday, taking the total number of deaths to four in the national capital, Chief Minister Arvind Kejriwal said. In a digital press conference, he said of the 2,346 people\u2026 [+1970 chars]"}, {"source": {"id": "the-times-of-india", "name": "The Times of India"}, "author": "Rakhi Mazumdar", "title": "Vedanta doubles its contribution to Rs 201 crore to fight COVID -19", "description": "Vedanta Ltd has contributed Rs 101 crore to the Prime Minister's Citizen Assistance and Relief in Emergency Situations (PM-CARES) Fund. This contribution will complement Vedanta\u2019s earlier commitment of creating a Rs 100-crore corpus.", "url": "https://economictimes.indiatimes.com/news/politics-and-nation/vedanta-doubles-its-contribution-to-rs-201-crore-to-fight-covid-19/articleshow/74952721.cms", "urlToImage": "https://img.etimg.com/thumb/msid-74952740,width-1070,height-580,imgsize-213522,overlay-economictimes/photo.jpg", "publishedAt": "2020-04-02T14:24:33Z", "content": "KOLKATA: Vedanta Ltd has contributed Rs 101 crore to the Prime Minister's Citizen Assistance and Relief in Emergency Situations (PM-CARES) Fund. \r\nThis contribution to PM-CAREs fund will complement Vedanta\u2019s earlier commitment of creating a Rs 100-crore corpu\u2026 [+2242 chars]"}, {"source": {"id": "the-times-of-india", "name": "The Times of India"}, "author": "Anubhuti Vishnoi", "title": "COVID-19: District collectors flag off gaps on ground at hospitals", "description": "Only 40 percent officials responded saying that hospitals were adequately prepared. While 50% officials agreed that there were adequate isolation beds in District/ Sub-District Hospitals available, 28% officials were \u2018disagreeing to its availability\u201d.", "url": "https://economictimes.indiatimes.com/news/politics-and-nation/covid-19-district-collectors-flag-off-gaps-on-ground-at-hospitals/articleshow/74943750.cms", "urlToImage": "https://img.etimg.com/thumb/msid-74943753,width-1070,height-580,imgsize-696560,overlay-economictimes/photo.jpg", "publishedAt": "2020-04-02T06:21:59Z", "content": "NEW DELHI: Near 700 civil servants- including 410 district collectors and IAS officers- have told the Centre that while government outreach and efforts on combating COVID 19 and the lockdown are strong and impactful steps, there are some serious gaps in terms\u2026 [+6302 chars]"}, {"source": {"id": "the-times-of-india", "name": "The Times of India"}, "author": "PTI", "title": "Stringent action against those linking religion with COVID-19: Tamil Nadu Ministry", "description": "Stringent action will be taken against those attempting to spread rumours linking religion to the disease.\" On the whereabouts of 10 more people from Tamil Nadu who took part in the recent conference held by the Tablighi Jamaat in Delhi, he said they are yet \u2026", "url": "https://economictimes.indiatimes.com/news/politics-and-nation/stringent-action-against-those-linking-religion-with-covid-19-tamil-nadu-ministry/articleshow/74949240.cms", "urlToImage": "https://img.etimg.com/thumb/msid-74949296,width-1070,height-580,imgsize-71230,overlay-economictimes/photo.jpg", "publishedAt": "2020-04-02T11:28:50Z", "content": "Coimbatore: The Tamil Nadu government on Thursday warned of stringent action against those spreading rumours linking religion or caste to the coronavirus. Speaking to reporters on the sidelines of an event to flag off mobile vegetable vans in all 100 wards of\u2026 [+931 chars]"}, {"source": {"id": "the-times-of-india", "name": "The Times of India"}, "author": "PTI", "title": "Covid-19: Gautam Gambhir vows to contribute 2 years' salary to PM CARES Fund", "description": "The BJP's Lok Sabha member from East Delhi made the announcement on his Twitter page, urging people to come forward and donate generously.", "url": "https://economictimes.indiatimes.com/news/politics-and-nation/covid-19-gautam-gambhir-vows-to-contribute-2-years-salary-to-pm-cares-fund/articleshow/74944496.cms", "urlToImage": "https://img.etimg.com/thumb/msid-74944502,width-1070,height-580,imgsize-416995,overlay-economictimes/photo.jpg", "publishedAt": "2020-04-02T07:05:16Z", "content": "NEW DELHI: Cricketer-turned-politician Gautam Gambhir on Thursday said he has decided to contribute his two years' salary as an MP to the Prime Minister-CARES fund to tackle the COVID-19 pandemic sweeping through the country.\r\nThe BJP's Lok Sabha member from \u2026 [+801 chars]"}]}