{"status": "ok", "totalResults": 119, "articles": [{"source": {"id": "the-times-of-india", "name": "The Times of India"}, "author": "Mediawire", "title": "Radio continues its fight against COVID 19", "description": "Radio is raging a fight against COVID 19. Not only is it fighting misinformation which is so easily propagating today but is also fighting against boredom a...", "url": "https://timesofindia.indiatimes.com/entertainment/hindi/music/news/radio-continues-its-fight-against-covid-19/articleshow/74733963.cms", "urlToImage": "https://static.toiimg.com/photo/msid-74733963/74733963.jpg?337861", "publishedAt": "2020-03-20T13:20:00Z", "content": "Radio is raging a fight against COVID 19. Not only is it fighting misinformation which is so easily propagating today but is also fighting against boredom and stress that its listeners are currently experiencing. For years radio has been the trusted source of\u2026 [+2774 chars]"}, {"source": {"id": "the-times-of-india", "name": "The Times of India"}, "author": null, "title": "Live: At least 258,930 Covid-19 cases worldwide", "description": "Coronavirus has infected more than 2,45,000 people and killed more than 10,000 across the world. Meanwhile, India has reported four deaths and 223 cases so far. In his address to the nation, PM Narendra Modi called for Janata Curfew on March 22 and urged peop\u2026", "url": "http://timesofindia.indiatimes.com/india/coronavirus-live-news-update-total-number-of-coronavirus-cases-deaths-in-india-21-march-2020/articleshow/74740230.cms", "urlToImage": null, "publishedAt": "2020-03-20T20:38:58Z", "content": null}, {"source": {"id": "the-times-of-india", "name": "The Times of India"}, "author": "TNN", "title": "Covid-19: Ahead of Ram Navami, Yogi calls for \u2018isolation\u2019", "description": "Amid concerns over the possibility of a large gathering on the occasion like previous years, a government spokesperson said the Ram Navami snaan was not organised by the state administration like the Kumbh Mela and the district authorities only take care of t\u2026", "url": "https://timesofindia.indiatimes.com/india/covid-19-ahead-of-ram-navami-yogi-calls-for-isolation/articleshow/74740371.cms", "urlToImage": "https://static.toiimg.com/thumb/msid-74740372,width-1070,height-580,imgsize-902373,resizemode-75,overlay-toi_sw,pt-32,y_pad-40/photo.jpg", "publishedAt": "2020-03-20T22:29:16Z", "content": "Subscribe\r\nStart Your Daily Mornings with Times of India Newspaper!Order Now"}, {"source": {"id": "the-times-of-india", "name": "The Times of India"}, "author": "Ram Kovind", "title": "Blog: We will weather this Covid-19 storm together", "description": "The outbreak of novel coronavirus has created an unprecedented situation around the world. Humankind is no stranger to calamitous outbreaks of diseases. However, this is the first viral outbreak of this nature and scale in...", "url": "https://economictimes.indiatimes.com/blogs/toi-edit-page/what-nature-is-telling-us-we-will-weather-this-covid-19-storm-together-but-we-must-learn-the-right-lessons/", "urlToImage": "https://timesofindia.indiatimes.com/blogs/wp-content/uploads/2020/03/345-1.jpg", "publishedAt": "2020-03-20T03:22:42Z", "content": "The outbreak of novel coronavirus has created an unprecedented situation around the world. Humankind is no stranger to calamitous outbreaks of diseases. However, this is the first viral outbreak of this nature and scale in our lifetime.\r\nToday my thoughts are\u2026 [+5179 chars]"}, {"source": {"id": "the-times-of-india", "name": "The Times of India"}, "author": "ET Bureau", "title": "Covid-19: SAARC fund functional, says Government", "description": "Within days of PM Narendra Modi announcing creation of a $10-million SAARC emergency fund, India has shipped various medical supplies, testing equipment and sanitisers.", "url": "https://economictimes.indiatimes.com/news/politics-and-nation/covid-19-saarc-fund-functional-says-government/articleshow/74722067.cms", "urlToImage": "https://img.etimg.com/thumb/msid-74722101,width-1070,height-580,imgsize-734139,overlay-economictimes/photo.jpg", "publishedAt": "2020-03-20T02:18:41Z", "content": "Within days of PM Narendra Modi announcing creation of a $10-million SAARC emergency fund, India has shipped various medical supplies, testing equipment and sanitisers to Maldives, Sri Lanka, Afghanistan, Nepal, Bangladesh and Sri Lanka.\r\nThese supplies were \u2026 [+217 chars]"}, {"source": {"id": "the-times-of-india", "name": "The Times of India"}, "author": "TIMESOFINDIA.COM", "title": "Pak round-up: Covid-19, J&K at Saarc meet & more", "description": "India News: As the world battles the coronavirus threat, the number of positive cases in Pakistan that surged to 464 on Wednesday hogged the headlines even as PM .", "url": "https://timesofindia.indiatimes.com/india/pakistan-round-up-coronavirus-scare-kashmir-issue-during-saarc-conference-and-more/articleshow/74734652.cms", "urlToImage": "https://static.toiimg.com/thumb/msid-74734736,width-1070,height-580,imgsize-82635,resizemode-75,overlay-toi_sw,pt-32,y_pad-40/photo.jpg", "publishedAt": "2020-03-20T14:15:34Z", "content": "Last week, Pakistan media reported a former diplomat claiming that ex-Prime Minister Nawaz Sharif had barred the foreign ministry from speaking against India and death-row convict Kulbhushan Yadav as part of the policy of going soft on New Delhi. Tasneem Asla\u2026 [+895 chars]"}, {"source": {"id": "the-times-of-india", "name": "The Times of India"}, "author": "ET Bureau", "title": "Covid-19 chips away at gold\u2019s safe haven status", "description": "Gold is a high quality and highly liquid asset, trading over $260 billion per day in March.", "url": "https://economictimes.indiatimes.com/markets/commodities/news/covid-19-chips-away-at-golds-safe-haven-status/articleshow/74724836.cms", "urlToImage": "https://img.etimg.com/thumb/msid-74724832,width-1070,height-580,imgsize-1264743,overlay-etmarkets/photo.jpg", "publishedAt": "2020-03-20T05:49:28Z", "content": "Mumbai: Like most asset classes, gold is being affected by the unprecedented economic and financial market conditions in play around the globe, miner\u2019s lobby World Gold Council (WGC) has said in a report.\r\n\u201cWe believe that recent volatility in the gold price \u2026 [+1043 chars]"}, {"source": {"id": "the-times-of-india", "name": "The Times of India"}, "author": "Aditi Shrivastava", "title": "Covid-19: Startups shed jobs to stay afloat", "description": "Covid-19: Startups shed jobs to stay afloatStartups are closely looking at all major business functions as demand dives. Some of India\u2019s top unicorns have also stopped hiring plans and are moving talent internally.", "url": "https://economictimes.indiatimes.com/small-biz/startups/newsbuzz/as-growth-dips-startups-shed-jobs-and-conserve-cash-to-stay-afloat/articleshow/74722253.cms", "urlToImage": "https://img.etimg.com/thumb/msid-74722291,width-1070,height-580,imgsize-171138,overlay-etrise/photo.jpg", "publishedAt": "2020-03-20T02:42:34Z", "content": "BENGALURU: Retrenchments and downsizing in the startup ecosystem are set to accelerate as businesses take a hard look at steep operational costs and dipping demand in an uncertain environment made worse by the Covid-19 pandemic.\r\nScooter-sharing app Bounce ha\u2026 [+2206 chars]"}, {"source": {"id": "the-times-of-india", "name": "The Times of India"}, "author": "Neha Dewan", "title": "Covid-19 brings restaurant business to a grinding halt", "description": "Covid-19 brings restaurant business to a grinding haltThe coronavirus epidemic has hit the F&B sector hard. In the backdrop of falling revenues and footfalls, restaurateurs have been struggling to maintain their fixed overheads and other expenses.", "url": "https://economictimes.indiatimes.com/small-biz/sme-sector/in-a-soup-coronavirus-brings-restaurant-operations-to-a-grinding-halt/articleshow/74723572.cms", "urlToImage": "https://img.etimg.com/thumb/msid-74723587,width-1070,height-580,imgsize-245027,overlay-etrise/photo.jpg", "publishedAt": "2020-03-20T04:32:14Z", "content": "This time, last year, a typical day for Mansij Vaidya, co-founder of Mumbai-based Indian restaurant Talli Turmeric, would span anywhere from 10 in the morning to 12 at night. A year later, the situation is starkly different. Vaidya now follows an altogether d\u2026 [+4773 chars]"}, {"source": {"id": "the-times-of-india", "name": "The Times of India"}, "author": "ET Online", "title": "Singer Kanika Kapoor tests positive for COVID-19", "description": "Singer Kanika Kapoor tests positive for COVID-19Several celebs wished Kapoor a speedy recovery.", "url": "https://economictimes.indiatimes.com/magazines/panache/singer-kanika-kapoor-of-babydoll-fame-tests-positive-for-covid-19-posts-message-on-instagram-ananya-birla-ekta-kapoor-wish-her-quick-recovery/articleshow/74729091.cms", "urlToImage": "https://img.etimg.com/thumb/msid-74729246,width-1070,height-580,imgsize-604775,overlay-etpanache/photo.jpg", "publishedAt": "2020-03-20T09:37:46Z", "content": "Bollywood singer Kanika Kapoor, who is known for singing hit numbers like \u2018Babydoll\u2019 and \u2018Desi look\u2019 has become the first B-Town celeb to test positive for COVID-19. The singer took to Instagram to share the news with her fans. \u201cFor the past 4 days I have had\u2026 [+2628 chars]"}, {"source": {"id": "the-times-of-india", "name": "The Times of India"}, "author": "PTI", "title": "World's Covid-19 fight comes at a very heavy economic price", "description": "World's Covid-19 fight comes at a very heavy economic priceSuccess in containing the virus comes at the price of slowing economic activity, the IMF said in a blog.", "url": "https://economictimes.indiatimes.com/news/economy/indicators/containing-coronavirus-spread-comes-with-economic-tradeoffs-says-imf-blog/articleshow/74737577.cms", "urlToImage": "https://img.etimg.com/thumb/msid-74737786,width-1070,height-580,imgsize-219738,overlay-economictimes/photo.jpg", "publishedAt": "2020-03-20T17:36:23Z", "content": "NEW DELHI: Success in containing coronavirus infection comes at the price of slowing economic activity, a blogpost by IMF experts has stated.\r\nWith the number of coronavirus cases rising in India, Prime Minister Narendra Modi has appealed to citizens to obser\u2026 [+2400 chars]"}, {"source": {"id": "the-times-of-india", "name": "The Times of India"}, "author": "Gayatri Nayak", "title": "Covid effect: Forex reserve falls by $5.3 billion in a week", "description": "Forex reserve fell from its peak of $487 billion to $481.9 billion for the week ended March 13.", "url": "https://economictimes.indiatimes.com/markets/forex/covid-effect-forex-reserve-falls-by-5-3-billion-in-a-week/articleshow/74736330.cms", "urlToImage": "https://img.etimg.com/thumb/msid-74736336,width-1070,height-580,imgsize-1343608,overlay-etmarkets/photo.jpg", "publishedAt": "2020-03-20T15:34:54Z", "content": "Mumbai: India's foreign exchange reserves likely fell $5.3 billion from the peaks as the central bank intervened to reduce the slide of the currency.\r\nIndia's reserves fell from its peak of $487 billion to $ 481.9 billion during the week ended March 13, lates\u2026 [+1605 chars]"}, {"source": {"id": "the-times-of-india", "name": "The Times of India"}, "author": "Dipanjan Roy Chaudhury", "title": "Covid-19: One Indian in Iran dead, Government gives local help to 254 others", "description": "The next flight from Iran carrying Indians who have tested negative for Covid-19 is expected to arrive this Saturday even as a corona-infected Indian national died in Iran \u2013 the first such death of an Indian outside the country.", "url": "https://economictimes.indiatimes.com/news/politics-and-nation/covid-19-one-indian-in-iran-dead-government-gives-local-help-to-254-others/articleshow/74722021.cms", "urlToImage": "https://img.etimg.com/thumb/msid-74722042,width-1070,height-580,imgsize-635979,overlay-economictimes/photo.jpg", "publishedAt": "2020-03-20T02:11:29Z", "content": "NEW DELHI: The next flight from Iran carrying Indians who have tested negative for Covid-19 is expected to arrive this Saturday even as a corona-infected Indian national died in Iran \u2013 the first such death of an Indian outside the country.\r\nAdditional secreta\u2026 [+3408 chars]"}, {"source": {"id": "the-times-of-india", "name": "The Times of India"}, "author": "PTI", "title": "Prohibitory orders imposed in Rajasthan's Bhilwara after doctor tests positive for COVID-19", "description": "As per the order, people are not allowed to come out of their homes and roam around. Business outlets and markets will remain closed. However, essential services outlets for daily use items will remain open from 7 am to 10 am and 5 am to 7 pm.  The movement o\u2026", "url": "https://economictimes.indiatimes.com/news/politics-and-nation/prohibitory-orders-imposed-in-rajasthans-bhilwara-after-doctor-tests-positive-for-covid-19/articleshow/74734627.cms", "urlToImage": "https://img.etimg.com/thumb/msid-74734621,width-1070,height-580,imgsize-279688,overlay-economictimes/photo.jpg", "publishedAt": "2020-03-20T13:53:54Z", "content": "JAIPUR: Prohibitory orders under Section 144 of the CrPC were imposed in Rajasthan's Bhilwara district from Friday onwards after a doctor at a private hospital was tested positive for COVID-19, taking the total number of confirmed cases to 10 in the state.\r\nM\u2026 [+1198 chars]"}, {"source": {"id": "the-times-of-india", "name": "The Times of India"}, "author": "TNN", "title": "Covid-19 outbreak: Four new Delhi cases, Gurugram patient's wife also positive - Times of India", "description": "Covid-19 outbreak: Four new Delhi cases, Gurugram patient's wife also positive Times of India Suspected coronavirus patient jumps off 7th floor of Safdarjung Hospital, dies Moneycontrol Suspected coronavirus patient commits suicide at Delhi's Safdarjung Hospi\u2026", "url": "https://timesofindia.indiatimes.com/city/delhi/covid-19-outbreak-four-new-delhi-cases-gurugram-patients-wife-also-positive/articleshow/74721576.cms", "urlToImage": "https://static.toiimg.com/thumb/msid-74721607,width-1070,height-580,imgsize-132641,resizemode-75,overlay-toi_sw,pt-32,y_pad-40/photo.jpg", "publishedAt": "2020-03-20T01:37:14Z", "content": "Copyright \u00a9 2020 Bennett, Coleman &amp; Co. Ltd. All rights reserved. For reprint rights: Times Syndication Service"}, {"source": {"id": "the-times-of-india", "name": "The Times of India"}, "author": null, "title": "Covid-19 will hardly affect India\u2019s defence procurement: Rajnath Singh - Times of India", "description": "Defence Minister Rajnath Singh on March 20 said that there would certainly be an impact of the global economy amid coronavirus but it will hardly affect India's defence procurement deal. \u201cThere would certainly be an impact of the global economy on all nations\u2026", "url": "https://timesofindia.indiatimes.com/videos/news/covid-19-will-hardly-affect-indias-defence-procurement-rajnath-singh/videoshow/74733416.cms", "urlToImage": "https://timesofindia.indiatimes.com/photo/msid-74733416,imgsize-350934.cms", "publishedAt": "2020-03-20T12:55:47Z", "content": "Mar 20, 2020, 06:25PM ISTSource: ANIDefence Minister Rajnath Singh on March 20 said that there would certainly be an impact of the global economy amid coronavirus but it will hardly affect India's defence procurement deal. There would certainly be an impact o\u2026 [+364 chars]"}, {"source": {"id": "the-times-of-india", "name": "The Times of India"}, "author": "ET Bureau", "title": "Covid-19 impact: Foreign flights banned, curbs likely on public transport - Economic Times", "description": "Covid-19 impact: Foreign flights banned, curbs likely on public transport Economic Times Coronavirus update: Total cases in India jump to 166. State-wise figures are here Livemint Coronavirus Outbreak Updates: Kerala announces Rs 20,000 crore COVID-19 revival\u2026", "url": "https://economictimes.indiatimes.com/news/politics-and-nation/covid-19-impact-foreign-flights-banned-curbs-likely-on-public-transport/articleshow/74712814.cms", "urlToImage": "https://img.etimg.com/thumb/msid-74712841,width-1070,height-580,imgsize-115078,overlay-economictimes/photo.jpg", "publishedAt": "2020-03-20T01:49:00Z", "content": "NEW DELHI: India suspended international flights and sought to curb public transport and gatherings of people as the number of Covid-19 cases climbed to 173 on Thursday from 151 the day before and the death toll rose by one to four. The government urged child\u2026 [+2655 chars]"}, {"source": {"id": "the-times-of-india", "name": "The Times of India"}, "author": "TNN", "title": "Three more test positive in Pune, Covid-19 cases go up to 22 - Times of India", "description": "Three more test positive in Pune, Covid-19 cases go up to 22 Times of India Mumbai shutdown: What will remain open, closed explained in 10 points Livemint Coronavirus | Maharashtra takes lead to put fliers from U.S. on home quarantine list The Hindu IT firms \u2026", "url": "https://timesofindia.indiatimes.com/city/pune/three-more-test-positive-covid-19-cases-go-up-to-22/articleshow/74739613.cms", "urlToImage": "https://static.toiimg.com/thumb/msid-74740662,width-1070,height-580,imgsize-296413,resizemode-75,overlay-toi_sw,pt-32,y_pad-40/photo.jpg", "publishedAt": "2020-03-20T23:23:00Z", "content": "Subscribe\r\nStart Your Daily Mornings with Times of India Newspaper!Order Now"}, {"source": {"id": "the-times-of-india", "name": "The Times of India"}, "author": "TNN", "title": "Study: Some have loss of appetite, diarrhoea as 1st Covid-19 symptoms - Times of India", "description": "Study: Some have loss of appetite, diarrhoea as 1st Covid-19 symptoms Times of India Digestive Symptoms Prominent Among COVID-19 Patients, Finds Study News18 Some children may become seriously ill with coronavirus, experts warn The Medical News Answer Bank: A\u2026", "url": "https://timesofindia.indiatimes.com/city/mumbai/study-some-have-loss-of-appetite-diarrhoea-as-1st-covid-19-symptoms/articleshow/74724820.cms", "urlToImage": "https://static.toiimg.com/thumb/msid-74724806,width-1070,height-580,imgsize-147614,resizemode-75,overlay-toi_sw,pt-32,y_pad-40/photo.jpg", "publishedAt": "2020-03-20T06:41:21Z", "content": "Copyright \u00a9 2020 Bennett, Coleman &amp; Co. Ltd. All rights reserved. For reprint rights: Times Syndication Service"}, {"source": {"id": "the-times-of-india", "name": "The Times of India"}, "author": null, "title": "Covid 19: Lok Sabha Speaker Om Birla talks about the challenges of tackling the virus - Times of India", "description": "Speaker Om Birla talked about the challenges of tackling the Novel Coronavirus (Covid-19) pandemic during Lok Sabha session. The Lok Sabha speaker also inspected the Parliament building on March 20 in wake of the coronavirus outbreak. He said, 'It\u2019s my respon\u2026", "url": "https://timesofindia.indiatimes.com/videos/news/covid-19-lok-sabha-speaker-om-birla-talks-about-the-challenges-of-tackling-the-virus/videoshow/74736395.cms", "urlToImage": "https://timesofindia.indiatimes.com/photo/msid-74736395,imgsize-384351.cms", "publishedAt": "2020-03-20T21:56:50Z", "content": "Mar 20, 2020, 09:12PM ISTSource: TOI.inSpeaker Om Birla talked about the challenges of tackling the Novel Coronavirus (Covid-19) pandemic during Lok Sabha session. The Lok Sabha speaker also inspected the Parliament building on March 20 in wake of the coronav\u2026 [+140 chars]"}, {"source": {"id": "the-times-of-india", "name": "The Times of India"}, "author": "TNN", "title": "Media also in frontline of Covid-19 battle: PM", "description": "India News: NEW DELHI: Persons working in the media, government, hospitals and people\u2019s representatives were the frontline of the fight against Covid-19 and form .", "url": "https://timesofindia.indiatimes.com/india/media-also-in-frontline-of-covid-19-battle-pm/articleshow/74721684.cms", "urlToImage": "https://static.toiimg.com/thumb/msid-47529300,width-1070,height-580,imgsize-110164,resizemode-75,overlay-toi_sw,pt-32,y_pad-40/photo.jpg", "publishedAt": "2020-03-20T00:39:40Z", "content": "Copyright \u00a9 2020 Bennett, Coleman &amp; Co. Ltd. All rights reserved. For reprint rights: Times Syndication Service"}, {"source": {"id": "the-times-of-india", "name": "The Times of India"}, "author": "ANI", "title": "COVID-19: Govt refutes rumours about 'complete lockdown' in country", "description": "According to the Press Information Bureau (PIB), an audio clip of a fake phone conversation between two individuals discussing the \"complete lockdown\" of the country is being shared widely on WhatsApp.", "url": "https://timesofindia.indiatimes.com/india/covid-19-govt-refutes-rumours-about-complete-lockdown-in-country/articleshow/74731171.cms", "urlToImage": "https://static.toiimg.com/thumb/msid-74731214,width-1070,height-580,imgsize-20585,resizemode-75,overlay-toi_sw,pt-32,y_pad-40/photo.jpg", "publishedAt": "2020-03-20T10:49:47Z", "content": null}, {"source": {"id": "the-times-of-india", "name": "The Times of India"}, "author": "TNN", "title": "PM holds meet with CMs over Covid-19 risk", "description": "Prime Minister Narendra Modi interacted with chief ministers of various states via video conferencing on Friday to discuss measures to combat Covid-19 and said the threat of the pandemic was common for all states and underscored the need for the Centre and st\u2026", "url": "https://timesofindia.indiatimes.com/india/pm-holds-meet-with-cms-over-covid-19-risk/articleshow/74740366.cms", "urlToImage": "https://static.toiimg.com/thumb/msid-74740365,width-1070,height-580,imgsize-286724,resizemode-75,overlay-toi_sw,pt-32,y_pad-40/photo.jpg", "publishedAt": "2020-03-20T22:04:12Z", "content": "Subscribe\r\nStart Your Daily Mornings with Times of India Newspaper!Order Now"}, {"source": {"id": "the-times-of-india", "name": "The Times of India"}, "author": "TNN", "title": "Covid-19: Lancet piece warns of threat to doctors & paramedics", "description": "Of over 3,300 Covid-19 cases among health workers in China, 22 had died by the end of February, noted an editorial in the Lancet warning that unlike ventilators or wards, healthcare workers \u201ccannot be urgently manufactured or run at 100% occupancy for long pe\u2026", "url": "https://timesofindia.indiatimes.com/india/lancet-piece-warns-of-threat-to-doctors-paramedics/articleshow/74740402.cms", "urlToImage": "https://static.toiimg.com/thumb/msid-74740403,width-1070,height-580,imgsize-681435,resizemode-75,overlay-toi_sw,pt-32,y_pad-40/photo.jpg", "publishedAt": "2020-03-20T22:26:49Z", "content": "Subscribe\r\nStart Your Daily Mornings with Times of India Newspaper!Order Now"}, {"source": {"id": "the-times-of-india", "name": "The Times of India"}, "author": "TNN", "title": "Covid-19: 'Many took meds to dodge isolation\u2019", "description": "A man who tested positive for the Covid-19 virus on Friday after returning home from UK said that many students had taken paracetamol before landing in Hyderabad, to lower their body temperature and escape checks at the airport, reports Uttara Varma. Akhil En\u2026", "url": "https://timesofindia.indiatimes.com/india/covid-19-many-took-meds-to-dodge-isolation/articleshow/74740317.cms", "urlToImage": "https://static.toiimg.com/thumb/msid-74740309,width-1070,height-580,imgsize-306120,resizemode-75,overlay-toi_sw,pt-32,y_pad-40/photo.jpg", "publishedAt": "2020-03-20T21:18:17Z", "content": "Subscribe\r\nStart Your Daily Mornings with Times of India Newspaper!Order Now"}, {"source": {"id": "the-times-of-india", "name": "The Times of India"}, "author": "TNN", "title": "Covid-19 could leave 4cr jobless: Tourism industry", "description": "The World Travel and Tourism Council India Initiative (WTTCII), the Federation of Associations in Indian Tourism and Hospitality and CII, among others, said the coronavirus impact could render 3.8 crore people jobless, which is around 70% of the total workfor\u2026", "url": "https://timesofindia.indiatimes.com/india/covid-19-could-leave-4cr-jobless-tourism-industry/articleshow/74721578.cms", "urlToImage": "https://static.toiimg.com/thumb/msid-74721628,width-1070,height-580,imgsize-702325,resizemode-75,overlay-toi_sw,pt-32,y_pad-40/photo.jpg", "publishedAt": "2020-03-20T00:30:39Z", "content": "Copyright \u00a9 2020 Bennett, Coleman &amp; Co. Ltd. All rights reserved. For reprint rights: Times Syndication Service"}, {"source": {"id": "the-times-of-india", "name": "The Times of India"}, "author": "PTI", "title": "Jaishankar meets counterparts from Nepal, Seychelles; discusses Covid-19 response", "description": "India News: NEW DELHI: External affairs minister S Jaishankar on Friday held separate meetings with his counterparts from Nepal and Seychelles, and discussed coop.", "url": "https://timesofindia.indiatimes.com/india/jaishankar-meets-counterparts-from-nepal-seychelles-discusses-covid-19-response/articleshow/74736993.cms", "urlToImage": "https://static.toiimg.com/thumb/msid-74736988,width-1070,height-580,imgsize-149787,resizemode-75,overlay-toi_sw,pt-32,y_pad-40/photo.jpg", "publishedAt": "2020-03-20T16:00:08Z", "content": "Subscribe\r\nStart Your Daily Mornings with Times of India Newspaper!Order Now"}, {"source": {"id": "the-times-of-india", "name": "The Times of India"}, "author": "Times Of India", "title": "Janata Curfew against Covid-19: TN govt buses, metro trains won\u2019t be operated on Sunday; CM asks people t - Times of India", "description": "Janata Curfew against Covid-19: TN govt buses, metro trains won\u2019t be operated on Sunday; CM asks people t Times of India 'Janata Curfew': Delhi Metro services to be closed on 22 March Livemint IndiGo, GoAir to curtail flights on March 22 for Janata Curfew Mon\u2026", "url": "https://timesofindia.indiatimes.com/city/chennai/janata-curfew-against-covid-19-tn-govt-buses-and-metro-trains-wont-be-operated-on-sunday-cm-asks-people-to-stop-panic-buying/articleshow/74736823.cms", "urlToImage": "https://static.toiimg.com/thumb/msid-74736865,width-1070,height-580,imgsize-119449,resizemode-75,overlay-toi_sw,pt-32,y_pad-40/photo.jpg", "publishedAt": "2020-03-20T17:29:12Z", "content": "Subscribe\r\nStart Your Daily Mornings with Times of India Newspaper!Order Now"}, {"source": {"id": "the-times-of-india", "name": "The Times of India"}, "author": "TNN", "title": "Bollywood singer Kanika Kapoor tests positive for Covid-19, brings political class under corona scare", "description": "Raje\u2019s tweet on Friday declaring that both she and Dushyant had been to the party where Kapoor, back from London, was also a guest sent many parliamentarians into a tizzy. Dushyant has been attending the House, spending time in the central hall and also atten\u2026", "url": "https://timesofindia.indiatimes.com/india/bollywood-singer-kanika-kapoor-tests-positive-for-covid-19-brings-political-class-under-corona-scare/articleshow/74740216.cms", "urlToImage": "https://static.toiimg.com/thumb/msid-74740217,width-1070,height-580,imgsize-231398,resizemode-75,overlay-toi_sw,pt-32,y_pad-40/photo.jpg", "publishedAt": "2020-03-20T20:15:00Z", "content": "Subscribe\r\nStart Your Daily Mornings with Times of India Newspaper!Order Now"}, {"source": {"id": "the-times-of-india", "name": "The Times of India"}, "author": "TNN", "title": "Covid-19: Naveen Patnaik requests PM Modi to postpone Census, NPR exercises", "description": "Odisha chief minister Naveen Patnaik on Friday requested Prime Minister Narendra Modi to postpone the Census and National Population Register (NPR) updation process throughout the country in view of the Covid-19 pandemic.", "url": "https://timesofindia.indiatimes.com/india/covid-19-naveen-patnaik-requests-pm-modi-to-postpone-census-npr-exercises/articleshow/74734544.cms", "urlToImage": "https://static.toiimg.com/thumb/msid-74734694,width-1070,height-580,imgsize-324981,resizemode-75,overlay-toi_sw,pt-32,y_pad-40/photo.jpg", "publishedAt": "2020-03-20T13:39:02Z", "content": "Subscribe\r\nStart Your Daily Mornings with Times of India Newspaper!Order Now"}, {"source": {"id": "the-times-of-india", "name": "The Times of India"}, "author": "PTI", "title": "Covid-19: Centre extends visas of foreigners in India till April 15", "description": "India News: NEW DELHI: The Centre has decided to extend till April 15 the regular visa and e-visa of those foreigners who are currently in India and unable to lea.", "url": "https://timesofindia.indiatimes.com/india/covid-19-centre-extends-visas-of-foreigners-in-india-till-april-15/articleshow/74734681.cms", "urlToImage": "https://static.toiimg.com/thumb/msid-74734692,width-1070,height-580,imgsize-278082,resizemode-75,overlay-toi_sw,pt-32,y_pad-40/photo.jpg", "publishedAt": "2020-03-20T13:37:21Z", "content": "Subscribe\r\nStart Your Daily Mornings with Times of India Newspaper!Order Now"}, {"source": {"id": "the-times-of-india", "name": "The Times of India"}, "author": "PTI", "title": "Kolkata resident tests positive for covid-19, 2nd case in Bengal", "description": "The Kolkata man returned from the UK on March 13 and was admitted to the Beliaghata ID Hospital in the city on March 19 with symptoms of covid-19, the state government official said. The swabs of the patient were collected and the reports received from the Na\u2026", "url": "https://timesofindia.indiatimes.com/india/kolkata-resident-tests-positive-for-covid-19-2nd-case-in-bengal/articleshow/74724721.cms", "urlToImage": "https://static.toiimg.com/thumb/msid-74725318,width-1070,height-580,imgsize-367692,resizemode-75,overlay-toi_sw,pt-32,y_pad-40/photo.jpg", "publishedAt": "2020-03-20T05:21:28Z", "content": null}, {"source": {"id": "the-times-of-india", "name": "The Times of India"}, "author": "PTI", "title": "COVID-19: SC stays Kerala high court order of not levying taxes till April 6", "description": "India News: NEW DELHI: The Supreme Court on Friday stayed a Kerala high court order asking authorities not to levy taxes and recover banks' dues from people till .", "url": "https://timesofindia.indiatimes.com/india/covid-19-sc-stays-kerala-high-court-order-of-not-levying-taxes-till-april-6/articleshow/74726967.cms", "urlToImage": "https://static.toiimg.com/thumb/msid-74727021,width-1070,height-580,imgsize-456903,resizemode-75,overlay-toi_sw,pt-32,y_pad-40/photo.jpg", "publishedAt": "2020-03-20T07:27:26Z", "content": null}, {"source": {"id": "the-times-of-india", "name": "The Times of India"}, "author": "PTI", "title": "Covid-19: Economic package to be announced as soon as possible, says FM Nirmala Sitharaman", "description": "India News: NEW DELHI: Finance minister Nirmala Sitharaman on Friday said an economic package for the coronavirus-hit sectors will be announced \"as soon as possib.", "url": "https://timesofindia.indiatimes.com/india/covid-19-economic-package-to-be-announced-as-soon-as-possible-says-fm-nirmala-sitharaman/articleshow/74737063.cms", "urlToImage": "https://static.toiimg.com/thumb/msid-74737091,width-1070,height-580,imgsize-186423,resizemode-75,overlay-toi_sw,pt-32,y_pad-40/photo.jpg", "publishedAt": "2020-03-20T16:08:31Z", "content": "Subscribe\r\nStart Your Daily Mornings with Times of India Newspaper!Order Now"}, {"source": {"id": "the-times-of-india", "name": "The Times of India"}, "author": "Saikat Das", "title": "Covid-19 scare freezes bond market", "description": "The cost of funds has increased for government-backed institutions as well.", "url": "https://economictimes.indiatimes.com/markets/bonds/covid-19-scare-freezes-bond-market/articleshow/74722430.cms", "urlToImage": "https://img.etimg.com/thumb/msid-74722415,width-1070,height-580,imgsize-476636,overlay-etmarkets/photo.jpg", "publishedAt": "2020-03-20T02:52:51Z", "content": "Mumbai: Bond sales have collapsed as companies and investment bankers freeze activity due to the Covid-19 pandemic. Companies, so far this month, have raised only a quarter of funds through bonds compared with March last year.\r\nThey raised Rs 35,946 crore thi\u2026 [+2505 chars]"}, {"source": {"id": "the-times-of-india", "name": "The Times of India"}, "author": "Saikat Das", "title": "Covid-19 scare freezes bond market", "description": "The cost of funds has increased for government-backed institutions as well.", "url": "https://economictimes.indiatimes.com/markets/bonds/covid-19-scare-freezes-bond-market/articleshow/74725772.cms", "urlToImage": "https://img.etimg.com/thumb/msid-74722415,width-1070,height-580,imgsize-476636,overlay-etwealth/photo.jpg", "publishedAt": "2020-03-20T02:52:51Z", "content": "Mumbai: Bond sales have collapsed as companies and investment bankers freeze activity due to the Covid-19 pandemic. Companies, so far this month, have raised only a quarter of funds through bonds compared with March last year.\r\nThey raised Rs 35,946 crore thi\u2026 [+2505 chars]"}, {"source": {"id": "the-times-of-india", "name": "The Times of India"}, "author": "PTI", "title": "Harsh Vardhan Shringla briefs on steps taken by India to combat covid-19 in con call of Indo-Pacific nations", "description": "The telephonic conference call, initiated by US deputy secretary of state Stephen Biegun for discussions among some Indo-Pacific nations on issues related to countering covid-19, also included senior representatives from Australia, South Korea, Vietnam, New Z\u2026", "url": "https://timesofindia.indiatimes.com/india/harsh-vardhan-shringla-briefs-on-steps-taken-by-india-to-combat-covid-19-in-con-call-of-indo-pacific-nations/articleshow/74728748.cms", "urlToImage": "https://static.toiimg.com/thumb/msid-74729210,width-1070,height-580,imgsize-122062,resizemode-75,overlay-toi_sw,pt-32,y_pad-40/photo.jpg", "publishedAt": "2020-03-20T08:54:39Z", "content": "Copyright \u00a9 2020 Bennett, Coleman &amp; Co. Ltd. All rights reserved. For reprint rights: Times Syndication Service"}, {"source": {"id": "the-times-of-india", "name": "The Times of India"}, "author": "ET Bureau", "title": "Covid-19 chips away at gold\u2019s safe haven status", "description": "Gold is a high quality and highly liquid asset, trading over $260 billion per day in March.", "url": "https://economictimes.indiatimes.com/markets/commodities/news/covid-19-chips-away-at-golds-safe-haven-status/articleshow/74726187.cms", "urlToImage": "https://img.etimg.com/thumb/msid-74724832,width-1070,height-580,imgsize-1264743,overlay-etwealth/photo.jpg", "publishedAt": "2020-03-20T05:49:28Z", "content": "Mumbai: Like most asset classes, gold is being affected by the unprecedented economic and financial market conditions in play around the globe, miner\u2019s lobby World Gold Council (WGC) has said in a report.\r\n\u201cWe believe that recent volatility in the gold price \u2026 [+1043 chars]"}, {"source": {"id": "the-times-of-india", "name": "The Times of India"}, "author": "Gaurav Noronha", "title": "India Inc suggests measures for the impact of Covid-19", "description": "Another recommendation suggests that MSMEs and companies in key sectors employing more than 200 people should not be allowed to fire any employees between March to May, provided they get input tax credit equivalent to salary paid beyond 15 days of work from h\u2026", "url": "https://economictimes.indiatimes.com/news/economy/policy/india-inc-suggests-measures-for-the-impact-of-covid-19/articleshow/74736559.cms", "urlToImage": "https://img.etimg.com/thumb/msid-74736955,width-1070,height-580,imgsize-152924,overlay-economictimes/photo.jpg", "publishedAt": "2020-03-20T16:18:26Z", "content": "India Inc has pitched for a fiscal stimulus of around 1 % of GDP amounting to Rs 2 lakh crore, which it has said is needed to put money in the hands of people through Aadhar based Direct Benefit Transfer to tide over the impact of Covid-19.\r\nAt the top of a l\u2026 [+1790 chars]"}, {"source": {"id": "the-times-of-india", "name": "The Times of India"}, "author": "Lubna Kably", "title": "Covid-19: Why India needs a stimulus package quickly", "description": "India Inc, especially some sectors badly impacted by Covid-19, such as hospitality and airlines, will need a lifeline. Layoffs, which seem inevitable across several sectors, will dent consumption pattern and worsen the crisis. Many companies are also sitting \u2026", "url": "https://economictimes.indiatimes.com/news/economy/policy/covid-19-why-india-needs-a-stimulus-package-quickly/articleshow/74738382.cms", "urlToImage": "https://img.etimg.com/thumb/msid-74738383,width-1070,height-580,imgsize-99754,overlay-economictimes/photo.jpg", "publishedAt": "2020-03-20T17:55:42Z", "content": "Recently, a group of professional associations appealed to the finance ministry for an extension to the March 31 deadline for paying disputed tax, under the \u2018Vivad Se Vishwas\u2019 (VSV) scheme. Up to the end of this month, this scheme enables taxpayers to settle \u2026 [+3949 chars]"}, {"source": {"id": "the-times-of-india", "name": "The Times of India"}, "author": "AP", "title": "Covid-19: Italy's death toll overtakes China\u2019s", "description": "Italy, with 60 million citizens, recorded a total of at least 3,405 deaths, or roughly 150 more than in China, a country with a population over 20 times larger. Italy has the world's second-oldest population, and the vast majority of its dead \u2014 87% \u2014 were ove\u2026", "url": "https://timesofindia.indiatimes.com/world/europe/covid-19-italys-death-toll-overtakes-chinas-as-virus-spreads/articleshow/74721696.cms", "urlToImage": "https://static.toiimg.com/thumb/msid-74721692,width-1070,height-580,imgsize-141050,resizemode-75,overlay-toi_sw,pt-32,y_pad-40/photo.jpg", "publishedAt": "2020-03-20T00:43:41Z", "content": "Copyright \u00a9 2020 Bennett, Coleman &amp; Co. Ltd. All rights reserved. For reprint rights: Times Syndication Service"}, {"source": {"id": "the-times-of-india", "name": "The Times of India"}, "author": "Pavan Burugula", "title": "Offshore funds dump blue chips as covid-19 fears plague investors", "description": "Stoppage of fresh inflows on worries of global recession are forcing foreign funds to liquidate holdings.", "url": "https://economictimes.indiatimes.com/markets/stocks/news/offshore-funds-dump-blue-chips-as-covid-19-fears-plague-investors/articleshow/74722250.cms", "urlToImage": "https://img.etimg.com/thumb/msid-74722260,width-1070,height-580,imgsize-192042,overlay-etmarkets/photo.jpg", "publishedAt": "2020-03-20T02:36:19Z", "content": "Mumbai: Offshore funds investing in India have been forced to liquidate some of their top bluechip holdings in the past month on account of stoppage of fresh inflows and increased redemptions by clients. The 34% fall in the stock market in line with the meltd\u2026 [+2693 chars]"}, {"source": {"id": "the-times-of-india", "name": "The Times of India"}, "author": null, "title": "Celebs return home amidst COVID-19", "description": "Coronavirus outbreak has not just postponed Bollywood film releases and cancelled shoots but has also forced Indian celebs staying abroad to return home. While Sonam Kapoor and Anand Ahuja flew back from London this week, yesterday Suchitra Krishnamoorthi\u2019s d\u2026", "url": "https://timesofindia.indiatimes.com/entertainment/hindi/bollywood/news/coronavirus-outbreak-sonam-kapoor-anand-ahuja-to-nysa-and-irrfan-khans-son-babil-bollywood-celebs-return-home-amidst-the-global-health-scare/photostory/74724509.cms", "urlToImage": "https://static.toiimg.com/photo/74724599.cms", "publishedAt": "2020-03-20T05:08:12Z", "content": "A joyous Suchitra Krishnamoorthi took to social media yesterday to announce that her daughter, Kaveri, was back in India. She was studying at Berklee College of Music in Boston and will be under self-quarantine for 14 days. \"The college had shut down around M\u2026 [+445 chars]"}, {"source": {"id": "the-times-of-india", "name": "The Times of India"}, "author": "TIMESOFINDIA.COM", "title": "Covid-19: John slams BMC for misinformation", "description": "Actor John Abraham came down heavily on BMC authorities after they allegedly put up hoardings and distributed pamphlets stating that coronavirus spreads from wild and pet animals.", "url": "https://timesofindia.indiatimes.com/entertainment/hindi/bollywood/news/bmc-issues-apology-after-john-abraham-slams-civic-body-for-spreading-misinformation-about-pet-animals-transmitting-coronavirus/articleshow/74733957.cms", "urlToImage": "https://static.toiimg.com/photo/msid-74733961/74733961.jpg?78196", "publishedAt": "2020-03-20T13:10:40Z", "content": null}, {"source": {"id": "the-times-of-india", "name": "The Times of India"}, "author": "TIMESOFINDIA.COM", "title": "COVID-19: Dharmendra praises Modi's address", "description": "The World Health Organization has declared Coronavirus as a pandemic. According to the Union Health Ministry, 15 cases of the novel Covid-19 have recovered so far. Yesterday, Prime Minister Modi suggested that every Indian should be vigilant. He advised not t\u2026", "url": "https://timesofindia.indiatimes.com/entertainment/hindi/bollywood/news/dharmendra-is-all-praise-for-pm-narendra-modis-address-to-the-nation-on-coronavirus-pandemic/articleshow/74724373.cms", "urlToImage": "https://static.toiimg.com/photo/msid-74724369/74724369.jpg?362194", "publishedAt": "2020-03-20T05:08:38Z", "content": null}, {"source": {"id": "the-times-of-india", "name": "The Times of India"}, "author": "Milana Rao", "title": "Covid-19: Manmeet on Kanika testing positive", "description": "ETimes got in touch with Manmeet Gulzar of \u2018Meet Bros\u2019 fame who has worked closely with Kanika. They together have songs like, \u2018Baby Doll\u2019, \u2018Thade Rahiyo\u2019, \u2018Nachdi Firangi\u2019 and others. He exclusively spoke to us about how he is worried about the singer and he\u2026", "url": "https://timesofindia.indiatimes.com/entertainment/hindi/bollywood/news/exclusive-kanika-kapoor-was-staying-with-parents-for-10-days-that-has-got-me-worried-says-manmeet-gulzar-of-meet-bros-fame/articleshow/74730307.cms", "urlToImage": "https://static.toiimg.com/photo/msid-74730307/74730307.jpg?698263", "publishedAt": "2020-03-20T10:08:59Z", "content": null}, {"source": {"id": "the-times-of-india", "name": "The Times of India"}, "author": "TIMESOFINDIA.COM", "title": "COVID-19 warning banner: Marjaavaan poster", "description": "The World Health Organisation has declared Coronavirus as a pandemic. The outbreak has caused over 10000 deaths worldwide. As there is no cure, prevention from infection is the only way to stay safe and the Governments of all the nations have asked everyone t\u2026", "url": "https://timesofindia.indiatimes.com/entertainment/hindi/bollywood/news/when-marjaavaan-poster-featuring-sidharth-malhotra-was-made-into-covid-19-warning-banner/articleshow/74739528.cms", "urlToImage": "https://static.toiimg.com/photo/msid-74739549/74739549.jpg?118422", "publishedAt": "2020-03-20T19:01:16Z", "content": null}, {"source": {"id": "the-times-of-india", "name": "The Times of India"}, "author": "IANS", "title": "COVID-19: Sona Mohapatra attacks Kanika Kapoor", "description": "Singer Sona Mohapatra has come down heavily on singer Kanika Kapoor for not being responsible enough after arriving in India from the UK earlier this month, and mingling with numerous people at several public functions despite being afflicted by the coronavir\u2026", "url": "https://timesofindia.indiatimes.com/entertainment/hindi/music/news/sona-mohapatra-attacks-kanika-kapoor-for-hiding-travel-history/articleshow/74740463.cms", "urlToImage": "https://static.toiimg.com/photo/msid-74740498/74740498.jpg?170175", "publishedAt": "2020-03-20T22:59:42Z", "content": null}, {"source": {"id": "the-times-of-india", "name": "The Times of India"}, "author": "Yogima Seth Sharma", "title": "Covid-19: EPFO urges its subscribers to avail various services online", "description": "\"In view of government of India guidelines to contain spreading of COVID-19, Employees\u2019 Provident Fund Organization (EPFO) advises it members, pensioners and employers to avail various online services offered by EPFO, from the comfort of their homes, and to a\u2026", "url": "https://economictimes.indiatimes.com/news/economy/policy/covid-19-epfo-urges-its-subscribers-to-avail-various-services-online/articleshow/74730899.cms", "urlToImage": "https://img.etimg.com/thumb/msid-74730614,width-1070,height-580,imgsize-112518,overlay-etwealth/photo.jpg", "publishedAt": "2020-03-20T10:41:36Z", "content": "Retirement fund body the Employees Provident Fund Organisation has urged its subscribers, including members, pensioners and employers, to avail various online services to avoid visiting EPFO offices to prevent the community spread of Corona virus. \r\n\"In view \u2026 [+1522 chars]"}, {"source": {"id": "the-times-of-india", "name": "The Times of India"}, "author": "TNN", "title": "California shuts down amid projections of 25m Covid-19 cases", "description": "California, whose $3.1 trillion economy is bigger than India\u2019s and ranks fifth in the world when considered as a country, has ordered a lockdown of its 40 million residents after the state governor Gavin Newsom wrote to Prez Trump that 56% of its residents, p\u2026", "url": "https://timesofindia.indiatimes.com/world/us/california-shuts-down-amid-dire-projections-of-25-million-covid-19-cases/articleshow/74736511.cms", "urlToImage": "https://static.toiimg.com/thumb/msid-74736502,width-1070,height-580,imgsize-36699,resizemode-75,overlay-toi_sw,pt-32,y_pad-40/photo.jpg", "publishedAt": "2020-03-20T15:27:32Z", "content": "Subscribe\r\nStart Your Daily Mornings with Times of India Newspaper!Order Now"}, {"source": {"id": "the-times-of-india", "name": "The Times of India"}, "author": "TIMESOFINDIA.COM", "title": "Daniel Dae Kim tests positive for COVID-19", "description": "Hollywood star Daniel Dae Kim who featured in 'Hell Boy' is the latest celebrity to have contracted with the novel Coronavirus. The 51-year-old actor took to his Instagram handle on Thursday to inform his fans that he had tested positive for the coronavirus. \u2026", "url": "https://timesofindia.indiatimes.com/entertainment/english/hollywood/news/hell-boy-actor-daniel-dae-kim-tests-positive-for-the-coronavirus/articleshow/74723392.cms", "urlToImage": "https://static.toiimg.com/photo/msid-74723386/74723386.jpg?264671", "publishedAt": "2020-03-20T03:58:03Z", "content": null}, {"source": {"id": "the-times-of-india", "name": "The Times of India"}, "author": "TIMESOFINDIA.COM", "title": "Aayush makes the most of COVID-19 quarantine", "description": "Citizens of the world are practising social distancing due to COVID-19 outbreak. The Coronavirus has caused over 10000 deaths worldwide.", "url": "https://timesofindia.indiatimes.com/entertainment/hindi/bollywood/news/photos-aayush-sharma-is-making-the-most-of-covid-19-quarantine-by-spending-time-with-his-family/articleshow/74740321.cms", "urlToImage": "https://static.toiimg.com/photo/msid-74740322/74740322.jpg?102067", "publishedAt": "2020-03-20T21:29:20Z", "content": null}, {"source": {"id": "the-times-of-india", "name": "The Times of India"}, "author": "TIMESOFINDIA.COM", "title": "Kanika's Covid-19 row: All you need to know", "description": "Kanika Kapoor is the first Bollywood celebrity to have tested positive with the novel Coronavirus. The singer shared the details of it on social media and stirred a controversy too. Reports suggested that the \u2018Baby Doll\u2019 singer had travelled from London to Mu\u2026", "url": "https://timesofindia.indiatimes.com/entertainment/hindi/music/news/from-testing-positive-for-covid-19-to-her-dads-official-statement-heres-all-you-need-to-know-about-kanika-kapoor/articleshow/74735720.cms", "urlToImage": "https://static.toiimg.com/photo/msid-74735720/74735720.jpg?735403", "publishedAt": "2020-03-20T14:38:33Z", "content": "Kanika Kapoor is the first Bollywood celebrity to have tested positive with the novel Coronavirus. The singer shared the details of it on social media and stirred a controversy too. Reports suggested that the Baby Doll singer had travelled from London to Mumb\u2026 [+4039 chars]"}, {"source": {"id": "the-times-of-india", "name": "The Times of India"}, "author": "TIMESOFINDIA.COM", "title": "VD shares a sunkissed picture amid COVID-19", "description": "Varun Dhawan has come a long way in his career with back to back stellar performances on the silver screen. The talented actor has not only impressed the audience on the celluloid but on social media as well.", "url": "https://timesofindia.indiatimes.com/entertainment/hindi/bollywood/news/varun-dhawan-shares-a-sunkissed-picture-of-himself-amid-coronavirus-lockdown-captions-it-golden-hour/articleshow/74730211.cms", "urlToImage": "https://static.toiimg.com/photo/msid-74730200/74730200.jpg?225725", "publishedAt": "2020-03-20T10:01:27Z", "content": null}, {"source": {"id": "the-times-of-india", "name": "The Times of India"}, "author": "TIMESOFINDIA.COM", "title": "Rishi Kapoor comments on Kanika COVID-19 row", "description": "Kanika Kapoor has been tested positive of COVID-19 and reportedly, the singer has come in contact with several people at a party due to which they are at high risk of getting infected. She has been rocking the headlines since the news surfaced. On the other h\u2026", "url": "https://timesofindia.indiatimes.com/entertainment/hindi/bollywood/news/rishi-kapoor-comments-on-kanika-kapoor-covid-19-row-says-aaj-kal-kuch-kapoorlogon-pe-time-bhaari-hai/articleshow/74738885.cms", "urlToImage": "https://static.toiimg.com/photo/msid-74738908/74738908.jpg?148106", "publishedAt": "2020-03-20T18:13:56Z", "content": null}, {"source": {"id": "the-times-of-india", "name": "The Times of India"}, "author": "Thadhagath Pathi", "title": "COVID-19: Big, fat Hyderabadi weddings take a hit", "description": "Corona ke side effects", "url": "https://timesofindia.indiatimes.com/entertainment/events/hyderabad/covid-19-big-fat-hyderabadi-weddings-take-a-hit/articleshow/74715094.cms", "urlToImage": "https://static.toiimg.com/photo/msid-74715094/74715094.jpg?192764", "publishedAt": "2020-03-20T00:10:00Z", "content": "With the coronavirus outbreak leading to a complete shutdown in various cities, weddings have been pushed to the back burner for many couples, who were all set to tie the knot during the auspicious Phalguna masam. Usually, the city sees a surge in the number \u2026 [+6300 chars]"}, {"source": {"id": "the-times-of-india", "name": "The Times of India"}, "author": "TIMESOFINDIA.COM", "title": "COVID-19: Virushka urge fans to stay home", "description": "Due to the COVID-19 scare, the government officials of many states have advised the citizens to stay safe at home. Even public places like the shopping malls, parks, theatres, swimming pools have been locked down until March 31. People have been asked to carr\u2026", "url": "https://timesofindia.indiatimes.com/entertainment/hindi/bollywood/news/coronavirus-pandemic-anushka-sharma-and-virat-kohli-urge-fans-to-stay-home-stay-safe-and-stay-healthy/articleshow/74724493.cms", "urlToImage": "https://static.toiimg.com/photo/msid-74724481/74724481.jpg?197060", "publishedAt": "2020-03-20T05:07:40Z", "content": null}, {"source": {"id": "the-times-of-india", "name": "The Times of India"}, "author": "TIMESOFINDIA.COM", "title": "COVID-19: B'wood may lose Rs 600-900 crore", "description": "With the entire world of entertainment coming to a standstill due to the rise in the number of people being affected by the coronavirus pandemic.", "url": "https://timesofindia.indiatimes.com/entertainment/hindi/bollywood/news/exclusive-bollywood-may-lose-nearly-rs-600-900-crore-due-to-the-coronavirus-pandemic-find-out/articleshow/74732992.cms", "urlToImage": "https://static.toiimg.com/photo/msid-74732972/74732972.jpg?456468", "publishedAt": "2020-03-20T12:15:32Z", "content": null}, {"source": {"id": "the-times-of-india", "name": "The Times of India"}, "author": "ANI", "title": "COVID-19: SRK appeals people to be careful", "description": "Megastar Shah Rukh Khan on Friday urged people to stay indoors and avoid public places and to be 'careful of misinformation' amid coronavirus pandemic.", "url": "https://timesofindia.indiatimes.com/entertainment/hindi/bollywood/news/video-shah-rukh-khan-appeals-people-to-be-careful-of-misinformation-amid-coronavirus-pandemic/articleshow/74737815.cms", "urlToImage": "https://static.toiimg.com/photo/msid-74737874/74737874.jpg?84031", "publishedAt": "2020-03-20T16:48:54Z", "content": null}, {"source": {"id": "the-times-of-india", "name": "The Times of India"}, "author": "TIMESOFINDIA.COM", "title": "COVID-19: Sonu Nigam won't return from Dubai", "description": "Sonu Nigam is currently in Dubai with his family. The singer reportedly joined his family recently and decided to be there till March 17. According to a report, he along with his family has isolated themselves to stay safe. The singer doesn't want to return t\u2026", "url": "https://timesofindia.indiatimes.com/entertainment/hindi/music/news/covid-19-sonu-nigam-wont-return-from-dubai-until-things-get-normal-to-hold-an-online-concert-on-janta-curfew-day/articleshow/74740185.cms", "urlToImage": "https://static.toiimg.com/photo/msid-74740247/74740247.jpg?107428", "publishedAt": "2020-03-20T20:26:29Z", "content": null}, {"source": {"id": "the-times-of-india", "name": "The Times of India"}, "author": null, "title": "Covid-19: AI stops blankets, reading materials on flights", "description": "In a bid to minimise cabin crew contact with passengers, Air India has for now decided to serve packed meal for some time. It is also stopping service of magazines, newspapers, cold/wet towels, and blankets with immediate effect. The airline is also temporari\u2026", "url": "https://timesofindia.indiatimes.com/business/india-business/covid-19-air-india-to-serve-packed-meal-stops-blankets-reading-material-wet-towels-on-flights/articleshow/74735469.cms", "urlToImage": null, "publishedAt": "2020-03-20T14:22:30Z", "content": null}, {"source": {"id": "the-times-of-india", "name": "The Times of India"}, "author": "Gaurav Laghate", "title": "Covid-19 impact: Disney+ India launch delayed", "description": "The Walt Disney Company has decided to delay the roll-out of Disney Plus service in India, originally scheduled on March 29th, due to suspension of the Indian Premier League till April 15th. The announcement of India roll-out was made last month by the then D\u2026", "url": "https://economictimes.indiatimes.com/industry/media/entertainment/covid19-impact-disney-india-launch-delayed/articleshow/74730391.cms", "urlToImage": "https://img.etimg.com/thumb/msid-74730465,width-1070,height-580,imgsize-61439,overlay-economictimes/photo.jpg", "publishedAt": "2020-03-20T10:34:12Z", "content": "MUMBAI: The Walt Disney Company has decided to delay the roll-out of Disney Plus service in India, originally scheduled on March 29th, due to suspension of the Indian Premier League till April 15th.\r\nThe launch of Disney Plus was planned along with the kickof\u2026 [+2820 chars]"}, {"source": {"id": "the-times-of-india", "name": "The Times of India"}, "author": "DIVYA RAJAGOPAL", "title": "Molbio Gets Testing Licence for Covid-19", "description": "Goa-based Molbio said that it has received a testing licence from the Drug Controller General of India for its Covid-19 kits, reports Divya Rajagopal. This takes the company one step closer to launching them in the Indian market. Molbio said that its test can\u2026", "url": "https://economictimes.indiatimes.com/industry/healthcare/biotech/healthcare/molbio-gets-testing-licence-for-covid-19/articleshow/74738684.cms", "urlToImage": "https://img.etimg.com/thumb/msid-74741099,width-1070,height-580,imgsize-80564,overlay-economictimes/photo.jpg", "publishedAt": "2020-03-20T23:18:12Z", "content": null}, {"source": {"id": "the-times-of-india", "name": "The Times of India"}, "author": "ET Bureau", "title": "Retailers ask govt for financial reliefs amid COVID-19 outbreak", "description": "The country\u2019s largest retail group comprising modern retailers including Future Group, Reliance Retail and Shoppers Stop have asked the government for April-June \u201cjob support subsidy\u201d of 50% of minimum wages for retail employees through direct benefit transfe\u2026", "url": "https://economictimes.indiatimes.com/industry/services/retail/retailers-ask-govt-for-financial-reliefs-amid-covid-19-outbreak/articleshow/74724464.cms", "urlToImage": "https://img.etimg.com/thumb/msid-74724528,width-1070,height-580,imgsize-266465,overlay-economictimes/photo.jpg", "publishedAt": "2020-03-20T05:31:14Z", "content": "New Delhi: Citing loss of business amid closure of stores due to the spread of the coronavirus, Retailers Association of India (RAI) has asked the government for several financial \u201creliefs\u201d including a 90-day grace period for filing income tax, GST and provid\u2026 [+1237 chars]"}, {"source": {"id": "the-times-of-india", "name": "The Times of India"}, "author": "Kailash Babar", "title": "COVID-19 impact: Construction projects hit as workers keep away", "description": "More than 30% construction workers are staying away from work sites due to fear over coronavirus infection and many of them may have returned to their villages or are planning to do so, they said. Contractors are also not keen on pushing them either.", "url": "https://economictimes.indiatimes.com/industry/services/property-/-cstruction/covid-19-impact-construction-projects-hit-as-workers-keep-away/articleshow/74738820.cms", "urlToImage": "https://img.etimg.com/thumb/msid-74738950,width-1070,height-580,imgsize-278771,overlay-economictimes/photo.jpg", "publishedAt": "2020-03-20T18:38:30Z", "content": "Mumbai: The spread of the novel coronavirus has started impacting ongoing construction projects with workers increasingly not reporting at the sites even as most developers have kept the work on for now, industry insiders said.\r\nMore than 30% construction wor\u2026 [+1309 chars]"}, {"source": {"id": "the-times-of-india", "name": "The Times of India"}, "author": "Saloni Shukla", "title": "SBI announces emergency credit line in light of COVID-19", "description": "\u201cWith a view to provide some degree of relief to the borrowers whose operations are impacted by Covid 19, it is decided by the Bank to make available additional credit facilities to the eligible existing borrowers by way of ad-hoc facilities i.e COVID 19 emer\u2026", "url": "https://economictimes.indiatimes.com/industry/banking/finance/banking/sbi-announces-emergency-credit-line-in-light-of-covid-19/articleshow/74737506.cms", "urlToImage": "https://img.etimg.com/thumb/msid-74737491,width-1070,height-580,imgsize-137327,overlay-economictimes/photo.jpg", "publishedAt": "2020-03-20T16:50:37Z", "content": "Mumbai: India\u2019s largest lender State Bank of India became the first bank to open an emergency credit facility for borrowers affected by the Coronavirus outbreak. In a three-page departmental circular addressed to all its chief general managers, the state-owne\u2026 [+2060 chars]"}, {"source": {"id": "the-times-of-india", "name": "The Times of India"}, "author": "PTI", "title": "14 firms get license to evaluate COVID-19 tests kits", "description": "Roche Diagnostics India and other 13 Indian firms include CoSara Diagnostics from Ahmedabad and CPC Diagnostics from Chennai. All these companies will evaluate the quality of testing kits and submit their data to the Drug Controller General of India.", "url": "https://economictimes.indiatimes.com/industry/healthcare/biotech/pharmaceuticals/14-firms-get-license-to-evaluate-covid-19-tests-kits/articleshow/74733915.cms", "urlToImage": "https://img.etimg.com/thumb/msid-74733899,width-1070,height-580,imgsize-439731,overlay-economictimes/photo.jpg", "publishedAt": "2020-03-20T13:18:08Z", "content": "New Delhi: Fourteen private companies including Swiss firm Roche Diagnostics India have been given test license by the drug regulator DCGI for evaluation of the quality of COVID-19 testing kits, a CDSCO official said.\r\nApart from Roche Diagnostics India, rest\u2026 [+1627 chars]"}, {"source": {"id": "the-times-of-india", "name": "The Times of India"}, "author": "ET Bureau", "title": "COVID-19: Milkfed to keep supply steady in Punjab", "description": "Punjab Cooperation Minister S. Sukhjinder Singh Randhawa made an appeal to the people not to get panic since Milkfed as of today is processing 16 % more milk as compared to March last year. The Minister states that Milkfed had made elaborate arrangements to e\u2026", "url": "https://economictimes.indiatimes.com/industry/cons-products/food/covid-19-milkfed-to-keep-supply-steady-in-punjab/articleshow/74735584.cms", "urlToImage": "https://img.etimg.com/thumb/msid-74735576,width-1070,height-580,imgsize-178282,overlay-economictimes/photo.jpg", "publishedAt": "2020-03-20T14:50:09Z", "content": "CHANDIGARH: Punjab Cooperation Minister S. Sukhjinder Singh Randhawa today said that the supply of milk would continue uninterruptedly across the state and advised the people not to get panicky in wake of COVID-19.\r\nWhile the consumer services being provided \u2026 [+2428 chars]"}, {"source": {"id": "the-times-of-india", "name": "The Times of India"}, "author": "Dipanjan Roy Chaudhury", "title": "Diplomatic missions in India enforce strict rules to prevent spread of Covid-19", "description": "From minimising visitors to embassies to avoiding bigger gatherings to minimising non-essential meetings, Delhi-based diplomatic missions have adopted a multi-pronged approach to contain spread of the virus. Non-essential meetings are being avoided and some e\u2026", "url": "https://economictimes.indiatimes.com/news/politics-and-nation/diplomatic-missions-in-india-enforce-strict-rules-to-prevent-spread-of-covid-19/articleshow/74723419.cms", "urlToImage": "https://img.etimg.com/thumb/msid-74723450,width-1070,height-580,imgsize-260434,overlay-economictimes/photo.jpg", "publishedAt": "2020-03-20T04:20:13Z", "content": "NEW DELHI: India\u2019s national capital Delhi houses numerous embassies from countries all over the world and many of them are enforcing strict rules to contain the spread of Coronavirus.\r\nFrom minimising visitors to embassies to avoiding bigger gatherings to min\u2026 [+2213 chars]"}, {"source": {"id": "the-times-of-india", "name": "The Times of India"}, "author": "PTI", "title": "Armed forces have 4 quarantine facilities on standby: Nodal officer for Covid-19 cases", "description": "Currently, there are 58 people at the Indian Air Force's Hindon facility, 44 at the Indian Navy's facility, 484 people at the Army's Jaisalmer facility and 82 people at its Manesar facility, who are in quarantine. \"The Jaisalmer facility is on standby to acco\u2026", "url": "https://economictimes.indiatimes.com/news/defence/armed-forces-have-4-quarantine-facilities-on-standby-nodal-officer-for-covid-19-cases/articleshow/74732923.cms", "urlToImage": "https://img.etimg.com/thumb/msid-74733044,width-1070,height-580,imgsize-759392,overlay-etdefence/photo.jpg", "publishedAt": "2020-03-20T12:33:35Z", "content": "NEW DELHI: The Indian armed forces have kept quarantine facilities on standby in four cities -- Jaisalmer, Jodhpur, Vizag and Gorakhpur -- to accommodate around 1,000 people if required, said Brigadier Anupam Sharma, the nodal officer for coordinating efforts\u2026 [+905 chars]"}, {"source": {"id": "the-times-of-india", "name": "The Times of India"}, "author": "Teena Thacker", "title": "Covid-19 spread: Poor conditions of quarantine facilities come into focus in India", "description": "The unhygienic or inhospitable conditions of Dwarka soon became viral on social media sites as passengers shot videos and started uploading them to highlight the collective plight.", "url": "https://economictimes.indiatimes.com/news/politics-and-nation/poor-conditions-of-quarantine-facilities-come-into-focus/articleshow/74738682.cms", "urlToImage": "https://img.etimg.com/thumb/msid-74741054,width-1070,height-580,imgsize-164348,overlay-economictimes/photo.jpg", "publishedAt": "2020-03-20T23:18:03Z", "content": "New Delhi: Ambuj Puri (name changed) along with his four friends landed at Delhi\u2019s Indira Gandhi International Airport from Paris early on Monday morning. After experiencing a harrowing time at the airport, waiting to be screened, Puri said they were loaded i\u2026 [+4920 chars]"}, {"source": {"id": "the-times-of-india", "name": "The Times of India"}, "author": "Kirtika Suneja", "title": "Pharma, auto, electronics may get hit due to Covid-19: Piyush Goyal", "description": "Commerce and industry minister Piyush Goyal said that the outbreak of coronavirus may have an impact on Indian industries such as pharmaceuticals, automobile and electronics industries and cancellation of two prestigious diamond exhibitions in Hong Kong are f\u2026", "url": "https://economictimes.indiatimes.com/news/economy/policy/pharma-auto-electronics-may-get-hit-due-to-covid-19-piyush-goyal/articleshow/74735980.cms", "urlToImage": "https://img.etimg.com/thumb/msid-74736009,width-1070,height-580,imgsize-356805,overlay-economictimes/photo.jpg", "publishedAt": "2020-03-20T15:20:27Z", "content": "New Delhi: Commerce and industry minister Piyush Goyal on Friday told Rajya Sabha that the disruption in business activities in China may have an impact on Indian industries such as pharmaceuticals, automobile and electronics industries, which depend on China\u2026 [+3150 chars]"}, {"source": {"id": "the-times-of-india", "name": "The Times of India"}, "author": "Akshatha Machina", "title": "State likely to enlist private hospitals if Covid-19 scourge grows", "description": "Karnataka, with 15 confirmed cases of Covid-19, is looking at collaborating with private hospitals in case it needs help. The patients who have tested positive so far are being treated at designated government hospitals only.", "url": "https://economictimes.indiatimes.com/news/politics-and-nation/state-likely-to-enlist-private-hospitals-if-covid-19-scourge-grows/articleshow/74724429.cms", "urlToImage": "https://img.etimg.com/thumb/msid-74724440,width-1070,height-580,imgsize-533367,overlay-economictimes/photo.jpg", "publishedAt": "2020-03-20T05:26:03Z", "content": "BENGALURU: Karnataka, with 15 confirmed cases of Covid-19, is looking at collaborating with private hospitals in case it needs help. The patients who have tested positive so far are being treated at designated government hospitals only.\r\nData accessed by ET o\u2026 [+2979 chars]"}, {"source": {"id": "the-times-of-india", "name": "The Times of India"}, "author": "Yogima Seth Sharma", "title": "Covid-19: EPFO urges its subscribers to avail various services online", "description": "\"In view of government of India guidelines to contain spreading of COVID-19, Employees\u2019 Provident Fund Organization (EPFO) advises it members, pensioners and employers to avail various online services offered by EPFO, from the comfort of their homes, and to a\u2026", "url": "https://economictimes.indiatimes.com/news/economy/policy/covid-19-epfo-urges-its-subscribers-to-avail-various-services-online/articleshow/74730626.cms", "urlToImage": "https://img.etimg.com/thumb/msid-74730614,width-1070,height-580,imgsize-112518,overlay-economictimes/photo.jpg", "publishedAt": "2020-03-20T10:41:36Z", "content": "Retirement fund body the Employees Provident Fund Organisation has urged its subscribers, including members, pensioners and employers, to avail various online services to avoid visiting EPFO offices to prevent the community spread of Corona virus. \r\n\"In view \u2026 [+1522 chars]"}, {"source": {"id": "the-times-of-india", "name": "The Times of India"}, "author": "PTI", "title": "IPL stares at USD 1-billion value erosion on Covid-19 threat", "description": "As of now, the BCCI has not taken a final call on the IPL season which is expected on April 15. If cancelled, India will not be the lone loser as dozens of much larger cash-flowing matches across the world have already been called off and the fate of the Toky\u2026", "url": "https://economictimes.indiatimes.com/news/sports/ipl-stares-at-usd-1-billion-value-erosion-on-covid-19-threat/articleshow/74732336.cms", "urlToImage": "https://img.etimg.com/thumb/msid-74732328,width-1070,height-580,imgsize-395166,overlay-economictimes/photo.jpg", "publishedAt": "2020-03-20T12:03:58Z", "content": "MUMBAI: The prized BCCI cash-cow IPL may see a massive value erosion of USD 1 billion over its last year valuation if the game is called off this year due to the Covid-19 pandemic, says a report.\r\nAccording to the global advisory firm Duff &amp; Phelps, the b\u2026 [+1358 chars]"}, {"source": {"id": "the-times-of-india", "name": "The Times of India"}, "author": "PTI", "title": "One fresh case of COVID-19 in Telangana; total rises to 17", "description": "An 18-year-old woman, a resident of the city who returned from London, become the latest to test positive, a media bulletin issued by the state government said.", "url": "https://economictimes.indiatimes.com/news/politics-and-nation/one-fresh-case-of-covid-19-in-telangana-total-rises-to-17/articleshow/74733987.cms", "urlToImage": "https://img.etimg.com/thumb/msid-74733983,width-1070,height-580,imgsize-264954,overlay-economictimes/photo.jpg", "publishedAt": "2020-03-20T13:36:48Z", "content": "HYDERABAD: A fresh case of coronavirus was reported in Telagana on Friday, taking the total number of those who tested positive for the infection in the state to 17.\r\nAn 18-year-old woman, a resident of the city who returned from London, become the latest to \u2026 [+1418 chars]"}, {"source": {"id": "the-times-of-india", "name": "The Times of India"}, "author": "Dipanjan Roy Chaudhury", "title": "India shares measures with Indo-Pacific region states to combat Covid-19", "description": "Indian Foreign Secretary Harsh Vardhan Shringla briefed the participants on the proactive steps taken by India both nationally and in the region under the Prime Minister's leadership. He conveyed India\u2019s desire to regularly share its perspectives with partner\u2026", "url": "https://economictimes.indiatimes.com/news/defence/india-shares-measures-with-indo-pacific-region-states-to-combat-covid-19/articleshow/74728105.cms", "urlToImage": "https://img.etimg.com/thumb/msid-74728169,width-1070,height-580,imgsize-441732,overlay-etdefence/photo.jpg", "publishedAt": "2020-03-20T08:44:19Z", "content": "NEW DELHI: Indian Foreign Secretary Harsh Vardhan Shringla on Friday participated in a telephonic conference call initiated by U.S. Deputy Secretary of State Stephen Biegun for discussions among some countries in the Indo-Pacific region on issues related to c\u2026 [+861 chars]"}, {"source": {"id": "the-times-of-india", "name": "The Times of India"}, "author": "Manu Pubby", "title": "Amarinder Singh asks PM Modi for fiscal package to combat COVID 19 crisis", "description": "Speaking at the video conference with the PM, Singh also said that testing facilities need to be scaled up, requesting that tests need to be conducted at private hospitals and labs to check the spread of the virus. The CM also asked the PM to allow payment of\u2026", "url": "https://economictimes.indiatimes.com/news/politics-and-nation/amarinder-singh-asks-pm-modi-for-fiscal-package-to-combat-covid-19-crisis/articleshow/74736623.cms", "urlToImage": "https://img.etimg.com/thumb/msid-74737481,width-1070,height-580,imgsize-114352,overlay-economictimes/photo.jpg", "publishedAt": "2020-03-20T16:49:20Z", "content": "Punjab Chief Minister Amarinder Singh has asked Prime Minister Narendra Modi to put together a fiscal package to combat any upcoming economic crisis due to the spread of COVID 19 and has suggested that the ban on international flights should be extended to at\u2026 [+1760 chars]"}, {"source": {"id": "the-times-of-india", "name": "The Times of India"}, "author": "TNN", "title": "Covid-19: KSRTC makes masks for staff", "description": "BENGALURU: Rising to the occasion, Karnataka State Road Transport Corporation (KSRTC) has begun manufacturing masks for its staff to prevent the sprea.", "url": "https://timesofindia.indiatimes.com/city/bengaluru/ksrtc-makes-masks-for-staff-to-help-prevent-spread-of-covid-19/articleshow/74727609.cms", "urlToImage": "https://static.toiimg.com/thumb/msid-74727649,width-1070,height-580,imgsize-445554,resizemode-75,overlay-toi_sw,pt-32,y_pad-40/photo.jpg", "publishedAt": "2020-03-20T07:57:09Z", "content": "Copyright \u00a9 2020 Bennett, Coleman &amp; Co. Ltd. All rights reserved. For reprint rights: Times Syndication Service"}, {"source": {"id": "the-times-of-india", "name": "The Times of India"}, "author": "PTI", "title": "COVID-19: Total 236 coronavirus cases in India, says ICMR", "description": "\"A total of 15,404 samples from 14,514 individuals have been tested for SARS-CoV2 as on 20th March 2020 6 PM. A total of 236 individuals have been confirmed positive among suspected cases and contacts of known positive cases,\" Indian Council for Medical Resea\u2026", "url": "https://economictimes.indiatimes.com/news/politics-and-nation/covid-19-total-236-coronavirus-cases-in-india-says-icmr/articleshow/74739018.cms", "urlToImage": "https://img.etimg.com/thumb/msid-74739040,width-1070,height-580,imgsize-441727,overlay-economictimes/photo.jpg", "publishedAt": "2020-03-20T18:43:46Z", "content": "NEW DELHI: COVID-19 cases rose to 236 in India after 63 fresh cases were reported in a day, as per the ICMR on Friday while the Union health ministry figure stood at 223, as the governments in the national capital and Maharashtra announced shutdown of public \u2026 [+5534 chars]"}, {"source": {"id": "the-times-of-india", "name": "The Times of India"}, "author": "Bikash Singh", "title": "Covid-19: Issuance of NRC rejection slip postponed", "description": "Following the outbreak of COVID-19, the National Register of Citizens (NRC) authorities will postpone the process of issuing rejection slips to those left out of the final register published last year. The exercise was slated to start from March 20.", "url": "https://economictimes.indiatimes.com/news/politics-and-nation/covid-19-issuance-of-nrc-rejection-slip-postponed/articleshow/74723313.cms", "urlToImage": "https://img.etimg.com/thumb/msid-74723300,width-1070,height-580,imgsize-971554,overlay-economictimes/photo.jpg", "publishedAt": "2020-03-20T04:09:08Z", "content": "GUWAHATI: Following the outbreak of COVID-19, the National Register of Citizens (NRC) authorities will postpone the process of issuing rejection slips to those left out of the final register published last year. The exercise was slated to start from March 20.\u2026 [+3534 chars]"}, {"source": {"id": "the-times-of-india", "name": "The Times of India"}, "author": "ET Bureau", "title": "Companies to fill COVID-19 readiness form", "description": "All firms and partnerships will have to file Company Affirmation of Readiness towards COVID-19 or CAR on March 23 when this form will be made available.", "url": "https://economictimes.indiatimes.com/news/company/corporate-trends/companies-to-fill-covid-19-readiness-form/articleshow/74739026.cms", "urlToImage": "https://img.etimg.com/thumb/msid-74739021,width-1070,height-580,imgsize-160248,overlay-economictimes/photo.jpg", "publishedAt": "2020-03-20T18:42:03Z", "content": "NEW DELHI: The ministry of corporate affairs has asked companies to allow employees to \u2018work from home\u2019 and unveiled a new web-based form to capture compliance with the measure taken to stall the progress of Covid-19.\r\nAll firms and partnerships will have to \u2026 [+478 chars]"}, {"source": {"id": "the-times-of-india", "name": "The Times of India"}, "author": "Indiatimes", "title": "As COVID-19 Spreads, India Gets Battle Ready", "description": "India is seeing an increase in the number of COVID-19 cases. According to the Indian Council of Medical Research (ICMR), India is in the second stage of transmissions. This is called the local transmission stage. Because of this, the administration has intens\u2026", "url": "https://www.indiatimes.com/videos/india/as-covid-19-spreads-india-gets-battle-ready-508849.html", "urlToImage": "https://im.indiatimes.in/content/2020/Mar/3B418296-1885-471A-B4E7-72BC8C8D111A_5e7465524606a.jpg", "publishedAt": "2020-03-20T06:18:15Z", "content": "Copyright \u00a9 2020 Times Internet Limited. Powered by Indiatimes Lifestyle Network. All rights reserved"}, {"source": {"id": "the-times-of-india", "name": "The Times of India"}, "author": "IANS", "title": "Covid-19: US urges citizens to avoid international travel", "description": "The US State Department has raised travel advisory to Level 4, which instructs its citizens to avoid all international travels amid the COVID-19 outbreak.", "url": "https://economictimes.indiatimes.com/news/international/world-news/covid-19-us-urges-citizens-to-avoid-international-travel/articleshow/74722794.cms", "urlToImage": "https://img.etimg.com/thumb/msid-74722783,width-1070,height-580,imgsize-610732,overlay-economictimes/photo.jpg", "publishedAt": "2020-03-20T03:23:58Z", "content": "WASHINGTON: The US State Department has raised travel advisory to Level 4, which instructs its citizens to avoid all international travels amid the COVID-19 outbreak.\r\n\"In countries where commercial departure options remain available, US citizens who live in \u2026 [+1437 chars]"}, {"source": {"id": "the-times-of-india", "name": "The Times of India"}, "author": "TNN", "title": "\u2018Covid-19 most infectious in early days\u2019", "description": "New data emerging from Wuhan in China, the epicenter of Covid-19, has shown that patients continue to \u2018shed\u2019 the coronavirus between eight and 37 days of contracting it, but WHO has recommended a quarantine period of 14 days. However, local virologists feel t\u2026", "url": "https://timesofindia.indiatimes.com/city/mumbai/covid-19-most-infectious-in-early-days/articleshow/74724944.cms", "urlToImage": "https://static.toiimg.com/thumb/msid-74724931,width-1070,height-580,imgsize-181546,resizemode-75,overlay-toi_sw,pt-32,y_pad-40/photo.jpg", "publishedAt": "2020-03-20T05:35:12Z", "content": "Copyright \u00a9 2020 Bennett, Coleman &amp; Co. Ltd. All rights reserved. For reprint rights: Times Syndication Service"}, {"source": {"id": "the-times-of-india", "name": "The Times of India"}, "author": "PTI", "title": "No scientific evidence to establish link between ibuprofen and worsening of Covid-19: Sanofi", "description": "The company's statement comes in the wake of the World Health Organisation (WHO) stating earlier this week that people suffering from COVID-19-like symptoms should avoid self-medicating with ibuprofen after French authorities warned anti-inflammatory drugs co\u2026", "url": "https://economictimes.indiatimes.com/industry/healthcare/biotech/pharmaceuticals/no-scientific-evidence-to-establish-link-between-ibuprofen-and-worsening-of-covid-19-sanofi/articleshow/74731607.cms", "urlToImage": "https://img.etimg.com/thumb/msid-74731660,width-1070,height-580,imgsize-581345,overlay-economictimes/photo.jpg", "publishedAt": "2020-03-20T11:34:01Z", "content": "NEW DELHI: French pharma major Sanofi on Friday said there is currently no scientific evidence establishing a link between ibuprofen and worsening of COVID-19.\r\nThe company's statement comes in the wake of the World Health Organisation (WHO) stating earlier t\u2026 [+1290 chars]"}, {"source": {"id": "the-times-of-india", "name": "The Times of India"}, "author": "Sharmistha Mukherjee", "title": "Covid-19: Bike companies offer record discounts to liquidate BS-IV inventory", "description": "In the face of a sharp downturn in footfalls across automobile showrooms in the country, two-wheeler makers are extending record discounts to liquidate inventory of BS-IV-compliant models amid an outbreak of coronavirus.", "url": "https://economictimes.indiatimes.com/industry/auto/two-wheelers-three-wheelers/covid-19-bike-companies-offer-record-discounts-to-liquidate-bs-iv-inventory/articleshow/74724986.cms", "urlToImage": "https://img.etimg.com/thumb/msid-74724955,width-1070,height-580,imgsize-935023,overlay-economictimes/photo.jpg", "publishedAt": "2020-03-20T05:57:29Z", "content": "NEW DELHI: In the face of a sharp downturn in footfalls across automobile showrooms in the country, two-wheeler makers are extending record discounts to liquidate inventory of BS-IV-compliant models amid an outbreak of coronavirus.\r\nThe discounts on offer ran\u2026 [+2476 chars]"}, {"source": {"id": "the-times-of-india", "name": "The Times of India"}, "author": "PTI", "title": "COVID-19: Air India says 'insurmountable' dip in revenues, issues various cost-cutting measures", "description": "\"In the wake of recent global developments and the serious impact of COVID-19 pandemic...there is an insurmountable dip in the revenue which calls for stringent measures to reduced our costs,\" said an Air India office order to all its employees. \u200b", "url": "https://economictimes.indiatimes.com/industry/transportation/airlines-/-aviation/covid-19-air-india-says-insurmountable-dip-in-revenues-issues-various-cost-cutting-measures/articleshow/74736600.cms", "urlToImage": "https://img.etimg.com/thumb/msid-74736631,width-1070,height-580,imgsize-153773,overlay-economictimes/photo.jpg", "publishedAt": "2020-03-20T15:56:50Z", "content": "NEW DELHI: Air India informed its employees on Friday that it is taking various cost-cutting measures, including decreasing allowances for all employees, except cabin crew, by 10 per cent for three months as there is an \"insurmountable dip\" in the revenues du\u2026 [+1118 chars]"}, {"source": {"id": "the-times-of-india", "name": "The Times of India"}, "author": "Sagar Malviya", "title": "Hindustan Unilever to slash prices of hygiene products, pledge Rs 100 crore to fight Covid-19", "description": "\"In crisis like this, companies have a big role to play. We are working closely with the Governments and our partners to ensure that we overcome this global health crisis together,\" said Sanjiv Mehta, chairman and managing director of HUL, the first company t\u2026", "url": "https://economictimes.indiatimes.com/industry/cons-products/fmcg/hindustan-unilever-to-slash-prices-of-hygiene-products-pledge-rs-100-crore-to-fight-covid-19/articleshow/74736977.cms", "urlToImage": "https://img.etimg.com/thumb/msid-74737136,width-1070,height-580,imgsize-69454,overlay-economictimes/photo.jpg", "publishedAt": "2020-03-20T16:32:21Z", "content": "MUMBAI: Hindustan Unilever, India's biggest consumer goods firm, said it will drop prices of essential hygiene products by 15% and committed about Rs 100 crore in an effort to slow the spread of novel coronavirus. The Indian unit of Anglo-Dutch consumer giant\u2026 [+1730 chars]"}, {"source": {"id": "the-times-of-india", "name": "The Times of India"}, "author": null, "title": "Covid-19: Saina, Ashwini express shock over shuttler testing +ve", "description": "India shuttlers, including Saina Nehwal, expressed shock after reports emerged that a sparring partner of the Taiwanese national team, who was in Birmingham during the All England Championship, tested positive for the coronavirus. Reports said that the teenag\u2026", "url": "https://timesofindia.indiatimes.com/sports/badminton/covid-19-saina-nehwal-ashwini-ponappa-express-shock-over-reports-of-taiwanese-player-testing-positive/articleshow/74736959.cms", "urlToImage": "https://static.toiimg.com/thumb/msid-74737066,width-1070,height-580,imgsize-1689481,resizemode-75,overlay-toi_sw,pt-32,y_pad-40/photo.jpg", "publishedAt": "2020-03-20T16:05:20Z", "content": null}, {"source": {"id": "the-times-of-india", "name": "The Times of India"}, "author": null, "title": "COVID-19 : ECB likely to prioritise The Hundred, T20 Blast", "description": "The England Cricket Board is likely to prioritise the inaugural season of 'The Hundred' and T20 competition 'Vitality Blast' as the board looks to draw contingency plans due to the coronavirus pandemic.", "url": "https://timesofindia.indiatimes.com/sports/cricket/news/covid-19-ecb-likely-to-prioritise-the-hundred-t20-blast/articleshow/74723657.cms", "urlToImage": "https://static.toiimg.com/thumb/msid-74723654,width-1070,height-580,imgsize-159240,resizemode-75,overlay-toi_sw,pt-32,y_pad-40/photo.jpg", "publishedAt": "2020-03-20T04:13:36Z", "content": "LONDON: The England Cricket Board is likely to prioritise the inaugural season of 'The Hundred' and T20 competition 'Vitality Blast' as the board looks to draw contingency plans due to the coronavirus pandemic.\r\nThe cricket season in England is most likely to\u2026 [+949 chars]"}, {"source": {"id": "the-times-of-india", "name": "The Times of India"}, "author": null, "title": "BWF cancels five more tournaments amid COVID-19 pandemic", "description": "The Badminton World Federation (BWF) on Friday suspended five more tournaments, including three continental championships crucial for Tokyo Olympics qualification but stripped of that significance now, in view of the COVID-19 pandemic in the host cities.", "url": "https://timesofindia.indiatimes.com/sports/badminton/bwf-cancels-five-more-tournaments-amid-covid-19-pandemic/articleshow/74732556.cms", "urlToImage": "https://static.toiimg.com/thumb/msid-74732563,width-1070,height-580,imgsize-182513,resizemode-75,overlay-toi_sw,pt-32,y_pad-40/photo.jpg", "publishedAt": "2020-03-20T11:55:34Z", "content": "NEW DELHI: The Badminton World Federation (BWF) on Friday suspended five more tournaments, including three continental championships crucial for Tokyo Olympics qualification but stripped of that significance now, in view of the COVID-19 pandemic in the host c\u2026 [+2477 chars]"}, {"source": {"id": "the-times-of-india", "name": "The Times of India"}, "author": "PTI", "title": "Offer immediate liquidity to services sector; take fiscal & monetary steps to fight Covid-19: Crisil", "description": "In the best-case scenario, supply-chain normalisation is possible only by end May provided the rate of new Covid-19 cases continues to fall in China.", "url": "https://economictimes.indiatimes.com/markets/stocks/news/offer-immediate-liquidity-to-services-sector-take-fiscal-monetary-steps-to-fight-covid-19-crisil/articleshow/74730895.cms", "urlToImage": "https://img.etimg.com/thumb/msid-74730940,width-1070,height-580,imgsize-961622,overlay-etmarkets/photo.jpg", "publishedAt": "2020-03-20T10:57:47Z", "content": "Mumbai: Calling for urgent liquidity support to the worst-hit services sector, Crisil has opined that only a mix of monetary and fiscal boosters can help the economy tide over the deepening impact of the Covid-19 pandemic.\r\nImmediate short to mid-term liquidi\u2026 [+3033 chars]"}, {"source": {"id": "the-times-of-india", "name": "The Times of India"}, "author": "TNN", "title": "Rly official hid Covid-19 +ve son in guest house", "description": "South Western Railway on Thursday suspended an employee for allegedly using the railway guest house to quarantine her son, who had returned from Madrid and later tested positive for Covid-19.", "url": "https://timesofindia.indiatimes.com/city/bengaluru/railway-official-in-bengaluru-who-hid-her-covid-19-positive-son-in-guest-house-suspended/articleshow/74726199.cms", "urlToImage": "https://static.toiimg.com/thumb/msid-74726226,width-1070,height-580,imgsize-97894,resizemode-75,overlay-toi_sw,pt-32,y_pad-40/photo.jpg", "publishedAt": "2020-03-20T06:43:28Z", "content": "Copyright \u00a9 2020 Bennett, Coleman &amp; Co. Ltd. All rights reserved. For reprint rights: Times Syndication Service"}, {"source": {"id": "the-times-of-india", "name": "The Times of India"}, "author": "Amit Mudgill", "title": "Up to 150% surge! After Covid hit, this stock could be a multibagger in the making!", "description": "Based on recent management commentary, analysts have cut earnings estimates for the company.", "url": "https://economictimes.indiatimes.com/markets/stocks/news/up-to-150-surge-after-covid-hit-this-stock-could-be-a-multibagger-in-the-making/articleshow/74723714.cms", "urlToImage": "https://img.etimg.com/thumb/msid-74723719,width-1070,height-580,imgsize-26501,overlay-etmarkets/photo.jpg", "publishedAt": "2020-03-20T04:43:09Z", "content": "NEW DELHI: Down 60 per cent year-to-date, this ancillary maker is among the worst-hit auto large component stocks on BSE. But as life get back to normal in China, a major supplier, things should look up for the company.\r\nBased on the recent management comment\u2026 [+3118 chars]"}, {"source": {"id": "the-times-of-india", "name": "The Times of India"}, "author": "ETMarkets.com", "title": "Cadila, Torrent, Ipca Labs surge as malaria drug found effective against Covid-19", "description": "Trump touted that generic malaria drug hydroxychloroquine has been used with some success in treating Covid-19.", "url": "https://economictimes.indiatimes.com/markets/stocks/news/cadila-torrent-ipca-labs-surge-as-malaria-drug-found-effective-against-covid-19/articleshow/74728180.cms", "urlToImage": "https://img.etimg.com/thumb/msid-74728189,width-1070,height-580,imgsize-116938,overlay-etmarkets/photo.jpg", "publishedAt": "2020-03-20T08:46:03Z", "content": "NEW DELHI: Shares of some drug makers surged up to 17 per cent on Friday after it was reported that a malaria drug may be effective in coronavirus treatment.\r\nThe US President Donald Trump touted that generic malaria drug hydroxychloroquine has been used with\u2026 [+1091 chars]"}, {"source": {"id": "the-times-of-india", "name": "The Times of India"}, "author": "PTI", "title": "Hotels may see 20-40% fall in occupancy rates in Mar-May due to COVID-19: Report", "description": "While the plunge in occupancy could be 30-40% for mid-scale and two-star hotels, the same for four-star hotels and above categories could be 20-25% for the next three months beginning March -- which is peak season due to summer holidays and weddings, the repo\u2026", "url": "https://economictimes.indiatimes.com/industry/services/hotels-/-restaurants/hotels-may-see-20-40-fall-in-occupancy-rates-in-mar-may-due-to-covid-19-report/articleshow/74735852.cms", "urlToImage": "https://img.etimg.com/thumb/msid-74735845,width-1070,height-580,imgsize-936548,overlay-economictimes/photo.jpg", "publishedAt": "2020-03-20T15:07:19Z", "content": "Mumbai: Hotels in India are staring at a steep 20 to 40 per cent fall in occupancy rates during the three months ending May as lockdowns due to COVID-19 (coronavirus) escalate, a report has said.\r\nThis is two to four times the impact the industry had seen dur\u2026 [+1592 chars]"}, {"source": {"id": "the-times-of-india", "name": "The Times of India"}, "author": "PTI", "title": "Covid-19: Finance Ministry to hold meeting to address issues raised by affected sectors", "description": "On Thursday, Prime Minister Narendra Modi in his address to the nation had said the government is setting up a 'Covid-19 Economic Response Task Force' to decide on relief package for sectors hit by the coronavirus outbreak.", "url": "https://economictimes.indiatimes.com/news/politics-and-nation/covid-19-finance-ministry-to-hold-meeting-on-issues-raised-by-affected-sectors/articleshow/74735011.cms", "urlToImage": "https://img.etimg.com/thumb/msid-74734987,width-1070,height-580,imgsize-143297,overlay-economictimes/photo.jpg", "publishedAt": "2020-03-20T14:23:26Z", "content": "NEW DELHI: Finance Minister Nirmala Sitharaman on Friday met ministers and officials of civil aviation, animal husbandry, tourism and MSME ministries to take stock of the situation following the coronavirus outbreak.\r\nThe finance ministry is compiling various\u2026 [+436 chars]"}, {"source": {"id": "the-times-of-india", "name": "The Times of India"}, "author": "Dipanjan Roy Chaudhury", "title": "India extends Covid assistance worth $ 1 million under SAARC emergency fund", "description": "Within days of PM Narendra Modi announcing creation of a $10-million SAARC emergency fund, India has shipped various medical supplies, testing equipment and sanitisers.", "url": "https://economictimes.indiatimes.com/news/politics-and-nation/india-extends-covid-assistance-worth-1-million-under-saarc-emergency-fund/articleshow/74722067.cms", "urlToImage": "https://img.etimg.com/thumb/msid-74722101,width-1070,height-580,imgsize-734139,overlay-economictimes/photo.jpg", "publishedAt": "2020-03-20T02:18:41Z", "content": "NEW DELHI: India, within days of PM Narendra Modi\u2019s announcement of creation of $10 million SAARC Emergency Fund to fight Covid-19, has supplied various medical supplies, testing equipment and sanitisers among other items to Maldivesrg, Sri Lanka, Afghanistan\u2026 [+3389 chars]"}, {"source": {"id": "the-times-of-india", "name": "The Times of India"}, "author": "KC Archana", "title": "Mother Breaks Down After Diapers Fly Off The Shelves During COVID-19 Panic Buying", "description": "Click here to read about a US woman who posted a heartwrenching video after she couldn't find diapers owing to panic buying, Lauren went to Walmart to buy diapers for her daughter and broke into tears after she found out that the size she needed was sold out.", "url": "https://www.indiatimes.com/trending/human-interest/mother-breaks-down-after-diapers-fly-off-the-shelves-during-covid-19-panic-buying-508835.html", "urlToImage": "https://im.indiatimes.in/content/2020/Mar/US-mother-_5e744c59e3850.jpg", "publishedAt": "2020-03-20T04:15:47Z", "content": "Ever since the sudden spike in cases of coronavirus, it's been hard to miss pictures and videos of empty supermarket shelves and people with trolleys full of essential commodities like toilet rolls, hand sanitisers and food.\u00a0\r\nTikTok\r\nWhat's worse is to see p\u2026 [+1994 chars]"}]}