{"status": "ok", "totalResults": 87, "articles": [{"source": {"id": "the-times-of-india", "name": "The Times of India"}, "author": "ANI", "title": "12 passengers tested +ve for Covid-19: Railways", "description": "Twelve people, who have travelled by two different trains recently, have been tested positive for coronavirus, said the Railway Ministry on Saturday. While eight of the 12 passengers had travelled from Delhi to Ramagundam on AP Sampark Kranti Express on March\u2026", "url": "https://timesofindia.indiatimes.com/india/12-passengers-tested-positive-for-covid-19-indian-railways/articleshow/74746745.cms", "urlToImage": "https://static.toiimg.com/thumb/msid-74746917,width-1070,height-580,imgsize-67840,resizemode-75,overlay-toi_sw,pt-32,y_pad-40/photo.jpg", "publishedAt": "2020-03-21T10:49:52Z", "content": "8 passengers who had travelled on AP Sampark Kranti Express from Delhi to Ramagundam on 13th March have tested posi https://t.co/7L0Pc6UQyY\r\n\u2014 Ministry of Railways (@RailMinIndia) 1584777033000"}, {"source": {"id": "the-times-of-india", "name": "The Times of India"}, "author": "TNN", "title": "US military steps up to fight Covid-19", "description": "More than 70 million Americans, nearly a fifth of the nation\u2019s population, are in lockdown as the United States wages an unprecedented battle against the Covid-19 pandemic amid a brutal unmasking of the country\u2019s inadequacies and unpreparedness.", "url": "https://timesofindia.indiatimes.com/world/us/us-military-steps-up-to-fight-covid-19-as-20-of-america-is-shut-down/articleshow/74750859.cms", "urlToImage": "https://static.toiimg.com/thumb/msid-74751321,width-1070,height-580,imgsize-208594,resizemode-75,overlay-toi_sw,pt-32,y_pad-40/photo.jpg", "publishedAt": "2020-03-21T14:52:51Z", "content": "Subscribe\r\nStart Your Daily Mornings with Times of India Newspaper!Order Now"}, {"source": {"id": "the-times-of-india", "name": "The Times of India"}, "author": "ANI", "title": "Covid-19: Total cases in Pakistan cross 500 mark", "description": "Pakistan Prime Minister Imran Khan has refused to impose a nationwide lockdown despite the cases of coronavirus in the country crossing 500. There have been three COVID-19 deaths in Pakistan so far and the total number of confirmed cases has gone up to 501. S\u2026", "url": "https://timesofindia.indiatimes.com/world/pakistan/coronavirus-tally-crosses-500-defiant-pak-pm-refuses-to-impose-lockdown/articleshow/74743314.cms", "urlToImage": "https://static.toiimg.com/thumb/msid-74743329,width-1070,height-580,imgsize-1353823,resizemode-75,overlay-toi_sw,pt-32,y_pad-40/photo.jpg", "publishedAt": "2020-03-21T06:08:11Z", "content": "Subscribe\r\nStart Your Daily Mornings with Times of India Newspaper!Order Now"}, {"source": {"id": "the-times-of-india", "name": "The Times of India"}, "author": "AFP", "title": "Why Italy? The factors behind Covid-19 disaster", "description": "One of the first factors almost everyone who looks at the figures points to is Italians' average age. The median age of the overall population was 45.4 last year -- greater than anywhere else in Europe. It is also seven years higher than the median age in Chi\u2026", "url": "https://timesofindia.indiatimes.com/world/europe/why-italy-the-factors-behind-a-coronavirus-disaster/articleshow/74752307.cms", "urlToImage": "https://static.toiimg.com/thumb/msid-74752347,width-1070,height-580,imgsize-1182295,resizemode-75,overlay-toi_sw,pt-32,y_pad-40/photo.jpg", "publishedAt": "2020-03-21T16:39:02Z", "content": "Subscribe\r\nStart Your Daily Mornings with Times of India Newspaper!Order Now"}, {"source": {"id": "the-times-of-india", "name": "The Times of India"}, "author": "TNN", "title": "Covid-19: Establishments advised to blow sirens at 5pm", "description": "In view of Prime Minister\u2019s appeal to countrymen to observe a 14-hour \u2018janata curfew\u2019 on Sunday and applaud all those in the forefront of fighting Covid-19 at 5 pm. Union home secretary Ajay Bhalla has written to chief secretaries and administrators of all st\u2026", "url": "https://timesofindia.indiatimes.com/india/establishments-advised-to-blow-sirens-at-5pm/articleshow/74754430.cms", "urlToImage": "https://static.toiimg.com/thumb/msid-74754438,width-1070,height-580,imgsize-405442,resizemode-75,overlay-toi_sw,pt-32,y_pad-40/photo.jpg", "publishedAt": "2020-03-21T23:41:40Z", "content": "Subscribe\r\nStart Your Daily Mornings with Times of India Newspaper!Order Now"}, {"source": {"id": "the-times-of-india", "name": "The Times of India"}, "author": "PTI", "title": "Covid-19: Bengal prison inmates clash with guards", "description": "KOLKATA: Inmates clashed with guards at the Dumdum Correctional Home here on Saturday, pelting stones and setting jail property on fire over the state.", "url": "https://timesofindia.indiatimes.com/city/kolkata/coronavirus-prison-inmates-in-bengal-clash-with-guards-after-denied-meeting-with-families/articleshow/74750211.cms", "urlToImage": "https://static.toiimg.com/thumb/msid-74750414,width-1070,height-580,imgsize-91219,resizemode-75,overlay-toi_sw,pt-32,y_pad-40/photo.jpg", "publishedAt": "2020-03-21T14:01:14Z", "content": "Subscribe\r\nStart Your Daily Mornings with Times of India Newspaper!Order Now"}, {"source": {"id": "the-times-of-india", "name": "The Times of India"}, "author": "IANS", "title": "Covid-19: French researcher reports successful drug trial", "description": "Amid the novel coronavirus scare around the world, a French researcher has reported successful trial of a new treatment line for Covid-19, with early tests suggesting it can stop the virus from becoming contagious in just six days. According to connexionfranc\u2026", "url": "https://timesofindia.indiatimes.com/world/europe/covid-19-french-researcher-reports-successful-drug-trial/articleshow/74754225.cms", "urlToImage": "https://static.toiimg.com/thumb/msid-74754225,width-1070,height-580,imgsize-11880,resizemode-75,overlay-toi_sw,pt-32,y_pad-40/photo.jpg", "publishedAt": "2020-03-21T19:50:33Z", "content": "Subscribe\r\nStart Your Daily Mornings with Times of India Newspaper!Order Now"}, {"source": {"id": "the-times-of-india", "name": "The Times of India"}, "author": "Bikash Singh", "title": "Covid -19: Assam invokes Epidemic Act", "description": "Covid -19: Assam invokes Epidemic ActFollowing the pandemic, Assam state Election commission has deferred election to Bodoland Territorial Council. Election was slated for April 4. Assam government and opposition Congress had sought deferment of polls to the \u2026", "url": "https://economictimes.indiatimes.com/news/politics-and-nation/covid-19-assam-invokes-epidemic-act/articleshow/74744572.cms", "urlToImage": "https://img.etimg.com/thumb/msid-74744565,width-1070,height-580,imgsize-677364,overlay-economictimes/photo.jpg", "publishedAt": "2020-03-21T07:42:49Z", "content": "GUWAHATI: To combat the COVID-19, Assam government has invoked Epidemic Act 1897 to prevent the spread of disease. Assam government has decided to transfer $2000 to those people from Assam stranded outside the country.\r\nFollowing the pandemic, Assam state Ele\u2026 [+2378 chars]"}, {"source": {"id": "the-times-of-india", "name": "The Times of India"}, "author": "PTI", "title": "COVID-19: Man with no foreign-travel history tests positive in Bengal", "description": "KOLKATA: A 57-year-old man with no history of travelling abroad tested positive for novel coronavirus in West Bengal, making it the fourth confirmed c.", "url": "https://timesofindia.indiatimes.com/city/kolkata/covid-19-man-with-no-foreign-travel-history-tests-positive-in-bengal/articleshow/74751399.cms", "urlToImage": "https://static.toiimg.com/thumb/msid-74751394,width-1070,height-580,imgsize-95880,resizemode-75,overlay-toi_sw,pt-32,y_pad-40/photo.jpg", "publishedAt": "2020-03-21T15:23:45Z", "content": "Subscribe\r\nStart Your Daily Mornings with Times of India Newspaper!Order Now"}, {"source": {"id": "the-times-of-india", "name": "The Times of India"}, "author": "TNN", "title": "Pvt labs with USFDA-approved kits can start testing for Covid-19", "description": "The government has decided that private laboratories with Covid-19 testing kits approved by the US Food and Drug Administration (US FDA) can start testing suspected cases, significantly adding to the scope and numbers of persons who are being tested. The cost\u2026", "url": "https://timesofindia.indiatimes.com/india/pvt-labs-with-usfda-approved-kits-can-start-testing-for-covid-19/articleshow/74754107.cms", "urlToImage": "https://static.toiimg.com/thumb/msid-74754121,width-1070,height-580,imgsize-387712,resizemode-75,overlay-toi_sw,pt-32,y_pad-40/photo.jpg", "publishedAt": "2020-03-21T20:30:00Z", "content": "Subscribe\r\nStart Your Daily Mornings with Times of India Newspaper!Order Now"}, {"source": {"id": "the-times-of-india", "name": "The Times of India"}, "author": "Aman Sharma", "title": "Scale up COVID-19 testing: CMs to PM", "description": "Scale up COVID-19 testing: CMs to PMPrime Minister Narendra Modi on Friday interacted with Chief Ministers of all states via video conferencing to discuss measures to combat COVID-19 and told them that the next 3-4 weeks were crucial in efforts to contain the\u2026", "url": "https://economictimes.indiatimes.com/news/politics-and-nation/scale-up-covid-19-testing-involve-private-sector-stop-flights-immediately-cms-to-pm/articleshow/74742006.cms", "urlToImage": "https://img.etimg.com/thumb/msid-74742159,width-1070,height-580,imgsize-108010,overlay-economictimes/photo.jpg", "publishedAt": "2020-03-21T04:32:28Z", "content": "NEW DELHI: Chief Ministers have asked the Prime Minister for augmentation of testing facilities for COVID-19, an immediate international flights ban, greater support to vulnerable sections, advancement of financial disbursement for 2020-21 to the states and u\u2026 [+2828 chars]"}, {"source": {"id": "the-times-of-india", "name": "The Times of India"}, "author": "PTI", "title": "Covid-19: Mumbai Metro One to suspend operations on Sunday", "description": "The Mumbai Metro One, which runs between Ghatkopar and Versova, is widely used by Mumbaikars to cut travel time between western and central suburbs.", "url": "https://economictimes.indiatimes.com/news/politics-and-nation/covid-19-mumbai-metro-one-to-suspend-operations-on-sunday/articleshow/74745868.cms", "urlToImage": "https://img.etimg.com/thumb/msid-74745940,width-1070,height-580,imgsize-242013,overlay-economictimes/photo.jpg", "publishedAt": "2020-03-21T09:27:26Z", "content": "MUMBAI: The Mumbai Metro One will suspend its operations on Sunday to support Prime Minister Narendra Modi's call for 'janata' curfew in wake of coronavirus outbreak. \r\nThe transport body announced the move through its official Twitter handle @MumMetro. \r\n\"In\u2026 [+697 chars]"}, {"source": {"id": "the-times-of-india", "name": "The Times of India"}, "author": "Meera Mohanty", "title": "AIIMS Bhubaneswar says no lapse in COVID-19 guidelines", "description": "In a press briefing on Friday evening the government said it had traced 43 out of the 46 people that the patient had come into contact with. Official spokesperson, Subroto Bagchi said, \u201cEight teams were working on war-footing to contact these people.\u201d AIIMS w\u2026", "url": "https://economictimes.indiatimes.com/news/politics-and-nation/aiims-bhubaneswar-says-no-lapse-in-covid-19-guidelines/articleshow/74744619.cms", "urlToImage": "https://img.etimg.com/thumb/msid-74744686,width-1070,height-580,imgsize-614902,overlay-economictimes/photo.jpg", "publishedAt": "2020-03-21T07:50:51Z", "content": "Bhubaneswar: All India Institute of Medical Sciences in Bhubaneswar, Odisha sought to allay fears of any breach in protocol in the testing of a second COVID 19 positive patient in Odisha. The patient, a nineteen year old student and the second person to test \u2026 [+2598 chars]"}, {"source": {"id": "the-times-of-india", "name": "The Times of India"}, "author": "PTI", "title": "Maharashtra: Covid-19 patient in Aurangabad recovers, tests negative", "description": "The woman, with travel history to Russia and Kazakhstan, had tested positive for the virus on March 13, district health officer Dr Sundar Kulkarni told. Her latest swab reports after treatment have come out negative, he said.", "url": "https://economictimes.indiatimes.com/news/politics-and-nation/maharashtra-covid-19-patient-in-aurangabad-recovers-tests-negative/articleshow/74746778.cms", "urlToImage": "https://img.etimg.com/thumb/msid-74746823,width-1070,height-580,imgsize-439731,overlay-economictimes/photo.jpg", "publishedAt": "2020-03-21T10:38:10Z", "content": "Aurangabad, Maharashtra: Covid-19 patient in Aurangabad recovers, tests negative Aurangabad, Mar 21 () The woman, who tested positive for coronavirus in Maharashtra's Aurangabad district, has now tested negative for the infection following treatment, an offic\u2026 [+597 chars]"}, {"source": {"id": "the-times-of-india", "name": "The Times of India"}, "author": "ANI", "title": "COVID-19 : Indian Embassy issues advisory, asks Indians to contact USCIS for visa extension", "description": "The advisory comes after the Indian government announced that no international commercial passenger aircraft will be allowed into India from midnight of March 22 to March 29.", "url": "https://economictimes.indiatimes.com/news/politics-and-nation/covid-19-indian-embassy-issues-advisory-asks-indians-to-contact-uscis-for-visa-extension/articleshow/74741941.cms", "urlToImage": "https://img.etimg.com/thumb/msid-74741988,width-1070,height-580,imgsize-283876,overlay-economictimes/photo.jpg", "publishedAt": "2020-03-21T04:10:28Z", "content": "WASHINGTON: Indian Embassy here on Friday (local time) issued a travel advisory asking Indian nationals to contact US Citizenship and Immigration Services (USCIS) for extension of visa in the US amid travel restrictions imposed in the backdrop of coronavirus \u2026 [+1513 chars]"}, {"source": {"id": "the-times-of-india", "name": "The Times of India"}, "author": "PTI", "title": "PM Modi thanks Maldives, Bhutan, Nepal for contributing to COVID-19 emergency fund", "description": "Prime Minister Narendra Modi thanked the Maldives for contributing to the COVID-19 emergency fund to tackle the spread of the deadly virus in the SAARC countries.", "url": "https://economictimes.indiatimes.com/news/politics-and-nation/pm-modi-thanks-maldives-bhutan-nepal-for-contributing-to-covid-19-emergency-fund/articleshow/74747933.cms", "urlToImage": "https://img.etimg.com/thumb/msid-74748167,width-1070,height-580,imgsize-546135,overlay-economictimes/photo.jpg", "publishedAt": "2020-03-21T11:46:08Z", "content": "Prime Minister Narendra Modi on Saturday thanked the Maldives for contributing to the COVID-19 emergency fund to tackle the spread of the deadly virus in the SAARC countries. On Friday, he had thanked Bhutan and Nepal for their contributions to the fund. \r\nAd\u2026 [+1772 chars]"}, {"source": {"id": "the-times-of-india", "name": "The Times of India"}, "author": "PTI", "title": "Establishments asked not to sack employees in view of Covid-19", "description": "Maharashtra State Labour commissioner Mahendra Kalyankar has said that if any worker goes on leave, he should be deemed to be on duty without consequential deduction in wages for this period.", "url": "https://economictimes.indiatimes.com/news/politics-and-nation/establishments-asked-not-to-sack-employees-in-view-of-covid-19/articleshow/74745984.cms", "urlToImage": "https://img.etimg.com/thumb/msid-74746050,width-1070,height-580,imgsize-279048,overlay-economictimes/photo.jpg", "publishedAt": "2020-03-21T09:37:10Z", "content": "MUMBAI: The Maharashtra government on Saturday asked the private and public establishments in the state not to terminate the services of its employees even if they go on leave in view of the coronavirus outbreak. \r\nIt also asked these establishments not to de\u2026 [+1008 chars]"}, {"source": {"id": "the-times-of-india", "name": "The Times of India"}, "author": "Alok Brahmbhatt", "title": "Gujarat government rides on tech to check Covid-19 - Ahmedabad Mirror", "description": "District authorities have been checking mobile tower-based location of infected persons and families to retrace movements and identify those who came in contact with them", "url": "https://ahmedabadmirror.indiatimes.com/ahmedabad/others/gujarat-government-rides-on-tech-to-check-covid-19/articleshow/74739952.cms", "urlToImage": "https://static.toiimg.com/photo/imgsize-62867,msid-74739960/74739960.jpg", "publishedAt": "2020-03-21T00:41:04Z", "content": "District authorities\r\n have been checking mobile tower-based location of infected persons and families to retrace movements and identify those who came in contact with themGujarat government has begun contact tracing of people who came in touch with the seven\u2026 [+3076 chars]"}, {"source": {"id": "the-times-of-india", "name": "The Times of India"}, "author": "Rohan Abraham", "title": "Reduced headcount in Google\u2019s offices due to COVID-19, tech giant puts Chrome OS release on hold - Economic Times", "description": "Reduced headcount in Google\u2019s offices due to COVID-19, tech giant puts Chrome OS release on hold Economic Times", "url": "https://economictimes.indiatimes.com/magazines/panache/reduced-headcount-in-googles-offices-due-to-covid-19-tech-giant-puts-chrome-os-release-on-hold/articleshow/74743640.cms", "urlToImage": "https://img.etimg.com/thumb/msid-74743906,width-1070,height-580,imgsize-1237498,overlay-etpanache/photo.jpg", "publishedAt": "2020-03-21T07:11:01Z", "content": "With the coronavirus gaining ground in the United States, Big Tech has decided to err on the side of caution. Google announced today that it is putting on hold the upcoming Chrome and Chrome OS releases \u201cdue to adjusted work schedules.\u201d\r\nGoogle, however, conf\u2026 [+4224 chars]"}, {"source": {"id": "the-times-of-india", "name": "The Times of India"}, "author": "TNN", "title": "Covid-19: Complete lockdown in four MP districts - Times of India", "description": "Covid-19: Complete lockdown in four MP districts Times of India Madhya Pradesh sees first Covid-19 cases; four test positive for novel coronavirus in Jabalpur Moneycontrol Madhya Pradesh reports 4 coronavirus cases; 3 from same family with travel history to D\u2026", "url": "https://timesofindia.indiatimes.com/city/bhopal/covid-19-complete-lock-down-in-four-mp-districts/articleshow/74748099.cms", "urlToImage": "https://static.toiimg.com/thumb/msid-74748170,width-1070,height-580,imgsize-55380,resizemode-75,overlay-toi_sw,pt-32,y_pad-40/photo.jpg", "publishedAt": "2020-03-21T13:22:11Z", "content": "Subscribe\r\nStart Your Daily Mornings with Times of India Newspaper!Order Now"}, {"source": {"id": "the-times-of-india", "name": "The Times of India"}, "author": "TIMESOFINDIA.COM", "title": "Coronavirus recovery: Having COVID-19 was the worst feeling ever - Times of India", "description": "A 60-year-old woman who survived COVID-19 tells how she felt dealing with the disease. Dr. Clare Gerada, General Pr", "url": "https://timesofindia.indiatimes.com/life-style/health-fitness/health-news/coronavirus-recovery-having-covid-19-was-the-worst-feeling-ever/articleshow/74749040.cms", "urlToImage": "https://static.toiimg.com/photo/msid-74749002/74749002.jpg?1771522", "publishedAt": "2020-03-21T18:48:55Z", "content": "A 60-year-old woman who survived COVID-19 tells how she felt dealing with the disease. Dr. Clare Gerada, General Practitioner in Lambeth, South London, and former chair of the Royal College of GPs is a coronavirus survivor from UK. \r\nShe recalls how she was p\u2026 [+2391 chars]"}, {"source": {"id": "the-times-of-india", "name": "The Times of India"}, "author": "TNN", "title": "TDB invites technology proposals for fighting Covid-19", "description": "India News: BENGALURU: The Technology Development Board (TDB), a statutory body under Department of Science and Technology has invited proposals from Indian compa.", "url": "https://timesofindia.indiatimes.com/india/tdb-invites-technology-proposals-for-fighting-covid-19/articleshow/74750955.cms", "urlToImage": "https://static.toiimg.com/thumb/msid-74751043,width-1070,height-580,imgsize-1338427,resizemode-75,overlay-toi_sw,pt-32,y_pad-40/photo.jpg", "publishedAt": "2020-03-21T14:38:33Z", "content": "Subscribe\r\nStart Your Daily Mornings with Times of India Newspaper!Order Now"}, {"source": {"id": "the-times-of-india", "name": "The Times of India"}, "author": "PTI", "title": "Covid-19: Indian embassies worldwide reach out to distressed nationals", "description": "The Indian embassies in several countries have issued advisories for its nationals who wish to travel back home before India's week-long ban, imposed to contain the spread of the deadly novel coronavirus, on international commercial flights comes into force o\u2026", "url": "https://timesofindia.indiatimes.com/india/covid-19-indian-embassies-worldwide-reach-out-to-distressed-nationals/articleshow/74745473.cms", "urlToImage": "https://static.toiimg.com/thumb/msid-74745651,width-1070,height-580,imgsize-405267,resizemode-75,overlay-toi_sw,pt-32,y_pad-40/photo.jpg", "publishedAt": "2020-03-21T08:51:10Z", "content": "Subscribe\r\nStart Your Daily Mornings with Times of India Newspaper!Order Now"}, {"source": {"id": "the-times-of-india", "name": "The Times of India"}, "author": "TNN", "title": "Bengal\u2019s Covid aid: Free ration for 7.85cr people", "description": "Reaching out to people inconvenienced by the Covid-19 outbreak, the West Bengal government on Friday announced that people getting subsidised rice at Rs 2 a kg and wheat at Rs 3 a kg will now get them free (maximum of five kilos a month). The relief package w\u2026", "url": "https://timesofindia.indiatimes.com/india/bengals-covid-aid-free-ration-for-7-85cr-people/articleshow/74754344.cms", "urlToImage": "https://static.toiimg.com/thumb/msid-74754342,width-1070,height-580,imgsize-64632,resizemode-75,overlay-toi_sw,pt-32,y_pad-40/photo.jpg", "publishedAt": "2020-03-21T22:23:26Z", "content": "Subscribe\r\nStart Your Daily Mornings with Times of India Newspaper!Order Now"}, {"source": {"id": "the-times-of-india", "name": "The Times of India"}, "author": "TNN", "title": "Covid-19: 4 states seal borders, Rajasthan orders lockdown", "description": "Maharashtra, Goa, Bihar and West Bengal have sealed their borders for buses from March 22 to March 31. Mizoram suspended issuing inner line permits with immediate effect to stop people from outside from entering the state. In Maharashtra, restrictions on entr\u2026", "url": "https://timesofindia.indiatimes.com/india/covid-19-4-states-seal-borders-rajasthan-orders-lockdown/articleshow/74754254.cms", "urlToImage": "https://static.toiimg.com/thumb/msid-74754253,width-1070,height-580,imgsize-448967,resizemode-75,overlay-toi_sw,pt-32,y_pad-40/photo.jpg", "publishedAt": "2020-03-21T20:04:29Z", "content": "Subscribe\r\nStart Your Daily Mornings with Times of India Newspaper!Order Now"}, {"source": {"id": "the-times-of-india", "name": "The Times of India"}, "author": "TIMESOFINDIA.COM", "title": "'Reduced frequency of public transport, work from home': Govt issues Covid-19 guidelines on social distancing", "description": "India News: NEW DELHI: The ministry of health and family welfar have issued a set of guidelines for states and Union territories on social distancing which they c.", "url": "https://timesofindia.indiatimes.com/india/reduced-frequency-of-public-transport-work-from-home-govt-issues-covid-19-guidelines-on-social-distancing/articleshow/74745234.cms", "urlToImage": "https://static.toiimg.com/thumb/msid-74745332,width-1070,height-580,imgsize-1293049,resizemode-75,overlay-toi_sw,pt-32,y_pad-40/photo.jpg", "publishedAt": "2020-03-21T08:23:35Z", "content": "Social distancing is a non-pharmaceutical infection prevention and control interventionimplemented to avoid/decrease contact between those who are infected with a disease causing pathogen and those who are not, so as to stop or slow down the rate and extentof\u2026 [+161 chars]"}, {"source": {"id": "the-times-of-india", "name": "The Times of India"}, "author": "IANS", "title": "'Reduced frequency of public transport, alternate seating': Govt issues Covid-19 guidelines on social distancing", "description": "Asserting the measures taken by states and union territories are not uniform, the Central government on Saturday issued a slew of guidelines on social distancing in the wake of coronavirus outbreak.", "url": "https://timesofindia.indiatimes.com/india/reduced-frequency-of-public-transport-alternate-seating-govt-issues-covid-19-guidelines-on-social-distancing/articleshow/74745192.cms", "urlToImage": "https://static.toiimg.com/thumb/msid-74745323,width-1070,height-580,imgsize-270612,resizemode-75,overlay-toi_sw,pt-32,y_pad-40/photo.jpg", "publishedAt": "2020-03-21T08:22:18Z", "content": "Subscribe\r\nStart Your Daily Mornings with Times of India Newspaper!Order Now"}, {"source": {"id": "the-times-of-india", "name": "The Times of India"}, "author": "TNN", "title": "UP first to roll out aid scheme for Covid-hit daily wagers", "description": "The Uttar Pradesh government on Saturday announced financial assistance through direct bank transfers to daily wage workers in the state, who stand to lose employment during the current coronavirus-linked slowdown. This makes UP the first state to implement a\u2026", "url": "https://timesofindia.indiatimes.com/india/up-first-to-roll-out-aid-scheme-for-covid-hit-daily-wagers/articleshow/74754258.cms", "urlToImage": "https://static.toiimg.com/thumb/msid-74754260,width-1070,height-580,imgsize-547768,resizemode-75,overlay-toi_sw,pt-32,y_pad-40/photo.jpg", "publishedAt": "2020-03-21T20:18:25Z", "content": "Subscribe\r\nStart Your Daily Mornings with Times of India Newspaper!Order Now"}, {"source": {"id": "the-times-of-india", "name": "The Times of India"}, "author": "PTI", "title": "Covid-19: Bihar shuts down bus services, restaurants, banquet halls till March 31", "description": "The Bihar government on Saturday ordered shutting down of bus services, restaurants and banquet halls across the state till March 31 to prevent the spread of novel coronavirus, officials said.", "url": "https://timesofindia.indiatimes.com/india/covid-19-bihar-shuts-down-bus-services-restaurants-banquet-halls-till-march-31/articleshow/74748838.cms", "urlToImage": "https://static.toiimg.com/thumb/msid-74748860,width-1070,height-580,imgsize-310448,resizemode-75,overlay-toi_sw,pt-32,y_pad-40/photo.jpg", "publishedAt": "2020-03-21T12:21:17Z", "content": "Subscribe\r\nStart Your Daily Mornings with Times of India Newspaper!Order Now"}, {"source": {"id": "the-times-of-india", "name": "The Times of India"}, "author": "Malini Goyal", "title": "Covid-19 crisis: How the deadly virus hints at a looming financial crisis", "description": "The International Labour Organization estimates that Covid-19 will destroy up to 25 million jobs. According to the UNCTAD, it will likely cost the global economy between $1 trillion and $2 trillion in 2020. Even when the pandemic had affected only 30 people i\u2026", "url": "https://economictimes.indiatimes.com/news/economy/finance/covid-19-crisis-how-the-deadly-virus-hints-at-a-looming-financial-crisis/articleshow/74752200.cms", "urlToImage": "https://img.etimg.com/thumb/msid-74752206,width-1070,height-580,imgsize-1325048,overlay-economictimes/photo.jpg", "publishedAt": "2020-03-21T17:41:00Z", "content": "Covid-19 has created not just a health emergency but a financial crisis. It could not have come at a worse time for India, already in the middle of a slowdown. \r\nET Magazine looks at the impact on businesses and workforce \u2014 and why India is particularly vulne\u2026 [+13470 chars]"}, {"source": {"id": "the-times-of-india", "name": "The Times of India"}, "author": "Joel Rebello", "title": "Indian banks seek easier loan repayment, NPA classification due to Covid-19", "description": "IBA has made a five-point wish-list for the consideration of the RBI, and the request to defer term-loan installments for six months tops that charter of demands. Also on the list is an extension of the time period for classification of NPAs on short term loa\u2026", "url": "https://economictimes.indiatimes.com/industry/banking/finance/banking/indian-banks-seek-more-time-over-bad-loan-classification/articleshow/74743448.cms", "urlToImage": "https://img.etimg.com/thumb/msid-74737193,width-1070,height-580,imgsize-119260,overlay-etmarkets/photo.jpg", "publishedAt": "2020-03-21T06:43:55Z", "content": "MUMBAI: Indian bankers want the regulator to ease rules on loan recovery timelines to give borrowers the breathing space and monetary health they need to pay back, with large swathes of the economy choked by the lockdown mandated to contain the spread of the \u2026 [+3078 chars]"}, {"source": {"id": "the-times-of-india", "name": "The Times of India"}, "author": "TIMESOFINDIA.COM", "title": "Deepika on Covid-19 impact on environment", "description": "While grieving the loss of over 10,000 lives and empathizing with those infected with the virus, Deepika Padukone also pointed out the positive impact the lockdown has had on the environment.", "url": "https://timesofindia.indiatimes.com/entertainment/hindi/bollywood/news/deepika-padukone-points-out-the-positive-impact-of-covid-19-shutdown-on-the-environment/articleshow/74751048.cms", "urlToImage": "https://static.toiimg.com/photo/msid-74751022/74751022.jpg?107850", "publishedAt": "2020-03-21T14:39:50Z", "content": null}, {"source": {"id": "the-times-of-india", "name": "The Times of India"}, "author": "Bikash Singh", "title": "COVID-19: Meghalaya observes one-day shutdown", "description": "\u200b\u200bLife came to a standstill as markets, offices, commercial establishments remained shut and public transport stayed off the roads. The call for a 24-hour statewide shutdown was given by chief minister Conrad K Sangma on Friday.", "url": "https://economictimes.indiatimes.com/news/politics-and-nation/covid-19-meghalaya-observes-one-day-shutdown/articleshow/74750882.cms", "urlToImage": "https://img.etimg.com/thumb/msid-74754247,width-1070,height-580,imgsize-249346,overlay-economictimes/photo.jpg", "publishedAt": "2020-03-21T20:04:32Z", "content": "GUWAHATI: Meghalaya on Saturday observed a 24-hour shutdown as a precautionary measure to prevent spread of coronavirus.\r\nLife came to a standstill as markets, offices, commercial establishments remained shut and public transport stayed off the roads. \r\nThe c\u2026 [+1614 chars]"}, {"source": {"id": "the-times-of-india", "name": "The Times of India"}, "author": "TIMESOFINDIA.COM", "title": "Celebs root for pets amidst Covid-19 pandemic", "description": "Actors like, Arjun Kapoor, Kriti Sanon, John Abraham, Sonali Bendre, Mini Mathur and others have been sharing pictures with their pets and animals in general along with information stating that animals are safe and that they should not abandon them in times o\u2026", "url": "https://timesofindia.indiatimes.com/entertainment/hindi/bollywood/news/from-arjun-kapoor-to-kriti-sanon-bollywood-celebs-root-for-their-fur-buddies-amidst-coronavirus-pandemic/articleshow/74746849.cms", "urlToImage": "https://static.toiimg.com/photo/msid-74746849/74746849.jpg?806056", "publishedAt": "2020-03-21T10:26:19Z", "content": null}, {"source": {"id": "the-times-of-india", "name": "The Times of India"}, "author": "IANS", "title": "Noida housing society sealed after new COVID-19 case", "description": "Gautam Buddha Nagar District Magistrate B.N. Singh in a letter addressed to Uttar Pradesh Chief Secretary, Principal Secretary and other officials, passed an order for sealing the housing society.", "url": "https://economictimes.indiatimes.com/news/politics-and-nation/noida-housing-society-sealed-after-new-covid-19-case/articleshow/74743926.cms", "urlToImage": "https://img.etimg.com/thumb/msid-74743926,width-1070,height-580,imgsize-419985,overlay-economictimes/photo.jpg", "publishedAt": "2020-03-21T06:55:05Z", "content": "NOIDA: A group housing society in Noida Sector 74 on Saturday was sealed as one of the residents tested positive for COVID-19 infection.\r\nGautam Buddha Nagar District Magistrate B.N. Singh in a letter addressed to Uttar Pradesh Chief Secretary, Principal Secr\u2026 [+936 chars]"}, {"source": {"id": "the-times-of-india", "name": "The Times of India"}, "author": "ET Online", "title": "Test ET Covid-19 Tracker", "description": "This tracker will give you a sense of the Coronavirus spread across many states", "url": "https://economictimes.indiatimes.com/news/politics-and-nation/test-et-covid-19-tracker/articleshow/74750649.cms", "urlToImage": "https://img.etimg.com/photo/65498029.cms", "publishedAt": "2020-03-21T14:28:50Z", "content": null}, {"source": {"id": "the-times-of-india", "name": "The Times of India"}, "author": "PTI", "title": "Indian Pharmaceutical Alliance commits to help fight Covid-19", "description": "The statement further said that the alliance is working closely with the International generic and biosimilar medicines association, the WHO, the Association of Affordable Medicines in the US, Medicines for Europe, and several other country associations to un\u2026", "url": "https://economictimes.indiatimes.com/industry/healthcare/biotech/pharmaceuticals/indian-pharmaceutical-alliance-commits-to-help-fight-covid-19/articleshow/74747735.cms", "urlToImage": "https://img.etimg.com/thumb/msid-74747923,width-1070,height-580,imgsize-680538,overlay-economictimes/photo.jpg", "publishedAt": "2020-03-21T11:36:05Z", "content": "MUMBAI: The national pharma lobby Indian Pharmaceutical Alliance (IPA) on Saturday said it will take every step to ensure that all coronavirus patients get timely access to medicines. Towards this, the alliance and its members are working with the governments\u2026 [+1128 chars]"}, {"source": {"id": "the-times-of-india", "name": "The Times of India"}, "author": "IANS", "title": "Covid-19: Railways puts brake on 709 trains on Saturday", "description": "The Indian Railways has already announced the suspension of train services of over 3,700 passenger locomotives and long-distance mail and express trains, which were scheduled to start their journeys on Sunday due to call of 'Janata Curfew'.", "url": "https://economictimes.indiatimes.com/industry/transportation/railways/covid-19-railways-puts-brake-on-709-trains-on-saturday/articleshow/74743111.cms", "urlToImage": "https://img.etimg.com/thumb/msid-74743150,width-1070,height-580,imgsize-322698,overlay-economictimes/photo.jpg", "publishedAt": "2020-03-21T05:48:39Z", "content": "NEW DELHI: In the wake of the highly contagious coronavirus and the call given by prime minister Narendra Modi to observe 'Janata Curfew' on Sunday, the Indian railways on Saturday decided to put brakes on as many as 709 trains.\r\nAccording to information, 584\u2026 [+755 chars]"}, {"source": {"id": "the-times-of-india", "name": "The Times of India"}, "author": "Reuters", "title": "Pakistan suspends international flights for two weeks to contain COVID-19", "description": "\"The Government of Pakistan has decided to suspend operation of all international passenger, chartered and private flights to Pakistan, effective from 21st March 2020 (2000 hrs PST) to 4th April 2020 (2000 hrs PST),\" it said in a statement. Cargo and diplomat\u2026", "url": "https://economictimes.indiatimes.com/news/international/world-news/pakistan-suspends-international-flights-for-two-weeks-to-contain-covid-19/articleshow/74747418.cms", "urlToImage": "https://img.etimg.com/thumb/msid-74747414,width-1070,height-580,imgsize-42259,overlay-economictimes/photo.jpg", "publishedAt": "2020-03-21T11:15:59Z", "content": "ISLAMABAD: Pakistan on Saturday suspended all international flight operations for two weeks in a bid to contain the coronavirus pandemic, the civil aviation authority said.\r\n\"The Government of Pakistan has decided to suspend operation of all international pas\u2026 [+276 chars]"}, {"source": {"id": "the-times-of-india", "name": "The Times of India"}, "author": "K R Balasubramanyam", "title": "Covid-19 : Kerala prohibits public gatherings", "description": "All religious and cultural events, tournaments and group matches are prohibited. District Magistrates are provided with internal addendum when necessary to prevent the spread of the epidemic. Section 144 under CrPC will come into force where necessary.", "url": "https://economictimes.indiatimes.com/news/politics-and-nation/covid-19-kerala-prohibits-public-gatherings/articleshow/74753431.cms", "urlToImage": "https://img.etimg.com/thumb/msid-74753470,width-1070,height-580,imgsize-825437,overlay-economictimes/photo.jpg", "publishedAt": "2020-03-21T17:51:22Z", "content": "Bengaluru: Kerala on Saturday issued stringent regulations under the Epidemic Disease Control Act of 1897 to restrict public gatherings. The Chief Secretary issued an order to that effect. \r\nAll religious and cultural events, tournaments and group matches are\u2026 [+1067 chars]"}, {"source": {"id": "the-times-of-india", "name": "The Times of India"}, "author": "Anumeha Chaturvedi", "title": "COVID-19 puts curbs on religious travel", "description": "Hotel bookings and room nights in pilgrimage sites are declining across destinations with travellers deferring all plans, said hotels, tour operators, and OTAs. The religious tourism business in India is a season agnostic business and many hotel chains have i\u2026", "url": "https://economictimes.indiatimes.com/news/politics-and-nation/covid-19-puts-curbs-on-religious-travel/articleshow/74742051.cms", "urlToImage": "https://img.etimg.com/thumb/msid-74742651,width-1070,height-580,imgsize-100600,overlay-economictimes/photo.jpg", "publishedAt": "2020-03-21T05:13:32Z", "content": "NEW DELHI: With administrative directions on mass gatherings being issued across states, detection of a COVID-19 case in Amritsar, closure of the Tirupati, Vaishno Devi and Shirdi temples, and the calling off of Friday prayers at the bada Imambada in Lucknow,\u2026 [+3112 chars]"}, {"source": {"id": "the-times-of-india", "name": "The Times of India"}, "author": "ET Online", "title": "Pension for elderly, widows, specially-abled being doubled in view of Covid-19, announces Arvind Kejriwal", "description": "Delhi has recorded 26 cases, with one death due to coronavirus. According to the Ministry of Health and Family Welfare, a total of 271 individuals have been confirmed positive with Covid-19.", "url": "https://economictimes.indiatimes.com/news/politics-and-nation/pension-for-elderly-widows-specially-abled-being-doubled-in-view-of-covid-19-announces-arvind-kejriwal/articleshow/74747399.cms", "urlToImage": "https://img.etimg.com/thumb/msid-74747569,width-1070,height-580,imgsize-149220,overlay-economictimes/photo.jpg", "publishedAt": "2020-03-21T11:24:47Z", "content": "Delhi chief minister, Arvind Kejriwal, today announced slew of measures to deal with the growing crisis caused by the novel coronavirus. He also said that the government had not imposed a lockdown for now, but would have to do if the need arises in wake of th\u2026 [+1038 chars]"}, {"source": {"id": "the-times-of-india", "name": "The Times of India"}, "author": "ANI", "title": "Covid-19: IGI airport bars all international flights for one week from March 22", "description": "According to the Ministry of Health and Family Welfare, the total number of positive cases of coronavirus in India now stands at 258 including 39 foreigners, said Ministry of Health and Family Welfare on Saturday.", "url": "https://economictimes.indiatimes.com/news/politics-and-nation/covid-19-igi-airport-bars-all-international-flights-for-one-week-from-march-22/articleshow/74743847.cms", "urlToImage": "https://img.etimg.com/thumb/msid-74743975,width-1070,height-580,imgsize-1148559,overlay-economictimes/photo.jpg", "publishedAt": "2020-03-21T06:47:23Z", "content": "NEW DELHI: The Indira Gandhi International (IGI) Airport has barred all International flights for one week from March 22 onwards amid the coronavirus pandemic.\r\n\"It is very difficult situation here and our government should help us,\" said Irina, a Russian nat\u2026 [+448 chars]"}, {"source": {"id": "the-times-of-india", "name": "The Times of India"}, "author": "ET Bureau", "title": "Karnataka reports five new cases of Covid-19; total count reaches 20", "description": "Of the five new cases, four had a travel history to Covid affected countries, while one person was a helper at the house of one of the patient's being treated in Bengaluru. Among the newly confirmed cases, three are from Bengaluru and one each from Chikkaball\u2026", "url": "https://economictimes.indiatimes.com/news/politics-and-nation/karnataka-reports-five-new-cases-of-covid-19-total-count-reaches-20/articleshow/74751888.cms", "urlToImage": "https://img.etimg.com/thumb/msid-74751878,width-1070,height-580,imgsize-598575,overlay-economictimes/photo.jpg", "publishedAt": "2020-03-21T15:58:32Z", "content": "By Akshatha RaoBengaluru: Karnataka reported five new cases of Covid-19 on Saturday, taking the count to 20. Today was the highest confirmed cases reported in a single after the state reporter its first case on March 9. \r\nOf the five new cases, four had a tra\u2026 [+848 chars]"}, {"source": {"id": "the-times-of-india", "name": "The Times of India"}, "author": "DP Bhattacharya", "title": "Gujarat Covid-19 cases rise to 7", "description": "While Ahmedabad registered the highest number of positive cases with three, Vadodara registered two and other two metro cities Rajkot and Surat registered one each.", "url": "https://economictimes.indiatimes.com/news/politics-and-nation/gujarat-covid-19-cases-rise-to-7/articleshow/74741180.cms", "urlToImage": "https://img.etimg.com/thumb/msid-74741175,width-1070,height-580,imgsize-958603,overlay-economictimes/photo.jpg", "publishedAt": "2020-03-21T02:45:18Z", "content": "GANDHINAGAR: Five more persons tested positive in Gujarat on Friday, taking the number of confirmed Covid-19 patients in the state to seven.\r\nWhile Ahmedabad registered the highest number of positive cases with three, Vadodara registered two and other two met\u2026 [+1035 chars]"}, {"source": {"id": "the-times-of-india", "name": "The Times of India"}, "author": "PTI", "title": "COVID-19: Man with no foreign-travel history tests positive in Bengal", "description": "The resident of Dumdum in North 24 Parganas district was admitted to a private hospital on Monday with fever and dry cough.His symptoms intensified since Thursday, according to the official.", "url": "https://economictimes.indiatimes.com/news/politics-and-nation/covid-19-man-with-no-foreign-travel-history-tests-positive-in-bengal/articleshow/74751265.cms", "urlToImage": "https://img.etimg.com/thumb/msid-74751352,width-1070,height-580,imgsize-152237,overlay-economictimes/photo.jpg", "publishedAt": "2020-03-21T15:13:56Z", "content": "A 57-year-old man with no history of travelling abroad tested positive for novel coronavirus in West Bengal, making it the fourth confirmed case in the state, a health department official said on Saturday.\r\nThe resident of Dumdum in North 24 Parganas district\u2026 [+403 chars]"}, {"source": {"id": "the-times-of-india", "name": "The Times of India"}, "author": "ET Online", "title": "COVID-19 test should not cost more than Rs 4,500: Government to private labs", "description": "Appropriate biosafety and biosecurity precautions need to be taken during the testing and while collecting the respiratory samples.", "url": "https://economictimes.indiatimes.com/news/politics-and-nation/covid-19-test-should-not-cost-more-than-rs-4500-government-to-private-labs/articleshow/74753826.cms", "urlToImage": "https://img.etimg.com/thumb/msid-74753824,width-1070,height-580,imgsize-167515,overlay-economictimes/photo.jpg", "publishedAt": "2020-03-21T18:24:47Z", "content": "With 60 fresh cases since Friday, India's count rose to 315 on Saturday. In an apparent move to increase testing centres and broaden the existing structure, the government today allowed NABL-accredited private laboratories to start testing COVID-19 samples. I\u2026 [+1191 chars]"}, {"source": {"id": "the-times-of-india", "name": "The Times of India"}, "author": "Kala Vijayraghavan", "title": "Covid-19: Work from home option only for 40% TCS staffers", "description": "While a majority of Tata group companies have asked employees to totally work out of home, the option has been restricted to about 40% of TCS employees globally.", "url": "https://economictimes.indiatimes.com/tech/ites/covid-19-work-from-home-option-only-for-40-tcs-staffers/articleshow/74741380.cms", "urlToImage": "https://img.etimg.com/thumb/msid-74741442,width-1070,height-580,imgsize-869945,overlay-economictimes/photo.jpg", "publishedAt": "2020-03-21T03:08:08Z", "content": "MUMBAI: While a majority of Tata group companies have asked employees to totally work out of home, the option has been restricted to about 40% of TCS employees globally.\r\nTCS employs around four lakh employees worldwide. Tata Sons chairman N Chandrasekaran is\u2026 [+1884 chars]"}, {"source": {"id": "the-times-of-india", "name": "The Times of India"}, "author": "IANS", "title": "Covid-19: Couple deboarded from B'luru Rajdhani", "description": "Amid the novel coronavirus (Covid-19) pandemic gripping the country, a newlywed couple was deboarded from the New Delhi-Bengaluru Rajdhani Express in Kazipet after they were detected with the 'quarantine stamp' on their back-palms, a railway ministry official\u2026", "url": "https://timesofindia.indiatimes.com/city/delhi/couple-deboarded-from-delhi-bengaluru-rajdhani-express-amid-covid-19-fear/articleshow/74745812.cms", "urlToImage": "https://static.toiimg.com/thumb/msid-74745945,width-1070,height-580,imgsize-143555,resizemode-75,overlay-toi_sw,pt-32,y_pad-40/photo.jpg", "publishedAt": "2020-03-21T09:13:24Z", "content": "Subscribe\r\nStart Your Daily Mornings with Times of India Newspaper!Order Now"}, {"source": {"id": "the-times-of-india", "name": "The Times of India"}, "author": "ET Bureau & Agencies", "title": "Covid-19: States ready with aid and containment measures", "description": "The Uttar Pradesh government also announced that around 35 lakh labourers in the state would get Rs 1,000 each as financial aid and free ration for a month would be provided to 1.65 crore construction workers amid the coronavirus outbreak.", "url": "https://economictimes.indiatimes.com/news/politics-and-nation/covid-19-states-ready-with-aid-and-containment-measures/articleshow/74752028.cms", "urlToImage": "https://img.etimg.com/thumb/msid-74752020,width-1070,height-580,imgsize-211370,overlay-economictimes/photo.jpg", "publishedAt": "2020-03-21T16:12:13Z", "content": "Noida/New Delhi: The Uttar Pradesh government also announced that around 35 lakh labourers in the state would get Rs 1,000 each as financial aid and free ration for a month would be provided to 1.65 crore construction workers amid the coronavirus outbreak. Ch\u2026 [+1469 chars]"}, {"source": {"id": "the-times-of-india", "name": "The Times of India"}, "author": "PTI", "title": "Covid-19: Navi Mumbai heads for partial shutdown", "description": "Data centres, IT service providers will operate with only 10 per cent staff, while banks, insurance companies and internet service providers will function with essential staff only, an official said.", "url": "https://economictimes.indiatimes.com/news/politics-and-nation/covid-19-navi-mumbai-heads-for-partial-shutdown/articleshow/74744941.cms", "urlToImage": "https://img.etimg.com/thumb/msid-74745012,width-1070,height-580,imgsize-796163,overlay-economictimes/photo.jpg", "publishedAt": "2020-03-21T08:13:17Z", "content": "MUMBAI: Commercial establishments, corporate firms and manufacturing units in neighbouring Navi Mumbai will remain closed till further orders to promote social distancing during the coronavirus pandemic, an official said. \r\nData centres, IT service providers \u2026 [+814 chars]"}, {"source": {"id": "the-times-of-india", "name": "The Times of India"}, "author": "Prachi Verma and Yogima Seth Sharma", "title": "Covid-Asana: Indians go big on yoga from home", "description": "Other popular routines include calisthenics, resistance band workouts, Bollywood dance, and strength and conditioning as fitness studios go virtual on different mediums to cater to rising demand for online sessions.", "url": "https://economictimes.indiatimes.com/news/politics-and-nation/covid-asana-indians-go-big-on-yoga-from-home/articleshow/74741684.cms", "urlToImage": "https://img.etimg.com/thumb/msid-74741716,width-1070,height-580,imgsize-366848,overlay-economictimes/photo.jpg", "publishedAt": "2020-03-21T03:44:01Z", "content": "NEW DELHI: After the namaste, another traditional practice gaining ground on account of Covid-19 is yoga, according to fitness startups such as FITTR, Cult.Fit, Sarva and Get A Life Fitness (GALF). The need to maintain social distance is pushing people to log\u2026 [+2866 chars]"}, {"source": {"id": "the-times-of-india", "name": "The Times of India"}, "author": "PTI", "title": "COVID-19: Indian embassies worldwide issue advisories for distressed nationals", "description": "The Indian embassies in several other countries also issued advisories and started emergency helplines for the distressed Indians, assuring them all possible help.", "url": "https://economictimes.indiatimes.com/news/politics-and-nation/covid-19-indian-embassies-worldwide-issue-advisories-for-distressed-nationals/articleshow/74746309.cms", "urlToImage": "https://img.etimg.com/thumb/msid-74746338,width-1070,height-580,imgsize-90521,overlay-economictimes/photo.jpg", "publishedAt": "2020-03-21T10:05:03Z", "content": "The Indian embassy in France has issued an advisory for its nationals who wish to travel back home before India's week-long ban, imposed to contain the spread of the deadly novel coronavirus, on international commercial flights comes into force on March 22. T\u2026 [+3333 chars]"}, {"source": {"id": "the-times-of-india", "name": "The Times of India"}, "author": "Indulekha Aravind", "title": "Covid-19: How social distancing is influencing behavioural change", "description": "In our battle against Covid-19, experts say the best way to achieve the desired result is through social distancing. If crises come with their own vocabularies, the most used word in the Covid-19 pandemic would probably be social distancing. This involves not\u2026", "url": "https://economictimes.indiatimes.com/news/politics-and-nation/covid-19-how-social-distancing-is-influencing-behavioural-change/articleshow/74752069.cms", "urlToImage": "https://img.etimg.com/thumb/msid-74752150,width-1070,height-580,imgsize-167820,overlay-economictimes/photo.jpg", "publishedAt": "2020-03-21T17:30:00Z", "content": "It is so boring, so boring, I can\u2019t tell you!\u201d says Veena Iyer, repeating the two words so that there is no smidgen of doubt over how she feels about having to miss her twice-a-week dance classes. For Iyer and her friends, the afternoon classes at The Rising \u2026 [+11762 chars]"}, {"source": {"id": "the-times-of-india", "name": "The Times of India"}, "author": "Ishani Duttagupta", "title": "Covid-19 Scare: Keeping faith, from a distance", "description": "As places of worship as well as therapists impose social distancing norms, avenues to seek mental solace are shrinking.", "url": "https://economictimes.indiatimes.com/news/politics-and-nation/covid-19-scare-keeping-faith-from-a-distance/articleshow/74752488.cms", "urlToImage": "https://img.etimg.com/thumb/msid-74752600,width-1070,height-580,imgsize-233613,overlay-economictimes/photo.jpg", "publishedAt": "2020-03-21T17:30:00Z", "content": "The fear of contracting Covid-19 along with the sense of isolation due to social distancing is drawing many to seek solace in religion. And it is a massive challenge for those managing churches, temples, gurdwaras and mosques across the country to prevent pla\u2026 [+5782 chars]"}, {"source": {"id": "the-times-of-india", "name": "The Times of India"}, "author": "Sanjay Singh", "title": "No Covid-19 case in Bihar till now", "description": "Apart from Nepal, which is a popular destination for international tourists, Bihar has important tourist spots like Bodh Gaya and Nalanda. Many from Bihar work in the middle-east countries. The state has 38 districts. \u201cAs of now, no positive case of Covid-19 \u2026", "url": "https://economictimes.indiatimes.com/news/politics-and-nation/no-covid-19-case-in-bihar-till-now/articleshow/74741111.cms", "urlToImage": "https://img.etimg.com/thumb/msid-74741135,width-1070,height-580,imgsize-345609,overlay-economictimes/photo.jpg", "publishedAt": "2020-03-21T02:39:28Z", "content": "NEW DELHI: Even as Bihar faces serious challenges to keep Covid-19 at bay, considering it has a long porous border with Nepal, the state has so far not reported any positive case.\r\nApart from Nepal, which is a popular destination for international tourists, B\u2026 [+1826 chars]"}, {"source": {"id": "the-times-of-india", "name": "The Times of India"}, "author": "PTI", "title": "No new local COVID-19 cases for 3rd day straight in China; sharp rise in imported ones", "description": "China has not reported any local coronavirus cases for the third consecutive day but the country is facing a sharp increase of COVID-19 cases from abroad, a health official said on Saturday.", "url": "https://economictimes.indiatimes.com/news/international/world-news/no-new-local-covid-19-cases-for-3rd-day-straight-in-china-sharp-rise-in-imported-ones/articleshow/74750413.cms", "urlToImage": "https://img.etimg.com/thumb/msid-74750397,width-1070,height-580,imgsize-119897,overlay-economictimes/photo.jpg", "publishedAt": "2020-03-21T14:11:55Z", "content": "China has not reported any local coronavirus cases for the third consecutive day but the country is facing a sharp increase of COVID-19 cases from abroad, a health official said on Saturday. Seven more fatalities reported from the virus' epicentre of Hubei pr\u2026 [+3841 chars]"}, {"source": {"id": "the-times-of-india", "name": "The Times of India"}, "author": "Indiatimes", "title": "How The US Failed At Controlling COVID-19", "description": "From providing faulty test kits to not testing many people, the US miserably failed in initially controlling the coronavirus pandemic. Meanwhile, South Korea and Singapore impressed everyone with their management of the crisis.", "url": "https://www.indiatimes.com/videos/news-that-matters/how-the-us-failed-at-controlling-covid-19-508902.html", "urlToImage": "https://im.indiatimes.in/content/2020/Mar/CoronavirusY_T_5e74cd5e233e9.jpg", "publishedAt": "2020-03-21T13:40:44Z", "content": "MORE FROM News That Matters\r\nCopyright \u00a9 2020 Times Internet Limited. Powered by Indiatimes Lifestyle Network. All rights reserved"}, {"source": {"id": "the-times-of-india", "name": "The Times of India"}, "author": "TNN", "title": "Covid-19 scare: Corporate offices down shutters", "description": "Manufacturers of nonessential commodities are gearing up to comply with the fresh office shutdown directive to help flatten the Covid-19 curve, even as inventories may begin to pile up.", "url": "https://timesofindia.indiatimes.com/city/mumbai/covid-19-scare-in-mumbai-corporate-offices-down-shutters-factories-now-on-remote-control/articleshow/74740654.cms", "urlToImage": "https://static.toiimg.com/thumb/msid-74740651,width-1070,height-580,imgsize-376761,resizemode-75,overlay-toi_sw,pt-32,y_pad-40/photo.jpg", "publishedAt": "2020-03-21T00:30:53Z", "content": "Subscribe\r\nStart Your Daily Mornings with Times of India Newspaper!Order Now"}, {"source": {"id": "the-times-of-india", "name": "The Times of India"}, "author": "PTI", "title": "COVID-19: Delhi Metro services to be mostly closed on Monday", "description": "Services from 8-10 am will be available at a normal frequency as on regular days. During this period, everyone can travel and no identification will be required at the time of entry, the Delhi Metro Rail Corporation (DMRC) authorities said.", "url": "https://economictimes.indiatimes.com/industry/transportation/railways/covid-19-delhi-metro-services-to-be-mostly-closed-on-monday/articleshow/74750642.cms", "urlToImage": "https://img.etimg.com/thumb/msid-74750686,width-1070,height-580,imgsize-702043,overlay-economictimes/photo.jpg", "publishedAt": "2020-03-21T14:28:30Z", "content": "New Delhi: The Delhi Metro services will mostly be closed, except for few a hours, on Monday as part of precautionary measures to contain the spread of the novel coronavirus pandemic, officials said on Sunday.\r\nServices from 8-10 am will be available at a nor\u2026 [+1234 chars]"}, {"source": {"id": "the-times-of-india", "name": "The Times of India"}, "author": "ET Online", "title": "A secret RBI team is fighting a parallel war against Covid-19", "description": "A crack team, of about 150 people and from critical RBI wings like debt, reserve management, is part of the central bank's business continuity plan to ensure Covid causes minimum disruption to the financial system.", "url": "https://economictimes.indiatimes.com/industry/banking/finance/banking/a-secret-rbi-team-is-fighting-a-parallel-war-against-covid-19/articleshow/74743678.cms", "urlToImage": "https://img.etimg.com/thumb/msid-74744190,width-1070,height-580,imgsize-746748,overlay-economictimes/photo.jpg", "publishedAt": "2020-03-21T07:15:45Z", "content": "While the world tries to come to grips with a pandemic, a crack team from the Reserve Bank of India (RBI) has been reportedly working from a remote location to ensure the country's financial system stays immune to Covid-19, the rogue virus that has claimed ov\u2026 [+3209 chars]"}, {"source": {"id": "the-times-of-india", "name": "The Times of India"}, "author": "Devina Sengupta", "title": "Covid-19: Telecom operators brace for a sharp drop in subscriber additions", "description": "Operators said net subscriber additions may fall by at least 2 million in March alone, and may dip further if the social isolation advisories are kept in place for a long duration. There is not vaccine yet to treat Covid-19, which has infected over 200,000 pe\u2026", "url": "https://economictimes.indiatimes.com/industry/telecom/telecom-news/covid-19-telecom-operators-brace-for-a-sharp-drop-in-subscriber-additions/articleshow/74742163.cms", "urlToImage": "https://img.etimg.com/thumb/msid-74742193,width-1070,height-580,imgsize-308347,overlay-economictimes/photo.jpg", "publishedAt": "2020-03-21T04:33:49Z", "content": "MUMBAI: Telecom operators are bracing for a sharp drop in subscriber additions as the new coronavirus outbreak forces potential customers to spend more time indoors.\r\nOperators said net subscriber additions may fall by at least 2 million in March alone, and m\u2026 [+3118 chars]"}, {"source": {"id": "the-times-of-india", "name": "The Times of India"}, "author": "ET CONTRIBUTORS", "title": "Covid 19: Steps govt can take to mitigate the hit on the economy", "description": "In India, an optimistic prediction is that we will contain the spread of Covid-19 within the next 3 months.", "url": "https://economictimes.indiatimes.com/markets/stocks/news/covid-19-steps-govt-can-take-to-mitigate-the-hit-on-the-economy/articleshow/74744446.cms", "urlToImage": "https://img.etimg.com/thumb/msid-74744490,width-1070,height-580,imgsize-519803,overlay-etmarkets/photo.jpg", "publishedAt": "2020-03-21T07:35:26Z", "content": "By Nikhil KamathThe world, as we know it, is fairly uncertain right now; we had an economy which was slowing before any of this coronavirus crisis started, but the uncertainty of an unknown, something we haven\u2019t witnessed in a 100 years, has thrown all foreca\u2026 [+5713 chars]"}, {"source": {"id": "the-times-of-india", "name": "The Times of India"}, "author": "TNN", "title": "Covid-19: Markings at Bengaluru railway stations for social distance", "description": "To prevent the spread of Covid-19, safe distance limits have been marked near ticket counters in passenger reservation centres as well as in seating arrangements, said Bengaluru division of South Western Railway on Friday.", "url": "https://timesofindia.indiatimes.com/city/bengaluru/covid-19-markings-at-bengaluru-railway-stations-for-social-distance/articleshow/74752072.cms", "urlToImage": "https://static.toiimg.com/thumb/msid-74753244,width-1070,height-580,imgsize-59296,resizemode-75,overlay-toi_sw,pt-32,y_pad-40/photo.jpg", "publishedAt": "2020-03-21T15:56:10Z", "content": "Subscribe\r\nStart Your Daily Mornings with Times of India Newspaper!Order Now"}, {"source": {"id": "the-times-of-india", "name": "The Times of India"}, "author": "TNN", "title": "Covid-19: K'taka govt to offer dole to labourers", "description": "Karnataka government is all set to take a leaf out of the Yogi Adityanath-led Uttar Pradesh government and provide direct cash transfer to daily wage and construction workers, whose livelihood has been hit by the Covid-19 crisis.", "url": "https://timesofindia.indiatimes.com/city/bengaluru/covid-19-pandemic-karnataka-govt-to-offer-dole-to-labourers/articleshow/74754480.cms", "urlToImage": "https://static.toiimg.com/thumb/msid-74754489,width-1070,height-580,imgsize-401788,resizemode-75,overlay-toi_sw,pt-32,y_pad-40/photo.jpg", "publishedAt": "2020-03-21T23:52:47Z", "content": "Subscribe\r\nStart Your Daily Mornings with Times of India Newspaper!Order Now"}, {"source": {"id": "the-times-of-india", "name": "The Times of India"}, "author": "TNN", "title": "Covid-19: Mumbai local shut for general public", "description": "In order to decongest local railway stations, the Konkan divisional commissioner will be starting a drive from Sunday in which only personnel\u2019s who are a part of emergency services with valid I-cards and people who are in medical emergency will only be allowe\u2026", "url": "https://timesofindia.indiatimes.com/city/mumbai/coronavirus-general-people-not-allowed-in-mumbai-local-trains-from-sunday/articleshow/74754200.cms", "urlToImage": "https://static.toiimg.com/thumb/msid-74754205,width-1070,height-580,imgsize-63950,resizemode-75,overlay-toi_sw,pt-32,y_pad-40/photo.jpg", "publishedAt": "2020-03-21T19:16:49Z", "content": "Subscribe\r\nStart Your Daily Mornings with Times of India Newspaper!Order Now"}, {"source": {"id": "the-times-of-india", "name": "The Times of India"}, "author": "TNN", "title": "Mumbai gets 2nd Covid-19 lab in record 2 weeks", "description": "The city got its second laboratory in a record two weeks as patients queuing up to test for coronavirus started increasing, Located at Parel\u2019s KEM Hospital, the laboratory started with 25 samples on Thursday. Now plans have been set in motion to scale it up a\u2026", "url": "https://timesofindia.indiatimes.com/city/mumbai/mumbai-gets-2nd-covid-lab-in-record-2-weeks/articleshow/74740635.cms", "urlToImage": "https://static.toiimg.com/thumb/msid-74740639,width-1070,height-580,imgsize-558543,resizemode-75,overlay-toi_sw,pt-32,y_pad-40/photo.jpg", "publishedAt": "2020-03-21T00:23:13Z", "content": "Subscribe\r\nStart Your Daily Mornings with Times of India Newspaper!Order Now"}, {"source": {"id": "the-times-of-india", "name": "The Times of India"}, "author": "ET Bureau", "title": "Kerala reports 12 new Covid-19 cases, total tally jumps to 52", "description": "With this, the number of infected people in the southern state has risen to 52. Five of the patients from Kasargod have been admitted to Kasargod General Hospital and one to Ernakulam Medical College.  Two of the patients in Kannur are admitted in Thalassery \u2026", "url": "https://economictimes.indiatimes.com/news/politics-and-nation/kerala-reports-12-new-covid-19-cases-total-tally-jumps-to-52/articleshow/74751940.cms", "urlToImage": "https://img.etimg.com/thumb/msid-74751928,width-1070,height-580,imgsize-91874,overlay-economictimes/photo.jpg", "publishedAt": "2020-03-21T16:08:00Z", "content": "BENGALURU: 12 new people have tested positive for Covid-19 in the state, Chief Minister Pinarayi Vijayan said on Saturday. Six people in Kasargod, and three each in Kannur and Ernakulam have tested positive for the virus. \r\nWith this, the number of infected p\u2026 [+537 chars]"}, {"source": {"id": "the-times-of-india", "name": "The Times of India"}, "author": "PTI", "title": "Woman with no foreign tour history tests positive for Covid-19", "description": "The woman, who is currently on ventilator support at Bharti Hospital, tested positive for the infection after her throat swabs were sent to National Institute of Virology to check for possibility of swine flu (H1N1), a senior official said. The woman does not\u2026", "url": "https://economictimes.indiatimes.com/news/politics-and-nation/woman-with-no-foreign-tour-history-tests-coronavirus-positive/articleshow/74743411.cms", "urlToImage": "https://img.etimg.com/thumb/msid-74743451,width-1070,height-580,imgsize-166066,overlay-economictimes/photo.jpg", "publishedAt": "2020-03-21T06:13:53Z", "content": "OUNE: A woman in her early 40s has tested positive for coronavirus in Maharashtra's Pune city, a senior official confirmed on Saturday. \r\nThe woman, who is currently on ventilator support at Bharti Hospital, tested positive for the infection after her throat \u2026 [+955 chars]"}, {"source": {"id": "the-times-of-india", "name": "The Times of India"}, "author": "Sushmi Dey", "title": "Covid-19: Government asks public, private hospitals to set aside beds as cases rise", "description": "Centre asked all hospitals to mobilise additional manpower to step up combat readiness to take on virus.", "url": "https://economictimes.indiatimes.com/news/politics-and-nation/covid-19-government-asks-public-private-hospitals-to-set-aside-beds-as-cases-rise/articleshow/74741439.cms", "urlToImage": "https://img.etimg.com/thumb/msid-74741447,width-1070,height-580,imgsize-610209,overlay-economictimes/photo.jpg", "publishedAt": "2020-03-21T03:07:07Z", "content": "NEW DELHI: The Centre issued an advisory on Friday to all hospitals and medical education institutions \u2014 both public and private \u2014 asking them to set aside beds, prepare isolation facilities, procure sufficient numbers of ventilators, high-flow oxygen mass an\u2026 [+3517 chars]"}, {"source": {"id": "the-times-of-india", "name": "The Times of India"}, "author": "Vatsala Gaur and Vasudha Venugopal", "title": "Covid-19: CM Yogi appeals for putting on hold religious functions; VHP downsizes Ayodhya celebrations", "description": "The statement from the CM has come ahead of Ramnavmi on April 2 \u2014 a culmination of the nine-day celebration held with a lot of fervour across the country\u2014 especially in Ayodhya. Lakhs of people from over 200 villages flock the city to attend the Ramnavmi mela\u2026", "url": "https://economictimes.indiatimes.com/news/politics-and-nation/covid-19-cm-yogi-appeals-for-putting-on-hold-religious-functions-vhp-downsizes-ayodhya-celebrations/articleshow/74740870.cms", "urlToImage": "https://img.etimg.com/thumb/msid-74740865,width-1070,height-580,imgsize-902373,overlay-economictimes/photo.jpg", "publishedAt": "2020-03-21T01:51:56Z", "content": "LUCKNOW/NEW DELHI: Uttar Pradesh chief minister Yogi Adityanath has appealed for putting onhold all religious , spiritual , social and cultural events till April 2 as the number of coronavirus cases in the state touched 23 on Friday, even as many religious or\u2026 [+1598 chars]"}, {"source": {"id": "the-times-of-india", "name": "The Times of India"}, "author": "Indiatimes", "title": "India To Increase Covid-19 Testing, Shaheen Bagh Protesters To Continue And Other Top News", "description": "India has reported four deaths and 258 cases of coronavirus (Covid-19) in the country so far. \nWhile the numbers are rapidly increasing for the past few days, many health experts have pointed out that the number of confirmed cases in the country with a popula\u2026", "url": "https://www.indiatimes.com/news/india/india-to-increase-covid-19-testing-shaheen-bagh-protesters-to-continue-and-other-top-news-508949.html", "urlToImage": "https://im.indiatimes.in/content/2020/Mar/fb_5e76085fe4101.jpg", "publishedAt": "2020-03-21T12:25:57Z", "content": "India has reported four deaths and 258 cases of coronavirus (Covid-19) in the country so far.\u00a0\r\nWhile the numbers are rapidly increasing for the past few days, many health experts have pointed out that the number of confirmed cases in the country with a popul\u2026 [+2770 chars]"}, {"source": {"id": "the-times-of-india", "name": "The Times of India"}, "author": "Bobins Abraham", "title": "AIIMS Bhubaneswar Medical Superintendent Accused Of Hiding Travel History Of 'Covid-19' Son", "description": "Resident Doctors at the All India Institute of Medical Sciences, Bhubaneswar has alleged that Medical Superintendent Sachidananda Mohanty had allegedly hidden the travel history of his son who was tested positive for Covid-19. \n\nThe 19-year-old who had recent\u2026", "url": "https://www.indiatimes.com/news/india/aiims-bhubaneswar-medical-superintendent-accused-of-hiding-travel-history-of-covid-19-son-508933.html", "urlToImage": "https://im.indiatimes.in/content/2020/Mar/FBImage10-12_5e75e6eda43ae.jpg", "publishedAt": "2020-03-21T09:40:04Z", "content": "Resident doctors at the All India Institute of Medical Sciences, Bhubaneswar have alleged that Medical Superintendent Sachidananda Mohanty had allegedly hidden the travel history of his son who was tested positive for Covid-19.\r\nThe 19-year-old who had recent\u2026 [+2236 chars]"}, {"source": {"id": "the-times-of-india", "name": "The Times of India"}, "author": "Bobins Abraham", "title": "Amid Covid-19 Scare, Shaheen Bagh Protesters Won't Give Up, To Continue Even On Janta Curfew", "description": "The women-led protesters in Delhi's Shaheen Bagh against the Citizenship Amendment Act have refused to call off their demonstration in the wake of the Coronavirus outbreak in the country. \nAccording to the protesters, the sit-in will continue on Sunday, the d\u2026", "url": "https://www.indiatimes.com/news/india/amid-covid-19-scare-shaheen-bagh-protesters-wont-give-up-to-continue-even-on-janta-curfew-508944.html", "urlToImage": "https://im.indiatimes.in/content/2020/Mar/fb_5e75ff8692942.jpg", "publishedAt": "2020-03-21T11:50:40Z", "content": "The women-led protesters in Delhi's Shaheen Bagh against the Citizenship Amendment Act (CAA) have refused to call off their demonstration in the wake of the coronavirus outbreak in the country.\u00a0\r\nAccording to the protesters, the sit-in will continue on Sunday\u2026 [+2313 chars]"}, {"source": {"id": "the-times-of-india", "name": "The Times of India"}, "author": "Indiatimes", "title": "Coronavirus: Positive COVID-19 Cases Mounts To 258 In India, 4 Deaths So Far", "description": "The total number of positive cases of coronavirus in India now stands at 258 including 39 foreigners, said Ministry of Health and Family Welfare on Saturday.", "url": "https://www.indiatimes.com/news/india/coronavirus-positive-covid-19-cases-mounts-to-258-in-india-4-deaths-so-far-508910.html", "urlToImage": "https://im.indiatimes.in/content/2020/Mar/kerala-mask1_5e75b4318f435.jpg", "publishedAt": "2020-03-21T05:42:05Z", "content": "Coronavirus scare in our country is slowly but steadily rising.\u00a0The total number of positive cases of coronavirus in India now stands at 258 including 39 foreigners, said Ministry of Health and Family Welfare on Saturday.\r\nFour people have died including one \u2026 [+1163 chars]"}, {"source": {"id": "the-times-of-india", "name": "The Times of India"}, "author": "Aishwarya Dharni", "title": "COVID-19: How The Quarantine Is Proving To Be Another Deadly Threat For The Underprivileged", "description": "2.4 million Indians die every year due to diseases that are treatable and right now, the world is witnessing a virus whose cure is still on its way and based on studies, will probably take at least a year to come into the market. If millions of Indians can lo\u2026", "url": "https://www.indiatimes.com/trending/social-relevance/covid-19-how-the-quarantine-is-proving-to-be-another-deadly-threat-for-the-underprivileged-508807.html", "urlToImage": "https://im.indiatimes.in/content/2020/Mar/COVID-19Poorpopulation_5e7356046fa5d.jpg", "publishedAt": "2020-03-21T04:30:00Z", "content": "Ever since the COVID-19 pandemic has placed the world in a state of panic, people are being advised to remain in isolation and practice social distancing in order to prevent the spread of the virus.\u00a0\r\nHealth workers and governments are requesting people to wo\u2026 [+5072 chars]"}, {"source": {"id": "the-times-of-india", "name": "The Times of India"}, "author": "KC Archana", "title": "COVID-19 Lockdown: Spanish Couple Gets Married Through Window, Indian Man Invites 1000 Guests", "description": "Click here to read about the Spanish couple who didn't let the lockdown state of mind deter their spirit.  Alba D\u00edaz and Daniel Camino decided to get married leaning out of their apartment balcony and got their neighbour to help while maintaining social dista\u2026", "url": "https://www.indiatimes.com/trending/human-interest/spanish-couple-gets-married-through-window-508952.html", "urlToImage": "https://im.indiatimes.in/content/2020/Mar/Spanish-Couple_5e760f8c08618.jpg", "publishedAt": "2020-03-21T12:50:42Z", "content": "A Spanish couple whose planned wedding was ruined by the countrywide lockdown due to coronavirus found a unique way to go ahead with their plans.\u00a0\r\nAccording to the Guardian, the couple spent months to plan their elaborate D-day, but all of it was ruined soon\u2026 [+1752 chars]"}, {"source": {"id": "the-times-of-india", "name": "The Times of India"}, "author": "Bhupinder Singh", "title": "COVID-19 Horror: These Photos Show Deserted Hotspots In UK After It Effectively Shuts Down", "description": "Since the deadly coronavirus hit countries around the world more than 244,500 people have been infected and more than 10,000 have died. After more than 3,200 confirmed cases of coronavirus cropped up and around 160 were killed, British Prime Minister Boris Jo\u2026", "url": "https://www.indiatimes.com/trending/social-relevance/covid-19-horror-these-photos-show-deserted-hotspots-in-uk-after-it-effectively-shuts-down-508923.html", "urlToImage": "https://im.indiatimes.in/photogallery/2020/Mar/fb_5e75d7762f322.jpg", "publishedAt": "2020-03-21T09:45:16Z", "content": "Since the deadly coronavirus hit countries around the world more than 244,500 people have been infected and more than 10,000 have died. After more than 3,200 confirmed cases of coronavirus cropped up and around 160 were killed, British Prime Minister Boris Jo\u2026 [+1563 chars]"}, {"source": {"id": "the-times-of-india", "name": "The Times of India"}, "author": "Monit Khanna", "title": "Tiny Mic Listens To Cough Sounds To Predict Flu, May Prevent COVID-19 Like Situation", "description": "COVID-19 has spread around the world and claimed over 8000 lives. Now if anyone near us coughs or sneezes, we fear the worst. But what if in future, a small device could warn medical authorities of such an epidemic, so that they do everything to nip it in the\u2026", "url": "https://www.indiatimes.com/technology/science-and-future/tiny-ai-mic-listens-to-cough-sounds-to-predict-flu-may-prevent-covid-19-like-situation-508920.html", "urlToImage": "https://im.indiatimes.in/content/2020/Mar/Facebook-Image-1_5e75c3006038f.jpg", "publishedAt": "2020-03-21T07:05:35Z", "content": "COVID-19 has spread around the world and claimed over 9000 lives. Now if anyone near us coughs or sneezes, we fear the worst. But what if in future, a small device could warn medical authorities of such an epidemic, so that they do everything to nip it in the\u2026 [+2038 chars]"}, {"source": {"id": "the-times-of-india", "name": "The Times of India"}, "author": "Sarthak Dogra", "title": "Google Fully Cancels World's Largest Conference Of Android Developers Due To COVID-19 Fears", "description": "Citing health and safety concerns for all the stakeholders involved, Google has decided to cancel its annual developer's conference - Google I/O this year. With the trend being shifted to online streaming of event and launches, will the tech majors be able to\u2026", "url": "https://www.indiatimes.com/technology/news/google-io-cancelled-developers-conference-completely-off-citing-health-concerns-for-all-508917.html", "urlToImage": "https://im.indiatimes.in/content/2020/Mar/collage_IO_5e75c02cae04a.jpg", "publishedAt": "2020-03-21T06:16:38Z", "content": "In the wake of the Coronavirus spread, Google had earlier cancelled its annual developer conference named I/O scheduled for May. \r\nWhile the physical event had been cancelled, Google was still planning to conduct the I/O through an online streaming. The compa\u2026 [+1352 chars]"}, {"source": {"id": "the-times-of-india", "name": "The Times of India"}, "author": "Sachin Dave and Vinod Mahanta", "title": "Covid-19 impact: Auditors ask listed companies with subsidiaries to reflect fall in stock price on balance sheet", "description": "Listed companies may have to take asset impairment due to Coronavirus or auditors will qualify financial statements.", "url": "https://economictimes.indiatimes.com/markets/stocks/news/covid-19-impact-auditors-ask-listed-companies-with-subsidiaries-to-reflect-fall-in-stock-price-on-balance-sheet/articleshow/74744020.cms", "urlToImage": "https://img.etimg.com/thumb/msid-74744042,width-1070,height-580,imgsize-434912,overlay-etmarkets/photo.jpg", "publishedAt": "2020-03-21T07:00:23Z", "content": "The stock market rout due to the Covid-19 could trigger a different kind of a face-off between sections of India Inc promoters, shareholders and their auditors. The massive fall in share prices of key companies that are subsidiaries of holding firms or other \u2026 [+3819 chars]"}, {"source": {"id": "the-times-of-india", "name": "The Times of India"}, "author": null, "title": "Indian tennis players work on future ventures during COVID-19 forced break", "description": "Swinging the racquet will not earn them money all their life, so a few Indian tennis players, forced out of Pro Tour due to the health crisis triggered by COVID-19, are utilising their time to work on career beyond tennis", "url": "https://timesofindia.indiatimes.com/sports/tennis/top-stories/indian-tennis-players-work-on-future-ventures-during-covid-19-forced-break/articleshow/74744664.cms", "urlToImage": "https://static.toiimg.com/thumb/msid-74744716,width-1070,height-580,imgsize-1124682,resizemode-75,overlay-toi_sw,pt-32,y_pad-40/photo.jpg", "publishedAt": "2020-03-21T07:33:09Z", "content": "NEW DELHI: Swinging the racquet will not earn them money all their life, so a few Indian tennis players, forced out of Pro Tour due to the health crisis triggered by COVID-19, are utilising their time to work on career beyond tennis.\r\nAlmost all of them are r\u2026 [+3223 chars]"}, {"source": {"id": "the-times-of-india", "name": "The Times of India"}, "author": null, "title": "Watch: 'Wizard' Iyer entertains fans with card trick amid COVID-19 lockdown", "description": "Big cities in India are currently under partial lockdown, due to the coronavirus pandemic. Shreyas Iyer, who resides in Mumbai too has been at home, maintaining the social distancing protocol laid down by the Indian government.", "url": "https://timesofindia.indiatimes.com/sports/cricket/news/watch-wizard-shreyas-iyer-entertains-fans-with-card-trick-amid-covid-19-lockdown/articleshow/74744367.cms", "urlToImage": "https://static.toiimg.com/thumb/msid-74744366,width-1070,height-580,imgsize-164573,resizemode-75,overlay-toi_sw,pt-32,y_pad-40/photo.jpg", "publishedAt": "2020-03-21T07:06:13Z", "content": null}, {"source": {"id": "the-times-of-india", "name": "The Times of India"}, "author": null, "title": "No effect of COVID-19, we're training hard for Olympics: Manpreet", "description": "The Indian hockey teams, both men and women, are continuing to train hard amid the rise of the coronavirus pandemic and have set their eyes on the Tokyo Olympic Games scheduled to be held from July 24 to August 9.", "url": "https://timesofindia.indiatimes.com/sports/hockey/no-effect-of-covid-19-were-training-hard-for-olympics-manpreet-singh/articleshow/74745678.cms", "urlToImage": "https://static.toiimg.com/thumb/msid-74745730,width-1070,height-580,imgsize-1158960,resizemode-75,overlay-toi_sw,pt-32,y_pad-40/photo.jpg", "publishedAt": "2020-03-21T08:54:36Z", "content": null}, {"source": {"id": "the-times-of-india", "name": "The Times of India"}, "author": null, "title": "Stay at home, COVID-19 will run away from India: Sehwag urges fans", "description": "Cricket News: Former Indian cricketer Virender Sehwag on Saturday appealed to the countrymen to stay at home as COVID-19 continues to rage.", "url": "https://timesofindia.indiatimes.com/sports/cricket/news/stay-at-home-covid-19-will-run-away-from-india-sehwag-urges-fans/articleshow/74748816.cms", "urlToImage": "https://static.toiimg.com/thumb/msid-74748820,width-1070,height-580,imgsize-1367800,resizemode-75,overlay-toi_sw,pt-32,y_pad-40/photo.jpg", "publishedAt": "2020-03-21T12:18:44Z", "content": null}, {"source": {"id": "the-times-of-india", "name": "The Times of India"}, "author": "Monit Khanna", "title": "BSNL Offer Free Internet For 1 Month To Let People Work From Home Amidst COVID-19 Lockdown", "description": "With COVID-19 spreading across the country, everyone's under a lockdown. Amidst this lockdown, the internet is our only saviour, who can get us through this -- helping many to work from home or study from home, or even just get entertained. And now, BSNL has \u2026", "url": "https://www.indiatimes.com/technology/news/bsnl-offer-free-internet-for-1-month-to-let-people-work-from-home-amidst-covid-19-lockdown-508915.html", "urlToImage": "https://im.indiatimes.in/content/2020/Mar/Facebook-Image_5e75b6f7a108d.jpg", "publishedAt": "2020-03-21T06:20:16Z", "content": "With COVID-19 spreading across the country, everyone's under a lockdown. Amidst this lockdown, the internet is our only saviour, who can get us through this -- helping many to work from home or study from home, or even just get entertained.\u00a0\r\nReuters\r\nAnd now\u2026 [+1454 chars]"}, {"source": {"id": "the-times-of-india", "name": "The Times of India"}, "author": "Kirtika Suneja", "title": "3 desi firms to make Covid-19 protective gear for doctors, health workers", "description": "While the textiles ministry has on-boarded Vadodara-based Sure Safety, Bengaluru\u2019s Amaryllis Healthcare and Gurugram-based Sai Synergy LLP, it has also reached out to other domestic players for these products, a senior official of the ministry said.", "url": "https://economictimes.indiatimes.com/industry/healthcare/biotech/healthcare/3-desi-firms-to-make-covid-19-protective-gear-for-doctors-health-workers/articleshow/74742681.cms", "urlToImage": "https://img.etimg.com/thumb/msid-74742675,width-1070,height-580,imgsize-24771,overlay-economictimes/photo.jpg", "publishedAt": "2020-03-21T05:14:39Z", "content": "The government has roped in three local manufacturers who can produce around 20,000 pieces of this personal protective equipment per week expecting a shortage of disposable body coveralls, 3-ply surgical and N-95 masks for doctors and health workers battling \u2026 [+1886 chars]"}]}