{"status": "ok", "totalResults": 135, "articles": [{"source": {"id": "the-times-of-india", "name": "The Times of India"}, "author": null, "title": "Fighting Covid-19 with low-cost ventilators", "description": "India News: Ventilators are required for Covid-19 patients, who could develop acute respiratory disease syndrome. Experts say the need for ventilators may rise ex", "url": "https://timesofindia.indiatimes.com/india/how-indias-fighting-covid-19-with-low-cost-ventilators-face-shields/articleshow/74962863.cms", "urlToImage": "https://static.toiimg.com/thumb/msid-74962863,width-1070,height-580,imgsize-1,resizemode-6,overlay-toi_sw,pt-32,y_pad-40/photo.jpg", "publishedAt": "2020-04-03T10:17:47Z", "content": null}, {"source": {"id": "the-times-of-india", "name": "The Times of India"}, "author": "Times Of India", "title": "Born during lockdown, Raipur twins named 'Corona' and 'Covid'", "description": "The pandemic caused by a new virus may have brought the world to its knees, but that has not deterred a couple in Chhattisgarh to name their newborn twins as 'Corona' and 'Covid'.", "url": "https://timesofindia.indiatimes.com/city/raipur/born-during-lockdown-raipur-twins-named-corona-and-covid/articleshow/74960551.cms", "urlToImage": "https://static.toiimg.com/thumb/msid-74960662,width-1070,height-580,imgsize-188052,resizemode-75,overlay-toi_sw,pt-32,y_pad-40/photo.jpg", "publishedAt": "2020-04-03T04:41:56Z", "content": "Subscribe\r\nStart Your Daily Mornings with Times of India Newspaper!Order Now"}, {"source": {"id": "the-times-of-india", "name": "The Times of India"}, "author": "Times Of India", "title": "Covid-19: IAF airlifts 60 tonnes of medical supplies", "description": "India News: NEW DELHI: IAF has so far airlifted around 60 tonnes of medical supplies and other relief material to various parts of the country as part of the nati.", "url": "https://timesofindia.indiatimes.com/india/covid-19-iaf-airlifts-60-tonnes-of-medical-supplies/articleshow/74968328.cms", "urlToImage": "https://static.toiimg.com/thumb/msid-74968398,width-1070,height-580,imgsize-1638774,resizemode-75,overlay-toi_sw,pt-32,y_pad-40/photo.jpg", "publishedAt": "2020-04-03T12:19:51Z", "content": "Subscribe\r\nStart Your Daily Mornings with Times of India Newspaper!Order Now"}, {"source": {"id": "the-times-of-india", "name": "The Times of India"}, "author": "Times Of India", "title": "Rs 56cr for innovations to combat Covid pandemic", "description": "The science and technology ministry on Friday approved setting up of a body, the Centre for Augmenting War with COVID-19 Health Crisis\u2019 (CAWACH), at a total cost of Rs 56 crore to scout, evaluate and support innovations and start-ups that address Covid-19 cha\u2026", "url": "https://timesofindia.indiatimes.com/india/rs-56cr-for-innovations-to-combat-covid-19-pandemic/articleshow/74975928.cms", "urlToImage": "https://static.toiimg.com/thumb/msid-74975932,width-1070,height-580,imgsize-452762,resizemode-75,overlay-toi_sw,pt-32,y_pad-40/photo.jpg", "publishedAt": "2020-04-03T22:32:53Z", "content": "Subscribe\r\nStart Your Daily Mornings with Times of India Newspaper!Order Now"}, {"source": {"id": "the-times-of-india", "name": "The Times of India"}, "author": "Times Of India", "title": "Covid-19: Centre grants Rs 17,000cr to states", "description": "The Centre on Friday released Rs 17,287 crore to different states to augment their financial resources to combat the coronavirus crisis. While the home ministry approved an advance release of Rs 11,092 crore to all states under the State Disaster Risk Managem\u2026", "url": "https://timesofindia.indiatimes.com/business/india-business/centre-grants-rs-17000cr-to-states-to-tackle-coronavirus-crisis/articleshow/74975956.cms", "urlToImage": "https://static.toiimg.com/thumb/msid-74975964,width-1070,height-580,imgsize-496568,resizemode-75,overlay-toi_sw,pt-32,y_pad-40/photo.jpg", "publishedAt": "2020-04-03T22:56:07Z", "content": "Subscribe\r\nStart Your Daily Mornings with Times of India Newspaper!Order Now"}, {"source": {"id": "the-times-of-india", "name": "The Times of India"}, "author": "Quick Edit", "title": "Quick Edit: Treatment rates will help Covid patients", "description": "Private insurance companies are concerned about the bills hospitals have presented patients undergoing treatment for novel coronavirus. The bills, thus far, seem to range between Rs 90,000 to Rs 6.5 lakh for a treatment which...", "url": "https://timesofindia.indiatimes.com/blogs/toi-editorials/a-range-of-treatment-rates-and-protocol-for-coronavirus-needed-to-help-patients/", "urlToImage": "https://timesofindia.indiatimes.com/blogs/wp-content/uploads/2018/04/100x100-Quick-Edit-1.png", "publishedAt": "2020-04-03T09:04:45Z", "content": "Private insurance companies are concerned about the bills hospitals have presented patients undergoing treatment for novel coronavirus. The bills, thus far, seem to range between Rs 90,000 to Rs 6.5 lakh for a treatment which does not need surgical interventi\u2026 [+724 chars]"}, {"source": {"id": "the-times-of-india", "name": "The Times of India"}, "author": null, "title": "Watch: WB India director on $1 bn Covid fund", "description": "The World Bank\u2019s country director for India, Junaid Ahmad speaks to Nalin Mehta on the challenges ahead due to Covid-19. He spoke at length about the World Bank\u2019s $1 billion India package to fight the coronavirus. The impact on India\u2019s economy and the economi\u2026", "url": "https://timesofindia.indiatimes.com/videos/news/covid-19-world-bank-india-director-on-1-billion-india-package/videoshow/74968156.cms", "urlToImage": "https://timesofindia.indiatimes.com/photo/msid-74968156,imgsize-556832.cms", "publishedAt": "2020-04-03T12:42:05Z", "content": "Apr 03, 2020, 05:35PM ISTSource: TOI.inThe World Banks country director for India, Junaid Ahmad speaks to Nalin Mehta on the challenges ahead due to Covid-19. He spoke at length about the World Banks $1 billion India package to fight the coronavirus. The impa\u2026 [+276 chars]"}, {"source": {"id": "the-times-of-india", "name": "The Times of India"}, "author": "Anjishnu Das", "title": "Could we see a second Covid-19 wave?", "description": "India News: Rushing back to normalcy after lockdowns may not be a good idea yet", "url": "https://timesofindia.indiatimes.com/india/could-we-see-a-second-covid-19-wave/articleshow/74961712.cms", "urlToImage": "https://static.toiimg.com/thumb/msid-74961712,width-1070,height-580,imgsize-1,resizemode-6,overlay-toi_sw,pt-32,y_pad-40/photo.jpg", "publishedAt": "2020-04-03T06:48:40Z", "content": "Did China hide reality of outbreak from the world?\r\nThe US intelligence community, in a classified report, has concluded that China has misled the world on the extent of the coronavirus outbreak in the country. The officials, speaking to Bloomberg on the cond\u2026 [+2392 chars]"}, {"source": {"id": "the-times-of-india", "name": "The Times of India"}, "author": null, "title": "Covid-19: PM speaks with Sachin, Kohli & others", "description": "Prime Minister Narendra Modi will be speaking to eminent sports personalities like BCCI President Sourav Ganguly, Sachin Tendulkar, Virender Sehwag and Virat Kohli among others as he tries his best to reach the masses as the country fights the coronavirus pan\u2026", "url": "https://timesofindia.indiatimes.com/sports/more-sports/covid-19-pm-narendra-modi-to-speak-to-sourav-ganguly-sachin-tendulkar-virat-kohli-virender-sehwag-among-others/articleshow/74961459.cms", "urlToImage": "https://static.toiimg.com/thumb/msid-74961460,width-1070,height-580,imgsize-186625,resizemode-75,overlay-toi_sw,pt-32,y_pad-40/photo.jpg", "publishedAt": "2020-04-03T05:53:23Z", "content": "At a time when the Indian Premier League would normally be in full swing, Kohli has sent out a number of video messages telling people to stay indoors to stop the spread of the virus. But the tweet that got the most media coverage and 'likes', more than 100,0\u2026 [+98 chars]"}, {"source": {"id": "the-times-of-india", "name": "The Times of India"}, "author": "PTI", "title": "India's oldest COVID-19 survivor, wife discharged", "description": "India's oldest COVID-19 survivor, wife discharged\u200b\u200b\"They are fine now. The decision to discharge them was taken after their latest sample test also turned negative for coronavirus,\" a state government official said. The couple hailing from Ranni village in Pa\u2026", "url": "https://economictimes.indiatimes.com/news/politics-and-nation/indias-oldest-covid-19-survivor-wife-discharged-from-kerala-hospital/articleshow/74969740.cms", "urlToImage": "https://img.etimg.com/thumb/msid-74969904,width-1070,height-580,imgsize-263272,overlay-economictimes/photo.jpg", "publishedAt": "2020-04-03T13:27:26Z", "content": "Kottayam (Kerala): A 93-year old man, India's oldest COVID-19 survivor, and his wife were discharged from the government Medical College Hospital here on Friday, days after they fully recovered, in what is being dubbed by the medical community as a \"miracle c\u2026 [+550 chars]"}, {"source": {"id": "the-times-of-india", "name": "The Times of India"}, "author": null, "title": "Live: Covid-19 cases in Andhra Pradesh rise to 220; 27 new cases", "description": "The number of cases of the novel coronavirus across the globe crossed the 1 million mark as the global death toll topped 50,000. India has reported over 3,000 Covid-19 cases with 77 deaths, according to the Union health ministry. Stay with TOI for live updates", "url": "http://timesofindia.indiatimes.com/india/coronavirus-in-india-live-updates-total-number-of-corona-cases-in-india-rises-to-3374-and-death-toll-climbs-to-77/articleshow/74975998.cms", "urlToImage": null, "publishedAt": "2020-04-03T23:05:08Z", "content": null}, {"source": {"id": "the-times-of-india", "name": "The Times of India"}, "author": "ET Online", "title": "India's first at-home Covid testing kit launched", "description": "India's first at-home Covid testing kit launchedThe easy-to-use kit, approved by the Indian Council of Medical Research, displays accurate results within minutes.", "url": "https://economictimes.indiatimes.com/magazines/panache/bengaluru-based-bione-launches-indias-first-at-home-testing-kit-for-covid-19/articleshow/74960186.cms", "urlToImage": "https://img.etimg.com/thumb/msid-74960467,width-1070,height-580,imgsize-631289,overlay-etpanache/photo.jpg", "publishedAt": "2020-04-03T04:38:31Z", "content": "With the world putting forward all measures to fight the coronavirus pandemic, genetic and microbiome testing firm Bione, on Thursday, launched India's first Rapid Covid-19 at-home screening test kit.\r\nExperts around the world have emphasised on the need for \u2026 [+5379 chars]"}, {"source": {"id": "the-times-of-india", "name": "The Times of India"}, "author": "PTI", "title": "No shortage of medical supplies to fight COVID-19 outbreak: Govt", "description": "\"Government of India is making sure that all the essential medical supplies are in place to fight COVID-19. 62 lifeline Udan flights transported over 15.4 tons of essential medical supplies in last five days,\" Union Minister for Chemical and Fertilizers D V S\u2026", "url": "https://economictimes.indiatimes.com/news/politics-and-nation/no-shortage-of-medical-supplies-to-fight-covid-19-outbreak-govt/articleshow/74968418.cms", "urlToImage": "https://img.etimg.com/thumb/msid-74968492,width-1070,height-580,imgsize-107473,overlay-economictimes/photo.jpg", "publishedAt": "2020-04-03T12:23:54Z", "content": "The government on Friday said there is no shortage of medical supplies across the country to fight COVID-19 outbreak.\r\n\"Government of India is making sure that all the essential medical supplies are in place to fight COVID-19. 62 lifeline Udan flights transpo\u2026 [+515 chars]"}, {"source": {"id": "the-times-of-india", "name": "The Times of India"}, "author": "ET CONTRIBUTORS", "title": "A hefty $100-114 bn: The cost India needs to bear to fight Covid", "description": "A hefty $100-114 bn: The cost India needs to bear to fight CovidThe total economic cost of Covid-19 mitigation could well turn out to be 3.5-4% of GDP \u2013 a hefty $100-114 bn.", "url": "https://economictimes.indiatimes.com/news/economy/policy/view-whichever-way-one-counts-it-bearing-the-economic-cost-will-be-a-challenge/articleshow/74974113.cms", "urlToImage": "https://img.etimg.com/thumb/msid-74974567,width-1070,height-580,imgsize-11033,overlay-economictimes/photo.jpg", "publishedAt": "2020-04-03T17:56:34Z", "content": "By Abheek BaruaWhat is the economic cost of Covid-19? While the question seems simple enough, it is difficult to find a straight answer. If I follow an accountant\u2019s instinct and begin to tot up the different items of medical supplies and health infrastructure\u2026 [+4936 chars]"}, {"source": {"id": "the-times-of-india", "name": "The Times of India"}, "author": "Gaurav Noronha", "title": "World Bank approves $1 billion aid to India to fight Covid-19", "description": "This new support will cover all states and Union Territories across India and address the needs ofinfected people, at-risk populations, medical and emergency personnel and service providers, medical and testing facilities, and national and animal health agenc\u2026", "url": "https://economictimes.indiatimes.com/news/politics-and-nation/world-bank-approves-1-billion-aid-to-india-to-fight-covid-19/articleshow/74959070.cms", "urlToImage": "https://img.etimg.com/thumb/msid-74959082,width-1070,height-580,imgsize-181895,overlay-economictimes/photo.jpg", "publishedAt": "2020-04-03T02:45:52Z", "content": "The World Bank\u2019s Board of Executive Directors has approved a fast-track $1 billion India COVID-19 Emergency Response and Health Systems Preparedness Project to help India prevent, detect, and respond to the COVID-19 pandemic and strengthen its public health p\u2026 [+1245 chars]"}, {"source": {"id": "the-times-of-india", "name": "The Times of India"}, "author": "PTI", "title": "COVID-19: Google commits $6.5 million to help fight coronavirus misinformation", "description": "In a blogpost, Google pointed out that health authorities have warned that an overabundance of information can make it harder for people to obtain reliable guidance about the pandemic. Helping the world make sense of this information requires a broad response\u2026", "url": "https://economictimes.indiatimes.com/tech/internet/covid-19-google-commits-6-5-million-to-help-fight-coronavirus-misinformation/articleshow/74963775.cms", "urlToImage": "https://img.etimg.com/thumb/msid-74963827,width-1070,height-580,imgsize-561856,overlay-economictimes/photo.jpg", "publishedAt": "2020-04-03T08:08:28Z", "content": "New Delhi: Google on Friday said it will provide $6.5 million (around Rs 49 crore) in funding to fact-checkers and non-profits fighting misinformation around the world, including India, with focus on the coronavirus pandemic that has claimed thousands of live\u2026 [+1601 chars]"}, {"source": {"id": "the-times-of-india", "name": "The Times of India"}, "author": "PTI", "title": "COVID-19: Northern, North Central Railway modifying 680 coaches to accommodate 11,000 patients", "description": "As many as 68 trains with 10 coaches each are being modified and they are expected to be ready within a week to accommodate 10,880 people, said Rajiv Chaudhary, who holds the charge of General Manager for both the zones. He, however, said these isolation coac\u2026", "url": "https://economictimes.indiatimes.com/news/politics-and-nation/covid-19-northern-north-central-railway-modifying-680-coaches-to-accommodate-11000-patients/articleshow/74964905.cms", "urlToImage": "https://img.etimg.com/thumb/msid-74965002,width-1070,height-580,imgsize-196156,overlay-economictimes/photo.jpg", "publishedAt": "2020-04-03T09:13:44Z", "content": "Lucknow: Northern Railway and North Central Railway are working on a war footing to prepare 680 isolation coaches to accommodate nearly 11,000 people in case there is a sudden spurt in coronavirus positive cases, a senior official said on Friday. As many as 6\u2026 [+1388 chars]"}, {"source": {"id": "the-times-of-india", "name": "The Times of India"}, "author": "PTI", "title": "Delhi reports 91 new COVID-19 positive cases in last 24 hrs; total rises to 384", "description": "Of the 384 cases, 58 had recent foreign travel history and 38 contracted the virus after coming in contact with them. Delhi chief minister Arvind Kejriwal said community spread of the virus is not taking place in Delhi yet and there is no need to panic as the\u2026", "url": "https://economictimes.indiatimes.com/news/politics-and-nation/delhi-reports-91-new-covid-19-positive-cases-in-last-24-hrs-total-rises-to-384/articleshow/74968571.cms", "urlToImage": "https://img.etimg.com/thumb/msid-74968602,width-1070,height-580,imgsize-126393,overlay-economictimes/photo.jpg", "publishedAt": "2020-04-03T12:27:03Z", "content": "New Delhi: The total number of coronavirus cases in Delhi has risen to 384, including 259 who were evacuated from Nizamuddin Markaz, Chief Minister Arvind Kejriwal said on Friday. In last 24 hours, 91 new cases were reported in the national capital and one mo\u2026 [+797 chars]"}, {"source": {"id": "the-times-of-india", "name": "The Times of India"}, "author": "PTI", "title": "COVID-19 cases in Delhi mounts to 386; two more deaths", "description": "COVID-19 cases in Delhi mounts to 386; two more deathsAmong the fresh cases too, 77 were from the Nizamuddin Markaz, the department said in a statement. By Thursday night, the number of cases of the deadly virus in the city stood at 293, including four deaths.", "url": "https://economictimes.indiatimes.com/news/politics-and-nation/covid-19-cases-in-delhi-mounts-to-386-two-more-deaths-authorities/articleshow/74972547.cms", "urlToImage": "https://img.etimg.com/thumb/msid-74972583,width-1070,height-580,imgsize-200519,overlay-economictimes/photo.jpg", "publishedAt": "2020-04-03T16:13:58Z", "content": "New Delhi: The total number of coronavirus cases in the national capital on Friday mounted to nearly 386, with 93 fresh cases and two deaths being reported in a day, according to the Delhi Health Department. The total cases include 259 people who took part in\u2026 [+465 chars]"}, {"source": {"id": "the-times-of-india", "name": "The Times of India"}, "author": "Sreeradha D Basu", "title": "IIT Roorkee develops low-cost face shields to be used by AIIMS Rishikesh for tackling COVID-19", "description": "The shield can be used along with the protective gear by healthcare personnel while entering the wards housing COVID-19 patients. The spectacle-type design of the protection shield provides ease of replacement as the transparent sheet is not bound to a reusab\u2026", "url": "https://economictimes.indiatimes.com/news/politics-and-nation/iit-roorkee-develops-low-cost-face-shields-to-be-used-by-aiims-rishikesh-for-tackling-covid-19/articleshow/74971993.cms", "urlToImage": "https://img.etimg.com/thumb/msid-74972479,width-1070,height-580,imgsize-204993,overlay-economictimes/photo.jpg", "publishedAt": "2020-04-03T16:12:20Z", "content": "KOLKATA: IIT Roorkee has developed low-cost face shields for first-line healthcare professionals at AIIMS Rishikesh for protection from COVID-19. \r\nThe shield can be used along with the protective gear by healthcare personnel while entering the wards housing \u2026 [+881 chars]"}, {"source": {"id": "the-times-of-india", "name": "The Times of India"}, "author": "PTI", "title": "'India's tourism sector may lose Rs 5 lakh cr, 4-5 cr jobs could be cut due to COVID-19'", "description": "Of the total losses, the organised sector in the industry -- branded hotels, tour operators, travel agencies which are the mainstay of the sector - may be hit the hardest with an estimated loss of around Rs 1.58 lakh crore, according to Confederation of India\u2026", "url": "https://economictimes.indiatimes.com/news/economy/indicators/indias-tourism-sector-may-lose-rs-5-lakh-cr-4-5-cr-jobs-could-be-cut-due-to-covid-19/articleshow/74968781.cms", "urlToImage": "https://img.etimg.com/thumb/msid-74968907,width-1070,height-580,imgsize-274963,overlay-economictimes/photo.jpg", "publishedAt": "2020-04-03T12:40:08Z", "content": "NEW DELHI: The coronavirus pandemic would have a debilitating impact on India's tourism sector with the industry estimating an overall loss of Rs 5 lakh crore and job cuts for 4-5 crore people. \r\nOf the total losses, the organised sector in the industry -- br\u2026 [+3733 chars]"}, {"source": {"id": "the-times-of-india", "name": "The Times of India"}, "author": "Times Of India", "title": "World's largest radio telescope shut down due to Covid-19 outbreak - Times of India", "description": "World's largest radio telescope shut down due to Covid-19 outbreak Times of India Chilean telescopes that explore galaxies brought down to earth by coronavirus Himalayan Times View Full coverage on Google News", "url": "https://timesofindia.indiatimes.com/world/us/worlds-largest-radio-telescope-shut-down-due-to-covid-19-outbreak/articleshow/74966342.cms", "urlToImage": "https://static.toiimg.com/thumb/msid-74966320,width-1070,height-580,imgsize-475748,resizemode-75,overlay-toi_sw,pt-32,y_pad-40/photo.jpg", "publishedAt": "2020-04-03T10:41:00Z", "content": "Subscribe\r\nStart Your Daily Mornings with Times of India Newspaper!Order Now"}, {"source": {"id": "the-times-of-india", "name": "The Times of India"}, "author": "Times Of India", "title": "Covid-19: Complete shutdown in Bhubaneswar, Bhadrak for 48 hours - Times of India", "description": "Covid-19: Complete shutdown in Bhubaneswar, Bhadrak for 48 hours Times of India COVID-19: 48 Hrs Lockdown in 2 Odisha Towns; New Cases in MP, UP The Quint Odisha to impose complete lockdown in Bhubaneswar, Bhadrak for 48 hours Hindustan Times Coronavirus Outb\u2026", "url": "https://timesofindia.indiatimes.com/city/bhubaneswar/covid-19-complete-shutdown-in-bhubaneswar-bhadrak-for-48-hours/articleshow/74963334.cms", "urlToImage": "https://static.toiimg.com/thumb/msid-74963325,width-1070,height-580,imgsize-259380,resizemode-75,overlay-toi_sw,pt-32,y_pad-40/photo.jpg", "publishedAt": "2020-04-03T07:43:00Z", "content": "Subscribe\r\nStart Your Daily Mornings with Times of India Newspaper!Order Now"}, {"source": {"id": "the-times-of-india", "name": "The Times of India"}, "author": "Pune Mirror", "title": "Born during lockdown, Raipur twins named 'Corona' and 'Covid' - Pune Mirror", "description": "Born during lockdown, Raipur twins named 'Corona' and 'Covid' Pune Mirror Loss of smell hints at coronavirus infection News-Medical.Net What Doctors Are Learning About COVID-19 On The Fly NDTV News Amid virus pandemic, India welcomes twin babies Corona and Co\u2026", "url": "https://punemirror.indiatimes.com/news/india/born-during-lockdown-raipur-twins-named-corona-and-covid/articleshow/74960681.cms", "urlToImage": "https://static.toiimg.com/photo/imgsize-960513,msid-74960669/74960669.jpg", "publishedAt": "2020-04-03T04:53:00Z", "content": "Raipur: The pandemic caused by a new virus may have brought the world to its knees, but that has not deterred a couple in Chhattisgarh to name their newborn twins as 'Corona' and 'Covid'.\r\nThe two words may evoke fear and devastation in minds of others, but f\u2026 [+2612 chars]"}, {"source": {"id": "the-times-of-india", "name": "The Times of India"}, "author": "P Pavan", "title": "Bharat Biotech to develop intranasal vaccine for COVID-19 - Ahmedabad Mirror", "description": "Hyderabad-based vaccine maker Bharat Biotech is developing a unique intranasal vaccine for Coronavirus.", "url": "https://ahmedabadmirror.indiatimes.com/news/india/bharat-biotech-to-develop-intranasal-vaccine-for-covid-19/articleshow/74969930.cms", "urlToImage": "https://static.toiimg.com/photo/imgsize-59145,msid-74969910/74969910.jpg", "publishedAt": "2020-04-03T13:34:00Z", "content": "Hyderabad: Hyderabad-based vaccine\r\n maker Bharat Biotech\r\n is developing a unique intranasal vaccine for Coronavirus\r\n.\r\nAn international collaboration of virologists at the University of WisconsinMadison and the vaccine company FluGen along with Bharat Biot\u2026 [+1363 chars]"}, {"source": {"id": "the-times-of-india", "name": "The Times of India"}, "author": "Times Of India", "title": "City co joins race for Covid-19 vaccine - Times of India", "description": "City co joins race for Covid-19 vaccine Times of India Potential vaccine for novel coronavirus generates immunity in mice, says study India Today Potential coronavirus vaccine shows promise FOX 4 Now Bharat Biotech set to develop and test vaccine for COVID-19\u2026", "url": "https://timesofindia.indiatimes.com/city/hyderabad/city-co-joins-race-for-covid-19-vaccine/articleshow/74975633.cms", "urlToImage": "https://static.toiimg.com/thumb/msid-47529300,width-1070,height-580,imgsize-110164,resizemode-75,overlay-toi_sw,pt-32,y_pad-40/photo.jpg", "publishedAt": "2020-04-03T22:46:53Z", "content": "Subscribe\r\nStart Your Daily Mornings with Times of India Newspaper!Order Now"}, {"source": {"id": "the-times-of-india", "name": "The Times of India"}, "author": "Times Of India", "title": "Mega cash transfer in battle Covid-19", "description": "The government on Friday launched one of the largest-ever cash transfer schemes, including the deposit of over Rs 30,000 crore into the account of woman Jan Dhan account holders as well as Rs 5,000 crore into the linked accounts of eight crore poor households\u2026", "url": "https://timesofindia.indiatimes.com/india/mega-cash-transfer-in-battle-covid-19/articleshow/74975904.cms", "urlToImage": "https://static.toiimg.com/thumb/msid-74975906,width-1070,height-580,imgsize-542578,resizemode-75,overlay-toi_sw,pt-32,y_pad-40/photo.jpg", "publishedAt": "2020-04-03T21:34:11Z", "content": "Subscribe\r\nStart Your Daily Mornings with Times of India Newspaper!Order Now"}, {"source": {"id": "the-times-of-india", "name": "The Times of India"}, "author": "TIMESOFINDIA.COM", "title": "COVID-19 crisis: Ways coronavirus is different from all other pandemics we have seen so far - Times of India", "description": "While this is not the first pandemic witnessed by mankind, it is by large, one of the scariest ones for one too many reasons. We list out a few reasons:", "url": "https://timesofindia.indiatimes.com/life-style/health-fitness/health-news/covid-19-crisis-ways-coronavirus-is-different-from-all-other-pandemics-we-have-seen-so-far/photostory/74951718.cms", "urlToImage": "https://static.toiimg.com/photo/74951884.cms", "publishedAt": "2020-04-03T03:30:00Z", "content": "The 2019 coronavirus belongs to the family of viruses which have resulted in deadly infections, including Middle East Respiratory Syndrome (MERSA) and Severe Acute Respiratory Syndrome (SARS) in the past. However, it's the first such strain of the virus which\u2026 [+440 chars]"}, {"source": {"id": "the-times-of-india", "name": "The Times of India"}, "author": "Times Of India", "title": "PM Narendra Modi's video address on Covid-19: Key points", "description": "India News: NEW DELHI: Prime Minister Narendra Modi on Friday in a video message urged the people of the country to stand united in the fight against coronavirus .", "url": "https://timesofindia.indiatimes.com/india/pm-narendra-modis-video-address-on-covid-19-key-points/articleshow/74959329.cms", "urlToImage": "https://static.toiimg.com/thumb/msid-74959821,width-1070,height-580,imgsize-465495,resizemode-75,overlay-toi_sw,pt-32,y_pad-40/photo.jpg", "publishedAt": "2020-04-03T02:48:10Z", "content": "Subscribe\r\nStart Your Daily Mornings with Times of India Newspaper!Order Now"}, {"source": {"id": "the-times-of-india", "name": "The Times of India"}, "author": "Times Of India", "title": "Covid-19: 107 foreigners under quarantine in Haryana", "description": "India News: CHANDIGARH: Haryana Additional Chief Secretary (Home) Vijai Vardhan on Friday said 107 foreigners who have attended the congregation in Delhis Nizamud.", "url": "https://timesofindia.indiatimes.com/india/covid-19-107-foreigners-under-quarantine-in-haryana/articleshow/74972261.cms", "urlToImage": "https://static.toiimg.com/thumb/msid-74972268,width-1070,height-580,imgsize-1040765,resizemode-75,overlay-toi_sw,pt-32,y_pad-40/photo.jpg", "publishedAt": "2020-04-03T15:35:57Z", "content": "Subscribe\r\nStart Your Daily Mornings with Times of India Newspaper!Order Now"}, {"source": {"id": "the-times-of-india", "name": "The Times of India"}, "author": "Times Of India", "title": "102 new Covid-19 cases in Tamil Nadu; total 411", "description": "India News: CHENNAI: Tamil Nadu on Friday reported 102 positive coronavirus cases, taking the total number of Covid-19 cases in the state to 411.", "url": "https://timesofindia.indiatimes.com/india/102-new-covid-19-cases-in-tamil-nadu-total-411/articleshow/74972354.cms", "urlToImage": "https://static.toiimg.com/thumb/msid-74972394,width-1070,height-580,imgsize-729009,resizemode-75,overlay-toi_sw,pt-32,y_pad-40/photo.jpg", "publishedAt": "2020-04-03T15:45:00Z", "content": "Subscribe\r\nStart Your Daily Mornings with Times of India Newspaper!Order Now"}, {"source": {"id": "the-times-of-india", "name": "The Times of India"}, "author": "Times Of India", "title": "Nine new COVID-19 cases reported in Kerala", "description": "India News: THIRUVANANTHAPURAM: Kerala on Friday reported nine new coronavirus positive cases, taking the total number of such cases to 251, said Chief Minister P.", "url": "https://timesofindia.indiatimes.com/india/nine-new-covid-19-cases-reported-in-kerala/articleshow/74972843.cms", "urlToImage": "https://static.toiimg.com/thumb/msid-74972866,width-1070,height-580,imgsize-578990,resizemode-75,overlay-toi_sw,pt-32,y_pad-40/photo.jpg", "publishedAt": "2020-04-03T16:12:42Z", "content": "Subscribe\r\nStart Your Daily Mornings with Times of India Newspaper!Order Now"}, {"source": {"id": "the-times-of-india", "name": "The Times of India"}, "author": "Times Of India", "title": "ICJ moves UNHCR against China for Covid-19 reparations", "description": "The International Council of Jurists (ICJ), headquartered in London, has moved the United Nations Human Rights Council (UNHCR) seeking unspecified amount as reparations from China for having caused \u201cserious physical, psychological, economic and social harm\u201d t\u2026", "url": "https://timesofindia.indiatimes.com/india/icj-moves-unhcr-against-china-for-covid-19-reparations/articleshow/74965784.cms", "urlToImage": "https://static.toiimg.com/thumb/msid-74965794,width-1070,height-580,imgsize-14318,resizemode-75,overlay-toi_sw,pt-32,y_pad-40/photo.jpg", "publishedAt": "2020-04-03T09:46:28Z", "content": "Subscribe\r\nStart Your Daily Mornings with Times of India Newspaper!Order Now"}, {"source": {"id": "the-times-of-india", "name": "The Times of India"}, "author": "Times Of India", "title": "Govt launches mega cash transfer to fight Covid-19", "description": "The government on Friday launched one of the largest-ever cash transfer schemes, including the deposit of over Rs 30,000 crore into the account of woman Jan Dhan account holders as well as Rs 5,000 crore into the linked accounts of eight crore poor households\u2026", "url": "https://timesofindia.indiatimes.com/india/govt-launches-mega-cash-transfer-to-fight-covid-19/articleshow/74975904.cms", "urlToImage": "https://static.toiimg.com/thumb/msid-74975906,width-1070,height-580,imgsize-542578,resizemode-75,overlay-toi_sw,pt-32,y_pad-40/photo.jpg", "publishedAt": "2020-04-03T21:34:11Z", "content": "Subscribe\r\nStart Your Daily Mornings with Times of India Newspaper!Order Now"}, {"source": {"id": "the-times-of-india", "name": "The Times of India"}, "author": "Times Of India", "title": "Covid-19 lockdown: Let identified vendors sell essentials, says Centre", "description": "The urban affairs ministry has advised state governments to allow identified street vendors to sell essential items during the lockdown, a move which would not only save their livelihood and facilitate supplies virtually at doorstep, but also prevent crowding\u2026", "url": "https://timesofindia.indiatimes.com/india/let-identified-vendors-sell-essentials-centre/articleshow/74975732.cms", "urlToImage": "https://static.toiimg.com/thumb/msid-74975754,width-1070,height-580,imgsize-490368,resizemode-75,overlay-toi_sw,pt-32,y_pad-40/photo.jpg", "publishedAt": "2020-04-03T19:59:49Z", "content": "Subscribe\r\nStart Your Daily Mornings with Times of India Newspaper!Order Now"}, {"source": {"id": "the-times-of-india", "name": "The Times of India"}, "author": "Times Of India", "title": "8,000 Covid-19 samples tested, highest in a single day", "description": "The government on Friday stuck to its stand that testing for Covid-19 will be criteria based even as it said as many as 8,000 samples were tested on Thursday, the most in a day so far. The government held that its strategy is need based and testing can\u2019t be a\u2026", "url": "https://timesofindia.indiatimes.com/india/8000-covid-19-samples-tested-highest-in-a-single-day/articleshow/74975925.cms", "urlToImage": "https://static.toiimg.com/thumb/msid-74975924,width-1070,height-580,imgsize-408067,resizemode-75,overlay-toi_sw,pt-32,y_pad-40/photo.jpg", "publishedAt": "2020-04-03T22:01:46Z", "content": "Subscribe\r\nStart Your Daily Mornings with Times of India Newspaper!Order Now"}, {"source": {"id": "the-times-of-india", "name": "The Times of India"}, "author": "Times Of India", "title": "Covid-19: Kovind, Naidu hold discussions with governors", "description": "India News: CHENNAI: President Ram Nath Kovind and vice-president Venkaiah Naidu held discussions with governors and lt governors through video conference on Frid.", "url": "https://timesofindia.indiatimes.com/india/covid-19-kovind-naidu-hold-discussions-with-governors/articleshow/74967448.cms", "urlToImage": "https://static.toiimg.com/thumb/msid-74967420,width-1070,height-580,imgsize-8640,resizemode-75,overlay-toi_sw,pt-32,y_pad-40/photo.jpg", "publishedAt": "2020-04-03T11:11:33Z", "content": "Subscribe\r\nStart Your Daily Mornings with Times of India Newspaper!Order Now"}, {"source": {"id": "the-times-of-india", "name": "The Times of India"}, "author": "Times Of India", "title": "Covid-19 cases continue global advance, toll above 54,000", "description": "India News: As of around 5 p.m., the toll stood at 54,137 and the total number of cases around the world at 1,033,478.", "url": "https://timesofindia.indiatimes.com/india/covid-19-cases-continue-global-advance-toll-above-54000/articleshow/74973107.cms", "urlToImage": "https://static.toiimg.com/thumb/msid-74973174,width-1070,height-580,imgsize-835614,resizemode-75,overlay-toi_sw,pt-32,y_pad-40/photo.jpg", "publishedAt": "2020-04-03T16:30:33Z", "content": "Subscribe\r\nStart Your Daily Mornings with Times of India Newspaper!Order Now"}, {"source": {"id": "the-times-of-india", "name": "The Times of India"}, "author": "Times Of India", "title": "Covid-19: DRDO develops portable backpack for sanitisation equipment", "description": "India News: NEW DELHI: In a quest for developing indigenous solutions to combat the coronavirus Pandemic, Defence Research and Development Organisation (DRDO) has.", "url": "https://timesofindia.indiatimes.com/india/covid-19-drdo-develops-portable-backpack-for-sanitisation-equipment/articleshow/74971504.cms", "urlToImage": "https://static.toiimg.com/thumb/msid-74971469,width-1070,height-580,imgsize-348803,resizemode-75,overlay-toi_sw,pt-32,y_pad-40/photo.jpg", "publishedAt": "2020-04-03T14:49:30Z", "content": "Subscribe\r\nStart Your Daily Mornings with Times of India Newspaper!Order Now"}, {"source": {"id": "the-times-of-india", "name": "The Times of India"}, "author": "Times Of India", "title": "When Punjab cops fight Covid-19, their wives stitch masks", "description": "India News: The wives of policemen are making masks at home to handle the Covid-19 pandemic.", "url": "https://timesofindia.indiatimes.com/india/when-punjab-cops-fight-covid-19-their-wives-stitch-masks/articleshow/74969011.cms", "urlToImage": "https://static.toiimg.com/thumb/msid-74968982,width-1070,height-580,imgsize-1111607,resizemode-75,overlay-toi_sw,pt-32,y_pad-40/photo.jpg", "publishedAt": "2020-04-03T12:34:46Z", "content": "Subscribe\r\nStart Your Daily Mornings with Times of India Newspaper!Order Now"}, {"source": {"id": "the-times-of-india", "name": "The Times of India"}, "author": "Mumbai Mirror", "title": "BMC identifies over 200 containment zones in Mumbai to combat the spread of COVID-19; here's the full li - Mumbai Mirror", "description": "BMC identifies over 200 containment zones in Mumbai to combat the spread of COVID-19; here's the full li Mumbai Mirror Second COVID-19 Case In Mumbai's Dharavi In Less Than 24 Hours NDTV News Coronavirus Mumbai Updates | Youth pelt stones at police after bein\u2026", "url": "https://mumbaimirror.indiatimes.com/coronavirus/news/bmc-identifies-over-200-containment-zones-in-mumbai-to-combat-the-spread-of-covid-19-heres-the-full-list/articleshow/74960510.cms", "urlToImage": "https://static.toiimg.com/photo/imgsize-346236,msid-74960524/74960524.jpg", "publishedAt": "2020-04-03T04:41:00Z", "content": "With the number of positive coronavirus\r\n cases increasing day by day in Mumbai\r\n, the Brihanmumbai Municipal Corporation (BMC\r\n) has chalked out over 200 containment areas across the city.\r\nWith the objective of cracking down on the spread of coronavirus, 21\u2026 [+3402 chars]"}, {"source": {"id": "the-times-of-india", "name": "The Times of India"}, "author": "Times Of India", "title": "Karnataka moves SC against Kerala HC's direction on opening sealed Karnataka-Kerala border for Covid patients", "description": "India News: NEW DELHI: Karnataka government moves Supreme Court challenging a recent Kerala HIgh Court direction to Centre to intervene urgently to open the seale.", "url": "https://timesofindia.indiatimes.com/india/karnataka-moves-sc-against-kerala-hcs-direction-on-opening-sealed-karnataka-kerala-border-for-covid-patients/articleshow/74960398.cms", "urlToImage": "https://static.toiimg.com/thumb/msid-47529300,width-1070,height-580,imgsize-110164,resizemode-75,overlay-toi_sw,pt-32,y_pad-40/photo.jpg", "publishedAt": "2020-04-03T04:18:59Z", "content": "Subscribe\r\nStart Your Daily Mornings with Times of India Newspaper!Order Now"}, {"source": {"id": "the-times-of-india", "name": "The Times of India"}, "author": "Times Of India", "title": "\u2018Professional PIL shops' must be locked down during Covid-19 pandemic: Centre to SC", "description": "India News: NEW DELHI: The Centre Friday strongly opposed the petitions filed by activists for payment of wages to migrant workers who have been left without work.", "url": "https://timesofindia.indiatimes.com/india/professional-pil-shops-must-be-locked-down-during-covid-19-pandemic-centre-to-sc/articleshow/74966232.cms", "urlToImage": "https://static.toiimg.com/thumb/msid-74966206,width-1070,height-580,imgsize-100389,resizemode-75,overlay-toi_sw,pt-32,y_pad-40/photo.jpg", "publishedAt": "2020-04-03T10:15:59Z", "content": "Subscribe\r\nStart Your Daily Mornings with Times of India Newspaper!Order Now"}, {"source": {"id": "the-times-of-india", "name": "The Times of India"}, "author": "Times Of India", "title": "What CDC has to say on the usage of facemasks against Covid-19", "description": "India News: There has been a lot of confusion over the usage of facemasks against coronavirus.", "url": "https://timesofindia.indiatimes.com/india/what-cdc-has-to-say-on-the-usage-of-facemasks-against-covid-19/articleshow/74965365.cms", "urlToImage": "https://static.toiimg.com/thumb/msid-74965374,width-1070,height-580,imgsize-772099,resizemode-75,overlay-toi_sw,pt-32,y_pad-40/photo.jpg", "publishedAt": "2020-04-03T09:21:56Z", "content": "Subscribe\r\nStart Your Daily Mornings with Times of India Newspaper!Order Now"}, {"source": {"id": "the-times-of-india", "name": "The Times of India"}, "author": "Times Of India", "title": "What WHO and CDC have to say on usage of facemasks against Covid-19", "description": "India News: NEW DELHI: There has been a lot of confusion over the usage of facemasks against coronavirus.", "url": "https://timesofindia.indiatimes.com/india/what-who-and-cdc-have-to-say-on-usage-of-facemasks-against-covid-19/articleshow/74964732.cms", "urlToImage": "https://static.toiimg.com/thumb/msid-74964762,width-1070,height-580,imgsize-1009314,resizemode-75,overlay-toi_sw,pt-32,y_pad-40/photo.jpg", "publishedAt": "2020-04-03T08:43:22Z", "content": "Subscribe\r\nStart Your Daily Mornings with Times of India Newspaper!Order Now"}, {"source": {"id": "the-times-of-india", "name": "The Times of India"}, "author": "Times Of India", "title": "Covid-19 outbreak: How to make your own face mask at home", "description": "After a research that claimed if 80% of the population wears a mask, the coronavirus outbreak \u201ccan be stopped immediately\u201d, office of the principal scienti\ufb01c adviser (PSA) to the government has issued a detailed manual on homemade masks which can be easily pr\u2026", "url": "https://timesofindia.indiatimes.com/india/covid-19-outbreak-how-to-make-your-own-face-mask-at-home/articleshow/74964177.cms", "urlToImage": "https://static.toiimg.com/thumb/msid-74964664,width-1070,height-580,imgsize-129204,resizemode-75,overlay-toi_sw,pt-32,y_pad-40/photo.jpg", "publishedAt": "2020-04-03T08:15:42Z", "content": "Subscribe\r\nStart Your Daily Mornings with Times of India Newspaper!Order Now"}, {"source": {"id": "the-times-of-india", "name": "The Times of India"}, "author": "Times Of India", "title": "Decision on Covid-19 curfew extension depends on situation: Amarinder Singh", "description": "India News: CHANDIGARH: Punjab Chief Minister Amarinder Singh on Friday said any decision on extending the statewide curfew beyond would depend on the prevailing .", "url": "https://timesofindia.indiatimes.com/india/decision-on-curfew-extension-depends-on-situation-amarinder-singh/articleshow/74969563.cms", "urlToImage": "https://static.toiimg.com/thumb/msid-74969537,width-1070,height-580,imgsize-399560,resizemode-75,overlay-toi_sw,pt-32,y_pad-40/photo.jpg", "publishedAt": "2020-04-03T12:58:34Z", "content": "Subscribe\r\nStart Your Daily Mornings with Times of India Newspaper!Order Now"}, {"source": {"id": "the-times-of-india", "name": "The Times of India"}, "author": "Times Of India", "title": "647 Covid-19 cases found in last 2 days linked to Tablighi Jamaat congregation: Health ministry", "description": "India News: NEW DELHI: As many as 647 Covid-19 positive cases found in 14 states in the last two days are linked to the Tablighi Jamaat congregation, the Union he.", "url": "https://timesofindia.indiatimes.com/india/647-covid-19-cases-found-in-last-2-days-linked-to-tablighi-jamaat-congregation-health-ministry/articleshow/74968123.cms", "urlToImage": "https://static.toiimg.com/thumb/msid-74968162,width-1070,height-580,imgsize-192096,resizemode-75,overlay-toi_sw,pt-32,y_pad-40/photo.jpg", "publishedAt": "2020-04-03T11:46:01Z", "content": "Subscribe\r\nStart Your Daily Mornings with Times of India Newspaper!Order Now"}, {"source": {"id": "the-times-of-india", "name": "The Times of India"}, "author": "Times Of India", "title": "No shortage of medical supplies to fight Covid-19 outbreak: Govt", "description": "India News: NEW DELHI: The government on Friday said there is no shortage of medical supplies across the country to fight COVID-19 outbreak.", "url": "https://timesofindia.indiatimes.com/india/no-shortage-of-medical-supplies-to-fight-covid-19-outbreak-govt/articleshow/74968217.cms", "urlToImage": "https://static.toiimg.com/thumb/msid-74968282,width-1070,height-580,imgsize-1800744,resizemode-75,overlay-toi_sw,pt-32,y_pad-40/photo.jpg", "publishedAt": "2020-04-03T11:51:55Z", "content": "Subscribe\r\nStart Your Daily Mornings with Times of India Newspaper!Order Now"}, {"source": {"id": "the-times-of-india", "name": "The Times of India"}, "author": "Times Of India", "title": "Science ministry sets up a rapid response centre at IIT Bombay to combat COVID-19", "description": "India News: NEW DELHI: Union science and technology ministry on Friday approved setting up of an exclusive body - Centre for Augmenting War with COVID-19 Health C.", "url": "https://timesofindia.indiatimes.com/india/science-ministry-sets-up-a-rapid-response-centre-at-iit-bombay-to-combat-covid-19/articleshow/74969705.cms", "urlToImage": "https://static.toiimg.com/thumb/msid-74969875,width-1070,height-580,imgsize-414168,resizemode-75,overlay-toi_sw,pt-32,y_pad-40/photo.jpg", "publishedAt": "2020-04-03T13:14:02Z", "content": "Subscribe\r\nStart Your Daily Mornings with Times of India Newspaper!Order Now"}, {"source": {"id": "the-times-of-india", "name": "The Times of India"}, "author": "Times Of India", "title": "Centre to give Rs 11,092cr to states to deal with Covid-19", "description": "India News: NEW DELHI: Union home minister Amit Shah on Friday approved release of Rs 11,092 crore to all states under the State Disaster Risk Management Fund (SD.", "url": "https://timesofindia.indiatimes.com/india/centre-to-give-rs-11092cr-to-states-to-deal-with-covid-19/articleshow/74970800.cms", "urlToImage": "https://static.toiimg.com/thumb/msid-74970847,width-1070,height-580,imgsize-,resizemode-75,overlay-toi_sw,pt-32,y_pad-40/photo.jpg", "publishedAt": "2020-04-03T14:07:44Z", "content": "Subscribe\r\nStart Your Daily Mornings with Times of India Newspaper!Order Now"}, {"source": {"id": "the-times-of-india", "name": "The Times of India"}, "author": "Times Of India", "title": "20 COVID-19 cases in Assam, NE tally rises to 24", "description": "India News: GUWAHATI/AGARTALA: With more fresh positive coronavirus cases getting reported from the region, the total number of cases in the northeast went up to .", "url": "https://timesofindia.indiatimes.com/india/20-covid-19-cases-in-assam-ne-tally-rises-to-24/articleshow/74974283.cms", "urlToImage": "https://static.toiimg.com/thumb/msid-74974346,width-1070,height-580,imgsize-799119,resizemode-75,overlay-toi_sw,pt-32,y_pad-40/photo.jpg", "publishedAt": "2020-04-03T17:27:49Z", "content": "Subscribe\r\nStart Your Daily Mornings with Times of India Newspaper!Order Now"}, {"source": {"id": "the-times-of-india", "name": "The Times of India"}, "author": "Times Of India", "title": "Covid-19 death toll in India rises to 62, cases to 2,547", "description": "India News: NEW DELHI: The number of Covid-19 cases climbed to 2,547 in the country on Friday while the death toll rose to 62, registering a jump of 478 cases, ac.", "url": "https://timesofindia.indiatimes.com/india/covid-19-death-toll-in-india-rises-to-62-cases-to-2547/articleshow/74972069.cms", "urlToImage": "https://static.toiimg.com/thumb/msid-74972062,width-1070,height-580,imgsize-166144,resizemode-75,overlay-toi_sw,pt-32,y_pad-40/photo.jpg", "publishedAt": "2020-04-03T15:21:44Z", "content": "Subscribe\r\nStart Your Daily Mornings with Times of India Newspaper!Order Now"}, {"source": {"id": "the-times-of-india", "name": "The Times of India"}, "author": "Times Of India", "title": "30 new Covid-19 cases reported in Rajasthan, tally up to 166", "description": "India News: JAIPUR: The coronavirus positive count continued to maintain an upward curve in Rajasthan on Friday with 30 new cases, taking the total tally to 166 w.", "url": "https://timesofindia.indiatimes.com/india/30-new-covid-19-cases-reported-in-rajasthan-tally-up-to-166/articleshow/74973754.cms", "urlToImage": "https://static.toiimg.com/thumb/msid-74973782,width-1070,height-580,imgsize-880945,resizemode-75,overlay-toi_sw,pt-32,y_pad-40/photo.jpg", "publishedAt": "2020-04-03T16:57:07Z", "content": "Subscribe\r\nStart Your Daily Mornings with Times of India Newspaper!Order Now"}, {"source": {"id": "the-times-of-india", "name": "The Times of India"}, "author": "Times Of India", "title": "Sample testing criteria for Covid-19 may be revised: Health Ministry", "description": "India News: NEW DELHI: The Union Health Ministry on Friday said that there was a possibility of revising sample criteria for testing Covid-19, if the need arose.", "url": "https://timesofindia.indiatimes.com/india/sample-testing-criteria-for-covid-19-may-be-revised-health-ministry/articleshow/74972481.cms", "urlToImage": "https://static.toiimg.com/thumb/msid-74972511,width-1070,height-580,imgsize-685045,resizemode-75,overlay-toi_sw,pt-32,y_pad-40/photo.jpg", "publishedAt": "2020-04-03T15:55:02Z", "content": "Subscribe\r\nStart Your Daily Mornings with Times of India Newspaper!Order Now"}, {"source": {"id": "the-times-of-india", "name": "The Times of India"}, "author": "Times Of India", "title": "COVID-19: Orders for over 10 crore anti-malarial hydroxychloroquine tablets placed by Centre", "description": "The Centre has placed orders with several pharmaceutical companies to procure over 10 crore hydroxychloroquine tablets, which the ICMR has recommended to be used as a preventive medication for COVID-19 healthcare workers, an official said on Friday.", "url": "https://timesofindia.indiatimes.com/india/covid-19-orders-for-over-10-crore-anti-malarial-hydroxychloroquine-tablets-placed-by-centre/articleshow/74970960.cms", "urlToImage": "https://static.toiimg.com/thumb/msid-74971211,width-1070,height-580,imgsize-19035,resizemode-75,overlay-toi_sw,pt-32,y_pad-40/photo.jpg", "publishedAt": "2020-04-03T14:32:11Z", "content": "Subscribe\r\nStart Your Daily Mornings with Times of India Newspaper!Order Now"}, {"source": {"id": "the-times-of-india", "name": "The Times of India"}, "author": "Times Of India", "title": "Covid-19: 4 men slapped with NSA for attacking health workers", "description": "India News: BHOPAL/INDORE: The Indore district administration on Friday invoked the National Security Act (NSA) against four men involved in the alleged attack on.", "url": "https://timesofindia.indiatimes.com/india/covid-19-4-men-slapped-with-nsa-for-attacking-health-workers/articleshow/74964367.cms", "urlToImage": "https://static.toiimg.com/thumb/msid-74964498,width-1070,height-580,imgsize-85923,resizemode-75,overlay-toi_sw,pt-32,y_pad-40/photo.jpg", "publishedAt": "2020-04-03T08:26:09Z", "content": "Subscribe\r\nStart Your Daily Mornings with Times of India Newspaper!Order Now"}, {"source": {"id": "the-times-of-india", "name": "The Times of India"}, "author": "Times Of India", "title": "What WHO has to say on the usage of facemasks against Covid-19", "description": "India News: There has been a lot of confusion over the usage of facemasks against coronavirus.", "url": "https://timesofindia.indiatimes.com/india/what-who-has-to-say-on-the-usage-of-facemasks-against-covid-19/articleshow/74964950.cms", "urlToImage": "https://static.toiimg.com/thumb/msid-74965024,width-1070,height-580,imgsize-825045,resizemode-75,overlay-toi_sw,pt-32,y_pad-40/photo.jpg", "publishedAt": "2020-04-03T09:00:59Z", "content": "Subscribe\r\nStart Your Daily Mornings with Times of India Newspaper!Order Now"}, {"source": {"id": "the-times-of-india", "name": "The Times of India"}, "author": "Times Of India", "title": "Management of waste from Covid-19 isolation wards now part of 'essential services'", "description": "India News: NEW DELHI: The management of waste from Covid-19 isolation wards and quarantine camps is now part of \"essential services\".", "url": "https://timesofindia.indiatimes.com/india/management-of-waste-from-covid-19-isolation-wards-now-part-of-essential-services/articleshow/74971082.cms", "urlToImage": "https://static.toiimg.com/thumb/msid-74971073,width-1070,height-580,imgsize-166144,resizemode-75,overlay-toi_sw,pt-32,y_pad-40/photo.jpg", "publishedAt": "2020-04-03T14:23:33Z", "content": "Subscribe\r\nStart Your Daily Mornings with Times of India Newspaper!Order Now"}, {"source": {"id": "the-times-of-india", "name": "The Times of India"}, "author": "Times Of India", "title": "Covid-19: Yogi Adityanath ensures long haul for Tablighis in UP", "description": "India News: LUCKNOW: Uttar Pradesh Chief Minister Yogi Adityanath faces the toughest challenge of his political career in the prevailing scenario when members of .", "url": "https://timesofindia.indiatimes.com/india/covid-19-yogi-ensures-long-haul-for-tablighis-in-up/articleshow/74973405.cms", "urlToImage": "https://static.toiimg.com/thumb/msid-74973413,width-1070,height-580,imgsize-797037,resizemode-75,overlay-toi_sw,pt-32,y_pad-40/photo.jpg", "publishedAt": "2020-04-03T16:41:17Z", "content": "Subscribe\r\nStart Your Daily Mornings with Times of India Newspaper!Order Now"}, {"source": {"id": "the-times-of-india", "name": "The Times of India"}, "author": "Times Of India", "title": "Govt app to track if you have been near a Covid +ve person", "description": "In its effort to spread awareness among citizens on the novel coronavirus outbreak in India, the government launched a new tracking app \u2018Aarogya Setu\u2019 on Thursday to help people track Covid-19 infections more accurately and effectively. The mobile application\u2026", "url": "https://timesofindia.indiatimes.com/india/govt-app-to-track-if-you-have-been-near-a-covid-ve-person/articleshow/74958543.cms", "urlToImage": "https://static.toiimg.com/thumb/msid-74958599,width-1070,height-580,imgsize-1021479,resizemode-75,overlay-toi_sw,pt-32,y_pad-40/photo.jpg", "publishedAt": "2020-04-03T01:13:36Z", "content": "Subscribe\r\nStart Your Daily Mornings with Times of India Newspaper!Order Now"}, {"source": {"id": "the-times-of-india", "name": "The Times of India"}, "author": "Times Of India", "title": "Covid-19 outbreak: How effective are different types of face masks", "description": "People across Asia have long worn face masks to avoid picking up infections and due to the COVID-19 crisis, other countries are now discussing whether the practice should be enforced in a bid to slow the spread of the disease.", "url": "https://timesofindia.indiatimes.com/india/covid-19-outbreak-how-effective-are-different-types-of-face-masks/articleshow/74965557.cms", "urlToImage": "https://static.toiimg.com/thumb/msid-74967087,width-1070,height-580,imgsize-67336,resizemode-75,overlay-toi_sw,pt-32,y_pad-40/photo.jpg", "publishedAt": "2020-04-03T11:15:27Z", "content": "Subscribe\r\nStart Your Daily Mornings with Times of India Newspaper!Order Now"}, {"source": {"id": "the-times-of-india", "name": "The Times of India"}, "author": "Times Of India", "title": "Covid-19 lockdown: For a change, Yamuna flows cleaner and full", "description": "India News: AGRA: After a long while, river Yamuna is flowing full and cleaner at this time of the year.", "url": "https://timesofindia.indiatimes.com/india/covid-19-lockdown-for-a-change-yamuna-flows-cleaner-and-full/articleshow/74972145.cms", "urlToImage": "https://static.toiimg.com/thumb/msid-74972140,width-1070,height-580,imgsize-485031,resizemode-75,overlay-toi_sw,pt-32,y_pad-40/photo.jpg", "publishedAt": "2020-04-03T15:28:36Z", "content": "Subscribe\r\nStart Your Daily Mornings with Times of India Newspaper!Order Now"}, {"source": {"id": "the-times-of-india", "name": "The Times of India"}, "author": "Times Of India", "title": "5 more test Covid-19 positive, tally rises to 75 in J&K", "description": "India News: JAMMU: With five more persons testing positive on Friday, the number of Covid-19 cases is Jammu and Kashmir has gone up to 75.", "url": "https://timesofindia.indiatimes.com/india/5-more-test-covid-19-positive-tally-rises-to-75-in-jk/articleshow/74971983.cms", "urlToImage": "https://static.toiimg.com/thumb/msid-74971957,width-1070,height-580,imgsize-719895,resizemode-75,overlay-toi_sw,pt-32,y_pad-40/photo.jpg", "publishedAt": "2020-04-03T15:16:52Z", "content": "Subscribe\r\nStart Your Daily Mornings with Times of India Newspaper!Order Now"}, {"source": {"id": "the-times-of-india", "name": "The Times of India"}, "author": "Times Of India", "title": "Covid-19: 16 die in a day; Tamil Nadu records 102 cases as India total tops 3,000", "description": "India reported 15 Covid-19 deaths on Friday \u2014 the highest single-day death count since the coronavirus outbreak in the country \u2014 taking the toll to 85. The number of coronavirus cases crossed the 3,000-mark at 3,082 with more than 500 new cases being reported\u2026", "url": "https://timesofindia.indiatimes.com/india/covid-19-16-die-in-a-day-tamil-nadu-records-102-cases-as-india-total-tops-3000/articleshow/74975802.cms", "urlToImage": "https://static.toiimg.com/thumb/msid-74975850,width-1070,height-580,imgsize-476190,resizemode-75,overlay-toi_sw,pt-32,y_pad-40/photo.jpg", "publishedAt": "2020-04-03T20:45:01Z", "content": "Subscribe\r\nStart Your Daily Mornings with Times of India Newspaper!Order Now"}, {"source": {"id": "the-times-of-india", "name": "The Times of India"}, "author": "Times Of India", "title": "UNGA adopts resolution on COVID-19", "description": "The UN General Assembly has unanimously adopted its first resolution on the coronavirus pandemic co-sponsored by India and 187 other nations, calling for intensified global cooperation to defeat the deadly disease that is causing \"severe disruption\" to societ\u2026", "url": "https://timesofindia.indiatimes.com/world/rest-of-world/unga-adopts-resolution-on-covid-19-calls-for-global-cooperation-to-fight-pandemic/articleshow/74965518.cms", "urlToImage": "https://static.toiimg.com/thumb/msid-74965604,width-1070,height-580,imgsize-34061,resizemode-75,overlay-toi_sw,pt-32,y_pad-40/photo.jpg", "publishedAt": "2020-04-03T09:36:38Z", "content": "Subscribe\r\nStart Your Daily Mornings with Times of India Newspaper!Order Now"}, {"source": {"id": "the-times-of-india", "name": "The Times of India"}, "author": "ETMarkets.com", "title": "Gold prices today leap as rising Covid cases lead to flight to safety", "description": "Globally, gold inched down after rising 1.4 per cent in the previous session as the U.S. dollar firmed.", "url": "https://economictimes.indiatimes.com/markets/commodities/news/gold-prices-today-leap-as-rising-covid-cases-lead-to-flight-to-safety/articleshow/74960092.cms", "urlToImage": "https://img.etimg.com/thumb/msid-74960070,width-1070,height-580,imgsize-547834,overlay-etmarkets/photo.jpg", "publishedAt": "2020-04-03T04:02:09Z", "content": "NEW DELHI: Gold and silver prices leaped on Friday as rapid increase in coronavirus cases hit the risk appetite of investors, leading to rise in demand of safe haven assets even as the rupee gained against the US dollar.\r\nThe number of active cases have doubl\u2026 [+1221 chars]"}, {"source": {"id": "the-times-of-india", "name": "The Times of India"}, "author": "ET Online", "title": "Covid fight is a balancing act for world's economies: World Bank India Chief", "description": "Junaid Kamal Ahmad talked about how the coronavirus impact is different from the financial meltdown of '08, saying, \"what is really different is the financial shock was an attack on the demand side of the economy. Here it is a supply shock. It is a health sho\u2026", "url": "https://economictimes.indiatimes.com/news/economy/indicators/covid-fight-is-a-balancing-act-for-worlds-economies-world-bank-india-chief/articleshow/74964031.cms", "urlToImage": "https://img.etimg.com/thumb/msid-74964059,width-1070,height-580,imgsize-399372,overlay-economictimes/photo.jpg", "publishedAt": "2020-04-03T08:21:40Z", "content": "The Coronavirus pandemic is having a strong impact on the global economy. Questions are rife about the possible economic and financial fallout of asking a third of the world's population to stay home and shutting down factories.\r\nIs a systemic financial crisi\u2026 [+2627 chars]"}, {"source": {"id": "the-times-of-india", "name": "The Times of India"}, "author": "Manu Pubby", "title": "Local defence technology helps fight Covid-19", "description": "More than half a dozen essential items\u2014ranging from high protection face masks to full body protection suits and multi patient ventilators\u2014have been churned out at high speed over the past week as the Defence Research and Development Organisation (DRDO) has r\u2026", "url": "https://economictimes.indiatimes.com/news/defence/local-defence-technology-helps-fight-covid-19/articleshow/74958610.cms", "urlToImage": "https://img.etimg.com/thumb/msid-74958624,width-1070,height-580,imgsize-891090,overlay-etdefence/photo.jpg", "publishedAt": "2020-04-03T01:37:09Z", "content": "NEW DELHI: From adhesives used in submarines to special coating originally designed for high strength parachutes, India has been using spin offs from its available defence technology to quickly develop low cost, high volume equipment desperately needed in the\u2026 [+1760 chars]"}, {"source": {"id": "the-times-of-india", "name": "The Times of India"}, "author": "Times Of India", "title": "Covid-19: Pak struggles to stop congregational prayers", "description": "Ministry of health services said that Pakistan's coronavirus cases jumped to 2,450 on Friday. Thirty five people have died due to the pandemic, while 126 have recovered so far. The number of cases were regularly on the rise in the country despite more than on\u2026", "url": "https://timesofindia.indiatimes.com/world/pakistan/covid-19-pakistan-struggles-to-stop-congregational-prayers-cases-surge-past-2400/articleshow/74963070.cms", "urlToImage": "https://static.toiimg.com/thumb/msid-74963092,width-1070,height-580,imgsize-1285333,resizemode-75,overlay-toi_sw,pt-32,y_pad-40/photo.jpg", "publishedAt": "2020-04-03T07:07:19Z", "content": "Subscribe\r\nStart Your Daily Mornings with Times of India Newspaper!Order Now"}, {"source": {"id": "the-times-of-india", "name": "The Times of India"}, "author": "Times Of India", "title": "Covid-19: US employment falls 701,000 in March", "description": "The US economy shed 701,000 jobs in March amid the damage inflicted by the coronavirus shutdowns, while the unemployment rate surged to 4.4 per cent, the labor department reported on Friday.", "url": "https://timesofindia.indiatimes.com/business/international-business/us-employment-falls-701000-in-march-amid-coronavirus-government/articleshow/74969506.cms", "urlToImage": "https://static.toiimg.com/thumb/msid-74969562,width-1070,height-580,imgsize-134624,resizemode-75,overlay-toi_sw,pt-32,y_pad-40/photo.jpg", "publishedAt": "2020-04-03T12:58:04Z", "content": "Subscribe\r\nStart Your Daily Mornings with Times of India Newspaper!Order Now"}, {"source": {"id": "the-times-of-india", "name": "The Times of India"}, "author": "ET Bureau", "title": "Indian companies revisiting employee-wellness strategies amid Covid-19 outbreak", "description": "Indian companies are advising employees to adopt simple health measures during this prolonged shutdown to be physically and mentally upbeat. The two main tenets companies are focussing on are diet and workout, while requesting inhouse doctors and nutritionist\u2026", "url": "https://economictimes.indiatimes.com/news/company/corporate-trends/indian-companies-revisiting-employee-wellness-strategies-amid-covid-19-outbreak/articleshow/74961918.cms", "urlToImage": "https://img.etimg.com/thumb/msid-74961984,width-1070,height-580,imgsize-131783,overlay-economictimes/photo.jpg", "publishedAt": "2020-04-03T06:25:01Z", "content": "By Lijee PhilipIndian companies are rethinking their employee-wellness strategies and customising programs to accommodate the tectonic change in people\u2019s habits after a prolonged phase of working from home due to the Covid-19 lockdown and expect it will manif\u2026 [+3471 chars]"}, {"source": {"id": "the-times-of-india", "name": "The Times of India"}, "author": "Chaitanya Marpakwar and Shruti Ganapatye", "title": "Covid-19: The 24-hour race to contain Dharavi", "description": "A team of five: medical officer (MO) Dr Tejaswi Kakade, assistant medical officer (AMO) Dr Nazish Shaikh, a sanitary inspector (SI) and two community health volunteers (CHVs) armed with just a notebook, a pen, a set of questions, and a stoic dedication, becam\u2026", "url": "https://economictimes.indiatimes.com/news/politics-and-nation/covid-19-the-24-hour-race-to-contain-dharavi/articleshow/74962943.cms", "urlToImage": "https://img.etimg.com/thumb/msid-74963056,width-1070,height-580,imgsize-268843,overlay-economictimes/photo.jpg", "publishedAt": "2020-04-03T07:23:51Z", "content": "On Wednesday, the death of a 56-year-old man from Covid-19, pushed an already-stretched administration into red alert.\r\nThe man, a garment seller, who had tested positive earlier in the day was a resident of Dharavi. The slum spread over 2.2 kilometres has a \u2026 [+7982 chars]"}, {"source": {"id": "the-times-of-india", "name": "The Times of India"}, "author": "Riya Pahuja, ET CIO", "title": "Covid-19: What CXOs want from IT", "description": "The unabated span of coronavirus pandemic has led several businesses to either halt or live in dead operations. While every function in an enterprise has been impacted by this medical emergency, the role that seems to have the heaviest load on its shoulders i\u2026", "url": "https://cio.economictimes.indiatimes.com/news/strategy-and-management/covid-19-what-cxos-want-from-it/74959357", "urlToImage": "https://etimg.etb2bimg.com/thumb/msid-74959357,imgsize-23285,width-800,height-434,overlay-etcio/covid-19-what-cxos-want-from-it.jpg", "publishedAt": "2020-04-03T03:23:00Z", "content": "The unabated span of coronavirus pandemic has led several businesses to either halt or live in dead operations. While every function in an enterprise has been impacted by this medical emergency, the role that seems to have the heaviest load on its shoulders i\u2026 [+3526 chars]"}, {"source": {"id": "the-times-of-india", "name": "The Times of India"}, "author": "ET Bureau", "title": "Covid-19 break messes up automakers BS6 pricing strategy", "description": "Companies like Toyota, which started selling BS6 models January onwards decided not to pass on the entire BS6 price increase to customers as buying confidence was already low. For a diesel vehicle which entailed a price hike of Rs 1.5 lakh for a BS6 model, ma\u2026", "url": "https://economictimes.indiatimes.com/industry/auto/auto-news/covid-19-break-messes-up-automakers-bs6-pricing-strategy/articleshow/74961210.cms", "urlToImage": "https://img.etimg.com/thumb/msid-74961534,width-1070,height-580,imgsize-355006,overlay-economictimes/photo.jpg", "publishedAt": "2020-04-03T05:56:38Z", "content": "By Lijee PhilipBattered by the Covid-19 outbreak and the lockdown following an economic slowdown might force auto makers to price their BS6 offering closer to the BS4 vehicles they replaced to attract buyers once the lockdown is lifted. The outbreak has worse\u2026 [+3551 chars]"}, {"source": {"id": "the-times-of-india", "name": "The Times of India"}, "author": "PTI", "title": "UNGA adopts resolution calling for global solidarity, cooperation to fight COVID-19", "description": "The resolution titled 'Global solidarity to fight the coronavirus disease 2019 (COVID-19)' was the first such document on the global pandemic to be adopted by the world organisation.", "url": "https://economictimes.indiatimes.com/news/international/world-news/unga-adopts-resolution-calling-for-global-solidarity-cooperation-to-fight-covid-19/articleshow/74963975.cms", "urlToImage": "https://img.etimg.com/thumb/msid-74964163,width-1070,height-580,imgsize-215197,overlay-economictimes/photo.jpg", "publishedAt": "2020-04-03T08:16:24Z", "content": "The United Nations General Assembly has unanimously adopted a resolution, co-sponsored by 188 nations including India, on COVID-19, calling for intensified international cooperation to defeat the pandemic that is causing \"severe disruption to societies and ec\u2026 [+2129 chars]"}, {"source": {"id": "the-times-of-india", "name": "The Times of India"}, "author": "PTI", "title": "COVID-19: 4 men slapped with NSA for attacking health workers", "description": "The Indore district administration on Friday invoked the National Security Act (NSA) against four men involved in the alleged attack on health workers in Taatpatti Bakhal area of the city.", "url": "https://economictimes.indiatimes.com/news/politics-and-nation/covid-19-4-men-slapped-with-nsa-for-attacking-health-workers/articleshow/74964708.cms", "urlToImage": "https://img.etimg.com/thumb/msid-74964704,width-1070,height-580,imgsize-,overlay-economictimes/photo.jpg", "publishedAt": "2020-04-03T08:58:40Z", "content": "The Indore district administration on Friday invoked the National Security Act (NSA) against four men involved in the alleged attack on health workers in Taatpatti Bakhal area of the city. This is first such action related to COVID-19 pandemic in Madhya Prade\u2026 [+1027 chars]"}, {"source": {"id": "the-times-of-india", "name": "The Times of India"}, "author": "ET Bureau", "title": "Tamil Nadu reports 102 Covid-19 positive cases; Chennai leading with 81 cases", "description": "The Tamil Nadu Health Secretary Dr Beela Rajesh said 100 of the 102 people who tested positive were linked to the three-day Tablighi Jamaat conference at the Markaz Nizamuddin mosque in Delhi in mid-March.", "url": "https://economictimes.indiatimes.com/news/politics-and-nation/tamil-nadu-reports-102-covid-19-positive-cases-chennai-leading-with-81-cases/articleshow/74971634.cms", "urlToImage": "https://img.etimg.com/thumb/msid-74971619,width-1070,height-580,imgsize-78134,overlay-economictimes/photo.jpg", "publishedAt": "2020-04-03T15:23:36Z", "content": "Chennai: Tamil Nadu reported 102 Covid-19 positive cases on Friday, the third consecutive day of a massive rise in the the number of cases being reported, taking the total tally to 411 in the state. \r\nThe Tamil Nadu Health Secretary Dr Beela Rajesh said 100 o\u2026 [+1558 chars]"}, {"source": {"id": "the-times-of-india", "name": "The Times of India"}, "author": "Times Of India", "title": "World Bank approves $1 billion emergency funds for India to tackle Covid-19 outbreak", "description": "The World Bank's first set of aid projects, amounting to $1.9 billion, will assist 25 countries, and new operations are moving forward in over 40 nations using the fast-track process, the bank said on Thursday. The largest chunk of the emergency financial ass\u2026", "url": "https://timesofindia.indiatimes.com/business/india-business/world-bank-approves-1-billion-emergency-funds-for-india-to-tackle-covid-19-outbreak/articleshow/74959144.cms", "urlToImage": "https://static.toiimg.com/thumb/msid-74959150,width-1070,height-580,imgsize-128419,resizemode-75,overlay-toi_sw,pt-32,y_pad-40/photo.jpg", "publishedAt": "2020-04-03T02:34:20Z", "content": "Subscribe\r\nStart Your Daily Mornings with Times of India Newspaper!Order Now"}, {"source": {"id": "the-times-of-india", "name": "The Times of India"}, "author": "ET CONTRIBUTORS", "title": "Canary in the Bioweapon Coal Mine: The lessons of Covid 19 pandemic", "description": "Covid 19 is the canary in the coal mine, warning humanity against trying to harness the destructive power of pathogens whose lethal nature is simply the consequence of their evolution. It is only when we mess with their natural design to fashion weapons that \u2026", "url": "https://economictimes.indiatimes.com/news/defence/canary-in-the-bioweapon-coal-mine-the-lessons-of-covid-19-pandemic/articleshow/74973922.cms", "urlToImage": "https://img.etimg.com/thumb/msid-74974501,width-1070,height-580,imgsize-84919,overlay-etdefence/photo.jpg", "publishedAt": "2020-04-03T17:50:15Z", "content": "Prakash ChandraIn recorded history, there\u2019s never been a worse time to catch a cold, as Covid-19 devastates populations and economies. Efforts to arrest the outbreak are hamstrung by the absence of definitive diagnostic tools as clinical symptoms like high fe\u2026 [+4913 chars]"}, {"source": {"id": "the-times-of-india", "name": "The Times of India"}, "author": "Nidhi Sharma", "title": "Covid-19 Cases: Decline in progression after five days", "description": "India reported its first decline in the progression rate of Covid-19 cases in five days. The graph had been rising sharply since March 29 and cases doubled in a day on March 31.", "url": "https://economictimes.indiatimes.com/news/politics-and-nation/covid-19-cases-decline-in-progression-after-five-days/articleshow/74959332.cms", "urlToImage": "https://img.etimg.com/thumb/msid-74959328,width-1070,height-580,imgsize-119237,overlay-economictimes/photo.jpg", "publishedAt": "2020-04-03T03:04:59Z", "content": "New Delhi: India reported its first decline in the progression rate of Covid-19 cases in five days. The graph had been rising sharply since March 29 and cases doubled in a day on March 31. On Thursday, 328 new cases were reported, down from 386 on Wednesday. \u2026 [+1326 chars]"}, {"source": {"id": "the-times-of-india", "name": "The Times of India"}, "author": "ET Online", "title": "Third Covid positive case linked to Mumbai's Dharavi raises concern", "description": "The doctor was attached to a prominent private hospital, ANI quoted a BMC official as saying.", "url": "https://economictimes.indiatimes.com/news/politics-and-nation/third-positive-case-linked-to-dharavi-raises-concern/articleshow/74964830.cms", "urlToImage": "https://img.etimg.com/thumb/msid-74964940,width-1070,height-580,imgsize-664843,overlay-economictimes/photo.jpg", "publishedAt": "2020-04-03T09:26:55Z", "content": "Worries over Mumbai's Dharavi emerging as a cluster with a high number of Covid positive cases surged when a 35-year-old doctor, who has a clinic in the area, tested positive.\r\nThis is the third such case which is linked to Dharavi, Asia's biggest slum.\r\nThe \u2026 [+712 chars]"}, {"source": {"id": "the-times-of-india", "name": "The Times of India"}, "author": "ET Online", "title": "Latest on Covid: A million infected globally & 50,000 dead; a likely 30-year low for Indian economy", "description": "The global Covid-19 tally has gone well past a million now and casualties are well over 50,000. In view of the deepening crisis, the World Bank announced $160 billion in aid to help stricken countries. That includes $1 billion in emergency funds for India.", "url": "https://economictimes.indiatimes.com/news/politics-and-nation/virus-could-spell-a-30-yr-low-for-indias-economy/articleshow/74968144.cms", "urlToImage": "https://img.etimg.com/thumb/msid-74968191,width-1070,height-580,imgsize-669187,overlay-economictimes/photo.jpg", "publishedAt": "2020-04-03T12:25:08Z", "content": "The global Covid-19 tally has gone well past a million now and casualties are well over 50,000. In view of the deepening crisis, the World Bank announced $160 billion in aid to help stricken countries. That includes $1 billion in emergency funds for India.\r\nI\u2026 [+3677 chars]"}, {"source": {"id": "the-times-of-india", "name": "The Times of India"}, "author": "PTI", "title": "COVID-19: Focus shifts to rapid tests in hotspots; Govt says numbers in control sans one 'event'", "description": "Health Ministry Joint Secretary Lav Agarwal said the tally has not risen sharply otherwise due to the lockdown and the government's efforts to promote social distancing. According to the ministry, at least 647 cases reported in last two days are linked to the\u2026", "url": "https://economictimes.indiatimes.com/news/politics-and-nation/covid-19-focus-shifts-to-rapid-tests-in-hotspots-govt-says-numbers-in-control-sans-one-event/articleshow/74973487.cms", "urlToImage": "https://img.etimg.com/thumb/msid-74973506,width-1070,height-580,imgsize-896857,overlay-economictimes/photo.jpg", "publishedAt": "2020-04-03T17:03:02Z", "content": "New Delhi: Ramping up their efforts to contain the COVID-19 outbreak, authorities on Friday announced exclusive isolation wards and initiated rapid tests in areas identified as hotspots of the deadly virus infection while a record of more than 8,000 samples w\u2026 [+7441 chars]"}, {"source": {"id": "the-times-of-india", "name": "The Times of India"}, "author": "Bikash Singh", "title": "Assam unit of the All India Bank Officers\u2019 Confederation opposes banks' normal functioning amid Covid outbreak", "description": "\u201cThe Government should not lose sight of the plight of these unsung warriors of the economic ecosystem of our country who toils hard at every occasion to power our economy and build our nation. I request the Government to ponder over the issue with alacrity,\"\u2026", "url": "https://economictimes.indiatimes.com/industry/banking/finance/banking/assam-unit-of-the-all-india-bank-officers-confederation-opposes-banks-normal-functioning-amid-covid-outbreak/articleshow/74973593.cms", "urlToImage": "https://img.etimg.com/thumb/msid-74975050,width-1070,height-580,imgsize-84834,overlay-economictimes/photo.jpg", "publishedAt": "2020-04-03T18:31:36Z", "content": "GUWAHATI: The Assam unit of the All India Bank Officers\u2019 Confederation (AIBOC) has opposed Assam\u2019s state level bankers\u2019 committee (SLBC) notification announcing normal functioning of the banks amidst the global outbreak of COVID-19. \r\nAIBOC which comprises of\u2026 [+3117 chars]"}, {"source": {"id": "the-times-of-india", "name": "The Times of India"}, "author": "PTI", "title": "COVID-19: Orders for over 10 crore anti-malarial hydroxychloroquine tablets placed by Centre", "description": "The Indian Council of Medical Research (ICMR) has recommended the anti-malarial drug for those involved in the care of suspected or confirmed cases of the coronavirus and also, for asymptomatic household contacts of laboratory confirmed cases.", "url": "https://economictimes.indiatimes.com/industry/healthcare/biotech/pharmaceuticals/covid-19-orders-for-over-10-crore-anti-malarial-hydroxychloroquine-tablets-placed-by-centre/articleshow/74970931.cms", "urlToImage": "https://img.etimg.com/thumb/msid-74970954,width-1070,height-580,imgsize-167283,overlay-economictimes/photo.jpg", "publishedAt": "2020-04-03T14:32:23Z", "content": "NEW DELHI: The Centre has placed orders with several pharmaceutical companies to procure over 10 crore hydroxychloroquine tablets, which the ICMR has recommended to be used as a preventive medication for COVID-19 healthcare workers, an official said on Friday\u2026 [+2229 chars]"}, {"source": {"id": "the-times-of-india", "name": "The Times of India"}, "author": "PTI", "title": "More than 30,000 doctors volunteer to join fight against COVID-19", "description": "The government on March 25 had appealed to retired government, Armed Forces Medical Services, public sector undertaking or private doctors to come forward and join the efforts to fight the pandemic caused by the deadly novel coronavirus.  The number of COVID-\u2026", "url": "https://economictimes.indiatimes.com/industry/healthcare/biotech/healthcare/more-than-30000-doctors-volunteer-to-join-fight-against-covid-19/articleshow/74966655.cms", "urlToImage": "https://img.etimg.com/thumb/msid-74966641,width-1070,height-580,imgsize-85892,overlay-economictimes/photo.jpg", "publishedAt": "2020-04-03T10:56:06Z", "content": "NEW DELHI: More than 30,000 doctors, including retired government and Armed Forces Medical Services, and private physicians have volunteered to help the government fight against COVID-19 pandemic, a senior government official said on Friday. \r\nThe government \u2026 [+1594 chars]"}, {"source": {"id": "the-times-of-india", "name": "The Times of India"}, "author": "PTI", "title": "Demand surge for 'game changer' COVID-19 drug hydroxychloroquine despite lack of clinical evidence", "description": "Though there have been no large-scale clinical trials of the drug's efficacy in treating coronavirus, chemists all over say they are facing a shortage of the medicine, not so long ago known mainly to those who had malaria or were prescribed it for arthritis p\u2026", "url": "https://economictimes.indiatimes.com/industry/healthcare/biotech/pharmaceuticals/demand-surge-for-game-changer-covid-19-drug-hydroxychloroquine-despite-lack-of-clinical-evidence/articleshow/74967182.cms", "urlToImage": "https://img.etimg.com/thumb/msid-74967386,width-1070,height-580,imgsize-176493,overlay-economictimes/photo.jpg", "publishedAt": "2020-04-03T11:22:23Z", "content": "NEW DELHI: With US President Donald Trump describing hydroxychloroquine as a \"game changer\" in the fight against COVID-19 and several countries, including India, approving it for emergencies, pharmacies are reporting a surge in demand for the drug yet to be p\u2026 [+5412 chars]"}, {"source": {"id": "the-times-of-india", "name": "The Times of India"}, "author": null, "title": "Edgbaston stadium to become COVID-19 testing centre", "description": "The Warwickshire County Cricket Club (WCCC) on Friday announced that it is handing over the Edgbaston stadium to the government to create a drive-through COVID-19 testing station for the National Health Services (NHS) staff battling the pandemic.", "url": "https://timesofindia.indiatimes.com/sports/cricket/edgbaston-stadium-to-become-covid-19-testing-centre/articleshow/74965017.cms", "urlToImage": "https://static.toiimg.com/thumb/msid-74965481,width-1070,height-580,imgsize-1592189,resizemode-75,overlay-toi_sw,pt-32,y_pad-40/photo.jpg", "publishedAt": "2020-04-03T09:29:03Z", "content": "At a time when the Indian Premier League would normally be in full swing, Kohli has sent out a number of video messages telling people to stay indoors to stop the spread of the virus. But the tweet that got the most media coverage and 'likes', more than 100,0\u2026 [+98 chars]"}, {"source": {"id": "the-times-of-india", "name": "The Times of India"}, "author": null, "title": "India-returned SA cricketers are COVID-19 negative", "description": "The South Africa team returned from India on March 18 and completed a 14-day period of self-isolation on Thursday, but will remain in lockdown for the next two weeks just like the rest of the country.", "url": "https://timesofindia.indiatimes.com/sports/cricket/news/india-returned-south-africa-cricketers-are-covid-19-negative-no-symptoms-in-those-not-tested/articleshow/74962417.cms", "urlToImage": "https://static.toiimg.com/thumb/msid-74962650,width-1070,height-580,imgsize-1566693,resizemode-75,overlay-toi_sw,pt-32,y_pad-40/photo.jpg", "publishedAt": "2020-04-03T06:44:15Z", "content": "At a time when the Indian Premier League would normally be in full swing, Kohli has sent out a number of video messages telling people to stay indoors to stop the spread of the virus. But the tweet that got the most media coverage and 'likes', more than 100,0\u2026 [+98 chars]"}, {"source": {"id": "the-times-of-india", "name": "The Times of India"}, "author": null, "title": "COVID-19: UEFA focusing on restart in July and August", "description": "European football, currently at a standstill because of the coronavirus, is focusing on a restart in July and August with clubs and leagues being told that stopping competitions should \"really be the last resort.\"", "url": "https://timesofindia.indiatimes.com/sports/football/top-stories/covid-19-uefa-focusing-on-restart-in-july-and-august/articleshow/74960184.cms", "urlToImage": "https://static.toiimg.com/thumb/msid-74960167,width-1070,height-580,imgsize-1115308,resizemode-75,overlay-toi_sw,pt-32,y_pad-40/photo.jpg", "publishedAt": "2020-04-03T03:51:22Z", "content": "European football, currently at a standstill because of the coronavirus, is focusing on a restart in July and August with clubs and leagues being told that stopping competitions should \"really be the last resort.\"\r\nUEFA, the European Club Association and the \u2026 [+2273 chars]"}, {"source": {"id": "the-times-of-india", "name": "The Times of India"}, "author": "Sam Chakraborty", "title": "COVID-19: Shahbaz Nadeem helping 350 needy families", "description": "Currently confined to his home, at Jhariya, Dhanbad, owing to the country-wide lockdown, the left-arm spinner is showing similar diligence in helping those in need. He has decided to look after 350 families in the area, donating rice, cereals, vegetables and \u2026", "url": "https://timesofindia.indiatimes.com/sports/cricket/news/coronavirus-pandemic-shahbaz-nadeem-helping-350-needy-families/articleshow/74958985.cms", "urlToImage": "https://static.toiimg.com/thumb/msid-74959031,width-1070,height-580,imgsize-1341893,resizemode-75,overlay-toi_sw,pt-32,y_pad-40/photo.jpg", "publishedAt": "2020-04-03T02:19:13Z", "content": "At a time when the Indian Premier League would normally be in full swing, Kohli has sent out a number of video messages telling people to stay indoors to stop the spread of the virus. But the tweet that got the most media coverage and 'likes', more than 100,0\u2026 [+98 chars]"}, {"source": {"id": "the-times-of-india", "name": "The Times of India"}, "author": "Kumaran P", "title": "An app a day helps keep Covid at bay", "description": "Ram Kashyap (29), the techie who developed the app, said that the app is fast and comprehensive and will help people track and stay informed about the disease and people quarantined.", "url": "https://bangaloremirror.indiatimes.com/bangalore/others/an-app-a-day-helps-keep-covid-19-away/articleshow/74957525.cms", "urlToImage": "https://static.toiimg.com/photo/imgsize-305113,msid-74957523/74957523.jpg", "publishedAt": "2020-04-03T04:46:07Z", "content": "Bluru techie develops map to identify location of the quarantinedA 29-year-old techie from Bengaluru\r\n has developed an app that will map those quarantined. After locating the user, the app, Corona Map, will show how many people are in quarantine within a fiv\u2026 [+1685 chars]"}, {"source": {"id": "the-times-of-india", "name": "The Times of India"}, "author": "Times Of India", "title": "Covid-19: Trial run commences at virology lab", "description": "MANGALURU: Trial run commenced in newly set up virology lab at Wenlock Hospital on Wednesday in a move that could help speed up testing of potential C.", "url": "https://timesofindia.indiatimes.com/city/mangaluru/covid-19-trial-run-commences-at-new-virology-lab-in-mangalurus-wenlock-hospital/articleshow/74966891.cms", "urlToImage": "https://static.toiimg.com/thumb/msid-74966989,width-1070,height-580,imgsize-304689,resizemode-75,overlay-toi_sw,pt-32,y_pad-40/photo.jpg", "publishedAt": "2020-04-03T10:53:20Z", "content": "Subscribe\r\nStart Your Daily Mornings with Times of India Newspaper!Order Now"}, {"source": {"id": "the-times-of-india", "name": "The Times of India"}, "author": "Shubham Raj", "title": "Covid-19: NBFCs catch cold, in for long stint at ICU; banks to benefit", "description": "Most NBFCs are facing a threat from plummeting liquidity and reduced growth projections.", "url": "https://economictimes.indiatimes.com/markets/stocks/news/covid-19-nbfcs-catch-cold-in-for-long-stint-at-icu-banks-to-benefit/articleshow/74962318.cms", "urlToImage": "https://img.etimg.com/thumb/msid-74962306,width-1070,height-580,imgsize-476072,overlay-etmarkets/photo.jpg", "publishedAt": "2020-04-03T06:46:17Z", "content": "The countrywide lockdown to check the spread of coronavirus endemic has left shadow lenders in severe distress once again.\r\nBarely out of the IL&amp;FS-induced existential crisis, non-banking financial companies (NBFCs) suddenly find activity dry up at branch\u2026 [+2883 chars]"}, {"source": {"id": "the-times-of-india", "name": "The Times of India"}, "author": "Times Of India", "title": "SP turns truck driver to inspect Covid checkposts", "description": "An IPS officer disguised as a truck driver to monitor his subordinates posted at Covid-19 checkposts in and around Nelamangala taluk on Thursday night.", "url": "https://timesofindia.indiatimes.com/city/bengaluru/sp-turns-truck-driver-to-inspect-cops-at-covid-19-checkposts/articleshow/74974496.cms", "urlToImage": "https://static.toiimg.com/thumb/msid-74977197,width-1070,height-580,imgsize-475325,resizemode-75,overlay-toi_sw,pt-32,y_pad-40/photo.jpg", "publishedAt": "2020-04-03T22:40:00Z", "content": "Subscribe\r\nStart Your Daily Mornings with Times of India Newspaper!Order Now"}, {"source": {"id": "the-times-of-india", "name": "The Times of India"}, "author": "Times Of India", "title": "Navi Mumbai: 9 more test positive for Covid-19", "description": "In a big single day jump in detection of Covid-19 positive cases from NMMC areas, a total of nine persons from Vashi, Nerul, Koparkhairane nodes tested positive late on Thursday night.", "url": "https://timesofindia.indiatimes.com/city/navi-mumbai/navi-mumbai-in-a-single-day-jump-nine-more-persons-test-positive-for-covid-19/articleshow/74968006.cms", "urlToImage": "https://static.toiimg.com/thumb/msid-74967998,width-1070,height-580,imgsize-28495,resizemode-75,overlay-toi_sw,pt-32,y_pad-40/photo.jpg", "publishedAt": "2020-04-03T11:38:25Z", "content": "Subscribe\r\nStart Your Daily Mornings with Times of India Newspaper!Order Now"}, {"source": {"id": "the-times-of-india", "name": "The Times of India"}, "author": "Times Of India", "title": "Maha Covid-19 tally 490; 6 deaths in a day", "description": "With 67 persons diagnosed for Covid-19 on Friday, the number of coronavirus positive cases in Maharashtra has gone up to 490, health officials said. Of the 67 new patients, 43 are from Mumbai, 10 from MMR, nine from Pune and three from Ahmednagar district.", "url": "https://timesofindia.indiatimes.com/city/mumbai/maharashta-covid-19-tally-now-490-67-new-cases-6-deaths-in-a-day/articleshow/74972548.cms", "urlToImage": "https://static.toiimg.com/thumb/msid-74972621,width-1070,height-580,imgsize-35389,resizemode-75,overlay-toi_sw,pt-32,y_pad-40/photo.jpg", "publishedAt": "2020-04-03T15:54:01Z", "content": "Subscribe\r\nStart Your Daily Mornings with Times of India Newspaper!Order Now"}, {"source": {"id": "the-times-of-india", "name": "The Times of India"}, "author": "Times Of India", "title": "BEST staffer tests positive for Covid in Mumbai", "description": "A BEST employee has been detected positive for Covid-19 on Friday.", "url": "https://timesofindia.indiatimes.com/city/mumbai/best-staffer-tests-positive-for-covid-19-in-mumbai/articleshow/74961328.cms", "urlToImage": "https://static.toiimg.com/thumb/msid-74961401,width-1070,height-580,imgsize-376471,resizemode-75,overlay-toi_sw,pt-32,y_pad-40/photo.jpg", "publishedAt": "2020-04-03T05:27:22Z", "content": "Subscribe\r\nStart Your Daily Mornings with Times of India Newspaper!Order Now"}, {"source": {"id": "the-times-of-india", "name": "The Times of India"}, "author": "Times Of India", "title": "Cremate victims of Covid-19: Church to priests", "description": "The Archdiocese of Bombay has asked its priests to follow the directives of the municipal commissioner and cremate Covid-19 victims rather than bury them.", "url": "https://timesofindia.indiatimes.com/city/mumbai/cremate-victims-of-covid-19-church-to-priests/articleshow/74959900.cms", "urlToImage": "https://static.toiimg.com/thumb/msid-74959911,width-1070,height-580,imgsize-138564,resizemode-75,overlay-toi_sw,pt-32,y_pad-40/photo.jpg", "publishedAt": "2020-04-03T03:26:38Z", "content": "Subscribe\r\nStart Your Daily Mornings with Times of India Newspaper!Order Now"}]}