{"status": "ok", "totalResults": 90, "articles": [{"source": {"id": "the-times-of-india", "name": "The Times of India"}, "author": "TNN", "title": "Covid-19: DGCA suspends breath analyser tests", "description": "Aviation personnel, including pilots and cabin crew, have been temporarily exempted from breath analyser (BA) tests in wake of the coronavirus pandemic. The Directorate General of Civil Aviation (DGCA) on Sunday said this test is temporarily suspended at all \u2026", "url": "https://timesofindia.indiatimes.com/business/india-business/covid-19-outbreak-dgca-suspends-breath-analyser-tests-for-aviation-personnel/articleshow/74875663.cms", "urlToImage": "https://static.toiimg.com/thumb/msid-74875868,width-1070,height-580,imgsize-119970,resizemode-75,overlay-toi_sw,pt-32,y_pad-40/photo.jpg", "publishedAt": "2020-03-29T13:22:51Z", "content": "Subscribe\r\nStart Your Daily Mornings with Times of India Newspaper!Order Now"}, {"source": {"id": "the-times-of-india", "name": "The Times of India"}, "author": "PTI", "title": "SpiceJet pilot tests positive for COVID-19", "description": "SpiceJet pilot tests positive for COVID-19SpiceJet said on Sunday that one of its pilots who did not fly any international flight in March has tested positive for the coronavirus.", "url": "https://economictimes.indiatimes.com/news/politics-and-nation/spicejet-pilot-tests-positive-for-covid-19/articleshow/74871278.cms", "urlToImage": "https://img.etimg.com/thumb/msid-74871357,width-1070,height-580,imgsize-140302,overlay-economictimes/photo.jpg", "publishedAt": "2020-03-29T06:25:57Z", "content": "SpiceJet said on Sunday that one of its pilots who did not fly any international flight in March has tested positive for the coronavirus. \"One of our colleagues, a first officer with SpiceJet, has tested positive for COVID-19. The test report came on March 28\u2026 [+427 chars]"}, {"source": {"id": "the-times-of-india", "name": "The Times of India"}, "author": "PTI", "title": "Covid-19: FPIs pull out over Rs 1L cr in March", "description": "India Business News: NEW DELHI: As the coronavirus pandemic is triggering fears of a global recession, foreign investors have started rowing back from the Indian capital m.", "url": "https://timesofindia.indiatimes.com/business/india-business/coronavirus-scare-fpis-pull-out-over-rs-1-lakh-crore-in-march/articleshow/74870042.cms", "urlToImage": "https://static.toiimg.com/thumb/msid-74870054,width-1070,height-580,imgsize-108146,resizemode-75,overlay-toi_sw,pt-32,y_pad-40/photo.jpg", "publishedAt": "2020-03-29T04:19:09Z", "content": "Subscribe\r\nStart Your Daily Mornings with Times of India Newspaper!Order Now"}, {"source": {"id": "the-times-of-india", "name": "The Times of India"}, "author": "Himanshi Dhawan", "title": "How to catch a Covid patient, Sherlock-style", "description": "How to catch a Covid patient, Sherlock-styleRemote heat maps, phone tracking, crowdsourcing apps and spying neighbours have all been pressed to the task. States have to create three categories \u2014 one of Covid-19 positive patients, a second list of suspected ca\u2026", "url": "https://economictimes.indiatimes.com/news/politics-and-nation/how-to-catch-a-covid-patient-sherlock-style/articleshow/74870995.cms", "urlToImage": "https://img.etimg.com/thumb/msid-74871088,width-1070,height-580,imgsize-137012,overlay-economictimes/photo.jpg", "publishedAt": "2020-03-29T06:07:07Z", "content": "Sneaking out of isolation wards, ignoring quarantine to get married with 1,000 guests in attendance, hopping cities to camouflage travel history \u2014 some Indian Covid-19 patients will do anything to defy social distancing advisories, forcing doctors and adminis\u2026 [+4717 chars]"}, {"source": {"id": "the-times-of-india", "name": "The Times of India"}, "author": "Economic Times", "title": "Coronavirus live: Worldwide Covid-19 toll passes 30K", "description": "Coronavirus live: Worldwide Covid-19 toll passes 30KMore than 30,000 people have died worldwide in the coronavirus pandemic, two-thirds of them in Europe. In total, 30,003 lives have been lost with 21,334 of those in Europe where Italy has the highest number \u2026", "url": "https://economictimes.indiatimes.com/news/politics-and-nation/coronavirus-cases-in-india-live-news-latest-updates-march29/liveblog/74869066.cms", "urlToImage": "https://img.etimg.com/thumb/msid-74869066,width-600,resizemode-4,imglength-416851/news/politics-and-nation/coronavirus-cases-in-india-live-news-latest-updates-march29.jpg", "publishedAt": "2020-03-29T01:08:37Z", "content": "More than 30,000 people have died worldwide in the coronavirus pandemic, two-thirds of them in Europe. In total, 30,003 lives have been lost with 21,334 of those in Europe where Italy has the highest number of fatalities with 10,023 deaths, followed by Spain \u2026 [+10 chars]"}, {"source": {"id": "the-times-of-india", "name": "The Times of India"}, "author": "Sachin Dave and Saloni Shukla", "title": "Covid effect: Govt may ease resolution rules for insolvent firms", "description": "Sitharaman recently said that if the disruption caused by coronavirus extends then it would suspend the use of the corporate insolvency resolution process for sometime. The finance minister had also increased the minimum amount of the default required to init\u2026", "url": "https://economictimes.indiatimes.com/news/economy/policy/covid-effect-govt-may-ease-resolution-rules-for-insolvent-firms/articleshow/74876166.cms", "urlToImage": "https://img.etimg.com/thumb/msid-74876175,width-1070,height-580,imgsize-531626,overlay-economictimes/photo.jpg", "publishedAt": "2020-03-29T14:00:47Z", "content": "MUMBAI: In a move aimed at smooth resolution of insolvent firms, the finance ministry is considering waving off the 21-day national lockdown from the bankruptcy resolution process keeping in mind the hardships faced due to the nationwide lockdown. People in t\u2026 [+1584 chars]"}, {"source": {"id": "the-times-of-india", "name": "The Times of India"}, "author": "PTI", "title": "Infant infected with COVID-19 dies in US", "description": "The US has the highest number of new coronavirus cases in the world, more than 120,000, although its death toll of more than 2,000 is still below that of other countries including Italy, Spain and China.", "url": "https://economictimes.indiatimes.com/news/international/world-news/infant-infected-with-covid-19-dies-in-us/articleshow/74870094.cms", "urlToImage": "https://img.etimg.com/thumb/msid-74870120,width-1070,height-580,imgsize-107013,overlay-economictimes/photo.jpg", "publishedAt": "2020-03-29T04:20:33Z", "content": "NEW YORK: An infant who had tested positive for COVID-19 has died, the first known death of a child younger than a year old infected with the virus in the United States. \r\nThe Illinois Department of Public Health (IDPH) reported Saturday the death of the infa\u2026 [+2039 chars]"}, {"source": {"id": "the-times-of-india", "name": "The Times of India"}, "author": "PTI", "title": "Wuhan seller identified as Covid 19 'patient zero'", "description": "Wuhan seller identified as Covid 19 'patient zero'The coronavirus 'patient zero', who made a full recovery in January after month-long treatment, believes the Chinese government could have checked the spread of the disease had it acted sooner. Wei Guixian, as\u2026", "url": "https://economictimes.indiatimes.com/news/international/world-news/wuhan-shrimp-seller-identified-as-coronavirus-patient-zero/articleshow/74870327.cms", "urlToImage": "https://img.etimg.com/thumb/msid-74870377,width-1070,height-580,imgsize-129407,overlay-economictimes/photo.jpg", "publishedAt": "2020-03-29T04:53:33Z", "content": "Beijing/London: A 57-year-old female shrimp seller in China's Wuhan city, the originating point of the coronavirus pandemic, has been identified as one of the first victims of COVID-19, which has claimed nearly 28,000 lives around the world so far, according \u2026 [+3093 chars]"}, {"source": {"id": "the-times-of-india", "name": "The Times of India"}, "author": "ANI", "title": "John Hopkins varsity disassociates from study on India's possible COVID-19 cases", "description": "The US-based John Hopkins University has disassociated itself with a previous study which landed into controversy for claiming that as many as 12.5 crore to 24 crore people are likely to be infected by the novel coronavirus in India.", "url": "https://economictimes.indiatimes.com/news/politics-and-nation/john-hopkins-varsity-disassociates-from-study-on-indias-possible-covid-19-cases/articleshow/74872298.cms", "urlToImage": "https://img.etimg.com/thumb/msid-74872310,width-1070,height-580,imgsize-119237,overlay-economictimes/photo.jpg", "publishedAt": "2020-03-29T08:17:09Z", "content": "The US-based John Hopkins University has disassociated itself with a previous study which landed into controversy for claiming that as many as 12.5 crore to 24 crore people are likely to be infected by the novel coronavirus in India. \r\n\"John Hopkins Universit\u2026 [+2557 chars]"}, {"source": {"id": "the-times-of-india", "name": "The Times of India"}, "author": "New York Times", "title": "The lost month: How a failure to test blinded the US to COVID-19", "description": "The members of the coronavirus task force typically devoted only five or 10 minutes, often at the end of contentious meetings, to talk about testing, several participants recalled. The Centers for Disease Control and Prevention, its leaders assured the others\u2026", "url": "https://economictimes.indiatimes.com/news/international/world-news/the-lost-month-how-a-failure-to-test-blinded-the-us-to-covid-19/articleshow/74876897.cms", "urlToImage": "https://img.etimg.com/thumb/msid-74877308,width-1070,height-580,imgsize-592017,overlay-economictimes/photo.jpg", "publishedAt": "2020-03-29T15:49:31Z", "content": "By Michael D. Shear, Abby Goodnough, Sheila Kaplan, Sheri Fink, Katie Thomas and Noah WeilandWASHINGTON \u2014 Early on, the dozen federal officials charged with defending America against the coronavirus gathered day after day in the White House Situation Room, co\u2026 [+12817 chars]"}, {"source": {"id": "the-times-of-india", "name": "The Times of India"}, "author": "Anjali Venugopalan and Prachi Verma", "title": "AR, VR and new-age tech companies report increase in demand as Covid-19 grounds workforce", "description": "Imagine sitting in your room, wearing a virtual reality (VR) headset and getting the feel of walking into a conference, or an expo, or watching a product demo. This isn\u2019t science fiction as the Covid-19 outbreak grounds millions of people worldwide.", "url": "https://economictimes.indiatimes.com/tech/software/ar-vr-and-new-age-tech-companies-report-increase-in-demand-as-covid-19-grounds-workforce/articleshow/74871031.cms", "urlToImage": "https://img.etimg.com/thumb/msid-74871019,width-1070,height-580,imgsize-1313082,overlay-economictimes/photo.jpg", "publishedAt": "2020-03-29T06:00:04Z", "content": "New Delhi: Imagine sitting in your room, wearing a virtual reality (VR) headset and getting the feel of walking into a conference, or an expo, or watching a product demo. This isn\u2019t science fiction as the Covid-19 outbreak grounds millions of people worldwide\u2026 [+3545 chars]"}, {"source": {"id": "the-times-of-india", "name": "The Times of India"}, "author": "ANI", "title": "Five members of a family test positive for COVID-19 in Meerut", "description": "\"First a man was tested positive for coronavirus. Later, his wife and his three brothers-in-law were also found to be positive. They have been put into quarantine facility,\" the official said while speaking to ANI.", "url": "https://economictimes.indiatimes.com/news/politics-and-nation/five-members-of-a-family-test-positive-for-covid-19-in-meerut/articleshow/74870129.cms", "urlToImage": "https://img.etimg.com/thumb/msid-74870152,width-1070,height-580,imgsize-140302,overlay-economictimes/photo.jpg", "publishedAt": "2020-03-29T04:25:07Z", "content": "Five members of a family have tested positive for COVID-19 in Meerut on Sunday, said Raj Kumar, CMO. \"First a man was tested positive for coronavirus. Later, his wife and his three brothers-in-law were also found to be positive. They have been put into quaran\u2026 [+413 chars]"}, {"source": {"id": "the-times-of-india", "name": "The Times of India"}, "author": "PTI", "title": "Medical schools in US mull early graduation to meet growing demand for medicos in COVID-19 fight", "description": "A CNN report said at least 69 students at the NYU medical school want to graduate three months early to help in the fight against the novel coronavirus.", "url": "https://economictimes.indiatimes.com/news/international/world-news/medical-schools-in-us-mull-early-graduation-to-meet-growing-demand-for-medicos-in-covid-19-fight/articleshow/74871125.cms", "urlToImage": "https://img.etimg.com/thumb/msid-74871144,width-1070,height-580,imgsize-114205,overlay-economictimes/photo.jpg", "publishedAt": "2020-03-29T06:09:19Z", "content": "NEW YORK: Several medical schools across the US are considering early graduation for senior students to enable them to enter the healthcare system that is coming under strain and meet the growing demand for medical personnel as coronavirus cases in the countr\u2026 [+4494 chars]"}, {"source": {"id": "the-times-of-india", "name": "The Times of India"}, "author": "Pune Mirror", "title": "Covid-19: 8 deaths reported in Maharashtra, 203 corona positive cases - Pune Mirror", "description": "Covid-19: 8 deaths reported in Maharashtra, 203 corona positive cases Pune Mirror Coronavirus in Maharashtra: Total count at 215, 8 new cases reported from Mumbai, Pune Livemint Coronavirus Pandemic LIVE Update: 12 New Cases in Maharashtra; SC to Hear PIL on \u2026", "url": "https://punemirror.indiatimes.com/pune/others/covid-19-8-deaths-reported-in-maharashtra-203-positive-cases/articleshow/74876872.cms", "urlToImage": "https://static.toiimg.com/photo/imgsize-381331,msid-74876869/74876869.jpg", "publishedAt": "2020-03-29T15:02:00Z", "content": "With the test reports of two persons, who died in Mumbai\r\n and Buldhana\r\n district of Maharashtra\r\n on Saturday, coming out positive for coronavirus\r\n, the death toll of COVID-19\r\n patients in the state went up to eight on Sunday, officials said.\r\nA 40-year-o\u2026 [+1132 chars]"}, {"source": {"id": "the-times-of-india", "name": "The Times of India"}, "author": "TNN", "title": "Covid-19: Scientists offer special \u2018coating\u2019 to contain virus", "description": "India News: BENGALURU: Scientists from the Jawaharlal Nehru Centre for Advanced Scientific Research (JNCASR) in Bengaluru have developed a one-step curable (able .", "url": "https://timesofindia.indiatimes.com/india/covid-19-scientists-offer-special-coating-to-contain-virus/articleshow/74875492.cms", "urlToImage": "https://static.toiimg.com/thumb/msid-47529300,width-1070,height-580,imgsize-110164,resizemode-75,overlay-toi_sw,pt-32,y_pad-40/photo.jpg", "publishedAt": "2020-03-29T12:47:36Z", "content": "Subscribe\r\nStart Your Daily Mornings with Times of India Newspaper!Order Now"}, {"source": {"id": "the-times-of-india", "name": "The Times of India"}, "author": "TNN", "title": "Covid-19 patient with no travel history dies in Kashmir", "description": "India News: SRINAGAR: J&K reported its second Covid-19 casualty on Sunday morning, taking the toll in the Valley to two in a week.", "url": "https://timesofindia.indiatimes.com/india/covid-19-patient-with-no-travel-history-dies-in-kashmir/articleshow/74879257.cms", "urlToImage": "https://static.toiimg.com/thumb/msid-47529300,width-1070,height-580,imgsize-110164,resizemode-75,overlay-toi_sw,pt-32,y_pad-40/photo.jpg", "publishedAt": "2020-03-29T17:36:24Z", "content": "Subscribe\r\nStart Your Daily Mornings with Times of India Newspaper!Order Now"}, {"source": {"id": "the-times-of-india", "name": "The Times of India"}, "author": "PTI", "title": "India shifts staff in Herat, Jalalabad to Kabul in view of COVID-19 cases", "description": "India has shifted its diplomats and staff from its consulates in Afghan cities of Herat and Jalalabad to Kabul in view of fast-spreading cases of coronavirus in that country which shares a long border with Iran, the worst hit nation by the pandemic in the reg\u2026", "url": "https://timesofindia.indiatimes.com/india/india-shifts-staff-in-herat-jalalabad-to-kabul-in-view-of-covid-19-cases/articleshow/74874464.cms", "urlToImage": "https://static.toiimg.com/thumb/msid-74874761,width-1070,height-580,imgsize-42554,resizemode-75,overlay-toi_sw,pt-32,y_pad-40/photo.jpg", "publishedAt": "2020-03-29T11:37:18Z", "content": "Subscribe\r\nStart Your Daily Mornings with Times of India Newspaper!Order Now"}, {"source": {"id": "the-times-of-india", "name": "The Times of India"}, "author": "PTI", "title": "Military, defence ministry employees to donate one day's salary to PM's COVID-19 fund", "description": "The Army, Navy and the Indian Air Force as well as employees of the defence ministry have decided to donate one day's salary totalling around Rs 500 crore to the relief fund announced by Prime Minister Narendra Modi to help fight the coronavirus outbreak in t\u2026", "url": "https://timesofindia.indiatimes.com/india/military-defence-ministry-employees-to-donate-one-days-salary-to-pms-covid-19-fund/articleshow/74874729.cms", "urlToImage": "https://static.toiimg.com/thumb/msid-74874845,width-1070,height-580,imgsize-52374,resizemode-75,overlay-toi_sw,pt-32,y_pad-40/photo.jpg", "publishedAt": "2020-03-29T11:49:53Z", "content": "Subscribe\r\nStart Your Daily Mornings with Times of India Newspaper!Order Now"}, {"source": {"id": "the-times-of-india", "name": "The Times of India"}, "author": "TIMESOFINDIA.COM", "title": "Coronavirus latest updates: US Covid-19 deaths double in 2 days, topping 2,000", "description": "India News: NEW DELHI: There are over 663,000 coronavirus cases across the globe with more than 30,000 deaths.", "url": "https://timesofindia.indiatimes.com/india/coronavirus-latest-updates-us-covid-19-deaths-double-in-2-days-topping-2000/articleshow/74869595.cms", "urlToImage": "https://static.toiimg.com/thumb/msid-74869665,width-1070,height-580,imgsize-312035,resizemode-75,overlay-toi_sw,pt-32,y_pad-40/photo.jpg", "publishedAt": "2020-03-29T03:04:51Z", "content": "Subscribe\r\nStart Your Daily Mornings with Times of India Newspaper!Order Now"}, {"source": {"id": "the-times-of-india", "name": "The Times of India"}, "author": "ANI", "title": "PM to focus on prevailing Covid-19 situation in 'Mann Ki Baat' today", "description": "India News: NEW DELHI: Prime Minister Narendra Modi on Sunday will address the 63rd edition of his monthly radio programme 'Mann Ki Baat' at 11 am amid nationwide.", "url": "https://timesofindia.indiatimes.com/india/pm-to-focus-on-prevailing-covid-19-situation-in-mann-ki-baat-today/articleshow/74869903.cms", "urlToImage": "https://static.toiimg.com/thumb/msid-74869932,width-1070,height-580,imgsize-132368,resizemode-75,overlay-toi_sw,pt-32,y_pad-40/photo.jpg", "publishedAt": "2020-03-29T03:41:49Z", "content": "Subscribe\r\nStart Your Daily Mornings with Times of India Newspaper!Order Now"}, {"source": {"id": "the-times-of-india", "name": "The Times of India"}, "author": "ANI", "title": "PM Modi's 21-day lockdown is model for COVID-19 affected countries", "description": "India News: WASHINGTON: At a time when the world is fighting COVID-19 pandemic and several countries are grappling with the rising cases of coronavirus, the initi.", "url": "https://timesofindia.indiatimes.com/india/pm-modis-21-day-lockdown-is-model-for-covid-19-affected-countries/articleshow/74879362.cms", "urlToImage": "https://static.toiimg.com/thumb/msid-74879353,width-1070,height-580,imgsize-68443,resizemode-75,overlay-toi_sw,pt-32,y_pad-40/photo.jpg", "publishedAt": "2020-03-29T17:44:27Z", "content": "Subscribe\r\nStart Your Daily Mornings with Times of India Newspaper!Order Now"}, {"source": {"id": "the-times-of-india", "name": "The Times of India"}, "author": "PTI", "title": "Covid-19: Over 450 newly-recruited CAPF doctors asked to join immediately; retired officials alerted", "description": "Over 450 doctors recruited recently as medical officers in the CAPFs have been asked to join service \"immediately\" as the forces are ramping up their healthcare setup to combat Covid-19, a top paramilitary officer said on Sunday.", "url": "https://timesofindia.indiatimes.com/india/covid-19-over-450-newly-recruited-capf-doctors-asked-to-join-immediately-retired-officials-alerted/articleshow/74874497.cms", "urlToImage": "https://static.toiimg.com/thumb/msid-74874510,width-1070,height-580,imgsize-1219124,resizemode-75,overlay-toi_sw,pt-32,y_pad-40/photo.jpg", "publishedAt": "2020-03-29T11:14:31Z", "content": "Subscribe\r\nStart Your Daily Mornings with Times of India Newspaper!Order Now"}, {"source": {"id": "the-times-of-india", "name": "The Times of India"}, "author": "PTI", "title": "Death toll due to Covid-19 climbs to 25 in India; total cases 979", "description": "India News: NEW DELHI: With fresh deaths in six states, the death toll from Covid-19 climbed to 25 and the total number of cases to 979 on Sunday, according to th.", "url": "https://timesofindia.indiatimes.com/india/death-toll-due-to-covid-19-climbs-to-25-in-india-total-cases-979/articleshow/74871219.cms", "urlToImage": "https://static.toiimg.com/thumb/msid-74871274,width-1070,height-580,imgsize-207312,resizemode-75,overlay-toi_sw,pt-32,y_pad-40/photo.jpg", "publishedAt": "2020-03-29T06:05:47Z", "content": "Subscribe\r\nStart Your Daily Mornings with Times of India Newspaper!Order Now"}, {"source": {"id": "the-times-of-india", "name": "The Times of India"}, "author": "TNN", "title": "Covid-19: Over 150 tech proposals reach accelerator in 2 days", "description": "India News: BENGALURU: More than 150 proposals relating to technological innovations relating to Covid-19 have reached a special Covid-19 focussed accelerator lau.", "url": "https://timesofindia.indiatimes.com/india/covid-19-over-150-tech-proposals-reach-accelerator-in-2-days/articleshow/74871755.cms", "urlToImage": "https://static.toiimg.com/thumb/msid-47529300,width-1070,height-580,imgsize-110164,resizemode-75,overlay-toi_sw,pt-32,y_pad-40/photo.jpg", "publishedAt": "2020-03-29T07:10:30Z", "content": "Subscribe\r\nStart Your Daily Mornings with Times of India Newspaper!Order Now"}, {"source": {"id": "the-times-of-india", "name": "The Times of India"}, "author": "TIMESOFINDIA.COM", "title": "PM Narendra Modi's 'Mann ki Baat' address: 'Together, India will defeat Covid-19'", "description": "India News: NEW DELHI: Prime Minister Narendra Modi on Sunday addressed the 63rd edition of 'Mann ki Baat' and addressed the prevaling condition in the country du.", "url": "https://timesofindia.indiatimes.com/india/pm-narendra-modis-mann-ki-baat-address-together-india-will-defeat-covid-19/articleshow/74870841.cms", "urlToImage": "https://static.toiimg.com/thumb/msid-74870840,width-1070,height-580,imgsize-815320,resizemode-75,overlay-toi_sw,pt-32,y_pad-40/photo.jpg", "publishedAt": "2020-03-29T05:22:10Z", "content": "Subscribe\r\nStart Your Daily Mornings with Times of India Newspaper!Order Now"}, {"source": {"id": "the-times-of-india", "name": "The Times of India"}, "author": "PTI", "title": "Covid-19 lockdown: Priyanka Gandhi urges telecom companies to provide free services to migrant labourers", "description": "Congress leader Priyanka Gandhi Vadra called upon telecom companies to make their services free for a month to enable the poor migrant labourers reach out to their near and dear ones. In separate letters to Airtel chief Sunil Bharti Mittal, Reliance chief Muk\u2026", "url": "https://timesofindia.indiatimes.com/india/priyanka-gandhi-urges-telecom-companies-to-provide-free-services-to-migrant-labourers/articleshow/74877706.cms", "urlToImage": "https://static.toiimg.com/thumb/msid-74877783,width-1070,height-580,imgsize-429855,resizemode-75,overlay-toi_sw,pt-32,y_pad-40/photo.jpg", "publishedAt": "2020-03-29T16:06:44Z", "content": "Subscribe\r\nStart Your Daily Mornings with Times of India Newspaper!Order Now"}, {"source": {"id": "the-times-of-india", "name": "The Times of India"}, "author": "PTI", "title": "Health Ministry issues SOP to guide ambulance staff in transporting COVID-19 cases", "description": "India News: NEW DELHI: The Union Health Ministry on Sunday laid down the standard operating procedure (SOP) for medical staff attending to or transporting a suspe.", "url": "https://timesofindia.indiatimes.com/india/health-ministry-issues-sop-to-guide-ambulance-staff-in-transporting-covid-19-cases/articleshow/74875690.cms", "urlToImage": "https://static.toiimg.com/thumb/msid-47529300,width-1070,height-580,imgsize-110164,resizemode-75,overlay-toi_sw,pt-32,y_pad-40/photo.jpg", "publishedAt": "2020-03-29T14:05:47Z", "content": "Subscribe\r\nStart Your Daily Mornings with Times of India Newspaper!Order Now"}, {"source": {"id": "the-times-of-india", "name": "The Times of India"}, "author": "TNN", "title": "Critical to set up defensive wall around key financial, strategic institutions in fight against Covid-19: Rahul Gandhi", "description": "In his missive to Modi, Gandhi called for the immediate strengthening of social safety nets, and said the government must prioritise protecting and isolating the elderly and the vulnerable. Anticipating an extension of the 21-day lockdown, the Congress leader\u2026", "url": "https://timesofindia.indiatimes.com/india/critical-to-set-up-defensive-wall-around-key-financial-strategic-institutions-in-fight-against-covid-19-rahul-gandhi/articleshow/74877000.cms", "urlToImage": "https://static.toiimg.com/thumb/msid-74876989,width-1070,height-580,imgsize-32378,resizemode-75,overlay-toi_sw,pt-32,y_pad-40/photo.jpg", "publishedAt": "2020-03-29T14:57:15Z", "content": "Subscribe\r\nStart Your Daily Mornings with Times of India Newspaper!Order Now"}, {"source": {"id": "the-times-of-india", "name": "The Times of India"}, "author": "Ami Shah", "title": "Covid fallout: IndiaNivesh shuts down PMS business amid market meltdown", "description": "Consequently all assets such as securities and bank balance will be handed over to the clients.", "url": "https://economictimes.indiatimes.com/markets/stocks/news/covid-fallout-indianivesh-shuts-down-pms-business-amid-market-meltdown/articleshow/74872583.cms", "urlToImage": "https://img.etimg.com/thumb/msid-74872577,width-1070,height-580,imgsize-975522,overlay-etmarkets/photo.jpg", "publishedAt": "2020-03-29T08:51:22Z", "content": "Mumbai: IndiaNivesh Investment Managers has shut down its portfolio management business in the wake of the coronavirus outbreak, the first casualty of the current market meltdown.\r\n\u201cIn view of the current market volatility pursuant to the global outbreak of C\u2026 [+871 chars]"}, {"source": {"id": "the-times-of-india", "name": "The Times of India"}, "author": "Bloomberg", "title": "Economic life after Covid-19: Lessons from the Black Death", "description": "\u200bCould we witness very long-term effects from the present contagion?", "url": "https://economictimes.indiatimes.com/markets/stocks/news/economic-life-after-covid-19-lessons-from-the-black-death/articleshow/74870296.cms", "urlToImage": "https://img.etimg.com/thumb/msid-74870343,width-1070,height-580,imgsize-110849,overlay-etmarkets/photo.jpg", "publishedAt": "2020-03-29T04:58:25Z", "content": "By Andy MukherjeeAll upheavals leave their marks. Some fade away, some linger. Following the Black Death, the plague that\u2019s believed to have killed 60% of Europe\u2019s population in the second half of the 14th century, the realization that life is short, played a\u2026 [+5502 chars]"}, {"source": {"id": "the-times-of-india", "name": "The Times of India"}, "author": "ET Online", "title": "Government approves insurance scheme for health workers fighting COVID-19", "description": "\"The medical insurance scheme would include sanitation staff, doctors, Asha workers, paramedics and nurses. These professionals are not considering their own health risks and have been attending to Coronavirus patients,\" FM announced at a presser.", "url": "https://economictimes.indiatimes.com/news/economy/policy/government-approves-insurance-scheme-for-health-workers-fighting-covid-19/articleshow/74875243.cms", "urlToImage": "https://img.etimg.com/thumb/msid-74875240,width-1070,height-580,imgsize-17846,overlay-economictimes/photo.jpg", "publishedAt": "2020-03-29T12:37:25Z", "content": "The government today approved the insurance scheme for health workers fighting the novel coronavirus. Finance minister Nirmala Sitharaman, on March 26, announced a Rs 50 lakh insurance cover per person for frontline health workers involved in managing the Cor\u2026 [+1419 chars]"}, {"source": {"id": "the-times-of-india", "name": "The Times of India"}, "author": "Nidhi Sharma", "title": "Govt identifies Covid \u2018hostpots,\u2019 plans cluster containment", "description": "The rigorous containment strategy for containing local transmission involves first identifying the house of a Covid-19 positive patient and then tracing contact list and mapping all of them. In a scenario where this is taking time, the protocol is to demarcat\u2026", "url": "https://economictimes.indiatimes.com/news/politics-and-nation/govt-identifies-covid-hostpots-plans-cluster-containment/articleshow/74879449.cms", "urlToImage": "https://img.etimg.com/thumb/msid-74879453,width-1070,height-580,imgsize-158527,overlay-economictimes/photo.jpg", "publishedAt": "2020-03-29T18:20:34Z", "content": "NEW DELHI: The Centre is identifying emerging \u201chotspots\u201d of Covid-19 infection and employing a rigorous cluster containment strategy which involves demarcating an area of 3 kilometre radius around epicentre, a buffer zone of additional 5 kilometre radius and \u2026 [+2340 chars]"}, {"source": {"id": "the-times-of-india", "name": "The Times of India"}, "author": "Kirtika Suneja", "title": "Covid-19: Major handicraft trade fair canceled", "description": "The Export Promotion Council for Handicrafts (EPCH) on Sunday said it has cancelled the 49th edition of IHGF \u2013 Delhi Fair Spring-2020 in view of present status of COVID-19 in India and abroad. The fair, which was earlier to be held from April 15 \u2013 19, was pla\u2026", "url": "https://economictimes.indiatimes.com/news/economy/foreign-trade/covid-19-major-handicraft-trade-fair-canceled/articleshow/74876769.cms", "urlToImage": "https://img.etimg.com/thumb/msid-74876896,width-1070,height-580,imgsize-1166967,overlay-economictimes/photo.jpg", "publishedAt": "2020-03-29T15:06:37Z", "content": "New Delhi: India has cancelled its major handicrafts and gift trade show in the wake of the COVID-19 outbreak.\r\nThe Export Promotion Council for Handicrafts (EPCH) on Sunday said it has cancelled the 49th edition of IHGF \u2013 Delhi Fair Spring-2020 in view of pr\u2026 [+942 chars]"}, {"source": {"id": "the-times-of-india", "name": "The Times of India"}, "author": "TIMESOFINDIA.COM", "title": "Kanika tests positive for COVID-19 4th time", "description": "After being tested three times, singer Kanika Kapoor has been tested positive for Coronavirus for the fourth time too. Due to this, her family is worried about the test reports.", "url": "https://timesofindia.indiatimes.com/entertainment/hindi/bollywood/news/kanika-kapoor-tests-positive-for-coronavirus-fourth-time-family-member-says-it-seems-she-is-not-responding-to-treatment/articleshow/74870373.cms", "urlToImage": "https://static.toiimg.com/thumb/msid-74870378,width-1070,height-580,overlay-toi_sw,pt-32,y_pad-40,resizemode-75,imgsize-591896/74870378.jpg", "publishedAt": "2020-03-29T04:40:54Z", "content": null}, {"source": {"id": "the-times-of-india", "name": "The Times of India"}, "author": "ANI", "title": "Combating Covid-19: Pakistan announces troop deployment, shuts down borders", "description": "The deployment was approved by Chief of the Army Staff Gen Qamar Javed Bajwa on March 23 on the request of the Interior Ministry. The government had asked for deployment of troops in all four provinces of the country, including Islamabad, Gilgit-Baltistan and\u2026", "url": "https://economictimes.indiatimes.com/news/defence/combating-covid-19-pakistan-announces-troop-deployment-shuts-down-borders/articleshow/74871309.cms", "urlToImage": "https://img.etimg.com/thumb/msid-74871348,width-1070,height-580,imgsize-145026,overlay-etdefence/photo.jpg", "publishedAt": "2020-03-29T06:27:57Z", "content": "RAWALPINDI: Pakistan Army has announced completion of deployment of troops across the country for assisting civilian authorities in containing the spread of Covid-19.\r\n\"Pakistan Army troops deployed across the country in aid of civil power under Article 245,\"\u2026 [+2328 chars]"}, {"source": {"id": "the-times-of-india", "name": "The Times of India"}, "author": "PTI", "title": "COVID-19: Madhya Pradesh govt to promote students sans exams", "description": "The Madhya Pradesh government has decided to promote students of all classes, except standards 10th and 12th, of the state schools without exams in view of the coronavirus outbreak.", "url": "https://economictimes.indiatimes.com/news/politics-and-nation/covid-19-madhya-pradesh-govt-to-promote-students-sans-exams/articleshow/74872256.cms", "urlToImage": "https://img.etimg.com/thumb/msid-74872277,width-1070,height-580,imgsize-1083157,overlay-economictimes/photo.jpg", "publishedAt": "2020-03-29T08:12:25Z", "content": "The Madhya Pradesh government has decided to promote students of all classes, except standards 10th and 12th, of the state schools without exams in view of the coronavirus outbreak, an official said on Sunday. The 10th and 12th board exams are carried forward\u2026 [+734 chars]"}, {"source": {"id": "the-times-of-india", "name": "The Times of India"}, "author": "PTI", "title": "COVID-19 patient dies in Ahmedabad; Gujarat toll reaches 5", "description": "With this, the number of deaths due to coronavirus in Ahmedabad has gone up to three. Earlier, one death each was reported from Bhavnagar and Surat. Till Saturday evening,the number of coronavirus cases in the state stood at 55.", "url": "https://economictimes.indiatimes.com/news/politics-and-nation/covid-19-patient-dies-in-ahmedabad-gujarat-toll-reaches-5/articleshow/74870115.cms", "urlToImage": "https://img.etimg.com/thumb/msid-74870166,width-1070,height-580,imgsize-373294,overlay-economictimes/photo.jpg", "publishedAt": "2020-03-29T04:23:48Z", "content": "Ahmemdabad: A 45-year-old COVID-19 patient died in Ahmedabad on Sunday morning, taking the total number of deaths due to coronavirus in the state to five, the health department said. The man was also suffering from diabetes, it said. \r\nWith this, the number o\u2026 [+208 chars]"}, {"source": {"id": "the-times-of-india", "name": "The Times of India"}, "author": "Sandhya Sharma", "title": "Cyber chief's warning as hackers target PM's Covid fund", "description": "Talking to ET Online, in a telephonic interview Lt Gen.Pant said, \u201cIn the past two months almost 4000 fraud portals related to Corona Virus have been created across the globe by cyber criminals and other mafia organisations.\u201d", "url": "https://economictimes.indiatimes.com/tech/internet/cyber-chiefs-warning-as-hackers-target-pms-covid-fund/articleshow/74877953.cms", "urlToImage": "https://img.etimg.com/thumb/msid-74877999,width-1070,height-580,imgsize-304025,overlay-economictimes/photo.jpg", "publishedAt": "2020-03-29T16:51:33Z", "content": "In a stern warning to Cyber Criminals, India\u2019s National Cyber Security Coordinator (NCSC) in Prime Minister\u2019s Office, Lt General Rajesh Pant has issued a cautioning statement to cyber criminals not to take advantage of the present COVID-19 crisis and commit f\u2026 [+4206 chars]"}, {"source": {"id": "the-times-of-india", "name": "The Times of India"}, "author": "Alnoor Peermohamed", "title": "Covid lockdown: Smartphone makers ping government for essentials tag", "description": "Industry bodies Manufacturers\u2019 Association of Information Technology (MAIT) and India Cellular & Electronics Association (ICEA) have written to the government seeking concessions in the delivery of smartphones among other electronics devices and removal of re\u2026", "url": "https://economictimes.indiatimes.com/tech/hardware/smartphone-makers-ping-centre-for-essentials-tag/articleshow/74878144.cms", "urlToImage": "https://img.etimg.com/thumb/msid-74880749,width-1070,height-580,imgsize-275247,overlay-economictimes/photo.jpg", "publishedAt": "2020-03-29T22:59:04Z", "content": "Bengaluru: Top-selling smartphone manufacturers like Xiaomi and Realme are asking the government to classify handsets as an essential commodity which can be delivered to customers through ecommerce platforms amid the 21-day national lockdown in India.\r\nIndust\u2026 [+2480 chars]"}, {"source": {"id": "the-times-of-india", "name": "The Times of India"}, "author": "Gaurav Laghate and Sharmistha Mukherjee", "title": "Covid-19 impact: Multiplexes call for rent suspension", "description": "Sources across cinema chains have confirmed to ET that they had individually written to the landlords and mall owners seeking waiver of rent under the \u2018force majeure\u2019 clause of their contracts. The clause excuses companies from meeting some obligations in cas\u2026", "url": "https://economictimes.indiatimes.com/industry/media/entertainment/media/covid-19-impact-multiplexes-call-for-rent-suspension/articleshow/74879139.cms", "urlToImage": "https://img.etimg.com/thumb/msid-74879126,width-1070,height-580,imgsize-220956,overlay-economictimes/photo.jpg", "publishedAt": "2020-03-29T17:49:22Z", "content": "Mumbai| New Delhi: Top Indian multiplex players, including PVR, Inox Leisure, Cinepolis India and Carnival Cinemas, have decided to invoke the \u2018force majeure\u2019 clause and suspend rentals on their leased properties during the time cinemas remain shut due to the\u2026 [+968 chars]"}, {"source": {"id": "the-times-of-india", "name": "The Times of India"}, "author": "ET Bureau", "title": "WUD shifts to online learning to combat COVID-19 disruption", "description": "WUD is using technology enabled AI, Supervision Technologies and Video Conference and other tools to enable virtual learning.", "url": "https://economictimes.indiatimes.com/industry/services/education/wud-shifts-to-online-learning-to-combat-covid-19-disruption/articleshow/74872301.cms", "urlToImage": "https://img.etimg.com/thumb/msid-74872295,width-1070,height-580,imgsize-70926,overlay-economictimes/photo.jpg", "publishedAt": "2020-03-29T08:18:00Z", "content": "NEW DELHI: With the coronavirus pandemic rapidly spreading across the globe, educational institutions have suspended campus learning in order to curb the spread of the virus. In the wake of institute shutdown due to the COVID -19 outbreak, many universities l\u2026 [+3166 chars]"}, {"source": {"id": "the-times-of-india", "name": "The Times of India"}, "author": "PTI", "title": "Health Ministry issues SOP to guide ambulance staff in transporting COVID-19 cases", "description": "The Union Health Ministry said the  standard operating procedure (SOP) is meant to guide and train ambulance drivers and technicians in transporting COVID-19 patients. It warned against use of the '102 ambulances' for coronavirus patients and said they should\u2026", "url": "https://economictimes.indiatimes.com/news/politics-and-nation/health-ministry-issues-sop-to-guide-ambulance-staff-in-transporting-covid-19-cases/articleshow/74875807.cms", "urlToImage": "https://img.etimg.com/thumb/msid-74875966,width-1070,height-580,imgsize-735193,overlay-economictimes/photo.jpg", "publishedAt": "2020-03-29T13:26:01Z", "content": "New Delhi: The Union Health Ministry on Sunday laid down the standard operating procedure (SOP) for medical staff attending to or transporting a suspected or confirmed case of COVID-19. It said the SOP is meant to guide and train ambulance drivers and technic\u2026 [+1020 chars]"}, {"source": {"id": "the-times-of-india", "name": "The Times of India"}, "author": "Venkat Ananth", "title": "As Covid-19 cases rise in India, \u201cCovtech\u201d based surveillance intensifies", "description": "In states like Kerala, contact tracing of COVID-19 patients involves \u201cvirus detectives\u201d, ground-level human workers who go door to door tracing the movements of positive patients, besides using CCTV footages for clues.", "url": "https://economictimes.indiatimes.com/news/politics-and-nation/as-covid-19-cases-rise-in-india-covtech-based-surveillance-intensifies/articleshow/74876078.cms", "urlToImage": "https://img.etimg.com/thumb/msid-74876094,width-1070,height-580,imgsize-178954,overlay-economictimes/photo.jpg", "publishedAt": "2020-03-29T13:53:53Z", "content": "Owing to the rapid rise of COVID-19 cases across the country, state governments and large municipalities are coming up with strict surveillance mechanisms to ensure that those quarantined adhere to the norms, and stay at home. Health surveillance in this cont\u2026 [+4785 chars]"}, {"source": {"id": "the-times-of-india", "name": "The Times of India"}, "author": "PTI", "title": "Military, Defence Ministry employees to donate one day's salary to PM's COVID-19 fund", "description": "A number of union ministers, private entities, industrialists and government organisations have responded to the prime minister's announcement and contributed to the fund.", "url": "https://economictimes.indiatimes.com/news/defence/military-defence-ministry-employees-to-donate-one-days-salary-to-pms-covid-19-fund/articleshow/74874214.cms", "urlToImage": "https://img.etimg.com/thumb/msid-74874254,width-1070,height-580,imgsize-78517,overlay-etdefence/photo.jpg", "publishedAt": "2020-03-29T11:10:20Z", "content": "The Army, Navy and the Indian Air Force as well as employees of the defence ministry have decided to donate one day's salary totalling around Rs 500 crore to the relief fund announced by Prime Minister Narendra Modi to help fight the coronavirus outbreak in t\u2026 [+1350 chars]"}, {"source": {"id": "the-times-of-india", "name": "The Times of India"}, "author": "Kirtika Suneja and Gaurav Noronha", "title": "March CPI inflation figures may have caveats as data suffers due to Covid lockdown", "description": "The Ministry of Statistics and Programme Implementation (MoSPI) is assessing the quality and amount of data that can be collected to estimate the consumer price index (CPI) inflation for this month. The data for March is scheduled to be released on April 13.", "url": "https://economictimes.indiatimes.com/news/economy/indicators/mar-cpi-inflation-figures-mayhave-caveats-as-data-suffers/articleshow/74877927.cms", "urlToImage": "https://img.etimg.com/thumb/msid-74877927,width-1070,height-580,imgsize-439419,overlay-economictimes/photo.jpg", "publishedAt": "2020-03-29T22:36:50Z", "content": "New Delhi: The government is likely to release the retail inflation numbers for March with caveats while industrial production data is unlikely as factories stop production and data collection gets hit due to the Covid-19 pandemic and the countrywide lockdown\u2026 [+2734 chars]"}, {"source": {"id": "the-times-of-india", "name": "The Times of India"}, "author": "ANI", "title": "Princess Maria Teresa of Spain becomes first royal to die from COVID-19", "description": "Spanish Princess Maria Teresa of Bourbon-Parma has become the first royal to pass away due to coronavirus complications.", "url": "https://economictimes.indiatimes.com/news/international/world-news/princess-maria-teresa-of-spain-becomes-first-royal-to-die-from-covid-19/articleshow/74870457.cms", "urlToImage": "https://img.etimg.com/thumb/msid-74870611,width-1070,height-580,imgsize-108031,overlay-economictimes/photo.jpg", "publishedAt": "2020-03-29T05:08:59Z", "content": "Spanish Princess Maria Teresa of Bourbon-Parma has become the first royal to pass away due to coronavirus complications. According to Fox News, the 86-year-old was a cousin of Spain's King Felipe VI. Her brother Prince Sixto Enrique de Borbon, the Duke of Ara\u2026 [+1307 chars]"}, {"source": {"id": "the-times-of-india", "name": "The Times of India"}, "author": "PTI", "title": "Five new COVID-19 cases in Madhya Pradesh; state tally rises to 39", "description": "So far, 20 COVID-19 cases have been reported in Indore, eight in Jabalpur, four in Ujjain, three in Bhopal, and two each in Shivpuri and Gwalior, a health official said. Of these 39 patients, a woman from Ujjain and a man from Indore earlier died.", "url": "https://economictimes.indiatimes.com/news/politics-and-nation/five-new-covid-19-cases-in-madhya-pradesh-state-tally-rises-to-39/articleshow/74870280.cms", "urlToImage": "https://img.etimg.com/thumb/msid-74870318,width-1070,height-580,imgsize-296863,overlay-economictimes/photo.jpg", "publishedAt": "2020-03-29T04:47:23Z", "content": "Indore: The number of COVID-19 casesin Madhya Pradesh rose to 39 on Sunday morning with five more persons testing positive for coronavirus, officials said. The five new patients include a 17-year-girl from Ujjain and four men - aged 21, 38, 40 and 48 all resi\u2026 [+541 chars]"}, {"source": {"id": "the-times-of-india", "name": "The Times of India"}, "author": "Indulekha Aravind", "title": "Covid: Tipplers tackle acute withdrawal symptoms as defacto prohibition takes hold", "description": "With all liquor outlets, bars and pubs having had to down their shutters as part of the 21-day lockdown against the spread of Covid-19, an unprecedented, nationwide de facto prohibition has come into effect. States now have to grapple with the resultant withd\u2026", "url": "https://economictimes.indiatimes.com/news/politics-and-nation/tipplers-tackle-acute-withdrawal-symptoms-as-defacto-prohibition-takes-hold/articleshow/74877214.cms", "urlToImage": "https://img.etimg.com/thumb/msid-74877223,width-1070,height-580,imgsize-701953,overlay-economictimes/photo.jpg", "publishedAt": "2020-03-29T15:41:33Z", "content": "BENGALURU: On Sunday morning, a native of Kottayam district in Kerala attempted to die by suicide by jumping off the third storey of a building. On Friday, police in Hyderabad were investigating the death of a painter who either fell or jumped off a building \u2026 [+4116 chars]"}, {"source": {"id": "the-times-of-india", "name": "The Times of India"}, "author": "PTI", "title": "Over 450 newly recruited CAPF doctors asked to join immediately; retired officials alerted to combat COVID-19", "description": "Retired medical officers have been  alerted  and modalities are being worked on to hire doctors on contractual service to man the chain of the forces' country-wide hospitals and quarantine centres that have a combined strength of more than 7,200 beds, ITBP Di\u2026", "url": "https://economictimes.indiatimes.com/news/defence/over-450-newly-recruited-capf-doctors-asked-to-join-immediately-retired-officials-alerted-to-combat-covid-19/articleshow/74874393.cms", "urlToImage": "https://img.etimg.com/thumb/msid-74874484,width-1070,height-580,imgsize-513472,overlay-etdefence/photo.jpg", "publishedAt": "2020-03-29T11:22:43Z", "content": "New Delhi: Over 450 doctors recruited recently as medical officers in the CAPFs have been asked to join service \"immediately\" as the forces are ramping up their healthcare setup to combat COVID-19, a top paramilitary officer said on Sunday. \r\nRetired medical \u2026 [+3977 chars]"}, {"source": {"id": "the-times-of-india", "name": "The Times of India"}, "author": "PTI", "title": "28-day paid leave for COVID-19 patients; factory, shop workers to get daily wage for lockdown period: Noida administration", "description": "Arrangement should be made by such establishments to dole out the payments to their workers and labourers on March 30 and 31 or April 3 and 4, depending on their situation to make the payment, the order stated.  Action would be ensured against the offender un\u2026", "url": "https://economictimes.indiatimes.com/news/politics-and-nation/28-day-paid-leave-for-covid-19-patients-factory-shop-workers-to-get-daily-wage-for-lockdown-period-noida-administration/articleshow/74870185.cms", "urlToImage": "https://img.etimg.com/thumb/msid-74870231,width-1070,height-580,imgsize-366178,overlay-economictimes/photo.jpg", "publishedAt": "2020-03-29T04:33:47Z", "content": "Noida (UP): Any worker or employee infected with coronavirus and in isolation for treatment will get 28 days of paid leave from their employer across Noida and Greater Noida, the Gautam Buddh Nagar district administration has ordered. In an order passed late \u2026 [+2415 chars]"}, {"source": {"id": "the-times-of-india", "name": "The Times of India"}, "author": "PTI", "title": "106 new COVID-19 cases, six deaths reported from six states in last 24 hours: Health Ministry", "description": "New Delhi, Mar 29 () The health ministry on Sunday said 106 new COVID-19 cases and six deaths were reported from six states in the last 24 hours.", "url": "https://economictimes.indiatimes.com/news/politics-and-nation/106-new-covid-19-cases-six-deaths-reported-from-six-states-in-last-24-hours-health-ministry/articleshow/74876362.cms", "urlToImage": "https://img.etimg.com/thumb/msid-74876374,width-1070,height-580,imgsize-8005,overlay-economictimes/photo.jpg", "publishedAt": "2020-03-29T14:17:43Z", "content": "The health ministry on Sunday said 106 new COVID-19 cases and six deaths were reported from six states in the last 24 hours. \r\nJoint Secretary in the ministry Lav Agarwal said till now, there are 979 confirmed coronavirus cases in the country, including 25 de\u2026 [+1239 chars]"}, {"source": {"id": "the-times-of-india", "name": "The Times of India"}, "author": "PTI", "title": "106 new COVID-19 cases, six deaths reported from six states in last 24 hours: Health Ministry", "description": "The health ministry on Sunday said 106 new COVID-19 cases and six deaths were reported from six states in the last 24 hours.", "url": "https://economictimes.indiatimes.com/news/politics-and-nation/106-new-covid-19-cases-six-deaths-reported-from-six-states-in-last-24-hours-health-ministry/articleshow/74874812.cms", "urlToImage": "https://img.etimg.com/thumb/msid-74874954,width-1070,height-580,imgsize-140302,overlay-economictimes/photo.jpg", "publishedAt": "2020-03-29T12:03:22Z", "content": "The health ministry on Sunday said 106 new COVID-19 cases and six deaths were reported from six states in the last 24 hours. Joint Secretary in the ministry Lav Agarwal said till now, there are 979 confirmed coronavirus cases in the country, including 25 deat\u2026 [+1225 chars]"}, {"source": {"id": "the-times-of-india", "name": "The Times of India"}, "author": "Nabeel A Khan", "title": "COVID-19 impact: Vehicle makers announce support package for crisis-hit dealers", "description": "Vehicle manufacturers have assured their dealer partners of financial and other support as they are facing a major crisis due to the lockdown coupled with unsold BS-IV inventory.", "url": "https://economictimes.indiatimes.com/industry/auto/auto-news/vehicle-makers-announce-support-package-for-crisis-hit-dealers/articleshow/74878877.cms", "urlToImage": "https://img.etimg.com/thumb/msid-74880739,width-1070,height-580,imgsize-1025128,overlay-economictimes/photo.jpg", "publishedAt": "2020-03-29T22:36:05Z", "content": "NEW DELHI: Vehicle manufacturers have assured their dealer partners of financial and other support as they are facing a major crisis due to the lockdown coupled with unsold BS-IV inventory.\r\nDealers have claimed they have inventory worth 6,000 crore and a cou\u2026 [+1706 chars]"}, {"source": {"id": "the-times-of-india", "name": "The Times of India"}, "author": "ET Bureau", "title": "C-CAMP accelerator shortlists four innovations to deal with Covid-19 spread", "description": "\u201cFew key players from industry are in constant touch with C-CAMP to support COVID-19 Innovations. CIDA is a step in that direction to help with immediate deployment of solutions wherever we can,\u201d Dr Taslimarif Saiyed, C-CAMP CEO and Director", "url": "https://economictimes.indiatimes.com/industry/healthcare/biotech/healthcare/c-camp-accelerator-shortlists-four-innovations-to-deal-with-covid-19-spread/articleshow/74875255.cms", "urlToImage": "https://img.etimg.com/thumb/msid-74875251,width-1070,height-580,imgsize-611516,overlay-economictimes/photo.jpg", "publishedAt": "2020-03-29T12:39:21Z", "content": "A special COVID-19 focussed accelerator set up jointly Centre for Cellular and Molecular Platforms (C-CAMP), United Nations Health Innovation Exchange (UNHIE) and Social Alpha has shortlisted four innovations from over 150 submissions that would focus on buil\u2026 [+1277 chars]"}, {"source": {"id": "the-times-of-india", "name": "The Times of India"}, "author": "Ratna Bhushan and Rasul Bailay", "title": "Covid-19 impact: Restaurants also want share of the relief pie", "description": "\u201cWe aren\u2019t trying to profiteer at the expense of landlords. As longstanding business partners, we are hopeful that landlords will extend their support in these times of unprecedented crisis,\u201d NRAI president Anurag Katriar said.", "url": "https://economictimes.indiatimes.com/industry/services/hotels-/-restaurants/covid-19-impact-restaurants-also-want-share-of-the-relief-pie/articleshow/74879227.cms", "urlToImage": "https://img.etimg.com/thumb/msid-74879232,width-1070,height-580,imgsize-73146,overlay-economictimes/photo.jpg", "publishedAt": "2020-03-29T17:55:29Z", "content": "New Delhi: Industry body NRAI, or the national restaurant association of India, on Sunday urged mall owners and landlords to waive off rentals for three months and adopt a revenue share model for six months amidst the countrywide lockdown in an open letter, a\u2026 [+1041 chars]"}, {"source": {"id": "the-times-of-india", "name": "The Times of India"}, "author": "PTI", "title": "COVID-19: Health Ministry asks over 10 domestic manufactures to produce PPE", "description": "Components of PPE are goggles, face-shield, mask, gloves, coverall/gowns (with or without aprons), head cover and shoe cover.", "url": "https://economictimes.indiatimes.com/industry/healthcare/biotech/healthcare/covid-19-health-ministry-asks-over-10-domestic-manufactures-to-produce-ppe/articleshow/74875892.cms", "urlToImage": "https://img.etimg.com/thumb/msid-74875904,width-1070,height-580,imgsize-175484,overlay-economictimes/photo.jpg", "publishedAt": "2020-03-29T13:32:28Z", "content": "Over 10 domestic manufacturers in India have been asked to produce Personal Protective Equipment (PPE), designed to safeguard the health of medical professionals treating coronavirus patients, the Health Ministry said on Sunday. Components of PPE are goggles,\u2026 [+777 chars]"}, {"source": {"id": "the-times-of-india", "name": "The Times of India"}, "author": null, "title": "IOA assures full support as India battles COVID-19 pandemic", "description": "The Indian Olympic Association (IOA) on Sunday assured full support as the country battled the COVID-19 pandemic and stressed on self-isolation under the current circumstances.", "url": "https://timesofindia.indiatimes.com/sports/more-sports/others/ioa-assures-full-support-as-india-battles-covid-19-pandemic/articleshow/74872154.cms", "urlToImage": "https://static.toiimg.com/thumb/msid-74872176,width-1070,height-580,imgsize-1143392,resizemode-75,overlay-toi_sw,pt-32,y_pad-40/photo.jpg", "publishedAt": "2020-03-29T07:45:59Z", "content": "NEW DELHI: The Indian Olympic Association (IOA) on Sunday assured full support as the country battled the COVID-19 pandemic and stressed on self-isolation under the current circumstances.\r\nIOA President Narinder Batra on Saturday said the Tokyo Olympics quali\u2026 [+1079 chars]"}, {"source": {"id": "the-times-of-india", "name": "The Times of India"}, "author": null, "title": "COVID-19 lockdown: Sanjay Manjrekar reminds everyone of Sunday", "description": "Former India batsman Sanjay Manjrekar reminded the people of the country that it is a Sunday and also showed how he believes technique is the key to attain perfection in life.", "url": "https://timesofindia.indiatimes.com/sports/off-the-field/covid-19-lockdown-sanjay-manjrekar-reminds-everyone-of-sunday/articleshow/74874395.cms", "urlToImage": "https://static.toiimg.com/thumb/msid-74874414,width-1070,height-580,imgsize-1215716,resizemode-75,overlay-toi_sw,pt-32,y_pad-40/photo.jpg", "publishedAt": "2020-03-29T11:05:19Z", "content": null}, {"source": {"id": "the-times-of-india", "name": "The Times of India"}, "author": null, "title": "Rahane donates Rs 10 lakh to fight against COVID-19", "description": "Rahane's donation was confirmed on Sunday by a source close to India's Test vice-captain, who joins the list of sportspersons who have contributed towards the fight against the pandemic. Sachin Tendulkar has donated Rs 50 lakh, while Suresh Raina has chipped \u2026", "url": "https://timesofindia.indiatimes.com/sports/off-the-field/ajinkya-rahane-donates-rs-10-lakh-to-indias-fight-against-coronavirus/articleshow/74870267.cms", "urlToImage": "https://static.toiimg.com/thumb/msid-74870277,width-1070,height-580,imgsize-178663,resizemode-75,overlay-toi_sw,pt-32,y_pad-40/photo.jpg", "publishedAt": "2020-03-29T04:26:42Z", "content": null}, {"source": {"id": "the-times-of-india", "name": "The Times of India"}, "author": null, "title": "Heather Knight joins NHS as volunteer to fight COVID-19", "description": "England women's cricket team captain Heather Knight has joined the National Health Service (NHS) as volunteer to help the healthcare system fight the COVID-19 pandemic in the United Kingdom.", "url": "https://timesofindia.indiatimes.com/sports/off-the-field/heather-knight-joins-nhs-as-volunteer-to-fight-covid-19-pandemic/articleshow/74870944.cms", "urlToImage": "https://static.toiimg.com/thumb/msid-74870929,width-1070,height-580,imgsize-1107039,resizemode-75,overlay-toi_sw,pt-32,y_pad-40/photo.jpg", "publishedAt": "2020-03-29T05:31:25Z", "content": "LONDON: England women's cricket team captain Heather Knight has joined the National Health Service (NHS) as volunteer to help the healthcare system fight the COVID-19 pandemic in the United Kingdom.\r\nThe 29-year-old Knight who has played 7 Tests, 101 ODIs and\u2026 [+1247 chars]"}, {"source": {"id": "the-times-of-india", "name": "The Times of India"}, "author": null, "title": "ICC salutes Joginder Sharma for fighting against COVID-19", "description": "Spending his post-cricket career as a DSP in Haryana Police, Joginder Sharma, the hero of India's 2007 World T20 triumph, is on the frontline to battle the highly contagious disease as India is under a 21-day lockdown to contain the spread of COVID-19.", "url": "https://timesofindia.indiatimes.com/sports/cricket/news/icc-salutes-joginder-sharma-for-fighting-against-covid-19/articleshow/74869375.cms", "urlToImage": "https://static.toiimg.com/thumb/msid-74869373,width-1070,height-580,imgsize-1510912,resizemode-75,overlay-toi_sw,pt-32,y_pad-40/photo.jpg", "publishedAt": "2020-03-29T02:10:51Z", "content": null}, {"source": {"id": "the-times-of-india", "name": "The Times of India"}, "author": "PTI", "title": "Man who killed self tests negative for Covid-19", "description": "Gopalakrishna Madivala (56), had hanged himself on Wednesday suspecting he had the disease, leaving a death note to family members asking them to stay safe.", "url": "https://timesofindia.indiatimes.com/city/mangaluru/test-of-man-who-ended-life-fearing-having-contracted-coronavirus-returns-negative/articleshow/74872541.cms", "urlToImage": "https://static.toiimg.com/thumb/msid-74872528,width-1070,height-580,imgsize-97894,resizemode-75,overlay-toi_sw,pt-32,y_pad-40/photo.jpg", "publishedAt": "2020-03-29T08:24:37Z", "content": "Subscribe\r\nStart Your Daily Mornings with Times of India Newspaper!Order Now"}, {"source": {"id": "the-times-of-india", "name": "The Times of India"}, "author": "TNN", "title": "Covid-19: 3 rail sections in Bengaluru closed", "description": "With passenger services being suspended till April 14, South Western Railway on Saturday said three rail sections in Bengaluru division have been closed.", "url": "https://timesofindia.indiatimes.com/city/bengaluru/covid-19-three-rail-sections-in-bengaluru-closed/articleshow/74871942.cms", "urlToImage": "https://static.toiimg.com/thumb/msid-74871938,width-1070,height-580,imgsize-877423,resizemode-75,overlay-toi_sw,pt-32,y_pad-40/photo.jpg", "publishedAt": "2020-03-29T07:19:26Z", "content": "Sr. DCM, SBC, inspected the operations and unloading of rice at FCI storage facility, Whitefield(WFD). Interacted w https://t.co/4FTJk2SOqw\r\n\u2014 DRM Bengaluru (@drmsbc) 1585384441000"}, {"source": {"id": "the-times-of-india", "name": "The Times of India"}, "author": "TNN", "title": "2 more Covid-19 cases reported in Udupi", "description": "MANGALURU: Two more positive cases of Covid-19 were reported in Udupi district on Sunday.", "url": "https://timesofindia.indiatimes.com/city/mangaluru/karnataka-two-more-covid-19-positive-cases-reported-in-udupi/articleshow/74876422.cms", "urlToImage": "https://static.toiimg.com/thumb/msid-74876414,width-1070,height-580,imgsize-2770183,resizemode-75,overlay-toi_sw,pt-32,y_pad-40/photo.jpg", "publishedAt": "2020-03-29T14:03:50Z", "content": "Subscribe\r\nStart Your Daily Mornings with Times of India Newspaper!Order Now"}, {"source": {"id": "the-times-of-india", "name": "The Times of India"}, "author": "TNN", "title": "Covid-19: No mask, no fuel, say B'luru dealers", "description": "Petroleum dealers have decided that they won\u2019t sell fuel to customers who don\u2019t wear masks. Motorists will also have to maintain social distancing at petrol pumps, they add.", "url": "https://timesofindia.indiatimes.com/city/bengaluru/no-mask-no-fuel-say-bengaluru-dealers/articleshow/74869195.cms", "urlToImage": "https://static.toiimg.com/thumb/msid-74869192,width-1070,height-580,imgsize-161444,resizemode-75,overlay-toi_sw,pt-32,y_pad-40/photo.jpg", "publishedAt": "2020-03-29T01:28:23Z", "content": "Subscribe\r\nStart Your Daily Mornings with Times of India Newspaper!Order Now"}, {"source": {"id": "the-times-of-india", "name": "The Times of India"}, "author": "PTI", "title": "Covid-19: 3 more test +tive, tally touches 196", "description": "With three more people testing positive for coronavirus in Maharashtra, the number of such patients in the state has gone up to 196, state health minister Rajesh Tope said on Sunday.", "url": "https://timesofindia.indiatimes.com/city/mumbai/3-more-test-positive-for-coronavirus-in-maharashtra-tally-rises-to-196/articleshow/74874796.cms", "urlToImage": "https://static.toiimg.com/thumb/msid-74874784,width-1070,height-580,imgsize-67152,resizemode-75,overlay-toi_sw,pt-32,y_pad-40/photo.jpg", "publishedAt": "2020-03-29T11:41:29Z", "content": "Subscribe\r\nStart Your Daily Mornings with Times of India Newspaper!Order Now"}, {"source": {"id": "the-times-of-india", "name": "The Times of India"}, "author": "Aishwarya Dharni", "title": "Scientists From Harvard Give An Explanation On Why COVID-19 Patients Lose Their Sense Of Smell", "description": "According to researchers at Harvard Medical School, the coronavirus is attacks the key cells in the nose which is an explanation on why some Covid-19 patients are losing their ability to smell as well as taste.", "url": "https://www.indiatimes.com/trending/human-interest/scientists-from-harvard-give-an-explanation-on-why-covid-19-patients-lose-their-sense-of-smell-509577.html", "urlToImage": "https://im.indiatimes.in/content/2020/Mar/lossofsmell_5e809e82c1eb4.jpg", "publishedAt": "2020-03-29T12:25:05Z", "content": "All of us have Googled the symptoms of the novel pandemic coronavirus at least once or twice. However, the Internet can only you so much and sometimes, we need to make sure we don't fall in the trap of fake news. However, scientists can definitely give us acc\u2026 [+1594 chars]"}, {"source": {"id": "the-times-of-india", "name": "The Times of India"}, "author": "Shweta Sengar", "title": "'They Weren't Indians': Mysuru Store Denies Entry To Northeast Students Due To COVID-19 Scare", "description": "In the wake of coronavirus pandemic, rampant racial discrimination has been reported from various parts of the country. \n\nIn yet another incident of racial discrimination, two students from the northeast today were denied entry to a supermarket by groceries i\u2026", "url": "https://www.indiatimes.com/news/india/mysuru-store-denies-entry-to-northeast-students-amid-coronavirus-said-they-werent-indians-509566.html", "urlToImage": "https://im.indiatimes.in/content/2020/Mar/iPiccy-collage_5e807fe892b16.jpg", "publishedAt": "2020-03-29T10:39:35Z", "content": "In the wake of coronavirus pandemic, rampant racial discrimination has been reported from various parts of the country.\u00a0\r\nIn yet another incident of racial discrimination, two students from the northeast were today denied entry to a supermarket\u00a0to buy groceri\u2026 [+2356 chars]"}, {"source": {"id": "the-times-of-india", "name": "The Times of India"}, "author": "Monit Khanna", "title": "This Robot Kills COVID-19 By Spraying Disinfectants And Flashing UV Lights, Costs Rs 30 Lakh", "description": "The robot, developed by Shanghai-based Keenon Robotics, is designed specifically for coronaviruses. It uses a combination of UV light and liquid disinfectant spray to kill pathogens like COVID-19.", "url": "https://www.indiatimes.com/technology/news/robot-kills-covid-19-by-spraying-disinfectants-and-flashing-uv-lights-509560.html", "urlToImage": "https://im.indiatimes.in/content/2020/Mar/FB-Image-Quote_5e80754d086b1.jpg", "publishedAt": "2020-03-29T09:38:52Z", "content": "With COVID-19 infecting so many people around the world, we all have surely become a bit of a germophobe (and thats a good thing in these dark times), not touching common surfaces, washing hands more often, among other things.\u00a0\r\nKeenon Robotics\r\nBut maintaini\u2026 [+1553 chars]"}, {"source": {"id": "the-times-of-india", "name": "The Times of India"}, "author": "Monit Khanna", "title": "Astronauts Share Tips On Dealing With Self-Isolation During COVID-19 Lockdown", "description": "Astronauts who\u2019ve stayed for months on the International Space Station, away from the society, all in a metal enclosure orbiting around our planet. Reported first by Axios, they\u2019ve shared some advice for people to get through the dreadful feeling of feeling i\u2026", "url": "https://www.indiatimes.com/technology/science-and-future/astronauts-share-tips-on-dealing-with-self-isolation-during-covid-19-lockdown-509540.html", "urlToImage": "https://im.indiatimes.in/content/2020/Mar/Facebook-Image-1_5e804ac1aac1e.jpg", "publishedAt": "2020-03-29T09:44:20Z", "content": "This COVID-19 has forced us all to stay locked indoors, maintain social distancing to prevent spreading of this novel coronavirus. But staying stuck indoors felt okay only in the first few days. Now it feels suffocating while making us feel more anxious than \u2026 [+2904 chars]"}, {"source": {"id": "the-times-of-india", "name": "The Times of India"}, "author": "Somak Adhikari", "title": "COVID-19 Lockdown: Centre Orders Sealing Of State & District Borders To Stop Exodus Of Migrants", "description": "The Centre has instructed state governments and Union Territory administrations to seal state and district borders in order to prevent movement of migrant workers during lockdown, according to officials.", "url": "https://www.indiatimes.com/news/india/covid-19-lockdown-centre-orders-sealing-of-state-district-borders-to-stop-exodus-of-migrants-509561.html", "urlToImage": "https://im.indiatimes.in/content/2020/Mar/1_5e80779be113e.jpg", "publishedAt": "2020-03-29T10:04:35Z", "content": "The Centre has instructed state governments and Union Territory administrations to seal state and district borders in order to prevent movement of migrant workers during lockdown, according to officials.\u00a0\r\nIn a video conference with the Chief Secretaries and \u2026 [+1072 chars]"}, {"source": {"id": "the-times-of-india", "name": "The Times of India"}, "author": "Indiatimes", "title": "COVID-19: Portugal Will Treat Migrants As Residents So That They Have Access To Public Services", "description": "Leading the way in showing exceptional humanity during the time of a health crisis and a humantarian crisis for millions, Portugal will be treating all migrants in the country as residents.", "url": "https://www.indiatimes.com/news/world/covid-19-portugal-will-treat-migrants-as-residents-so-that-they-have-access-to-public-services-509542.html", "urlToImage": "https://im.indiatimes.in/content/2020/Mar/portugal_5e804e40f0113.jpg", "publishedAt": "2020-03-29T07:06:50Z", "content": "Leading the way in showing exceptional humanity during the time of a health crisis and a humantarian crisis for millions, Portugal will be treating all migrants in the country as residents.\r\nAll foreigners in Portugal with pending applications will be treated\u2026 [+1275 chars]"}, {"source": {"id": "the-times-of-india", "name": "The Times of India"}, "author": "Vatsala Devki Vats", "title": "Trolls Slam SRK For Not Donating Money For COVID-19, Fans Make #StopNegativityAgainstSRK Trend", "description": "Instead of hailing Akshay Kumar for donating 25 crores to the PM's relief fund, people have started targetting other actors for not doing enough.  Case in point, netizens are lashing out at Shah Rukh Khan, Amitabh Bachchan and Salman Khan for not donating mon\u2026", "url": "https://www.indiatimes.com/entertainment/celebs/trolls-slam-srk-for-not-donating-money-for-covid-19-fans-make-stopnegativityagainstsrk-trend-509575.html", "urlToImage": "https://im.indiatimes.in/content/2020/Mar/8-FBImage_5e80965999cd3.jpg", "publishedAt": "2020-03-29T11:51:40Z", "content": "Instead of hailing Akshay Kumar for donating Rs 25 crores to the PM's relief fund, people have started targeting other actors for not doing enough.\u00a0\r\nCase in point, netizens are lashing out at Shah Rukh Khan, Amitabh Bachchan and Salman Khan for not donating \u2026 [+1887 chars]"}, {"source": {"id": "the-times-of-india", "name": "The Times of India"}, "author": "Sarthak Dogra", "title": "COVID-19 Lockdown Help For Parents: Audible Launches Free Curated Kids Audiobook Collection", "description": "In the midst of Coronavirus lockdown, Audibles has made a collection of its audiobooks free of cost. The move is aimed at providing fun content for children to learn from in the time of lockdown. Here is how to access the free audiobooks if you have children \u2026", "url": "https://www.indiatimes.com/technology/news/covid-19-lockdown-help-for-parents-audible-launches-free-curated-kids-audiobook-collection-509551.html", "urlToImage": "https://im.indiatimes.in/content/2020/Mar/RTS30HDZ_5e805e64a385e.jpg", "publishedAt": "2020-03-29T08:12:57Z", "content": "As India faces a 21-day lockdown due to the Coronavirus pandemic, many have decided to use their time at home in learning new skills and garnering knowledge. Kids, however, are not particularly susceptible to such online learnings and it can become difficult \u2026 [+1954 chars]"}, {"source": {"id": "the-times-of-india", "name": "The Times of India"}, "author": "Somak Adhikari", "title": "7 Ways Things Have Gone South For USA Because Of The COVID-19 Pandemic", "description": "If you are living in USA, then now is the worst possible time to be there. Well, for that matter, it's not a good time to be anywhere due to the coronavirus pandemic, but USA certainly rules the roost in this regard.", "url": "https://www.indiatimes.com/news/world/7-ways-things-have-gone-bad-for-usa-because-of-coronavirus-outbreak-509549.html", "urlToImage": "https://im.indiatimes.in/content/2020/Mar/FBImage-1_5e805afc7dfe4.jpg", "publishedAt": "2020-03-29T07:58:13Z", "content": "USA\u00a0is struggling and the number of infections in the country prove the same. The outbreak of COVID-19 has caused life to come to a standstill almost everywhere.\r\nReuters\r\nThe virus which originated in Wuhan, China has now spread worldwide. This has resulted \u2026 [+2200 chars]"}, {"source": {"id": "the-times-of-india", "name": "The Times of India"}, "author": "Aishwarya Dharni", "title": "COVID-19 Doesn't Differentiate Between Royalty & Commoners, Claims Princess Maria Teresa's Life", "description": "In the Facebook post, Prince Sixtus Henry wrote, 'S.A.R. Don Sixto Enrique de Borbon communicates that this Thursday, March 26, 2020, his sister Maria Teresa de Bourbon Parma and Bourbon Busset, victim of coronavirus COVID-19, has passed away in Paris, at eig\u2026", "url": "https://www.indiatimes.com/trending/social-relevance/coronavirus-claims-the-first-royal-life-after-princess-maria-teresa-of-spain-passes-away-509546.html", "urlToImage": "https://im.indiatimes.in/content/2020/Mar/princessmariateresa_5e805695534d7.jpg", "publishedAt": "2020-03-29T07:18:47Z", "content": "Just days after the news of Prince Charles testing positive for COVID-19 came to light, the world has witnessed the first Royal death. Princess Maria Teresa of Spain's Bourbon-Parma dynasty passed away on March 26, after getting infected with the virus.\u00a0\r\nHer\u2026 [+1084 chars]"}, {"source": {"id": "the-times-of-india", "name": "The Times of India"}, "author": "Vatsala Devki Vats", "title": "Radhika Apte Worries Fans After A Visit To The Hospital, Clarifies She Doesn't Have COVID-19", "description": "The actress currently is in London and is quarantining with her musician husband Benedict Taylor.  However, she posted a picture of herself on Instagram sitting in the hospital, fully covered in overalls, blazer, a face-mask, and sunglasses. Since the paranoi\u2026", "url": "https://www.indiatimes.com/entertainment/celebs/radhika-apte-worries-fans-after-a-visit-to-the-hospital-clarifies-she-doesnt-have-covid-19-509558.html", "urlToImage": "https://im.indiatimes.in/content/2020/Mar/800-Radhika-Apte_5e807306bad74.png", "publishedAt": "2020-03-29T09:25:22Z", "content": "Radhika Apte worried 3.9 million of her Instagram followers after posting a picture of herself sitting in a hospital.\u00a0\r\nThe actress currently is in London and is quarantining with her musician husband Benedict Taylor.\u00a0 However, she posted a picture of herself\u2026 [+654 chars]"}, {"source": {"id": "the-times-of-india", "name": "The Times of India"}, "author": "Somak Adhikari", "title": "Meet Wynn, The Therapy Dog For Medical Professionals Who're Treating COVID-19-Infected Patients", "description": "As coronavirus wreaks havoc across the world, healthcare workers are fighting tooth and nail to combat the disease as they look to save lives of patients.", "url": "https://www.indiatimes.com/news/world/meet-wynn-the-dog-who-is-helping-in-the-therapy-of-medical-professionals-who-are-treating-people-for-coronavirus-509564.html", "urlToImage": "https://im.indiatimes.in/content/2020/Mar/fb_5e807cb14ab72.jpg", "publishedAt": "2020-03-29T10:26:09Z", "content": "As coronavirus wreaks havoc across the world, healthcare workers are fighting tooth and nail to combat the disease as they save lives, sometimes under impossible circumstances.\r\nMore than 650,000 people are affected and over 30,000 have died. Doctors, nurses \u2026 [+1699 chars]"}, {"source": {"id": "the-times-of-india", "name": "The Times of India"}, "author": "Sarthak Dogra", "title": "How Teachers Are Conducting Online Classes For Students, With Schools Shut From COVID-19", "description": "With schools and colleges shut due to the Coronavirus lockdown, teachers have taken their classes online using several video conferencing platforms. Here are some of the best of these to hold a class online.", "url": "https://www.indiatimes.com/technology/news/teachers-are-conducting-online-classes-for-students-with-schools-shut-from-covid-19-509544.html", "urlToImage": "https://im.indiatimes.in/content/2020/Mar/image001_5e8053dfd8151.jpg", "publishedAt": "2020-03-29T07:23:27Z", "content": "The Coronavirus outbreak across the world has rendered many services unable to continue in their traditional sense. An important one is that of education as schools and colleges have shut down in the wake of the COVID-19 lockdown across the globe.\r\nAs student\u2026 [+4363 chars]"}, {"source": {"id": "the-times-of-india", "name": "The Times of India"}, "author": null, "title": "COVID-19: If Australian travel ban stays for 6 months, India's tour could be affected", "description": "The Australian government's decision to seal its border for the next six months owing to the COVID-19 pandemic could adversely affect India's Future Tours Programme (FTP), including the much-awaited face-offs Down Under later this year.", "url": "https://timesofindia.indiatimes.com/sports/cricket/news/covid-19-if-australian-travel-ban-stays-for-6-months-indias-tour-could-be-affected/articleshow/74873788.cms", "urlToImage": "https://static.toiimg.com/thumb/msid-74874081,width-1070,height-580,imgsize-1775974,resizemode-75,overlay-toi_sw,pt-32,y_pad-40/photo.jpg", "publishedAt": "2020-03-29T10:20:46Z", "content": "NEW DELHI: The Australian government's decision to seal its border for the next six months owing to the COVID-19 pandemic could adversely affect India's Future Tours Programme (FTP), including the much-awaited face-offs Down Under later this year.\r\nIndia's to\u2026 [+2275 chars]"}, {"source": {"id": "the-times-of-india", "name": "The Times of India"}, "author": null, "title": "COVID-19: 15-year-old India shooter Esha donates Rs 30000", "description": "Teenage shooter Esha Singh on Sunday pledged to donate Rs 30,000 to the Prime Minister's Relief Fund in the fight against the COVID-19 pandemic, becoming, at 15, the country's youngest sportsperson to make a monetary contribution. Earlier in the day, 16-year-\u2026", "url": "https://timesofindia.indiatimes.com/sports/off-the-field/covid-19-15-year-old-india-shooter-esha-singh-donates-rs-30-thousand-to-fight-pandemic/articleshow/74875200.cms", "urlToImage": "https://static.toiimg.com/thumb/msid-74875213,width-1070,height-580,imgsize-1238552,resizemode-75,overlay-toi_sw,pt-32,y_pad-40/photo.jpg", "publishedAt": "2020-03-29T12:15:04Z", "content": "NEW DELHI: Teenage shooter Esha Singh on Sunday pledged to donate Rs 30,000 to the Prime Minister's Relief Fund in the fight against the COVID-19 pandemic, becoming, at 15, the country's youngest sportsperson to make a monetary contribution.\r\n\"I pledge to con\u2026 [+1529 chars]"}, {"source": {"id": "the-times-of-india", "name": "The Times of India"}, "author": null, "title": "ITTF suspends all events till June 30 due to COVID-19 pandemic", "description": "The International Table Tennis Federation (ITTF) on Sunday suspended all planned events and activities involving international travel until June 30 due to the dreaded COVID-19 pandemic. The ITTF Executive Committee met on Sunday to further discuss the effects\u2026", "url": "https://timesofindia.indiatimes.com/sports/more-sports/others/ittf-suspends-all-events-till-june-30-due-to-covid-19-pandemic/articleshow/74878304.cms", "urlToImage": "https://static.toiimg.com/thumb/msid-74878337,width-1070,height-580,imgsize-165442,resizemode-75,overlay-toi_sw,pt-32,y_pad-40/photo.jpg", "publishedAt": "2020-03-29T16:48:59Z", "content": "NEW DELHI: The International Table Tennis Federation (ITTF) on Sunday suspended all planned events and activities involving international travel until June 30 due to the dreaded COVID-19 pandemic.\r\nThe ITTF Executive Committee met on Sunday to further discuss\u2026 [+1254 chars]"}, {"source": {"id": "the-times-of-india", "name": "The Times of India"}, "author": null, "title": "Richa Ghosh donates Rs 1 lakh for fight against COVID-19", "description": "Sixteen-year-old all-rounder Richa Ghosh, who represented India in the Women's T20 World Cup earlier this month, has donated Rs 1 lakh to the Bengal Chief Minister's relief fund for the fight against the COVID-19 pandemic.", "url": "https://timesofindia.indiatimes.com/sports/off-the-field/richa-ghosh-donates-rs-1-lakh-for-fight-against-covid-19/articleshow/74871795.cms", "urlToImage": "https://static.toiimg.com/thumb/msid-74871782,width-1070,height-580,imgsize-1163885,resizemode-75,overlay-toi_sw,pt-32,y_pad-40/photo.jpg", "publishedAt": "2020-03-29T07:07:36Z", "content": "KOLKATA: Sixteen-year-old all-rounder Richa Ghosh, who represented India in the Women's T20 World Cup earlier this month, has donated Rs 1 lakh to the Bengal Chief Minister's relief fund for the fight against the COVID-19 pandemic.\r\nRicha's father Manabendra \u2026 [+1507 chars]"}, {"source": {"id": "the-times-of-india", "name": "The Times of India"}, "author": null, "title": "CA defers announcement of players contract list by a month due to COVID-19", "description": "Cricket News: The announcement of Cricket Australia's players contract list has been deferred by at least a month due to the rapidly-spreading COVID-19 pandemic.", "url": "https://timesofindia.indiatimes.com/sports/cricket/news/cricket-australia-defers-announcement-of-players-contract-list-by-a-month-due-to-covid-19-pandemic/articleshow/74873772.cms", "urlToImage": "https://static.toiimg.com/thumb/msid-74873764,width-1070,height-580,imgsize-184406,resizemode-75,overlay-toi_sw,pt-32,y_pad-40/photo.jpg", "publishedAt": "2020-03-29T10:16:12Z", "content": "MELBOURNE: The announcement of Cricket Australia's players contract list has been deferred by at least a month due to the rapidly-spreading COVID-19 pandemic.\r\nAccording to a report in 'Sydney Morning Herald', Cricket Australia had \"planned to bring forward t\u2026 [+897 chars]"}, {"source": {"id": "the-times-of-india", "name": "The Times of India"}, "author": "Teena Thacker", "title": "COVID-19 battle: Global tender floated to buy protective gear", "description": "HLL Lifecare is the nodal agency for acquiring PPE for those tackling the coronavirus outbreak. Healthcare workers weren\u2019t too impressed at the speed with which it has been moving. The last date for receipt of bids is April 15, by which time the current lockd\u2026", "url": "https://economictimes.indiatimes.com/industry/healthcare/biotech/healthcare/covid-19-battle-global-tender-floated-to-buy-protective-gear/articleshow/74879646.cms", "urlToImage": "https://img.etimg.com/thumb/msid-74879643,width-1070,height-580,imgsize-129992,overlay-economictimes/photo.jpg", "publishedAt": "2020-03-29T18:40:16Z", "content": "NEW DELHI: State-owned HLL Lifecare has floated a global tender seeking personal protective equipment (PPE) for healthcare personnel at the frontline of the battle against Covid-19. India is short of coveralls, masks, gloves and other items.\r\nHLL Lifecare is \u2026 [+1968 chars]"}, {"source": {"id": "the-times-of-india", "name": "The Times of India"}, "author": "Aishwarya Dharni", "title": "57-YO Woman Selling Shrimp In Wuhan Turns Out To Be 'Patient Zero' For The COVID-19 Pandemic", "description": "Well, according to a PTI report, Wei Guixian, as identified by The Wall Street Journal, is a shrimp-seller in the city of Wuhan, the place where the coronavirus originated from and is one of the first patients of the virus. The 57-year-old woman apparently ca\u2026", "url": "https://www.indiatimes.com/trending/social-relevance/57-yo-woman-wuhan-shrimp-seller-patient-zero-509533.html", "urlToImage": "https://im.indiatimes.in/content/2020/Mar/patientzero_5e803db035d93.png", "publishedAt": "2020-03-29T05:19:17Z", "content": "The ongoing pandemic caused by the novel coronavirus has forced governments to implement nationwide lockdowns. COVID-19 has raised a lot of questions about our preparedness to deal with such a pandemic and our abilities to trace it back to its source. Now, it\u2026 [+1939 chars]"}, {"source": {"id": "the-times-of-india", "name": "The Times of India"}, "author": "Somak Adhikari", "title": "Good News Amid The Gloom: 275 Indians Stranded In COVID-19-Hit Iran Have Been Brought Back Home", "description": "275 Indians brought home safely from Iran where coronavirus is rampant touched down in Jodhpur, according to an official.", "url": "https://www.indiatimes.com/news/india/covid-19-good-news-275-indians-stranded-iran-brought-back-home-509541.html", "urlToImage": "https://im.indiatimes.in/content/2020/Mar/thumb_5e804d8f8fe5d.jpg", "publishedAt": "2020-03-29T07:05:06Z", "content": "275 Indians brought home safely from Iran where coronavirus is rampant, touched down in Jodhpur, according to an official.\u00a0\r\nHe added that a preliminary screening was conducted, and then from the airport the passengers were sent the Army Wellness Facility at \u2026 [+1167 chars]"}, {"source": {"id": "the-times-of-india", "name": "The Times of India"}, "author": "DIVYA RAJAGOPAL", "title": "False positives from private covid testing labs put govt labs in a fix", "description": "Load on public labs have risen as fear of false positive results forces them to double-check pvt results.", "url": "https://economictimes.indiatimes.com/industry/healthcare/biotech/healthcare/false-positives-from-private-covid-testing-labs-put-govt-labs-in-a-fix/articleshow/74878664.cms", "urlToImage": "https://img.etimg.com/thumb/msid-74878805,width-1070,height-580,imgsize-629344,overlay-economictimes/photo.jpg", "publishedAt": "2020-03-29T17:35:53Z", "content": "MUMBAI: Individuals who have approached private labs for detection of Covid-19 might see a delay in their results as fear of false positive results detected in certain labs has led to government labs double-checking these samples, ET has learnt.\r\nIndia allowe\u2026 [+2142 chars]"}, {"source": {"id": "the-times-of-india", "name": "The Times of India"}, "author": null, "title": "Coronavirus outbreak: Kanika Kapoor tests positive for COVID-19 for fourth time", "description": "After Bollywood singer Kanika Kapoor tested positive for coronavirus, she was admitted to a hospital in Lucknow and ever since, there has been a buzz around the singer's health. Now, as per her medical reports, Kanika has tested positive yet again after under\u2026", "url": "https://timesofindia.indiatimes.com/videos/entertainment/hindi/coronavirus-outbreak-kanika-kapoor-tests-positive-for-covid-19-for-fourth-time/videoshow/74871576.cms", "urlToImage": "https://timesofindia.indiatimes.com/photo/74871576/size-177053/74871576.jpg", "publishedAt": "2020-03-29T08:15:38Z", "content": "After Bollywood singer Kanika Kapoor tested positive for coronavirus, she was admitted to a hospital in Lucknow and ever since, there has been a buzz around the singer's health. Now, as per her medical reports, Kanika has tested positive yet again after under\u2026 [+291 chars]"}, {"source": {"id": "the-times-of-india", "name": "The Times of India"}, "author": "ET Online", "title": "Nobel laureates Esther Duflo & Abhijit Banerjee bat for bolder social transfers to fight Covid-19 - Economic Times", "description": "In an article published in The Indian Express, the duo said that the government should make use of the JAM trinity (Jan Dhan, Aadhaar and Mobile) to directly transfer the benefits into the accounts of people with an electronic receipt.", "url": "https://economictimes.indiatimes.com/news/economy/policy/nobel-laureates-esther-duflo-abhijit-banerjee-bat-for-bolder-social-transfers-to-fight-covid-19/articleshow/74872309.cms", "urlToImage": "https://img.etimg.com/thumb/msid-74872308,width-1070,height-580,imgsize-134559,overlay-economictimes/photo.jpg", "publishedAt": "2020-03-29T08:26:47Z", "content": "Nobel Laureates Esther Duflo and Abhijit Banerjee have advocated for bolder social transfers to fight the Covid-19 infection.\r\nIn an article published in The Indian Express, the duo said that the government should make use of the JAM trinity (Jan Dhan, Aadhaa\u2026 [+1828 chars]"}]}