{"status": "ok", "totalResults": 50, "articles": [{"source": {"id": "the-times-of-india", "name": "The Times of India"}, "author": "PTI", "title": "Covid-19: UK man tests +ve, detained along with 19", "description": "Twenty Dubai-bound passengers were detained at the airport here on Sunday shortly before takeoff after a UK national among them tested positive for novel coronavirus, official sources said.", "url": "https://timesofindia.indiatimes.com/city/kochi/uk-national-bound-for-dubai-tests-positive-for-coronavirus-detained-along-with-19-others-at-kochi-airport/articleshow/74636085.cms", "urlToImage": "https://static.toiimg.com/thumb/msid-74636083,width-1070,height-580,imgsize-154324,resizemode-75,overlay-toi_sw,pt-32,y_pad-40/photo.jpg", "publishedAt": "2020-03-15T08:26:11Z", "content": "Copyright \u00a9 2020 Bennett, Coleman &amp; Co. Ltd. All rights reserved. For reprint rights: Times Syndication Service"}, {"source": {"id": "the-times-of-india", "name": "The Times of India"}, "author": "TNN", "title": "Covid-19 alert: T'gana and AP enter lockdown mode", "description": "Amid the coronavirus outbreak, IT companies in the city have started giving their employees an option to work from home and started screening their temperature and as a precautionary measure to keep workplaces safe.", "url": "https://timesofindia.indiatimes.com/city/hyderabad/it-firms-ramp-up-measures-to-keep-workplaces-safe/articleshow/74643543.cms", "urlToImage": "https://static.toiimg.com/thumb/msid-74644324,width-1070,height-580,imgsize-401788,resizemode-75,overlay-toi_sw,pt-32,y_pad-40/photo.jpg", "publishedAt": "2020-03-15T22:48:00Z", "content": "Copyright \u00a9 2020 Bennett, Coleman &amp; Co. Ltd. All rights reserved. For reprint rights: Times Syndication Service"}, {"source": {"id": "the-times-of-india", "name": "The Times of India"}, "author": "ET Online", "title": "Our approach is well-calibrated to fight Covid-19: PM", "description": "Our approach is well-calibrated to fight Covid-19: PMModi added that India took proactive steps and upgraded surveillance mechanisms at multiple levels. He also lauded the external affairs ministry for carrying out successful evacuations from various states.", "url": "https://economictimes.indiatimes.com/news/politics-and-nation/prepare-put-dont-panic-is-indias-mantra-to-counter-coronavirus-narendra-modi/articleshow/74638006.cms", "urlToImage": "https://img.etimg.com/thumb/msid-74638005,width-1070,height-580,imgsize-122762,overlay-economictimes/photo.jpg", "publishedAt": "2020-03-15T11:46:07Z", "content": "Convening a special meeting of SAARC leaders over a videoconference, Prime Minister Narendra Modi, reiterated Indian efforts to counter the novel coronavirus.\r\nSAARC region is almost home to one-fifth of humanity, emphasised Modi. India needs to remain vigila\u2026 [+891 chars]"}, {"source": {"id": "the-times-of-india", "name": "The Times of India"}, "author": "PTI", "title": "With Covid-19 count at 32, Maharashtra expands healthcare facilities", "description": "Maharashtra has reported 32 positive cases of novel coronavirus so far. Health Minister Rajesh Tope assured people that new laboratories will also come up at JJ Hospital, the Haffkine Institute--also in Mumbai, besides at a hospital in Pune in the next 15-20 \u2026", "url": "https://economictimes.indiatimes.com/news/politics-and-nation/with-covid-19-count-at-32-maha-expands-healthcare-facilities/articleshow/74638381.cms", "urlToImage": "https://img.etimg.com/thumb/msid-74638406,width-1070,height-580,imgsize-493646,overlay-economictimes/photo.jpg", "publishedAt": "2020-03-15T12:14:43Z", "content": "Mumbai: Maharashtra has reported 32 positive cases of novel coronavirus so far, state Health Minister Rajesh Tope said on Sunday. He announced that the laboratory capacity to test samples of suspected novel coronavirus will be expanded to 350 per day from the\u2026 [+1197 chars]"}, {"source": {"id": "the-times-of-india", "name": "The Times of India"}, "author": "ANI", "title": "Covid-19: MHA suspends travel, registration for Kartarpur", "description": "The Ministry of home affairs has temporarily suspended the travel and registration for Gurdwara Kartarpur Sahib in Pakistan from Monday. \"The travel and registration for Sri Kartarpur Sahib is temporarily suspended from 12 am March 16, 2020, till further orde\u2026", "url": "https://timesofindia.indiatimes.com/india/covid-19-mha-suspends-travel-registration-for-kartarpur/articleshow/74634226.cms", "urlToImage": "https://static.toiimg.com/thumb/msid-74634640,width-1070,height-580,imgsize-114544,resizemode-75,overlay-toi_sw,pt-32,y_pad-40/photo.jpg", "publishedAt": "2020-03-15T04:51:39Z", "content": "Copyright \u00a9 2020 Bennett, Coleman &amp; Co. Ltd. All rights reserved. For reprint rights: Times Syndication Service"}, {"source": {"id": "the-times-of-india", "name": "The Times of India"}, "author": "PTI", "title": "COVID-19: Paramilitary forces asked to keep quarantine camps ready, says MoS home", "description": "India News: HYDERABAD: All paramilitary forces, including the CRPF, the ITBP, and the BSF, have been advised to keep ready quarantine camps for COVID-19 suspects .", "url": "https://timesofindia.indiatimes.com/india/covid-19-paramilitary-forces-asked-to-keep-quarantine-camps-ready-says-mos-home/articleshow/74637096.cms", "urlToImage": "https://static.toiimg.com/thumb/msid-74637229,width-1070,height-580,imgsize-450474,resizemode-75,overlay-toi_sw,pt-32,y_pad-40/photo.jpg", "publishedAt": "2020-03-15T10:15:13Z", "content": "Copyright \u00a9 2020 Bennett, Coleman &amp; Co. Ltd. All rights reserved. For reprint rights: Times Syndication Service"}, {"source": {"id": "the-times-of-india", "name": "The Times of India"}, "author": "TNN", "title": "India brings back 1444 nationals from different Covid-19 infected countries", "description": "India News: NEW DELHI: India has evacuated 1444 nationals from different Covid-19 infected countries in the past weeks, sources said.", "url": "https://timesofindia.indiatimes.com/india/india-brings-back-1444-nationals-from-different-covid-19-infected-countries/articleshow/74642192.cms", "urlToImage": "https://static.toiimg.com/thumb/msid-47529300,width-1070,height-580,imgsize-110164,resizemode-75,overlay-toi_sw,pt-32,y_pad-40/photo.jpg", "publishedAt": "2020-03-15T17:31:12Z", "content": "Copyright \u00a9 2020 Bennett, Coleman &amp; Co. Ltd. All rights reserved. For reprint rights: Times Syndication Service"}, {"source": {"id": "the-times-of-india", "name": "The Times of India"}, "author": "ANI", "title": "Covid-19 reported from J&K, lockdown must be lifted immediately: Pakistan at Saarc video conference on coronavirus", "description": "India News: NEW DELHI: Pakistan on Sunday raised the Kashmir issue during a video conference with leaders of Saarc nations, saying that it is imperative that the .", "url": "https://timesofindia.indiatimes.com/india/covid-19-reported-from-jk-lockdown-must-be-lifted-immediately-pakistan-at-saarc-video-conference-on-coronavirus/articleshow/74639961.cms", "urlToImage": "https://static.toiimg.com/thumb/msid-74639962,width-1070,height-580,imgsize-142803,resizemode-75,overlay-toi_sw,pt-32,y_pad-40/photo.jpg", "publishedAt": "2020-03-15T14:10:56Z", "content": "Copyright \u00a9 2020 Bennett, Coleman &amp; Co. Ltd. All rights reserved. For reprint rights: Times Syndication Service"}, {"source": {"id": "the-times-of-india", "name": "The Times of India"}, "author": "TIMESOFINDIA.COM", "title": "COVID-19: Parineeti Chopra thanks the doctors", "description": "Parineeti Chopra is an avid social media user. Novel Coronavirus also called as COVID-19 has left everyone worried all around the world. Our B-town celebs, who are active on social media are sharing important information on social media and urging their fans \u2026", "url": "https://timesofindia.indiatimes.com/entertainment/hindi/bollywood/news/coronavirus-pandemic-parineeti-chopra-thanks-the-doctors-and-medical-staff-in-her-latest-post/articleshow/74635945.cms", "urlToImage": "https://static.toiimg.com/photo/msid-74635940/74635940.jpg?388817", "publishedAt": "2020-03-15T07:45:14Z", "content": null}, {"source": {"id": "the-times-of-india", "name": "The Times of India"}, "author": "IANS", "title": "COVID-19: Tom Hanks offers advice to fans", "description": "Hollywood star Tom Hanks has urged fans to take care of themselves and each other in his latest Instagram post, after testing positive for COVID-19.", "url": "https://timesofindia.indiatimes.com/entertainment/english/hollywood/news/covid-19-tom-hanks-offers-advice-to-fans-after-testing-positive/articleshow/74640199.cms", "urlToImage": "https://static.toiimg.com/photo/msid-74640253/74640253.jpg?117709", "publishedAt": "2020-03-15T14:35:55Z", "content": null}, {"source": {"id": "the-times-of-india", "name": "The Times of India"}, "author": "TIMESOFINDIA.COM", "title": "Covid-19 memes on Momoa take over the internet", "description": "The World Health Organisation has declared Coronavirus as Pandemic. The Coronavirus has led to the cancellation of various events, award functions, interviews and shooting schedules. Now, to spread awareness, WHO has started a new campaign titled 'Safe Hands'\u2026", "url": "https://timesofindia.indiatimes.com/entertainment/english/hollywood/news/coronavirus-memes-on-hollywood-actor-jason-momoas-take-over-the-internet/articleshow/74643798.cms", "urlToImage": "https://static.toiimg.com/photo/msid-74643849/74643849.jpg?66030", "publishedAt": "2020-03-15T22:43:03Z", "content": null}, {"source": {"id": "the-times-of-india", "name": "The Times of India"}, "author": "TIMESOFINDIA.COM", "title": "DP's productivity in the time of COVID-19", "description": "Deepika Padukone is very active on social media. A while ago, she shared pictures with empowering captions. Now, the actress took to her Instagram handle to give her fans a sneak-peek into her Sunday.", "url": "https://timesofindia.indiatimes.com/entertainment/hindi/bollywood/news/deepika-padukone-gives-a-sneak-peek-into-her-productivity-in-the-time-of-covid-19/articleshow/74639937.cms", "urlToImage": "https://static.toiimg.com/photo/msid-74639937/74639937.jpg?302999", "publishedAt": "2020-03-15T14:10:47Z", "content": null}, {"source": {"id": "the-times-of-india", "name": "The Times of India"}, "author": "PTI", "title": "Covid-19: Cine bodies to halt all productions", "description": "about their workers as well.This is a pandemic so everyone is.", "url": "https://timesofindia.indiatimes.com/entertainment/hindi/bollywood/news/coronavirus-cine-bodies-to-halt-all-productions-from-mar-19/articleshow/74642043.cms", "urlToImage": "https://static.toiimg.com/photo/msid-74642095/74642095.jpg?40187", "publishedAt": "2020-03-15T17:20:12Z", "content": "To contain the spread of novel coronavirus, film bodies in India including Federation of Western Indian Cine Employees (FWICE), Indian Film &amp; Television Directors' Association (IFTDA) and Producers Guild of India on Sunday decided to put shootings of film\u2026 [+4309 chars]"}, {"source": {"id": "the-times-of-india", "name": "The Times of India"}, "author": "ANI", "title": "Dua urges fans to donate for COVID-19 crisis", "description": "The 24-year-old singer took to Twitter to spread the word about the global pandemic.", "url": "https://timesofindia.indiatimes.com/entertainment/english/music/news/dua-lipa-urges-fans-to-donate-for-coronavirus-crisis/articleshow/74643884.cms", "urlToImage": "https://static.toiimg.com/photo/msid-74643885/74643885.jpg?138982", "publishedAt": "2020-03-15T23:01:54Z", "content": null}, {"source": {"id": "the-times-of-india", "name": "The Times of India"}, "author": "TNN", "title": "Delhi authorities get power to seal areas over Covid-19", "description": "The regulations give officials the power to take \u201ccoercive action\u201d against any person if he refuses to \u201ccooperate\u201d with the authorities. \u201cAction will be taken against any suspect/confirmed case if they refuse to take measures for prevention/treatment,\u201d it sta\u2026", "url": "https://economictimes.indiatimes.com/news/politics-and-nation/delhi-authorities-get-power-to-seal-areas-over-covid-19/articleshow/74634715.cms", "urlToImage": "https://img.etimg.com/thumb/msid-74634046,width-1070,height-580,imgsize-527975,overlay-economictimes/photo.jpg", "publishedAt": "2020-03-15T05:22:27Z", "content": "NEW DELHI: A day after Delhi government declared Covid-19 an epidemic, lieutenant governor Anil Baijal on Friday issued Delhi Epidemic Disease Covid-19 Regulations 2020 to contain the spread of the novel coronavirus in the capital.\r\nThe regulations give offic\u2026 [+1667 chars]"}, {"source": {"id": "the-times-of-india", "name": "The Times of India"}, "author": "AP", "title": "Covid-19: Countries around the world announce more virus restrictions", "description": "Authorities around the world turned to increasingly drastic measures to try to slow the spread of the new coronavirus Sunday, with lockdowns, curfews and travel restrictions spreading.", "url": "https://economictimes.indiatimes.com/news/international/world-news/covid-19-countries-around-the-world-announce-more-virus-restrictions/articleshow/74635713.cms", "urlToImage": "https://img.etimg.com/thumb/msid-74635712,width-1070,height-580,imgsize-311711,overlay-economictimes/photo.jpg", "publishedAt": "2020-03-15T07:34:37Z", "content": "BARCELONA: Authorities around the world turned to increasingly drastic measures to try to slow the spread of the new coronavirus Sunday, with lockdowns, curfews and travel restrictions spreading.\r\nSoldiers and police sealed the densely populated Philippine ca\u2026 [+7768 chars]"}, {"source": {"id": "the-times-of-india", "name": "The Times of India"}, "author": "Ratna Bhushan", "title": "Covid-19 fear: Restaurants warn of likely shutdowns", "description": "Anurag Katriar, president of the National Restaurant Association of India (NRAI), said the situation is extraordinary and could lead to possible shutdowns and job losses.", "url": "https://economictimes.indiatimes.com/industry/services/hotels-/-restaurants/restaurants-warn-of-likely-shutdowns/articleshow/74642557.cms", "urlToImage": "https://img.etimg.com/thumb/msid-74644927,width-1070,height-580,imgsize-817150,overlay-economictimes/photo.jpg", "publishedAt": "2020-03-15T23:15:29Z", "content": "New Delhi: Restaurateurs have warned of possible shutdowns of outlets and job losses while mall owners have offered \u201cmarketing support\u201d to retailers even as malls are being shut down across cities on Covid-19 fear and restaurants report up to 40% fall in reve\u2026 [+434 chars]"}, {"source": {"id": "the-times-of-india", "name": "The Times of India"}, "author": "ET Bureau", "title": "Covid-19 impact: Film, serial shootings halted till March 31", "description": "Film and show producers have been given three days, till March 19, to pack up their shooting across India and overseas locations. Also, the call on restarting shootings will be taken on March 30, after considering the prevailing situation, the associations sa\u2026", "url": "https://economictimes.indiatimes.com/industry/media/entertainment/media/film-serial-shootings-halted-till-march-31/articleshow/74642704.cms", "urlToImage": "https://img.etimg.com/thumb/msid-74646753,width-1070,height-580,imgsize-299120,overlay-economictimes/photo.jpg", "publishedAt": "2020-03-15T23:25:30Z", "content": "Mumbai: The Indian film and television industry has decided to halt shooting for films, TV and web shows from March 19 to 31. A call on restarting shooting will be taken at the end of the month.\r\nA decision to this effect was taken here on Sunday during an em\u2026 [+1293 chars]"}, {"source": {"id": "the-times-of-india", "name": "The Times of India"}, "author": "Gaurav Laghate", "title": "Covid-19: Decision still pending on the fate of IPL 2020", "description": "The prospects of a full-fledged 13th edition of the Indian Premier League are becoming bleaker by day, as the number of Covid-19 patients is increasing in the country and states are taking stringent measures to counter the spread of the disease.", "url": "https://economictimes.indiatimes.com/news/sports/decision-still-pending-on-the-fate-of-ipl-13/articleshow/74642699.cms", "urlToImage": "https://img.etimg.com/thumb/msid-74644288,width-1070,height-580,imgsize-1052392,overlay-economictimes/photo.jpg", "publishedAt": "2020-03-15T23:25:20Z", "content": "Mumbai: The prospects of a full-fledged 13th edition of the Indian Premier League are becoming bleaker by day, as the number of Covid-19 patients is increasing in the country and states are taking stringent measures to counter the spread of the disease.\r\nSour\u2026 [+2705 chars]"}, {"source": {"id": "the-times-of-india", "name": "The Times of India"}, "author": "Dipanjan Roy Chaudhury", "title": "PM Modi's Covid-19 video-conference reasserts India's leadership role in South Asia", "description": "While this move may not immediately help remove the impasse in the bloc, it would enable to counter Pakistan's propaganda and the Sino-Pak axis that sought to undermine India\u2019s global role after the moves in Kashmir last August. It is also expected help to he\u2026", "url": "https://economictimes.indiatimes.com/news/politics-and-nation/et-analysis-pms-covid-19-video-conference-reasserts-indias-leadership-role-in-south-asia/articleshow/74640487.cms", "urlToImage": "https://img.etimg.com/thumb/msid-74640497,width-1070,height-580,imgsize-169030,overlay-economictimes/photo.jpg", "publishedAt": "2020-03-15T15:21:49Z", "content": "Prime Minister Narendra Modi\u2019s move to convene a video conference of SAARC states to work out a joint strategy to fight the coronavirus outbreak is seen as a masterstroke to reassert India's leadership in South Asia, amid Chinese inroads and Pakistan\u2019s effort\u2026 [+3277 chars]"}, {"source": {"id": "the-times-of-india", "name": "The Times of India"}, "author": "PTI", "title": "Covid-19: Over 230 Indians evacuated from Iran, quarantined at Army wellness centre in Jaisalmer", "description": "While External Affairs Minister S Jaishankar said that a total of 234 Indians have been evacuated from Iran, defence spokesperson Col Sombit Ghosh said, \"236 persons have landed in Jaisalmer by two Air India flights this morning.\" \"234 Indians stranded in Ira\u2026", "url": "https://economictimes.indiatimes.com/news/politics-and-nation/covid-19-over-230-indians-evacuated-from-iran-quarantined-at-army-wellness-centre-in-jaisalmer/articleshow/74634306.cms", "urlToImage": "https://img.etimg.com/thumb/msid-74634311,width-1070,height-580,imgsize-51827,overlay-economictimes/photo.jpg", "publishedAt": "2020-03-15T04:27:45Z", "content": "JAISALMER: Two Air India flights carrying over 230 Indians from coronavirus-hit Iran landed here on Sunday morning and the passengers have been quarantined at the Indian Army Wellness Centre at Jaisalmer.\r\nWhile External Affairs Minister S Jaishankar said tha\u2026 [+1375 chars]"}, {"source": {"id": "the-times-of-india", "name": "The Times of India"}, "author": "PTI", "title": "COVID-19 impact: Kiren Rijiju and IOA delegation's visit to Tokyo cancelled", "description": "Besides Kiren Rijiju, the other members of the delegation included Indian Olympic Association president Narinder Batra, secretary-general Rajeev Mehta, Boxing Federation of India president Ajay Singh, sports secretary Radhey Shyam Julaniya and Sports Authorit\u2026", "url": "https://economictimes.indiatimes.com/news/sports/covid-19-impact-kiren-rijiju-and-ioa-delegations-visit-to-tokyo-cancelled/articleshow/74638594.cms", "urlToImage": "https://img.etimg.com/thumb/msid-74638594,width-1070,height-580,imgsize-674932,overlay-economictimes/photo.jpg", "publishedAt": "2020-03-15T12:27:57Z", "content": "NEW DELHI: The visit of a high-powered delegation comprising Sports Minister Kiren Rijiju and top IOA officials to Tokyo later this month to look into India's logistical preparedness for the Olympics has been put on hold in view of the COVID-19 pandemic. The \u2026 [+2225 chars]"}, {"source": {"id": "the-times-of-india", "name": "The Times of India"}, "author": "ET Online and Agencies", "title": "1st and 2nd confirmatory tests for Covid-19 are free for all citizens: Health Ministry", "description": "If you have symptoms or have travelled to countries with coronavirus cases such as Italy and China, you should call to govt helpline number: 011-2397 8046. The helpline service will note down your contact details and contact you with the testing protocols of \u2026", "url": "https://economictimes.indiatimes.com/news/politics-and-nation/1st-and-2nd-confirmatory-tests-for-covid-19-are-free-for-all-citizens-health-ministry/articleshow/74638547.cms", "urlToImage": "https://img.etimg.com/thumb/msid-74638553,width-1070,height-580,imgsize-117863,overlay-economictimes/photo.jpg", "publishedAt": "2020-03-15T12:22:34Z", "content": "As novel coronavirus cases crossed the 100 mark in India, the Health Ministry today announced that the first and second confirmatory tests for COVID-19 has been made free for all citizens.\r\nSanjeeva Kumar, Special Secretary, Ministry of Health, was quoted by \u2026 [+961 chars]"}, {"source": {"id": "the-times-of-india", "name": "The Times of India"}, "author": "Reuters", "title": "Covid-19: Australia to impose 14-day self-isolation for all international arrivals", "description": "Australia will impose 14-day self-isolation on international travellers arriving from midnight Sunday and ban cruise ships from foreign ports for 30 days, mirroring restrictions in nearby New Zealand aimed at slowing the spread of the coronavirus.", "url": "https://economictimes.indiatimes.com/news/international/world-news/covid-19-australia-to-impose-14-day-self-isolation-for-all-international-arrivals/articleshow/74634787.cms", "urlToImage": "https://img.etimg.com/thumb/msid-74634790,width-1070,height-580,imgsize-716648,overlay-economictimes/photo.jpg", "publishedAt": "2020-03-15T05:37:24Z", "content": "SYDNEY: Australia will impose 14-day self-isolation on international travellers arriving from midnight Sunday and ban cruise ships from foreign ports for 30 days, mirroring restrictions in nearby New Zealand aimed at slowing the spread of the coronavirus.\r\nAu\u2026 [+2684 chars]"}, {"source": {"id": "the-times-of-india", "name": "The Times of India"}, "author": "TNN", "title": "Covid-19 scare: RSS cancels Bengaluru meet", "description": "The annual three-day meeting of the Akhil Bharatiya Pratinidhi Sabha (ABPS), the highest decision-making body of the Rashtriya Swayamsevak Sangh (RSS), scheduled to start from Sunday, was cancelled at the last minute in view of the Covid-19 scare.", "url": "https://timesofindia.indiatimes.com/city/bengaluru/covid-19-scare-rss-cancels-bengaluru-meet/articleshow/74636624.cms", "urlToImage": "https://static.toiimg.com/thumb/msid-74636638,width-1070,height-580,imgsize-351293,resizemode-75,overlay-toi_sw,pt-32,y_pad-40/photo.jpg", "publishedAt": "2020-03-15T09:16:41Z", "content": "Copyright \u00a9 2020 Bennett, Coleman &amp; Co. Ltd. All rights reserved. For reprint rights: Times Syndication Service"}, {"source": {"id": "the-times-of-india", "name": "The Times of India"}, "author": "PTI", "title": "Covid-19: 16 home quarantined in Kalaburagi", "description": "BENGALURU: Sixteen people with a travel history abroad have been home quarantined in Kalaburagi district, Karnataka health minister B Sriramulu said i.", "url": "https://timesofindia.indiatimes.com/city/bengaluru/coronvirus-in-karnataka-16-people-home-quarantined-in-kalaburagi-district/articleshow/74638886.cms", "urlToImage": "https://static.toiimg.com/thumb/msid-74638878,width-1070,height-580,imgsize-55380,resizemode-75,overlay-toi_sw,pt-32,y_pad-40/photo.jpg", "publishedAt": "2020-03-15T12:34:53Z", "content": "Copyright \u00a9 2020 Bennett, Coleman &amp; Co. Ltd. All rights reserved. For reprint rights: Times Syndication Service"}, {"source": {"id": "the-times-of-india", "name": "The Times of India"}, "author": "Teena Thacker", "title": "ICMR intensifies random testing to check for covid-19", "description": "Each of the 51 Indian Council of Medical Research (ICMR) laboratories is to test 10 such samples every week. The exercise began on March 15. Before this, the ICMR had picked up 20 samples and tested them at 13 labs to check for community transmission between \u2026", "url": "https://economictimes.indiatimes.com/news/politics-and-nation/icmr-intensifies-random-testing-to-check-for-covid-19/articleshow/74643047.cms", "urlToImage": "https://img.etimg.com/thumb/msid-74644232,width-1070,height-580,imgsize-743350,overlay-economictimes/photo.jpg", "publishedAt": "2020-03-15T22:45:50Z", "content": "NEW DELHI: With Covid-19 cases increasing, India\u2019s apex medical body is intensifying the random sampling of people who display flu-like symptoms but don\u2019t have any history of travel to outbreak zones to determine whether community transmission is taking place\u2026 [+3068 chars]"}, {"source": {"id": "the-times-of-india", "name": "The Times of India"}, "author": "TNN", "title": "Covid-19: Maha expands healthcare facilities", "description": "With one more patient with positive coronavirus identified in Maharashtra, minister for public health Rajesh Tope has confirmed that the total count h", "url": "https://timesofindia.indiatimes.com/city/mumbai/with-covid-19-count-at-32-maharashtra-expands-healthcare-facilities/articleshow/74639166.cms", "urlToImage": "https://static.toiimg.com/thumb/msid-74639178,width-1070,height-580,imgsize-55380,resizemode-75,overlay-toi_sw,pt-32,y_pad-40/photo.jpg", "publishedAt": "2020-03-15T13:03:09Z", "content": "Copyright \u00a9 2020 Bennett, Coleman &amp; Co. Ltd. All rights reserved. For reprint rights: Times Syndication Service"}, {"source": {"id": "the-times-of-india", "name": "The Times of India"}, "author": "PTI", "title": "Queen shifted out of Buckingham Palace amid COVID-19 crisis", "description": "The 93-year-old monarch and her 98-year-old husband, Prince Philip, are likely to be placed in quarantine at the royal Sandringham Estate in Norfolk in the coming weeks as tougher measures are put in place to fight the coronavirus outbreak in the UK affecting\u2026", "url": "https://economictimes.indiatimes.com/news/international/world-news/queen-shifted-out-of-buckingham-palace-amid-covid-19-crisis/articleshow/74637162.cms", "urlToImage": "https://img.etimg.com/thumb/msid-74637191,width-1070,height-580,imgsize-87726,overlay-economictimes/photo.jpg", "publishedAt": "2020-03-15T10:27:25Z", "content": "LONDON: Queen Elizabeth II has been shifted out of Buckingham Palace in London to Windsor Castle as the UK plans for isolation measures for people over 70 amid the country's death toll from COVID-19 hitting 21, nearly doubling from 11 within a day. \r\nThe 93-y\u2026 [+4769 chars]"}, {"source": {"id": "the-times-of-india", "name": "The Times of India"}, "author": "PTI", "title": "Covid-19 impact: Coal import declines 14% to 17 million tonnes in February", "description": "India's coal imports registered a decline of 14.1 per cent to 17.01 million tonnes (MT) in February in the wake of the coronavirus outbreak, as per industry data.", "url": "https://economictimes.indiatimes.com/industry/indl-goods/svs/metals-mining/covid-19-impact-coal-import-declines-14-to-17-million-tonnes-in-february/articleshow/74635015.cms", "urlToImage": "https://img.etimg.com/thumb/msid-74635007,width-1070,height-580,imgsize-932638,overlay-economictimes/photo.jpg", "publishedAt": "2020-03-15T06:04:50Z", "content": "NEW DELHI: India's coal imports registered a decline of 14.1 per cent to 17.01 million tonnes (MT) in February in the wake of the coronavirus outbreak, as per industry data.\r\nThe country's coal imports in February last year stood at 19.82 MT, according to a p\u2026 [+1440 chars]"}, {"source": {"id": "the-times-of-india", "name": "The Times of India"}, "author": "Anumeha Chaturvedi", "title": "Covid-19 impact: Luxury hotels slash room rates, adopt cost-cutting measures", "description": "Some hotel chains ET spoke with said they are shutting down floors that are not occupied, cutting down on staff in hotels and encouraging them to go on leave, and reducing the number of buffet spreads in restaurants to keep costs down, as guests cut back on t\u2026", "url": "https://economictimes.indiatimes.com/industry/services/hotels-/-restaurants/luxury-hotels-slash-room-rates-adopt-cost-cutting-measures/articleshow/74642551.cms", "urlToImage": "https://img.etimg.com/thumb/msid-74644847,width-1070,height-580,imgsize-471061,overlay-economictimes/photo.jpg", "publishedAt": "2020-03-15T23:15:24Z", "content": "New Delhi: As booking cancellations over Covid-19 concerns rock the hospitality industry, some luxury hotels in India are slashing room rates and introducing cost-cutting measures to weather the crisis.\r\nSome hotel chains ET spoke with said they are shutting \u2026 [+1778 chars]"}, {"source": {"id": "the-times-of-india", "name": "The Times of India"}, "author": "Prasad RS", "title": "COVID-19 scare: Anand forced to extend stay in Germany", "description": "Chess News: The outbreak of coronavirus has brought all sporting events across the world to a screeching halt, including chess tournaments.", "url": "https://timesofindia.indiatimes.com/sports/chess/covid-19-scare-anand-forced-to-extend-stay-in-germany/articleshow/74641904.cms", "urlToImage": "https://static.toiimg.com/thumb/msid-74641910,width-1070,height-580,imgsize-1676403,resizemode-75,overlay-toi_sw,pt-32,y_pad-40/photo.jpg", "publishedAt": "2020-03-15T17:11:00Z", "content": "CHENNAI: The outbreak of coronavirus has brought all sporting events across the world to a screeching halt, including chess tournaments. Five-time world champion Viswanathan Anand, who was playing for SC Baden OOO in the Bundesliga Chess, was scheduled to ret\u2026 [+1893 chars]"}, {"source": {"id": "the-times-of-india", "name": "The Times of India"}, "author": "TNN", "title": "Covid-19: One more in Kalaburagi tests positive", "description": "The number of Covid-19 positive cases rose to seven in Karnataka on Sunday after samples of one of the family members of India' first coronavirus victim in Kalaburagi tested positive.", "url": "https://timesofindia.indiatimes.com/city/hubballi/karnataka-family-member-of-kalaburagi-victim-tests-positive-for-covid-19/articleshow/74639844.cms", "urlToImage": "https://static.toiimg.com/thumb/msid-74639852,width-1070,height-580,imgsize-1381767,resizemode-75,overlay-toi_sw,pt-32,y_pad-40/photo.jpg", "publishedAt": "2020-03-15T14:01:47Z", "content": null}, {"source": {"id": "the-times-of-india", "name": "The Times of India"}, "author": "Lijee Philip", "title": "Covid-19 and slowdown bug India Inc's hiring speed", "description": "HR heads of various corporates ET spoke with said overall recruitment levels are very likely to drop with business slowing down globally on account of Covid-19 and restrictions on travel even as companies are monitoring the situation closely.", "url": "https://economictimes.indiatimes.com/news/company/corporate-trends/india-inc-slows-down-hiring/articleshow/74642548.cms", "urlToImage": "https://img.etimg.com/thumb/msid-74644750,width-1070,height-580,imgsize-844517,overlay-economictimes/photo.jpg", "publishedAt": "2020-03-15T23:15:06Z", "content": "Mumbai: India Inc is going slow on fresh recruitment, opting to fill up only necessary and critical positions, with the Covid-19 bug turning into a pandemic and the Indian economy caught in a prolonged slowdown.\r\nHR heads of various corporates ET spoke with s\u2026 [+3170 chars]"}, {"source": {"id": "the-times-of-india", "name": "The Times of India"}, "author": "TNN", "title": "Mumbai: 1,200 hoardings to display Covid-19 info", "description": "Amid the scare over the spread of Covid-19 in the city, the BMC has written to all licensed hoarding owners that they must only display awareness messages about coronavirus for 10 days starting March 16 up to March 25. The civic body plans to take stern actio\u2026", "url": "https://timesofindia.indiatimes.com/city/mumbai/mumbai-run-10-day-campaign-or-face-action-advertisers-told/articleshow/74643927.cms", "urlToImage": "https://static.toiimg.com/thumb/msid-74643980,width-1070,height-580,imgsize-222180,resizemode-75,overlay-toi_sw,pt-32,y_pad-40/photo.jpg", "publishedAt": "2020-03-15T23:53:58Z", "content": "Copyright \u00a9 2020 Bennett, Coleman &amp; Co. Ltd. All rights reserved. For reprint rights: Times Syndication Service"}, {"source": {"id": "the-times-of-india", "name": "The Times of India"}, "author": "TNN", "title": "Covid-19: Mumbai hosps see fall in OPD numbers", "description": "Mounting fear of coronavirus combined with visa restrictions has impacted the footfall across city hospitals in the past one week. Mid-level to major private hospitals have told TOI that planned surgeries have seen upto 30% decline, while outpatient numbers a\u2026", "url": "https://timesofindia.indiatimes.com/city/mumbai/covid-19-in-mumbai-hospitals-see-30-per-cent-drop-in-operations-fall-in-opd-numbers/articleshow/74636661.cms", "urlToImage": "https://static.toiimg.com/thumb/msid-74636677,width-1070,height-580,imgsize-168748,resizemode-75,overlay-toi_sw,pt-32,y_pad-40/photo.jpg", "publishedAt": "2020-03-15T09:16:18Z", "content": "Copyright \u00a9 2020 Bennett, Coleman &amp; Co. Ltd. All rights reserved. For reprint rights: Times Syndication Service"}, {"source": {"id": "the-times-of-india", "name": "The Times of India"}, "author": "Lijee Philip", "title": "Covid-19 outbreak: Auto companies to move Supreme Court for more time to register BS-IV vehicles", "description": "The auto industry has been going through its worst sales slowdown for more than a year now. With the country switching to BS-VI emission standards on April 1, they have just over two weeks to clear BS-IV stocks, which remain large, especially for two-wheelers\u2026", "url": "https://economictimes.indiatimes.com/industry/auto/auto-news/cos-to-move-sc-for-more-time-to-register-bs-iv-vehicles/articleshow/74642702.cms", "urlToImage": "https://img.etimg.com/thumb/msid-74644347,width-1070,height-580,imgsize-555270,overlay-economictimes/photo.jpg", "publishedAt": "2020-03-15T23:25:38Z", "content": "Mumbai: The industry bodies of automobile manufacturers and dealers are looking at approaching the Supreme Court again seeking an extension to the deadline beyond which they cannot sell Bharat Stage-IV vehicles, because they say the Covid-19 outbreak has furt\u2026 [+1361 chars]"}, {"source": {"id": "the-times-of-india", "name": "The Times of India"}, "author": "Ishani Duttagupta and Anjali Venugopalan", "title": "Indians at the covid epicentre: Locked out, confused & waiting to come home", "description": "Many students ET spoke with feared they would be left to the mercy of the already-overburdened Italian healthcare system if they test positive. The ministry of external affairs, though, confirmed regular evacuations. On Sunday, 218 Indians \u2014 including 211 stu\u2026", "url": "https://economictimes.indiatimes.com/news/politics-and-nation/indians-at-epicentre-locked-out-confused-waiting-to-come-home/articleshow/74642732.cms", "urlToImage": "https://img.etimg.com/thumb/msid-74644302,width-1070,height-580,imgsize-655615,overlay-economictimes/photo.jpg", "publishedAt": "2020-03-15T23:27:30Z", "content": "NEW DELHI: Some stories of Indians stuck in the locked-down Covid-19 epicentres of Italy and Iran read like a cruel turn of fate. Their wait for the Indian government\u2019s evacuation operation gets agonising by the day, the problem compounded by their sheer numb\u2026 [+5930 chars]"}, {"source": {"id": "the-times-of-india", "name": "The Times of India"}, "author": "Anuj Tiwari", "title": "24 Images Show How Coronavirus Fear Grips India After WHO Declared COVID-19 Outbreak A Pandemic", "description": "The total number of confirmed Coronavirus cases in India is 106, Maharastra has reported the highest number of cases i.e. 31. Keeping in mind the spread of coronavirus in India many state governments have passed a directive to shut down schools, colleges and \u2026", "url": "https://www.indiatimes.com/trending/social-relevance/24-images-show-how-coronavirus-fears-grip-all-across-the-india-as-who-declared-the-covid-19-outbreak-a-pandemic-508429.html", "urlToImage": "https://im.indiatimes.in/photogallery/2020/Mar/fb_5e6dd8a9a8061.jpg", "publishedAt": "2020-03-15T06:59:39Z", "content": "The total number of confirmed Coronavirus cases in India have reached 106. Maharastra has reported the highest number of cases i.e. 31. Keeping in mind the spread of coronavirus in India, many state governments have passed a directive to shut down schools, co\u2026 [+3820 chars]"}, {"source": {"id": "the-times-of-india", "name": "The Times of India"}, "author": "Aishwarya Dharni", "title": "'Corona Pyaar Hai' Bollywood Is Registering Some Pretty Dangerous Film Titles Around COVID-19", "description": "If you know Bollywood, you would know that it does not let go of a single opportunity to make a movie on anything and everything. The latest addition to this bundle of questionable ideas is the pandemic COVID-19 that has taken over our world. So, while the lo\u2026", "url": "https://www.indiatimes.com/trending/social-relevance/coronavirus-has-hit-bollywood-since-film-titles-around-the-virus-are-being-registered-508439.html", "urlToImage": "https://im.indiatimes.in/content/2020/Mar/corona_5e6e0c24c7d83.PNG", "publishedAt": "2020-03-15T10:49:37Z", "content": "If you know Bollywood, you would know that it does not let go of a single opportunity to make a movie. The latest addition to this bundle of questionable ideas is the pandemic COVID-19, that has taken over our world. So, while the lot of us are keeping a low \u2026 [+1402 chars]"}, {"source": {"id": "the-times-of-india", "name": "The Times of India"}, "author": "Aishwarya Dharni", "title": "From Politicians To Actors, Here Is A List Of Celebrities Who Tested Positive For COVID-19", "description": "Health and government officials of the infected countries are trying their best to contain the virus from spreading any further but those who have been cursed with the infection already are plenty. Even celebrities are not safe from the virus and many have be\u2026", "url": "https://www.indiatimes.com/trending/social-relevance/from-politicians-to-actors-here-is-a-list-of-celebrities-who-tested-positive-for-covid-19-508452.html", "urlToImage": "https://im.indiatimes.in/content/2020/Mar/celebritiesCOVID-19_5e6e246fb7f25.jpg", "publishedAt": "2020-03-15T11:32:17Z", "content": "First detected in the Chinese province Wuhan, coronavirus has now spread to 135 countries. Declared as a pandemic, it has claimed the lives of thousands, while leaving lakhs infected around the world.\r\nHealth and government officials of the infected countries\u2026 [+2353 chars]"}, {"source": {"id": "the-times-of-india", "name": "The Times of India"}, "author": "Somak Adhikari", "title": "Older People Have Higher Risk Of Death Due To COVID-19, According To China CDC", "description": "Coronavirus is now a pandemic and is spreading like wildfire across the world. Originating in Wuhan, China, the disease has now claimed the lives of over 5000 people and more than 150,000 people are affected. It has had an impact on the markets, travel, sport\u2026", "url": "https://www.indiatimes.com/news/world/the-older-you-are-the-higher-the-chances-of-dying-due-to-coronavirus-508440.html", "urlToImage": "https://im.indiatimes.in/content/2020/Mar/FBImage_5e6e0f40587c1.jpg", "publishedAt": "2020-03-15T10:52:32Z", "content": "Coronavirus is now a pandemic and is spreading like wildfire across the world. Originating in Wuhan, China, the disease has now claimed the lives of over 5,000 people and more than 150,000 people have been affected. It has had an impact on the markets, travel\u2026 [+1325 chars]"}, {"source": {"id": "the-times-of-india", "name": "The Times of India"}, "author": "Indiatimes", "title": "1,56,745 COVID-19 Cases, 5,839 Deaths & Counting Worldwide; Spain Latest Epicentre After Italy", "description": "The global death toll due to the novel coronavirus has crossed 5,600 with more than 1,55,000 cases. The spike in infections in Italy and Spain led to the tally rising manifold,", "url": "https://www.indiatimes.com/news/world/coronavirus-156745-cases-5839-deaths-counting-worldwide-spain-latest-epicentre-after-italy-508411.html", "urlToImage": "https://im.indiatimes.in/content/2020/Mar/italy_5e6c7665c40d7.jpg", "publishedAt": "2020-03-15T04:55:43Z", "content": "The global death toll due to the novel coronavirus has crossed 5,600 with more than 1,55,000 cases. The spike in infections in Italy and Spain led to the tally rising manifold,\r\nItaly announced 3,497 new cases on Saturday, bringing the global total to 1,51,79\u2026 [+1064 chars]"}, {"source": {"id": "the-times-of-india", "name": "The Times of India"}, "author": "Aishwarya Dharni", "title": "Who Is South Korea's 'Patient 31', Who's Apparently The Reason For Increasing COVID-19 Cases?", "description": "Anyway, the situation in South Korea wasn't as bad in February as it is presently. As the country is battling to prevent the spread of the coronavirus, the involvement of a religious group has come under the radar. The East Asian nation has reported a total o\u2026", "url": "https://www.indiatimes.com/trending/social-relevance/patient-31-in-south-korea-is-apparently-the-reason-for-its-increasing-covid-19-cases-508454.html", "urlToImage": "https://im.indiatimes.in/content/2020/Mar/health-coronavirus-southkorea_5e6e2f7720e14.jpg", "publishedAt": "2020-03-15T12:41:37Z", "content": "Unlike North Korea, South Korea does not believe in shooting COVID-19 infected patients and for good reason. (Good reason: humanity)\r\nAnyway, the situation in South Korea wasn't as bad in February as it is presently. As the country is battling to prevent the \u2026 [+2447 chars]"}, {"source": {"id": "the-times-of-india", "name": "The Times of India"}, "author": "Lijee Philip", "title": "Covid-19 and slowdown bug India Inc's hiring speed", "description": "HR heads of various corporates ET spoke with said overall recruitment levels are very likely to drop with business slowing down globally on account of Covid-19 and restrictions on travel even as companies are monitoring the situation closely.", "url": "https://economictimes.indiatimes.com/news/company/corporate-trends/india-inc-slows-down-hiring/articleshow/74645281.cms", "urlToImage": "https://img.etimg.com/thumb/msid-74644750,width-1070,height-580,imgsize-844517,overlay-economictimes/photo.jpg", "publishedAt": "2020-03-15T23:15:06Z", "content": "Mumbai: India Inc is going slow on fresh recruitment, opting to fill up only necessary and critical positions, with the Covid-19 bug turning into a pandemic and the Indian economy caught in a prolonged slowdown.\r\nHR heads of various corporates ET spoke with s\u2026 [+3170 chars]"}, {"source": {"id": "the-times-of-india", "name": "The Times of India"}, "author": null, "title": "No sporting solace to get through COVID-19 mayhem: what do we do? wonder fans", "description": "\"What am I supposed to do now?\" was a question many sports fans were asking on social media after the COVID-19 pandemic caused an unprecedented suspension of on-field action all over the world. Before the coronavirus crisis caused mass cancellations and postp\u2026", "url": "https://timesofindia.indiatimes.com/sports/more-sports/others/no-sporting-solace-to-get-through-covid-19-mayhem-what-do-we-do-wonder-fans/articleshow/74640188.cms", "urlToImage": "https://static.toiimg.com/thumb/msid-74640289,width-1070,height-580,imgsize-1723187,resizemode-75,overlay-toi_sw,pt-32,y_pad-40/photo.jpg", "publishedAt": "2020-03-15T14:42:01Z", "content": null}, {"source": {"id": "the-times-of-india", "name": "The Times of India"}, "author": null, "title": "From Lucknow to SA via Kolkata: Proteas' route in times of COVID-19", "description": "For their journey back home from Lucknow, the South African cricketers have chosen \"safest city\" Kolkata as their stopover, from where they will return to their country via Dubai.", "url": "https://timesofindia.indiatimes.com/sports/cricket/south-africa-in-india/from-lucknow-to-south-africa-via-kolkata-dubai-proteas-route-in-times-of-covid-19/articleshow/74638868.cms", "urlToImage": "https://static.toiimg.com/thumb/msid-74638877,width-1070,height-580,imgsize-1976954,resizemode-75,overlay-toi_sw,pt-32,y_pad-40/photo.jpg", "publishedAt": "2020-03-15T12:32:07Z", "content": "KOLKATA: For their journey back home from Lucknow, the South African cricketers have chosen \"safest city\" Kolkata as their stopover, from where they will return to their country via Dubai.\r\nAt a time when the COVID-19 pandemic has wreaked havoc on the world, \u2026 [+1331 chars]"}, {"source": {"id": "the-times-of-india", "name": "The Times of India"}, "author": null, "title": "MS Dhoni leaves Chennai as COVID-19 puts IPL on hold", "description": "With the Indian Premier League (IPL) being postponed till April 15 due to the coronavirus outbreak, Chennai's date with MS Dhoni was cut short as the captain of Chennai Super Kings (CSK) left the base amid huge fanfare.", "url": "https://timesofindia.indiatimes.com/sports/cricket/ipl/top-stories/ms-dhoni-leaves-chennai-as-covid-19-puts-ipl-on-hold/articleshow/74635429.cms", "urlToImage": "https://static.toiimg.com/thumb/msid-74635484,width-1070,height-580,imgsize-1116676,resizemode-75,overlay-toi_sw,pt-32,y_pad-40/photo.jpg", "publishedAt": "2020-03-15T06:44:49Z", "content": null}, {"source": {"id": "the-times-of-india", "name": "The Times of India"}, "author": "Aishwarya Dharni", "title": "This Photo Of An Exhausted Italian Nurse Is An Eye-Opener To The COVID-19 Crisis In Italy", "description": "Health officials are at the biggest risk of contracting the virus from a patient and a photo of an Italian nurse slumped over her desk is proof of the mental and physical toll it is taking on them. The photo was shared by Francesca Mangiatordi on Facebook. Th\u2026", "url": "https://www.indiatimes.com/trending/social-relevance/photo-exhausted-italian-nurse-covid-19-coronavirus-crisis-italy-508421.html", "urlToImage": "https://im.indiatimes.in/content/2020/Mar/italiannurse_5e6dc95488873.jpg", "publishedAt": "2020-03-15T05:37:37Z", "content": "As the number of\u00a0COVID-19-infected people continues to go up, we can only imagine how daunting it must be, for the people on the front lines - doctors and nurses who are working hard day and night, to quarantine and cure people.\u00a0\r\nHealth officials are possibl\u2026 [+1884 chars]"}, {"source": {"id": "the-times-of-india", "name": "The Times of India"}, "author": "TNN", "title": "Covid-19 scare: Agra DM wants FIR against Bengaluru techie's wife - Times of India", "description": "A day after Bengaluru-based techie's wife tested positive for Covid-19 at Aligarh medical college and was put in an isolation ward while her family me", "url": "https://timesofindia.indiatimes.com/city/agra/covid-19-scare-agra-dm-wants-fir-against-bengaluru-techies-wife/articleshow/74633523.cms", "urlToImage": "https://static.toiimg.com/thumb/msid-74633664,width-1070,height-580,imgsize-191874,resizemode-75,overlay-toi_sw,pt-32,y_pad-40/photo.jpg", "publishedAt": "2020-03-15T03:35:36Z", "content": "Copyright \u00a9 2020 Bennett, Coleman &amp; Co. Ltd. All rights reserved. For reprint rights: Times Syndication Service"}]}