{"status": "ok", "totalResults": 50, "articles": [{"source": {"id": "the-times-of-india", "name": "The Times of India"}, "author": "Times Of India", "title": "Haryana govt doubles pay of Covid-19 fighters", "description": "In a significant move, the Haryana government on Thursday announced it will double the salaries of its health department employees involved in treatment of Covid-19 positive patients and related activities.", "url": "https://timesofindia.indiatimes.com/city/chandigarh/haryana-doubles-salaries-of-frontline-health-dept-staff/articleshow/75074462.cms", "urlToImage": "https://static.toiimg.com/thumb/msid-75076438,width-1070,height-580,imgsize-77314,resizemode-75,overlay-toi_sw,pt-32,y_pad-40/photo.jpg", "publishedAt": "2020-04-10T01:36:00Z", "content": "Subscribe\r\nStart Your Daily Mornings with Times of India Newspaper!Order Now"}, {"source": {"id": "the-times-of-india", "name": "The Times of India"}, "author": "ET Bureau", "title": "The Covid curve: How the states fare", "description": "Data suggests that some of the 15 states/UTs need to make a greater effort to flatten the curve.", "url": "https://economictimes.indiatimes.com/news/politics-and-nation/the-covid-curve-how-the-states-fare/articleshow/75075326.cms", "urlToImage": "https://img.etimg.com/thumb/msid-75075330,width-1070,height-580,imgsize-123606,overlay-economictimes/photo.jpg", "publishedAt": "2020-04-10T02:14:15Z", "content": "Browse Companies\r\nABCDEFGHIJKLMNOPQRSTUVWXYZ|123456789\r\nCopyright \u00a9 2020 Bennett, Coleman &amp; Co. Ltd. All rights reserved. For reprint rights: Times Syndication Service"}, {"source": {"id": "the-times-of-india", "name": "The Times of India"}, "author": "PTI", "title": "Assam reports first COVID-19 death", "description": "The person was confirmed coronavirus-positive on Tuesday night and had attended the Tablighi Jamaat meet at Nizamuddin in New Delhi, He also had travelled to Saudi Arabia before that.", "url": "https://economictimes.indiatimes.com/news/politics-and-nation/assam-reports-first-covid-19-death/articleshow/75076128.cms", "urlToImage": "https://img.etimg.com/thumb/msid-75076133,width-1070,height-580,imgsize-179023,overlay-economictimes/photo.jpg", "publishedAt": "2020-04-10T03:31:09Z", "content": "GUWAHATI: Assam on Friday reported the first death due to complications related to COVID-19 with the total number of positive cases in the state rising to 28, state minister Himanta Biswa Sarma said.\r\nThe patient, hailing from Hailakandi district, died early \u2026 [+855 chars]"}, {"source": {"id": "the-times-of-india", "name": "The Times of India"}, "author": "Manu Pubby", "title": "Ministry of Defence\u2019s contribution to fight Covid-19", "description": "Ministry of Defence\u2019s contribution to fight Covid-19Various wings of defence ministry are contributing in their best possible ways to tackle Covid-19 better.", "url": "https://economictimes.indiatimes.com/news/defence/ministry-of-defences-contribution-to-fight-covid-19/articleshow/75075456.cms", "urlToImage": "https://img.etimg.com/thumb/msid-75075479,width-1070,height-580,imgsize-677964,overlay-etdefence/photo.jpg", "publishedAt": "2020-04-10T02:35:00Z", "content": "ARMED FORCESArmed Forces running six quarantine facilities at Mumbai, Jaisalmer, Jodhpur, Hindon, Manesar and Chennai.\r\nTotal Evacuees received so far - Over 1500 (including Med team and air crew)\r\nOne thousand seven hundred thirty seven persons quarantined, \u2026 [+11670 chars]"}, {"source": {"id": "the-times-of-india", "name": "The Times of India"}, "author": "Dipanjan Roy Chaudhury", "title": "Covid diplomacy helps India to be a global power", "description": "Covid diplomacy helps India to be a global powerIndia has begun sending dispatches of rescue medicines as gifts to neighboring countries to help them fight the coronavirus pandemic. The government was sending drugs to Bhutan, Bangladesh, Afghanistan, Nepal, M\u2026", "url": "https://economictimes.indiatimes.com/news/politics-and-nation/covid-diplomacy-establishes-india-as-a-reliable-and-responsible-global-power/articleshow/75080356.cms", "urlToImage": "https://img.etimg.com/thumb/msid-75080393,width-1070,height-580,imgsize-693231,overlay-economictimes/photo.jpg", "publishedAt": "2020-04-10T09:18:16Z", "content": "New Delhi: India\u2019s Covid diplomacy at one of worst global crisis of recent decades is enabling Delhi to emerge as a responsible and reliable international power at a time when many established international actors have floundered. \r\nIndia has begun sending di\u2026 [+2776 chars]"}, {"source": {"id": "the-times-of-india", "name": "The Times of India"}, "author": "Dipanjan Roy Chaudhury", "title": "India, Russia discuss facilitating needs of equipment, medicines to fight Covid-19", "description": "Foreign Secretary Harsh Vardhan Shringla and Russian Deputy Foreign Minister Igor Morgulov held a telephonic conversation on Thursday to exchange notes on the evolving situation relating to spread of the Covid 19 pandemic and the respective national efforts u\u2026", "url": "https://economictimes.indiatimes.com/news/politics-and-nation/india-russia-discuss-facilitating-needs-of-equipment-medicines-to-fight-covid-19/articleshow/75076396.cms", "urlToImage": "https://img.etimg.com/thumb/msid-75076426,width-1070,height-580,imgsize-605912,overlay-economictimes/photo.jpg", "publishedAt": "2020-04-10T04:05:12Z", "content": "NEW DELHI: India and Russia have discussed facilitating the emergent needs of medicines and equipment on both sides as part of their efforts to contain Covid-19.\r\nForeign Secretary Harsh Vardhan Shringla and Russian Deputy Foreign Minister Igor Morgulov held \u2026 [+2013 chars]"}, {"source": {"id": "the-times-of-india", "name": "The Times of India"}, "author": "PTI", "title": "ADB assures $2.2 billion support package to India for COVID-19 response", "description": "ADB president Asakawa commended Indian government's decisive response to the pandemic, including a national health emergency program, tax and other relief measures provided to businesses and a $23 billion (Rs 1.7 lakh crore) economic relief package announced \u2026", "url": "https://economictimes.indiatimes.com/news/economy/finance/adb-assures-2-2-billion-support-package-to-india-for-covid-19-response/articleshow/75077728.cms", "urlToImage": "https://img.etimg.com/thumb/msid-75077793,width-1070,height-580,imgsize-447307,overlay-economictimes/photo.jpg", "publishedAt": "2020-04-10T05:54:42Z", "content": "New Delhi: Asian Development Bank (ADB) President Masatsugu Asakawa on Friday assured Finance Minister Nirmala Sitharaman of $2.2 billion (about Rs 16,500 crore) support to India in its fight against the COVID-19 pandemic. \r\nIn a call, Asakawa commended the I\u2026 [+2163 chars]"}, {"source": {"id": "the-times-of-india", "name": "The Times of India"}, "author": "PTI", "title": "COVID-19 pandemic provides \"window\" into how bio-terrorist attack might unfold in world: Guterres", "description": "The Secretary-General listed pressing risks to the world due to the pandemic as he addressed the powerful UN Security Council, which for the first time discussed the coronavirus crisis in a closed video-conference session on Thursday under the Presidency of t\u2026", "url": "https://economictimes.indiatimes.com/news/defence/covid-19-pandemic-provides-window-into-how-bio-terrorist-attack-might-unfold-in-world-guterres/articleshow/75079874.cms", "urlToImage": "https://img.etimg.com/thumb/msid-75080065,width-1070,height-580,imgsize-634830,overlay-etdefence/photo.jpg", "publishedAt": "2020-04-10T08:36:37Z", "content": "UNITED NATIONS: The COVID-19 pandemic has provided a \"window\" into how a bio-terrorist attack might unfold across the world, UN chief Antonio Guterres said, issuing a strong warning that non-state groups could gain access to \"virulent strains\" that could pose\u2026 [+3717 chars]"}, {"source": {"id": "the-times-of-india", "name": "The Times of India"}, "author": "Times Of India", "title": "COVID-19: Assam reports 1st death, total cases 29", "description": "India News: GUWAHATI/AGARTALA: Assam reported its first death due to novel coronavirus on Friday even as the state's total positive cases went up to 29, Health Mi.", "url": "https://timesofindia.indiatimes.com/india/covid-19-assam-reports-1st-death-total-cases-29/articleshow/75079946.cms", "urlToImage": "https://static.toiimg.com/thumb/msid-75079938,width-1070,height-580,imgsize-714002,resizemode-75,overlay-toi_sw,pt-32,y_pad-40/photo.jpg", "publishedAt": "2020-04-10T08:21:52Z", "content": "Subscribe\r\nStart Your Daily Mornings with Times of India Newspaper!Order Now"}, {"source": {"id": "the-times-of-india", "name": "The Times of India"}, "author": "Times Of India", "title": "Covid-19: Did Jamaatis distribute sweets to passengers in UP?", "description": "India News: AGRA: In a disturbing revelation, it has now been found that while returning from the Tablighi Jamaat congregation in Delhi last month, many of the me.", "url": "https://timesofindia.indiatimes.com/city/agra/covid-19-did-jamaatis-distribute-sweets-to-passengers-in-up/articleshow/75078863.cms", "urlToImage": "https://static.toiimg.com/thumb/msid-75078900,width-1070,height-580,imgsize-957011,resizemode-75,overlay-toi_sw,pt-32,y_pad-40/photo.jpg", "publishedAt": "2020-04-10T07:06:20Z", "content": "Subscribe\r\nStart Your Daily Mornings with Times of India Newspaper!Order Now"}, {"source": {"id": "the-times-of-india", "name": "The Times of India"}, "author": "Times Of India", "title": "India's total COVID-19 cases reach 6,412, with 199 deaths", "description": "India News: NEW DELHI: The total number of coronavirus positive cases in India reached 6,412 on Friday, including foreign nationals, with 5,709 active cases, the .", "url": "https://timesofindia.indiatimes.com/india/indias-total-covid-19-cases-reach-6412-with-199-deaths/articleshow/75077485.cms", "urlToImage": "https://static.toiimg.com/thumb/msid-75077484,width-1070,height-580,imgsize-909526,resizemode-75,overlay-toi_sw,pt-32,y_pad-40/photo.jpg", "publishedAt": "2020-04-10T05:17:51Z", "content": "Subscribe\r\nStart Your Daily Mornings with Times of India Newspaper!Order Now"}, {"source": {"id": "the-times-of-india", "name": "The Times of India"}, "author": "Times Of India", "title": "Covid-19 scare drives away OPD patients in Kerala", "description": "India News: THIRUVANANTHAPURAM: Once teeming with patients requiring treatment of various diseases, government and private hospitals across Kerala have witnessed .", "url": "https://timesofindia.indiatimes.com/india/covid-19-scare-drives-away-opd-patients-in-kerala/articleshow/75078228.cms", "urlToImage": "https://static.toiimg.com/thumb/msid-75078267,width-1070,height-580,imgsize-645268,resizemode-75,overlay-toi_sw,pt-32,y_pad-40/photo.jpg", "publishedAt": "2020-04-10T06:19:09Z", "content": "Subscribe\r\nStart Your Daily Mornings with Times of India Newspaper!Order Now"}, {"source": {"id": "the-times-of-india", "name": "The Times of India"}, "author": "Times Of India", "title": "\u2018Pakistan busy with narrow politics even as region is hit by Covid\u2019", "description": "India News: NEW DELHI: After Pakistan\u2019s decision to skip the Saarc video conference on the likely effect of Covid-19 on intra-regional trade, India slammed Islama.", "url": "https://timesofindia.indiatimes.com/india/pakistan-busy-with-narrow-politics-even-as-region-is-hit-by-covid/articleshow/75074953.cms", "urlToImage": "https://static.toiimg.com/thumb/msid-47529300,width-1070,height-580,imgsize-110164,resizemode-75,overlay-toi_sw,pt-32,y_pad-40/photo.jpg", "publishedAt": "2020-04-10T00:36:30Z", "content": "Subscribe\r\nStart Your Daily Mornings with Times of India Newspaper!Order Now"}, {"source": {"id": "the-times-of-india", "name": "The Times of India"}, "author": "Times Of India", "title": "46 new Covid-19 cases in Gujarat take total to 308; 19 deaths", "description": "India News: GANDHINAGAR: With the continued and intensified surveillance and testing of coronavirus infection inside the hotspots of Gujarat, the health authoriti.", "url": "https://timesofindia.indiatimes.com/india/46-new-covid-19-cases-in-gujarat-take-total-to-308-19-deaths/articleshow/75079519.cms", "urlToImage": "https://static.toiimg.com/thumb/msid-75079561,width-1070,height-580,imgsize-714038,resizemode-75,overlay-toi_sw,pt-32,y_pad-40/photo.jpg", "publishedAt": "2020-04-10T07:53:03Z", "content": "Subscribe\r\nStart Your Daily Mornings with Times of India Newspaper!Order Now"}, {"source": {"id": "the-times-of-india", "name": "The Times of India"}, "author": "Times Of India", "title": "Harsh Vardhan chairs meeting with state health ministers to review COVID-19 management", "description": "India News: NEW DELHI: Union Health Minister Dr Harsh Vardhan on Friday chaired a meeting with state health ministers via video conferencing here from Nirman Bhaw.", "url": "https://timesofindia.indiatimes.com/india/harsh-vardhan-chairs-meeting-with-state-health-ministers-to-review-covid-19-management/articleshow/75079438.cms", "urlToImage": "https://static.toiimg.com/thumb/msid-75079459,width-1070,height-580,imgsize-111632,resizemode-75,overlay-toi_sw,pt-32,y_pad-40/photo.jpg", "publishedAt": "2020-04-10T07:45:05Z", "content": "Delhi: Union health Minister Dr Harsh Vardhan &amp; MoS Health Ashwini Kumar Choubey held a meeting via video conferenc https://t.co/kjmEiJEwAd\r\n\u2014 ANI (@ANI) 1586501138000"}, {"source": {"id": "the-times-of-india", "name": "The Times of India"}, "author": "Times Of India", "title": "India-Japan partnership can help develop new tech for post-Covid world:PM", "description": "India News: NEW DELHI: Prime Minister Narendra Modi on Friday said the India-Japan special strategic and global partnership can help develop new technologies and .", "url": "https://timesofindia.indiatimes.com/india/india-japan-partnership-can-help-develop-new-tech-for-post-covid-worldpm/articleshow/75079537.cms", "urlToImage": "https://static.toiimg.com/thumb/msid-75079564,width-1070,height-580,imgsize-49191,resizemode-75,overlay-toi_sw,pt-32,y_pad-40/photo.jpg", "publishedAt": "2020-04-10T07:53:45Z", "content": "Spoke today with Prime Minister of Nepal, Shri @kpsharmaoli. We discussed the prevailing situation due to COVID-19. https://t.co/bV6hPtr9cG\r\n\u2014 Narendra Modi (@narendramodi) 1586503349000"}, {"source": {"id": "the-times-of-india", "name": "The Times of India"}, "author": "Times Of India", "title": "Redouble efforts in fight against Covid-19, Navy chief urges force", "description": "India News: NEW DELHI: Indian Navy chief Admiral Karambir Singh has exhorted the personnel in the force to redouble their efforts in the fight against coronavirus.", "url": "https://timesofindia.indiatimes.com/india/redouble-efforts-in-fight-against-covid-19-navy-chief-urges-force/articleshow/75076791.cms", "urlToImage": "https://static.toiimg.com/thumb/msid-75076770,width-1070,height-580,imgsize-690365,resizemode-75,overlay-toi_sw,pt-32,y_pad-40/photo.jpg", "publishedAt": "2020-04-10T04:20:40Z", "content": "Subscribe\r\nStart Your Daily Mornings with Times of India Newspaper!Order Now"}, {"source": {"id": "the-times-of-india", "name": "The Times of India"}, "author": "Times Of India", "title": "Maharashtra sees surge in Covid-19 cases as tally reaches 1,390", "description": "India News: MUMBAI: The number of Covid-19 positive cases in Maharashtra increased by 26 on Friday morning, taking the count of such cases to 1,390, officials sai.", "url": "https://timesofindia.indiatimes.com/india/maharashtra-sees-surge-in-covid-19-cases-as-tally-reaches-1390/articleshow/75079113.cms", "urlToImage": "https://static.toiimg.com/thumb/msid-75079120,width-1070,height-580,imgsize-678101,resizemode-75,overlay-toi_sw,pt-32,y_pad-40/photo.jpg", "publishedAt": "2020-04-10T07:20:15Z", "content": "Subscribe\r\nStart Your Daily Mornings with Times of India Newspaper!Order Now"}, {"source": {"id": "the-times-of-india", "name": "The Times of India"}, "author": "Times Of India", "title": "CSIR to conduct genome sequencing of 500 Covid-19 samples to get \u2018better sense of virus\u2019", "description": "India News: New Delhi: The Council of Scientific & Industrial Research (CSIR) has started genome sequencing of 500 virus samples from Covid-19 positive patien.", "url": "https://timesofindia.indiatimes.com/india/csir-to-conduct-genome-sequencing-of-500-covid-19-samples-to-get-better-sense-of-virus/articleshow/75079865.cms", "urlToImage": "https://static.toiimg.com/thumb/msid-47529300,width-1070,height-580,imgsize-110164,resizemode-75,overlay-toi_sw,pt-32,y_pad-40/photo.jpg", "publishedAt": "2020-04-10T08:15:41Z", "content": "Subscribe\r\nStart Your Daily Mornings with Times of India Newspaper!Order Now"}, {"source": {"id": "the-times-of-india", "name": "The Times of India"}, "author": "Times Of India", "title": "Covid-19: India in final stages of framing protocols for clinical trial of plasma therapy, says ICMR", "description": "India is in the final stages of framing a protocol for conducting a clinical trial for convalescent plasma therapy, which uses antibodies from the blood of cured patients, to treat severely-ill Covid-19 patients, ICMR said. Kerala is set to become the first s\u2026", "url": "https://timesofindia.indiatimes.com/india/covid-19-india-in-final-stages-of-framing-protocols-for-clinical-trial-of-plasma-therapy-says-icmr/articleshow/75080304.cms", "urlToImage": "https://static.toiimg.com/thumb/msid-75080311,width-1070,height-580,imgsize-719698,resizemode-75,overlay-toi_sw,pt-32,y_pad-40/photo.jpg", "publishedAt": "2020-04-10T08:50:51Z", "content": "Subscribe\r\nStart Your Daily Mornings with Times of India Newspaper!Order Now"}, {"source": {"id": "the-times-of-india", "name": "The Times of India"}, "author": "Manu Pubby", "title": "Pivotal role being played by forces in Covid-19 fight, all assistance to industry: Defence Secretary", "description": "Defence Secretary Ajay Kumar has said that regular interactions are on with industry to minimize the Covid impact, instructions to release payments have been issued and shares the role the armed forces and defence production units are playing to combat the vi\u2026", "url": "https://economictimes.indiatimes.com/news/defence/pivotal-role-being-played-by-forces-in-covid-19-fight-all-assistance-to-industry-defence-secretary/articleshow/75075349.cms", "urlToImage": "https://img.etimg.com/thumb/msid-75075345,width-1070,height-580,imgsize-274447,overlay-economictimes/photo.jpg", "publishedAt": "2020-04-10T02:16:00Z", "content": "In an interview to manu.pubby@timesgroup.com Defence Secretary Ajay Kumar has said that regular interactions are on with industry to minimize the Covid impact, instructions to release payments have been issued and shares the role the armed forces and defence \u2026 [+4868 chars]"}, {"source": {"id": "the-times-of-india", "name": "The Times of India"}, "author": "PTI", "title": "COVID-19 treatment: Govt allows partial withdrawal for NPS subscribers", "description": "The Pension Fund Regulatory and Development Authority of India (PFRDA) on Friday said NPS subscribers will now be allowed partial withdrawal for covering expenses related to treatment of COVID-19.", "url": "https://economictimes.indiatimes.com/news/economy/policy/covid-19-treatment-govt-allows-partial-withdrawal-for-nps-subscribers/articleshow/75079676.cms", "urlToImage": "https://img.etimg.com/thumb/msid-75079793,width-1070,height-580,imgsize-897436,overlay-economictimes/photo.jpg", "publishedAt": "2020-04-10T08:22:56Z", "content": "The Pension Fund Regulatory and Development Authority of India (PFRDA) on Friday said NPS subscribers will now be allowed partial withdrawal for covering expenses related to treatment of COVID-19. In a circular addressed to all stakeholders and subscribers un\u2026 [+1358 chars]"}, {"source": {"id": "the-times-of-india", "name": "The Times of India"}, "author": "PTI", "title": "BSE cautions market intermediaries against cyber attacks amid COVID-19 outbreak", "description": "This has resulted in unprecedented increase in dependency on digital means by many folds and resulting in many operations that may possibly be under remote monitoring mode.", "url": "https://economictimes.indiatimes.com/markets/stocks/news/bse-cautions-market-intermediaries-against-cyber-attacks-amid-covid-19-outbreak/articleshow/75080055.cms", "urlToImage": "https://img.etimg.com/thumb/msid-75080039,width-1070,height-580,imgsize-461531,overlay-etmarkets/photo.jpg", "publishedAt": "2020-04-10T08:48:52Z", "content": "New Delhi: Leading stock exchange BSE has cautioned market intermediaries against malicious cyber attacks amid increased usage of mobile phones and tabs in the wake of lockdown to contain the COVID-19 pandemic.\r\nMany organisations have switched to work-from-h\u2026 [+2808 chars]"}, {"source": {"id": "the-times-of-india", "name": "The Times of India"}, "author": "TIMESOFINDIA.COM", "title": "Kriti thought she was Covid-19 positive", "description": "Kriti Kharbanda recently opened up about how she felt she was Covid-19 positive after she returned home from Delhi. The actress was attended the engagement party of beau Pulkit Samrat\u2019s brother, and returned to Mumbai in an international flight. Initially dow\u2026", "url": "https://timesofindia.indiatimes.com/entertainment/hindi/bollywood/news/when-kriti-kharbanda-thought-she-was-covid-19-positive-i-was-paranoid-for-the-first-three-days-then-started-to-feel-better/articleshow/75077980.cms", "urlToImage": "https://static.toiimg.com/thumb/msid-75077980,width-1070,height-580,overlay-toi_sw,pt-32,y_pad-40,resizemode-75,imgsize-481345/75077980.jpg", "publishedAt": "2020-04-10T06:03:00Z", "content": "Kriti Kharbanda recently opened up about how she felt she was Covid-19 positive after she returned home from Delhi. The actress was attended the engagement party of beau Pulkit Samrats brother, and returned to Mumbai in an international flight. Initially down\u2026 [+726 chars]"}, {"source": {"id": "the-times-of-india", "name": "The Times of India"}, "author": "Times Of India", "title": "UN chief warns Covid-19 threatens global peace and security", "description": "Secretary-General Antonio Guterres warned the U.N. Security Council on Thursday that the coronavirus pandemic is threatening international peace and security - \"potentially leading to an increase in social unrest and violence that would greatly undermine our \u2026", "url": "https://timesofindia.indiatimes.com/world/us/un-chief-warns-covid-19-threatens-global-peace-and-security/articleshow/75076068.cms", "urlToImage": "https://static.toiimg.com/thumb/msid-75076061,width-1070,height-580,imgsize-50520,resizemode-75,overlay-toi_sw,pt-32,y_pad-40/photo.jpg", "publishedAt": "2020-04-10T03:05:10Z", "content": "Subscribe\r\nStart Your Daily Mornings with Times of India Newspaper!Order Now"}, {"source": {"id": "the-times-of-india", "name": "The Times of India"}, "author": "Times Of India", "title": "China reports 42 new confirmed COVID-19 cases", "description": "China has reported 42 new coronavirus cases, including 38 imported infections, taking the total tally to 81,907, health officials said on Friday, as the country started a new trial of re-testing the recovered COVID-19 patients amid heightened concern of a reb\u2026", "url": "https://timesofindia.indiatimes.com/world/china/china-reports-42-new-confirmed-covid-19-cases-47-asymptomatic-infections/articleshow/75075983.cms", "urlToImage": "https://static.toiimg.com/thumb/msid-75075984,width-1070,height-580,imgsize-115712,resizemode-75,overlay-toi_sw,pt-32,y_pad-40/photo.jpg", "publishedAt": "2020-04-10T03:00:09Z", "content": "Subscribe\r\nStart Your Daily Mornings with Times of India Newspaper!Order Now"}, {"source": {"id": "the-times-of-india", "name": "The Times of India"}, "author": null, "title": "B-town offers personal space for Covid-19", "description": "Bollywood celebrities are doing their bit in this fight against Covornavirus. From pledging to contribute towards PM CARES fund to helping daily wage workers \u2013 celebs are lending a helping hand in this health scare. Going beyond this, a few Bollywood stars ha\u2026", "url": "https://timesofindia.indiatimes.com/entertainment/hindi/bollywood/news/shah-rukh-khan-to-kamal-haasan-bollywood-celebrities-offer-personal-space-for-covid-19-quarantine/photostory/75069753.cms", "urlToImage": "https://static.toiimg.com/photo/75069961.cms", "publishedAt": "2020-04-10T01:40:00Z", "content": "Sonu Sood opened his six-storey Juhu hotel for healthcare staff, working tirelessly through this Coronavirus outbreak. \u201cIt\u2019s my honour to be able to do my bit for the doctors, nurses and para-medical staff of our country, who have been working day and night t\u2026 [+213 chars]"}, {"source": {"id": "the-times-of-india", "name": "The Times of India"}, "author": "Times Of India", "title": "Covid-19 treatment: Government allows partial withdrawal for NPS subscribers", "description": "The Pension Fund Regulatory and Development Authority of India (PFRDA) on Friday said NPS subscribers will now be allowed partial withdrawal for covering expenses related to treatment of COVID-19.", "url": "https://timesofindia.indiatimes.com/business/india-business/covid-19-treatment-government-allows-partial-withdrawal-for-nps-subscribers/articleshow/75079399.cms", "urlToImage": "https://static.toiimg.com/thumb/msid-75079380,width-1070,height-580,imgsize-68458,resizemode-75,overlay-toi_sw,pt-32,y_pad-40/photo.jpg", "publishedAt": "2020-04-10T07:39:17Z", "content": "Subscribe\r\nStart Your Daily Mornings with Times of India Newspaper!Order Now"}, {"source": {"id": "the-times-of-india", "name": "The Times of India"}, "author": "Sumitra Debroy and Malathy Iyer", "title": "Covid-19: False negative reports now pose a big challenge", "description": "A doctor who developed a dry cough and fever was relieved to test negative for Covid-19 at the BMC run Kasturba Hospital recently. However, a couple of days later, he tested positive at a private hospital he drove himself to, due to worsening of his symptoms.", "url": "https://economictimes.indiatimes.com/news/politics-and-nation/covid-19-false-negative-reports-now-pose-a-big-challenge/articleshow/75077432.cms", "urlToImage": "https://img.etimg.com/thumb/msid-75077413,width-1070,height-580,imgsize-542487,overlay-economictimes/photo.jpg", "publishedAt": "2020-04-10T05:33:29Z", "content": "A doctor who developed a dry cough and fever was relieved to test negative for Covid-19 at the BMC run Kasturba Hospital recently. However, a couple of days later, he tested positive at a private hospital he drove himself to, due to worsening of his symptoms.\u2026 [+1425 chars]"}, {"source": {"id": "the-times-of-india", "name": "The Times of India"}, "author": "Danish Khan", "title": "Covid-19 Impact: Handset cos cut store hands", "description": "Handset companies in India have started reducing their retail store workforce, or in-store promoters, in the absence of sales during the ongoing nationwide lockdown, while Xiaomi and some large-format and multi-brand retailers have sought rent waivers for at \u2026", "url": "https://economictimes.indiatimes.com/tech/hardware/covid-19-impact-handset-cos-cut-store-hands/articleshow/75075702.cms", "urlToImage": "https://img.etimg.com/thumb/msid-75075720,width-1070,height-580,imgsize-587335,overlay-economictimes/photo.jpg", "publishedAt": "2020-04-10T02:52:38Z", "content": "New Delhi: Handset companies in India have started reducing their retail store workforce, or in-store promoters, in the absence of sales during the ongoing nationwide lockdown, while Xiaomi and some large-format and multi-brand retailers have sought rent waiv\u2026 [+1123 chars]"}, {"source": {"id": "the-times-of-india", "name": "The Times of India"}, "author": "Manu Pubby", "title": "Pivotal role being played by forces in Covid-19 fight, all assistance to industry: Defence Secretary", "description": "Defence Secretary Ajay Kumar has said that regular interactions are on with industry to minimize the Covid impact, instructions to release payments have been issued and shares the role the armed forces and defence production units are playing to combat the vi\u2026", "url": "https://economictimes.indiatimes.com/news/defence/pivotal-role-being-played-by-forces-in-covid-19-fight-all-assistance-to-industry-defence-secretary/articleshow/75075321.cms", "urlToImage": "https://img.etimg.com/thumb/msid-75075345,width-1070,height-580,imgsize-274447,overlay-etdefence/photo.jpg", "publishedAt": "2020-04-10T02:16:00Z", "content": "In an interview to manu.pubby@timesgroup.com Defence Secretary Ajay Kumar has said that regular interactions are on with industry to minimize the Covid impact, instructions to release payments have been issued and shares the role the armed forces and defence \u2026 [+4868 chars]"}, {"source": {"id": "the-times-of-india", "name": "The Times of India"}, "author": "Durgesh Nandan Jha", "title": "GB Pant Hospital removed from list of designated Covid-19 facilities", "description": "Delhi government removed GB Pant Hospital from the Covid-19 designated list, a day after TOI highlighted how patients from Lok Nayak and GB Pant Hospital were being discharged without any alternative arrangement for beds.", "url": "https://economictimes.indiatimes.com/news/politics-and-nation/gb-pant-hospital-removed-from-list-of-designated-covid-19-facilities/articleshow/75077967.cms", "urlToImage": "https://img.etimg.com/thumb/msid-75077962,width-1070,height-580,imgsize-119237,overlay-economictimes/photo.jpg", "publishedAt": "2020-04-10T06:14:19Z", "content": "Delhi government on Thursday removed GB Pant Hospital from the Covid-19 designated list, a day after TOI highlighted how patients from Lok Nayak and GB Pant Hospital were being discharged without any alternative arrangement for beds. An Old Delhi resident, wh\u2026 [+2362 chars]"}, {"source": {"id": "the-times-of-india", "name": "The Times of India"}, "author": "Yogima Seth Sharma", "title": "Solidarity between employers and workers critical to respond effectively to Covid pandemic: ILO", "description": "\"In crisis settings, collaboration and dialogue between employers and business membership organizations (EBMOs) and workers\u2019 organizations can boost economic and social progress and enable accelerated recovery,\" ILO said in its latest report.", "url": "https://economictimes.indiatimes.com/news/international/business/solidarity-between-workers-and-employers-critical-to-respond-effectively-to-covid-pandemic-ilo/articleshow/75079295.cms", "urlToImage": "https://img.etimg.com/thumb/msid-75079360,width-1070,height-580,imgsize-540459,overlay-economictimes/photo.jpg", "publishedAt": "2020-04-10T07:57:20Z", "content": "Collective efforts and solidarity between employers\u2019 and workers\u2019 organizations is critical to respond effectively to the impact of the COVID-19 pandemic in the world of work, the International Labour Organization (ILO) said. \r\n\"In crisis settings, collaborat\u2026 [+1555 chars]"}, {"source": {"id": "the-times-of-india", "name": "The Times of India"}, "author": "PTI", "title": "India swipe at Pak for insisting on bringing COVID-19 initiatives under SAARC framework", "description": "India said the degree of seriousness of each member nation of the SAARC in collectively fighting the coronavirus pandemic can be gauged by their behaviour, in a clear reference to Pakistan's opposition to New Delhi's leadership in dealing with the crisis in t\u2026", "url": "https://economictimes.indiatimes.com/news/politics-and-nation/india-swipe-at-pak-for-insisting-on-bringing-covid-19-initiatives-under-saarc-framework/articleshow/75079060.cms", "urlToImage": "https://img.etimg.com/thumb/msid-75079083,width-1070,height-580,imgsize-524017,overlay-economictimes/photo.jpg", "publishedAt": "2020-04-10T07:33:52Z", "content": "India on Friday said the degree of seriousness of each member nation of the SAARC in collectively fighting the coronavirus pandemic can be gauged by their behaviour, in a clear reference to Pakistan's opposition to New Delhi's leadership in dealing with the c\u2026 [+3489 chars]"}, {"source": {"id": "the-times-of-india", "name": "The Times of India"}, "author": "PTI", "title": "Surveillance stepped up in Kashmir to track COVID-19 cases", "description": "Authorities in Kashmir have intensified ground surveillance to track travellers, who hid their recent travel history, to contain the spread of coronavirus, even as restrictions on the movement of people across the valley remained in force for the 22nd consecu\u2026", "url": "https://economictimes.indiatimes.com/news/politics-and-nation/surveillance-stepped-up-in-kashmir-to-track-covid-19-cases/articleshow/75078462.cms", "urlToImage": "https://img.etimg.com/thumb/msid-75078616,width-1070,height-580,imgsize-162080,overlay-economictimes/photo.jpg", "publishedAt": "2020-04-10T06:52:20Z", "content": "Srinagar: Authorities in Kashmir have intensified ground surveillance to track travellers, who hid their recent travel history, to contain the spread of coronavirus, even as restrictions on the movement of people across the valley remained in force for the 22\u2026 [+3072 chars]"}, {"source": {"id": "the-times-of-india", "name": "The Times of India"}, "author": "Raghav Ohri", "title": "Supreme Court extends bail in light of Covid-19 lockdown", "description": "A high-powered committee headed by a Delhi High Court judge and comprising director general (prisons) had decided to relax the criteria to release nearly 3,000 convicts and undertrials from all the 16 jails, including Tihar, in Delhi. The committee was consti\u2026", "url": "https://economictimes.indiatimes.com/news/politics-and-nation/supreme-court-extends-bail-in-light-of-covid-19-lockdown/articleshow/75078222.cms", "urlToImage": "https://img.etimg.com/thumb/msid-75078301,width-1070,height-580,imgsize-209326,overlay-economictimes/photo.jpg", "publishedAt": "2020-04-10T06:42:07Z", "content": "NEW DELHI: The Supreme Court has extended the interim bail granted to an accused till end of April in view of the coronavirus-led lockdown.\r\nThe accused, a Ghaziabad resident arrested in a goods and services tax (GST) fraud case, had first moved the top court\u2026 [+2009 chars]"}, {"source": {"id": "the-times-of-india", "name": "The Times of India"}, "author": "Times Of India", "title": "Auto driver from Kharghar succumbs to Covid", "description": "A 35-year-old autorickshaw driver from Kharghar succumbed to Covid-19. He died at the NMMC hospital Vashi in the wee hours of Friday. The autorickshaw driver was also suffering from dengue and tested positive for Covid-19 on Tuesday. He was admitted to the NM\u2026", "url": "https://timesofindia.indiatimes.com/city/navi-mumbai/autorickshaw-driver-from-kharghar-succumbs-to-covid-19/articleshow/75077524.cms", "urlToImage": "https://static.toiimg.com/thumb/msid-75077510,width-1070,height-580,imgsize-121081,resizemode-75,overlay-toi_sw,pt-32,y_pad-40/photo.jpg", "publishedAt": "2020-04-10T05:18:38Z", "content": "Subscribe\r\nStart Your Daily Mornings with Times of India Newspaper!Order Now"}, {"source": {"id": "the-times-of-india", "name": "The Times of India"}, "author": "Ketan Thakkar and Ashutosh R Shyam", "title": "Covid-19 to pull back India's passenger vehicle and truck market by a decade", "description": "Almost all segments of the Indian passenger vehicle market are set to see a decline over 10-15% in 2020-2021, forecasts by Crisil Rating, ICRA Ratings, IHS Markit and Jato Dynamics showed, with the lockdown suffocating discretionary purchases through the firs\u2026", "url": "https://economictimes.indiatimes.com/industry/auto/auto-news/covid-19-to-pull-back-indias-passenger-vehicle-and-truck-market-by-a-decade/articleshow/75075507.cms", "urlToImage": "https://img.etimg.com/thumb/msid-75075505,width-1070,height-580,imgsize-452003,overlay-economictimes/photo.jpg", "publishedAt": "2020-04-10T02:36:43Z", "content": "MUMBAI: Covid-19 could drag India\u2019s automotive industry back to a time-period when smart-phones were work-in-progress, i-Pods rivaled i-Phones in sales, and 'connected cars' meant a roadside assistance helpline mechanism that worked.\r\nFrom 3.4 million units a\u2026 [+3066 chars]"}, {"source": {"id": "the-times-of-india", "name": "The Times of India"}, "author": "Avik Das and John Sarkar", "title": "Pulses, flour, biscuits, noodles supply hit due to COVID-19 lockdown", "description": "Dal is seeing a shortage as about 75% of the mills in producing states like Madhya Pradesh, Rajasthan and Maharashtra are closed. \u201cThe shortage is also because there is no means to transport the product,\u201d Arvind Mediratta, CEO of wholesaler Metro Cash & Carry\u2026", "url": "https://economictimes.indiatimes.com/industry/cons-products/food/pulses-flour-biscuits-noodles-supply-hit-due-to-covid-19-lockdown/articleshow/75077284.cms", "urlToImage": "https://img.etimg.com/thumb/msid-75077322,width-1070,height-580,imgsize-999019,overlay-economictimes/photo.jpg", "publishedAt": "2020-04-10T05:23:37Z", "content": "BENGALURU | NEW DELHI: There is an acute shortage of staples like rice, atta and dal, and packaged foods like instant noodles, biscuits and snacks in many retail stores and kiranas across the country. This has been caused by a huge surge in demand for these i\u2026 [+2747 chars]"}, {"source": {"id": "the-times-of-india", "name": "The Times of India"}, "author": "Naveen Menezes", "title": "Meet MBBS grads who are ready to take on Covid", "description": "In times when some doctors have temporarily abandoned their roles for fear of being infected and infecting their families, meet these 23 young heroes from Bengaluru who have shown rare courage.", "url": "https://bangaloremirror.indiatimes.com/bangalore/cover-story/meet-the-mbbs-grads-whore-ready-to-take-covid-19-by-the-horns/articleshow/75073817.cms", "urlToImage": "https://static.toiimg.com/photo/imgsize-225089,msid-75073832/75073832.jpg", "publishedAt": "2020-04-10T04:52:17Z", "content": "23 students sign up to help stretched healthcare workers\r\nNever in modern history has the Hippocrates oath and its covenant been as relevant as it is today, as we fight an invisible enemy, who changes the rules of the game so frequently, and so stealthily. In\u2026 [+4446 chars]"}, {"source": {"id": "the-times-of-india", "name": "The Times of India"}, "author": "Times Of India", "title": "2 nurses from Dadar hosp test positive for Covid", "description": "After two nurses from Dadar's Shushrusha hospital tested positive for Covid-19 the BMC authorities have asked the hospital to immediately stop taking any new admission.", "url": "https://timesofindia.indiatimes.com/city/mumbai/two-nurses-from-dadar-hospital-test-positive-for-covid-19/articleshow/75079580.cms", "urlToImage": "https://static.toiimg.com/thumb/msid-75079575,width-1070,height-580,imgsize-35777,resizemode-75,overlay-toi_sw,pt-32,y_pad-40/photo.jpg", "publishedAt": "2020-04-10T07:54:29Z", "content": "Subscribe\r\nStart Your Daily Mornings with Times of India Newspaper!Order Now"}, {"source": {"id": "the-times-of-india", "name": "The Times of India"}, "author": "ET Online", "title": "India's Covid-19 death toll about to touch 200, total case count at 6,412", "description": "15 states and Union Territories account for more than 95 pe cent of India's total coronavirus cases. Maharashtra and Tamil Nadu, where cases are going up faster, account for a third of all detected cases in the country. It essentially means that some of these\u2026", "url": "https://economictimes.indiatimes.com/news/politics-and-nation/indias-covid-19-death-toll-about-to-touch-200-total-case-count-at-6412/articleshow/75075950.cms", "urlToImage": "https://img.etimg.com/thumb/msid-75075960,width-1070,height-580,imgsize-230380,overlay-economictimes/photo.jpg", "publishedAt": "2020-04-10T03:17:03Z", "content": "The Covid-19 death toll in India is about to touch the 200 mark, a Health Ministry update released today morning has revealed.\r\nAccording to the latest data, as of 8 am, the official count of the dead stood at 199. The total number of confirmed coronavirus in\u2026 [+790 chars]"}, {"source": {"id": "the-times-of-india", "name": "The Times of India"}, "author": "PTI", "title": "India ready to help in fight against COVID-19 pandemic: PM Modi", "description": "Prime Minister Narendra Modi on Friday told Israel and Brazil that India is ready to do whatever is possible to help its friends in the fight against the novel coronavirus.", "url": "https://economictimes.indiatimes.com/news/politics-and-nation/india-ready-to-help-in-fight-against-covid-19-pandemic-pm-modi/articleshow/75078107.cms", "urlToImage": "https://img.etimg.com/thumb/msid-75078131,width-1070,height-580,imgsize-124898,overlay-economictimes/photo.jpg", "publishedAt": "2020-04-10T06:26:39Z", "content": "Prime Minister Narendra Modi on Friday told Israel and Brazil that India is ready to do whatever is possible to help its friends in the fight against the novel coronavirus. Modi made the remarks after Israeli Prime Minister Benjamin Netanyahu and Brazilian Pr\u2026 [+852 chars]"}, {"source": {"id": "the-times-of-india", "name": "The Times of India"}, "author": "Anubhuti Vishnoi", "title": "CIC may push for more public disclosure on Covid-19 crisis", "description": "\u200b\u200b\u200bThe commission is set to take a view on the issue at a meeting scheduled for Friday and prioritise areas for proactive self-disclosure that it will communicate to the government, officials told. The high-level meeting to be chaired by central information c\u2026", "url": "https://economictimes.indiatimes.com/news/politics-and-nation/cic-may-push-for-more-public-disclosure-on-covid-19-crisis/articleshow/75075891.cms", "urlToImage": "https://img.etimg.com/thumb/msid-75075924,width-1070,height-580,imgsize-248339,overlay-economictimes/photo.jpg", "publishedAt": "2020-04-10T03:13:34Z", "content": "New Delhi: The Central information Commission is expected to push the government for increased public disclosure on the Covid-19 crisis in \u201clarger public interest\u201d under Section 4 of the Right to Information Act. \r\nThe commission is set to take a view on the \u2026 [+2140 chars]"}, {"source": {"id": "the-times-of-india", "name": "The Times of India"}, "author": "PTI", "title": "Karnataka CM BS Yediyurappa appoints district in-charge Ministers to oversee COVID-19 relief work", "description": "Karnataka Chief Minister BS Yediyurappa has appointed new district in charge ministers, who will work towards checking the spread of coronavirus and implementation of relief measures.", "url": "https://economictimes.indiatimes.com/news/politics-and-nation/karnataka-cm-bs-yediyurappa-appoints-district-in-charge-ministers-to-oversee-covid-19-relief-work/articleshow/75078159.cms", "urlToImage": "https://img.etimg.com/thumb/msid-75078411,width-1070,height-580,imgsize-112253,overlay-economictimes/photo.jpg", "publishedAt": "2020-04-10T06:31:37Z", "content": "Karnataka Chief Minister BS Yediyurappa has appointed new district in charge ministers, who will work towards checking the spread of coronavirus and implementation of relief measures. According to the government order issued on Thursday, Yediyurappa will be i\u2026 [+851 chars]"}, {"source": {"id": "the-times-of-india", "name": "The Times of India"}, "author": "Monit Khanna", "title": "Gamer Raises Over Rs 5 Crore In Just 12 Hours, Donates To COVID-19 Relief Efforts", "description": "Sean McLoughlin -- also known as Jacksepticeye participated in the #HopeFromHome Livestream on YouTube, celebrating World Health Day on Tuesday. #HopeFromHome is a platform that brought together content creators on YouTube, Facebook, Twitter and TikTok to hel\u2026", "url": "https://www.indiatimes.com/technology/news/gamer-raises-over-rs-5-crore-in-just-12-hours-donates-to-covid-19-relief-efforts-510536.html", "urlToImage": "https://im.indiatimes.in/content/2020/Apr/Facebook-Image_5e9017864f97f.jpg", "publishedAt": "2020-04-10T06:31:33Z", "content": "The world is fighting hard with COVID-19, that has completely wreaked havoc on our lives. Everyone is trying their best to stand against the novel coronavirus. And now a YouTube gamer helped in raising funds to help COVID-19 relief efforts.\u00a0\r\nYoutube\r\nSean Mc\u2026 [+1655 chars]"}, {"source": {"id": "the-times-of-india", "name": "The Times of India"}, "author": null, "title": "Magic Johnson hopeful NBA can crown a champion despite Covid-19", "description": "Magic Johnson says if the NBA does resume this season it will be without fans and the players shouldn't have any trouble adjusting on the fly to playing in empty stadiums.", "url": "https://timesofindia.indiatimes.com/sports/more-sports/others/magic-johnson-hopeful-nba-can-crown-a-champion-despite-covid-19/articleshow/75076750.cms", "urlToImage": "https://static.toiimg.com/thumb/msid-75076730,width-1070,height-580,imgsize-198347,resizemode-75,overlay-toi_sw,pt-32,y_pad-40/photo.jpg", "publishedAt": "2020-04-10T04:16:50Z", "content": "LOS ANGELES: Magic Johnson says if the NBA does resume this season it will be without fans and the players shouldn't have any trouble adjusting on the fly to playing in empty stadiums.\r\nThe former NBA legend and part owner of the Los Angeles Dodgers baseball \u2026 [+2123 chars]"}, {"source": {"id": "the-times-of-india", "name": "The Times of India"}, "author": "Teena Thacker", "title": "Covid-19: Govt to rush medics to 'critical states'", "description": "The central government is rushing a team of experts consisting of doctors, epidemiologists, microbiologists to 'critical states' which are reporting an increase in number of Covid-19 cases.", "url": "https://economictimes.indiatimes.com/industry/healthcare/biotech/healthcare/covid-19-govt-to-rush-medics-to-critical-states/articleshow/75076056.cms", "urlToImage": "https://img.etimg.com/thumb/msid-75076045,width-1070,height-580,imgsize-162080,overlay-economictimes/photo.jpg", "publishedAt": "2020-04-10T03:24:24Z", "content": "New Delhi: The central government is rushing a team of experts consisting of doctors, epidemiologists, microbiologists to 'critical states' which are reporting an increase in number of Covid-19 cases, senior people in the government told ET. Districts will be\u2026 [+1542 chars]"}, {"source": {"id": "the-times-of-india", "name": "The Times of India"}, "author": "Sreeradha Basu", "title": "Covid-19: Cos try to save jobs while struggling to meet payroll commitments", "description": "Buffeted by the turmoil unleashed by the Covid-19 pandemic, a bunch of companies are trying to save jobs even while India Inc struggles to meet payroll commitments.", "url": "https://economictimes.indiatimes.com/jobs/covid-19-cos-try-to-save-jobs-while-struggling-to-meet-payroll-commitments/articleshow/75076488.cms", "urlToImage": "https://img.etimg.com/thumb/msid-75076532,width-1070,height-580,imgsize-97760,overlay-economictimes/photo.jpg", "publishedAt": "2020-04-10T04:16:49Z", "content": "Buffeted by the turmoil unleashed by the Covid-19 pandemic, a bunch of companies are trying to save jobs even while India Inc struggles to meet payroll commitments. Deferring pay increases and incentives, reducing marketing &amp; operations expenses, renegoti\u2026 [+3449 chars]"}, {"source": {"id": "the-times-of-india", "name": "The Times of India"}, "author": "ET CIO", "title": "Covid-19 to hurt IT services sector, growth may fall to 3-5% in FY21: ICRA - ETCIO.com", "description": "However, the credit outlook for Indian IT companies remains stable led by healthy free cash flows cushioning short-term disruptions with significant liquidity in the form of surplus investments generated out of past cash flows, it added.", "url": "https://cio.economictimes.indiatimes.com/news/corporate-news/covid-19-to-hurt-it-services-sector-growth-may-fall-to-3-5-in-fy21-icra/75075884", "urlToImage": "https://etimg.etb2bimg.com/thumb/msid-75075884,imgsize-114001,width-800,height-434,overlay-etcio/covid-19-to-hurt-it-services-sector-growth-may-fall-to-3-5-in-fy21-icra.jpg", "publishedAt": "2020-04-10T04:40:21Z", "content": "New Delhi: Indian IT services industry is expected to see an adverse impact for a short-term due to COVID-19 outbreak with the sector clocking a lower growth of 3-5 per cent in current financial year, according to ratings agency ICRA. ICRA previously expected\u2026 [+4432 chars]"}]}