{"status": "ok", "totalResults": 166, "articles": [{"source": {"id": "the-times-of-india", "name": "The Times of India"}, "author": "PTI", "title": "G20 leaders pledge $5 tn to tackle Covid-19 crisis", "description": "G20 nations pledged a \"united front\" on Thursday in the fight against coronavirus, saying they were injecting $5 trillion into the global economy to counter the pandemic amid forecasts of a deep recession. \u200b\u200bPresident Trump and Russian President Putin joined \u2026", "url": "https://timesofindia.indiatimes.com/world/middle-east/g20-leaders-pledge-5-tn-united-response-to-coronavirus-crisis/articleshow/74835643.cms", "urlToImage": "https://static.toiimg.com/thumb/msid-74835874,width-1070,height-580,imgsize-361269,resizemode-75,overlay-toi_sw,pt-32,y_pad-40/photo.jpg", "publishedAt": "2020-03-26T17:19:33Z", "content": "Subscribe\r\nStart Your Daily Mornings with Times of India Newspaper!Order Now"}, {"source": {"id": "the-times-of-india", "name": "The Times of India"}, "author": "AFP", "title": "Social distancing slowing Covid-19: NY Governor", "description": "In his daily update on efforts to contain the deadly pandemic, Cuomo said on Wednesday that projection rates suggested hospitalisations were increasing at a slower rate than before. \u201cThe arrows are headed in the right direction,\u201d he told reporters.", "url": "https://economictimes.indiatimes.com/news/international/world-news/social-distancing-slowing-covid-19-ny-governor/articleshow/74836922.cms", "urlToImage": "https://img.etimg.com/thumb/msid-74836920,width-1070,height-580,imgsize-957202,overlay-economictimes/photo.jpg", "publishedAt": "2020-03-26T18:18:39Z", "content": "New York: Social distancing appears to be slowing the spread of the coronavirus in New York, the epicenter of America\u2019s pandemic, Governor Andrew Cuomo has said.\r\nIn his daily update on efforts to contain the deadly pandemic, Cuomo said on Wednesday that proj\u2026 [+572 chars]"}, {"source": {"id": "the-times-of-india", "name": "The Times of India"}, "author": "PTI", "title": "Kathy Griffin admitted to Covid isolation ward", "description": "Kathy Griffin admitted to Covid isolation wardThe comedian-actor posted a selfie on Instagram from the hospital room.", "url": "https://economictimes.indiatimes.com/magazines/panache/kathy-griffin-admitted-to-coronavirus-isolation-ward-after-she-showed-unbearably-painful-symptoms/articleshow/74830469.cms", "urlToImage": "https://img.etimg.com/thumb/msid-74830610,width-1070,height-580,imgsize-773415,overlay-etpanache/photo.jpg", "publishedAt": "2020-03-26T12:14:17Z", "content": "LOS ANGELES: Veteran actor-comedian Kathy Griffin has revealed that she has been admitted to an \"isolation ward room\" after she showed symptoms for the novel coronavirus. The 59-year-old posted a selfie on Instagram from the hospital room as she called out US\u2026 [+3247 chars]"}, {"source": {"id": "the-times-of-india", "name": "The Times of India"}, "author": "Aditi Shrivastava", "title": "Covid-19: Orders on Zomato, Swiggy go down by 60%", "description": "Covid-19: Orders on Zomato, Swiggy go down by 60%Zomato said it has been operating at 30% delivery capacity. The company has also been facing issues across cities while delivering food despite being classified as an essential service.", "url": "https://economictimes.indiatimes.com/small-biz/startups/newsbuzz/covid-19-orders-on-zomato-swiggy-go-down-by-60/articleshow/74820884.cms", "urlToImage": "https://img.etimg.com/thumb/msid-74820953,width-1070,height-580,imgsize-625049,overlay-etrise/photo.jpg", "publishedAt": "2020-03-26T02:46:46Z", "content": "BENGALURU: Online food delivery startups Swiggy and Zomato are working with minimal delivery partners and limited restaurant partners in several states as riders and kitchen staff have refused to step out fearing police harassment amid the lockdown.\r\nKitchens\u2026 [+1646 chars]"}, {"source": {"id": "the-times-of-india", "name": "The Times of India"}, "author": "Venkat Ananth", "title": "Government likely to launch Covid path-tracing app", "description": "Coming soon \u2014 a Covid tracker app from the government in English and all major Indian languages. The government is likely to launch a smartphone application to help users check if they crossed paths with patients who tested positive for coronavirus.", "url": "https://economictimes.indiatimes.com/tech/software/govt-likely-to-launch-covid-path-tracing-app/articleshow/74819186.cms", "urlToImage": "https://img.etimg.com/thumb/msid-74820679,width-1070,height-580,imgsize-311591,overlay-economictimes/photo.jpg", "publishedAt": "2020-03-26T02:19:53Z", "content": "Bengaluru: Coming soon \u2014 a Covid tracker app from the government in English and all major Indian languages. The government is likely to launch a smartphone application to help users check if they crossed paths with patients who tested positive for coronavirus\u2026 [+2837 chars]"}, {"source": {"id": "the-times-of-india", "name": "The Times of India"}, "author": "Reuters", "title": "Prince Charles didn't jump queue for Covid-19 test", "description": "Prince Charles didn't jump queue for Covid-19 testThe Prince of Wales is in good health and is currently self-isolating.", "url": "https://economictimes.indiatimes.com/magazines/panache/no-royal-treatment-prince-charles-didnt-jump-queue-for-covid-19-test-says-uk/articleshow/74828857.cms", "urlToImage": "https://img.etimg.com/thumb/msid-74828874,width-1070,height-580,imgsize-151611,overlay-etpanache/photo.jpg", "publishedAt": "2020-03-26T10:40:01Z", "content": "LONDON: Britain on Thursday said heir-to-the-throne Prince Charles, who has coronavirus, did not jump the queue for a test because his symptoms and condition met the criteria.\r\nCharles, 71, tested positive for coronavirus earlier this week but is in good heal\u2026 [+5531 chars]"}, {"source": {"id": "the-times-of-india", "name": "The Times of India"}, "author": "Kirtika Suneja", "title": "Covid-19 outbreak: Masks supply position comfortable, say officials", "description": "The supply of body coveralls started on March 23 and is being ramped up. About 5,000 body coveralls were supplied in the last two days, and production will go up to 5,000 per day on Thursday and 8,000 pieces per day by March 31.", "url": "https://economictimes.indiatimes.com/news/politics-and-nation/govt-masks-supply-position-comfortable/articleshow/74836150.cms", "urlToImage": "https://img.etimg.com/thumb/msid-74839090,width-1070,height-580,imgsize-728300,overlay-economictimes/photo.jpg", "publishedAt": "2020-03-26T22:34:20Z", "content": "New Delhi: India is rapidly ramping up production of body coveralls in view of the Covid-19 virus outbreak, officials said, adding that it is in a \u2018comfortable\u2019 position as far as supply of masks is concerned.\r\nSince February, 1 million N-95 masks have been s\u2026 [+1339 chars]"}, {"source": {"id": "the-times-of-india", "name": "The Times of India"}, "author": "Navneet Dubey", "title": "Health cover sans travel exclusions for COVID-19", "description": "Health cover sans travel exclusions for COVID-19The policy, Star Novel Coronavirus, will even cover those with international travel history. However, the sum assured of Rs 42, 000, that the insurance cover offers appears low, especially for someone who might \u2026", "url": "https://economictimes.indiatimes.com/wealth/insure/health-insurance/star-healths-coronavirus-insurance-policy-no-travel-history-exclusions-but-low-sum-assured/articleshow/74823183.cms", "urlToImage": "https://img.etimg.com/thumb/msid-74823214,width-1070,height-580,imgsize-152968,overlay-etwealth/photo.jpg", "publishedAt": "2020-03-26T05:49:49Z", "content": "Star Health and Allied Insurance has launched its Star Novel Coronavirus (nCoV) (COVID-19) Insurance Policy to provide insurance cover to individuals for medical treatment in case of coronavirus infection.\r\nA person buying the policy would be eligible for the\u2026 [+6681 chars]"}, {"source": {"id": "the-times-of-india", "name": "The Times of India"}, "author": "ET CONTRIBUTORS", "title": "Collateral damage of stocks crashing due to Covid", "description": "Collateral damage of stocks crashing due to CovidCovid-19 has eroded the wealth painstakingly built over the past 4-5 years. The bigger danger is that many first-time investors may turn away from equities forever even as a pauperised populace cuts back on con\u2026", "url": "https://economictimes.indiatimes.com/wealth/invest/coronavirus-and-market-crash-why-many-first-time-investors-may-turn-away-from-equities-forever/articleshow/74822164.cms", "urlToImage": "https://img.etimg.com/thumb/msid-74822184,width-1070,height-580,imgsize-870947,overlay-etwealth/photo.jpg", "publishedAt": "2020-03-26T04:32:54Z", "content": "By Raj Khosla The brutality of the stock market crash has caught everyone off guard. Within 20 trading days, starting 24 February, the Sensex has receded nearly 15,000 points or 36 per cent. Small investors, especially new entrants who started four-figure mut\u2026 [+3014 chars]"}, {"source": {"id": "the-times-of-india", "name": "The Times of India"}, "author": "Alnoor Peermohamed", "title": "Covid-19: Amazon, BigBasket look to deliver the goods", "description": "Covid-19: Amazon, BigBasket look to deliver the goodsEcommerce companies await clarity from government agencies on what goods are termed essentials, as they look to service a larger variety than just \u201cfood, pharmaceuticals and medical devices\u201d that the Minist\u2026", "url": "https://economictimes.indiatimes.com/small-biz/startups/newsbuzz/covid-19-harried-etailers-look-to-deliver-the-goods/articleshow/74820615.cms", "urlToImage": "https://img.etimg.com/thumb/msid-74820658,width-1070,height-580,imgsize-252512,overlay-etrise/photo.jpg", "publishedAt": "2020-03-26T02:21:33Z", "content": "BENGALURU: Ecommerce companies, including BigBasket, Grofers, Amazon and Flipkart, continue to run restricted services across cities as they work with local authorities to streamline operations. While several of these etailers expect to resume delivery of gro\u2026 [+2545 chars]"}, {"source": {"id": "the-times-of-india", "name": "The Times of India"}, "author": "ET Bureau", "title": "Covid-19 lockdown: On day 1, government moves to fix supply chain hiccups", "description": "Central and state authorities were forced to step in to ensure that the supply of essentials such as food and medicines didn\u2019t come to a complete halt after police enforcing the Covid-19 lockdown stopped trucks and delivery staff amid complaints of", "url": "https://economictimes.indiatimes.com/news/politics-and-nation/on-day-1-govt-moves-to-fix-supply-chain-hiccups/articleshow/74819189.cms", "urlToImage": "https://img.etimg.com/thumb/msid-74820543,width-1070,height-580,imgsize-327429,overlay-economictimes/photo.jpg", "publishedAt": "2020-03-26T02:05:45Z", "content": "New Delhi | Kolkata | Mumbai | Pune: Central and state authorities were forced to step in to ensure that the supply of essentials such as food and medicines didn\u2019t come to a complete halt after police enforcing the Covid-19 lockdown stopped trucks and deliver\u2026 [+6321 chars]"}, {"source": {"id": "the-times-of-india", "name": "The Times of India"}, "author": "PTI", "title": "WTO sees sharp fall in trade, calls for global solutions to tackle COVID-19 crisis", "description": "WTO Director-General Roberto Azevedo said cross-border trade and investment flows have a role to play in efforts to combat the COVID-19 pandemic, and will be vital for fostering a stronger recovery once the medical emergency subsides. Global solutions are nee\u2026", "url": "https://economictimes.indiatimes.com/news/economy/foreign-trade/wto-sees-sharp-fall-in-trade-calls-for-global-solutions-to-tackle-covid-19-crisis/articleshow/74828733.cms", "urlToImage": "https://img.etimg.com/thumb/msid-74828933,width-1070,height-580,imgsize-472338,overlay-economictimes/photo.jpg", "publishedAt": "2020-03-26T10:42:52Z", "content": "New Delhi: The world trade is expected to witness a sharp fall due to COVID-19 (coronavirus) crisis, and global solutions will be required to deal with the pandemic, according to the WTO.\r\nIn a video message, World Trade Organization (WTO) Director-General Ro\u2026 [+879 chars]"}, {"source": {"id": "the-times-of-india", "name": "The Times of India"}, "author": "PTI", "title": "19 new COVID-19 cases reported in Kerala, 1.20 lakh under observation", "description": "Kannur accounted for the highest number cases on Thursday with nine, while three cases each were from Kasaragod and Malappuram districts, followed by two from Thrissur and one each from Idukki and Wayanad, he told reporters here after a COVID-19 review meetin\u2026", "url": "https://economictimes.indiatimes.com/news/politics-and-nation/19-new-covid-19-cases-reported-in-kerala-1-20-lakh-under-observation/articleshow/74833039.cms", "urlToImage": "https://img.etimg.com/thumb/msid-74833035,width-1070,height-580,imgsize-562655,overlay-economictimes/photo.jpg", "publishedAt": "2020-03-26T14:15:24Z", "content": "Thiruvananthapuram: Kerala reported 19 more positive cases of coronavirus on Thursday, taking the total number of infected people under treatment to 126, Chief Minister Pinarayi Vijayan said.\r\nKannur accounted for the highest number cases on Thursday with nin\u2026 [+424 chars]"}, {"source": {"id": "the-times-of-india", "name": "The Times of India"}, "author": "Bloomberg", "title": "Kids might be silently spreading Covid-19 - Times of India", "description": "The findings suggest that infected children showing no clinical signs of disease are both difficult, and important,", "url": "https://timesofindia.indiatimes.com/life-style/health-fitness/health-news/kids-might-be-silently-spreading-covid-19/articleshow/74832100.cms", "urlToImage": "https://static.toiimg.com/thumb/msid-74832272,width-1070,height-580,overlay-toi_sw,pt-32,y_pad-40,resizemode-75,imgsize-654529/74832272.jpg", "publishedAt": "2020-03-26T17:30:26Z", "content": "Children seem to be largely spared from the life-threatening complications of Covid-19, but they might be silently spreading the virus, doctors in China found.\r\nDetailed analysis of 36 pediatric cases in Chinas Zhejiang province found that the pandemic-causin\u2026 [+2245 chars]"}, {"source": {"id": "the-times-of-india", "name": "The Times of India"}, "author": null, "title": "Covid 19: Robots to treat patients in Jaipur's SMS hospital - Times of India", "description": "Jaipur's Sawai Man Singh Hospital is planning to use robots to treat the patients of Novel Coronavirus (Covid-19). A successful demonstration was conducted in the isolation ward of the hospital on Wednesday. SMS hospital superintendent Dr DS Meena said that a\u2026", "url": "https://timesofindia.indiatimes.com/videos/city/jaipur/covid-19-robots-to-treat-patients-in-jaipurs-sms-hospital/videoshow/74818087.cms", "urlToImage": "https://timesofindia.indiatimes.com/photo/msid-74818087,imgsize-585327.cms", "publishedAt": "2020-03-26T00:30:00Z", "content": "Mar 26, 2020, 08:20AM ISTSource: TOI.inJaipur's Sawai Man Singh Hospital is planning to use robots to treat the patients of Novel Coronavirus (Covid-19). A successful demonstration was conducted in the isolation ward of the hospital on Wednesday. SMS hospital\u2026 [+318 chars]"}, {"source": {"id": "the-times-of-india", "name": "The Times of India"}, "author": "PTI", "title": "COVID-19 transmission guidebook: Chances of coronavirus spreading through tears low - Economic Times", "description": "COVID-19 transmission guidebook: Chances of coronavirus spreading through tears low Economic Times It\u2019s Okay to Cry, Coronavirus Does Not Spread Through Tears News18 Coronavirus may not spread through tears Livemint Coronavirus spreading through tears? Here\u2019s\u2026", "url": "https://economictimes.indiatimes.com/magazines/panache/covid-19-transmission-guidebook-chances-of-coronavirus-spreading-through-tears-low/articleshow/74827681.cms", "urlToImage": "https://img.etimg.com/thumb/msid-74827871,width-1070,height-580,imgsize-568073,overlay-etpanache/photo.jpg", "publishedAt": "2020-03-26T12:24:45Z", "content": "SINGAPORE: It is unlikely that COVID-19 patients transmit the deadly novel coronavirus through their tears, according to a study which sheds more light on how the virus spreads via bodily fluids. The study, published in the journal Ophthalmology, assessed tea\u2026 [+3822 chars]"}, {"source": {"id": "the-times-of-india", "name": "The Times of India"}, "author": "IANS", "title": "Maharashtra COVID-19 positive cases now 124", "description": "India News: Earlier on Thursday, the test reports of two persons admitted was found positive and their treatment is underway.", "url": "https://timesofindia.indiatimes.com/india/maharashtra-covid-19-positive-cases-now-124/articleshow/74826576.cms", "urlToImage": "https://static.toiimg.com/thumb/msid-74826565,width-1070,height-580,imgsize-856336,resizemode-75,overlay-toi_sw,pt-32,y_pad-40/photo.jpg", "publishedAt": "2020-03-26T08:12:01Z", "content": "Subscribe\r\nStart Your Daily Mornings with Times of India Newspaper!Order Now"}, {"source": {"id": "the-times-of-india", "name": "The Times of India"}, "author": "TNN", "title": "Covid scare now becomes children\u2019s nightmares", "description": "India News: MUMBAI: A few days after school closed, the nightmares began.", "url": "https://timesofindia.indiatimes.com/india/covid-scare-now-becomes-childrens-nightmares/articleshow/74838254.cms", "urlToImage": "https://static.toiimg.com/thumb/msid-47529300,width-1070,height-580,imgsize-110164,resizemode-75,overlay-toi_sw,pt-32,y_pad-40/photo.jpg", "publishedAt": "2020-03-26T23:55:56Z", "content": "Subscribe\r\nStart Your Daily Mornings with Times of India Newspaper!Order Now"}, {"source": {"id": "the-times-of-india", "name": "The Times of India"}, "author": "PTI", "title": "China bans entry of foreigners holding valid visas to prevent second wave of Covid-19 infections - Times of India", "description": "China News: BEIJING: China on Thursday announced a temporary ban on entry of foreigners holding valid visas or residence permits and drastically cut international.", "url": "https://timesofindia.indiatimes.com/world/china/china-bans-entry-of-foreigners-holding-valid-visas-to-prevent-second-wave-of-covid-19-infections/articleshow/74836603.cms", "urlToImage": "https://static.toiimg.com/thumb/msid-74837112,width-1070,height-580,imgsize-363709,resizemode-75,overlay-toi_sw,pt-32,y_pad-40/photo.jpg", "publishedAt": "2020-03-26T23:42:23Z", "content": "Subscribe\r\nStart Your Daily Mornings with Times of India Newspaper!Order Now"}, {"source": {"id": "the-times-of-india", "name": "The Times of India"}, "author": "TIMESOFINDIA.COM", "title": "Kanika Kapoor deletes Instagram post where she had revealed about testing positive for Covid-19 - Times of India", "description": "Kanika Kapoor deletes Instagram post where she had revealed about testing positive for Covid-19 Times of India Singer Kanika Kapoor Tests Coronavirus-Positive For 3rd Time, Friend Tests Negative NDTV News Fact Check: Old pictures of Kanika Kapoor with Prince \u2026", "url": "https://timesofindia.indiatimes.com/entertainment/hindi/music/news/kanika-kapoor-deletes-instagram-post-where-she-had-revealed-about-testing-positive-for-covid-19/articleshow/74822015.cms", "urlToImage": "https://static.toiimg.com/thumb/msid-74822015,width-1070,height-580,overlay-toi_sw,pt-32,y_pad-40,resizemode-75,imgsize-554949/74822015.jpg", "publishedAt": "2020-03-26T04:18:00Z", "content": null}, {"source": {"id": "the-times-of-india", "name": "The Times of India"}, "author": "Prachee Kulkarni", "title": "Pune-based Mylab becomes first Indian company to get commercial approval for COVID-19 test kit - Pune Mirror", "description": "Pune-based Mylab becomes first Indian company to get commercial approval for COVID-19 test kit Pune Mirror ICMR invites quotations from manufacturers for supply of COVID-19 test kits BusinessLine Coronavirus: Medical research body ICMR floats tender to buy 1 \u2026", "url": "https://punemirror.indiatimes.com/pune/others/pune-based-mylab-becomes-first-indian-company-to-get-commercial-approval-for-covid-19-test-kit/articleshow/74822251.cms", "urlToImage": "https://static.toiimg.com/photo/imgsize-1930336,msid-74822522/74822522.jpg", "publishedAt": "2020-03-26T05:01:39Z", "content": "A Pune\r\n based molecular diagnostic company has become the first one to develop a diagnostic kit for coronavirus\r\n testing. \r\nThe kit called Mylab\r\n PathoDetect Covid-19 qualitative PCR kit is the first one to receive commercial approval from Indian FDA/centr\u2026 [+2145 chars]"}, {"source": {"id": "the-times-of-india", "name": "The Times of India"}, "author": "TNN", "title": "When humanity shines even through the gloom of Covid-19", "description": "India News: Every day till April 14, shoe exporters in Agra will hand out 5,000 food packets to those who have lost their livelihoods because of the Covid-19 lock.", "url": "https://timesofindia.indiatimes.com/india/when-humanity-shines-even-through-the-gloom-of-covid-19/articleshow/74838138.cms", "urlToImage": "https://static.toiimg.com/thumb/msid-74838142,width-1070,height-580,imgsize-219280,resizemode-75,overlay-toi_sw,pt-32,y_pad-40/photo.jpg", "publishedAt": "2020-03-26T22:26:22Z", "content": "Subscribe\r\nStart Your Daily Mornings with Times of India Newspaper!Order Now"}, {"source": {"id": "the-times-of-india", "name": "The Times of India"}, "author": "PTI", "title": "COVID-19 lockdown: Many apps trying to keep people engaged", "description": "Amid a lockdown across the country to curtail the spread of COVID-19, there are many apps that are trying to make life more involved and a little easier with contactless delivery options, maintaining health and wellness, gaming, navigation guidance and even p\u2026", "url": "https://timesofindia.indiatimes.com/india/covid-19-lockdown-many-apps-trying-to-keep-people-engaged/articleshow/74832908.cms", "urlToImage": "https://static.toiimg.com/thumb/msid-74832922,width-1070,height-580,imgsize-1013303,resizemode-75,overlay-toi_sw,pt-32,y_pad-40/photo.jpg", "publishedAt": "2020-03-26T13:59:47Z", "content": "Subscribe\r\nStart Your Daily Mornings with Times of India Newspaper!Order Now"}, {"source": {"id": "the-times-of-india", "name": "The Times of India"}, "author": "IANS", "title": "Another COVID-19 case in Bengal, state count reaches 10", "description": "India News: KOLKATA: A 66-year-old man, admitted at a private hospital here, has been detected with the coronavirus infection, taking the total number of positive.", "url": "https://timesofindia.indiatimes.com/india/another-covid-19-case-in-bengal-state-count-reaches-10/articleshow/74827114.cms", "urlToImage": "https://static.toiimg.com/thumb/msid-74827111,width-1070,height-580,imgsize-622848,resizemode-75,overlay-toi_sw,pt-32,y_pad-40/photo.jpg", "publishedAt": "2020-03-26T08:47:05Z", "content": "Subscribe\r\nStart Your Daily Mornings with Times of India Newspaper!Order Now"}, {"source": {"id": "the-times-of-india", "name": "The Times of India"}, "author": "PTI", "title": "PM Modi discusses Covid-19 situation with UAE, Qatar leaders", "description": "India News: NEW DELHI: Prime Minister Narendra Modi on Thursday spoke with the crown prince of Abu Dhabi Sheikh Mohammed Bin Zayed Al Nahyan and the emir of the s.", "url": "https://timesofindia.indiatimes.com/india/pm-modi-discusses-covid-19-situation-with-uae-qatar-leaders/articleshow/74836465.cms", "urlToImage": "https://static.toiimg.com/thumb/msid-74836484,width-1070,height-580,imgsize-382225,resizemode-75,overlay-toi_sw,pt-32,y_pad-40/photo.jpg", "publishedAt": "2020-03-26T17:29:17Z", "content": "Subscribe\r\nStart Your Daily Mornings with Times of India Newspaper!Order Now"}, {"source": {"id": "the-times-of-india", "name": "The Times of India"}, "author": "PTI", "title": "Two more Covid-19 cases in Bihar, total count six", "description": "India News: PATNA: Two residents of Munger district in Bihar tested positive for Covid-19 on Thursday, taking the total number of confirmed cases in the state to .", "url": "https://timesofindia.indiatimes.com/india/two-more-covid-19-cases-in-bihar-total-count-six/articleshow/74825515.cms", "urlToImage": "https://static.toiimg.com/thumb/msid-74825585,width-1070,height-580,imgsize-432012,resizemode-75,overlay-toi_sw,pt-32,y_pad-40/photo.jpg", "publishedAt": "2020-03-26T07:24:36Z", "content": "Subscribe\r\nStart Your Daily Mornings with Times of India Newspaper!Order Now"}, {"source": {"id": "the-times-of-india", "name": "The Times of India"}, "author": "ANI", "title": "COVID-19: Rajnath Singh holds review meeting to check preparedness", "description": "Defence Minister Rajnath Singh on Thursday chaired a review meeting with the Chief of Defence Staff General Bipin Rawat, Chiefs of Army, Navy and Air Force and senior officials on the preparedness for tackling COVID-19 menace.", "url": "https://timesofindia.indiatimes.com/india/covid-19-rajnath-singh-holds-review-meeting-to-check-preparedness/articleshow/74824835.cms", "urlToImage": "https://static.toiimg.com/thumb/msid-74824856,width-1070,height-580,imgsize-88298,resizemode-75,overlay-toi_sw,pt-32,y_pad-40/photo.jpg", "publishedAt": "2020-03-26T06:48:03Z", "content": "Raksha Mantri Shri @rajnathsingh held a review meeting on #MoD's action plan to deal with #COVID2019 situation in N https://t.co/mdvmzojBtp\r\n\u2014 ADG (M&amp;C) DPR (@SpokespersonMoD) 1585205105000"}, {"source": {"id": "the-times-of-india", "name": "The Times of India"}, "author": "IANS", "title": "COVID-19: Govt bats for telemedicine with new guidelines", "description": "India News: NEW DELHI: At a time when social distancing amid nationwide lockdown has kept people confined to their homes, the Medical Council of India (MCI) along.", "url": "https://timesofindia.indiatimes.com/india/covid-19-govt-bats-for-telemedicine-with-new-guidelines/articleshow/74828402.cms", "urlToImage": "https://static.toiimg.com/thumb/msid-74828348,width-1070,height-580,imgsize-572093,resizemode-75,overlay-toi_sw,pt-32,y_pad-40/photo.jpg", "publishedAt": "2020-03-26T09:57:50Z", "content": "Subscribe\r\nStart Your Daily Mornings with Times of India Newspaper!Order Now"}, {"source": {"id": "the-times-of-india", "name": "The Times of India"}, "author": "ANI", "title": "Centre permits doorstep delivery of medicines during Covid-19 lockdown", "description": "The Central government on Thursday allowed doorstep delivery of medicines to people during the 21-day nationwide lockdown to stop the spread of coronavirus. \"Any sale of such drugs shall be based on receipt of prescription that is to be submitted physically o\u2026", "url": "https://timesofindia.indiatimes.com/india/centre-permits-doorstep-delivery-of-medicines-during-covid-19-lockdown/articleshow/74829942.cms", "urlToImage": "https://static.toiimg.com/thumb/msid-74830126,width-1070,height-580,imgsize-480466,resizemode-75,overlay-toi_sw,pt-32,y_pad-40/photo.jpg", "publishedAt": "2020-03-26T11:19:47Z", "content": "Subscribe\r\nStart Your Daily Mornings with Times of India Newspaper!Order Now"}, {"source": {"id": "the-times-of-india", "name": "The Times of India"}, "author": "TNN", "title": "Covid-19: Now taskforce to map & scout for tech, solutions", "description": "India News: BENGALURU: The Department of Science and Technology (DST) is coordinating an effort to upscale appropriate technologies and manufacturing available in.", "url": "https://timesofindia.indiatimes.com/india/covid-19-now-taskforce-to-map-scout-for-tech-solutions/articleshow/74829128.cms", "urlToImage": "https://static.toiimg.com/thumb/msid-47529300,width-1070,height-580,imgsize-110164,resizemode-75,overlay-toi_sw,pt-32,y_pad-40/photo.jpg", "publishedAt": "2020-03-26T10:36:15Z", "content": "Subscribe\r\nStart Your Daily Mornings with Times of India Newspaper!Order Now"}, {"source": {"id": "the-times-of-india", "name": "The Times of India"}, "author": "PTI", "title": "Covid-19 lockdown: Rights groups demand immediate social security measures for women", "description": "India News: NEW DELHI: Women's rights groups on Thursday urged Prime Minister Narendra Modi to provide immediate cover of social security measures, including cash.", "url": "https://timesofindia.indiatimes.com/india/covid-19-lockdown-rights-groups-demand-immediate-social-security-measures-for-women/articleshow/74833409.cms", "urlToImage": "https://static.toiimg.com/thumb/msid-74833445,width-1070,height-580,imgsize-72956,resizemode-75,overlay-toi_sw,pt-32,y_pad-40/photo.jpg", "publishedAt": "2020-03-26T14:18:26Z", "content": "Subscribe\r\nStart Your Daily Mornings with Times of India Newspaper!Order Now"}, {"source": {"id": "the-times-of-india", "name": "The Times of India"}, "author": "PTI", "title": "17 states earmarking hospitals for dedicated treatment of Covid-19 patients: Health ministry", "description": "The health ministry on Thursday said that 17 states have started work on earmarking hospitals for dedicated treatment of Covid-19 patients. Briefing the press on the coronavirus situation, Health Ministry joint secretary Lav Agarwal said, \"There is still no h\u2026", "url": "https://timesofindia.indiatimes.com/india/17-states-earmarking-hospitals-for-dedicated-treatment-of-covid-19-patients-health-ministry/articleshow/74829501.cms", "urlToImage": "https://static.toiimg.com/thumb/msid-74829751,width-1070,height-580,imgsize-361389,resizemode-75,overlay-toi_sw,pt-32,y_pad-40/photo.jpg", "publishedAt": "2020-03-26T11:05:05Z", "content": "Subscribe\r\nStart Your Daily Mornings with Times of India Newspaper!Order Now"}, {"source": {"id": "the-times-of-india", "name": "The Times of India"}, "author": "PTI", "title": "COVID-19: IAF creates nine quarantine facilities at its nodal bases across country", "description": "IAF aircraft are continuing to fly in medical supplies and doctors to Leh and fly out blood samples for COVID-19 testing to Chandigarh and Delhi, the release noted.", "url": "https://timesofindia.indiatimes.com/india/covid-19-iaf-creates-nine-quarantine-facilities-at-its-nodal-bases-across-country/articleshow/74830346.cms", "urlToImage": "https://static.toiimg.com/thumb/msid-74830425,width-1070,height-580,imgsize-1695202,resizemode-75,overlay-toi_sw,pt-32,y_pad-40/photo.jpg", "publishedAt": "2020-03-26T11:30:31Z", "content": "Subscribe\r\nStart Your Daily Mornings with Times of India Newspaper!Order Now"}, {"source": {"id": "the-times-of-india", "name": "The Times of India"}, "author": "TNN", "title": "Activists ask govt to ensure free Covid-19 tests even in private labs", "description": "India News: NEW DELHI: Public health activists have called for government to ensure free testing for Covid-19 even from private labs.", "url": "https://timesofindia.indiatimes.com/india/activists-ask-govt-to-ensure-free-covid-tests-even-in-private-labs/articleshow/74835924.cms", "urlToImage": "https://static.toiimg.com/thumb/msid-47529300,width-1070,height-580,imgsize-110164,resizemode-75,overlay-toi_sw,pt-32,y_pad-40/photo.jpg", "publishedAt": "2020-03-26T17:18:22Z", "content": "Subscribe\r\nStart Your Daily Mornings with Times of India Newspaper!Order Now"}, {"source": {"id": "the-times-of-india", "name": "The Times of India"}, "author": "IANS", "title": "Marriages take a beating due to COVID-19, many in trouble", "description": "As on date, the total number of coronavirus cases in Kerala is 118 and there are 76,542 people under observation, of which 532 are at various hospitals and the rest at their homes.", "url": "https://timesofindia.indiatimes.com/india/marriages-take-a-beating-due-to-covid-19-many-in-trouble/articleshow/74824544.cms", "urlToImage": "https://static.toiimg.com/thumb/msid-74824502,width-1070,height-580,imgsize-830446,resizemode-75,overlay-toi_sw,pt-32,y_pad-40/photo.jpg", "publishedAt": "2020-03-26T06:28:41Z", "content": "Subscribe\r\nStart Your Daily Mornings with Times of India Newspaper!Order Now"}, {"source": {"id": "the-times-of-india", "name": "The Times of India"}, "author": "IANS", "title": "Urban working professionals hit hard by India Covid-19 lockdown: Survey", "description": "India News: NEW DELHI: Over eight in 10 urban working professionals in India claim the novel coronavirus has large or moderate impact on their business and declin.", "url": "https://timesofindia.indiatimes.com/india/urban-working-professionals-hit-hard-by-india-covid-19-lockdown-survey/articleshow/74826837.cms", "urlToImage": "https://static.toiimg.com/thumb/msid-74826810,width-1070,height-580,imgsize-949219,resizemode-75,overlay-toi_sw,pt-32,y_pad-40/photo.jpg", "publishedAt": "2020-03-26T08:30:48Z", "content": "Subscribe\r\nStart Your Daily Mornings with Times of India Newspaper!Order Now"}, {"source": {"id": "the-times-of-india", "name": "The Times of India"}, "author": "IANS", "title": "Railways mulls converting coaches into isolation wards for Covid-19 patients", "description": "India News: NEW DELHI: The Indian Railways is contemplating to convert its coaches and cabins in isolation wards in view of the growing number of COVID-19 patient.", "url": "https://timesofindia.indiatimes.com/india/railways-mulls-converting-coaches-into-isolation-wards-for-covid-19-patients/articleshow/74827212.cms", "urlToImage": "https://static.toiimg.com/thumb/msid-74827185,width-1070,height-580,imgsize-616933,resizemode-75,overlay-toi_sw,pt-32,y_pad-40/photo.jpg", "publishedAt": "2020-03-26T08:51:36Z", "content": "Subscribe\r\nStart Your Daily Mornings with Times of India Newspaper!Order Now"}, {"source": {"id": "the-times-of-india", "name": "The Times of India"}, "author": "IANS", "title": "Covid-19 lockdown: Jharkhand govt to provide essentials at people's doorsteps", "description": "India News: RANCHI: With people facing problems in availability of items of daily needs on the first day of the nationwide lockdown, the Jharkhand government on T.", "url": "https://timesofindia.indiatimes.com/india/covid-19-lockdown-jharkhand-govt-to-provide-essentials-at-peoples-doorsteps/articleshow/74826901.cms", "urlToImage": "https://static.toiimg.com/thumb/msid-74826935,width-1070,height-580,imgsize-674409,resizemode-75,overlay-toi_sw,pt-32,y_pad-40/photo.jpg", "publishedAt": "2020-03-26T08:42:00Z", "content": "Subscribe\r\nStart Your Daily Mornings with Times of India Newspaper!Order Now"}, {"source": {"id": "the-times-of-india", "name": "The Times of India"}, "author": "IANS", "title": "Covid-19 lockdown: Individuals in UP reach out to poor, elderly with food", "description": "India News: LUCKNOW: The doorstep delivery of essential goods, as announced by the Yogi Adityanath government, may not have manifested itself on the ground yet, b.", "url": "https://timesofindia.indiatimes.com/india/covid-19-lockdown-individuals-in-up-reach-out-to-poor-elderly-with-food/articleshow/74826698.cms", "urlToImage": "https://static.toiimg.com/thumb/msid-74826681,width-1070,height-580,imgsize-727106,resizemode-75,overlay-toi_sw,pt-32,y_pad-40/photo.jpg", "publishedAt": "2020-03-26T08:20:14Z", "content": "Subscribe\r\nStart Your Daily Mornings with Times of India Newspaper!Order Now"}, {"source": {"id": "the-times-of-india", "name": "The Times of India"}, "author": "PTI", "title": "'Nearly 70 drugs that may be effective against COVID-19 identified'", "description": "According to the researchers, some of the medications are already used to treat diseases such as diabetes and hypertension, and repurposing them to treat COVID-19 may be faster than trying to invent a new vaccine.", "url": "https://timesofindia.indiatimes.com/india/nearly-70-drugs-that-may-be-effective-against-covid-19-identified/articleshow/74826004.cms", "urlToImage": "https://static.toiimg.com/thumb/msid-74826059,width-1070,height-580,imgsize-138906,resizemode-75,overlay-toi_sw,pt-32,y_pad-40/photo.jpg", "publishedAt": "2020-03-26T07:49:05Z", "content": "Subscribe\r\nStart Your Daily Mornings with Times of India Newspaper!Order Now"}, {"source": {"id": "the-times-of-india", "name": "The Times of India"}, "author": "PTI", "title": "Odisha planning to set up second Covid-19 testing lab at Sambalpur hospital", "description": "India News: SAMBALPUR: The Odisha government is planning to set up a Covid-19 testing laboratory at a hospital here to ease the burden on the states only other fa.", "url": "https://timesofindia.indiatimes.com/india/odisha-planning-to-set-up-second-covid-19-testing-lab-at-sambalpur-hospital/articleshow/74824953.cms", "urlToImage": "https://static.toiimg.com/thumb/msid-74825047,width-1070,height-580,imgsize-670164,resizemode-75,overlay-toi_sw,pt-32,y_pad-40/photo.jpg", "publishedAt": "2020-03-26T06:58:08Z", "content": "Subscribe\r\nStart Your Daily Mornings with Times of India Newspaper!Order Now"}, {"source": {"id": "the-times-of-india", "name": "The Times of India"}, "author": "TNN", "title": "50% of Maharashtra\u2019s Covid-19 patients aged 31-50; 66% of cases imported", "description": "India News: MUMBAI: Almost half of the patients who tested positive for Covid-19 in Maharashtra are in the 31-50 age group, shows an analysis of the first 122 pat.", "url": "https://timesofindia.indiatimes.com/india/50-of-maharashtras-covid-19-patients-aged-31-50-66-of-cases-imported/articleshow/74838184.cms", "urlToImage": "https://static.toiimg.com/thumb/msid-74838185,width-1070,height-580,imgsize-207885,resizemode-75,overlay-toi_sw,pt-32,y_pad-40/photo.jpg", "publishedAt": "2020-03-26T22:59:29Z", "content": "Subscribe\r\nStart Your Daily Mornings with Times of India Newspaper!Order Now"}, {"source": {"id": "the-times-of-india", "name": "The Times of India"}, "author": "Times Of India", "title": "Combating Covid-19: Congress welcomes Centre\u2019s financial package, CPM says not enough", "description": "India News: NEW DELIH: Welcoming the financial package announced by the Centre to bail out the farm community and poor affected by the 21-day country-wide lock do.", "url": "https://timesofindia.indiatimes.com/india/congress-welcomes-centres-financial-package-cpm-says-not-enough/articleshow/74834560.cms", "urlToImage": "https://static.toiimg.com/thumb/msid-47529300,width-1070,height-580,imgsize-110164,resizemode-75,overlay-toi_sw,pt-32,y_pad-40/photo.jpg", "publishedAt": "2020-03-26T15:32:08Z", "content": "Subscribe\r\nStart Your Daily Mornings with Times of India Newspaper!Order Now"}, {"source": {"id": "the-times-of-india", "name": "The Times of India"}, "author": "IANS", "title": "35 companies in race to produce wonder vaccine to prevent COVID-19, trials started", "description": "Around 35 pharmaceutical companies and institutes are racing against time to create a possible vaccine to prevent thousands of people getting infected from COVID-19 virus. At least four such companies have already started testing in animals. Unprecedented spe\u2026", "url": "https://timesofindia.indiatimes.com/india/35-companies-in-race-to-produce-wonder-vaccine-to-prevent-covid-19-trials-started/articleshow/74821471.cms", "urlToImage": "https://static.toiimg.com/thumb/msid-74821557,width-1070,height-580,imgsize-893819,resizemode-75,overlay-toi_sw,pt-32,y_pad-40/photo.jpg", "publishedAt": "2020-03-26T03:23:46Z", "content": "Subscribe\r\nStart Your Daily Mornings with Times of India Newspaper!Order Now"}, {"source": {"id": "the-times-of-india", "name": "The Times of India"}, "author": "TNN", "title": "Bhilwara collector \u2018takes over\u2019 five private hospitals, \u2018books\u2019 1,500 hotel rooms for Covid-19 care", "description": "India News: JAIPUR: After 19 persons tested positive for Covid-19 in Rajasthan\u2019s Bhilwara, the collector has now \u201ctaken over\u201d five private hospitals to scale up t.", "url": "https://timesofindia.indiatimes.com/india/bhilwara-collector-takes-over-five-private-hospitals-books-1500-hotel-rooms-for-covid-19-care/articleshow/74838176.cms", "urlToImage": "https://static.toiimg.com/thumb/msid-74838175,width-1070,height-580,imgsize-118664,resizemode-75,overlay-toi_sw,pt-32,y_pad-40/photo.jpg", "publishedAt": "2020-03-26T22:51:24Z", "content": "Subscribe\r\nStart Your Daily Mornings with Times of India Newspaper!Order Now"}, {"source": {"id": "the-times-of-india", "name": "The Times of India"}, "author": "TNN", "title": "Hunt for 400-odd contacts of J&K\u2019s first Covid-19 casualty", "description": "India News: SRINAGAR: A 65-year-old trader and preacher from Sopore in J & K on Thursday became the first Covid-19 casualty in the Valley amid fears that he m.", "url": "https://timesofindia.indiatimes.com/india/hunt-for-400-odd-contacts-of-jks-first-covid-19-casualty/articleshow/74836680.cms", "urlToImage": "https://static.toiimg.com/thumb/msid-47529300,width-1070,height-580,imgsize-110164,resizemode-75,overlay-toi_sw,pt-32,y_pad-40/photo.jpg", "publishedAt": "2020-03-26T17:41:53Z", "content": "Subscribe\r\nStart Your Daily Mornings with Times of India Newspaper!Order Now"}, {"source": {"id": "the-times-of-india", "name": "The Times of India"}, "author": "TNN", "title": "Rajnath asks armed forces to further step up their efforts in combating Covid-19", "description": "India News: NEW DELHI: With the number of coronavirus cases increasing in the country, defence minister Rajanth Singh on Thursday asked the armed forces to furthe.", "url": "https://timesofindia.indiatimes.com/india/rajnath-asks-armed-forces-to-further-step-up-their-efforts-in-combating-covid-19/articleshow/74830858.cms", "urlToImage": "https://static.toiimg.com/thumb/msid-74830853,width-1070,height-580,imgsize-274795,resizemode-75,overlay-toi_sw,pt-32,y_pad-40/photo.jpg", "publishedAt": "2020-03-26T11:59:14Z", "content": "Subscribe\r\nStart Your Daily Mornings with Times of India Newspaper!Order Now"}, {"source": {"id": "the-times-of-india", "name": "The Times of India"}, "author": "Saikat Das", "title": "Covid-19 takes a toll on state bonds", "description": "The scene may further worsen with the country\u2019s economic activities taking a pause for 21 days after the government locked down the country amid Covid-19 outbreak.", "url": "https://economictimes.indiatimes.com/markets/bonds/covid-19-takes-a-toll-on-state-bonds/articleshow/74821323.cms", "urlToImage": "https://img.etimg.com/thumb/msid-74821317,width-1070,height-580,imgsize-331951,overlay-etmarkets/photo.jpg", "publishedAt": "2020-03-26T03:18:18Z", "content": "Mumbai: State bonds have started to show signs of stress with the yield differential widening by as much as 100 basis points for some states including Telengana, Maharashtra, Uttar Pradesh and Jammu &amp; Kashmir.\r\nWhile states are looking to borrow their pla\u2026 [+2453 chars]"}, {"source": {"id": "the-times-of-india", "name": "The Times of India"}, "author": "Saikat Das", "title": "Covid-19 takes a toll on state bonds", "description": "The scene may further worsen with the country\u2019s economic activities taking a pause for 21 days after the government locked down the country amid Covid-19 outbreak.", "url": "https://economictimes.indiatimes.com/markets/bonds/covid-19-takes-a-toll-on-state-bonds/articleshow/74822607.cms", "urlToImage": "https://img.etimg.com/thumb/msid-74821317,width-1070,height-580,imgsize-331951,overlay-etwealth/photo.jpg", "publishedAt": "2020-03-26T03:18:18Z", "content": "Mumbai: State bonds have started to show signs of stress with the yield differential widening by as much as 100 basis points for some states including Telengana, Maharashtra, Uttar Pradesh and Jammu &amp; Kashmir.\r\nWhile states are looking to borrow their pla\u2026 [+2453 chars]"}, {"source": {"id": "the-times-of-india", "name": "The Times of India"}, "author": "Deepshikha Sikarwar", "title": "Covid-19 pandemic: Finmin writes to RBI on relief measures", "description": "Finmin highlighted the need for relief measures as individuals & businesses face loss of income.", "url": "https://economictimes.indiatimes.com/news/economy/finance/finmin-writes-to-rbi-on-relief-measures/articleshow/74822309.cms", "urlToImage": "https://img.etimg.com/thumb/msid-74820621,width-1070,height-580,imgsize-87034,overlay-etwealth/photo.jpg", "publishedAt": "2020-03-26T02:16:19Z", "content": "New Delhi: The finance ministry has asked the Reserve Bank of India (RBI) to consider implementing a series of emergency measures aimed at helping borrowers cope with the economic havoc wreaked by the Covid-19 pandemic, said a person aware of the development.\u2026 [+2800 chars]"}, {"source": {"id": "the-times-of-india", "name": "The Times of India"}, "author": "PTI", "title": "More than dozen PSBs announce COVID-19 emergency credit line", "description": "As many as 15  out of the total 18 PSB have announced schemes to mitigate hardship faced by various segments.", "url": "https://economictimes.indiatimes.com/industry/banking/finance/banking/more-than-dozen-psbs-announce-covid-19-emergency-credit-line/articleshow/74841282.cms", "urlToImage": "https://img.etimg.com/thumb/msid-74833268,width-1070,height-580,imgsize-738030,overlay-etwealth/photo.jpg", "publishedAt": "2020-03-26T14:24:30Z", "content": "New Delhi: More than a dozen public sector banks out have announced COVID-19 Emergency Credit Line to deal with the hardship faced by various sectors of the economy. \r\nThough public sectors banks (PSBs) were quick to respond with steps to deal with the hardsh\u2026 [+2756 chars]"}, {"source": {"id": "the-times-of-india", "name": "The Times of India"}, "author": "Deepshikha Sikarwar", "title": "Covid-19 pandemic: Finmin writes to RBI on relief measures", "description": "Department of financial services secretary Debashish Panda wrote to the RBI on Tuesday suggesting a moratorium of a few months on the payment of equated monthly installments (EMIs), interest and loan repayments and a relaxation in the classification of nonper\u2026", "url": "https://economictimes.indiatimes.com/news/economy/finance/finmin-writes-to-rbi-on-relief-measures/articleshow/74819192.cms", "urlToImage": "https://img.etimg.com/thumb/msid-74820621,width-1070,height-580,imgsize-87034,overlay-economictimes/photo.jpg", "publishedAt": "2020-03-26T02:16:19Z", "content": "New Delhi: The finance ministry has asked the Reserve Bank of India (RBI) to consider implementing a series of emergency measures aimed at helping borrowers cope with the economic havoc wreaked by the Covid-19 pandemic, said a person aware of the development.\u2026 [+2800 chars]"}, {"source": {"id": "the-times-of-india", "name": "The Times of India"}, "author": "Anirban Chowdhury", "title": "COVID-19: Cabinet Secretary instructs states to clear cargo logjam", "description": "Cabinet secretary Rajiv Gauba Thursday instructed top state bureaucrats that the hundreds of trucks stranded at check posts across the country should be allowed to reach their destinations, said a person close to the development.", "url": "https://economictimes.indiatimes.com/news/economy/policy/covid-19-cabinet-secretary-instructs-states-to-clear-cargo-logjam/articleshow/74833632.cms", "urlToImage": "https://img.etimg.com/thumb/msid-74833691,width-1070,height-580,imgsize-1079594,overlay-economictimes/photo.jpg", "publishedAt": "2020-03-26T14:52:14Z", "content": "MUMBAI: Cabinet secretary Rajiv Gauba Thursday instructed top state bureaucrats that the hundreds of trucks stranded at check posts across the country should be allowed to reach their destinations, said a person close to the development.\r\nThese will include n\u2026 [+1506 chars]"}, {"source": {"id": "the-times-of-india", "name": "The Times of India"}, "author": "ANI", "title": "COVID-19: Rahman postpones North America tour", "description": "Music director AR Rahman on Thursday announced that he is postponing this year's music tour of North America due to the coronavirus pandemic.", "url": "https://timesofindia.indiatimes.com/entertainment/hindi/music/news/ar-rahman-postpones-north-america-tour-due-to-coronavirus-pandemic/articleshow/74838159.cms", "urlToImage": "https://static.toiimg.com/thumb/msid-74838161,width-1070,height-580,overlay-toi_sw,pt-32,y_pad-40,resizemode-75,imgsize-77269/74838161.jpg", "publishedAt": "2020-03-26T22:41:54Z", "content": null}, {"source": {"id": "the-times-of-india", "name": "The Times of India"}, "author": "Gayathri Nayak", "title": "Covid-19 scare: Depositors withdraw Rs 53,000 crore cash in 15 days", "description": "Cash withdrawals from banks hit a 16-month high when the public withdrew Rs 53,000 crore during the fortnight ended March 13, according to the data released by the Reserve Bank of India (RBI). Such huge cash withdrawals are seen only during festivals or elect\u2026", "url": "https://economictimes.indiatimes.com/industry/banking/finance/banking/depositors-withdraw-53000-crore-cash-in-15-days/articleshow/74841486.cms", "urlToImage": "https://img.etimg.com/thumb/msid-74838603,width-1070,height-580,imgsize-138353,overlay-etwealth/photo.jpg", "publishedAt": "2020-03-26T22:48:05Z", "content": "Mumbai: Indians have been withdrawing cash from banks this month to prepare themselves for likely emergencies, with the Covid-19-induced shutdown in the last week of the month putting the spotlight on access to essential goods for billion-plus consumers.\r\nCas\u2026 [+1956 chars]"}, {"source": {"id": "the-times-of-india", "name": "The Times of India"}, "author": "PTI", "title": "Kotak Mahindra to reimburse employees, family members for COVID-19 test", "description": "The Kotak Mahindra group, which runs private sector lender Kotak Mahindra Bank, has nearly 60,000 employees. Earlier this week, the government had allowed select private sector entities to start testing for the dreaded virus, which has taken 13 lives in India\u2026", "url": "https://economictimes.indiatimes.com/industry/banking/finance/banking/kotak-mahindra-to-reimburse-employees-family-members-for-covid-19-test/articleshow/74828284.cms", "urlToImage": "https://img.etimg.com/thumb/msid-74828206,width-1070,height-580,imgsize-149393,overlay-etwealth/photo.jpg", "publishedAt": "2020-03-26T10:06:51Z", "content": "MUMBAI: Financial services major Kotak Mahindra Group on Thursday said it will reimburse its employees and their family members for COVID-19 (coronavirus) test.\r\nThe group, which runs private sector lender Kotak Mahindra Bank, has nearly 60,000 employees.\r\n\"A\u2026 [+926 chars]"}, {"source": {"id": "the-times-of-india", "name": "The Times of India"}, "author": "Kailash Babar", "title": "COVID-19 Impact: Maharashtra govt plans to grant funds for labourers", "description": "Builders in Maharashtra have already stopped construction work since Sunday in the backdrop of a state wide lockdown directive by the government.  An initial tranche of Rs 20 crore will be released for grocery and daily maintenance allowance of these workers.\u2026", "url": "https://economictimes.indiatimes.com/news/economy/policy/covid-19-impact-maharashtra-govt-plans-to-grant-funds-for-labourers/articleshow/74830043.cms", "urlToImage": "https://img.etimg.com/thumb/msid-74830060,width-1070,height-580,imgsize-284633,overlay-economictimes/photo.jpg", "publishedAt": "2020-03-26T11:37:46Z", "content": "MUMBAI: Maharashtra is planning to grant funds from the Building and Other Construction Workers' Welfare (BOCW) Cess Fund to help developers tide over immediate needs of over 2 lakh registered labourers in the state to soften the blow of the Covid-19 lockdown\u2026 [+1816 chars]"}, {"source": {"id": "the-times-of-india", "name": "The Times of India"}, "author": "ET CONTRIBUTORS", "title": "View: Govt's Covid relief should be aimed at helping needy, not boosting demand", "description": "Money is not the real challenge. Rather, it is choosing the right policy levers and being very clear about policy objectives. All that monetary policy must do right now is to keep the credit markets unclogged. Boosting consumer spending should not be the goal.", "url": "https://economictimes.indiatimes.com/news/economy/policy/view-govts-covid-relief-should-be-aimed-at-helping-needy-not-boosting-demand/articleshow/74837430.cms", "urlToImage": "https://img.etimg.com/thumb/msid-74837459,width-1070,height-580,imgsize-101162,overlay-economictimes/photo.jpg", "publishedAt": "2020-03-26T19:20:10Z", "content": "By Puja MehraAfter the Covid-19 outbreak, a sharp global recession is inevitable. The world economy is said to be at its weakest since World War 2. Massive relief of $6 trillion has been announced in the US. That\u2019s more than twice of India\u2019s GDP.\r\nIn India, t\u2026 [+4785 chars]"}, {"source": {"id": "the-times-of-india", "name": "The Times of India"}, "author": "TIMESOFINDIA.COM", "title": "COVID-19: Celebs who are working out at home", "description": "The Coronavirus outbreak has led to the closure of gyms across the city. However, Bollywood celebrities refuse to take a break from their fitness regime and have adopted different ways to workout at home. From Ranveer Singh and Varun Dhawan to Anil Kapoor, th\u2026", "url": "https://timesofindia.indiatimes.com/entertainment/hindi/bollywood/news/ranveer-singh-to-varun-dhawan-bollywood-actors-who-are-keeping-up-with-their-workout-routine-at-home-amid-coronavirus-outbreak/articleshow/74831877.cms", "urlToImage": "https://static.toiimg.com/thumb/msid-74831874,width-1070,height-580,overlay-toi_sw,pt-32,y_pad-40,resizemode-75,imgsize-296612/74831874.jpg", "publishedAt": "2020-03-26T12:53:32Z", "content": "The Coronavirus outbreak has led to the closure of gyms across the city. However, Bollywood celebrities refuse to take a break from their fitness regime and have adopted different ways to workout at home. From Ranveer Singh and Varun Dhawan to Anil Kapoor, th\u2026 [+2030 chars]"}, {"source": {"id": "the-times-of-india", "name": "The Times of India"}, "author": "ANI", "title": "COVID-19 positive Idris Elba & wife feel okay", "description": "Actor Idris Elba, after a week of self-isolation post testing positive for coronavirus, took to social media on Thursday to give an update of his current condition.", "url": "https://timesofindia.indiatimes.com/entertainment/english/hollywood/news/a-week-after-testing-covid-19-positive-idris-elba-wife-sabrina-feeling-okay/articleshow/74838174.cms", "urlToImage": "https://static.toiimg.com/thumb/msid-74838180,width-1070,height-580,overlay-toi_sw,pt-32,y_pad-40,resizemode-75,imgsize-79147/74838180.jpg", "publishedAt": "2020-03-26T22:50:34Z", "content": null}, {"source": {"id": "the-times-of-india", "name": "The Times of India"}, "author": "IANS", "title": "Here's what Emraan has to say on COVID-19", "description": "While there is no scientific evidence yet to prove the coronavirus was first transmitted from a bat to a person who might have consumed the animal, actor Emraan Hashmi made such a case in his latest tweet with mock conviction.", "url": "https://timesofindia.indiatimes.com/entertainment/hindi/bollywood/news/emraan-hashmi-on-covid-19-all-this-because-someone-wanted-to-eat-a-bat/articleshow/74837993.cms", "urlToImage": "https://static.toiimg.com/thumb/msid-74838011,width-1070,height-580,overlay-toi_sw,pt-32,y_pad-40,resizemode-75,imgsize-73789/74838011.jpg", "publishedAt": "2020-03-26T20:32:28Z", "content": null}, {"source": {"id": "the-times-of-india", "name": "The Times of India"}, "author": "TIMESOFINDIA.COM", "title": "COVID-19: Hrithik's dog asks all to stay home", "description": "Bollywood celebs have been requesting their fans to stay at home to avoid infection of the Novel Coronavirus through their respective social media handles. And now, Hrithik Roshan took to his Instagram to share a picture of his pet dog and he has a message fo\u2026", "url": "https://timesofindia.indiatimes.com/entertainment/hindi/bollywood/news/hrithik-roshans-dog-zane-has-a-message-for-his-fans-on-covid-19/articleshow/74838080.cms", "urlToImage": "https://static.toiimg.com/thumb/msid-74838091,width-1070,height-580,overlay-toi_sw,pt-32,y_pad-40,resizemode-75,imgsize-133067/74838091.jpg", "publishedAt": "2020-03-26T21:43:14Z", "content": null}, {"source": {"id": "the-times-of-india", "name": "The Times of India"}, "author": "TIMESOFINDIA.COM", "title": "Sushmita Sen has found medicine for COVID-19", "description": "A 21-day lockdown has been imposed on India in the wake of Coronavirus pandemic. Celebs have been sharing pictures and videos of how they are spending the quarantine period at their homes. And now, former beauty queen and Bollywood actress Sushmita Sen has fo\u2026", "url": "https://timesofindia.indiatimes.com/entertainment/hindi/bollywood/news/sushmita-sen-has-found-medicine-for-covid-19-and-we-think-it-will-definitely-work/articleshow/74837963.cms", "urlToImage": "https://static.toiimg.com/thumb/msid-74837967,width-1070,height-580,overlay-toi_sw,pt-32,y_pad-40,resizemode-75,imgsize-100564/74837967.jpg", "publishedAt": "2020-03-26T20:25:05Z", "content": null}, {"source": {"id": "the-times-of-india", "name": "The Times of India"}, "author": "TIMESOFINDIA.COM", "title": "COVID-19: Varun says, 'We will overcome this'", "description": "Bollywood celebs have been sharing pictures and videos of how they are spending their time during the lockdown imposed due to Coronavirus outbreak which has brought the world to a standstill.", "url": "https://timesofindia.indiatimes.com/entertainment/hindi/bollywood/news/covid-19-outbreak-varund-dhawan-says-we-will-overcome-this-its-going-to-be-fine-so-do-your-part/articleshow/74838115.cms", "urlToImage": "https://static.toiimg.com/thumb/msid-74838133,width-1070,height-580,overlay-toi_sw,pt-32,y_pad-40,resizemode-75,imgsize-61890/74838133.jpg", "publishedAt": "2020-03-26T22:22:35Z", "content": null}, {"source": {"id": "the-times-of-india", "name": "The Times of India"}, "author": "TNN", "title": "Covid-19: Stars who have donated to help", "description": "Celebs who decided to donate to help out the Telugu states and centre both.", "url": "https://timesofindia.indiatimes.com/entertainment/telugu/movies/news/tollywood-stars-who-have-donated-to-help-with-the-coronavirus-pandemic-so-far/articleshow/74822908.cms", "urlToImage": "https://static.toiimg.com/thumb/msid-74822908,width-1070,height-580,overlay-toi_sw,pt-32,y_pad-40,resizemode-75,imgsize-355517/74822908.jpg", "publishedAt": "2020-03-26T07:06:48Z", "content": "With a lockdown announced across the country for 21 days and citizens being urged to stay home in quarantine and maintain social distancing norms, Tollywood too is urging their fans to stay home and stay safe. \r\nStars have now even begun donating for the CM r\u2026 [+6869 chars]"}, {"source": {"id": "the-times-of-india", "name": "The Times of India"}, "author": "ET Bureau", "title": "Karnataka reports second death due to Covid-19", "description": "The deceased had travel history to Mecca in Saudi Arabia. She also had pre-existing conditions like diabetes, chest pain and hip fracture.  Earlier, the state had reported the death of a 76-year-old man from Kalaburgi who too had travel history to Saudi Arabi\u2026", "url": "https://economictimes.indiatimes.com/news/politics-and-nation/karnataka-reports-second-death-due-to-covid-19/articleshow/74827474.cms", "urlToImage": "https://img.etimg.com/thumb/msid-74827500,width-1070,height-580,imgsize-519572,overlay-economictimes/photo.jpg", "publishedAt": "2020-03-26T09:29:29Z", "content": "BENGALURU: Karnataka reported the second death due to Covid-19 on Thursday. The deceased is a 75-year-old woman from Gauribidanur in Chikkaballapur district.\r\nAlthough the person died on Wednesday, the government confirmed that she was tested positive for Cov\u2026 [+645 chars]"}, {"source": {"id": "the-times-of-india", "name": "The Times of India"}, "author": "AP", "title": "COVID-19 infections near 500,000; European health systems buckle", "description": "Worldwide infections from the new coronavirus were set to top half a million people on Thursday as both Italy and the United States appeared poised to surpass China, where the pandemic began.", "url": "https://economictimes.indiatimes.com/news/international/world-news/covid-19-infections-near-500000-european-health-systems-buckle/articleshow/74830762.cms", "urlToImage": "https://img.etimg.com/thumb/msid-74830728,width-1070,height-580,imgsize-732195,overlay-economictimes/photo.jpg", "publishedAt": "2020-03-26T12:14:18Z", "content": "MADRID: Worldwide infections from the new coronavirus were set to top half a million people on Thursday as both Italy and the United States appeared poised to surpass China, where the pandemic began.\r\nHealth care systems in Europe and New York buckled under t\u2026 [+5733 chars]"}, {"source": {"id": "the-times-of-india", "name": "The Times of India"}, "author": "ET Bureau", "title": "No community transmission proof of Covid-19 yet: Centre", "description": "The Centre has said there is no proof of community transmission so far in India even as the number of Covid-19 cases rose to 606 with 10 reported deaths.", "url": "https://economictimes.indiatimes.com/news/politics-and-nation/no-community-transmission-proof-of-covid-19-yet-centre/articleshow/74821044.cms", "urlToImage": "https://img.etimg.com/thumb/msid-74821036,width-1070,height-580,imgsize-140302,overlay-economictimes/photo.jpg", "publishedAt": "2020-03-26T02:54:38Z", "content": "New Delhi: The Centre has said there is no proof of community transmission so far in India even as the number of Covid-19 cases rose to 606 with 10 reported deaths. The observation is based on an Indian Council of Medical Research (ICMR) study of 2,000 sample\u2026 [+1846 chars]"}, {"source": {"id": "the-times-of-india", "name": "The Times of India"}, "author": "PTI", "title": "Two more Covid-19 cases in Bihar, total count six", "description": "According to Pradip Das, the director of Rajendra Medical Research Institute here, samples were collected of 55 people who had come in contact with a 38-year-old who got infected with the virus and died last Saturday, a day before his test results arrived.", "url": "https://economictimes.indiatimes.com/news/politics-and-nation/two-more-covid-19-cases-in-bihar-total-count-six/articleshow/74825552.cms", "urlToImage": "https://img.etimg.com/thumb/msid-74825557,width-1070,height-580,imgsize-222470,overlay-economictimes/photo.jpg", "publishedAt": "2020-03-26T07:42:35Z", "content": "PATNA: Two residents of Munger district in Bihar tested positive for Covid-19 on Thursday, taking the total number of confirmed cases in the state to six, an official said.\r\nAccording to Pradip Das, the director of Rajendra Medical Research Institute here, sa\u2026 [+211 chars]"}, {"source": {"id": "the-times-of-india", "name": "The Times of India"}, "author": "Rahul Tripathi", "title": "50% of NDRF personnel to be Covid-19 warriors", "description": "NDRF first flagged the threat from the virus, which originated in Wuhan (China), in February and has since then been training personnel at land, seaports and airports to handle inbound passengers and create awareness.", "url": "https://economictimes.indiatimes.com/news/defence/50-of-ndrf-personnel-to-be-covid-19-warriors/articleshow/74820491.cms", "urlToImage": "https://img.etimg.com/thumb/msid-74820497,width-1070,height-580,imgsize-330187,overlay-etdefence/photo.jpg", "publishedAt": "2020-03-26T01:59:18Z", "content": "NEW DELHI: The National Disaster Response Force (NDRF) will equip 600 of its personnel in every battalion to help health workers contain the Covid-19 virus outbreak, said SN Pradhan, its director general.\r\nNDRF first flagged the threat from the virus, which o\u2026 [+1827 chars]"}, {"source": {"id": "the-times-of-india", "name": "The Times of India"}, "author": "ET Bureau", "title": "Slight decline in progression rate of Covid-19 cases: Centre", "description": "The government has also reached out to aanganwaadi workers and Asha workers to orient them on prevention and control measures and conduct community surveillance. \u201cWe are conducting online trainings for them.", "url": "https://economictimes.indiatimes.com/news/politics-and-nation/slight-decline-in-progression-rate-of-cases-centre/articleshow/74836066.cms", "urlToImage": "https://img.etimg.com/thumb/msid-74840550,width-1070,height-580,imgsize-132366,overlay-economictimes/photo.jpg", "publishedAt": "2020-03-26T22:38:54Z", "content": "New Delhi: The Centre on Thursday declared there has been a slight decline in progression rate of Covid-19. It also made the health ministry the sole data provider for Covid-19 cases, ostensibly to remove discrepancies caused by data handling by multiple agen\u2026 [+2029 chars]"}, {"source": {"id": "the-times-of-india", "name": "The Times of India"}, "author": "ET Bureau", "title": "COVID impact: Goyal hears out ecommerce CEOs", "description": "Over the past five days, ecommerce companies have seen their business slow to a crawl as they grapple with local authorities indiscriminately shutting down operations.", "url": "https://economictimes.indiatimes.com/industry/services/retail/goyal-hears-out-ecomm-ceos/articleshow/74836223.cms", "urlToImage": "https://img.etimg.com/thumb/msid-74837146,width-1070,height-580,imgsize-545909,overlay-economictimes/photo.jpg", "publishedAt": "2020-03-26T22:36:53Z", "content": "BENGALURU: Piyush Goyal, Minister of Commerce and Industry, on Thursday interacted with a group of chief executives from ecommerce, food delivery, cash and carry, and logistics companies over video conferencing to understand the issues they were facing, befor\u2026 [+1795 chars]"}, {"source": {"id": "the-times-of-india", "name": "The Times of India"}, "author": "Rachita Prasad", "title": "COVID-19: Construction halt may hurt companies", "description": "Construction work has come to a standstill as the lockdown kicked in, triggering concerns that the companies would see revenues being hurt and may even incur losses on some projects.", "url": "https://economictimes.indiatimes.com/industry/services/property-/-cstruction/covid-19-construction-halt-may-hurt-companies/articleshow/74836731.cms", "urlToImage": "https://img.etimg.com/thumb/msid-74836723,width-1070,height-580,imgsize-950125,overlay-economictimes/photo.jpg", "publishedAt": "2020-03-26T18:05:44Z", "content": "MUMBAI: Construction work has come to a standstill as the lockdown kicked in, triggering concerns that the companies would see revenues being hurt and may even incur losses on some projects.\r\nTypically, January-March is crucial for most construction companies\u2026 [+1635 chars]"}, {"source": {"id": "the-times-of-india", "name": "The Times of India"}, "author": "ET Bureau", "title": "Hackers are using Covid-19 disruption to infiltrate corporate networks", "description": "Due to increased hacker activity, phishing attempts have gone up by three times, and the work from home infrastructure is also under attack.", "url": "https://economictimes.indiatimes.com/tech/internet/hackers-are-using-covid-19-disruption-to-infiltrate-corporate-networks/articleshow/74837213.cms", "urlToImage": "https://img.etimg.com/thumb/msid-74837248,width-1070,height-580,imgsize-245999,overlay-economictimes/photo.jpg", "publishedAt": "2020-03-26T18:54:31Z", "content": "MUMBAI: The number of cyberattacks on Indian companies has doubled in the past few days, as cybercriminals use the disruption brought about by the Covid-19 outbreak to infiltrate corporate networks and steal data, according to a study by PricewaterhouseCooper\u2026 [+2424 chars]"}, {"source": {"id": "the-times-of-india", "name": "The Times of India"}, "author": "Megha Mandavia", "title": "Podcasts find their voice during COVID-19 pandemic", "description": "Indians, stuck at home due to the lockdown induced by the Covid-19 pandemic, are turning to podcasts to keep themselves entertained as they go about their daily chores, giving a boost to the fledgling industry.", "url": "https://economictimes.indiatimes.com/tech/internet/podcasts-find-their-voice-during-pandemic/articleshow/74836198.cms", "urlToImage": "https://img.etimg.com/thumb/msid-74837195,width-1070,height-580,imgsize-859735,overlay-economictimes/photo.jpg", "publishedAt": "2020-03-26T22:36:05Z", "content": "BENGALURU: Arpita Mehta\u2019s daily commute in Mumbai usually involved listening to podcasts on current affairs for about 15-20 minutes. Now, the chartered accountant is relying on podcasts related to history and economics to get through the day, working from hom\u2026 [+1700 chars]"}, {"source": {"id": "the-times-of-india", "name": "The Times of India"}, "author": "ET Bureau", "title": "COVID-19: Karnataka milk supply takes a hit", "description": "In Bengaluru too, the demand has come down after hotels, restaurants and darshinis have temporarily halted their business.", "url": "https://economictimes.indiatimes.com/industry/cons-products/food/covid-19-karnataka-milk-supply-takes-a-hit/articleshow/74837021.cms", "urlToImage": "https://img.etimg.com/thumb/msid-74837027,width-1070,height-580,imgsize-763907,overlay-economictimes/photo.jpg", "publishedAt": "2020-03-26T18:30:31Z", "content": "BENGALURU: The Karnataka Cooperative Milk Federation (KMF), the owner of popular milk-brand Nandini, has scaled down export of milk to the neighbouring states after they sealed borders, throwing up difficulties in reaching the milk to consumers. \r\nThe demand \u2026 [+204 chars]"}, {"source": {"id": "the-times-of-india", "name": "The Times of India"}, "author": "PTI", "title": "More than dozen PSBs announce COVID-19 emergency credit line", "description": "As many as 15 PSBs out of the total 18 government-owned banks till Thursday evening announced schemes to mitigate hardship faced by various segments. Taking the lead, the country's largest lender SBI last week announced an emergency credit line to meet any li\u2026", "url": "https://economictimes.indiatimes.com/industry/banking/finance/banking/more-than-dozen-psbs-announce-covid-19-emergency-credit-line/articleshow/74833180.cms", "urlToImage": "https://img.etimg.com/thumb/msid-74833268,width-1070,height-580,imgsize-738030,overlay-economictimes/photo.jpg", "publishedAt": "2020-03-26T14:24:30Z", "content": "New Delhi: More than a dozen public sector banks out have announced COVID-19 Emergency Credit Line to deal with the hardship faced by various sectors of the economy. \r\nThough public sectors banks (PSBs) were quick to respond with steps to deal with the hardsh\u2026 [+2763 chars]"}, {"source": {"id": "the-times-of-india", "name": "The Times of India"}, "author": "DIVYA RAJAGOPAL", "title": "Covid-19: Forget healing touch, pharma gets it rough", "description": "The national lockdown has hit pharmaceutical companies hard as restrictions on movement of goods and people imposed by the police led to a disruption in their supply chain, potentially blunting India's fight against Covid-19.", "url": "https://economictimes.indiatimes.com/industry/healthcare/biotech/pharmaceuticals/covid-19-forget-healing-touch-pharma-gets-it-rough/articleshow/74820419.cms", "urlToImage": "https://img.etimg.com/thumb/msid-74820412,width-1070,height-580,imgsize-265713,overlay-economictimes/photo.jpg", "publishedAt": "2020-03-26T01:44:34Z", "content": "Mumbai: The national lockdown has hit pharmaceutical companies hard as restrictions on movement of goods and people imposed by the police led to a disruption in their supply chain, potentially blunting India's fight against Covid-19. Industry executives alleg\u2026 [+2117 chars]"}, {"source": {"id": "the-times-of-india", "name": "The Times of India"}, "author": "Anumeha Chaturvedi and Sobia Khan", "title": "More hotels, accomodation spaces earmarked for COVID-19", "description": "At present, nine hotel chains, including Lemon Tree, Radisson Hotels and Intercontinental Hotels Group (IHG), are collectively offering 392 rooms as paid quarantine facilities (in Gurugram), according to the district administration of Gurugram. Their room tar\u2026", "url": "https://economictimes.indiatimes.com/industry/services/hotels-/-restaurants/more-hotels-accomodation-spaces-earmarked-for-covid-19/articleshow/74833702.cms", "urlToImage": "https://img.etimg.com/thumb/msid-74833693,width-1070,height-580,imgsize-409463,overlay-economictimes/photo.jpg", "publishedAt": "2020-03-26T14:53:25Z", "content": "NEW DELHI/BENGALURU: A growing number of hotels and shared-living facilities are being earmarked as potential venues for quarantine and care of the sick, or for accommodating healthcare workers, as efforts intensify to contain the spread of the new coronaviru\u2026 [+3562 chars]"}, {"source": {"id": "the-times-of-india", "name": "The Times of India"}, "author": "ET Bureau", "title": "Covid-19: Goods locked, delivery down, relief in transit", "description": "Retailers in many cities across the country said on Wednesday that staff were stopped and manhandled by police, even as the central government reiterated that essential services should not face disruption from local authorities.", "url": "https://economictimes.indiatimes.com/industry/services/retail/covid-19-goods-locked-delivery-down-relief-in-transit/articleshow/74820335.cms", "urlToImage": "https://img.etimg.com/thumb/msid-74820331,width-1070,height-580,imgsize-208963,overlay-economictimes/photo.jpg", "publishedAt": "2020-03-26T01:26:05Z", "content": "New Delhi | Kolkata | Mumbai: Retailers in many cities across the country said on Wednesday that staff were stopped and manhandled by police, even as the central government reiterated that essential services should not face disruption from local authorities. \u2026 [+2996 chars]"}, {"source": {"id": "the-times-of-india", "name": "The Times of India"}, "author": "PTI", "title": "COVID-19: In a bid to decongest, Punjab to release 6,000 prisoners from jails across state", "description": "With a view to decongest state prisons in the wake of the COVID-19 pandemic, Punjab is going to release around 6,000 prisoners from all the jails across the state.", "url": "https://economictimes.indiatimes.com/news/politics-and-nation/covid-19-in-a-bid-to-decongest-punjab-to-release-6000-prisoners-from-jails-across-state/articleshow/74837092.cms", "urlToImage": "https://img.etimg.com/thumb/msid-74837065,width-1070,height-580,imgsize-374573,overlay-economictimes/photo.jpg", "publishedAt": "2020-03-26T18:34:04Z", "content": "CHANDIGARH: With a view to decongest state prisons in the wake of the COVID-19 pandemic, Punjab is going to release around 6,000 prisoners from all the jails across the state. \r\nDisclosing this here on Thursday, jails minister Sukhjinder Singh Randhawa said c\u2026 [+241 chars]"}, {"source": {"id": "the-times-of-india", "name": "The Times of India"}, "author": "PTI", "title": "Two new COVID-19 cases in Maharashtra; tally rises to 124", "description": "Till Tuesday, 2,988 people were admitted to isolation wards of hospitals since January 18, while 932 persons were in hospital quarantine for suspected exposure to the virus.", "url": "https://economictimes.indiatimes.com/news/politics-and-nation/two-new-covid-19-cases-in-maharashtra-tally-rises-to-124/articleshow/74823011.cms", "urlToImage": "https://img.etimg.com/thumb/msid-74823015,width-1070,height-580,imgsize-246486,overlay-economictimes/photo.jpg", "publishedAt": "2020-03-26T05:27:07Z", "content": "MUMBAI: The total number of COVID-19 cases in Maharashtra has gone up to 124 as two more persons tested coronavirus positive on Thursday, health officials said.\r\n\"Both are from Mumbai city. We are finding out if they have any travel history,\" an official said\u2026 [+249 chars]"}, {"source": {"id": "the-times-of-india", "name": "The Times of India"}, "author": "PTI", "title": "Four new COVID-19 cases in Gujarat; tally rises to 43", "description": "The number of COVID-19 patients in Gujarat rose to 43 with four more coronavirus cases reported in the state during the last 24 hours, a senior health official said on Thursday.", "url": "https://economictimes.indiatimes.com/news/politics-and-nation/four-new-covid-19-cases-in-gujarat-tally-rises-to-43/articleshow/74824959.cms", "urlToImage": "https://img.etimg.com/thumb/msid-74824948,width-1070,height-580,imgsize-140302,overlay-economictimes/photo.jpg", "publishedAt": "2020-03-26T07:12:24Z", "content": "The number of COVID-19 patients in Gujarat rose to 43 with four more coronavirus cases reported in the state during the last 24 hours, a senior health official said on Thursday. One new case each has been reported from Ahmedabad, Surat, Gandhinagar and Bhavna\u2026 [+216 chars]"}, {"source": {"id": "the-times-of-india", "name": "The Times of India"}, "author": "PTI", "title": "Extending closures in Wuhan may prevent second wave of COVID-19: Study", "description": "In the study, researchers, including those from the London School of Hygiene & Tropical Medicine in the UK, used mathematical modelling to estimate that by lifting these control measures in March, a second wave of cases may occur in late August.  However, the\u2026", "url": "https://economictimes.indiatimes.com/news/international/world-news/extending-closures-in-wuhan-may-prevent-second-wave-of-covid-19-study/articleshow/74823641.cms", "urlToImage": "https://img.etimg.com/thumb/msid-74823716,width-1070,height-580,imgsize-559235,overlay-economictimes/photo.jpg", "publishedAt": "2020-03-26T06:01:15Z", "content": "London: Extending school and workplace closures till April, rather than March in the epicentre of the COVID-19 pandemic, the Chinese city of Wuhan, can likely delay a second wave of cases until later in the year, relieving pressure on health services, accordi\u2026 [+5206 chars]"}, {"source": {"id": "the-times-of-india", "name": "The Times of India"}, "author": "PTI", "title": "Covid-19: Exchanges cut hours for commodity trading till 5 pm", "description": "Leading stock exchanges BSE and NSE on Thursday cut down trading hours for commodities derivative segment till 5 pm, instead of current practice of allowing it up till mid-night, in the wake of coronavirus pandemic.", "url": "https://timesofindia.indiatimes.com/business/india-business/covid-19-exchanges-cut-hours-for-commodity-trading-till-5-pm/articleshow/74832937.cms", "urlToImage": "https://static.toiimg.com/thumb/msid-74832926,width-1070,height-580,imgsize-87894,resizemode-75,overlay-toi_sw,pt-32,y_pad-40/photo.jpg", "publishedAt": "2020-03-26T13:49:07Z", "content": "Subscribe\r\nStart Your Daily Mornings with Times of India Newspaper!Order Now"}, {"source": {"id": "the-times-of-india", "name": "The Times of India"}, "author": "TNN", "title": "FY21 GDP growth may crash to 3-decade low on Covid-19", "description": "he impact of the coronavirus pandemic and the consequent 21-day countrywide lockdown will push India\u2019s GDP growth to 2.6% for FY21, the lowest in nearly three decades, according to an estimate released by SBI group chief economic adviser Soumya Kanti Ghosh. M\u2026", "url": "https://timesofindia.indiatimes.com/business/india-business/fy21-gdp-growth-may-crash-to-3-decade-low-on-covid-19/articleshow/74837011.cms", "urlToImage": "https://static.toiimg.com/thumb/msid-74843886,width-1070,height-580,imgsize-178576,resizemode-75,overlay-toi_sw,pt-32,y_pad-40/photo.jpg", "publishedAt": "2020-03-26T22:10:00Z", "content": "Subscribe\r\nStart Your Daily Mornings with Times of India Newspaper!Order Now"}, {"source": {"id": "the-times-of-india", "name": "The Times of India"}, "author": "ET Online", "title": "Day 2 of lockdown: Sitharaman announces new relief measures as covid cases spike", "description": "After first easing tax deadlines and business regulations, Finance Minister Nirmala Sitharaman announced a Rs 1.7 lakh crore relief package for the poor today. India's case count spiked to 650, with 13 casualties being reported so far.", "url": "https://economictimes.indiatimes.com/news/politics-and-nation/day-2-of-lockdown-sitharaman-announces-new-relief-measures-as-covid-cases-spike/articleshow/74829567.cms", "urlToImage": "https://img.etimg.com/thumb/msid-74829628,width-1070,height-580,imgsize-560396,overlay-economictimes/photo.jpg", "publishedAt": "2020-03-26T11:13:37Z", "content": "After first easing tax deadlines and business regulations, Finance Minister Nirmala Sitharaman announced a Rs 1.7 lakh crore relief package for the poor today.\r\nIndia's case count spiked to 650, with 13 casualties being reported so far.\r\nMeanwhile, SpiceJet a\u2026 [+5095 chars]"}, {"source": {"id": "the-times-of-india", "name": "The Times of India"}, "author": "PTI", "title": "Covid-19: Drones used to enforce lockdown, more booked for violating prohibitory orders", "description": "Drones were deployed to warn people against breaching restrictions and more booked for the violations on the second day of the three-week coronavirus lockdown on Thursday", "url": "https://economictimes.indiatimes.com/news/politics-and-nation/covid-19-drones-used-to-enforce-lockdown-more-booked-for-violating-prohibitory-orders/articleshow/74831906.cms", "urlToImage": "https://img.etimg.com/thumb/msid-74831880,width-1070,height-580,imgsize-866458,overlay-economictimes/photo.jpg", "publishedAt": "2020-03-26T13:14:51Z", "content": "NEW DELHI: Drones were deployed to warn people against breaching restrictions and more booked for the violations on the second day of the three-week coronavirus lockdown on Thursday, as central and state authorities ramped up measures to ensure there was no s\u2026 [+4813 chars]"}, {"source": {"id": "the-times-of-india", "name": "The Times of India"}, "author": "ANI", "title": "Pakistan army forcibly moving Covid-19 positive patients to PoK and Gilgit", "description": "Amid strong protests by locals, the Pakistan army has started to move Covid -19 positive patients from Punjab province to Pakistan occupied Kashmir (PoK) and Gilgit Baltistan - the two most marginalised areas under Pakistani occupation.", "url": "https://economictimes.indiatimes.com/news/defence/pakistan-army-forcibly-moving-covid-19-positive-patients-to-pok-and-gilgit/articleshow/74833499.cms", "urlToImage": "https://img.etimg.com/thumb/msid-74827326,width-1070,height-580,imgsize-48892,overlay-etdefence/photo.jpg", "publishedAt": "2020-03-26T14:40:57Z", "content": "MIRPUR: Amid strong protests by locals, the Pakistan army has started to move Covid -19 positive patients from Punjab province to Pakistan occupied Kashmir (PoK) and Gilgit Baltistan - the two most marginalised areas under Pakistani occupation.\r\nSources in PO\u2026 [+2396 chars]"}, {"source": {"id": "the-times-of-india", "name": "The Times of India"}, "author": "PTI", "title": "Restrictions intensified in Kashmir following detection of 4 more COVID-19 cases; total no. 11", "description": "Of the eight persons who had earlier tested positive for COVID-19 in Jammu and Kashmir, one died on Thursday. They added that the authorities tightened the curbs across the valley as four more positive cases -- all from Bandipora district -- were detected on \u2026", "url": "https://economictimes.indiatimes.com/news/politics-and-nation/restrictions-intensified-in-kashmir-following-detection-of-4-more-covid-19-cases-total-no-11/articleshow/74822842.cms", "urlToImage": "https://img.etimg.com/thumb/msid-74823054,width-1070,height-580,imgsize-328537,overlay-economictimes/photo.jpg", "publishedAt": "2020-03-26T05:28:53Z", "content": "SRINAGAR: The restrictions on the movement and assembly of people to contain the spread of the coronavirus were intensified in Kashmir on Thursday, in the wake of four more positive cases detected in the valley on Wednesday, taking the total number of affecte\u2026 [+1470 chars]"}, {"source": {"id": "the-times-of-india", "name": "The Times of India"}, "author": "PTI", "title": "'New portable COVID-19 test can give results in 50 minutes'", "description": "The new molecular test could be used to process 16 samples at a time -- or up to 384 samples if using a lab-based detection machine. The kit works by sequencing the genetic material (RNA) from a throat swab sample using a rapid three minute RNA extraction. Mo\u2026", "url": "https://economictimes.indiatimes.com/news/science/new-portable-covid-19-test-can-give-results-in-50-minutes/articleshow/74822964.cms", "urlToImage": "https://img.etimg.com/thumb/msid-74822945,width-1070,height-580,imgsize-107829,overlay-economictimes/photo.jpg", "publishedAt": "2020-03-26T05:25:02Z", "content": "LONDON: Researchers in the UK have designed a portable smartphone-based coronavirus testing kit which they say can provide results for COVD-19 in just 50 minutes after taking a throat swab.\r\nMost current tests take 24-48 hours to provide results because they \u2026 [+1513 chars]"}, {"source": {"id": "the-times-of-india", "name": "The Times of India"}, "author": "PTI", "title": "COVID-19: DPIIT to monitor real-time status of transport, delivery of essential commodities", "description": "Grivances can be emailed to \"controlroom-dpiit@gov.in\" or informed through telephone (011-23062487). This number will be functional from 8am to 6pm.", "url": "https://economictimes.indiatimes.com/news/economy/policy/covid-19-dpiit-to-monitor-real-time-status-of-transport-delivery-of-essential-commodities/articleshow/74822623.cms", "urlToImage": "https://img.etimg.com/thumb/msid-74822788,width-1070,height-580,imgsize-247837,overlay-economictimes/photo.jpg", "publishedAt": "2020-03-26T05:13:09Z", "content": "NEW DELHI: The Department for Promotion of Industry and Internal Trade (DPIIT) has set up a control room to monitor in real-time the status of transportation and delivery of essential commodities amid the coronavirus lockdown in the country.\r\nIt will also mon\u2026 [+1209 chars]"}, {"source": {"id": "the-times-of-india", "name": "The Times of India"}, "author": "ET Bureau", "title": "Covid-19: Bengaluru South MP launches helpline", "description": "As part of the Task Force, he launched a helpline 99464 99464 for citizens to avail assistance. The helpline will be able to assist senior citizens and the economically weaker sections procure food, groceries and medicines. It will also provide emergency non-\u2026", "url": "https://economictimes.indiatimes.com/news/politics-and-nation/covid-19-bengaluru-south-mp-launches-helpline/articleshow/74833809.cms", "urlToImage": "https://img.etimg.com/thumb/msid-74834301,width-1070,height-580,imgsize-152924,overlay-economictimes/photo.jpg", "publishedAt": "2020-03-26T15:31:10Z", "content": "Bengaluru: Bengaluru South MP Tejasvi Surya on Thursday launched a Bengaluru South Coronavirus Task Force, in association with Bengaluru South and Bengaluru South-East Division Police to respond to the needs of senior citizens and vulnerable sections of the c\u2026 [+2114 chars]"}, {"source": {"id": "the-times-of-india", "name": "The Times of India"}, "author": "PTI", "title": "Warm, humid climate linked to slower COVID-19 transmission: MIT Study", "description": "Warm and humid weather is linked to slower spread of the novel coronavirus, according to a study which suggests that Asian countries experiencing monsoon may experience lesser transmission of the virus.", "url": "https://economictimes.indiatimes.com/news/science/warm-humid-climate-linked-to-slower-covid-19-transmission-mit-study/articleshow/74825064.cms", "urlToImage": "https://img.etimg.com/thumb/msid-74825042,width-1070,height-580,imgsize-140302,overlay-economictimes/photo.jpg", "publishedAt": "2020-03-26T07:17:09Z", "content": "A warm and humid weather is linked to slower spread of the novel coronavirus, according to a study which suggests that Asian countries experiencing monsoon may experience lesser transmission of the virus. The scientists, including Qasim Bukhari from the Massa\u2026 [+1445 chars]"}, {"source": {"id": "the-times-of-india", "name": "The Times of India"}, "author": "Bikash Singh", "title": "COVID-19: Owners evicting health staff to face criminal cases, says Assam Minister", "description": "The Assam government has told the police to file a criminal case against landlords asking doctors and paramedic staff fighting the COVIC-19 outbreak to vacate their apartments.", "url": "https://economictimes.indiatimes.com/news/politics-and-nation/covid-19-owners-evicting-health-staff-to-face-criminal-cases-says-assam-minister/articleshow/74836979.cms", "urlToImage": "https://img.etimg.com/thumb/msid-74836972,width-1070,height-580,imgsize-724504,overlay-economictimes/photo.jpg", "publishedAt": "2020-03-26T18:22:50Z", "content": "GUWAHATI: The Assam government has told the police to file a criminal case against landlords asking doctors and paramedic staff fighting the COVIC-19 outbreak to vacate their apartments.\r\n\u201cWe have asked the police to file a criminal case against such apartmen\u2026 [+672 chars]"}, {"source": {"id": "the-times-of-india", "name": "The Times of India"}, "author": "Ashutosh Shyam", "title": "Makers of potential Covid drugs, testing cos may draw investors", "description": "Cadila has 32 per cent market share in API hydroxychloroquine in the US.", "url": "https://economictimes.indiatimes.com/markets/stocks/news/makers-of-potential-covid-drugs-testing-cos-may-draw-investors/articleshow/74823255.cms", "urlToImage": "https://img.etimg.com/thumb/msid-74823323,width-1070,height-580,imgsize-180651,overlay-etmarkets/photo.jpg", "publishedAt": "2020-03-26T05:52:27Z", "content": "ET Intelligence Group: Even as India Inc stares at a significant earnings downgrade following the outbreak of Covid-19 and the subsequent one-month lockdown in the country, investors may focus on select companies in the pharmaceuticals and corporate services \u2026 [+2239 chars]"}, {"source": {"id": "the-times-of-india", "name": "The Times of India"}, "author": "PTI", "title": "India and US collaborating on combating COVID-19: Ambassador Sandhu", "description": "\"In the present context of COVID-19 pandemic, close collaboration in the areas of diagnostics and therapeutics of the disease is underway,\" India's Ambassador to the US, Taranjit Singh Sandhu said.", "url": "https://economictimes.indiatimes.com/news/politics-and-nation/india-and-us-collaborating-on-combating-covid-19-ambassador-sandhu/articleshow/74823096.cms", "urlToImage": "https://img.etimg.com/thumb/msid-74823202,width-1070,height-580,imgsize-582854,overlay-economictimes/photo.jpg", "publishedAt": "2020-03-26T05:31:17Z", "content": "Washington: India and the US are working together on combating the deadly coronavirus and collaboration is underway in the areas of diagnostics and therapeutics of the disease, which so far has taken the lives of more than 20,000 people globally, according to\u2026 [+3258 chars]"}, {"source": {"id": "the-times-of-india", "name": "The Times of India"}, "author": "Prashant Krar", "title": "Haryana reserves 25 percent beds for Covid-19 patients", "description": "Haryana Government has asked all government, government aided and private medical colleges in the State to reserve at least 25 per cent of the beds and create exclusive COVID-19 hospitals. It was informed that adequate stock of N-95 masks and personal protect\u2026", "url": "https://economictimes.indiatimes.com/news/politics-and-nation/haryana-reserves-25-percent-beds-for-covid-19-patients/articleshow/74831041.cms", "urlToImage": "https://img.etimg.com/thumb/msid-74831082,width-1070,height-580,imgsize-705670,overlay-economictimes/photo.jpg", "publishedAt": "2020-03-26T12:32:03Z", "content": "Chandigarh: While intensifying the efforts to combat COVID-19, the Haryana Government has asked all government, government aided and private medical colleges in the State to reserve at least 25 per cent of the beds and create exclusive COVID-19 hospitals. \r\nA\u2026 [+872 chars]"}, {"source": {"id": "the-times-of-india", "name": "The Times of India"}, "author": "Devina Sengupta", "title": "COVID-19: Offline retailers urge FM, NBFCs to allow delays in EMI payments", "description": "The industry body represents 1.50 lakh mobile retailers who may be unable to pay their monthly instalments and interest towards credit cards, vehicle loan, home loan and business loans taken by them. A similar letter highlighting the concerns of the mobile re\u2026", "url": "https://economictimes.indiatimes.com/industry/banking/finance/covid-19-offline-retailers-urge-fm-nbfcs-to-allow-delays-in-emi-payments/articleshow/74829695.cms", "urlToImage": "https://img.etimg.com/thumb/msid-74829742,width-1070,height-580,imgsize-119589,overlay-economictimes/photo.jpg", "publishedAt": "2020-03-26T11:22:23Z", "content": "MUMBAI: Offline retailers have urged finance minister Nirmala Sitharaman to allow delays in the monthly instalment payments for loans with the trade in dire straits because of the lock down amidst Covid -19 pandemic. \r\n\"It would be of great help to at least d\u2026 [+1508 chars]"}, {"source": {"id": "the-times-of-india", "name": "The Times of India"}, "author": "PTI", "title": "Nearly 70 drugs that may be effective against Covid-19 identified: Scientists", "description": "Around 332 human proteins were found to interact with the SARS-CoV-2 viral proteins, the researchers, including Advait Subramanian, Srivats Venkataramanan, and Jyoti Batra, all from University of California, San Francisco (UCSF) in the US, said.", "url": "https://economictimes.indiatimes.com/industry/healthcare/biotech/pharmaceuticals/nearly-70-drugs-that-may-be-effective-against-covid-19-identified-scientists/articleshow/74830082.cms", "urlToImage": "https://img.etimg.com/thumb/msid-74830117,width-1070,height-580,imgsize-712392,overlay-economictimes/photo.jpg", "publishedAt": "2020-03-26T11:41:03Z", "content": "New Delhi: An international team, including scientists of Indian origin, has identified 69 drugs and experimental compounds which may be effective in treating COVID-19.\r\nAccording to the researchers, some of the medications are already used to treat diseases \u2026 [+2078 chars]"}]}