{"status": "ok", "totalResults": 45, "articles": [{"source": {"id": "the-times-of-india", "name": "The Times of India"}, "author": null, "title": "Covid-19 live: 'No community transmission yet'", "description": "A 76-year-old man in Karnataka became the first coronavirus fatality in India. The total number of cases in India is now over 70. In other parts of the world, Italy and Spain reported a surge in fatalities in the last couple of days, while US put a ban on tra\u2026", "url": "http://timesofindia.indiatimes.com/india/coronavirus-outbreak-india-live-updates-13-march-2020/articleshow/74602285.cms", "urlToImage": null, "publishedAt": "2020-03-12T19:10:12Z", "content": null}, {"source": {"id": "the-times-of-india", "name": "The Times of India"}, "author": "TNN", "title": "Nagpur: 5 Covid-19 suspects escape, 3 traced", "description": "In a late night development, police said that three men and two women coronavirus suspects allegedly fled from the Indira Gandhi Government Medical College and Hospital (Mayo) on Friday.", "url": "https://timesofindia.indiatimes.com/city/nagpur/coronavirus-in-nagpur-5-covid-19-suspects-escape-from-mayo-3-traced/articleshow/74620092.cms", "urlToImage": "https://static.toiimg.com/thumb/msid-74620185,width-1070,height-580,imgsize-67430,resizemode-75,overlay-toi_sw,pt-32,y_pad-40/photo.jpg", "publishedAt": "2020-03-12T23:34:00Z", "content": "Copyright \u00a9 2020 Bennett, Coleman &amp; Co. Ltd. All rights reserved. For reprint rights: Times Syndication Service"}, {"source": {"id": "the-times-of-india", "name": "The Times of India"}, "author": null, "title": "COVID 19: Delhi schools, colleges shut till Mar 31", "description": "Education News: NEW DELHI: Delhi chief minister Arvind Kejiriwal on Thursday announced that schools and colleges in the national capital where exams are not being hel.", "url": "https://timesofindia.indiatimes.com/home/education/news/delhi-schools-colleges-closed-till-march-31-in-view-of-coronavirus-pandemic/articleshow/74595258.cms", "urlToImage": "https://static.toiimg.com/thumb/msid-74595265,width-1070,height-580,imgsize-164473,resizemode-75,overlay-toi_sw,pt-32,y_pad-40/photo.jpg", "publishedAt": "2020-03-12T11:45:49Z", "content": null}, {"source": {"id": "the-times-of-india", "name": "The Times of India"}, "author": "Reuters", "title": "Wuhan logs single-digit new Covid-19 cases", "description": "China's coronavirus epidemic has passed its peak, its top health commission said on Thursday, as it logged just eight new infections in Hubei province, the first time the epicentre of the outbreak recorded a daily tally of less than 10.", "url": "https://timesofindia.indiatimes.com/world/china/china-says-coronavirus-peak-has-passed-as-epicentre-logs-single-digit-new-cases/articleshow/74591686.cms", "urlToImage": "https://static.toiimg.com/thumb/msid-74591687,width-1070,height-580,imgsize-191926,resizemode-75,overlay-toi_sw,pt-32,y_pad-40/photo.jpg", "publishedAt": "2020-03-12T08:25:06Z", "content": "Copyright \u00a9 2020 Bennett, Coleman &amp; Co. Ltd. All rights reserved. For reprint rights: Times Syndication Service"}, {"source": {"id": "the-times-of-india", "name": "The Times of India"}, "author": null, "title": "Live: SAARC leaders should chalk out plan to fight COVID-19, PM says", "description": "A 76-year-old man in Karnataka became the first coronavirus fatality in India. The total number of cases in the country has now crossed 70. In other parts of the world, Italy and Spain reported a surge in fatalities in the last couple of days and have imposed\u2026", "url": "http://timesofindia.indiatimes.com/india/coronavirus-in-india-live-news-updates-no-ipl-matches-in-delhi-total-cases-rise-to-75-in-india/articleshow/74602285.cms", "urlToImage": null, "publishedAt": "2020-03-12T19:10:12Z", "content": null}, {"source": {"id": "the-times-of-india", "name": "The Times of India"}, "author": "TNN", "title": "K'taka elderly is India's first Covid-19 fatality; had travelled to Saudi", "description": "The man had a travel history to Saudi Arabia and died while being brought from a Hyderabad hospital to Kalaburagi on March 10. His throat swab samples had been received at a Bengaluru lab only on March 11. He had left for Mecca on pilgrimage on January 29. He\u2026", "url": "https://timesofindia.indiatimes.com/india/karnataka-man-76-is-indias-first-covid-19-fatality/articleshow/74602387.cms", "urlToImage": "https://static.toiimg.com/thumb/msid-74602492,width-1070,height-580,imgsize-93179,resizemode-75,overlay-toi_sw,pt-32,y_pad-40/photo.jpg", "publishedAt": "2020-03-12T19:17:24Z", "content": "Copyright \u00a9 2020 Bennett, Coleman &amp; Co. Ltd. All rights reserved. For reprint rights: Times Syndication Service"}, {"source": {"id": "the-times-of-india", "name": "The Times of India"}, "author": "PTI", "title": "Those revealing identity of COVID-19 patients to face action", "description": "Taking cognisance of a complaint from a relative of a Pune-based patient, who tested positive for COVID-19, divisional commissioner Deepak Mhaisekar said police have been asked to monitor social media posts and take appropriate action in such matters.", "url": "https://economictimes.indiatimes.com/news/politics-and-nation/those-revealing-identity-of-covid-19-patients-to-face-action/articleshow/74590731.cms", "urlToImage": "https://img.etimg.com/thumb/msid-74590802,width-1070,height-580,imgsize-598575,overlay-economictimes/photo.jpg", "publishedAt": "2020-03-12T07:32:25Z", "content": "Pune: Authorities in Pune have warned of penal action against those who reveal the identity of patients testing positive for coronavirus on social media platforms.\r\nTaking cognisance of a complaint from a relative of a Pune-based patient, who tested positive \u2026 [+1471 chars]"}, {"source": {"id": "the-times-of-india", "name": "The Times of India"}, "author": "Dipanjan Roy Chaudhury", "title": "China to roll out warship even as it battles Covid-19", "description": "China to roll out warship even as it battles Covid-19The second Type 075 amphibious assault ship, being built in Hudong Zhonghua shipyard in Shanghai, is about to be launched, as its construction, including the hull and flight deck, is already complete, accor\u2026", "url": "https://economictimes.indiatimes.com/news/defence/china-to-roll-out-warship-even-as-it-battles-covid-19/articleshow/74587189.cms", "urlToImage": "https://img.etimg.com/thumb/msid-74587206,width-1070,height-580,imgsize-401742,overlay-etdefence/photo.jpg", "publishedAt": "2020-03-12T03:53:43Z", "content": "NEW DELHI: China has been focusing on expanding its navy in recent weeks to counter Taiwan, even as it has been battling the Covid-19 outbreak which engulfed much of the country beyond the epicentre of Wuhan.\r\nChinese state-run media reported that the country\u2026 [+1755 chars]"}, {"source": {"id": "the-times-of-india", "name": "The Times of India"}, "author": "Aditi Shrivastava", "title": "Covid-19: Growth and late-stage financing rounds under virus attack", "description": "Covid-19: Growth and late-stage financing rounds under virus attackDomestic startups, in funding talks with Asian investors, have put the process on hold.", "url": "https://economictimes.indiatimes.com/small-biz/startups/newsbuzz/covid-19-growth-and-late-stage-financing-rounds-under-virus-attack/articleshow/74586389.cms", "urlToImage": "https://img.etimg.com/thumb/msid-74586380,width-1070,height-580,imgsize-96814,overlay-etrise/photo.jpg", "publishedAt": "2020-03-12T02:41:55Z", "content": "Bengaluru: Growth and late-stage financing rounds for startups in India are likely to take a hit, as fear mounts that the impact of the Covid-19 virus outbreak could stretch beyond a few months, analysts, investors, and founders told ET.\r\nDomestic startups th\u2026 [+3413 chars]"}, {"source": {"id": "the-times-of-india", "name": "The Times of India"}, "author": "PTI", "title": "Will take one-and-a-half to two years for India to develop vaccine for COVID-19: Health Ministry", "description": "The novel coronavirus has affected 73 people in India, including 17 foreign nationals. The 17 affected foreign nationals include 16 Italians and a Canadian patient. The health ministry on Thursday asked people not to panic in the wake of increasing number of \u2026", "url": "https://economictimes.indiatimes.com/news/politics-and-nation/will-take-one-and-a-half-to-two-years-for-india-to-develop-vaccine-for-covid-19-health-ministry/articleshow/74597044.cms", "urlToImage": "https://img.etimg.com/thumb/msid-74597035,width-1070,height-580,imgsize-96767,overlay-economictimes/photo.jpg", "publishedAt": "2020-03-12T13:22:49Z", "content": "NEW DELHI: Senior health ministry officials said on Thursday that it will take around one-and-a-half to two years for India to develop a vaccine for novel coronavirus even with expedited clinical trials.\r\nThe novel coronavirus has affected 73 people in the co\u2026 [+1685 chars]"}, {"source": {"id": "the-times-of-india", "name": "The Times of India"}, "author": "TNN", "title": "Covid-19: Govt may end Lok Sabha session before schedule", "description": "India News: NEW DELHI: With the government discussing ways to contain the spread of coronavirus in the country, BJD MP Pinaki Misra appealed to Speaker Om Birla o.", "url": "https://timesofindia.indiatimes.com/india/covid-19-govt-may-end-lok-sabha-session-before-schedule/articleshow/74603016.cms", "urlToImage": "https://static.toiimg.com/thumb/msid-74603017,width-1070,height-580,imgsize-98165,resizemode-75,overlay-toi_sw,pt-32,y_pad-40/photo.jpg", "publishedAt": "2020-03-12T23:31:37Z", "content": "Copyright \u00a9 2020 Bennett, Coleman &amp; Co. Ltd. All rights reserved. For reprint rights: Times Syndication Service"}, {"source": {"id": "the-times-of-india", "name": "The Times of India"}, "author": "PTI", "title": "Kerala assembly adopts resolution against Centre's ciruclar for Indians from Covid-19 hit nations", "description": "India News: THIRUVANANTHAPURAM: The Kerala assembly on Thursday passed a unanimous resolution against the Centre's circular barring the return of Indians from cor.", "url": "https://timesofindia.indiatimes.com/india/kerala-assembly-adopts-resolution-against-centres-ciruclar-for-indians-from-covid-19-hit-nations/articleshow/74592749.cms", "urlToImage": "https://static.toiimg.com/thumb/msid-74594514,width-1070,height-580,imgsize-323203,resizemode-75,overlay-toi_sw,pt-32,y_pad-40/photo.jpg", "publishedAt": "2020-03-12T10:51:21Z", "content": "Copyright \u00a9 2020 Bennett, Coleman &amp; Co. Ltd. All rights reserved. For reprint rights: Times Syndication Service"}, {"source": {"id": "the-times-of-india", "name": "The Times of India"}, "author": "ET Bureau", "title": "Covid-19 impact: Buyers chicken out; demand drops 60%", "description": "Farmers are resorting to panic sales even as they seek government assistance as the Covid-19 crisis is more widespread than the bird flu outbreak of 2006, which was restricted to western parts of the country.", "url": "https://economictimes.indiatimes.com/news/economy/agriculture/covid-19-impact-buyers-chicken-out-demand-drops-60/articleshow/74586893.cms", "urlToImage": "https://img.etimg.com/thumb/msid-74586846,width-1070,height-580,imgsize-253198,overlay-etmarkets/photo.jpg", "publishedAt": "2020-03-12T03:20:03Z", "content": "PUNE: Farm-gate chicken prices have dropped by about 60% to an average of about Rs 30/kg in south India from Rs 72.50/kg in January after rumours on social media linking chicken consumption with Covid-19.\r\nFarmers are resorting to panic sales even as they see\u2026 [+2695 chars]"}, {"source": {"id": "the-times-of-india", "name": "The Times of India"}, "author": "ET Bureau", "title": "Covid-19 impact: Buyers chicken out; demand drops 60%", "description": "Farmers are resorting to panic sales even as they seek government assistance as the Covid-19 crisis is more widespread than the bird flu outbreak of 2006, which was restricted to western parts of the country.", "url": "https://economictimes.indiatimes.com/news/economy/agriculture/covid-19-impact-buyers-chicken-out-demand-drops-60/articleshow/74586871.cms", "urlToImage": "https://img.etimg.com/thumb/msid-74586846,width-1070,height-580,imgsize-253198,overlay-economictimes/photo.jpg", "publishedAt": "2020-03-12T03:20:03Z", "content": "PUNE: Farm-gate chicken prices have dropped by about 60% to an average of about Rs 30/kg in south India from Rs 72.50/kg in January after rumours on social media linking chicken consumption with Covid-19.\r\nFarmers are resorting to panic sales even as they see\u2026 [+2695 chars]"}, {"source": {"id": "the-times-of-india", "name": "The Times of India"}, "author": "PTI", "title": "Haryana government declares COVID-19 an epidemic", "description": "\"COVID-19 declared epidemic in Haryana,\" Health minister Anil Vij said in a tweet.", "url": "https://economictimes.indiatimes.com/news/politics-and-nation/haryana-government-declares-covid-19-an-epidemic/articleshow/74590029.cms", "urlToImage": "https://img.etimg.com/thumb/msid-74590019,width-1070,height-580,imgsize-356299,overlay-economictimes/photo.jpg", "publishedAt": "2020-03-12T06:48:57Z", "content": "CHANDIGARH: The Haryana government on Thursday declared the contagious coronavirus infection an epidemic.\r\n\"COVID-19 declared epidemic in Haryana,\" Health minister Anil Vij said in a tweet.\r\nAccording to the state Health Department, 44 samples of suspected ca\u2026 [+133 chars]"}, {"source": {"id": "the-times-of-india", "name": "The Times of India"}, "author": "AFP", "title": "Brazilian who met Trump tests positive for COVID-19", "description": "Fabio Wajngarten, chief spokesman for the Brazilian government, traveled with Bolsonaro last Saturday to Tuesday to the United States, where the far-right leader -- who has been dubbed a \"Tropical Trump\" -- met with his US counterpart. Wajngarten developed fl\u2026", "url": "https://economictimes.indiatimes.com/news/international/world-news/brazilian-who-met-trump-tests-positive-for-covid-19/articleshow/74599805.cms", "urlToImage": "https://img.etimg.com/thumb/msid-74600820,width-1070,height-580,imgsize-100350,overlay-economictimes/photo.jpg", "publishedAt": "2020-03-12T17:33:43Z", "content": "BRASILIA: Brazilian President Jair Bolsonaro's communications chief, who met Donald Trump last weekend at his Florida resort, has tested positive for the new coronavirus, the government said Thursday.\r\nFabio Wajngarten, chief spokesman for the Brazilian gover\u2026 [+1965 chars]"}, {"source": {"id": "the-times-of-india", "name": "The Times of India"}, "author": "AFP", "title": "COVID-19 is a 'controllable pandemic': WHO chief", "description": "The new coronavirus outbreak \"is a controllable pandemic\" if countries step up measures to tackle it, the head of the World Health Organization said on Thursday.", "url": "https://economictimes.indiatimes.com/news/international/world-news/covid-19-is-a-controllable-pandemic-who-chief/articleshow/74594751.cms", "urlToImage": "https://img.etimg.com/thumb/msid-74594719,width-1070,height-580,imgsize-657579,overlay-economictimes/photo.jpg", "publishedAt": "2020-03-12T11:19:44Z", "content": "GENEVA: The new coronavirus outbreak \"is a controllable pandemic\" if countries step up measures to tackle it, the head of the World Health Organization said on Thursday.\r\n\"We are deeply concerned that some countries are not approaching this threat with the le\u2026 [+149 chars]"}, {"source": {"id": "the-times-of-india", "name": "The Times of India"}, "author": "Anuj Tiwari", "title": "COVID-19", "description": "The total number of confirmed Coronavirus cases in India is 73, Keeping in mind the spread of coronavirus in India the Delhi government has passed a directive to shut down schools, colleges and cinema halls till 31st March 2020.", "url": "https://www.indiatimes.com/trending/human-interest/states-hit-by-coronavirus-in-india-508274.html", "urlToImage": "https://im.indiatimes.in/content/2020/Mar/bigimage_5e6a22cab1d2a.jpg", "publishedAt": "2020-03-12T11:06:08Z", "content": "The total number of confirmed Coronavirus cases in India is 73, Keeping in mind the spread of coronavirus in India the Delhi government has passed a directive to shut down schools, colleges and cinema halls till 31st March 2020.\r\nIndia imposed stringent trave\u2026 [+554 chars]"}, {"source": {"id": "the-times-of-india", "name": "The Times of India"}, "author": "PTI", "title": "Covid 19: China suspends expeditions on its side of Mt Everest", "description": "India News: BEIJING: China suspended foreign expeditions on the north side of Mount Everest in Tibet during the spring climbing season of 2020 due to the coronavi.", "url": "https://timesofindia.indiatimes.com/india/coronavirus-china-suspends-foreign-expeditions-on-its-side-of-mt-everest/articleshow/74600279.cms", "urlToImage": "https://static.toiimg.com/thumb/msid-74600850,width-1070,height-580,imgsize-322274,resizemode-75,overlay-toi_sw,pt-32,y_pad-40/photo.jpg", "publishedAt": "2020-03-12T17:16:28Z", "content": "Copyright \u00a9 2020 Bennett, Coleman &amp; Co. Ltd. All rights reserved. For reprint rights: Times Syndication Service"}, {"source": {"id": "the-times-of-india", "name": "The Times of India"}, "author": "Writankar Mukherjee and Sharmistha Mukherjee", "title": "Covid-19 outbreak: Supply in parts, delays in full", "description": "Screening of all cargo vessels coming from the 12 worst-affected Covid-19 countries outside Indian ports may delay the supplies of parts for cars, smartphones, televisions and home appliances and some finished electronic items to ensure that members of the cr\u2026", "url": "https://economictimes.indiatimes.com/industry/transportation/shipping-/-transport/covid-19-outbreak-supply-in-parts-delays-in-full/articleshow/74585701.cms", "urlToImage": "https://img.etimg.com/thumb/msid-74585756,width-1070,height-580,imgsize-138057,overlay-economictimes/photo.jpg", "publishedAt": "2020-03-12T01:34:27Z", "content": "KOLKATA|NEW DELHI: Supplies of parts for cars, smartphones, televisions and home appliances and some finished electronic items may be further delayed by a few days after the government ordered screening of all cargo vessels coming from the 12 worst-affected C\u2026 [+1917 chars]"}, {"source": {"id": "the-times-of-india", "name": "The Times of India"}, "author": "Mihir Mishra", "title": "Covid-19: Airlines in trouble on visa suspension order", "description": "Domestic and international airline operations are expected to be seriously dented by the travel restrictions imposed by the government late on Wednesday.", "url": "https://economictimes.indiatimes.com/industry/transportation/airlines-/-aviation/covid-19-airlines-in-trouble-on-visa-suspension-order/articleshow/74586095.cms", "urlToImage": "https://img.etimg.com/thumb/msid-74586086,width-1070,height-580,imgsize-517967,overlay-economictimes/photo.jpg", "publishedAt": "2020-03-12T02:13:36Z", "content": "NEW DELHI: Domestic and international airline operations are expected to be seriously dented by the travel restrictions imposed by the government late on Wednesday. Airline sources, both domestic and international, said keeping operations afloat only with Ind\u2026 [+482 chars]"}, {"source": {"id": "the-times-of-india", "name": "The Times of India"}, "author": "DIVYA RAJAGOPAL", "title": "ICMR\u2019s 30 influenza sites to test for Covid-19 cases", "description": "The move comes as India\u2019s next step after riskbased screening, that is checking those who have travelled to countries with high prevalence of the disease, or identifying people who have encountered those who are potentially infected.", "url": "https://economictimes.indiatimes.com/industry/healthcare/biotech/healthcare/icmrs-30-influenza-sites-to-test-for-covid-19-cases/articleshow/74589230.cms", "urlToImage": "https://img.etimg.com/thumb/msid-74589278,width-1070,height-580,imgsize-620986,overlay-economictimes/photo.jpg", "publishedAt": "2020-03-12T06:06:59Z", "content": "MUMBAI: About 30 influenza testing sites run by the Indian Council of Medical Research (ICMR) will soon start testing for Covid-19 as well, a move that experts termed a starting point for expanding tracking of potentially infected people and containing the sp\u2026 [+1081 chars]"}, {"source": {"id": "the-times-of-india", "name": "The Times of India"}, "author": "AP", "title": "Covid-19: World walls off as leaders warn viral pandemic will worsen", "description": "People around the world became increasingly closed off from one another Thursday as sweeping travel bans accelerated, walling regions apart as a viral pandemic unfolds and financial markets plunge.", "url": "https://economictimes.indiatimes.com/news/international/world-news/covid-19-world-walls-off-as-leaders-warn-viral-pandemic-will-worsen/articleshow/74594109.cms", "urlToImage": "https://img.etimg.com/thumb/msid-74594087,width-1070,height-580,imgsize-311711,overlay-economictimes/photo.jpg", "publishedAt": "2020-03-12T10:44:20Z", "content": "BANGKOK: People around the world became increasingly closed off from one another Thursday as sweeping travel bans accelerated, walling regions apart as a viral pandemic unfolds and financial markets plunge.\r\nIt was an outbreak moving, at once, both glacially \u2026 [+4564 chars]"}, {"source": {"id": "the-times-of-india", "name": "The Times of India"}, "author": "PTI", "title": "Covid-19: Where are we supposed to go, ask Indians at airports in Italy", "description": "Small children and pregnant women are among the 300-odd stranded Indians in the airports in Italy, where 827 people have died in the last two weeks due to coronavirus.", "url": "https://economictimes.indiatimes.com/news/politics-and-nation/covid-19-where-are-we-supposed-to-go-ask-indians-at-airports-in-italy/articleshow/74593839.cms", "urlToImage": "https://img.etimg.com/thumb/msid-74593865,width-1070,height-580,imgsize-142089,overlay-economictimes/photo.jpg", "publishedAt": "2020-03-12T10:32:13Z", "content": "THIRUVANANTHAPURAM: \"Where are we supposed to go?,\" a woman, stranded at an airport in Italy, who had booked her tickets to Kerala, was heard saying in a video which has gone viral in the social media.\r\nMany like her stranded at airports in Italy can be heard\u2026 [+3732 chars]"}, {"source": {"id": "the-times-of-india", "name": "The Times of India"}, "author": "PTI", "title": "Kerala assembly adopts resolution against Centre's circular for Indians from COVID-19 hit nations", "description": "The circular stipulated that people \"travelling from or having visited Italy or South Korea\" and desirous of entering India \"need to obtain certificates of having tested negative for COVID-19\" from the designated laboratories authorised by the health authorit\u2026", "url": "https://economictimes.indiatimes.com/news/politics-and-nation/kerala-assembly-adopts-resolution-against-centres-circular-for-indians-from-covid-19-hit-nations/articleshow/74593918.cms", "urlToImage": "https://img.etimg.com/thumb/msid-74594090,width-1070,height-580,imgsize-545055,overlay-economictimes/photo.jpg", "publishedAt": "2020-03-12T10:34:49Z", "content": "Thiruvananthapuram: The Kerala Assembly on Thursday passed a unanimous resolution against the Centre's circular barring the return of Indians from coronavirus-hit countries such as Italy unless they produce a certificate that proves they have tested negative \u2026 [+3041 chars]"}, {"source": {"id": "the-times-of-india", "name": "The Times of India"}, "author": "PTI", "title": "Covid-19: Foreign players not available for IPL till April 15 due to fresh visa restrictions", "description": "No foreign player will be available for this year's IPL till April 15 due to visa restrictions imposed by the government to contain the novel coronavirus threat, a top BCCI source told PTI on Thursday, casting fresh doubts on the fate of the event.", "url": "https://economictimes.indiatimes.com/news/sports/covid-19-foreign-players-not-available-for-ipl-till-april-15-due-to-fresh-visa-restrictions/articleshow/74589200.cms", "urlToImage": "https://img.etimg.com/thumb/msid-74589190,width-1070,height-580,imgsize-621004,overlay-economictimes/photo.jpg", "publishedAt": "2020-03-12T06:02:25Z", "content": "NEW DELHI: No foreign player will be available for this year's IPL till April 15 due to visa restrictions imposed by the government to contain the novel coronavirus threat, a top BCCI source told PTI on Thursday, casting fresh doubts on the fate of the event.\u2026 [+785 chars]"}, {"source": {"id": "the-times-of-india", "name": "The Times of India"}, "author": "PTI", "title": "Covid-19: Initial focus to bring back Indian pilgrims stranded in Iran, says Jaishankar", "description": "External Affairs Minister S Jaishankar on Thursday said the initial focus is to bring back Indian pilgrims stranded in Iran, which is grappling with cases of coronavirus.", "url": "https://economictimes.indiatimes.com/news/politics-and-nation/covid-19-initial-focus-to-bring-back-indian-pilgrims-stranded-in-iran-says-jaishankar/articleshow/74591162.cms", "urlToImage": "https://img.etimg.com/thumb/msid-74591140,width-1070,height-580,imgsize-545157,overlay-economictimes/photo.jpg", "publishedAt": "2020-03-12T07:55:34Z", "content": "NEW DELHI: External Affairs Minister S Jaishankar on Thursday said the initial focus is to bring back Indian pilgrims stranded in Iran, which is grappling with cases of coronavirus.\r\nThe outbreak of coronavirus is a \"matter of concern\" and \"we need to respond\u2026 [+453 chars]"}, {"source": {"id": "the-times-of-india", "name": "The Times of India"}, "author": "PTI", "title": "Paralympic Committee of India puts national and state events on hold due to COVID-19 threat", "description": "The Paralympic Committee of India (PCI) was scheduled to host national para-athletics championship in Mysore from March 26-28 and national swimming championship from March 28-20 in Bengaluru. But now it has decided to put on hold all national and state champi\u2026", "url": "https://economictimes.indiatimes.com/news/sports/paralympic-committee-of-india-puts-national-and-state-events-on-hold-due-to-covid-19-threat/articleshow/74590223.cms", "urlToImage": "https://img.etimg.com/thumb/msid-74590233,width-1070,height-580,imgsize-621732,overlay-economictimes/photo.jpg", "publishedAt": "2020-03-12T07:05:12Z", "content": "New Delhi: The Paralympic Committee of India (PCI) on Thursday decided to put on hold all national and state championships till April 15, keeping in mind government directions to avoid large gatherings in the wake of the novel coronavirus outbreak.\r\nThe PCI w\u2026 [+1128 chars]"}, {"source": {"id": "the-times-of-india", "name": "The Times of India"}, "author": "Krishna Thevar", "title": "Covid-19: Maharashtra to allow IPL matches only in empty stadiums", "description": "The state Cabinet on Wednesday unanimously agreed that the state should host IPL matches only if the organisers bar spectators from viewing the match in the stadium, people privy to the development said.", "url": "https://economictimes.indiatimes.com/news/sports/covid-19-maharashtra-to-allow-ipl-matches-only-in-empty-stadiums/articleshow/74589767.cms", "urlToImage": "https://img.etimg.com/thumb/msid-74589777,width-1070,height-580,imgsize-1222000,overlay-economictimes/photo.jpg", "publishedAt": "2020-03-12T06:33:18Z", "content": "MUMBAI: Maharashtra will allow the upcoming Indian Premier League (IPL) matches to be played in the state only if stadiums are off-limits to spectators in the wake of increasing Covid-19 cases in the country.\r\nThe state Cabinet on Wednesday unanimously agreed\u2026 [+1296 chars]"}, {"source": {"id": "the-times-of-india", "name": "The Times of India"}, "author": "Mihir Mishra", "title": "Covid-19: Seven ministries to set up quarantine facilities", "description": "The government has drawn up a comprehensive plan to deal with a possible intensification of the coronavirus outbreak with seven ministries working together to help establish facilities to quarantine as well as treat people infected with Covid-19.", "url": "https://economictimes.indiatimes.com/news/politics-and-nation/covid-19-seven-ministries-to-set-up-quarantine-facilities/articleshow/74586054.cms", "urlToImage": "https://img.etimg.com/thumb/msid-74586046,width-1070,height-580,imgsize-119237,overlay-economictimes/photo.jpg", "publishedAt": "2020-03-12T02:06:46Z", "content": "New Delhi: The government has drawn up a comprehensive plan to deal with a possible intensification of the coronavirus outbreak with seven ministries working together to help establish facilities to quarantine as well as treat people infected with Covid-19. T\u2026 [+2304 chars]"}, {"source": {"id": "the-times-of-india", "name": "The Times of India"}, "author": "PTI", "title": "COVID-19 hits India-South Africa series; Lucknow, Kolkata ODIs likely to be played behind closed doors", "description": "The sports ministry has issued an advisory that in case it's unavoidable to postpone a sporting event, then it is preferable that it be conducted without a large public gathering.  The remaining two one-dayers between India and South Africa are likely to be p\u2026", "url": "https://economictimes.indiatimes.com/news/sports/covid-19-hits-india-south-africa-series-lucknow-kolkata-odis-likely-to-be-played-behind-closed-doors/articleshow/74595683.cms", "urlToImage": "https://img.etimg.com/thumb/msid-74595684,width-1070,height-580,imgsize-289431,overlay-economictimes/photo.jpg", "publishedAt": "2020-03-12T12:06:30Z", "content": "NEW DELHI: The remaining two one-dayers between India and South Africa are likely to be played in empty stadiums in Lucknow and Kolkata due to the dreaded novel coronavirus pandemic.\r\nThe matches are scheduled to be held in March 15 (Lucknow) and March 18 (Ko\u2026 [+384 chars]"}, {"source": {"id": "the-times-of-india", "name": "The Times of India"}, "author": "PTI", "title": "IPL behind close doors? Ministry tells NSFs, including BCCI, to shut out crowds due to COVID-19", "description": "The BCCI kept mum but the Sports Ministry on Thursday dropped hints that the IPL could be held in empty stadiums due to the COVID-19 pandemic even as foreign players were ruled out of the glitzy event till April 15 following government-imposed travel restrict\u2026", "url": "https://economictimes.indiatimes.com/news/sports/ipl-behind-close-doors-ministry-tells-nsfs-including-bcci-to-shut-out-crowds-due-to-covid-19/articleshow/74593404.cms", "urlToImage": "https://img.etimg.com/thumb/msid-74593613,width-1070,height-580,imgsize-812765,overlay-economictimes/photo.jpg", "publishedAt": "2020-03-12T10:18:07Z", "content": "NEW DELHI/DHARAMSALA: The BCCI kept mum but the Sports Ministry on Thursday dropped hints that the IPL could be held in empty stadiums due to the COVID-19 pandemic even as foreign players were ruled out of the glitzy event till April 15 following government-i\u2026 [+2365 chars]"}, {"source": {"id": "the-times-of-india", "name": "The Times of India"}, "author": "Anumeha Chaturvedi", "title": "COVID-19: Hotels conduct temperature screenings of guests, staff, ramp up safety measures", "description": "Hotel chains in India, including Marriott, the Oberoi Group and Indian Hotels Co. Ltd., have started checking the temperature of incoming guests and staff across the country, besides undertaking other revamped safety and sanitisation measures", "url": "https://economictimes.indiatimes.com/industry/services/hotels-/-restaurants/covid-19-hotels-conduct-temperature-screenings-of-guests-staff-ramp-up-safety-measures/articleshow/74587219.cms", "urlToImage": "https://img.etimg.com/thumb/msid-74587221,width-1070,height-580,imgsize-1068117,overlay-economictimes/photo.jpg", "publishedAt": "2020-03-12T03:56:59Z", "content": "NEW DELHI: Hotel chains in India, including Marriott, the Oberoi Group and Indian Hotels Co. Ltd., have started checking the temperature of incoming guests and staff across the country, besides undertaking other revamped safety and sanitisation measures after\u2026 [+3029 chars]"}, {"source": {"id": "the-times-of-india", "name": "The Times of India"}, "author": "PTI", "title": "Covid-19: No near-term threat to pharma cos' credit profile'", "description": "If the virus outbreak isn't contained over the next three months, supply disruption is likely to be far greater than that in FY17, resulting in pressures on cash flows for players. But the pressure will be less on API players. Given the low degree of backward\u2026", "url": "https://economictimes.indiatimes.com/industry/healthcare/biotech/pharmaceuticals/covid-19-no-near-term-threat-to-pharma-cos-credit-profile/articleshow/74596562.cms", "urlToImage": "https://img.etimg.com/thumb/msid-74596552,width-1070,height-580,imgsize-385067,overlay-economictimes/photo.jpg", "publishedAt": "2020-03-12T12:55:52Z", "content": "MUMBAI: The Covid-19 pandemic is unlikely to hit credit profiles of domestic pharma companies in the near-term, despite their heavy reliance on Chinese ingredients and intermediates, says a report.\r\nThe domestic pharma industry imports almost 70 per cent of i\u2026 [+2265 chars]"}, {"source": {"id": "the-times-of-india", "name": "The Times of India"}, "author": "Times Of India", "title": "Covid-19: Flipkart\u2019s move aims to test readiness", "description": "In what is one of the biggest moves to prepare against the steady spread of Covid-19, online retailer Flipkart has made it mandatory for all its staff in Bengaluru, in its largest campus located in an office park in Bellandur, to work from home for three days\u2026", "url": "https://timesofindia.indiatimes.com/city/bengaluru/coronavirus-scare-flipkarts-move-aims-to-test-preparedness-in-bengaluru/articleshow/74587300.cms", "urlToImage": "https://static.toiimg.com/thumb/msid-74587307,width-1070,height-580,imgsize-115055,resizemode-75,overlay-toi_sw,pt-32,y_pad-40/photo.jpg", "publishedAt": "2020-03-12T03:44:07Z", "content": "Copyright \u00a9 2020 Bennett, Coleman &amp; Co. Ltd. All rights reserved. For reprint rights: Times Syndication Service"}, {"source": {"id": "the-times-of-india", "name": "The Times of India"}, "author": "TNN", "title": "Covid-19: Global music gigs cancelled in B'luru", "description": "Globally, the impact of Covid-19 is leading to cancellation or postponement of big-ticket music festivals. Closer home, Bengaluru too is seeing an impact with concerts featuring international artistes being cancelled or postponed. The biggest one being Americ\u2026", "url": "https://timesofindia.indiatimes.com/city/bengaluru/global-music-gigs-cancelled-in-bengaluru-amid-coronavirus-scare/articleshow/74587349.cms", "urlToImage": "https://static.toiimg.com/thumb/msid-74587363,width-1070,height-580,imgsize-257002,resizemode-75,overlay-toi_sw,pt-32,y_pad-40/photo.jpg", "publishedAt": "2020-03-12T03:57:11Z", "content": "Copyright \u00a9 2020 Bennett, Coleman &amp; Co. Ltd. All rights reserved. For reprint rights: Times Syndication Service"}, {"source": {"id": "the-times-of-india", "name": "The Times of India"}, "author": "ET Bureau", "title": "COVID-19 Impact: Talent demand dips", "description": "The projects/infrastructure sector noted the sharpest dip in the month-on-month talent demand followed by petrochemicals/oil and gas, export/import/merchandising and logistics & warehousing sectors that also registered a decline in the talent demand.", "url": "https://economictimes.indiatimes.com/jobs/covid-19-impact-talent-demand-dips/articleshow/74594913.cms", "urlToImage": "https://img.etimg.com/thumb/msid-74594894,width-1070,height-580,imgsize-61889,overlay-economictimes/photo.jpg", "publishedAt": "2020-03-12T11:26:38Z", "content": "New Delhi: COVID-19 grips the job market with most sectors registering a drop in month-on-month talent demand, according to TimesJobs RecruiteX. \r\nTimesJobs RecruiteX , a monthly recruitment index indicates that while most sectors have registered a fall, the \u2026 [+1124 chars]"}, {"source": {"id": "the-times-of-india", "name": "The Times of India"}, "author": "TNN", "title": "Covid-19: Rs 2L fake sanitizers seized in Mumbai", "description": "FDA carried out raids between Wednesday and Thursday on companies making fake sanitizers that offered no real germ-killing properties. The teams found that several herbal products have flooded the market.", "url": "https://timesofindia.indiatimes.com/city/mumbai/rs-2-lakh-fake-sanitizers-seized-in-mumbai/articleshow/74603022.cms", "urlToImage": "https://static.toiimg.com/thumb/msid-74603032,width-1070,height-580,imgsize-139868,resizemode-75,overlay-toi_sw,pt-32,y_pad-40/photo.jpg", "publishedAt": "2020-03-12T23:37:03Z", "content": "Copyright \u00a9 2020 Bennett, Coleman &amp; Co. Ltd. All rights reserved. For reprint rights: Times Syndication Service"}, {"source": {"id": "the-times-of-india", "name": "The Times of India"}, "author": "TNN", "title": "Covid-19: More private testing labs in Mumbai?", "description": "The most common question being asked in the city is where can one get oneself tested for the novel coronavirus. People want testing to be available at their neighborhood diagnostic laboratories, but given the recent emergence of the virus, there are not enoug\u2026", "url": "https://timesofindia.indiatimes.com/city/mumbai/coronavirus-scare-maharashtra-to-seek-nod-for-more-private-testing-labs-in-mumbai/articleshow/74603036.cms", "urlToImage": "https://static.toiimg.com/thumb/msid-74603039,width-1070,height-580,imgsize-122203,resizemode-75,overlay-toi_sw,pt-32,y_pad-40/photo.jpg", "publishedAt": "2020-03-12T23:42:32Z", "content": "Copyright \u00a9 2020 Bennett, Coleman &amp; Co. Ltd. All rights reserved. For reprint rights: Times Syndication Service"}, {"source": {"id": "the-times-of-india", "name": "The Times of India"}, "author": "TNN", "title": "Mum: Senior citizen couple tests +ve for Covid-19", "description": "An elderly couple became the first novel coronavirus patients of the city when they tested positive for the virus at Kasturba Hospital on Wednesday. The 70-year-old male and his 68-year-old wife had travelled to Dubai with the Pune couple who tested positive \u2026", "url": "https://timesofindia.indiatimes.com/city/mumbai/coronavirus-infected-mumbai-couple-are-senior-citizens/articleshow/74585382.cms", "urlToImage": "https://static.toiimg.com/thumb/msid-74585384,width-1070,height-580,imgsize-376761,resizemode-75,overlay-toi_sw,pt-32,y_pad-40/photo.jpg", "publishedAt": "2020-03-12T00:07:32Z", "content": "Copyright \u00a9 2020 Bennett, Coleman &amp; Co. Ltd. All rights reserved. For reprint rights: Times Syndication Service"}, {"source": {"id": "the-times-of-india", "name": "The Times of India"}, "author": "PTI", "title": "Covid-19: India needs to get into vaccine production in a big way, says Kiran Mazumdar-Shaw", "description": "The CMD of Biocon also the government to rope in the private sector to boost diagnostic capacity to deal with the COVID-19 cases. \"Now we realise that it cannot be contained so easily,\" she said on the WHO's assessment that COVID-19 can be characterised as a \u2026", "url": "https://economictimes.indiatimes.com/industry/healthcare/biotech/covid-19-india-needs-to-get-into-vaccine-production-in-a-big-way-says-kiran-mazumdar-shaw/articleshow/74594164.cms", "urlToImage": "https://img.etimg.com/thumb/msid-74594204,width-1070,height-580,imgsize-636400,overlay-economictimes/photo.jpg", "publishedAt": "2020-03-12T10:47:01Z", "content": "Bengaluru: India should step up research on communicable diseases and get into vaccine production in a big way, says biotechnology industry veteran Kiran Mazumdar-Shaw in the backdrop of the coronavirus outbreak globally. The Chairman and Managing Director of\u2026 [+3645 chars]"}, {"source": {"id": "the-times-of-india", "name": "The Times of India"}, "author": "Bobins Abraham", "title": "Masks Shortage, Lack Of Training: What Hospital Staff Attending Covid-19 Patients Going Through", "description": "On Thursday, the total number of Covid-19 cases in India reached 73. Over 1,500 people are under observation across India and a total of 10,57,506 passengers have been screened at airports.", "url": "https://www.indiatimes.com/news/india/masks-shortage-lack-of-training-what-hospital-staff-attending-covid-19-patients-going-through-508271.html", "urlToImage": "https://im.indiatimes.in/content/2020/Mar/FBImage8_5e6a1fbe3f3ff.jpg", "publishedAt": "2020-03-12T11:50:23Z", "content": "Since the beginning of this month when the Union Health Ministry announced that three new cases of coronavirus (Covid-19) have been confirmed in India, making the total number of cases till then to six, there is much confusion in the country over the outbreak\u2026 [+2608 chars]"}, {"source": {"id": "the-times-of-india", "name": "The Times of India"}, "author": "Bloomberg", "title": "Covid-19: Twitter makes working from home mandatory for employees globally", "description": "The steps taken by the social media giant mirror responses across the U.S. tech industry, with Microsoft Corp. and others committing to pay hourly workers unable to do their on-site jobs and also urging those who can to switch to working remotely.", "url": "https://economictimes.indiatimes.com/news/international/business/covid-19-twitter-makes-working-from-home-mandatory-for-employees-globally/articleshow/74588167.cms", "urlToImage": "https://img.etimg.com/thumb/msid-74588157,width-1070,height-580,imgsize-558012,overlay-economictimes/photo.jpg", "publishedAt": "2020-03-12T05:05:08Z", "content": "Twitter Inc. escalated its coronavirus response by mandating that all employees must work from home, having previously only recommended the practice. The San Francisco-based company has more than 35 offices around the world, with its Hong Kong, Japan and Sout\u2026 [+921 chars]"}, {"source": {"id": "the-times-of-india", "name": "The Times of India"}, "author": null, "title": "Health ministry's COVID 19 advisory leaves Indian badminton stars in dark", "description": "In the wake of health ministry's new advisory related to COVID 19, Indian badminton stars such as Parupalli Kashyap, Saina Nehwal have been put under dark and are left searching for answers.", "url": "https://timesofindia.indiatimes.com/sports/badminton/health-ministrys-covid-19-advisory-leaves-indian-badminton-stars-in-dark/articleshow/74596871.cms", "urlToImage": "https://static.toiimg.com/thumb/msid-74596890,width-1070,height-580,imgsize-1688032,resizemode-75,overlay-toi_sw,pt-32,y_pad-40/photo.jpg", "publishedAt": "2020-03-12T12:54:58Z", "content": null}, {"source": {"id": "the-times-of-india", "name": "The Times of India"}, "author": "ET Bureau", "title": "Covid-19 scare: Cautious India Inc asks staff to work from home", "description": "As Covid-19 infections spread, many companies \u2014 from big corporations to startups to technology MNCs \u2014 are asking employees to stay home and avoid unnecessary travel.  Internet commerce companies ranging from Flipkart and Snapdeal to Paytm and Uber are aggres\u2026", "url": "https://economictimes.indiatimes.com/news/company/corporate-trends/cautious-india-inc-asks-staff-to-work-from-home/articleshow/74602430.cms", "urlToImage": "https://img.etimg.com/thumb/msid-74603437,width-1070,height-580,imgsize-286049,overlay-economictimes/photo.jpg", "publishedAt": "2020-03-12T23:18:34Z", "content": "BENGALURU | NEW DELHI | MUMBAI: Some of India\u2019s largest corporations, a swathe of startups and technology multinationals are asking employees to work from home even as the country reported nearly a dozen new cases of Covid-19 infections on Thursday.\r\nAmong th\u2026 [+4218 chars]"}]}